{"type":"FeatureCollection","features":[{"type":"Feature","geometry":{"type":"Point","coordinates":[-108.4795,40.2124]},"properties":{"s":9.5,"pub":true}},{"type":"Feature","geometry":{"type":"Point","coordinates":[-108.4795,40.2182]},"properties":{"s":9.5,"pub":true}},{"type":"Feature","geometry":{"type":"Point","coordinates":[-108.4795,40.224]},"properties":{"s":9.5,"pub":true}},{"type":"Feature","geometry":{"type":"Point","coordinates":[-108.472,40.2182]},"properties":{"s":9.5,"pub":true}},{"type":"Feature","geometry":{"type":"Point","coordinates":[-108.472,40.224]},"properties":{"s":9.5,"pub":true}},{"type":"Feature","geometry":{"type":"Point","coordinates":[-108.472,40.2298]},"properties":{"s":9.5,"pub":true}},{"type":"Feature","geometry":{"type":"Point","coordinates":[-108.472,40.2356]},"properties":{"s":9.5,"pub":true}},{"type":"Feature","geometry":{"type":"Point","coordinates":[-108.4645,40.2182]},"properties":{"s":9.5,"pub":true}},{"type":"Feature","geometry":{"type":"Point","coordinates":[-108.4645,40.224]},"properties":{"s":9.5,"pub":true}},{"type":"Feature","geometry":{"type":"Point","coordinates":[-108.4645,40.2298]},"properties":{"s":9.5,"pub":true}},{"type":"Feature","geometry":{"type":"Point","coordinates":[-108.4645,40.2356]},"properties":{"s":9.5,"pub":true}},{"type":"Feature","geometry":{"type":"Point","coordinates":[-108.4645,40.2414]},"properties":{"s":9.5,"pub":true}},{"type":"Feature","geometry":{"type":"Point","coordinates":[-108.457,40.2182]},"properties":{"s":9.5,"pub":true}},{"type":"Feature","geometry":{"type":"Point","coordinates":[-108.457,40.224]},"properties":{"s":9.5,"pub":true}},{"type":"Feature","geometry":{"type":"Point","coordinates":[-108.457,40.2298]},"properties":{"s":9.5,"pub":true}},{"type":"Feature","geometry":{"type":"Point","coordinates":[-108.457,40.2356]},"properties":{"s":9.5,"pub":true}},{"type":"Feature","geometry":{"type":"Point","coordinates":[-108.457,40.2414]},"properties":{"s":9.5,"pub":true}},{"type":"Feature","geometry":{"type":"Point","coordinates":[-108.457,40.2472]},"properties":{"s":9.5,"pub":true}},{"type":"Feature","geometry":{"type":"Point","coordinates":[-108.4495,40.2182]},"properties":{"s":9.5,"pub":true}},{"type":"Feature","geometry":{"type":"Point","coordinates":[-108.4495,40.224]},"properties":{"s":9.5,"pub":true}},{"type":"Feature","geometry":{"type":"Point","coordinates":[-108.4495,40.2298]},"properties":{"s":9.5,"pub":true}},{"type":"Feature","geometry":{"type":"Point","coordinates":[-108.4495,40.2356]},"properties":{"s":9.5,"pub":true}},{"type":"Feature","geometry":{"type":"Point","coordinates":[-108.4495,40.2414]},"properties":{"s":9.5,"pub":true}},{"type":"Feature","geometry":{"type":"Point","coordinates":[-108.4495,40.2472]},"properties":{"s":9.5,"pub":true}},{"type":"Feature","geometry":{"type":"Point","coordinates":[-108.4495,40.253]},"properties":{"s":9.5,"pub":true}},{"type":"Feature","geometry":{"type":"Point","coordinates":[-108.4495,40.456]},"properties":{"s":52.4,"pub":false}},{"type":"Feature","geometry":{"type":"Point","coordinates":[-108.442,40.2182]},"properties":{"s":9.5,"pub":true}},{"type":"Feature","geometry":{"type":"Point","coordinates":[-108.442,40.224]},"properties":{"s":9.5,"pub":true}},{"type":"Feature","geometry":{"type":"Point","coordinates":[-108.442,40.2298]},"properties":{"s":9.5,"pub":true}},{"type":"Feature","geometry":{"type":"Point","coordinates":[-108.442,40.2356]},"properties":{"s":9.5,"pub":true}},{"type":"Feature","geometry":{"type":"Point","coordinates":[-108.442,40.2414]},"properties":{"s":9.5,"pub":true}},{"type":"Feature","geometry":{"type":"Point","coordinates":[-108.442,40.2472]},"properties":{"s":9.5,"pub":true}},{"type":"Feature","geometry":{"type":"Point","coordinates":[-108.442,40.253]},"properties":{"s":9.5,"pub":true}},{"type":"Feature","geometry":{"type":"Point","coordinates":[-108.442,40.2588]},"properties":{"s":9.5,"pub":true}},{"type":"Feature","geometry":{"type":"Point","coordinates":[-108.442,40.456]},"properties":{"s":38.1,"pub":false}},{"type":"Feature","geometry":{"type":"Point","coordinates":[-108.4345,40.224]},"properties":{"s":9.5,"pub":true}},{"type":"Feature","geometry":{"type":"Point","coordinates":[-108.4345,40.2298]},"properties":{"s":9.5,"pub":true}},{"type":"Feature","geometry":{"type":"Point","coordinates":[-108.4345,40.2356]},"properties":{"s":9.5,"pub":true}},{"type":"Feature","geometry":{"type":"Point","coordinates":[-108.4345,40.2414]},"properties":{"s":9.5,"pub":true}},{"type":"Feature","geometry":{"type":"Point","coordinates":[-108.4345,40.2472]},"properties":{"s":9.5,"pub":true}},{"type":"Feature","geometry":{"type":"Point","coordinates":[-108.4345,40.253]},"properties":{"s":9.5,"pub":true}},{"type":"Feature","geometry":{"type":"Point","coordinates":[-108.4345,40.2588]},"properties":{"s":9.5,"pub":true}},{"type":"Feature","geometry":{"type":"Point","coordinates":[-108.4345,40.4618]},"properties":{"s":38.1,"pub":false}},{"type":"Feature","geometry":{"type":"Point","coordinates":[-108.4345,40.4676]},"properties":{"s":38.1,"pub":false}},{"type":"Feature","geometry":{"type":"Point","coordinates":[-108.4345,40.4734]},"properties":{"s":38.1,"pub":false}},{"type":"Feature","geometry":{"type":"Point","coordinates":[-108.4345,40.4792]},"properties":{"s":52.4,"pub":false}},{"type":"Feature","geometry":{"type":"Point","coordinates":[-108.427,40.224]},"properties":{"s":9.5,"pub":true}},{"type":"Feature","geometry":{"type":"Point","coordinates":[-108.427,40.2298]},"properties":{"s":9.5,"pub":true}},{"type":"Feature","geometry":{"type":"Point","coordinates":[-108.427,40.2356]},"properties":{"s":9.5,"pub":true}},{"type":"Feature","geometry":{"type":"Point","coordinates":[-108.427,40.2414]},"properties":{"s":9.5,"pub":true}},{"type":"Feature","geometry":{"type":"Point","coordinates":[-108.427,40.2472]},"properties":{"s":9.5,"pub":true}},{"type":"Feature","geometry":{"type":"Point","coordinates":[-108.427,40.253]},"properties":{"s":9.5,"pub":true}},{"type":"Feature","geometry":{"type":"Point","coordinates":[-108.427,40.2588]},"properties":{"s":9.5,"pub":true}},{"type":"Feature","geometry":{"type":"Point","coordinates":[-108.427,40.2646]},"properties":{"s":9.5,"pub":true}},{"type":"Feature","geometry":{"type":"Point","coordinates":[-108.427,40.2704]},"properties":{"s":9.5,"pub":true}},{"type":"Feature","geometry":{"type":"Point","coordinates":[-108.427,40.4618]},"properties":{"s":38.1,"pub":false}},{"type":"Feature","geometry":{"type":"Point","coordinates":[-108.427,40.4676]},"properties":{"s":38.1,"pub":false}},{"type":"Feature","geometry":{"type":"Point","coordinates":[-108.427,40.4734]},"properties":{"s":38.1,"pub":false}},{"type":"Feature","geometry":{"type":"Point","coordinates":[-108.427,40.4792]},"properties":{"s":9.5,"pub":false}},{"type":"Feature","geometry":{"type":"Point","coordinates":[-108.427,40.485]},"properties":{"s":9.5,"pub":false}},{"type":"Feature","geometry":{"type":"Point","coordinates":[-108.427,40.4908]},"properties":{"s":9.5,"pub":false}},{"type":"Feature","geometry":{"type":"Point","coordinates":[-108.427,40.4966]},"properties":{"s":9.5,"pub":false}},{"type":"Feature","geometry":{"type":"Point","coordinates":[-108.427,40.514]},"properties":{"s":9.5,"pub":false}},{"type":"Feature","geometry":{"type":"Point","coordinates":[-108.427,40.5198]},"properties":{"s":9.5,"pub":false}},{"type":"Feature","geometry":{"type":"Point","coordinates":[-108.4195,40.224]},"properties":{"s":9.5,"pub":true}},{"type":"Feature","geometry":{"type":"Point","coordinates":[-108.4195,40.2356]},"properties":{"s":9.5,"pub":true}},{"type":"Feature","geometry":{"type":"Point","coordinates":[-108.4195,40.2414]},"properties":{"s":9.5,"pub":true}},{"type":"Feature","geometry":{"type":"Point","coordinates":[-108.4195,40.2472]},"properties":{"s":9.5,"pub":true}},{"type":"Feature","geometry":{"type":"Point","coordinates":[-108.4195,40.253]},"properties":{"s":9.5,"pub":true}},{"type":"Feature","geometry":{"type":"Point","coordinates":[-108.4195,40.2588]},"properties":{"s":9.5,"pub":true}},{"type":"Feature","geometry":{"type":"Point","coordinates":[-108.4195,40.2646]},"properties":{"s":9.5,"pub":true}},{"type":"Feature","geometry":{"type":"Point","coordinates":[-108.4195,40.2704]},"properties":{"s":9.5,"pub":true}},{"type":"Feature","geometry":{"type":"Point","coordinates":[-108.4195,40.2762]},"properties":{"s":9.5,"pub":true}},{"type":"Feature","geometry":{"type":"Point","coordinates":[-108.4195,40.4618]},"properties":{"s":38.1,"pub":false}},{"type":"Feature","geometry":{"type":"Point","coordinates":[-108.4195,40.4676]},"properties":{"s":38.1,"pub":false}},{"type":"Feature","geometry":{"type":"Point","coordinates":[-108.4195,40.4734]},"properties":{"s":9.5,"pub":false}},{"type":"Feature","geometry":{"type":"Point","coordinates":[-108.4195,40.4792]},"properties":{"s":9.5,"pub":true}},{"type":"Feature","geometry":{"type":"Point","coordinates":[-108.4195,40.485]},"properties":{"s":9.5,"pub":true}},{"type":"Feature","geometry":{"type":"Point","coordinates":[-108.4195,40.4908]},"properties":{"s":9.5,"pub":true}},{"type":"Feature","geometry":{"type":"Point","coordinates":[-108.4195,40.4966]},"properties":{"s":9.5,"pub":true}},{"type":"Feature","geometry":{"type":"Point","coordinates":[-108.4195,40.5024]},"properties":{"s":9.5,"pub":false}},{"type":"Feature","geometry":{"type":"Point","coordinates":[-108.4195,40.5082]},"properties":{"s":9.5,"pub":false}},{"type":"Feature","geometry":{"type":"Point","coordinates":[-108.4195,40.514]},"properties":{"s":9.5,"pub":false}},{"type":"Feature","geometry":{"type":"Point","coordinates":[-108.4195,40.5198]},"properties":{"s":9.5,"pub":true}},{"type":"Feature","geometry":{"type":"Point","coordinates":[-108.4195,40.5256]},"properties":{"s":9.5,"pub":false}},{"type":"Feature","geometry":{"type":"Point","coordinates":[-108.4195,40.5314]},"properties":{"s":9.5,"pub":true}},{"type":"Feature","geometry":{"type":"Point","coordinates":[-108.4195,40.5372]},"properties":{"s":9.5,"pub":true}},{"type":"Feature","geometry":{"type":"Point","coordinates":[-108.4195,40.543]},"properties":{"s":9.5,"pub":true}},{"type":"Feature","geometry":{"type":"Point","coordinates":[-108.4195,40.5488]},"properties":{"s":9.5,"pub":true}},{"type":"Feature","geometry":{"type":"Point","coordinates":[-108.4195,40.5546]},"properties":{"s":9.5,"pub":true}},{"type":"Feature","geometry":{"type":"Point","coordinates":[-108.412,40.2588]},"properties":{"s":9.5,"pub":true}},{"type":"Feature","geometry":{"type":"Point","coordinates":[-108.412,40.2646]},"properties":{"s":9.5,"pub":true}},{"type":"Feature","geometry":{"type":"Point","coordinates":[-108.412,40.2704]},"properties":{"s":9.5,"pub":true}},{"type":"Feature","geometry":{"type":"Point","coordinates":[-108.412,40.2762]},"properties":{"s":9.5,"pub":true}},{"type":"Feature","geometry":{"type":"Point","coordinates":[-108.412,40.282]},"properties":{"s":9.5,"pub":true}},{"type":"Feature","geometry":{"type":"Point","coordinates":[-108.412,40.456]},"properties":{"s":9.5,"pub":false}},{"type":"Feature","geometry":{"type":"Point","coordinates":[-108.412,40.4618]},"properties":{"s":9.5,"pub":false}},{"type":"Feature","geometry":{"type":"Point","coordinates":[-108.412,40.4676]},"properties":{"s":9.5,"pub":false}},{"type":"Feature","geometry":{"type":"Point","coordinates":[-108.412,40.4734]},"properties":{"s":9.5,"pub":true}},{"type":"Feature","geometry":{"type":"Point","coordinates":[-108.412,40.4792]},"properties":{"s":9.5,"pub":true}},{"type":"Feature","geometry":{"type":"Point","coordinates":[-108.412,40.485]},"properties":{"s":9.5,"pub":true}},{"type":"Feature","geometry":{"type":"Point","coordinates":[-108.412,40.4908]},"properties":{"s":9.5,"pub":true}},{"type":"Feature","geometry":{"type":"Point","coordinates":[-108.412,40.4966]},"properties":{"s":9.5,"pub":true}},{"type":"Feature","geometry":{"type":"Point","coordinates":[-108.412,40.5024]},"properties":{"s":9.5,"pub":true}},{"type":"Feature","geometry":{"type":"Point","coordinates":[-108.412,40.5082]},"properties":{"s":9.5,"pub":true}},{"type":"Feature","geometry":{"type":"Point","coordinates":[-108.412,40.514]},"properties":{"s":9.5,"pub":true}},{"type":"Feature","geometry":{"type":"Point","coordinates":[-108.412,40.5198]},"properties":{"s":9.5,"pub":false}},{"type":"Feature","geometry":{"type":"Point","coordinates":[-108.412,40.5256]},"properties":{"s":9.5,"pub":false}},{"type":"Feature","geometry":{"type":"Point","coordinates":[-108.412,40.5314]},"properties":{"s":9.5,"pub":true}},{"type":"Feature","geometry":{"type":"Point","coordinates":[-108.412,40.5372]},"properties":{"s":9.5,"pub":true}},{"type":"Feature","geometry":{"type":"Point","coordinates":[-108.412,40.543]},"properties":{"s":9.5,"pub":true}},{"type":"Feature","geometry":{"type":"Point","coordinates":[-108.412,40.5488]},"properties":{"s":9.5,"pub":true}},{"type":"Feature","geometry":{"type":"Point","coordinates":[-108.412,40.5546]},"properties":{"s":9.5,"pub":true}},{"type":"Feature","geometry":{"type":"Point","coordinates":[-108.412,40.5604]},"properties":{"s":9.5,"pub":true}},{"type":"Feature","geometry":{"type":"Point","coordinates":[-108.4045,40.2646]},"properties":{"s":9.5,"pub":true}},{"type":"Feature","geometry":{"type":"Point","coordinates":[-108.4045,40.2704]},"properties":{"s":9.5,"pub":true}},{"type":"Feature","geometry":{"type":"Point","coordinates":[-108.4045,40.2762]},"properties":{"s":9.5,"pub":true}},{"type":"Feature","geometry":{"type":"Point","coordinates":[-108.4045,40.282]},"properties":{"s":9.5,"pub":true}},{"type":"Feature","geometry":{"type":"Point","coordinates":[-108.4045,40.2878]},"properties":{"s":9.5,"pub":true}},{"type":"Feature","geometry":{"type":"Point","coordinates":[-108.4045,40.3574]},"properties":{"s":9.5,"pub":true}},{"type":"Feature","geometry":{"type":"Point","coordinates":[-108.4045,40.3632]},"properties":{"s":9.5,"pub":false}},{"type":"Feature","geometry":{"type":"Point","coordinates":[-108.4045,40.4618]},"properties":{"s":9.5,"pub":false}},{"type":"Feature","geometry":{"type":"Point","coordinates":[-108.4045,40.4676]},"properties":{"s":9.5,"pub":true}},{"type":"Feature","geometry":{"type":"Point","coordinates":[-108.4045,40.4734]},"properties":{"s":9.5,"pub":true}},{"type":"Feature","geometry":{"type":"Point","coordinates":[-108.4045,40.4792]},"properties":{"s":9.5,"pub":true}},{"type":"Feature","geometry":{"type":"Point","coordinates":[-108.4045,40.485]},"properties":{"s":9.5,"pub":true}},{"type":"Feature","geometry":{"type":"Point","coordinates":[-108.4045,40.4908]},"properties":{"s":9.5,"pub":true}},{"type":"Feature","geometry":{"type":"Point","coordinates":[-108.4045,40.4966]},"properties":{"s":9.5,"pub":true}},{"type":"Feature","geometry":{"type":"Point","coordinates":[-108.4045,40.5024]},"properties":{"s":9.5,"pub":true}},{"type":"Feature","geometry":{"type":"Point","coordinates":[-108.4045,40.5082]},"properties":{"s":9.5,"pub":true}},{"type":"Feature","geometry":{"type":"Point","coordinates":[-108.4045,40.514]},"properties":{"s":9.5,"pub":true}},{"type":"Feature","geometry":{"type":"Point","coordinates":[-108.4045,40.5198]},"properties":{"s":66.7,"pub":true}},{"type":"Feature","geometry":{"type":"Point","coordinates":[-108.4045,40.5256]},"properties":{"s":66.7,"pub":false}},{"type":"Feature","geometry":{"type":"Point","coordinates":[-108.4045,40.5314]},"properties":{"s":66.7,"pub":true}},{"type":"Feature","geometry":{"type":"Point","coordinates":[-108.4045,40.5372]},"properties":{"s":66.7,"pub":true}},{"type":"Feature","geometry":{"type":"Point","coordinates":[-108.4045,40.5604]},"properties":{"s":9.5,"pub":true}},{"type":"Feature","geometry":{"type":"Point","coordinates":[-108.4045,40.5662]},"properties":{"s":71.4,"pub":true}},{"type":"Feature","geometry":{"type":"Point","coordinates":[-108.397,40.282]},"properties":{"s":9.5,"pub":true}},{"type":"Feature","geometry":{"type":"Point","coordinates":[-108.397,40.2878]},"properties":{"s":9.5,"pub":true}},{"type":"Feature","geometry":{"type":"Point","coordinates":[-108.397,40.3574]},"properties":{"s":9.5,"pub":true}},{"type":"Feature","geometry":{"type":"Point","coordinates":[-108.397,40.3632]},"properties":{"s":9.5,"pub":false}},{"type":"Feature","geometry":{"type":"Point","coordinates":[-108.397,40.4618]},"properties":{"s":9.5,"pub":false}},{"type":"Feature","geometry":{"type":"Point","coordinates":[-108.397,40.4676]},"properties":{"s":9.5,"pub":true}},{"type":"Feature","geometry":{"type":"Point","coordinates":[-108.397,40.4734]},"properties":{"s":9.5,"pub":true}},{"type":"Feature","geometry":{"type":"Point","coordinates":[-108.397,40.4792]},"properties":{"s":9.5,"pub":true}},{"type":"Feature","geometry":{"type":"Point","coordinates":[-108.397,40.485]},"properties":{"s":9.5,"pub":true}},{"type":"Feature","geometry":{"type":"Point","coordinates":[-108.397,40.4908]},"properties":{"s":9.5,"pub":true}},{"type":"Feature","geometry":{"type":"Point","coordinates":[-108.397,40.4966]},"properties":{"s":9.5,"pub":true}},{"type":"Feature","geometry":{"type":"Point","coordinates":[-108.397,40.5082]},"properties":{"s":66.7,"pub":true}},{"type":"Feature","geometry":{"type":"Point","coordinates":[-108.397,40.514]},"properties":{"s":66.7,"pub":true}},{"type":"Feature","geometry":{"type":"Point","coordinates":[-108.397,40.5198]},"properties":{"s":66.7,"pub":true}},{"type":"Feature","geometry":{"type":"Point","coordinates":[-108.397,40.5256]},"properties":{"s":66.7,"pub":true}},{"type":"Feature","geometry":{"type":"Point","coordinates":[-108.397,40.5314]},"properties":{"s":66.7,"pub":true}},{"type":"Feature","geometry":{"type":"Point","coordinates":[-108.397,40.5372]},"properties":{"s":66.7,"pub":true}},{"type":"Feature","geometry":{"type":"Point","coordinates":[-108.397,40.543]},"properties":{"s":66.7,"pub":true}},{"type":"Feature","geometry":{"type":"Point","coordinates":[-108.397,40.5488]},"properties":{"s":66.7,"pub":true}},{"type":"Feature","geometry":{"type":"Point","coordinates":[-108.397,40.5546]},"properties":{"s":66.7,"pub":true}},{"type":"Feature","geometry":{"type":"Point","coordinates":[-108.397,40.5604]},"properties":{"s":9.5,"pub":true}},{"type":"Feature","geometry":{"type":"Point","coordinates":[-108.397,40.5662]},"properties":{"s":71.4,"pub":true}},{"type":"Feature","geometry":{"type":"Point","coordinates":[-108.397,40.572]},"properties":{"s":69.0,"pub":true}},{"type":"Feature","geometry":{"type":"Point","coordinates":[-108.3895,40.3632]},"properties":{"s":9.5,"pub":true}},{"type":"Feature","geometry":{"type":"Point","coordinates":[-108.3895,40.369]},"properties":{"s":9.5,"pub":false}},{"type":"Feature","geometry":{"type":"Point","coordinates":[-108.3895,40.456]},"properties":{"s":9.5,"pub":false}},{"type":"Feature","geometry":{"type":"Point","coordinates":[-108.3895,40.4618]},"properties":{"s":9.5,"pub":false}},{"type":"Feature","geometry":{"type":"Point","coordinates":[-108.3895,40.4676]},"properties":{"s":9.5,"pub":true}},{"type":"Feature","geometry":{"type":"Point","coordinates":[-108.3895,40.4734]},"properties":{"s":9.5,"pub":true}},{"type":"Feature","geometry":{"type":"Point","coordinates":[-108.3895,40.4792]},"properties":{"s":9.5,"pub":true}},{"type":"Feature","geometry":{"type":"Point","coordinates":[-108.3895,40.485]},"properties":{"s":9.5,"pub":true}},{"type":"Feature","geometry":{"type":"Point","coordinates":[-108.3895,40.4966]},"properties":{"s":66.7,"pub":true}},{"type":"Feature","geometry":{"type":"Point","coordinates":[-108.3895,40.5024]},"properties":{"s":66.7,"pub":true}},{"type":"Feature","geometry":{"type":"Point","coordinates":[-108.3895,40.5082]},"properties":{"s":66.7,"pub":true}},{"type":"Feature","geometry":{"type":"Point","coordinates":[-108.3895,40.514]},"properties":{"s":66.7,"pub":true}},{"type":"Feature","geometry":{"type":"Point","coordinates":[-108.3895,40.5198]},"properties":{"s":66.7,"pub":true}},{"type":"Feature","geometry":{"type":"Point","coordinates":[-108.3895,40.5256]},"properties":{"s":66.7,"pub":true}},{"type":"Feature","geometry":{"type":"Point","coordinates":[-108.3895,40.5314]},"properties":{"s":66.7,"pub":true}},{"type":"Feature","geometry":{"type":"Point","coordinates":[-108.3895,40.5372]},"properties":{"s":66.7,"pub":true}},{"type":"Feature","geometry":{"type":"Point","coordinates":[-108.3895,40.543]},"properties":{"s":66.7,"pub":true}},{"type":"Feature","geometry":{"type":"Point","coordinates":[-108.3895,40.5488]},"properties":{"s":66.7,"pub":true}},{"type":"Feature","geometry":{"type":"Point","coordinates":[-108.3895,40.5546]},"properties":{"s":71.4,"pub":true}},{"type":"Feature","geometry":{"type":"Point","coordinates":[-108.3895,40.5604]},"properties":{"s":9.5,"pub":true}},{"type":"Feature","geometry":{"type":"Point","coordinates":[-108.3895,40.5662]},"properties":{"s":71.4,"pub":true}},{"type":"Feature","geometry":{"type":"Point","coordinates":[-108.3895,40.572]},"properties":{"s":69.0,"pub":true}},{"type":"Feature","geometry":{"type":"Point","coordinates":[-108.3895,40.5778]},"properties":{"s":69.0,"pub":true}},{"type":"Feature","geometry":{"type":"Point","coordinates":[-108.382,40.3632]},"properties":{"s":9.5,"pub":true}},{"type":"Feature","geometry":{"type":"Point","coordinates":[-108.382,40.369]},"properties":{"s":9.5,"pub":true}},{"type":"Feature","geometry":{"type":"Point","coordinates":[-108.382,40.4502]},"properties":{"s":9.5,"pub":true}},{"type":"Feature","geometry":{"type":"Point","coordinates":[-108.382,40.456]},"properties":{"s":9.5,"pub":false}},{"type":"Feature","geometry":{"type":"Point","coordinates":[-108.382,40.4618]},"properties":{"s":9.5,"pub":true}},{"type":"Feature","geometry":{"type":"Point","coordinates":[-108.382,40.4676]},"properties":{"s":9.5,"pub":true}},{"type":"Feature","geometry":{"type":"Point","coordinates":[-108.382,40.4734]},"properties":{"s":9.5,"pub":true}},{"type":"Feature","geometry":{"type":"Point","coordinates":[-108.382,40.4792]},"properties":{"s":9.5,"pub":true}},{"type":"Feature","geometry":{"type":"Point","coordinates":[-108.382,40.485]},"properties":{"s":66.7,"pub":true}},{"type":"Feature","geometry":{"type":"Point","coordinates":[-108.382,40.4908]},"properties":{"s":66.7,"pub":true}},{"type":"Feature","geometry":{"type":"Point","coordinates":[-108.382,40.4966]},"properties":{"s":66.7,"pub":true}},{"type":"Feature","geometry":{"type":"Point","coordinates":[-108.382,40.5024]},"properties":{"s":66.7,"pub":true}},{"type":"Feature","geometry":{"type":"Point","coordinates":[-108.382,40.5082]},"properties":{"s":66.7,"pub":true}},{"type":"Feature","geometry":{"type":"Point","coordinates":[-108.382,40.514]},"properties":{"s":66.7,"pub":true}},{"type":"Feature","geometry":{"type":"Point","coordinates":[-108.382,40.5198]},"properties":{"s":66.7,"pub":true}},{"type":"Feature","geometry":{"type":"Point","coordinates":[-108.382,40.5256]},"properties":{"s":66.7,"pub":true}},{"type":"Feature","geometry":{"type":"Point","coordinates":[-108.382,40.5314]},"properties":{"s":71.4,"pub":true}},{"type":"Feature","geometry":{"type":"Point","coordinates":[-108.382,40.5372]},"properties":{"s":71.4,"pub":true}},{"type":"Feature","geometry":{"type":"Point","coordinates":[-108.382,40.543]},"properties":{"s":71.4,"pub":true}},{"type":"Feature","geometry":{"type":"Point","coordinates":[-108.382,40.5488]},"properties":{"s":71.4,"pub":true}},{"type":"Feature","geometry":{"type":"Point","coordinates":[-108.382,40.5546]},"properties":{"s":71.4,"pub":true}},{"type":"Feature","geometry":{"type":"Point","coordinates":[-108.382,40.5604]},"properties":{"s":71.4,"pub":true}},{"type":"Feature","geometry":{"type":"Point","coordinates":[-108.382,40.5662]},"properties":{"s":71.4,"pub":true}},{"type":"Feature","geometry":{"type":"Point","coordinates":[-108.382,40.572]},"properties":{"s":71.4,"pub":true}},{"type":"Feature","geometry":{"type":"Point","coordinates":[-108.382,40.5778]},"properties":{"s":69.0,"pub":true}},{"type":"Feature","geometry":{"type":"Point","coordinates":[-108.382,40.5836]},"properties":{"s":69.0,"pub":true}},{"type":"Feature","geometry":{"type":"Point","coordinates":[-108.3745,40.3632]},"properties":{"s":9.5,"pub":true}},{"type":"Feature","geometry":{"type":"Point","coordinates":[-108.3745,40.369]},"properties":{"s":9.5,"pub":true}},{"type":"Feature","geometry":{"type":"Point","coordinates":[-108.3745,40.3748]},"properties":{"s":9.5,"pub":true}},{"type":"Feature","geometry":{"type":"Point","coordinates":[-108.3745,40.4444]},"properties":{"s":9.5,"pub":true}},{"type":"Feature","geometry":{"type":"Point","coordinates":[-108.3745,40.4502]},"properties":{"s":9.5,"pub":true}},{"type":"Feature","geometry":{"type":"Point","coordinates":[-108.3745,40.456]},"properties":{"s":9.5,"pub":true}},{"type":"Feature","geometry":{"type":"Point","coordinates":[-108.3745,40.4618]},"properties":{"s":9.5,"pub":true}},{"type":"Feature","geometry":{"type":"Point","coordinates":[-108.3745,40.4676]},"properties":{"s":71.4,"pub":true}},{"type":"Feature","geometry":{"type":"Point","coordinates":[-108.3745,40.4734]},"properties":{"s":66.7,"pub":true}},{"type":"Feature","geometry":{"type":"Point","coordinates":[-108.3745,40.4792]},"properties":{"s":66.7,"pub":true}},{"type":"Feature","geometry":{"type":"Point","coordinates":[-108.3745,40.485]},"properties":{"s":66.7,"pub":true}},{"type":"Feature","geometry":{"type":"Point","coordinates":[-108.3745,40.4908]},"properties":{"s":66.7,"pub":true}},{"type":"Feature","geometry":{"type":"Point","coordinates":[-108.3745,40.4966]},"properties":{"s":66.7,"pub":true}},{"type":"Feature","geometry":{"type":"Point","coordinates":[-108.3745,40.5024]},"properties":{"s":66.7,"pub":true}},{"type":"Feature","geometry":{"type":"Point","coordinates":[-108.3745,40.5082]},"properties":{"s":66.7,"pub":true}},{"type":"Feature","geometry":{"type":"Point","coordinates":[-108.3745,40.514]},"properties":{"s":66.7,"pub":true}},{"type":"Feature","geometry":{"type":"Point","coordinates":[-108.3745,40.5198]},"properties":{"s":71.4,"pub":true}},{"type":"Feature","geometry":{"type":"Point","coordinates":[-108.3745,40.5256]},"properties":{"s":71.4,"pub":true}},{"type":"Feature","geometry":{"type":"Point","coordinates":[-108.3745,40.5314]},"properties":{"s":71.4,"pub":true}},{"type":"Feature","geometry":{"type":"Point","coordinates":[-108.3745,40.5372]},"properties":{"s":71.4,"pub":true}},{"type":"Feature","geometry":{"type":"Point","coordinates":[-108.3745,40.543]},"properties":{"s":52.4,"pub":true}},{"type":"Feature","geometry":{"type":"Point","coordinates":[-108.3745,40.5488]},"properties":{"s":52.4,"pub":true}},{"type":"Feature","geometry":{"type":"Point","coordinates":[-108.3745,40.5546]},"properties":{"s":52.4,"pub":true}},{"type":"Feature","geometry":{"type":"Point","coordinates":[-108.3745,40.5604]},"properties":{"s":71.4,"pub":true}},{"type":"Feature","geometry":{"type":"Point","coordinates":[-108.3745,40.5662]},"properties":{"s":71.4,"pub":true}},{"type":"Feature","geometry":{"type":"Point","coordinates":[-108.3745,40.572]},"properties":{"s":71.4,"pub":true}},{"type":"Feature","geometry":{"type":"Point","coordinates":[-108.3745,40.5778]},"properties":{"s":69.0,"pub":true}},{"type":"Feature","geometry":{"type":"Point","coordinates":[-108.3745,40.5836]},"properties":{"s":69.0,"pub":true}},{"type":"Feature","geometry":{"type":"Point","coordinates":[-108.367,40.369]},"properties":{"s":9.5,"pub":true}},{"type":"Feature","geometry":{"type":"Point","coordinates":[-108.367,40.3748]},"properties":{"s":9.5,"pub":false}},{"type":"Feature","geometry":{"type":"Point","coordinates":[-108.367,40.4386]},"properties":{"s":9.5,"pub":true}},{"type":"Feature","geometry":{"type":"Point","coordinates":[-108.367,40.4444]},"properties":{"s":9.5,"pub":true}},{"type":"Feature","geometry":{"type":"Point","coordinates":[-108.367,40.4502]},"properties":{"s":9.5,"pub":true}},{"type":"Feature","geometry":{"type":"Point","coordinates":[-108.367,40.456]},"properties":{"s":9.5,"pub":true}},{"type":"Feature","geometry":{"type":"Point","coordinates":[-108.367,40.4618]},"properties":{"s":9.5,"pub":true}},{"type":"Feature","geometry":{"type":"Point","coordinates":[-108.367,40.4676]},"properties":{"s":9.5,"pub":true}},{"type":"Feature","geometry":{"type":"Point","coordinates":[-108.367,40.4734]},"properties":{"s":66.7,"pub":true}},{"type":"Feature","geometry":{"type":"Point","coordinates":[-108.367,40.4792]},"properties":{"s":66.7,"pub":true}},{"type":"Feature","geometry":{"type":"Point","coordinates":[-108.367,40.485]},"properties":{"s":66.7,"pub":true}},{"type":"Feature","geometry":{"type":"Point","coordinates":[-108.367,40.4908]},"properties":{"s":66.7,"pub":true}},{"type":"Feature","geometry":{"type":"Point","coordinates":[-108.367,40.4966]},"properties":{"s":66.7,"pub":true}},{"type":"Feature","geometry":{"type":"Point","coordinates":[-108.367,40.5024]},"properties":{"s":66.7,"pub":true}},{"type":"Feature","geometry":{"type":"Point","coordinates":[-108.367,40.5082]},"properties":{"s":66.7,"pub":true}},{"type":"Feature","geometry":{"type":"Point","coordinates":[-108.367,40.514]},"properties":{"s":71.4,"pub":true}},{"type":"Feature","geometry":{"type":"Point","coordinates":[-108.367,40.5198]},"properties":{"s":71.4,"pub":true}},{"type":"Feature","geometry":{"type":"Point","coordinates":[-108.367,40.5256]},"properties":{"s":52.4,"pub":true}},{"type":"Feature","geometry":{"type":"Point","coordinates":[-108.367,40.5314]},"properties":{"s":52.4,"pub":true}},{"type":"Feature","geometry":{"type":"Point","coordinates":[-108.367,40.5372]},"properties":{"s":52.4,"pub":true}},{"type":"Feature","geometry":{"type":"Point","coordinates":[-108.367,40.543]},"properties":{"s":52.4,"pub":true}},{"type":"Feature","geometry":{"type":"Point","coordinates":[-108.367,40.5488]},"properties":{"s":71.4,"pub":true}},{"type":"Feature","geometry":{"type":"Point","coordinates":[-108.367,40.5546]},"properties":{"s":71.4,"pub":true}},{"type":"Feature","geometry":{"type":"Point","coordinates":[-108.367,40.5604]},"properties":{"s":71.4,"pub":true}},{"type":"Feature","geometry":{"type":"Point","coordinates":[-108.367,40.5662]},"properties":{"s":71.4,"pub":true}},{"type":"Feature","geometry":{"type":"Point","coordinates":[-108.367,40.572]},"properties":{"s":71.4,"pub":true}},{"type":"Feature","geometry":{"type":"Point","coordinates":[-108.367,40.5778]},"properties":{"s":69.0,"pub":true}},{"type":"Feature","geometry":{"type":"Point","coordinates":[-108.367,40.5836]},"properties":{"s":69.0,"pub":true}},{"type":"Feature","geometry":{"type":"Point","coordinates":[-108.367,40.5894]},"properties":{"s":97.6,"pub":true}},{"type":"Feature","geometry":{"type":"Point","coordinates":[-108.3595,40.369]},"properties":{"s":9.5,"pub":true}},{"type":"Feature","geometry":{"type":"Point","coordinates":[-108.3595,40.3748]},"properties":{"s":9.5,"pub":true}},{"type":"Feature","geometry":{"type":"Point","coordinates":[-108.3595,40.3806]},"properties":{"s":9.5,"pub":false}},{"type":"Feature","geometry":{"type":"Point","coordinates":[-108.3595,40.4386]},"properties":{"s":9.5,"pub":true}},{"type":"Feature","geometry":{"type":"Point","coordinates":[-108.3595,40.456]},"properties":{"s":9.5,"pub":true}},{"type":"Feature","geometry":{"type":"Point","coordinates":[-108.3595,40.4618]},"properties":{"s":23.8,"pub":true}},{"type":"Feature","geometry":{"type":"Point","coordinates":[-108.3595,40.4676]},"properties":{"s":23.8,"pub":true}},{"type":"Feature","geometry":{"type":"Point","coordinates":[-108.3595,40.4734]},"properties":{"s":66.7,"pub":true}},{"type":"Feature","geometry":{"type":"Point","coordinates":[-108.3595,40.4792]},"properties":{"s":66.7,"pub":true}},{"type":"Feature","geometry":{"type":"Point","coordinates":[-108.3595,40.485]},"properties":{"s":66.7,"pub":true}},{"type":"Feature","geometry":{"type":"Point","coordinates":[-108.3595,40.4908]},"properties":{"s":66.7,"pub":true}},{"type":"Feature","geometry":{"type":"Point","coordinates":[-108.3595,40.4966]},"properties":{"s":66.7,"pub":true}},{"type":"Feature","geometry":{"type":"Point","coordinates":[-108.3595,40.5024]},"properties":{"s":66.7,"pub":true}},{"type":"Feature","geometry":{"type":"Point","coordinates":[-108.3595,40.5082]},"properties":{"s":71.4,"pub":true}},{"type":"Feature","geometry":{"type":"Point","coordinates":[-108.3595,40.514]},"properties":{"s":71.4,"pub":true}},{"type":"Feature","geometry":{"type":"Point","coordinates":[-108.3595,40.5198]},"properties":{"s":52.4,"pub":true}},{"type":"Feature","geometry":{"type":"Point","coordinates":[-108.3595,40.5256]},"properties":{"s":52.4,"pub":true}},{"type":"Feature","geometry":{"type":"Point","coordinates":[-108.3595,40.5314]},"properties":{"s":52.4,"pub":true}},{"type":"Feature","geometry":{"type":"Point","coordinates":[-108.3595,40.5372]},"properties":{"s":52.4,"pub":true}},{"type":"Feature","geometry":{"type":"Point","coordinates":[-108.3595,40.543]},"properties":{"s":52.4,"pub":true}},{"type":"Feature","geometry":{"type":"Point","coordinates":[-108.3595,40.5488]},"properties":{"s":71.4,"pub":true}},{"type":"Feature","geometry":{"type":"Point","coordinates":[-108.3595,40.5546]},"properties":{"s":71.4,"pub":true}},{"type":"Feature","geometry":{"type":"Point","coordinates":[-108.3595,40.5604]},"properties":{"s":71.4,"pub":true}},{"type":"Feature","geometry":{"type":"Point","coordinates":[-108.3595,40.5662]},"properties":{"s":71.4,"pub":true}},{"type":"Feature","geometry":{"type":"Point","coordinates":[-108.3595,40.572]},"properties":{"s":71.4,"pub":true}},{"type":"Feature","geometry":{"type":"Point","coordinates":[-108.3595,40.5778]},"properties":{"s":69.0,"pub":true}},{"type":"Feature","geometry":{"type":"Point","coordinates":[-108.3595,40.5836]},"properties":{"s":97.6,"pub":true}},{"type":"Feature","geometry":{"type":"Point","coordinates":[-108.352,40.2472]},"properties":{"s":9.5,"pub":true}},{"type":"Feature","geometry":{"type":"Point","coordinates":[-108.352,40.253]},"properties":{"s":9.5,"pub":true}},{"type":"Feature","geometry":{"type":"Point","coordinates":[-108.352,40.3748]},"properties":{"s":9.5,"pub":true}},{"type":"Feature","geometry":{"type":"Point","coordinates":[-108.352,40.3806]},"properties":{"s":9.5,"pub":false}},{"type":"Feature","geometry":{"type":"Point","coordinates":[-108.352,40.456]},"properties":{"s":19.0,"pub":true}},{"type":"Feature","geometry":{"type":"Point","coordinates":[-108.352,40.4618]},"properties":{"s":19.0,"pub":true}},{"type":"Feature","geometry":{"type":"Point","coordinates":[-108.352,40.4676]},"properties":{"s":19.0,"pub":true}},{"type":"Feature","geometry":{"type":"Point","coordinates":[-108.352,40.4734]},"properties":{"s":66.7,"pub":true}},{"type":"Feature","geometry":{"type":"Point","coordinates":[-108.352,40.4792]},"properties":{"s":66.7,"pub":true}},{"type":"Feature","geometry":{"type":"Point","coordinates":[-108.352,40.485]},"properties":{"s":66.7,"pub":true}},{"type":"Feature","geometry":{"type":"Point","coordinates":[-108.352,40.4908]},"properties":{"s":66.7,"pub":true}},{"type":"Feature","geometry":{"type":"Point","coordinates":[-108.352,40.4966]},"properties":{"s":71.4,"pub":true}},{"type":"Feature","geometry":{"type":"Point","coordinates":[-108.352,40.5024]},"properties":{"s":71.4,"pub":true}},{"type":"Feature","geometry":{"type":"Point","coordinates":[-108.352,40.5082]},"properties":{"s":52.4,"pub":true}},{"type":"Feature","geometry":{"type":"Point","coordinates":[-108.352,40.514]},"properties":{"s":52.4,"pub":true}},{"type":"Feature","geometry":{"type":"Point","coordinates":[-108.352,40.5198]},"properties":{"s":52.4,"pub":true}},{"type":"Feature","geometry":{"type":"Point","coordinates":[-108.352,40.5256]},"properties":{"s":52.4,"pub":true}},{"type":"Feature","geometry":{"type":"Point","coordinates":[-108.352,40.5314]},"properties":{"s":52.4,"pub":true}},{"type":"Feature","geometry":{"type":"Point","coordinates":[-108.352,40.5372]},"properties":{"s":71.4,"pub":true}},{"type":"Feature","geometry":{"type":"Point","coordinates":[-108.352,40.543]},"properties":{"s":71.4,"pub":true}},{"type":"Feature","geometry":{"type":"Point","coordinates":[-108.352,40.5488]},"properties":{"s":71.4,"pub":true}},{"type":"Feature","geometry":{"type":"Point","coordinates":[-108.352,40.5546]},"properties":{"s":71.4,"pub":true}},{"type":"Feature","geometry":{"type":"Point","coordinates":[-108.352,40.5604]},"properties":{"s":71.4,"pub":true}},{"type":"Feature","geometry":{"type":"Point","coordinates":[-108.352,40.5662]},"properties":{"s":71.4,"pub":true}},{"type":"Feature","geometry":{"type":"Point","coordinates":[-108.352,40.572]},"properties":{"s":71.4,"pub":true}},{"type":"Feature","geometry":{"type":"Point","coordinates":[-108.352,40.5778]},"properties":{"s":71.4,"pub":true}},{"type":"Feature","geometry":{"type":"Point","coordinates":[-108.352,40.5836]},"properties":{"s":97.6,"pub":true}},{"type":"Feature","geometry":{"type":"Point","coordinates":[-108.3445,40.2472]},"properties":{"s":9.5,"pub":true}},{"type":"Feature","geometry":{"type":"Point","coordinates":[-108.3445,40.253]},"properties":{"s":9.5,"pub":true}},{"type":"Feature","geometry":{"type":"Point","coordinates":[-108.3445,40.2588]},"properties":{"s":9.5,"pub":true}},{"type":"Feature","geometry":{"type":"Point","coordinates":[-108.3445,40.2646]},"properties":{"s":9.5,"pub":true}},{"type":"Feature","geometry":{"type":"Point","coordinates":[-108.3445,40.2704]},"properties":{"s":9.5,"pub":true}},{"type":"Feature","geometry":{"type":"Point","coordinates":[-108.3445,40.2762]},"properties":{"s":9.5,"pub":true}},{"type":"Feature","geometry":{"type":"Point","coordinates":[-108.3445,40.3806]},"properties":{"s":9.5,"pub":false}},{"type":"Feature","geometry":{"type":"Point","coordinates":[-108.3445,40.3864]},"properties":{"s":9.5,"pub":false}},{"type":"Feature","geometry":{"type":"Point","coordinates":[-108.3445,40.3922]},"properties":{"s":9.5,"pub":false}},{"type":"Feature","geometry":{"type":"Point","coordinates":[-108.3445,40.398]},"properties":{"s":9.5,"pub":false}},{"type":"Feature","geometry":{"type":"Point","coordinates":[-108.3445,40.4792]},"properties":{"s":66.7,"pub":true}},{"type":"Feature","geometry":{"type":"Point","coordinates":[-108.3445,40.485]},"properties":{"s":47.6,"pub":true}},{"type":"Feature","geometry":{"type":"Point","coordinates":[-108.3445,40.4908]},"properties":{"s":52.4,"pub":true}},{"type":"Feature","geometry":{"type":"Point","coordinates":[-108.3445,40.4966]},"properties":{"s":52.4,"pub":true}},{"type":"Feature","geometry":{"type":"Point","coordinates":[-108.3445,40.5024]},"properties":{"s":52.4,"pub":true}},{"type":"Feature","geometry":{"type":"Point","coordinates":[-108.3445,40.5082]},"properties":{"s":52.4,"pub":true}},{"type":"Feature","geometry":{"type":"Point","coordinates":[-108.3445,40.514]},"properties":{"s":52.4,"pub":true}},{"type":"Feature","geometry":{"type":"Point","coordinates":[-108.3445,40.5198]},"properties":{"s":52.4,"pub":true}},{"type":"Feature","geometry":{"type":"Point","coordinates":[-108.3445,40.5256]},"properties":{"s":52.4,"pub":true}},{"type":"Feature","geometry":{"type":"Point","coordinates":[-108.3445,40.5314]},"properties":{"s":52.4,"pub":true}},{"type":"Feature","geometry":{"type":"Point","coordinates":[-108.3445,40.5372]},"properties":{"s":71.4,"pub":true}},{"type":"Feature","geometry":{"type":"Point","coordinates":[-108.3445,40.543]},"properties":{"s":71.4,"pub":true}},{"type":"Feature","geometry":{"type":"Point","coordinates":[-108.3445,40.5488]},"properties":{"s":71.4,"pub":true}},{"type":"Feature","geometry":{"type":"Point","coordinates":[-108.3445,40.5546]},"properties":{"s":71.4,"pub":true}},{"type":"Feature","geometry":{"type":"Point","coordinates":[-108.3445,40.5604]},"properties":{"s":71.4,"pub":true}},{"type":"Feature","geometry":{"type":"Point","coordinates":[-108.3445,40.5662]},"properties":{"s":71.4,"pub":true}},{"type":"Feature","geometry":{"type":"Point","coordinates":[-108.3445,40.572]},"properties":{"s":71.4,"pub":true}},{"type":"Feature","geometry":{"type":"Point","coordinates":[-108.3445,40.5778]},"properties":{"s":100.0,"pub":true}},{"type":"Feature","geometry":{"type":"Point","coordinates":[-108.3445,40.5836]},"properties":{"s":97.6,"pub":true}},{"type":"Feature","geometry":{"type":"Point","coordinates":[-108.3445,40.5894]},"properties":{"s":97.6,"pub":true}},{"type":"Feature","geometry":{"type":"Point","coordinates":[-108.337,40.253]},"properties":{"s":9.5,"pub":true}},{"type":"Feature","geometry":{"type":"Point","coordinates":[-108.337,40.2588]},"properties":{"s":9.5,"pub":true}},{"type":"Feature","geometry":{"type":"Point","coordinates":[-108.337,40.2646]},"properties":{"s":9.5,"pub":true}},{"type":"Feature","geometry":{"type":"Point","coordinates":[-108.337,40.2704]},"properties":{"s":9.5,"pub":true}},{"type":"Feature","geometry":{"type":"Point","coordinates":[-108.337,40.2762]},"properties":{"s":9.5,"pub":true}},{"type":"Feature","geometry":{"type":"Point","coordinates":[-108.337,40.282]},"properties":{"s":9.5,"pub":true}},{"type":"Feature","geometry":{"type":"Point","coordinates":[-108.337,40.2878]},"properties":{"s":9.5,"pub":true}},{"type":"Feature","geometry":{"type":"Point","coordinates":[-108.337,40.3806]},"properties":{"s":9.5,"pub":false}},{"type":"Feature","geometry":{"type":"Point","coordinates":[-108.337,40.3864]},"properties":{"s":9.5,"pub":false}},{"type":"Feature","geometry":{"type":"Point","coordinates":[-108.337,40.3922]},"properties":{"s":9.5,"pub":false}},{"type":"Feature","geometry":{"type":"Point","coordinates":[-108.337,40.398]},"properties":{"s":9.5,"pub":false}},{"type":"Feature","geometry":{"type":"Point","coordinates":[-108.337,40.4734]},"properties":{"s":9.5,"pub":true}},{"type":"Feature","geometry":{"type":"Point","coordinates":[-108.337,40.4792]},"properties":{"s":52.4,"pub":true}},{"type":"Feature","geometry":{"type":"Point","coordinates":[-108.337,40.485]},"properties":{"s":52.4,"pub":true}},{"type":"Feature","geometry":{"type":"Point","coordinates":[-108.337,40.4908]},"properties":{"s":52.4,"pub":true}},{"type":"Feature","geometry":{"type":"Point","coordinates":[-108.337,40.4966]},"properties":{"s":52.4,"pub":true}},{"type":"Feature","geometry":{"type":"Point","coordinates":[-108.337,40.5024]},"properties":{"s":52.4,"pub":true}},{"type":"Feature","geometry":{"type":"Point","coordinates":[-108.337,40.5082]},"properties":{"s":52.4,"pub":true}},{"type":"Feature","geometry":{"type":"Point","coordinates":[-108.337,40.514]},"properties":{"s":52.4,"pub":true}},{"type":"Feature","geometry":{"type":"Point","coordinates":[-108.337,40.5198]},"properties":{"s":52.4,"pub":true}},{"type":"Feature","geometry":{"type":"Point","coordinates":[-108.337,40.5256]},"properties":{"s":52.4,"pub":true}},{"type":"Feature","geometry":{"type":"Point","coordinates":[-108.337,40.5314]},"properties":{"s":52.4,"pub":true}},{"type":"Feature","geometry":{"type":"Point","coordinates":[-108.337,40.5372]},"properties":{"s":71.4,"pub":true}},{"type":"Feature","geometry":{"type":"Point","coordinates":[-108.337,40.543]},"properties":{"s":71.4,"pub":true}},{"type":"Feature","geometry":{"type":"Point","coordinates":[-108.337,40.5488]},"properties":{"s":71.4,"pub":true}},{"type":"Feature","geometry":{"type":"Point","coordinates":[-108.337,40.5546]},"properties":{"s":71.4,"pub":true}},{"type":"Feature","geometry":{"type":"Point","coordinates":[-108.337,40.5604]},"properties":{"s":71.4,"pub":true}},{"type":"Feature","geometry":{"type":"Point","coordinates":[-108.337,40.5662]},"properties":{"s":71.4,"pub":true}},{"type":"Feature","geometry":{"type":"Point","coordinates":[-108.337,40.572]},"properties":{"s":71.4,"pub":true}},{"type":"Feature","geometry":{"type":"Point","coordinates":[-108.337,40.5778]},"properties":{"s":100.0,"pub":true}},{"type":"Feature","geometry":{"type":"Point","coordinates":[-108.337,40.5836]},"properties":{"s":97.6,"pub":true}},{"type":"Feature","geometry":{"type":"Point","coordinates":[-108.337,40.5894]},"properties":{"s":97.6,"pub":true}},{"type":"Feature","geometry":{"type":"Point","coordinates":[-108.3295,40.2588]},"properties":{"s":9.5,"pub":true}},{"type":"Feature","geometry":{"type":"Point","coordinates":[-108.3295,40.2646]},"properties":{"s":9.5,"pub":true}},{"type":"Feature","geometry":{"type":"Point","coordinates":[-108.3295,40.2704]},"properties":{"s":9.5,"pub":true}},{"type":"Feature","geometry":{"type":"Point","coordinates":[-108.3295,40.2762]},"properties":{"s":9.5,"pub":true}},{"type":"Feature","geometry":{"type":"Point","coordinates":[-108.3295,40.282]},"properties":{"s":9.5,"pub":true}},{"type":"Feature","geometry":{"type":"Point","coordinates":[-108.3295,40.2878]},"properties":{"s":9.5,"pub":true}},{"type":"Feature","geometry":{"type":"Point","coordinates":[-108.3295,40.2936]},"properties":{"s":9.5,"pub":true}},{"type":"Feature","geometry":{"type":"Point","coordinates":[-108.3295,40.456]},"properties":{"s":9.5,"pub":true}},{"type":"Feature","geometry":{"type":"Point","coordinates":[-108.3295,40.4618]},"properties":{"s":9.5,"pub":true}},{"type":"Feature","geometry":{"type":"Point","coordinates":[-108.3295,40.4676]},"properties":{"s":9.5,"pub":true}},{"type":"Feature","geometry":{"type":"Point","coordinates":[-108.3295,40.4734]},"properties":{"s":9.5,"pub":true}},{"type":"Feature","geometry":{"type":"Point","coordinates":[-108.3295,40.4792]},"properties":{"s":52.4,"pub":true}},{"type":"Feature","geometry":{"type":"Point","coordinates":[-108.3295,40.485]},"properties":{"s":52.4,"pub":true}},{"type":"Feature","geometry":{"type":"Point","coordinates":[-108.3295,40.4908]},"properties":{"s":52.4,"pub":true}},{"type":"Feature","geometry":{"type":"Point","coordinates":[-108.3295,40.4966]},"properties":{"s":52.4,"pub":true}},{"type":"Feature","geometry":{"type":"Point","coordinates":[-108.3295,40.5024]},"properties":{"s":52.4,"pub":true}},{"type":"Feature","geometry":{"type":"Point","coordinates":[-108.3295,40.5082]},"properties":{"s":52.4,"pub":true}},{"type":"Feature","geometry":{"type":"Point","coordinates":[-108.3295,40.514]},"properties":{"s":52.4,"pub":true}},{"type":"Feature","geometry":{"type":"Point","coordinates":[-108.3295,40.5198]},"properties":{"s":52.4,"pub":true}},{"type":"Feature","geometry":{"type":"Point","coordinates":[-108.3295,40.5256]},"properties":{"s":52.4,"pub":true}},{"type":"Feature","geometry":{"type":"Point","coordinates":[-108.3295,40.5314]},"properties":{"s":52.4,"pub":true}},{"type":"Feature","geometry":{"type":"Point","coordinates":[-108.3295,40.5372]},"properties":{"s":52.4,"pub":true}},{"type":"Feature","geometry":{"type":"Point","coordinates":[-108.3295,40.543]},"properties":{"s":71.4,"pub":true}},{"type":"Feature","geometry":{"type":"Point","coordinates":[-108.3295,40.5488]},"properties":{"s":71.4,"pub":true}},{"type":"Feature","geometry":{"type":"Point","coordinates":[-108.3295,40.5546]},"properties":{"s":71.4,"pub":true}},{"type":"Feature","geometry":{"type":"Point","coordinates":[-108.3295,40.5604]},"properties":{"s":100.0,"pub":true}},{"type":"Feature","geometry":{"type":"Point","coordinates":[-108.3295,40.5662]},"properties":{"s":100.0,"pub":true}},{"type":"Feature","geometry":{"type":"Point","coordinates":[-108.3295,40.572]},"properties":{"s":100.0,"pub":true}},{"type":"Feature","geometry":{"type":"Point","coordinates":[-108.3295,40.5778]},"properties":{"s":100.0,"pub":true}},{"type":"Feature","geometry":{"type":"Point","coordinates":[-108.3295,40.5836]},"properties":{"s":97.6,"pub":true}},{"type":"Feature","geometry":{"type":"Point","coordinates":[-108.3295,40.5894]},"properties":{"s":97.6,"pub":true}},{"type":"Feature","geometry":{"type":"Point","coordinates":[-108.3295,40.5952]},"properties":{"s":97.6,"pub":true}},{"type":"Feature","geometry":{"type":"Point","coordinates":[-108.3295,40.601]},"properties":{"s":97.6,"pub":true}},{"type":"Feature","geometry":{"type":"Point","coordinates":[-108.322,40.2646]},"properties":{"s":9.5,"pub":true}},{"type":"Feature","geometry":{"type":"Point","coordinates":[-108.322,40.2704]},"properties":{"s":9.5,"pub":true}},{"type":"Feature","geometry":{"type":"Point","coordinates":[-108.322,40.2762]},"properties":{"s":9.5,"pub":true}},{"type":"Feature","geometry":{"type":"Point","coordinates":[-108.322,40.282]},"properties":{"s":9.5,"pub":true}},{"type":"Feature","geometry":{"type":"Point","coordinates":[-108.322,40.2878]},"properties":{"s":9.5,"pub":true}},{"type":"Feature","geometry":{"type":"Point","coordinates":[-108.322,40.2936]},"properties":{"s":9.5,"pub":true}},{"type":"Feature","geometry":{"type":"Point","coordinates":[-108.322,40.2994]},"properties":{"s":9.5,"pub":true}},{"type":"Feature","geometry":{"type":"Point","coordinates":[-108.322,40.311]},"properties":{"s":9.5,"pub":false}},{"type":"Feature","geometry":{"type":"Point","coordinates":[-108.322,40.3168]},"properties":{"s":9.5,"pub":true}},{"type":"Feature","geometry":{"type":"Point","coordinates":[-108.322,40.3226]},"properties":{"s":9.5,"pub":true}},{"type":"Feature","geometry":{"type":"Point","coordinates":[-108.322,40.4096]},"properties":{"s":9.5,"pub":false}},{"type":"Feature","geometry":{"type":"Point","coordinates":[-108.322,40.4154]},"properties":{"s":9.5,"pub":false}},{"type":"Feature","geometry":{"type":"Point","coordinates":[-108.322,40.4212]},"properties":{"s":9.5,"pub":false}},{"type":"Feature","geometry":{"type":"Point","coordinates":[-108.322,40.427]},"properties":{"s":9.5,"pub":false}},{"type":"Feature","geometry":{"type":"Point","coordinates":[-108.322,40.4328]},"properties":{"s":9.5,"pub":false}},{"type":"Feature","geometry":{"type":"Point","coordinates":[-108.322,40.4386]},"properties":{"s":9.5,"pub":false}},{"type":"Feature","geometry":{"type":"Point","coordinates":[-108.322,40.4444]},"properties":{"s":9.5,"pub":false}},{"type":"Feature","geometry":{"type":"Point","coordinates":[-108.322,40.4502]},"properties":{"s":9.5,"pub":true}},{"type":"Feature","geometry":{"type":"Point","coordinates":[-108.322,40.456]},"properties":{"s":9.5,"pub":true}},{"type":"Feature","geometry":{"type":"Point","coordinates":[-108.322,40.4618]},"properties":{"s":9.5,"pub":true}},{"type":"Feature","geometry":{"type":"Point","coordinates":[-108.322,40.4676]},"properties":{"s":9.5,"pub":true}},{"type":"Feature","geometry":{"type":"Point","coordinates":[-108.322,40.4734]},"properties":{"s":9.5,"pub":true}},{"type":"Feature","geometry":{"type":"Point","coordinates":[-108.322,40.4792]},"properties":{"s":9.5,"pub":true}},{"type":"Feature","geometry":{"type":"Point","coordinates":[-108.322,40.485]},"properties":{"s":52.4,"pub":true}},{"type":"Feature","geometry":{"type":"Point","coordinates":[-108.322,40.4908]},"properties":{"s":52.4,"pub":true}},{"type":"Feature","geometry":{"type":"Point","coordinates":[-108.322,40.4966]},"properties":{"s":52.4,"pub":true}},{"type":"Feature","geometry":{"type":"Point","coordinates":[-108.322,40.5024]},"properties":{"s":52.4,"pub":true}},{"type":"Feature","geometry":{"type":"Point","coordinates":[-108.322,40.5082]},"properties":{"s":52.4,"pub":true}},{"type":"Feature","geometry":{"type":"Point","coordinates":[-108.322,40.514]},"properties":{"s":52.4,"pub":false}},{"type":"Feature","geometry":{"type":"Point","coordinates":[-108.322,40.5198]},"properties":{"s":52.4,"pub":false}},{"type":"Feature","geometry":{"type":"Point","coordinates":[-108.322,40.5256]},"properties":{"s":52.4,"pub":true}},{"type":"Feature","geometry":{"type":"Point","coordinates":[-108.322,40.5314]},"properties":{"s":52.4,"pub":true}},{"type":"Feature","geometry":{"type":"Point","coordinates":[-108.322,40.5372]},"properties":{"s":52.4,"pub":true}},{"type":"Feature","geometry":{"type":"Point","coordinates":[-108.322,40.543]},"properties":{"s":52.4,"pub":true}},{"type":"Feature","geometry":{"type":"Point","coordinates":[-108.322,40.5488]},"properties":{"s":52.4,"pub":true}},{"type":"Feature","geometry":{"type":"Point","coordinates":[-108.322,40.5546]},"properties":{"s":52.4,"pub":true}},{"type":"Feature","geometry":{"type":"Point","coordinates":[-108.322,40.5604]},"properties":{"s":81.0,"pub":true}},{"type":"Feature","geometry":{"type":"Point","coordinates":[-108.322,40.5662]},"properties":{"s":100.0,"pub":true}},{"type":"Feature","geometry":{"type":"Point","coordinates":[-108.322,40.572]},"properties":{"s":100.0,"pub":true}},{"type":"Feature","geometry":{"type":"Point","coordinates":[-108.322,40.5778]},"properties":{"s":100.0,"pub":true}},{"type":"Feature","geometry":{"type":"Point","coordinates":[-108.322,40.5836]},"properties":{"s":100.0,"pub":true}},{"type":"Feature","geometry":{"type":"Point","coordinates":[-108.322,40.5894]},"properties":{"s":97.6,"pub":true}},{"type":"Feature","geometry":{"type":"Point","coordinates":[-108.322,40.5952]},"properties":{"s":97.6,"pub":true}},{"type":"Feature","geometry":{"type":"Point","coordinates":[-108.322,40.601]},"properties":{"s":97.6,"pub":true}},{"type":"Feature","geometry":{"type":"Point","coordinates":[-108.3145,40.2878]},"properties":{"s":9.5,"pub":true}},{"type":"Feature","geometry":{"type":"Point","coordinates":[-108.3145,40.2936]},"properties":{"s":9.5,"pub":true}},{"type":"Feature","geometry":{"type":"Point","coordinates":[-108.3145,40.2994]},"properties":{"s":9.5,"pub":true}},{"type":"Feature","geometry":{"type":"Point","coordinates":[-108.3145,40.3052]},"properties":{"s":9.5,"pub":true}},{"type":"Feature","geometry":{"type":"Point","coordinates":[-108.3145,40.311]},"properties":{"s":9.5,"pub":false}},{"type":"Feature","geometry":{"type":"Point","coordinates":[-108.3145,40.3168]},"properties":{"s":9.5,"pub":false}},{"type":"Feature","geometry":{"type":"Point","coordinates":[-108.3145,40.3226]},"properties":{"s":9.5,"pub":false}},{"type":"Feature","geometry":{"type":"Point","coordinates":[-108.3145,40.3284]},"properties":{"s":9.5,"pub":false}},{"type":"Feature","geometry":{"type":"Point","coordinates":[-108.3145,40.3342]},"properties":{"s":9.5,"pub":true}},{"type":"Feature","geometry":{"type":"Point","coordinates":[-108.3145,40.4038]},"properties":{"s":9.5,"pub":false}},{"type":"Feature","geometry":{"type":"Point","coordinates":[-108.3145,40.4096]},"properties":{"s":9.5,"pub":false}},{"type":"Feature","geometry":{"type":"Point","coordinates":[-108.3145,40.4154]},"properties":{"s":9.5,"pub":false}},{"type":"Feature","geometry":{"type":"Point","coordinates":[-108.3145,40.4212]},"properties":{"s":9.5,"pub":false}},{"type":"Feature","geometry":{"type":"Point","coordinates":[-108.3145,40.427]},"properties":{"s":9.5,"pub":false}},{"type":"Feature","geometry":{"type":"Point","coordinates":[-108.3145,40.4328]},"properties":{"s":9.5,"pub":false}},{"type":"Feature","geometry":{"type":"Point","coordinates":[-108.3145,40.4386]},"properties":{"s":9.5,"pub":false}},{"type":"Feature","geometry":{"type":"Point","coordinates":[-108.3145,40.4444]},"properties":{"s":9.5,"pub":false}},{"type":"Feature","geometry":{"type":"Point","coordinates":[-108.3145,40.4502]},"properties":{"s":9.5,"pub":true}},{"type":"Feature","geometry":{"type":"Point","coordinates":[-108.3145,40.456]},"properties":{"s":9.5,"pub":true}},{"type":"Feature","geometry":{"type":"Point","coordinates":[-108.3145,40.4618]},"properties":{"s":9.5,"pub":true}},{"type":"Feature","geometry":{"type":"Point","coordinates":[-108.3145,40.4676]},"properties":{"s":9.5,"pub":true}},{"type":"Feature","geometry":{"type":"Point","coordinates":[-108.3145,40.4734]},"properties":{"s":9.5,"pub":true}},{"type":"Feature","geometry":{"type":"Point","coordinates":[-108.3145,40.4792]},"properties":{"s":9.5,"pub":true}},{"type":"Feature","geometry":{"type":"Point","coordinates":[-108.3145,40.485]},"properties":{"s":52.4,"pub":true}},{"type":"Feature","geometry":{"type":"Point","coordinates":[-108.3145,40.4908]},"properties":{"s":52.4,"pub":true}},{"type":"Feature","geometry":{"type":"Point","coordinates":[-108.3145,40.4966]},"properties":{"s":52.4,"pub":true}},{"type":"Feature","geometry":{"type":"Point","coordinates":[-108.3145,40.5024]},"properties":{"s":52.4,"pub":true}},{"type":"Feature","geometry":{"type":"Point","coordinates":[-108.3145,40.5082]},"properties":{"s":52.4,"pub":false}},{"type":"Feature","geometry":{"type":"Point","coordinates":[-108.3145,40.514]},"properties":{"s":52.4,"pub":false}},{"type":"Feature","geometry":{"type":"Point","coordinates":[-108.3145,40.5198]},"properties":{"s":52.4,"pub":false}},{"type":"Feature","geometry":{"type":"Point","coordinates":[-108.3145,40.5256]},"properties":{"s":52.4,"pub":true}},{"type":"Feature","geometry":{"type":"Point","coordinates":[-108.3145,40.5314]},"properties":{"s":52.4,"pub":true}},{"type":"Feature","geometry":{"type":"Point","coordinates":[-108.3145,40.5372]},"properties":{"s":52.4,"pub":true}},{"type":"Feature","geometry":{"type":"Point","coordinates":[-108.3145,40.543]},"properties":{"s":52.4,"pub":true}},{"type":"Feature","geometry":{"type":"Point","coordinates":[-108.3145,40.5488]},"properties":{"s":52.4,"pub":true}},{"type":"Feature","geometry":{"type":"Point","coordinates":[-108.3145,40.5546]},"properties":{"s":52.4,"pub":true}},{"type":"Feature","geometry":{"type":"Point","coordinates":[-108.3145,40.5604]},"properties":{"s":81.0,"pub":true}},{"type":"Feature","geometry":{"type":"Point","coordinates":[-108.3145,40.5662]},"properties":{"s":81.0,"pub":true}},{"type":"Feature","geometry":{"type":"Point","coordinates":[-108.3145,40.572]},"properties":{"s":100.0,"pub":true}},{"type":"Feature","geometry":{"type":"Point","coordinates":[-108.3145,40.5778]},"properties":{"s":100.0,"pub":true}},{"type":"Feature","geometry":{"type":"Point","coordinates":[-108.3145,40.5836]},"properties":{"s":100.0,"pub":true}},{"type":"Feature","geometry":{"type":"Point","coordinates":[-108.3145,40.5894]},"properties":{"s":97.6,"pub":true}},{"type":"Feature","geometry":{"type":"Point","coordinates":[-108.307,40.2936]},"properties":{"s":9.5,"pub":true}},{"type":"Feature","geometry":{"type":"Point","coordinates":[-108.307,40.2994]},"properties":{"s":9.5,"pub":true}},{"type":"Feature","geometry":{"type":"Point","coordinates":[-108.307,40.3052]},"properties":{"s":9.5,"pub":false}},{"type":"Feature","geometry":{"type":"Point","coordinates":[-108.307,40.311]},"properties":{"s":9.5,"pub":false}},{"type":"Feature","geometry":{"type":"Point","coordinates":[-108.307,40.3168]},"properties":{"s":9.5,"pub":false}},{"type":"Feature","geometry":{"type":"Point","coordinates":[-108.307,40.3226]},"properties":{"s":9.5,"pub":false}},{"type":"Feature","geometry":{"type":"Point","coordinates":[-108.307,40.3284]},"properties":{"s":9.5,"pub":true}},{"type":"Feature","geometry":{"type":"Point","coordinates":[-108.307,40.3342]},"properties":{"s":9.5,"pub":true}},{"type":"Feature","geometry":{"type":"Point","coordinates":[-108.307,40.34]},"properties":{"s":9.5,"pub":false}},{"type":"Feature","geometry":{"type":"Point","coordinates":[-108.307,40.3458]},"properties":{"s":9.5,"pub":false}},{"type":"Feature","geometry":{"type":"Point","coordinates":[-108.307,40.398]},"properties":{"s":9.5,"pub":false}},{"type":"Feature","geometry":{"type":"Point","coordinates":[-108.307,40.4038]},"properties":{"s":9.5,"pub":false}},{"type":"Feature","geometry":{"type":"Point","coordinates":[-108.307,40.4096]},"properties":{"s":9.5,"pub":false}},{"type":"Feature","geometry":{"type":"Point","coordinates":[-108.307,40.4154]},"properties":{"s":9.5,"pub":false}},{"type":"Feature","geometry":{"type":"Point","coordinates":[-108.307,40.4212]},"properties":{"s":9.5,"pub":false}},{"type":"Feature","geometry":{"type":"Point","coordinates":[-108.307,40.427]},"properties":{"s":9.5,"pub":false}},{"type":"Feature","geometry":{"type":"Point","coordinates":[-108.307,40.4328]},"properties":{"s":9.5,"pub":false}},{"type":"Feature","geometry":{"type":"Point","coordinates":[-108.307,40.4386]},"properties":{"s":9.5,"pub":false}},{"type":"Feature","geometry":{"type":"Point","coordinates":[-108.307,40.4444]},"properties":{"s":9.5,"pub":false}},{"type":"Feature","geometry":{"type":"Point","coordinates":[-108.307,40.4502]},"properties":{"s":9.5,"pub":true}},{"type":"Feature","geometry":{"type":"Point","coordinates":[-108.307,40.456]},"properties":{"s":9.5,"pub":true}},{"type":"Feature","geometry":{"type":"Point","coordinates":[-108.307,40.4618]},"properties":{"s":9.5,"pub":true}},{"type":"Feature","geometry":{"type":"Point","coordinates":[-108.307,40.4676]},"properties":{"s":9.5,"pub":true}},{"type":"Feature","geometry":{"type":"Point","coordinates":[-108.307,40.4734]},"properties":{"s":9.5,"pub":true}},{"type":"Feature","geometry":{"type":"Point","coordinates":[-108.307,40.4792]},"properties":{"s":9.5,"pub":true}},{"type":"Feature","geometry":{"type":"Point","coordinates":[-108.307,40.485]},"properties":{"s":9.5,"pub":true}},{"type":"Feature","geometry":{"type":"Point","coordinates":[-108.307,40.4908]},"properties":{"s":52.4,"pub":true}},{"type":"Feature","geometry":{"type":"Point","coordinates":[-108.307,40.4966]},"properties":{"s":52.4,"pub":true}},{"type":"Feature","geometry":{"type":"Point","coordinates":[-108.307,40.5024]},"properties":{"s":52.4,"pub":true}},{"type":"Feature","geometry":{"type":"Point","coordinates":[-108.307,40.5082]},"properties":{"s":52.4,"pub":true}},{"type":"Feature","geometry":{"type":"Point","coordinates":[-108.307,40.514]},"properties":{"s":52.4,"pub":false}},{"type":"Feature","geometry":{"type":"Point","coordinates":[-108.307,40.5198]},"properties":{"s":52.4,"pub":false}},{"type":"Feature","geometry":{"type":"Point","coordinates":[-108.307,40.5256]},"properties":{"s":52.4,"pub":true}},{"type":"Feature","geometry":{"type":"Point","coordinates":[-108.307,40.5314]},"properties":{"s":52.4,"pub":true}},{"type":"Feature","geometry":{"type":"Point","coordinates":[-108.307,40.5372]},"properties":{"s":52.4,"pub":true}},{"type":"Feature","geometry":{"type":"Point","coordinates":[-108.307,40.543]},"properties":{"s":52.4,"pub":true}},{"type":"Feature","geometry":{"type":"Point","coordinates":[-108.307,40.5488]},"properties":{"s":52.4,"pub":true}},{"type":"Feature","geometry":{"type":"Point","coordinates":[-108.307,40.5546]},"properties":{"s":52.4,"pub":true}},{"type":"Feature","geometry":{"type":"Point","coordinates":[-108.307,40.5604]},"properties":{"s":81.0,"pub":true}},{"type":"Feature","geometry":{"type":"Point","coordinates":[-108.307,40.5662]},"properties":{"s":81.0,"pub":true}},{"type":"Feature","geometry":{"type":"Point","coordinates":[-108.307,40.572]},"properties":{"s":100.0,"pub":true}},{"type":"Feature","geometry":{"type":"Point","coordinates":[-108.307,40.5778]},"properties":{"s":100.0,"pub":true}},{"type":"Feature","geometry":{"type":"Point","coordinates":[-108.307,40.5836]},"properties":{"s":100.0,"pub":true}},{"type":"Feature","geometry":{"type":"Point","coordinates":[-108.2995,40.282]},"properties":{"s":9.5,"pub":true}},{"type":"Feature","geometry":{"type":"Point","coordinates":[-108.2995,40.3052]},"properties":{"s":9.5,"pub":false}},{"type":"Feature","geometry":{"type":"Point","coordinates":[-108.2995,40.311]},"properties":{"s":9.5,"pub":false}},{"type":"Feature","geometry":{"type":"Point","coordinates":[-108.2995,40.3168]},"properties":{"s":9.5,"pub":false}},{"type":"Feature","geometry":{"type":"Point","coordinates":[-108.2995,40.3226]},"properties":{"s":9.5,"pub":false}},{"type":"Feature","geometry":{"type":"Point","coordinates":[-108.2995,40.3284]},"properties":{"s":9.5,"pub":false}},{"type":"Feature","geometry":{"type":"Point","coordinates":[-108.2995,40.3342]},"properties":{"s":9.5,"pub":true}},{"type":"Feature","geometry":{"type":"Point","coordinates":[-108.2995,40.34]},"properties":{"s":9.5,"pub":true}},{"type":"Feature","geometry":{"type":"Point","coordinates":[-108.2995,40.3458]},"properties":{"s":9.5,"pub":false}},{"type":"Feature","geometry":{"type":"Point","coordinates":[-108.2995,40.3516]},"properties":{"s":9.5,"pub":false}},{"type":"Feature","geometry":{"type":"Point","coordinates":[-108.2995,40.398]},"properties":{"s":9.5,"pub":false}},{"type":"Feature","geometry":{"type":"Point","coordinates":[-108.2995,40.4038]},"properties":{"s":9.5,"pub":false}},{"type":"Feature","geometry":{"type":"Point","coordinates":[-108.2995,40.4096]},"properties":{"s":9.5,"pub":false}},{"type":"Feature","geometry":{"type":"Point","coordinates":[-108.2995,40.4154]},"properties":{"s":9.5,"pub":true}},{"type":"Feature","geometry":{"type":"Point","coordinates":[-108.2995,40.4212]},"properties":{"s":9.5,"pub":true}},{"type":"Feature","geometry":{"type":"Point","coordinates":[-108.2995,40.427]},"properties":{"s":9.5,"pub":false}},{"type":"Feature","geometry":{"type":"Point","coordinates":[-108.2995,40.4328]},"properties":{"s":9.5,"pub":false}},{"type":"Feature","geometry":{"type":"Point","coordinates":[-108.2995,40.4386]},"properties":{"s":9.5,"pub":false}},{"type":"Feature","geometry":{"type":"Point","coordinates":[-108.2995,40.4444]},"properties":{"s":9.5,"pub":false}},{"type":"Feature","geometry":{"type":"Point","coordinates":[-108.2995,40.4502]},"properties":{"s":9.5,"pub":true}},{"type":"Feature","geometry":{"type":"Point","coordinates":[-108.2995,40.456]},"properties":{"s":9.5,"pub":true}},{"type":"Feature","geometry":{"type":"Point","coordinates":[-108.2995,40.4618]},"properties":{"s":9.5,"pub":true}},{"type":"Feature","geometry":{"type":"Point","coordinates":[-108.2995,40.4676]},"properties":{"s":9.5,"pub":true}},{"type":"Feature","geometry":{"type":"Point","coordinates":[-108.2995,40.4734]},"properties":{"s":9.5,"pub":true}},{"type":"Feature","geometry":{"type":"Point","coordinates":[-108.2995,40.4792]},"properties":{"s":9.5,"pub":true}},{"type":"Feature","geometry":{"type":"Point","coordinates":[-108.2995,40.485]},"properties":{"s":9.5,"pub":true}},{"type":"Feature","geometry":{"type":"Point","coordinates":[-108.2995,40.4908]},"properties":{"s":52.4,"pub":true}},{"type":"Feature","geometry":{"type":"Point","coordinates":[-108.2995,40.4966]},"properties":{"s":52.4,"pub":false}},{"type":"Feature","geometry":{"type":"Point","coordinates":[-108.2995,40.5024]},"properties":{"s":52.4,"pub":false}},{"type":"Feature","geometry":{"type":"Point","coordinates":[-108.2995,40.5082]},"properties":{"s":52.4,"pub":false}},{"type":"Feature","geometry":{"type":"Point","coordinates":[-108.2995,40.514]},"properties":{"s":52.4,"pub":false}},{"type":"Feature","geometry":{"type":"Point","coordinates":[-108.2995,40.5198]},"properties":{"s":52.4,"pub":true}},{"type":"Feature","geometry":{"type":"Point","coordinates":[-108.2995,40.5256]},"properties":{"s":52.4,"pub":true}},{"type":"Feature","geometry":{"type":"Point","coordinates":[-108.2995,40.5314]},"properties":{"s":52.4,"pub":true}},{"type":"Feature","geometry":{"type":"Point","coordinates":[-108.2995,40.5372]},"properties":{"s":52.4,"pub":true}},{"type":"Feature","geometry":{"type":"Point","coordinates":[-108.2995,40.543]},"properties":{"s":52.4,"pub":true}},{"type":"Feature","geometry":{"type":"Point","coordinates":[-108.2995,40.5488]},"properties":{"s":52.4,"pub":true}},{"type":"Feature","geometry":{"type":"Point","coordinates":[-108.2995,40.5546]},"properties":{"s":52.4,"pub":true}},{"type":"Feature","geometry":{"type":"Point","coordinates":[-108.2995,40.5604]},"properties":{"s":81.0,"pub":true}},{"type":"Feature","geometry":{"type":"Point","coordinates":[-108.2995,40.5662]},"properties":{"s":81.0,"pub":false}},{"type":"Feature","geometry":{"type":"Point","coordinates":[-108.2995,40.572]},"properties":{"s":81.0,"pub":false}},{"type":"Feature","geometry":{"type":"Point","coordinates":[-108.2995,40.5778]},"properties":{"s":100.0,"pub":true}},{"type":"Feature","geometry":{"type":"Point","coordinates":[-108.292,40.2762]},"properties":{"s":9.5,"pub":true}},{"type":"Feature","geometry":{"type":"Point","coordinates":[-108.292,40.282]},"properties":{"s":9.5,"pub":false}},{"type":"Feature","geometry":{"type":"Point","coordinates":[-108.292,40.311]},"properties":{"s":9.5,"pub":true}},{"type":"Feature","geometry":{"type":"Point","coordinates":[-108.292,40.3168]},"properties":{"s":9.5,"pub":true}},{"type":"Feature","geometry":{"type":"Point","coordinates":[-108.292,40.3226]},"properties":{"s":9.5,"pub":true}},{"type":"Feature","geometry":{"type":"Point","coordinates":[-108.292,40.3284]},"properties":{"s":9.5,"pub":false}},{"type":"Feature","geometry":{"type":"Point","coordinates":[-108.292,40.3342]},"properties":{"s":9.5,"pub":false}},{"type":"Feature","geometry":{"type":"Point","coordinates":[-108.292,40.34]},"properties":{"s":9.5,"pub":false}},{"type":"Feature","geometry":{"type":"Point","coordinates":[-108.292,40.3458]},"properties":{"s":9.5,"pub":false}},{"type":"Feature","geometry":{"type":"Point","coordinates":[-108.292,40.3516]},"properties":{"s":9.5,"pub":false}},{"type":"Feature","geometry":{"type":"Point","coordinates":[-108.292,40.398]},"properties":{"s":9.5,"pub":false}},{"type":"Feature","geometry":{"type":"Point","coordinates":[-108.292,40.4038]},"properties":{"s":9.5,"pub":false}},{"type":"Feature","geometry":{"type":"Point","coordinates":[-108.292,40.4096]},"properties":{"s":9.5,"pub":false}},{"type":"Feature","geometry":{"type":"Point","coordinates":[-108.292,40.4154]},"properties":{"s":9.5,"pub":false}},{"type":"Feature","geometry":{"type":"Point","coordinates":[-108.292,40.4212]},"properties":{"s":9.5,"pub":true}},{"type":"Feature","geometry":{"type":"Point","coordinates":[-108.292,40.427]},"properties":{"s":9.5,"pub":false}},{"type":"Feature","geometry":{"type":"Point","coordinates":[-108.292,40.4328]},"properties":{"s":9.5,"pub":false}},{"type":"Feature","geometry":{"type":"Point","coordinates":[-108.292,40.4386]},"properties":{"s":9.5,"pub":false}},{"type":"Feature","geometry":{"type":"Point","coordinates":[-108.292,40.4444]},"properties":{"s":9.5,"pub":false}},{"type":"Feature","geometry":{"type":"Point","coordinates":[-108.292,40.4502]},"properties":{"s":9.5,"pub":true}},{"type":"Feature","geometry":{"type":"Point","coordinates":[-108.292,40.456]},"properties":{"s":9.5,"pub":true}},{"type":"Feature","geometry":{"type":"Point","coordinates":[-108.292,40.4618]},"properties":{"s":9.5,"pub":true}},{"type":"Feature","geometry":{"type":"Point","coordinates":[-108.292,40.4676]},"properties":{"s":9.5,"pub":true}},{"type":"Feature","geometry":{"type":"Point","coordinates":[-108.292,40.4734]},"properties":{"s":9.5,"pub":true}},{"type":"Feature","geometry":{"type":"Point","coordinates":[-108.292,40.4792]},"properties":{"s":9.5,"pub":true}},{"type":"Feature","geometry":{"type":"Point","coordinates":[-108.292,40.485]},"properties":{"s":9.5,"pub":true}},{"type":"Feature","geometry":{"type":"Point","coordinates":[-108.292,40.4908]},"properties":{"s":9.5,"pub":true}},{"type":"Feature","geometry":{"type":"Point","coordinates":[-108.292,40.4966]},"properties":{"s":52.4,"pub":true}},{"type":"Feature","geometry":{"type":"Point","coordinates":[-108.292,40.5024]},"properties":{"s":52.4,"pub":false}},{"type":"Feature","geometry":{"type":"Point","coordinates":[-108.292,40.5082]},"properties":{"s":52.4,"pub":false}},{"type":"Feature","geometry":{"type":"Point","coordinates":[-108.292,40.514]},"properties":{"s":52.4,"pub":false}},{"type":"Feature","geometry":{"type":"Point","coordinates":[-108.292,40.5198]},"properties":{"s":52.4,"pub":false}},{"type":"Feature","geometry":{"type":"Point","coordinates":[-108.292,40.5256]},"properties":{"s":52.4,"pub":true}},{"type":"Feature","geometry":{"type":"Point","coordinates":[-108.292,40.5314]},"properties":{"s":52.4,"pub":true}},{"type":"Feature","geometry":{"type":"Point","coordinates":[-108.292,40.5372]},"properties":{"s":52.4,"pub":true}},{"type":"Feature","geometry":{"type":"Point","coordinates":[-108.292,40.543]},"properties":{"s":52.4,"pub":true}},{"type":"Feature","geometry":{"type":"Point","coordinates":[-108.292,40.5488]},"properties":{"s":52.4,"pub":true}},{"type":"Feature","geometry":{"type":"Point","coordinates":[-108.292,40.5546]},"properties":{"s":52.4,"pub":true}},{"type":"Feature","geometry":{"type":"Point","coordinates":[-108.292,40.5604]},"properties":{"s":81.0,"pub":true}},{"type":"Feature","geometry":{"type":"Point","coordinates":[-108.292,40.5662]},"properties":{"s":81.0,"pub":false}},{"type":"Feature","geometry":{"type":"Point","coordinates":[-108.292,40.572]},"properties":{"s":81.0,"pub":false}},{"type":"Feature","geometry":{"type":"Point","coordinates":[-108.292,40.5778]},"properties":{"s":100.0,"pub":true}},{"type":"Feature","geometry":{"type":"Point","coordinates":[-108.2845,40.282]},"properties":{"s":9.5,"pub":false}},{"type":"Feature","geometry":{"type":"Point","coordinates":[-108.2845,40.2878]},"properties":{"s":9.5,"pub":true}},{"type":"Feature","geometry":{"type":"Point","coordinates":[-108.2845,40.3284]},"properties":{"s":9.5,"pub":false}},{"type":"Feature","geometry":{"type":"Point","coordinates":[-108.2845,40.3342]},"properties":{"s":9.5,"pub":false}},{"type":"Feature","geometry":{"type":"Point","coordinates":[-108.2845,40.34]},"properties":{"s":9.5,"pub":false}},{"type":"Feature","geometry":{"type":"Point","coordinates":[-108.2845,40.3458]},"properties":{"s":9.5,"pub":false}},{"type":"Feature","geometry":{"type":"Point","coordinates":[-108.2845,40.3516]},"properties":{"s":9.5,"pub":false}},{"type":"Feature","geometry":{"type":"Point","coordinates":[-108.2845,40.3922]},"properties":{"s":9.5,"pub":false}},{"type":"Feature","geometry":{"type":"Point","coordinates":[-108.2845,40.398]},"properties":{"s":9.5,"pub":false}},{"type":"Feature","geometry":{"type":"Point","coordinates":[-108.2845,40.4038]},"properties":{"s":9.5,"pub":true}},{"type":"Feature","geometry":{"type":"Point","coordinates":[-108.2845,40.4096]},"properties":{"s":9.5,"pub":true}},{"type":"Feature","geometry":{"type":"Point","coordinates":[-108.2845,40.4154]},"properties":{"s":9.5,"pub":true}},{"type":"Feature","geometry":{"type":"Point","coordinates":[-108.2845,40.4212]},"properties":{"s":9.5,"pub":true}},{"type":"Feature","geometry":{"type":"Point","coordinates":[-108.2845,40.427]},"properties":{"s":9.5,"pub":true}},{"type":"Feature","geometry":{"type":"Point","coordinates":[-108.2845,40.4328]},"properties":{"s":9.5,"pub":true}},{"type":"Feature","geometry":{"type":"Point","coordinates":[-108.2845,40.4386]},"properties":{"s":9.5,"pub":true}},{"type":"Feature","geometry":{"type":"Point","coordinates":[-108.2845,40.4444]},"properties":{"s":9.5,"pub":true}},{"type":"Feature","geometry":{"type":"Point","coordinates":[-108.2845,40.4502]},"properties":{"s":9.5,"pub":true}},{"type":"Feature","geometry":{"type":"Point","coordinates":[-108.2845,40.456]},"properties":{"s":9.5,"pub":true}},{"type":"Feature","geometry":{"type":"Point","coordinates":[-108.2845,40.4618]},"properties":{"s":9.5,"pub":true}},{"type":"Feature","geometry":{"type":"Point","coordinates":[-108.2845,40.4676]},"properties":{"s":9.5,"pub":true}},{"type":"Feature","geometry":{"type":"Point","coordinates":[-108.2845,40.4734]},"properties":{"s":9.5,"pub":true}},{"type":"Feature","geometry":{"type":"Point","coordinates":[-108.2845,40.4792]},"properties":{"s":9.5,"pub":true}},{"type":"Feature","geometry":{"type":"Point","coordinates":[-108.2845,40.485]},"properties":{"s":9.5,"pub":true}},{"type":"Feature","geometry":{"type":"Point","coordinates":[-108.2845,40.4908]},"properties":{"s":9.5,"pub":true}},{"type":"Feature","geometry":{"type":"Point","coordinates":[-108.2845,40.4966]},"properties":{"s":9.5,"pub":true}},{"type":"Feature","geometry":{"type":"Point","coordinates":[-108.2845,40.5024]},"properties":{"s":52.4,"pub":true}},{"type":"Feature","geometry":{"type":"Point","coordinates":[-108.2845,40.5082]},"properties":{"s":52.4,"pub":false}},{"type":"Feature","geometry":{"type":"Point","coordinates":[-108.2845,40.514]},"properties":{"s":52.4,"pub":false}},{"type":"Feature","geometry":{"type":"Point","coordinates":[-108.2845,40.5198]},"properties":{"s":52.4,"pub":false}},{"type":"Feature","geometry":{"type":"Point","coordinates":[-108.2845,40.5256]},"properties":{"s":52.4,"pub":true}},{"type":"Feature","geometry":{"type":"Point","coordinates":[-108.2845,40.5314]},"properties":{"s":52.4,"pub":true}},{"type":"Feature","geometry":{"type":"Point","coordinates":[-108.2845,40.5372]},"properties":{"s":52.4,"pub":false}},{"type":"Feature","geometry":{"type":"Point","coordinates":[-108.2845,40.543]},"properties":{"s":52.4,"pub":false}},{"type":"Feature","geometry":{"type":"Point","coordinates":[-108.2845,40.5488]},"properties":{"s":52.4,"pub":false}},{"type":"Feature","geometry":{"type":"Point","coordinates":[-108.2845,40.5546]},"properties":{"s":52.4,"pub":false}},{"type":"Feature","geometry":{"type":"Point","coordinates":[-108.2845,40.5604]},"properties":{"s":81.0,"pub":false}},{"type":"Feature","geometry":{"type":"Point","coordinates":[-108.2845,40.5662]},"properties":{"s":81.0,"pub":true}},{"type":"Feature","geometry":{"type":"Point","coordinates":[-108.2845,40.572]},"properties":{"s":81.0,"pub":true}},{"type":"Feature","geometry":{"type":"Point","coordinates":[-108.277,40.2762]},"properties":{"s":9.5,"pub":true}},{"type":"Feature","geometry":{"type":"Point","coordinates":[-108.277,40.282]},"properties":{"s":9.5,"pub":false}},{"type":"Feature","geometry":{"type":"Point","coordinates":[-108.277,40.2878]},"properties":{"s":9.5,"pub":true}},{"type":"Feature","geometry":{"type":"Point","coordinates":[-108.277,40.3284]},"properties":{"s":9.5,"pub":false}},{"type":"Feature","geometry":{"type":"Point","coordinates":[-108.277,40.3342]},"properties":{"s":9.5,"pub":false}},{"type":"Feature","geometry":{"type":"Point","coordinates":[-108.277,40.34]},"properties":{"s":9.5,"pub":false}},{"type":"Feature","geometry":{"type":"Point","coordinates":[-108.277,40.3458]},"properties":{"s":9.5,"pub":false}},{"type":"Feature","geometry":{"type":"Point","coordinates":[-108.277,40.3516]},"properties":{"s":9.5,"pub":false}},{"type":"Feature","geometry":{"type":"Point","coordinates":[-108.277,40.3922]},"properties":{"s":9.5,"pub":false}},{"type":"Feature","geometry":{"type":"Point","coordinates":[-108.277,40.398]},"properties":{"s":9.5,"pub":false}},{"type":"Feature","geometry":{"type":"Point","coordinates":[-108.277,40.4038]},"properties":{"s":9.5,"pub":false}},{"type":"Feature","geometry":{"type":"Point","coordinates":[-108.277,40.4096]},"properties":{"s":9.5,"pub":false}},{"type":"Feature","geometry":{"type":"Point","coordinates":[-108.277,40.4154]},"properties":{"s":9.5,"pub":true}},{"type":"Feature","geometry":{"type":"Point","coordinates":[-108.277,40.4212]},"properties":{"s":9.5,"pub":true}},{"type":"Feature","geometry":{"type":"Point","coordinates":[-108.277,40.427]},"properties":{"s":9.5,"pub":true}},{"type":"Feature","geometry":{"type":"Point","coordinates":[-108.277,40.4328]},"properties":{"s":9.5,"pub":true}},{"type":"Feature","geometry":{"type":"Point","coordinates":[-108.277,40.4386]},"properties":{"s":9.5,"pub":true}},{"type":"Feature","geometry":{"type":"Point","coordinates":[-108.277,40.4444]},"properties":{"s":9.5,"pub":true}},{"type":"Feature","geometry":{"type":"Point","coordinates":[-108.277,40.4502]},"properties":{"s":9.5,"pub":true}},{"type":"Feature","geometry":{"type":"Point","coordinates":[-108.277,40.456]},"properties":{"s":9.5,"pub":true}},{"type":"Feature","geometry":{"type":"Point","coordinates":[-108.277,40.4618]},"properties":{"s":9.5,"pub":true}},{"type":"Feature","geometry":{"type":"Point","coordinates":[-108.277,40.4676]},"properties":{"s":9.5,"pub":true}},{"type":"Feature","geometry":{"type":"Point","coordinates":[-108.277,40.4734]},"properties":{"s":9.5,"pub":true}},{"type":"Feature","geometry":{"type":"Point","coordinates":[-108.277,40.4792]},"properties":{"s":9.5,"pub":true}},{"type":"Feature","geometry":{"type":"Point","coordinates":[-108.277,40.485]},"properties":{"s":9.5,"pub":true}},{"type":"Feature","geometry":{"type":"Point","coordinates":[-108.277,40.4908]},"properties":{"s":9.5,"pub":true}},{"type":"Feature","geometry":{"type":"Point","coordinates":[-108.277,40.4966]},"properties":{"s":9.5,"pub":true}},{"type":"Feature","geometry":{"type":"Point","coordinates":[-108.277,40.5024]},"properties":{"s":52.4,"pub":true}},{"type":"Feature","geometry":{"type":"Point","coordinates":[-108.277,40.5082]},"properties":{"s":52.4,"pub":true}},{"type":"Feature","geometry":{"type":"Point","coordinates":[-108.277,40.514]},"properties":{"s":52.4,"pub":true}},{"type":"Feature","geometry":{"type":"Point","coordinates":[-108.277,40.5198]},"properties":{"s":81.0,"pub":false}},{"type":"Feature","geometry":{"type":"Point","coordinates":[-108.277,40.5256]},"properties":{"s":81.0,"pub":false}},{"type":"Feature","geometry":{"type":"Point","coordinates":[-108.277,40.5314]},"properties":{"s":81.0,"pub":true}},{"type":"Feature","geometry":{"type":"Point","coordinates":[-108.277,40.5372]},"properties":{"s":81.0,"pub":false}},{"type":"Feature","geometry":{"type":"Point","coordinates":[-108.277,40.543]},"properties":{"s":81.0,"pub":false}},{"type":"Feature","geometry":{"type":"Point","coordinates":[-108.277,40.5488]},"properties":{"s":52.4,"pub":false}},{"type":"Feature","geometry":{"type":"Point","coordinates":[-108.277,40.5546]},"properties":{"s":81.0,"pub":false}},{"type":"Feature","geometry":{"type":"Point","coordinates":[-108.277,40.5604]},"properties":{"s":81.0,"pub":false}},{"type":"Feature","geometry":{"type":"Point","coordinates":[-108.277,40.5662]},"properties":{"s":81.0,"pub":true}},{"type":"Feature","geometry":{"type":"Point","coordinates":[-108.2695,40.2704]},"properties":{"s":9.5,"pub":true}},{"type":"Feature","geometry":{"type":"Point","coordinates":[-108.2695,40.2762]},"properties":{"s":9.5,"pub":true}},{"type":"Feature","geometry":{"type":"Point","coordinates":[-108.2695,40.282]},"properties":{"s":9.5,"pub":false}},{"type":"Feature","geometry":{"type":"Point","coordinates":[-108.2695,40.2878]},"properties":{"s":9.5,"pub":true}},{"type":"Feature","geometry":{"type":"Point","coordinates":[-108.2695,40.3226]},"properties":{"s":9.5,"pub":false}},{"type":"Feature","geometry":{"type":"Point","coordinates":[-108.2695,40.3284]},"properties":{"s":9.5,"pub":false}},{"type":"Feature","geometry":{"type":"Point","coordinates":[-108.2695,40.3342]},"properties":{"s":9.5,"pub":false}},{"type":"Feature","geometry":{"type":"Point","coordinates":[-108.2695,40.34]},"properties":{"s":9.5,"pub":false}},{"type":"Feature","geometry":{"type":"Point","coordinates":[-108.2695,40.3458]},"properties":{"s":9.5,"pub":false}},{"type":"Feature","geometry":{"type":"Point","coordinates":[-108.2695,40.3516]},"properties":{"s":9.5,"pub":false}},{"type":"Feature","geometry":{"type":"Point","coordinates":[-108.2695,40.3864]},"properties":{"s":9.5,"pub":false}},{"type":"Feature","geometry":{"type":"Point","coordinates":[-108.2695,40.3922]},"properties":{"s":9.5,"pub":false}},{"type":"Feature","geometry":{"type":"Point","coordinates":[-108.2695,40.398]},"properties":{"s":9.5,"pub":false}},{"type":"Feature","geometry":{"type":"Point","coordinates":[-108.2695,40.4038]},"properties":{"s":9.5,"pub":false}},{"type":"Feature","geometry":{"type":"Point","coordinates":[-108.2695,40.4096]},"properties":{"s":9.5,"pub":false}},{"type":"Feature","geometry":{"type":"Point","coordinates":[-108.2695,40.4154]},"properties":{"s":9.5,"pub":true}},{"type":"Feature","geometry":{"type":"Point","coordinates":[-108.2695,40.4212]},"properties":{"s":9.5,"pub":true}},{"type":"Feature","geometry":{"type":"Point","coordinates":[-108.2695,40.427]},"properties":{"s":9.5,"pub":true}},{"type":"Feature","geometry":{"type":"Point","coordinates":[-108.2695,40.4328]},"properties":{"s":9.5,"pub":true}},{"type":"Feature","geometry":{"type":"Point","coordinates":[-108.2695,40.4386]},"properties":{"s":9.5,"pub":true}},{"type":"Feature","geometry":{"type":"Point","coordinates":[-108.2695,40.4444]},"properties":{"s":9.5,"pub":true}},{"type":"Feature","geometry":{"type":"Point","coordinates":[-108.2695,40.4502]},"properties":{"s":9.5,"pub":true}},{"type":"Feature","geometry":{"type":"Point","coordinates":[-108.2695,40.456]},"properties":{"s":9.5,"pub":true}},{"type":"Feature","geometry":{"type":"Point","coordinates":[-108.2695,40.4618]},"properties":{"s":9.5,"pub":true}},{"type":"Feature","geometry":{"type":"Point","coordinates":[-108.2695,40.4676]},"properties":{"s":9.5,"pub":true}},{"type":"Feature","geometry":{"type":"Point","coordinates":[-108.2695,40.4734]},"properties":{"s":9.5,"pub":true}},{"type":"Feature","geometry":{"type":"Point","coordinates":[-108.2695,40.4792]},"properties":{"s":9.5,"pub":true}},{"type":"Feature","geometry":{"type":"Point","coordinates":[-108.2695,40.485]},"properties":{"s":9.5,"pub":true}},{"type":"Feature","geometry":{"type":"Point","coordinates":[-108.2695,40.4908]},"properties":{"s":9.5,"pub":true}},{"type":"Feature","geometry":{"type":"Point","coordinates":[-108.2695,40.4966]},"properties":{"s":9.5,"pub":true}},{"type":"Feature","geometry":{"type":"Point","coordinates":[-108.2695,40.5024]},"properties":{"s":9.5,"pub":true}},{"type":"Feature","geometry":{"type":"Point","coordinates":[-108.2695,40.5082]},"properties":{"s":52.4,"pub":true}},{"type":"Feature","geometry":{"type":"Point","coordinates":[-108.2695,40.514]},"properties":{"s":81.0,"pub":true}},{"type":"Feature","geometry":{"type":"Point","coordinates":[-108.2695,40.5198]},"properties":{"s":81.0,"pub":false}},{"type":"Feature","geometry":{"type":"Point","coordinates":[-108.2695,40.5256]},"properties":{"s":81.0,"pub":false}},{"type":"Feature","geometry":{"type":"Point","coordinates":[-108.2695,40.5314]},"properties":{"s":81.0,"pub":true}},{"type":"Feature","geometry":{"type":"Point","coordinates":[-108.2695,40.5372]},"properties":{"s":81.0,"pub":true}},{"type":"Feature","geometry":{"type":"Point","coordinates":[-108.2695,40.543]},"properties":{"s":81.0,"pub":true}},{"type":"Feature","geometry":{"type":"Point","coordinates":[-108.2695,40.5488]},"properties":{"s":81.0,"pub":true}},{"type":"Feature","geometry":{"type":"Point","coordinates":[-108.2695,40.5546]},"properties":{"s":81.0,"pub":false}},{"type":"Feature","geometry":{"type":"Point","coordinates":[-108.2695,40.5604]},"properties":{"s":81.0,"pub":false}},{"type":"Feature","geometry":{"type":"Point","coordinates":[-108.2695,40.5662]},"properties":{"s":81.0,"pub":false}},{"type":"Feature","geometry":{"type":"Point","coordinates":[-108.262,40.2704]},"properties":{"s":9.5,"pub":true}},{"type":"Feature","geometry":{"type":"Point","coordinates":[-108.262,40.2762]},"properties":{"s":9.5,"pub":true}},{"type":"Feature","geometry":{"type":"Point","coordinates":[-108.262,40.282]},"properties":{"s":9.5,"pub":false}},{"type":"Feature","geometry":{"type":"Point","coordinates":[-108.262,40.2878]},"properties":{"s":9.5,"pub":false}},{"type":"Feature","geometry":{"type":"Point","coordinates":[-108.262,40.2936]},"properties":{"s":9.5,"pub":false}},{"type":"Feature","geometry":{"type":"Point","coordinates":[-108.262,40.311]},"properties":{"s":9.5,"pub":false}},{"type":"Feature","geometry":{"type":"Point","coordinates":[-108.262,40.3168]},"properties":{"s":9.5,"pub":false}},{"type":"Feature","geometry":{"type":"Point","coordinates":[-108.262,40.3226]},"properties":{"s":9.5,"pub":false}},{"type":"Feature","geometry":{"type":"Point","coordinates":[-108.262,40.3284]},"properties":{"s":9.5,"pub":false}},{"type":"Feature","geometry":{"type":"Point","coordinates":[-108.262,40.3342]},"properties":{"s":9.5,"pub":false}},{"type":"Feature","geometry":{"type":"Point","coordinates":[-108.262,40.34]},"properties":{"s":9.5,"pub":false}},{"type":"Feature","geometry":{"type":"Point","coordinates":[-108.262,40.3458]},"properties":{"s":9.5,"pub":false}},{"type":"Feature","geometry":{"type":"Point","coordinates":[-108.262,40.3516]},"properties":{"s":9.5,"pub":true}},{"type":"Feature","geometry":{"type":"Point","coordinates":[-108.262,40.3864]},"properties":{"s":9.5,"pub":false}},{"type":"Feature","geometry":{"type":"Point","coordinates":[-108.262,40.3922]},"properties":{"s":9.5,"pub":true}},{"type":"Feature","geometry":{"type":"Point","coordinates":[-108.262,40.398]},"properties":{"s":9.5,"pub":false}},{"type":"Feature","geometry":{"type":"Point","coordinates":[-108.262,40.4038]},"properties":{"s":9.5,"pub":false}},{"type":"Feature","geometry":{"type":"Point","coordinates":[-108.262,40.4096]},"properties":{"s":9.5,"pub":true}},{"type":"Feature","geometry":{"type":"Point","coordinates":[-108.262,40.4154]},"properties":{"s":9.5,"pub":true}},{"type":"Feature","geometry":{"type":"Point","coordinates":[-108.262,40.4212]},"properties":{"s":9.5,"pub":true}},{"type":"Feature","geometry":{"type":"Point","coordinates":[-108.262,40.427]},"properties":{"s":9.5,"pub":true}},{"type":"Feature","geometry":{"type":"Point","coordinates":[-108.262,40.4328]},"properties":{"s":9.5,"pub":true}},{"type":"Feature","geometry":{"type":"Point","coordinates":[-108.262,40.4386]},"properties":{"s":9.5,"pub":true}},{"type":"Feature","geometry":{"type":"Point","coordinates":[-108.262,40.4444]},"properties":{"s":9.5,"pub":true}},{"type":"Feature","geometry":{"type":"Point","coordinates":[-108.262,40.4502]},"properties":{"s":9.5,"pub":true}},{"type":"Feature","geometry":{"type":"Point","coordinates":[-108.262,40.456]},"properties":{"s":9.5,"pub":true}},{"type":"Feature","geometry":{"type":"Point","coordinates":[-108.262,40.4618]},"properties":{"s":9.5,"pub":true}},{"type":"Feature","geometry":{"type":"Point","coordinates":[-108.262,40.4676]},"properties":{"s":9.5,"pub":true}},{"type":"Feature","geometry":{"type":"Point","coordinates":[-108.262,40.4734]},"properties":{"s":9.5,"pub":true}},{"type":"Feature","geometry":{"type":"Point","coordinates":[-108.262,40.4792]},"properties":{"s":9.5,"pub":true}},{"type":"Feature","geometry":{"type":"Point","coordinates":[-108.262,40.485]},"properties":{"s":9.5,"pub":true}},{"type":"Feature","geometry":{"type":"Point","coordinates":[-108.262,40.4908]},"properties":{"s":9.5,"pub":true}},{"type":"Feature","geometry":{"type":"Point","coordinates":[-108.262,40.4966]},"properties":{"s":9.5,"pub":true}},{"type":"Feature","geometry":{"type":"Point","coordinates":[-108.262,40.5024]},"properties":{"s":9.5,"pub":true}},{"type":"Feature","geometry":{"type":"Point","coordinates":[-108.262,40.5082]},"properties":{"s":52.4,"pub":true}},{"type":"Feature","geometry":{"type":"Point","coordinates":[-108.262,40.514]},"properties":{"s":81.0,"pub":true}},{"type":"Feature","geometry":{"type":"Point","coordinates":[-108.262,40.5198]},"properties":{"s":81.0,"pub":false}},{"type":"Feature","geometry":{"type":"Point","coordinates":[-108.262,40.5256]},"properties":{"s":81.0,"pub":false}},{"type":"Feature","geometry":{"type":"Point","coordinates":[-108.262,40.5314]},"properties":{"s":81.0,"pub":true}},{"type":"Feature","geometry":{"type":"Point","coordinates":[-108.262,40.5372]},"properties":{"s":81.0,"pub":true}},{"type":"Feature","geometry":{"type":"Point","coordinates":[-108.262,40.543]},"properties":{"s":81.0,"pub":true}},{"type":"Feature","geometry":{"type":"Point","coordinates":[-108.262,40.5488]},"properties":{"s":81.0,"pub":true}},{"type":"Feature","geometry":{"type":"Point","coordinates":[-108.262,40.5546]},"properties":{"s":81.0,"pub":false}},{"type":"Feature","geometry":{"type":"Point","coordinates":[-108.262,40.5604]},"properties":{"s":81.0,"pub":false}},{"type":"Feature","geometry":{"type":"Point","coordinates":[-108.2545,40.1718]},"properties":{"s":40.5,"pub":true}},{"type":"Feature","geometry":{"type":"Point","coordinates":[-108.2545,40.1776]},"properties":{"s":35.7,"pub":true}},{"type":"Feature","geometry":{"type":"Point","coordinates":[-108.2545,40.2704]},"properties":{"s":9.5,"pub":true}},{"type":"Feature","geometry":{"type":"Point","coordinates":[-108.2545,40.2762]},"properties":{"s":9.5,"pub":true}},{"type":"Feature","geometry":{"type":"Point","coordinates":[-108.2545,40.282]},"properties":{"s":9.5,"pub":true}},{"type":"Feature","geometry":{"type":"Point","coordinates":[-108.2545,40.2878]},"properties":{"s":9.5,"pub":true}},{"type":"Feature","geometry":{"type":"Point","coordinates":[-108.2545,40.2936]},"properties":{"s":9.5,"pub":true}},{"type":"Feature","geometry":{"type":"Point","coordinates":[-108.2545,40.2994]},"properties":{"s":9.5,"pub":true}},{"type":"Feature","geometry":{"type":"Point","coordinates":[-108.2545,40.3052]},"properties":{"s":9.5,"pub":false}},{"type":"Feature","geometry":{"type":"Point","coordinates":[-108.2545,40.311]},"properties":{"s":9.5,"pub":false}},{"type":"Feature","geometry":{"type":"Point","coordinates":[-108.2545,40.3168]},"properties":{"s":9.5,"pub":false}},{"type":"Feature","geometry":{"type":"Point","coordinates":[-108.2545,40.3226]},"properties":{"s":9.5,"pub":false}},{"type":"Feature","geometry":{"type":"Point","coordinates":[-108.2545,40.3284]},"properties":{"s":9.5,"pub":false}},{"type":"Feature","geometry":{"type":"Point","coordinates":[-108.2545,40.3342]},"properties":{"s":9.5,"pub":true}},{"type":"Feature","geometry":{"type":"Point","coordinates":[-108.2545,40.34]},"properties":{"s":9.5,"pub":true}},{"type":"Feature","geometry":{"type":"Point","coordinates":[-108.2545,40.3458]},"properties":{"s":9.5,"pub":true}},{"type":"Feature","geometry":{"type":"Point","coordinates":[-108.2545,40.3516]},"properties":{"s":9.5,"pub":true}},{"type":"Feature","geometry":{"type":"Point","coordinates":[-108.2545,40.3574]},"properties":{"s":9.5,"pub":true}},{"type":"Feature","geometry":{"type":"Point","coordinates":[-108.2545,40.3922]},"properties":{"s":9.5,"pub":true}},{"type":"Feature","geometry":{"type":"Point","coordinates":[-108.2545,40.398]},"properties":{"s":9.5,"pub":false}},{"type":"Feature","geometry":{"type":"Point","coordinates":[-108.2545,40.4038]},"properties":{"s":9.5,"pub":false}},{"type":"Feature","geometry":{"type":"Point","coordinates":[-108.2545,40.4096]},"properties":{"s":9.5,"pub":true}},{"type":"Feature","geometry":{"type":"Point","coordinates":[-108.2545,40.4154]},"properties":{"s":9.5,"pub":true}},{"type":"Feature","geometry":{"type":"Point","coordinates":[-108.2545,40.4212]},"properties":{"s":9.5,"pub":true}},{"type":"Feature","geometry":{"type":"Point","coordinates":[-108.2545,40.427]},"properties":{"s":9.5,"pub":true}},{"type":"Feature","geometry":{"type":"Point","coordinates":[-108.2545,40.4328]},"properties":{"s":9.5,"pub":true}},{"type":"Feature","geometry":{"type":"Point","coordinates":[-108.2545,40.4386]},"properties":{"s":9.5,"pub":false}},{"type":"Feature","geometry":{"type":"Point","coordinates":[-108.2545,40.4444]},"properties":{"s":9.5,"pub":true}},{"type":"Feature","geometry":{"type":"Point","coordinates":[-108.2545,40.4502]},"properties":{"s":9.5,"pub":true}},{"type":"Feature","geometry":{"type":"Point","coordinates":[-108.2545,40.456]},"properties":{"s":9.5,"pub":true}},{"type":"Feature","geometry":{"type":"Point","coordinates":[-108.2545,40.4618]},"properties":{"s":9.5,"pub":true}},{"type":"Feature","geometry":{"type":"Point","coordinates":[-108.2545,40.4676]},"properties":{"s":9.5,"pub":true}},{"type":"Feature","geometry":{"type":"Point","coordinates":[-108.2545,40.4734]},"properties":{"s":9.5,"pub":true}},{"type":"Feature","geometry":{"type":"Point","coordinates":[-108.2545,40.4792]},"properties":{"s":9.5,"pub":true}},{"type":"Feature","geometry":{"type":"Point","coordinates":[-108.2545,40.485]},"properties":{"s":9.5,"pub":true}},{"type":"Feature","geometry":{"type":"Point","coordinates":[-108.2545,40.4908]},"properties":{"s":9.5,"pub":true}},{"type":"Feature","geometry":{"type":"Point","coordinates":[-108.2545,40.4966]},"properties":{"s":9.5,"pub":true}},{"type":"Feature","geometry":{"type":"Point","coordinates":[-108.2545,40.5024]},"properties":{"s":9.5,"pub":true}},{"type":"Feature","geometry":{"type":"Point","coordinates":[-108.2545,40.5082]},"properties":{"s":9.5,"pub":true}},{"type":"Feature","geometry":{"type":"Point","coordinates":[-108.2545,40.514]},"properties":{"s":81.0,"pub":true}},{"type":"Feature","geometry":{"type":"Point","coordinates":[-108.2545,40.5198]},"properties":{"s":81.0,"pub":true}},{"type":"Feature","geometry":{"type":"Point","coordinates":[-108.2545,40.5256]},"properties":{"s":81.0,"pub":false}},{"type":"Feature","geometry":{"type":"Point","coordinates":[-108.2545,40.5314]},"properties":{"s":81.0,"pub":false}},{"type":"Feature","geometry":{"type":"Point","coordinates":[-108.2545,40.5372]},"properties":{"s":81.0,"pub":false}},{"type":"Feature","geometry":{"type":"Point","coordinates":[-108.2545,40.543]},"properties":{"s":81.0,"pub":false}},{"type":"Feature","geometry":{"type":"Point","coordinates":[-108.2545,40.5488]},"properties":{"s":81.0,"pub":false}},{"type":"Feature","geometry":{"type":"Point","coordinates":[-108.2545,40.5546]},"properties":{"s":81.0,"pub":true}},{"type":"Feature","geometry":{"type":"Point","coordinates":[-108.247,40.166]},"properties":{"s":40.5,"pub":true}},{"type":"Feature","geometry":{"type":"Point","coordinates":[-108.247,40.1718]},"properties":{"s":35.7,"pub":true}},{"type":"Feature","geometry":{"type":"Point","coordinates":[-108.247,40.1776]},"properties":{"s":35.7,"pub":true}},{"type":"Feature","geometry":{"type":"Point","coordinates":[-108.247,40.1834]},"properties":{"s":35.7,"pub":true}},{"type":"Feature","geometry":{"type":"Point","coordinates":[-108.247,40.2704]},"properties":{"s":9.5,"pub":true}},{"type":"Feature","geometry":{"type":"Point","coordinates":[-108.247,40.2762]},"properties":{"s":9.5,"pub":true}},{"type":"Feature","geometry":{"type":"Point","coordinates":[-108.247,40.282]},"properties":{"s":9.5,"pub":true}},{"type":"Feature","geometry":{"type":"Point","coordinates":[-108.247,40.2878]},"properties":{"s":9.5,"pub":true}},{"type":"Feature","geometry":{"type":"Point","coordinates":[-108.247,40.2936]},"properties":{"s":9.5,"pub":true}},{"type":"Feature","geometry":{"type":"Point","coordinates":[-108.247,40.2994]},"properties":{"s":9.5,"pub":true}},{"type":"Feature","geometry":{"type":"Point","coordinates":[-108.247,40.3052]},"properties":{"s":9.5,"pub":false}},{"type":"Feature","geometry":{"type":"Point","coordinates":[-108.247,40.311]},"properties":{"s":9.5,"pub":false}},{"type":"Feature","geometry":{"type":"Point","coordinates":[-108.247,40.3168]},"properties":{"s":9.5,"pub":false}},{"type":"Feature","geometry":{"type":"Point","coordinates":[-108.247,40.3226]},"properties":{"s":9.5,"pub":false}},{"type":"Feature","geometry":{"type":"Point","coordinates":[-108.247,40.3284]},"properties":{"s":9.5,"pub":false}},{"type":"Feature","geometry":{"type":"Point","coordinates":[-108.247,40.3342]},"properties":{"s":9.5,"pub":true}},{"type":"Feature","geometry":{"type":"Point","coordinates":[-108.247,40.34]},"properties":{"s":9.5,"pub":true}},{"type":"Feature","geometry":{"type":"Point","coordinates":[-108.247,40.3458]},"properties":{"s":9.5,"pub":true}},{"type":"Feature","geometry":{"type":"Point","coordinates":[-108.247,40.3516]},"properties":{"s":9.5,"pub":true}},{"type":"Feature","geometry":{"type":"Point","coordinates":[-108.247,40.3574]},"properties":{"s":9.5,"pub":true}},{"type":"Feature","geometry":{"type":"Point","coordinates":[-108.247,40.3922]},"properties":{"s":9.5,"pub":false}},{"type":"Feature","geometry":{"type":"Point","coordinates":[-108.247,40.398]},"properties":{"s":9.5,"pub":false}},{"type":"Feature","geometry":{"type":"Point","coordinates":[-108.247,40.4038]},"properties":{"s":9.5,"pub":false}},{"type":"Feature","geometry":{"type":"Point","coordinates":[-108.247,40.4096]},"properties":{"s":9.5,"pub":false}},{"type":"Feature","geometry":{"type":"Point","coordinates":[-108.247,40.4154]},"properties":{"s":9.5,"pub":true}},{"type":"Feature","geometry":{"type":"Point","coordinates":[-108.247,40.4212]},"properties":{"s":9.5,"pub":true}},{"type":"Feature","geometry":{"type":"Point","coordinates":[-108.247,40.427]},"properties":{"s":9.5,"pub":true}},{"type":"Feature","geometry":{"type":"Point","coordinates":[-108.247,40.4328]},"properties":{"s":9.5,"pub":true}},{"type":"Feature","geometry":{"type":"Point","coordinates":[-108.247,40.4386]},"properties":{"s":9.5,"pub":false}},{"type":"Feature","geometry":{"type":"Point","coordinates":[-108.247,40.4444]},"properties":{"s":9.5,"pub":true}},{"type":"Feature","geometry":{"type":"Point","coordinates":[-108.247,40.4502]},"properties":{"s":9.5,"pub":true}},{"type":"Feature","geometry":{"type":"Point","coordinates":[-108.247,40.456]},"properties":{"s":9.5,"pub":true}},{"type":"Feature","geometry":{"type":"Point","coordinates":[-108.247,40.4618]},"properties":{"s":9.5,"pub":true}},{"type":"Feature","geometry":{"type":"Point","coordinates":[-108.247,40.4676]},"properties":{"s":9.5,"pub":true}},{"type":"Feature","geometry":{"type":"Point","coordinates":[-108.247,40.4734]},"properties":{"s":9.5,"pub":true}},{"type":"Feature","geometry":{"type":"Point","coordinates":[-108.247,40.4792]},"properties":{"s":9.5,"pub":true}},{"type":"Feature","geometry":{"type":"Point","coordinates":[-108.247,40.485]},"properties":{"s":9.5,"pub":true}},{"type":"Feature","geometry":{"type":"Point","coordinates":[-108.247,40.4908]},"properties":{"s":9.5,"pub":true}},{"type":"Feature","geometry":{"type":"Point","coordinates":[-108.247,40.4966]},"properties":{"s":9.5,"pub":true}},{"type":"Feature","geometry":{"type":"Point","coordinates":[-108.247,40.5024]},"properties":{"s":9.5,"pub":true}},{"type":"Feature","geometry":{"type":"Point","coordinates":[-108.247,40.5082]},"properties":{"s":9.5,"pub":true}},{"type":"Feature","geometry":{"type":"Point","coordinates":[-108.247,40.514]},"properties":{"s":81.0,"pub":true}},{"type":"Feature","geometry":{"type":"Point","coordinates":[-108.247,40.5198]},"properties":{"s":81.0,"pub":true}},{"type":"Feature","geometry":{"type":"Point","coordinates":[-108.247,40.5256]},"properties":{"s":81.0,"pub":true}},{"type":"Feature","geometry":{"type":"Point","coordinates":[-108.247,40.5314]},"properties":{"s":81.0,"pub":false}},{"type":"Feature","geometry":{"type":"Point","coordinates":[-108.247,40.5372]},"properties":{"s":81.0,"pub":false}},{"type":"Feature","geometry":{"type":"Point","coordinates":[-108.247,40.543]},"properties":{"s":81.0,"pub":false}},{"type":"Feature","geometry":{"type":"Point","coordinates":[-108.247,40.5488]},"properties":{"s":81.0,"pub":false}},{"type":"Feature","geometry":{"type":"Point","coordinates":[-108.247,40.5546]},"properties":{"s":81.0,"pub":true}},{"type":"Feature","geometry":{"type":"Point","coordinates":[-108.2395,40.166]},"properties":{"s":40.5,"pub":true}},{"type":"Feature","geometry":{"type":"Point","coordinates":[-108.2395,40.1718]},"properties":{"s":35.7,"pub":true}},{"type":"Feature","geometry":{"type":"Point","coordinates":[-108.2395,40.1776]},"properties":{"s":35.7,"pub":true}},{"type":"Feature","geometry":{"type":"Point","coordinates":[-108.2395,40.1834]},"properties":{"s":35.7,"pub":true}},{"type":"Feature","geometry":{"type":"Point","coordinates":[-108.2395,40.1892]},"properties":{"s":35.7,"pub":true}},{"type":"Feature","geometry":{"type":"Point","coordinates":[-108.2395,40.195]},"properties":{"s":35.7,"pub":true}},{"type":"Feature","geometry":{"type":"Point","coordinates":[-108.2395,40.2704]},"properties":{"s":23.8,"pub":true}},{"type":"Feature","geometry":{"type":"Point","coordinates":[-108.2395,40.2762]},"properties":{"s":23.8,"pub":true}},{"type":"Feature","geometry":{"type":"Point","coordinates":[-108.2395,40.282]},"properties":{"s":23.8,"pub":true}},{"type":"Feature","geometry":{"type":"Point","coordinates":[-108.2395,40.2878]},"properties":{"s":23.8,"pub":true}},{"type":"Feature","geometry":{"type":"Point","coordinates":[-108.2395,40.2936]},"properties":{"s":23.8,"pub":true}},{"type":"Feature","geometry":{"type":"Point","coordinates":[-108.2395,40.2994]},"properties":{"s":23.8,"pub":true}}]}