{"type":"FeatureCollection","features":[{"type":"Feature","geometry":{"type":"Point","coordinates":[-107.827,40.1652]},"properties":{"s":93.3,"pub":false}},{"type":"Feature","geometry":{"type":"Point","coordinates":[-107.827,40.171]},"properties":{"s":93.3,"pub":false}},{"type":"Feature","geometry":{"type":"Point","coordinates":[-107.827,40.1768]},"properties":{"s":93.3,"pub":false}},{"type":"Feature","geometry":{"type":"Point","coordinates":[-107.827,40.1826]},"properties":{"s":93.3,"pub":true}},{"type":"Feature","geometry":{"type":"Point","coordinates":[-107.827,40.1884]},"properties":{"s":93.3,"pub":false}},{"type":"Feature","geometry":{"type":"Point","coordinates":[-107.827,40.1942]},"properties":{"s":93.3,"pub":false}},{"type":"Feature","geometry":{"type":"Point","coordinates":[-107.8195,40.1594]},"properties":{"s":93.3,"pub":false}},{"type":"Feature","geometry":{"type":"Point","coordinates":[-107.8195,40.1652]},"properties":{"s":93.3,"pub":false}},{"type":"Feature","geometry":{"type":"Point","coordinates":[-107.8195,40.171]},"properties":{"s":93.3,"pub":false}},{"type":"Feature","geometry":{"type":"Point","coordinates":[-107.8195,40.1768]},"properties":{"s":93.3,"pub":false}},{"type":"Feature","geometry":{"type":"Point","coordinates":[-107.8195,40.1826]},"properties":{"s":93.3,"pub":true}},{"type":"Feature","geometry":{"type":"Point","coordinates":[-107.8195,40.1884]},"properties":{"s":93.3,"pub":true}},{"type":"Feature","geometry":{"type":"Point","coordinates":[-107.8195,40.1942]},"properties":{"s":93.3,"pub":true}},{"type":"Feature","geometry":{"type":"Point","coordinates":[-107.8195,40.2]},"properties":{"s":93.3,"pub":true}},{"type":"Feature","geometry":{"type":"Point","coordinates":[-107.8195,40.2058]},"properties":{"s":93.3,"pub":true}},{"type":"Feature","geometry":{"type":"Point","coordinates":[-107.8195,40.2116]},"properties":{"s":93.3,"pub":false}},{"type":"Feature","geometry":{"type":"Point","coordinates":[-107.812,40.1536]},"properties":{"s":93.3,"pub":false}},{"type":"Feature","geometry":{"type":"Point","coordinates":[-107.812,40.1594]},"properties":{"s":93.3,"pub":false}},{"type":"Feature","geometry":{"type":"Point","coordinates":[-107.812,40.1652]},"properties":{"s":93.3,"pub":false}},{"type":"Feature","geometry":{"type":"Point","coordinates":[-107.812,40.171]},"properties":{"s":93.3,"pub":false}},{"type":"Feature","geometry":{"type":"Point","coordinates":[-107.812,40.1768]},"properties":{"s":93.3,"pub":false}},{"type":"Feature","geometry":{"type":"Point","coordinates":[-107.812,40.1826]},"properties":{"s":93.3,"pub":true}},{"type":"Feature","geometry":{"type":"Point","coordinates":[-107.812,40.1884]},"properties":{"s":93.3,"pub":false}},{"type":"Feature","geometry":{"type":"Point","coordinates":[-107.812,40.1942]},"properties":{"s":93.3,"pub":false}},{"type":"Feature","geometry":{"type":"Point","coordinates":[-107.812,40.2]},"properties":{"s":93.3,"pub":false}},{"type":"Feature","geometry":{"type":"Point","coordinates":[-107.812,40.2058]},"properties":{"s":93.3,"pub":true}},{"type":"Feature","geometry":{"type":"Point","coordinates":[-107.812,40.2116]},"properties":{"s":93.3,"pub":true}},{"type":"Feature","geometry":{"type":"Point","coordinates":[-107.812,40.2174]},"properties":{"s":93.3,"pub":false}},{"type":"Feature","geometry":{"type":"Point","coordinates":[-107.8045,40.1478]},"properties":{"s":93.3,"pub":true}},{"type":"Feature","geometry":{"type":"Point","coordinates":[-107.8045,40.1536]},"properties":{"s":93.3,"pub":true}},{"type":"Feature","geometry":{"type":"Point","coordinates":[-107.8045,40.1594]},"properties":{"s":93.3,"pub":true}},{"type":"Feature","geometry":{"type":"Point","coordinates":[-107.8045,40.1652]},"properties":{"s":93.3,"pub":true}},{"type":"Feature","geometry":{"type":"Point","coordinates":[-107.8045,40.171]},"properties":{"s":93.3,"pub":true}},{"type":"Feature","geometry":{"type":"Point","coordinates":[-107.8045,40.1768]},"properties":{"s":93.3,"pub":true}},{"type":"Feature","geometry":{"type":"Point","coordinates":[-107.8045,40.1826]},"properties":{"s":93.3,"pub":false}},{"type":"Feature","geometry":{"type":"Point","coordinates":[-107.8045,40.1884]},"properties":{"s":93.3,"pub":false}},{"type":"Feature","geometry":{"type":"Point","coordinates":[-107.8045,40.1942]},"properties":{"s":93.3,"pub":false}},{"type":"Feature","geometry":{"type":"Point","coordinates":[-107.8045,40.2]},"properties":{"s":93.3,"pub":false}},{"type":"Feature","geometry":{"type":"Point","coordinates":[-107.8045,40.2058]},"properties":{"s":93.3,"pub":false}},{"type":"Feature","geometry":{"type":"Point","coordinates":[-107.8045,40.2116]},"properties":{"s":93.3,"pub":false}},{"type":"Feature","geometry":{"type":"Point","coordinates":[-107.8045,40.2174]},"properties":{"s":93.3,"pub":false}},{"type":"Feature","geometry":{"type":"Point","coordinates":[-107.8045,40.2232]},"properties":{"s":93.3,"pub":false}},{"type":"Feature","geometry":{"type":"Point","coordinates":[-107.797,40.1478]},"properties":{"s":93.3,"pub":true}},{"type":"Feature","geometry":{"type":"Point","coordinates":[-107.797,40.1536]},"properties":{"s":93.3,"pub":true}},{"type":"Feature","geometry":{"type":"Point","coordinates":[-107.797,40.1594]},"properties":{"s":93.3,"pub":true}},{"type":"Feature","geometry":{"type":"Point","coordinates":[-107.797,40.1652]},"properties":{"s":93.3,"pub":true}},{"type":"Feature","geometry":{"type":"Point","coordinates":[-107.797,40.171]},"properties":{"s":93.3,"pub":true}},{"type":"Feature","geometry":{"type":"Point","coordinates":[-107.797,40.1768]},"properties":{"s":93.3,"pub":true}},{"type":"Feature","geometry":{"type":"Point","coordinates":[-107.797,40.1826]},"properties":{"s":93.3,"pub":false}},{"type":"Feature","geometry":{"type":"Point","coordinates":[-107.797,40.1884]},"properties":{"s":93.3,"pub":false}},{"type":"Feature","geometry":{"type":"Point","coordinates":[-107.797,40.1942]},"properties":{"s":93.3,"pub":false}},{"type":"Feature","geometry":{"type":"Point","coordinates":[-107.797,40.2]},"properties":{"s":93.3,"pub":false}},{"type":"Feature","geometry":{"type":"Point","coordinates":[-107.797,40.2058]},"properties":{"s":93.3,"pub":false}},{"type":"Feature","geometry":{"type":"Point","coordinates":[-107.797,40.2116]},"properties":{"s":93.3,"pub":false}},{"type":"Feature","geometry":{"type":"Point","coordinates":[-107.797,40.2174]},"properties":{"s":93.3,"pub":false}},{"type":"Feature","geometry":{"type":"Point","coordinates":[-107.797,40.2232]},"properties":{"s":93.3,"pub":false}},{"type":"Feature","geometry":{"type":"Point","coordinates":[-107.797,40.229]},"properties":{"s":93.3,"pub":false}},{"type":"Feature","geometry":{"type":"Point","coordinates":[-107.7895,40.1478]},"properties":{"s":93.3,"pub":true}},{"type":"Feature","geometry":{"type":"Point","coordinates":[-107.7895,40.1536]},"properties":{"s":93.3,"pub":true}},{"type":"Feature","geometry":{"type":"Point","coordinates":[-107.7895,40.1594]},"properties":{"s":93.3,"pub":true}},{"type":"Feature","geometry":{"type":"Point","coordinates":[-107.7895,40.1652]},"properties":{"s":93.3,"pub":true}},{"type":"Feature","geometry":{"type":"Point","coordinates":[-107.7895,40.171]},"properties":{"s":93.3,"pub":true}},{"type":"Feature","geometry":{"type":"Point","coordinates":[-107.7895,40.1768]},"properties":{"s":93.3,"pub":true}},{"type":"Feature","geometry":{"type":"Point","coordinates":[-107.7895,40.1826]},"properties":{"s":93.3,"pub":false}},{"type":"Feature","geometry":{"type":"Point","coordinates":[-107.7895,40.1884]},"properties":{"s":93.3,"pub":false}},{"type":"Feature","geometry":{"type":"Point","coordinates":[-107.7895,40.1942]},"properties":{"s":93.3,"pub":false}},{"type":"Feature","geometry":{"type":"Point","coordinates":[-107.7895,40.2]},"properties":{"s":93.3,"pub":false}},{"type":"Feature","geometry":{"type":"Point","coordinates":[-107.7895,40.2058]},"properties":{"s":93.3,"pub":false}},{"type":"Feature","geometry":{"type":"Point","coordinates":[-107.7895,40.2116]},"properties":{"s":93.3,"pub":false}},{"type":"Feature","geometry":{"type":"Point","coordinates":[-107.7895,40.2174]},"properties":{"s":93.3,"pub":false}},{"type":"Feature","geometry":{"type":"Point","coordinates":[-107.7895,40.2232]},"properties":{"s":93.3,"pub":false}},{"type":"Feature","geometry":{"type":"Point","coordinates":[-107.7895,40.229]},"properties":{"s":93.3,"pub":true}},{"type":"Feature","geometry":{"type":"Point","coordinates":[-107.7895,40.2348]},"properties":{"s":93.3,"pub":true}},{"type":"Feature","geometry":{"type":"Point","coordinates":[-107.782,40.142]},"properties":{"s":93.3,"pub":true}},{"type":"Feature","geometry":{"type":"Point","coordinates":[-107.782,40.1478]},"properties":{"s":93.3,"pub":true}},{"type":"Feature","geometry":{"type":"Point","coordinates":[-107.782,40.1536]},"properties":{"s":93.3,"pub":true}},{"type":"Feature","geometry":{"type":"Point","coordinates":[-107.782,40.1594]},"properties":{"s":93.3,"pub":true}},{"type":"Feature","geometry":{"type":"Point","coordinates":[-107.782,40.1652]},"properties":{"s":93.3,"pub":true}},{"type":"Feature","geometry":{"type":"Point","coordinates":[-107.782,40.171]},"properties":{"s":93.3,"pub":false}},{"type":"Feature","geometry":{"type":"Point","coordinates":[-107.782,40.1768]},"properties":{"s":93.3,"pub":false}},{"type":"Feature","geometry":{"type":"Point","coordinates":[-107.782,40.1826]},"properties":{"s":93.3,"pub":false}},{"type":"Feature","geometry":{"type":"Point","coordinates":[-107.782,40.1884]},"properties":{"s":93.3,"pub":false}},{"type":"Feature","geometry":{"type":"Point","coordinates":[-107.782,40.1942]},"properties":{"s":93.3,"pub":false}},{"type":"Feature","geometry":{"type":"Point","coordinates":[-107.782,40.2]},"properties":{"s":93.3,"pub":false}},{"type":"Feature","geometry":{"type":"Point","coordinates":[-107.782,40.2058]},"properties":{"s":93.3,"pub":false}},{"type":"Feature","geometry":{"type":"Point","coordinates":[-107.782,40.2116]},"properties":{"s":93.3,"pub":false}},{"type":"Feature","geometry":{"type":"Point","coordinates":[-107.782,40.2174]},"properties":{"s":93.3,"pub":false}},{"type":"Feature","geometry":{"type":"Point","coordinates":[-107.782,40.2232]},"properties":{"s":93.3,"pub":true}},{"type":"Feature","geometry":{"type":"Point","coordinates":[-107.782,40.229]},"properties":{"s":93.3,"pub":false}},{"type":"Feature","geometry":{"type":"Point","coordinates":[-107.782,40.2348]},"properties":{"s":93.3,"pub":false}},{"type":"Feature","geometry":{"type":"Point","coordinates":[-107.7745,40.142]},"properties":{"s":93.3,"pub":true}},{"type":"Feature","geometry":{"type":"Point","coordinates":[-107.7745,40.1478]},"properties":{"s":93.3,"pub":true}},{"type":"Feature","geometry":{"type":"Point","coordinates":[-107.7745,40.1536]},"properties":{"s":93.3,"pub":true}},{"type":"Feature","geometry":{"type":"Point","coordinates":[-107.7745,40.1594]},"properties":{"s":93.3,"pub":true}},{"type":"Feature","geometry":{"type":"Point","coordinates":[-107.7745,40.1652]},"properties":{"s":93.3,"pub":true}},{"type":"Feature","geometry":{"type":"Point","coordinates":[-107.7745,40.171]},"properties":{"s":93.3,"pub":true}},{"type":"Feature","geometry":{"type":"Point","coordinates":[-107.7745,40.1768]},"properties":{"s":93.3,"pub":false}},{"type":"Feature","geometry":{"type":"Point","coordinates":[-107.7745,40.1826]},"properties":{"s":93.3,"pub":false}},{"type":"Feature","geometry":{"type":"Point","coordinates":[-107.7745,40.1884]},"properties":{"s":93.3,"pub":false}},{"type":"Feature","geometry":{"type":"Point","coordinates":[-107.7745,40.1942]},"properties":{"s":93.3,"pub":false}},{"type":"Feature","geometry":{"type":"Point","coordinates":[-107.7745,40.2]},"properties":{"s":93.3,"pub":false}},{"type":"Feature","geometry":{"type":"Point","coordinates":[-107.7745,40.2058]},"properties":{"s":93.3,"pub":false}},{"type":"Feature","geometry":{"type":"Point","coordinates":[-107.7745,40.2116]},"properties":{"s":93.3,"pub":false}},{"type":"Feature","geometry":{"type":"Point","coordinates":[-107.7745,40.2174]},"properties":{"s":93.3,"pub":false}},{"type":"Feature","geometry":{"type":"Point","coordinates":[-107.7745,40.2232]},"properties":{"s":93.3,"pub":true}},{"type":"Feature","geometry":{"type":"Point","coordinates":[-107.7745,40.229]},"properties":{"s":93.3,"pub":false}},{"type":"Feature","geometry":{"type":"Point","coordinates":[-107.7745,40.2348]},"properties":{"s":93.3,"pub":false}},{"type":"Feature","geometry":{"type":"Point","coordinates":[-107.767,40.1362]},"properties":{"s":93.3,"pub":true}},{"type":"Feature","geometry":{"type":"Point","coordinates":[-107.767,40.142]},"properties":{"s":93.3,"pub":true}},{"type":"Feature","geometry":{"type":"Point","coordinates":[-107.767,40.1478]},"properties":{"s":93.3,"pub":true}},{"type":"Feature","geometry":{"type":"Point","coordinates":[-107.767,40.1536]},"properties":{"s":93.3,"pub":true}},{"type":"Feature","geometry":{"type":"Point","coordinates":[-107.767,40.1594]},"properties":{"s":93.3,"pub":true}},{"type":"Feature","geometry":{"type":"Point","coordinates":[-107.767,40.1652]},"properties":{"s":93.3,"pub":true}},{"type":"Feature","geometry":{"type":"Point","coordinates":[-107.767,40.171]},"properties":{"s":93.3,"pub":true}},{"type":"Feature","geometry":{"type":"Point","coordinates":[-107.767,40.1768]},"properties":{"s":93.3,"pub":true}},{"type":"Feature","geometry":{"type":"Point","coordinates":[-107.767,40.1826]},"properties":{"s":93.3,"pub":false}},{"type":"Feature","geometry":{"type":"Point","coordinates":[-107.767,40.1884]},"properties":{"s":93.3,"pub":true}},{"type":"Feature","geometry":{"type":"Point","coordinates":[-107.767,40.1942]},"properties":{"s":93.3,"pub":true}},{"type":"Feature","geometry":{"type":"Point","coordinates":[-107.767,40.2]},"properties":{"s":93.3,"pub":true}},{"type":"Feature","geometry":{"type":"Point","coordinates":[-107.767,40.2058]},"properties":{"s":93.3,"pub":false}},{"type":"Feature","geometry":{"type":"Point","coordinates":[-107.767,40.2116]},"properties":{"s":93.3,"pub":false}},{"type":"Feature","geometry":{"type":"Point","coordinates":[-107.767,40.2174]},"properties":{"s":93.3,"pub":false}},{"type":"Feature","geometry":{"type":"Point","coordinates":[-107.767,40.2232]},"properties":{"s":93.3,"pub":true}},{"type":"Feature","geometry":{"type":"Point","coordinates":[-107.767,40.229]},"properties":{"s":93.3,"pub":true}},{"type":"Feature","geometry":{"type":"Point","coordinates":[-107.7595,40.113]},"properties":{"s":93.3,"pub":true}},{"type":"Feature","geometry":{"type":"Point","coordinates":[-107.7595,40.1188]},"properties":{"s":93.3,"pub":false}},{"type":"Feature","geometry":{"type":"Point","coordinates":[-107.7595,40.1246]},"properties":{"s":93.3,"pub":true}},{"type":"Feature","geometry":{"type":"Point","coordinates":[-107.7595,40.1304]},"properties":{"s":93.3,"pub":true}},{"type":"Feature","geometry":{"type":"Point","coordinates":[-107.7595,40.1362]},"properties":{"s":93.3,"pub":true}},{"type":"Feature","geometry":{"type":"Point","coordinates":[-107.7595,40.142]},"properties":{"s":93.3,"pub":true}},{"type":"Feature","geometry":{"type":"Point","coordinates":[-107.7595,40.1478]},"properties":{"s":93.3,"pub":false}},{"type":"Feature","geometry":{"type":"Point","coordinates":[-107.7595,40.1536]},"properties":{"s":93.3,"pub":false}},{"type":"Feature","geometry":{"type":"Point","coordinates":[-107.7595,40.1594]},"properties":{"s":93.3,"pub":false}},{"type":"Feature","geometry":{"type":"Point","coordinates":[-107.7595,40.1652]},"properties":{"s":93.3,"pub":false}},{"type":"Feature","geometry":{"type":"Point","coordinates":[-107.7595,40.171]},"properties":{"s":93.3,"pub":false}},{"type":"Feature","geometry":{"type":"Point","coordinates":[-107.7595,40.1768]},"properties":{"s":93.3,"pub":false}},{"type":"Feature","geometry":{"type":"Point","coordinates":[-107.7595,40.1826]},"properties":{"s":93.3,"pub":true}},{"type":"Feature","geometry":{"type":"Point","coordinates":[-107.7595,40.1884]},"properties":{"s":93.3,"pub":true}},{"type":"Feature","geometry":{"type":"Point","coordinates":[-107.7595,40.1942]},"properties":{"s":93.3,"pub":true}},{"type":"Feature","geometry":{"type":"Point","coordinates":[-107.7595,40.2]},"properties":{"s":93.3,"pub":true}},{"type":"Feature","geometry":{"type":"Point","coordinates":[-107.7595,40.2058]},"properties":{"s":93.3,"pub":false}},{"type":"Feature","geometry":{"type":"Point","coordinates":[-107.7595,40.2116]},"properties":{"s":93.3,"pub":false}},{"type":"Feature","geometry":{"type":"Point","coordinates":[-107.7595,40.2174]},"properties":{"s":93.3,"pub":false}},{"type":"Feature","geometry":{"type":"Point","coordinates":[-107.752,40.1188]},"properties":{"s":93.3,"pub":false}},{"type":"Feature","geometry":{"type":"Point","coordinates":[-107.752,40.1246]},"properties":{"s":93.3,"pub":true}},{"type":"Feature","geometry":{"type":"Point","coordinates":[-107.752,40.1304]},"properties":{"s":93.3,"pub":true}},{"type":"Feature","geometry":{"type":"Point","coordinates":[-107.752,40.1362]},"properties":{"s":93.3,"pub":true}},{"type":"Feature","geometry":{"type":"Point","coordinates":[-107.752,40.142]},"properties":{"s":93.3,"pub":true}},{"type":"Feature","geometry":{"type":"Point","coordinates":[-107.752,40.1478]},"properties":{"s":93.3,"pub":false}},{"type":"Feature","geometry":{"type":"Point","coordinates":[-107.752,40.1536]},"properties":{"s":93.3,"pub":false}},{"type":"Feature","geometry":{"type":"Point","coordinates":[-107.752,40.1594]},"properties":{"s":93.3,"pub":false}},{"type":"Feature","geometry":{"type":"Point","coordinates":[-107.752,40.1652]},"properties":{"s":93.3,"pub":false}},{"type":"Feature","geometry":{"type":"Point","coordinates":[-107.752,40.171]},"properties":{"s":93.3,"pub":false}},{"type":"Feature","geometry":{"type":"Point","coordinates":[-107.752,40.1768]},"properties":{"s":93.3,"pub":false}},{"type":"Feature","geometry":{"type":"Point","coordinates":[-107.752,40.1826]},"properties":{"s":93.3,"pub":false}},{"type":"Feature","geometry":{"type":"Point","coordinates":[-107.752,40.1884]},"properties":{"s":93.3,"pub":false}},{"type":"Feature","geometry":{"type":"Point","coordinates":[-107.752,40.1942]},"properties":{"s":93.3,"pub":false}},{"type":"Feature","geometry":{"type":"Point","coordinates":[-107.752,40.2]},"properties":{"s":93.3,"pub":false}},{"type":"Feature","geometry":{"type":"Point","coordinates":[-107.752,40.2058]},"properties":{"s":93.3,"pub":false}},{"type":"Feature","geometry":{"type":"Point","coordinates":[-107.7445,40.1478]},"properties":{"s":93.3,"pub":false}},{"type":"Feature","geometry":{"type":"Point","coordinates":[-107.7445,40.1536]},"properties":{"s":93.3,"pub":true}},{"type":"Feature","geometry":{"type":"Point","coordinates":[-107.7445,40.1594]},"properties":{"s":93.3,"pub":false}},{"type":"Feature","geometry":{"type":"Point","coordinates":[-107.7445,40.1652]},"properties":{"s":93.3,"pub":false}},{"type":"Feature","geometry":{"type":"Point","coordinates":[-107.7445,40.171]},"properties":{"s":93.3,"pub":false}},{"type":"Feature","geometry":{"type":"Point","coordinates":[-107.7445,40.1768]},"properties":{"s":93.3,"pub":false}},{"type":"Feature","geometry":{"type":"Point","coordinates":[-107.7445,40.1826]},"properties":{"s":93.3,"pub":false}},{"type":"Feature","geometry":{"type":"Point","coordinates":[-107.7445,40.1884]},"properties":{"s":93.3,"pub":false}},{"type":"Feature","geometry":{"type":"Point","coordinates":[-107.7445,40.1942]},"properties":{"s":93.3,"pub":false}},{"type":"Feature","geometry":{"type":"Point","coordinates":[-107.7445,40.2]},"properties":{"s":93.3,"pub":false}},{"type":"Feature","geometry":{"type":"Point","coordinates":[-107.737,40.1478]},"properties":{"s":93.3,"pub":true}},{"type":"Feature","geometry":{"type":"Point","coordinates":[-107.737,40.1536]},"properties":{"s":93.3,"pub":false}},{"type":"Feature","geometry":{"type":"Point","coordinates":[-107.737,40.1594]},"properties":{"s":93.3,"pub":false}},{"type":"Feature","geometry":{"type":"Point","coordinates":[-107.737,40.1652]},"properties":{"s":93.3,"pub":false}},{"type":"Feature","geometry":{"type":"Point","coordinates":[-107.737,40.171]},"properties":{"s":93.3,"pub":false}},{"type":"Feature","geometry":{"type":"Point","coordinates":[-107.737,40.1768]},"properties":{"s":93.3,"pub":false}},{"type":"Feature","geometry":{"type":"Point","coordinates":[-107.737,40.1826]},"properties":{"s":93.3,"pub":true}},{"type":"Feature","geometry":{"type":"Point","coordinates":[-107.737,40.1884]},"properties":{"s":93.3,"pub":true}},{"type":"Feature","geometry":{"type":"Point","coordinates":[-107.737,40.1942]},"properties":{"s":93.3,"pub":true}},{"type":"Feature","geometry":{"type":"Point","coordinates":[-107.7295,40.1536]},"properties":{"s":93.3,"pub":false}},{"type":"Feature","geometry":{"type":"Point","coordinates":[-107.7295,40.1594]},"properties":{"s":93.3,"pub":false}},{"type":"Feature","geometry":{"type":"Point","coordinates":[-107.7295,40.1652]},"properties":{"s":93.3,"pub":false}},{"type":"Feature","geometry":{"type":"Point","coordinates":[-107.7295,40.171]},"properties":{"s":93.3,"pub":false}},{"type":"Feature","geometry":{"type":"Point","coordinates":[-107.7295,40.1768]},"properties":{"s":93.3,"pub":false}},{"type":"Feature","geometry":{"type":"Point","coordinates":[-107.7295,40.1826]},"properties":{"s":93.3,"pub":false}},{"type":"Feature","geometry":{"type":"Point","coordinates":[-107.7295,40.1884]},"properties":{"s":93.3,"pub":false}},{"type":"Feature","geometry":{"type":"Point","coordinates":[-107.722,40.1478]},"properties":{"s":93.3,"pub":true}},{"type":"Feature","geometry":{"type":"Point","coordinates":[-107.722,40.1536]},"properties":{"s":93.3,"pub":false}},{"type":"Feature","geometry":{"type":"Point","coordinates":[-107.722,40.1594]},"properties":{"s":93.3,"pub":false}},{"type":"Feature","geometry":{"type":"Point","coordinates":[-107.722,40.1652]},"properties":{"s":93.3,"pub":false}},{"type":"Feature","geometry":{"type":"Point","coordinates":[-107.722,40.171]},"properties":{"s":93.3,"pub":false}},{"type":"Feature","geometry":{"type":"Point","coordinates":[-107.722,40.1768]},"properties":{"s":93.3,"pub":false}},{"type":"Feature","geometry":{"type":"Point","coordinates":[-107.722,40.1826]},"properties":{"s":93.3,"pub":false}},{"type":"Feature","geometry":{"type":"Point","coordinates":[-107.722,40.1884]},"properties":{"s":93.3,"pub":false}},{"type":"Feature","geometry":{"type":"Point","coordinates":[-107.722,40.1942]},"properties":{"s":93.3,"pub":false}},{"type":"Feature","geometry":{"type":"Point","coordinates":[-107.7145,40.142]},"properties":{"s":93.3,"pub":false}},{"type":"Feature","geometry":{"type":"Point","coordinates":[-107.7145,40.1478]},"properties":{"s":93.3,"pub":true}},{"type":"Feature","geometry":{"type":"Point","coordinates":[-107.7145,40.1536]},"properties":{"s":93.3,"pub":false}},{"type":"Feature","geometry":{"type":"Point","coordinates":[-107.7145,40.1594]},"properties":{"s":93.3,"pub":false}},{"type":"Feature","geometry":{"type":"Point","coordinates":[-107.7145,40.1652]},"properties":{"s":93.3,"pub":false}},{"type":"Feature","geometry":{"type":"Point","coordinates":[-107.7145,40.171]},"properties":{"s":93.3,"pub":true}},{"type":"Feature","geometry":{"type":"Point","coordinates":[-107.7145,40.1768]},"properties":{"s":93.3,"pub":false}},{"type":"Feature","geometry":{"type":"Point","coordinates":[-107.7145,40.1826]},"properties":{"s":93.3,"pub":false}},{"type":"Feature","geometry":{"type":"Point","coordinates":[-107.7145,40.1884]},"properties":{"s":93.3,"pub":false}},{"type":"Feature","geometry":{"type":"Point","coordinates":[-107.7145,40.1942]},"properties":{"s":93.3,"pub":false}},{"type":"Feature","geometry":{"type":"Point","coordinates":[-107.707,40.1478]},"properties":{"s":93.3,"pub":true}},{"type":"Feature","geometry":{"type":"Point","coordinates":[-107.707,40.1536]},"properties":{"s":93.3,"pub":true}},{"type":"Feature","geometry":{"type":"Point","coordinates":[-107.707,40.1594]},"properties":{"s":93.3,"pub":true}},{"type":"Feature","geometry":{"type":"Point","coordinates":[-107.707,40.1652]},"properties":{"s":93.3,"pub":true}},{"type":"Feature","geometry":{"type":"Point","coordinates":[-107.707,40.171]},"properties":{"s":93.3,"pub":true}},{"type":"Feature","geometry":{"type":"Point","coordinates":[-107.707,40.1768]},"properties":{"s":93.3,"pub":true}},{"type":"Feature","geometry":{"type":"Point","coordinates":[-107.707,40.1826]},"properties":{"s":93.3,"pub":false}},{"type":"Feature","geometry":{"type":"Point","coordinates":[-107.707,40.1884]},"properties":{"s":93.3,"pub":false}},{"type":"Feature","geometry":{"type":"Point","coordinates":[-107.707,40.1942]},"properties":{"s":93.3,"pub":false}},{"type":"Feature","geometry":{"type":"Point","coordinates":[-107.6995,40.142]},"properties":{"s":93.3,"pub":true}},{"type":"Feature","geometry":{"type":"Point","coordinates":[-107.6995,40.1478]},"properties":{"s":93.3,"pub":true}},{"type":"Feature","geometry":{"type":"Point","coordinates":[-107.6995,40.1536]},"properties":{"s":93.3,"pub":true}},{"type":"Feature","geometry":{"type":"Point","coordinates":[-107.6995,40.1594]},"properties":{"s":93.3,"pub":true}},{"type":"Feature","geometry":{"type":"Point","coordinates":[-107.6995,40.1652]},"properties":{"s":93.3,"pub":true}},{"type":"Feature","geometry":{"type":"Point","coordinates":[-107.6995,40.171]},"properties":{"s":93.3,"pub":true}},{"type":"Feature","geometry":{"type":"Point","coordinates":[-107.6995,40.1768]},"properties":{"s":93.3,"pub":true}},{"type":"Feature","geometry":{"type":"Point","coordinates":[-107.6995,40.1826]},"properties":{"s":93.3,"pub":false}},{"type":"Feature","geometry":{"type":"Point","coordinates":[-107.6995,40.1884]},"properties":{"s":93.3,"pub":false}},{"type":"Feature","geometry":{"type":"Point","coordinates":[-107.6995,40.1942]},"properties":{"s":93.3,"pub":false}},{"type":"Feature","geometry":{"type":"Point","coordinates":[-107.692,40.142]},"properties":{"s":93.3,"pub":true}},{"type":"Feature","geometry":{"type":"Point","coordinates":[-107.692,40.1478]},"properties":{"s":93.3,"pub":true}},{"type":"Feature","geometry":{"type":"Point","coordinates":[-107.692,40.1536]},"properties":{"s":93.3,"pub":true}},{"type":"Feature","geometry":{"type":"Point","coordinates":[-107.692,40.1594]},"properties":{"s":93.3,"pub":true}},{"type":"Feature","geometry":{"type":"Point","coordinates":[-107.692,40.1652]},"properties":{"s":93.3,"pub":true}},{"type":"Feature","geometry":{"type":"Point","coordinates":[-107.692,40.171]},"properties":{"s":93.3,"pub":true}},{"type":"Feature","geometry":{"type":"Point","coordinates":[-107.692,40.1768]},"properties":{"s":93.3,"pub":true}},{"type":"Feature","geometry":{"type":"Point","coordinates":[-107.692,40.1826]},"properties":{"s":93.3,"pub":false}},{"type":"Feature","geometry":{"type":"Point","coordinates":[-107.692,40.1884]},"properties":{"s":93.3,"pub":false}},{"type":"Feature","geometry":{"type":"Point","coordinates":[-107.692,40.1942]},"properties":{"s":93.3,"pub":false}},{"type":"Feature","geometry":{"type":"Point","coordinates":[-107.6845,40.1362]},"properties":{"s":93.3,"pub":true}},{"type":"Feature","geometry":{"type":"Point","coordinates":[-107.6845,40.142]},"properties":{"s":93.3,"pub":true}},{"type":"Feature","geometry":{"type":"Point","coordinates":[-107.6845,40.1478]},"properties":{"s":93.3,"pub":true}},{"type":"Feature","geometry":{"type":"Point","coordinates":[-107.6845,40.1536]},"properties":{"s":93.3,"pub":true}},{"type":"Feature","geometry":{"type":"Point","coordinates":[-107.6845,40.1594]},"properties":{"s":93.3,"pub":true}},{"type":"Feature","geometry":{"type":"Point","coordinates":[-107.6845,40.1652]},"properties":{"s":93.3,"pub":true}},{"type":"Feature","geometry":{"type":"Point","coordinates":[-107.6845,40.171]},"properties":{"s":93.3,"pub":true}},{"type":"Feature","geometry":{"type":"Point","coordinates":[-107.6845,40.1768]},"properties":{"s":93.3,"pub":true}},{"type":"Feature","geometry":{"type":"Point","coordinates":[-107.6845,40.1826]},"properties":{"s":93.3,"pub":false}},{"type":"Feature","geometry":{"type":"Point","coordinates":[-107.6845,40.1884]},"properties":{"s":93.3,"pub":false}},{"type":"Feature","geometry":{"type":"Point","coordinates":[-107.677,40.1362]},"properties":{"s":93.3,"pub":true}},{"type":"Feature","geometry":{"type":"Point","coordinates":[-107.677,40.142]},"properties":{"s":93.3,"pub":true}},{"type":"Feature","geometry":{"type":"Point","coordinates":[-107.677,40.1478]},"properties":{"s":93.3,"pub":true}},{"type":"Feature","geometry":{"type":"Point","coordinates":[-107.677,40.1536]},"properties":{"s":93.3,"pub":true}},{"type":"Feature","geometry":{"type":"Point","coordinates":[-107.677,40.1594]},"properties":{"s":93.3,"pub":true}},{"type":"Feature","geometry":{"type":"Point","coordinates":[-107.677,40.1652]},"properties":{"s":93.3,"pub":true}},{"type":"Feature","geometry":{"type":"Point","coordinates":[-107.677,40.171]},"properties":{"s":93.3,"pub":true}},{"type":"Feature","geometry":{"type":"Point","coordinates":[-107.677,40.1768]},"properties":{"s":93.3,"pub":true}},{"type":"Feature","geometry":{"type":"Point","coordinates":[-107.677,40.1826]},"properties":{"s":93.3,"pub":false}},{"type":"Feature","geometry":{"type":"Point","coordinates":[-107.677,40.1884]},"properties":{"s":93.3,"pub":false}},{"type":"Feature","geometry":{"type":"Point","coordinates":[-107.6695,40.1362]},"properties":{"s":93.3,"pub":true}},{"type":"Feature","geometry":{"type":"Point","coordinates":[-107.6695,40.142]},"properties":{"s":93.3,"pub":true}},{"type":"Feature","geometry":{"type":"Point","coordinates":[-107.6695,40.1478]},"properties":{"s":93.3,"pub":true}},{"type":"Feature","geometry":{"type":"Point","coordinates":[-107.6695,40.1536]},"properties":{"s":93.3,"pub":true}},{"type":"Feature","geometry":{"type":"Point","coordinates":[-107.6695,40.1594]},"properties":{"s":93.3,"pub":true}},{"type":"Feature","geometry":{"type":"Point","coordinates":[-107.6695,40.1652]},"properties":{"s":93.3,"pub":true}},{"type":"Feature","geometry":{"type":"Point","coordinates":[-107.6695,40.171]},"properties":{"s":93.3,"pub":true}},{"type":"Feature","geometry":{"type":"Point","coordinates":[-107.6695,40.1768]},"properties":{"s":93.3,"pub":true}},{"type":"Feature","geometry":{"type":"Point","coordinates":[-107.6695,40.1826]},"properties":{"s":93.3,"pub":false}},{"type":"Feature","geometry":{"type":"Point","coordinates":[-107.6695,40.1884]},"properties":{"s":93.3,"pub":false}},{"type":"Feature","geometry":{"type":"Point","coordinates":[-107.662,40.1304]},"properties":{"s":93.3,"pub":true}},{"type":"Feature","geometry":{"type":"Point","coordinates":[-107.662,40.1362]},"properties":{"s":93.3,"pub":true}},{"type":"Feature","geometry":{"type":"Point","coordinates":[-107.662,40.142]},"properties":{"s":93.3,"pub":true}},{"type":"Feature","geometry":{"type":"Point","coordinates":[-107.662,40.1478]},"properties":{"s":93.3,"pub":true}},{"type":"Feature","geometry":{"type":"Point","coordinates":[-107.662,40.1536]},"properties":{"s":93.3,"pub":true}},{"type":"Feature","geometry":{"type":"Point","coordinates":[-107.662,40.1594]},"properties":{"s":93.3,"pub":true}},{"type":"Feature","geometry":{"type":"Point","coordinates":[-107.662,40.1652]},"properties":{"s":93.3,"pub":true}},{"type":"Feature","geometry":{"type":"Point","coordinates":[-107.662,40.171]},"properties":{"s":93.3,"pub":true}},{"type":"Feature","geometry":{"type":"Point","coordinates":[-107.662,40.1768]},"properties":{"s":93.3,"pub":true}},{"type":"Feature","geometry":{"type":"Point","coordinates":[-107.662,40.1826]},"properties":{"s":93.3,"pub":false}},{"type":"Feature","geometry":{"type":"Point","coordinates":[-107.662,40.1884]},"properties":{"s":93.3,"pub":false}},{"type":"Feature","geometry":{"type":"Point","coordinates":[-107.6545,40.1304]},"properties":{"s":93.3,"pub":true}},{"type":"Feature","geometry":{"type":"Point","coordinates":[-107.6545,40.1362]},"properties":{"s":93.3,"pub":true}},{"type":"Feature","geometry":{"type":"Point","coordinates":[-107.6545,40.142]},"properties":{"s":93.3,"pub":true}},{"type":"Feature","geometry":{"type":"Point","coordinates":[-107.6545,40.1478]},"properties":{"s":93.3,"pub":true}},{"type":"Feature","geometry":{"type":"Point","coordinates":[-107.6545,40.1536]},"properties":{"s":93.3,"pub":true}},{"type":"Feature","geometry":{"type":"Point","coordinates":[-107.6545,40.1594]},"properties":{"s":93.3,"pub":true}},{"type":"Feature","geometry":{"type":"Point","coordinates":[-107.6545,40.1652]},"properties":{"s":93.3,"pub":true}},{"type":"Feature","geometry":{"type":"Point","coordinates":[-107.6545,40.171]},"properties":{"s":93.3,"pub":true}},{"type":"Feature","geometry":{"type":"Point","coordinates":[-107.6545,40.1768]},"properties":{"s":93.3,"pub":false}},{"type":"Feature","geometry":{"type":"Point","coordinates":[-107.6545,40.1826]},"properties":{"s":93.3,"pub":false}},{"type":"Feature","geometry":{"type":"Point","coordinates":[-107.647,40.1246]},"properties":{"s":93.3,"pub":true}},{"type":"Feature","geometry":{"type":"Point","coordinates":[-107.647,40.1304]},"properties":{"s":93.3,"pub":true}},{"type":"Feature","geometry":{"type":"Point","coordinates":[-107.647,40.1362]},"properties":{"s":93.3,"pub":true}},{"type":"Feature","geometry":{"type":"Point","coordinates":[-107.647,40.142]},"properties":{"s":93.3,"pub":true}},{"type":"Feature","geometry":{"type":"Point","coordinates":[-107.647,40.1478]},"properties":{"s":93.3,"pub":true}},{"type":"Feature","geometry":{"type":"Point","coordinates":[-107.647,40.1536]},"properties":{"s":93.3,"pub":true}},{"type":"Feature","geometry":{"type":"Point","coordinates":[-107.647,40.1594]},"properties":{"s":93.3,"pub":true}},{"type":"Feature","geometry":{"type":"Point","coordinates":[-107.647,40.1652]},"properties":{"s":93.3,"pub":true}},{"type":"Feature","geometry":{"type":"Point","coordinates":[-107.647,40.171]},"properties":{"s":93.3,"pub":true}},{"type":"Feature","geometry":{"type":"Point","coordinates":[-107.647,40.1768]},"properties":{"s":93.3,"pub":true}},{"type":"Feature","geometry":{"type":"Point","coordinates":[-107.647,40.1826]},"properties":{"s":93.3,"pub":true}},{"type":"Feature","geometry":{"type":"Point","coordinates":[-107.647,40.1884]},"properties":{"s":93.3,"pub":true}},{"type":"Feature","geometry":{"type":"Point","coordinates":[-107.647,40.1942]},"properties":{"s":93.3,"pub":false}},{"type":"Feature","geometry":{"type":"Point","coordinates":[-107.647,40.2]},"properties":{"s":93.3,"pub":true}},{"type":"Feature","geometry":{"type":"Point","coordinates":[-107.647,40.2058]},"properties":{"s":93.3,"pub":false}},{"type":"Feature","geometry":{"type":"Point","coordinates":[-107.647,40.2116]},"properties":{"s":93.3,"pub":false}},{"type":"Feature","geometry":{"type":"Point","coordinates":[-107.647,40.2174]},"properties":{"s":93.3,"pub":false}},{"type":"Feature","geometry":{"type":"Point","coordinates":[-107.647,40.2232]},"properties":{"s":93.3,"pub":false}},{"type":"Feature","geometry":{"type":"Point","coordinates":[-107.647,40.229]},"properties":{"s":93.3,"pub":false}},{"type":"Feature","geometry":{"type":"Point","coordinates":[-107.647,40.2348]},"properties":{"s":93.3,"pub":false}},{"type":"Feature","geometry":{"type":"Point","coordinates":[-107.647,40.2406]},"properties":{"s":93.3,"pub":false}},{"type":"Feature","geometry":{"type":"Point","coordinates":[-107.647,40.2464]},"properties":{"s":93.3,"pub":false}},{"type":"Feature","geometry":{"type":"Point","coordinates":[-107.647,40.2522]},"properties":{"s":93.3,"pub":false}},{"type":"Feature","geometry":{"type":"Point","coordinates":[-107.6395,40.1188]},"properties":{"s":93.3,"pub":true}},{"type":"Feature","geometry":{"type":"Point","coordinates":[-107.6395,40.1246]},"properties":{"s":93.3,"pub":true}},{"type":"Feature","geometry":{"type":"Point","coordinates":[-107.6395,40.1304]},"properties":{"s":93.3,"pub":true}},{"type":"Feature","geometry":{"type":"Point","coordinates":[-107.6395,40.1362]},"properties":{"s":93.3,"pub":true}},{"type":"Feature","geometry":{"type":"Point","coordinates":[-107.6395,40.142]},"properties":{"s":93.3,"pub":true}},{"type":"Feature","geometry":{"type":"Point","coordinates":[-107.6395,40.1478]},"properties":{"s":93.3,"pub":true}},{"type":"Feature","geometry":{"type":"Point","coordinates":[-107.6395,40.1536]},"properties":{"s":93.3,"pub":true}},{"type":"Feature","geometry":{"type":"Point","coordinates":[-107.6395,40.1594]},"properties":{"s":93.3,"pub":true}},{"type":"Feature","geometry":{"type":"Point","coordinates":[-107.6395,40.1652]},"properties":{"s":93.3,"pub":true}},{"type":"Feature","geometry":{"type":"Point","coordinates":[-107.6395,40.171]},"properties":{"s":93.3,"pub":true}},{"type":"Feature","geometry":{"type":"Point","coordinates":[-107.6395,40.1768]},"properties":{"s":93.3,"pub":true}},{"type":"Feature","geometry":{"type":"Point","coordinates":[-107.6395,40.1826]},"properties":{"s":93.3,"pub":false}},{"type":"Feature","geometry":{"type":"Point","coordinates":[-107.6395,40.1884]},"properties":{"s":93.3,"pub":true}},{"type":"Feature","geometry":{"type":"Point","coordinates":[-107.6395,40.1942]},"properties":{"s":93.3,"pub":true}},{"type":"Feature","geometry":{"type":"Point","coordinates":[-107.6395,40.2]},"properties":{"s":93.3,"pub":true}},{"type":"Feature","geometry":{"type":"Point","coordinates":[-107.6395,40.2058]},"properties":{"s":93.3,"pub":false}},{"type":"Feature","geometry":{"type":"Point","coordinates":[-107.6395,40.2116]},"properties":{"s":93.3,"pub":false}},{"type":"Feature","geometry":{"type":"Point","coordinates":[-107.6395,40.2174]},"properties":{"s":93.3,"pub":false}},{"type":"Feature","geometry":{"type":"Point","coordinates":[-107.6395,40.2232]},"properties":{"s":93.3,"pub":false}},{"type":"Feature","geometry":{"type":"Point","coordinates":[-107.6395,40.229]},"properties":{"s":93.3,"pub":false}},{"type":"Feature","geometry":{"type":"Point","coordinates":[-107.6395,40.2348]},"properties":{"s":93.3,"pub":false}},{"type":"Feature","geometry":{"type":"Point","coordinates":[-107.6395,40.2406]},"properties":{"s":93.3,"pub":true}},{"type":"Feature","geometry":{"type":"Point","coordinates":[-107.6395,40.2464]},"properties":{"s":93.3,"pub":false}},{"type":"Feature","geometry":{"type":"Point","coordinates":[-107.6395,40.2522]},"properties":{"s":93.3,"pub":false}},{"type":"Feature","geometry":{"type":"Point","coordinates":[-107.6395,40.258]},"properties":{"s":93.3,"pub":false}},{"type":"Feature","geometry":{"type":"Point","coordinates":[-107.6395,40.2638]},"properties":{"s":93.3,"pub":false}},{"type":"Feature","geometry":{"type":"Point","coordinates":[-107.6395,40.2696]},"properties":{"s":93.3,"pub":false}},{"type":"Feature","geometry":{"type":"Point","coordinates":[-107.6395,40.2754]},"properties":{"s":93.3,"pub":false}},{"type":"Feature","geometry":{"type":"Point","coordinates":[-107.6395,40.2812]},"properties":{"s":93.3,"pub":false}},{"type":"Feature","geometry":{"type":"Point","coordinates":[-107.6395,40.287]},"properties":{"s":93.3,"pub":false}},{"type":"Feature","geometry":{"type":"Point","coordinates":[-107.632,40.1188]},"properties":{"s":93.3,"pub":true}},{"type":"Feature","geometry":{"type":"Point","coordinates":[-107.632,40.1246]},"properties":{"s":93.3,"pub":true}},{"type":"Feature","geometry":{"type":"Point","coordinates":[-107.632,40.1304]},"properties":{"s":93.3,"pub":true}},{"type":"Feature","geometry":{"type":"Point","coordinates":[-107.632,40.1362]},"properties":{"s":93.3,"pub":true}},{"type":"Feature","geometry":{"type":"Point","coordinates":[-107.632,40.142]},"properties":{"s":93.3,"pub":true}},{"type":"Feature","geometry":{"type":"Point","coordinates":[-107.632,40.1478]},"properties":{"s":93.3,"pub":true}},{"type":"Feature","geometry":{"type":"Point","coordinates":[-107.632,40.1536]},"properties":{"s":93.3,"pub":true}},{"type":"Feature","geometry":{"type":"Point","coordinates":[-107.632,40.1594]},"properties":{"s":93.3,"pub":true}},{"type":"Feature","geometry":{"type":"Point","coordinates":[-107.632,40.1652]},"properties":{"s":93.3,"pub":true}},{"type":"Feature","geometry":{"type":"Point","coordinates":[-107.632,40.171]},"properties":{"s":93.3,"pub":true}},{"type":"Feature","geometry":{"type":"Point","coordinates":[-107.632,40.1768]},"properties":{"s":93.3,"pub":true}},{"type":"Feature","geometry":{"type":"Point","coordinates":[-107.632,40.1826]},"properties":{"s":93.3,"pub":false}},{"type":"Feature","geometry":{"type":"Point","coordinates":[-107.632,40.1884]},"properties":{"s":93.3,"pub":true}},{"type":"Feature","geometry":{"type":"Point","coordinates":[-107.632,40.1942]},"properties":{"s":93.3,"pub":true}},{"type":"Feature","geometry":{"type":"Point","coordinates":[-107.632,40.2]},"properties":{"s":93.3,"pub":false}},{"type":"Feature","geometry":{"type":"Point","coordinates":[-107.632,40.2058]},"properties":{"s":93.3,"pub":false}},{"type":"Feature","geometry":{"type":"Point","coordinates":[-107.632,40.2116]},"properties":{"s":93.3,"pub":false}},{"type":"Feature","geometry":{"type":"Point","coordinates":[-107.632,40.2174]},"properties":{"s":93.3,"pub":false}},{"type":"Feature","geometry":{"type":"Point","coordinates":[-107.632,40.2232]},"properties":{"s":93.3,"pub":false}},{"type":"Feature","geometry":{"type":"Point","coordinates":[-107.632,40.229]},"properties":{"s":93.3,"pub":false}},{"type":"Feature","geometry":{"type":"Point","coordinates":[-107.632,40.2348]},"properties":{"s":93.3,"pub":false}},{"type":"Feature","geometry":{"type":"Point","coordinates":[-107.632,40.2406]},"properties":{"s":93.3,"pub":false}},{"type":"Feature","geometry":{"type":"Point","coordinates":[-107.632,40.2464]},"properties":{"s":93.3,"pub":false}},{"type":"Feature","geometry":{"type":"Point","coordinates":[-107.632,40.2522]},"properties":{"s":93.3,"pub":false}},{"type":"Feature","geometry":{"type":"Point","coordinates":[-107.632,40.258]},"properties":{"s":93.3,"pub":false}},{"type":"Feature","geometry":{"type":"Point","coordinates":[-107.632,40.2638]},"properties":{"s":93.3,"pub":false}},{"type":"Feature","geometry":{"type":"Point","coordinates":[-107.632,40.2696]},"properties":{"s":93.3,"pub":false}},{"type":"Feature","geometry":{"type":"Point","coordinates":[-107.632,40.2754]},"properties":{"s":93.3,"pub":false}},{"type":"Feature","geometry":{"type":"Point","coordinates":[-107.632,40.2812]},"properties":{"s":93.3,"pub":false}},{"type":"Feature","geometry":{"type":"Point","coordinates":[-107.632,40.287]},"properties":{"s":93.3,"pub":false}},{"type":"Feature","geometry":{"type":"Point","coordinates":[-107.632,40.2928]},"properties":{"s":93.3,"pub":false}},{"type":"Feature","geometry":{"type":"Point","coordinates":[-107.632,40.2986]},"properties":{"s":93.3,"pub":false}},{"type":"Feature","geometry":{"type":"Point","coordinates":[-107.6245,40.113]},"properties":{"s":93.3,"pub":true}},{"type":"Feature","geometry":{"type":"Point","coordinates":[-107.6245,40.1188]},"properties":{"s":93.3,"pub":true}},{"type":"Feature","geometry":{"type":"Point","coordinates":[-107.6245,40.1246]},"properties":{"s":93.3,"pub":true}},{"type":"Feature","geometry":{"type":"Point","coordinates":[-107.6245,40.1304]},"properties":{"s":93.3,"pub":true}},{"type":"Feature","geometry":{"type":"Point","coordinates":[-107.6245,40.1362]},"properties":{"s":93.3,"pub":true}},{"type":"Feature","geometry":{"type":"Point","coordinates":[-107.6245,40.142]},"properties":{"s":93.3,"pub":true}},{"type":"Feature","geometry":{"type":"Point","coordinates":[-107.6245,40.1478]},"properties":{"s":93.3,"pub":true}},{"type":"Feature","geometry":{"type":"Point","coordinates":[-107.6245,40.1536]},"properties":{"s":93.3,"pub":true}},{"type":"Feature","geometry":{"type":"Point","coordinates":[-107.6245,40.1594]},"properties":{"s":93.3,"pub":true}},{"type":"Feature","geometry":{"type":"Point","coordinates":[-107.6245,40.1652]},"properties":{"s":93.3,"pub":true}},{"type":"Feature","geometry":{"type":"Point","coordinates":[-107.6245,40.171]},"properties":{"s":93.3,"pub":true}},{"type":"Feature","geometry":{"type":"Point","coordinates":[-107.6245,40.1768]},"properties":{"s":93.3,"pub":true}},{"type":"Feature","geometry":{"type":"Point","coordinates":[-107.6245,40.1826]},"properties":{"s":93.3,"pub":false}},{"type":"Feature","geometry":{"type":"Point","coordinates":[-107.6245,40.1884]},"properties":{"s":93.3,"pub":false}},{"type":"Feature","geometry":{"type":"Point","coordinates":[-107.6245,40.1942]},"properties":{"s":93.3,"pub":false}},{"type":"Feature","geometry":{"type":"Point","coordinates":[-107.6245,40.2]},"properties":{"s":93.3,"pub":false}},{"type":"Feature","geometry":{"type":"Point","coordinates":[-107.6245,40.2058]},"properties":{"s":93.3,"pub":false}},{"type":"Feature","geometry":{"type":"Point","coordinates":[-107.6245,40.2116]},"properties":{"s":93.3,"pub":false}},{"type":"Feature","geometry":{"type":"Point","coordinates":[-107.6245,40.2174]},"properties":{"s":93.3,"pub":false}},{"type":"Feature","geometry":{"type":"Point","coordinates":[-107.6245,40.2232]},"properties":{"s":93.3,"pub":false}},{"type":"Feature","geometry":{"type":"Point","coordinates":[-107.6245,40.229]},"properties":{"s":93.3,"pub":false}},{"type":"Feature","geometry":{"type":"Point","coordinates":[-107.6245,40.2348]},"properties":{"s":93.3,"pub":false}},{"type":"Feature","geometry":{"type":"Point","coordinates":[-107.6245,40.2406]},"properties":{"s":93.3,"pub":false}},{"type":"Feature","geometry":{"type":"Point","coordinates":[-107.6245,40.2464]},"properties":{"s":93.3,"pub":false}},{"type":"Feature","geometry":{"type":"Point","coordinates":[-107.6245,40.2522]},"properties":{"s":93.3,"pub":false}},{"type":"Feature","geometry":{"type":"Point","coordinates":[-107.6245,40.258]},"properties":{"s":93.3,"pub":false}},{"type":"Feature","geometry":{"type":"Point","coordinates":[-107.6245,40.2638]},"properties":{"s":93.3,"pub":false}},{"type":"Feature","geometry":{"type":"Point","coordinates":[-107.6245,40.2696]},"properties":{"s":93.3,"pub":false}},{"type":"Feature","geometry":{"type":"Point","coordinates":[-107.6245,40.2754]},"properties":{"s":93.3,"pub":false}},{"type":"Feature","geometry":{"type":"Point","coordinates":[-107.6245,40.2812]},"properties":{"s":93.3,"pub":true}},{"type":"Feature","geometry":{"type":"Point","coordinates":[-107.6245,40.287]},"properties":{"s":93.3,"pub":true}},{"type":"Feature","geometry":{"type":"Point","coordinates":[-107.6245,40.2928]},"properties":{"s":93.3,"pub":true}},{"type":"Feature","geometry":{"type":"Point","coordinates":[-107.6245,40.2986]},"properties":{"s":93.3,"pub":false}},{"type":"Feature","geometry":{"type":"Point","coordinates":[-107.6245,40.3044]},"properties":{"s":93.3,"pub":false}},{"type":"Feature","geometry":{"type":"Point","coordinates":[-107.6245,40.3102]},"properties":{"s":93.3,"pub":true}},{"type":"Feature","geometry":{"type":"Point","coordinates":[-107.6245,40.316]},"properties":{"s":93.3,"pub":true}},{"type":"Feature","geometry":{"type":"Point","coordinates":[-107.617,40.113]},"properties":{"s":93.3,"pub":true}},{"type":"Feature","geometry":{"type":"Point","coordinates":[-107.617,40.1188]},"properties":{"s":93.3,"pub":true}},{"type":"Feature","geometry":{"type":"Point","coordinates":[-107.617,40.1246]},"properties":{"s":93.3,"pub":true}},{"type":"Feature","geometry":{"type":"Point","coordinates":[-107.617,40.1304]},"properties":{"s":93.3,"pub":true}},{"type":"Feature","geometry":{"type":"Point","coordinates":[-107.617,40.1362]},"properties":{"s":93.3,"pub":true}},{"type":"Feature","geometry":{"type":"Point","coordinates":[-107.617,40.142]},"properties":{"s":93.3,"pub":true}},{"type":"Feature","geometry":{"type":"Point","coordinates":[-107.617,40.1478]},"properties":{"s":93.3,"pub":true}},{"type":"Feature","geometry":{"type":"Point","coordinates":[-107.617,40.1536]},"properties":{"s":93.3,"pub":true}},{"type":"Feature","geometry":{"type":"Point","coordinates":[-107.617,40.1594]},"properties":{"s":93.3,"pub":true}},{"type":"Feature","geometry":{"type":"Point","coordinates":[-107.617,40.1652]},"properties":{"s":93.3,"pub":true}},{"type":"Feature","geometry":{"type":"Point","coordinates":[-107.617,40.171]},"properties":{"s":93.3,"pub":true}},{"type":"Feature","geometry":{"type":"Point","coordinates":[-107.617,40.1768]},"properties":{"s":93.3,"pub":true}},{"type":"Feature","geometry":{"type":"Point","coordinates":[-107.617,40.1826]},"properties":{"s":93.3,"pub":false}},{"type":"Feature","geometry":{"type":"Point","coordinates":[-107.617,40.1884]},"properties":{"s":93.3,"pub":false}},{"type":"Feature","geometry":{"type":"Point","coordinates":[-107.617,40.1942]},"properties":{"s":93.3,"pub":false}},{"type":"Feature","geometry":{"type":"Point","coordinates":[-107.617,40.2]},"properties":{"s":93.3,"pub":false}},{"type":"Feature","geometry":{"type":"Point","coordinates":[-107.617,40.2058]},"properties":{"s":93.3,"pub":false}},{"type":"Feature","geometry":{"type":"Point","coordinates":[-107.617,40.2116]},"properties":{"s":93.3,"pub":false}},{"type":"Feature","geometry":{"type":"Point","coordinates":[-107.617,40.2174]},"properties":{"s":93.3,"pub":false}},{"type":"Feature","geometry":{"type":"Point","coordinates":[-107.617,40.2232]},"properties":{"s":93.3,"pub":false}},{"type":"Feature","geometry":{"type":"Point","coordinates":[-107.617,40.229]},"properties":{"s":93.3,"pub":false}},{"type":"Feature","geometry":{"type":"Point","coordinates":[-107.617,40.2348]},"properties":{"s":93.3,"pub":false}},{"type":"Feature","geometry":{"type":"Point","coordinates":[-107.617,40.2406]},"properties":{"s":93.3,"pub":false}},{"type":"Feature","geometry":{"type":"Point","coordinates":[-107.617,40.2464]},"properties":{"s":93.3,"pub":false}},{"type":"Feature","geometry":{"type":"Point","coordinates":[-107.617,40.2522]},"properties":{"s":93.3,"pub":false}},{"type":"Feature","geometry":{"type":"Point","coordinates":[-107.617,40.258]},"properties":{"s":93.3,"pub":false}},{"type":"Feature","geometry":{"type":"Point","coordinates":[-107.617,40.2638]},"properties":{"s":93.3,"pub":false}},{"type":"Feature","geometry":{"type":"Point","coordinates":[-107.617,40.2696]},"properties":{"s":93.3,"pub":false}},{"type":"Feature","geometry":{"type":"Point","coordinates":[-107.617,40.2754]},"properties":{"s":93.3,"pub":false}},{"type":"Feature","geometry":{"type":"Point","coordinates":[-107.617,40.2812]},"properties":{"s":93.3,"pub":true}},{"type":"Feature","geometry":{"type":"Point","coordinates":[-107.617,40.287]},"properties":{"s":93.3,"pub":true}},{"type":"Feature","geometry":{"type":"Point","coordinates":[-107.617,40.2928]},"properties":{"s":93.3,"pub":true}},{"type":"Feature","geometry":{"type":"Point","coordinates":[-107.617,40.2986]},"properties":{"s":93.3,"pub":false}},{"type":"Feature","geometry":{"type":"Point","coordinates":[-107.617,40.3044]},"properties":{"s":93.3,"pub":false}},{"type":"Feature","geometry":{"type":"Point","coordinates":[-107.617,40.3102]},"properties":{"s":93.3,"pub":true}},{"type":"Feature","geometry":{"type":"Point","coordinates":[-107.617,40.316]},"properties":{"s":93.3,"pub":true}},{"type":"Feature","geometry":{"type":"Point","coordinates":[-107.617,40.3218]},"properties":{"s":93.3,"pub":true}},{"type":"Feature","geometry":{"type":"Point","coordinates":[-107.6095,40.113]},"properties":{"s":93.3,"pub":true}},{"type":"Feature","geometry":{"type":"Point","coordinates":[-107.6095,40.1188]},"properties":{"s":93.3,"pub":true}},{"type":"Feature","geometry":{"type":"Point","coordinates":[-107.6095,40.1246]},"properties":{"s":93.3,"pub":true}},{"type":"Feature","geometry":{"type":"Point","coordinates":[-107.6095,40.1304]},"properties":{"s":93.3,"pub":true}},{"type":"Feature","geometry":{"type":"Point","coordinates":[-107.6095,40.1362]},"properties":{"s":93.3,"pub":true}},{"type":"Feature","geometry":{"type":"Point","coordinates":[-107.6095,40.142]},"properties":{"s":93.3,"pub":true}},{"type":"Feature","geometry":{"type":"Point","coordinates":[-107.6095,40.1478]},"properties":{"s":93.3,"pub":true}},{"type":"Feature","geometry":{"type":"Point","coordinates":[-107.6095,40.1536]},"properties":{"s":93.3,"pub":true}},{"type":"Feature","geometry":{"type":"Point","coordinates":[-107.6095,40.1594]},"properties":{"s":93.3,"pub":true}},{"type":"Feature","geometry":{"type":"Point","coordinates":[-107.6095,40.1652]},"properties":{"s":93.3,"pub":true}},{"type":"Feature","geometry":{"type":"Point","coordinates":[-107.6095,40.171]},"properties":{"s":93.3,"pub":true}},{"type":"Feature","geometry":{"type":"Point","coordinates":[-107.6095,40.1768]},"properties":{"s":93.3,"pub":true}},{"type":"Feature","geometry":{"type":"Point","coordinates":[-107.6095,40.1826]},"properties":{"s":93.3,"pub":false}},{"type":"Feature","geometry":{"type":"Point","coordinates":[-107.6095,40.1884]},"properties":{"s":93.3,"pub":false}},{"type":"Feature","geometry":{"type":"Point","coordinates":[-107.6095,40.1942]},"properties":{"s":93.3,"pub":false}},{"type":"Feature","geometry":{"type":"Point","coordinates":[-107.6095,40.2]},"properties":{"s":93.3,"pub":false}},{"type":"Feature","geometry":{"type":"Point","coordinates":[-107.6095,40.2058]},"properties":{"s":93.3,"pub":false}},{"type":"Feature","geometry":{"type":"Point","coordinates":[-107.6095,40.2116]},"properties":{"s":93.3,"pub":false}},{"type":"Feature","geometry":{"type":"Point","coordinates":[-107.6095,40.2174]},"properties":{"s":93.3,"pub":false}},{"type":"Feature","geometry":{"type":"Point","coordinates":[-107.6095,40.2232]},"properties":{"s":93.3,"pub":false}},{"type":"Feature","geometry":{"type":"Point","coordinates":[-107.6095,40.229]},"properties":{"s":93.3,"pub":false}},{"type":"Feature","geometry":{"type":"Point","coordinates":[-107.6095,40.2348]},"properties":{"s":93.3,"pub":false}},{"type":"Feature","geometry":{"type":"Point","coordinates":[-107.6095,40.2406]},"properties":{"s":93.3,"pub":false}},{"type":"Feature","geometry":{"type":"Point","coordinates":[-107.6095,40.2464]},"properties":{"s":93.3,"pub":false}},{"type":"Feature","geometry":{"type":"Point","coordinates":[-107.6095,40.2522]},"properties":{"s":93.3,"pub":false}},{"type":"Feature","geometry":{"type":"Point","coordinates":[-107.6095,40.258]},"properties":{"s":93.3,"pub":true}},{"type":"Feature","geometry":{"type":"Point","coordinates":[-107.6095,40.2638]},"properties":{"s":93.3,"pub":false}},{"type":"Feature","geometry":{"type":"Point","coordinates":[-107.6095,40.2696]},"properties":{"s":93.3,"pub":false}},{"type":"Feature","geometry":{"type":"Point","coordinates":[-107.6095,40.2754]},"properties":{"s":93.3,"pub":false}},{"type":"Feature","geometry":{"type":"Point","coordinates":[-107.6095,40.2812]},"properties":{"s":93.3,"pub":true}},{"type":"Feature","geometry":{"type":"Point","coordinates":[-107.6095,40.287]},"properties":{"s":93.3,"pub":true}},{"type":"Feature","geometry":{"type":"Point","coordinates":[-107.6095,40.2928]},"properties":{"s":93.3,"pub":true}},{"type":"Feature","geometry":{"type":"Point","coordinates":[-107.6095,40.2986]},"properties":{"s":93.3,"pub":false}},{"type":"Feature","geometry":{"type":"Point","coordinates":[-107.6095,40.3044]},"properties":{"s":93.3,"pub":false}},{"type":"Feature","geometry":{"type":"Point","coordinates":[-107.6095,40.3102]},"properties":{"s":93.3,"pub":true}},{"type":"Feature","geometry":{"type":"Point","coordinates":[-107.6095,40.316]},"properties":{"s":93.3,"pub":true}},{"type":"Feature","geometry":{"type":"Point","coordinates":[-107.6095,40.3218]},"properties":{"s":93.3,"pub":true}},{"type":"Feature","geometry":{"type":"Point","coordinates":[-107.6095,40.3276]},"properties":{"s":100.0,"pub":true}},{"type":"Feature","geometry":{"type":"Point","coordinates":[-107.602,40.113]},"properties":{"s":93.3,"pub":true}},{"type":"Feature","geometry":{"type":"Point","coordinates":[-107.602,40.1188]},"properties":{"s":93.3,"pub":true}},{"type":"Feature","geometry":{"type":"Point","coordinates":[-107.602,40.1246]},"properties":{"s":93.3,"pub":true}},{"type":"Feature","geometry":{"type":"Point","coordinates":[-107.602,40.1304]},"properties":{"s":93.3,"pub":true}},{"type":"Feature","geometry":{"type":"Point","coordinates":[-107.602,40.1362]},"properties":{"s":93.3,"pub":true}},{"type":"Feature","geometry":{"type":"Point","coordinates":[-107.602,40.142]},"properties":{"s":93.3,"pub":true}},{"type":"Feature","geometry":{"type":"Point","coordinates":[-107.602,40.1478]},"properties":{"s":93.3,"pub":true}},{"type":"Feature","geometry":{"type":"Point","coordinates":[-107.602,40.1536]},"properties":{"s":93.3,"pub":true}},{"type":"Feature","geometry":{"type":"Point","coordinates":[-107.602,40.1594]},"properties":{"s":93.3,"pub":true}},{"type":"Feature","geometry":{"type":"Point","coordinates":[-107.602,40.1652]},"properties":{"s":93.3,"pub":true}},{"type":"Feature","geometry":{"type":"Point","coordinates":[-107.602,40.171]},"properties":{"s":93.3,"pub":true}},{"type":"Feature","geometry":{"type":"Point","coordinates":[-107.602,40.1768]},"properties":{"s":93.3,"pub":true}},{"type":"Feature","geometry":{"type":"Point","coordinates":[-107.602,40.1826]},"properties":{"s":93.3,"pub":true}},{"type":"Feature","geometry":{"type":"Point","coordinates":[-107.602,40.1884]},"properties":{"s":93.3,"pub":true}},{"type":"Feature","geometry":{"type":"Point","coordinates":[-107.602,40.1942]},"properties":{"s":93.3,"pub":true}},{"type":"Feature","geometry":{"type":"Point","coordinates":[-107.602,40.2]},"properties":{"s":93.3,"pub":false}},{"type":"Feature","geometry":{"type":"Point","coordinates":[-107.602,40.2058]},"properties":{"s":93.3,"pub":false}},{"type":"Feature","geometry":{"type":"Point","coordinates":[-107.602,40.2116]},"properties":{"s":93.3,"pub":false}},{"type":"Feature","geometry":{"type":"Point","coordinates":[-107.602,40.2174]},"properties":{"s":93.3,"pub":false}},{"type":"Feature","geometry":{"type":"Point","coordinates":[-107.602,40.2232]},"properties":{"s":93.3,"pub":false}},{"type":"Feature","geometry":{"type":"Point","coordinates":[-107.602,40.229]},"properties":{"s":93.3,"pub":false}},{"type":"Feature","geometry":{"type":"Point","coordinates":[-107.602,40.2348]},"properties":{"s":93.3,"pub":false}},{"type":"Feature","geometry":{"type":"Point","coordinates":[-107.602,40.2406]},"properties":{"s":93.3,"pub":false}},{"type":"Feature","geometry":{"type":"Point","coordinates":[-107.602,40.2464]},"properties":{"s":93.3,"pub":false}},{"type":"Feature","geometry":{"type":"Point","coordinates":[-107.602,40.2522]},"properties":{"s":93.3,"pub":false}},{"type":"Feature","geometry":{"type":"Point","coordinates":[-107.602,40.258]},"properties":{"s":93.3,"pub":false}},{"type":"Feature","geometry":{"type":"Point","coordinates":[-107.602,40.2638]},"properties":{"s":93.3,"pub":false}},{"type":"Feature","geometry":{"type":"Point","coordinates":[-107.602,40.2696]},"properties":{"s":93.3,"pub":false}},{"type":"Feature","geometry":{"type":"Point","coordinates":[-107.602,40.2754]},"properties":{"s":93.3,"pub":true}},{"type":"Feature","geometry":{"type":"Point","coordinates":[-107.602,40.2812]},"properties":{"s":93.3,"pub":true}},{"type":"Feature","geometry":{"type":"Point","coordinates":[-107.602,40.287]},"properties":{"s":93.3,"pub":false}},{"type":"Feature","geometry":{"type":"Point","coordinates":[-107.602,40.2928]},"properties":{"s":93.3,"pub":false}},{"type":"Feature","geometry":{"type":"Point","coordinates":[-107.602,40.2986]},"properties":{"s":93.3,"pub":false}},{"type":"Feature","geometry":{"type":"Point","coordinates":[-107.602,40.3044]},"properties":{"s":93.3,"pub":false}},{"type":"Feature","geometry":{"type":"Point","coordinates":[-107.602,40.3102]},"properties":{"s":93.3,"pub":false}},{"type":"Feature","geometry":{"type":"Point","coordinates":[-107.602,40.316]},"properties":{"s":93.3,"pub":true}},{"type":"Feature","geometry":{"type":"Point","coordinates":[-107.602,40.3218]},"properties":{"s":93.3,"pub":true}},{"type":"Feature","geometry":{"type":"Point","coordinates":[-107.602,40.3276]},"properties":{"s":100.0,"pub":false}},{"type":"Feature","geometry":{"type":"Point","coordinates":[-107.602,40.3334]},"properties":{"s":100.0,"pub":false}},{"type":"Feature","geometry":{"type":"Point","coordinates":[-107.602,40.3392]},"properties":{"s":100.0,"pub":false}},{"type":"Feature","geometry":{"type":"Point","coordinates":[-107.5945,40.1072]},"properties":{"s":93.3,"pub":true}},{"type":"Feature","geometry":{"type":"Point","coordinates":[-107.5945,40.113]},"properties":{"s":93.3,"pub":true}},{"type":"Feature","geometry":{"type":"Point","coordinates":[-107.5945,40.1188]},"properties":{"s":93.3,"pub":true}},{"type":"Feature","geometry":{"type":"Point","coordinates":[-107.5945,40.1246]},"properties":{"s":93.3,"pub":true}},{"type":"Feature","geometry":{"type":"Point","coordinates":[-107.5945,40.1304]},"properties":{"s":93.3,"pub":true}},{"type":"Feature","geometry":{"type":"Point","coordinates":[-107.5945,40.1362]},"properties":{"s":93.3,"pub":true}},{"type":"Feature","geometry":{"type":"Point","coordinates":[-107.5945,40.142]},"properties":{"s":93.3,"pub":true}},{"type":"Feature","geometry":{"type":"Point","coordinates":[-107.5945,40.1478]},"properties":{"s":93.3,"pub":true}},{"type":"Feature","geometry":{"type":"Point","coordinates":[-107.5945,40.1536]},"properties":{"s":93.3,"pub":true}},{"type":"Feature","geometry":{"type":"Point","coordinates":[-107.5945,40.1594]},"properties":{"s":93.3,"pub":true}},{"type":"Feature","geometry":{"type":"Point","coordinates":[-107.5945,40.1652]},"properties":{"s":93.3,"pub":true}},{"type":"Feature","geometry":{"type":"Point","coordinates":[-107.5945,40.171]},"properties":{"s":93.3,"pub":true}},{"type":"Feature","geometry":{"type":"Point","coordinates":[-107.5945,40.1768]},"properties":{"s":93.3,"pub":true}},{"type":"Feature","geometry":{"type":"Point","coordinates":[-107.5945,40.1826]},"properties":{"s":93.3,"pub":true}},{"type":"Feature","geometry":{"type":"Point","coordinates":[-107.5945,40.1884]},"properties":{"s":93.3,"pub":true}},{"type":"Feature","geometry":{"type":"Point","coordinates":[-107.5945,40.1942]},"properties":{"s":93.3,"pub":true}},{"type":"Feature","geometry":{"type":"Point","coordinates":[-107.5945,40.2]},"properties":{"s":93.3,"pub":false}},{"type":"Feature","geometry":{"type":"Point","coordinates":[-107.5945,40.2058]},"properties":{"s":93.3,"pub":false}},{"type":"Feature","geometry":{"type":"Point","coordinates":[-107.5945,40.2116]},"properties":{"s":93.3,"pub":false}},{"type":"Feature","geometry":{"type":"Point","coordinates":[-107.5945,40.2174]},"properties":{"s":93.3,"pub":false}},{"type":"Feature","geometry":{"type":"Point","coordinates":[-107.5945,40.2232]},"properties":{"s":93.3,"pub":false}},{"type":"Feature","geometry":{"type":"Point","coordinates":[-107.5945,40.229]},"properties":{"s":93.3,"pub":false}},{"type":"Feature","geometry":{"type":"Point","coordinates":[-107.5945,40.2348]},"properties":{"s":93.3,"pub":false}},{"type":"Feature","geometry":{"type":"Point","coordinates":[-107.5945,40.2406]},"properties":{"s":93.3,"pub":false}},{"type":"Feature","geometry":{"type":"Point","coordinates":[-107.5945,40.2464]},"properties":{"s":93.3,"pub":false}},{"type":"Feature","geometry":{"type":"Point","coordinates":[-107.5945,40.2522]},"properties":{"s":93.3,"pub":false}},{"type":"Feature","geometry":{"type":"Point","coordinates":[-107.5945,40.258]},"properties":{"s":93.3,"pub":false}},{"type":"Feature","geometry":{"type":"Point","coordinates":[-107.5945,40.2638]},"properties":{"s":93.3,"pub":false}},{"type":"Feature","geometry":{"type":"Point","coordinates":[-107.5945,40.2696]},"properties":{"s":93.3,"pub":false}},{"type":"Feature","geometry":{"type":"Point","coordinates":[-107.5945,40.2754]},"properties":{"s":93.3,"pub":true}},{"type":"Feature","geometry":{"type":"Point","coordinates":[-107.5945,40.2812]},"properties":{"s":93.3,"pub":true}},{"type":"Feature","geometry":{"type":"Point","coordinates":[-107.5945,40.287]},"properties":{"s":93.3,"pub":false}},{"type":"Feature","geometry":{"type":"Point","coordinates":[-107.5945,40.2928]},"properties":{"s":93.3,"pub":false}},{"type":"Feature","geometry":{"type":"Point","coordinates":[-107.5945,40.2986]},"properties":{"s":93.3,"pub":false}},{"type":"Feature","geometry":{"type":"Point","coordinates":[-107.5945,40.3044]},"properties":{"s":93.3,"pub":false}},{"type":"Feature","geometry":{"type":"Point","coordinates":[-107.5945,40.3102]},"properties":{"s":93.3,"pub":false}},{"type":"Feature","geometry":{"type":"Point","coordinates":[-107.5945,40.316]},"properties":{"s":93.3,"pub":true}},{"type":"Feature","geometry":{"type":"Point","coordinates":[-107.5945,40.3218]},"properties":{"s":93.3,"pub":false}},{"type":"Feature","geometry":{"type":"Point","coordinates":[-107.5945,40.3276]},"properties":{"s":100.0,"pub":false}},{"type":"Feature","geometry":{"type":"Point","coordinates":[-107.5945,40.3334]},"properties":{"s":100.0,"pub":false}},{"type":"Feature","geometry":{"type":"Point","coordinates":[-107.5945,40.3392]},"properties":{"s":100.0,"pub":false}},{"type":"Feature","geometry":{"type":"Point","coordinates":[-107.5945,40.345]},"properties":{"s":100.0,"pub":false}},{"type":"Feature","geometry":{"type":"Point","coordinates":[-107.5945,40.3508]},"properties":{"s":100.0,"pub":false}},{"type":"Feature","geometry":{"type":"Point","coordinates":[-107.5945,40.3566]},"properties":{"s":100.0,"pub":true}},{"type":"Feature","geometry":{"type":"Point","coordinates":[-107.587,40.113]},"properties":{"s":93.3,"pub":true}},{"type":"Feature","geometry":{"type":"Point","coordinates":[-107.587,40.1188]},"properties":{"s":93.3,"pub":true}},{"type":"Feature","geometry":{"type":"Point","coordinates":[-107.587,40.1246]},"properties":{"s":93.3,"pub":true}},{"type":"Feature","geometry":{"type":"Point","coordinates":[-107.587,40.1304]},"properties":{"s":93.3,"pub":true}},{"type":"Feature","geometry":{"type":"Point","coordinates":[-107.587,40.1362]},"properties":{"s":93.3,"pub":true}},{"type":"Feature","geometry":{"type":"Point","coordinates":[-107.587,40.142]},"properties":{"s":93.3,"pub":true}},{"type":"Feature","geometry":{"type":"Point","coordinates":[-107.587,40.1478]},"properties":{"s":93.3,"pub":true}},{"type":"Feature","geometry":{"type":"Point","coordinates":[-107.587,40.1536]},"properties":{"s":93.3,"pub":true}},{"type":"Feature","geometry":{"type":"Point","coordinates":[-107.587,40.1594]},"properties":{"s":93.3,"pub":true}},{"type":"Feature","geometry":{"type":"Point","coordinates":[-107.587,40.1652]},"properties":{"s":93.3,"pub":true}},{"type":"Feature","geometry":{"type":"Point","coordinates":[-107.587,40.171]},"properties":{"s":93.3,"pub":true}},{"type":"Feature","geometry":{"type":"Point","coordinates":[-107.587,40.1768]},"properties":{"s":93.3,"pub":true}},{"type":"Feature","geometry":{"type":"Point","coordinates":[-107.587,40.1826]},"properties":{"s":93.3,"pub":true}},{"type":"Feature","geometry":{"type":"Point","coordinates":[-107.587,40.1884]},"properties":{"s":93.3,"pub":true}},{"type":"Feature","geometry":{"type":"Point","coordinates":[-107.587,40.1942]},"properties":{"s":93.3,"pub":true}},{"type":"Feature","geometry":{"type":"Point","coordinates":[-107.587,40.2]},"properties":{"s":93.3,"pub":false}},{"type":"Feature","geometry":{"type":"Point","coordinates":[-107.587,40.2058]},"properties":{"s":93.3,"pub":false}},{"type":"Feature","geometry":{"type":"Point","coordinates":[-107.587,40.2116]},"properties":{"s":93.3,"pub":false}},{"type":"Feature","geometry":{"type":"Point","coordinates":[-107.587,40.2174]},"properties":{"s":93.3,"pub":false}},{"type":"Feature","geometry":{"type":"Point","coordinates":[-107.587,40.2232]},"properties":{"s":93.3,"pub":false}},{"type":"Feature","geometry":{"type":"Point","coordinates":[-107.587,40.229]},"properties":{"s":93.3,"pub":false}},{"type":"Feature","geometry":{"type":"Point","coordinates":[-107.587,40.2348]},"properties":{"s":93.3,"pub":false}},{"type":"Feature","geometry":{"type":"Point","coordinates":[-107.587,40.2406]},"properties":{"s":93.3,"pub":false}},{"type":"Feature","geometry":{"type":"Point","coordinates":[-107.587,40.2464]},"properties":{"s":93.3,"pub":false}},{"type":"Feature","geometry":{"type":"Point","coordinates":[-107.587,40.2522]},"properties":{"s":93.3,"pub":false}},{"type":"Feature","geometry":{"type":"Point","coordinates":[-107.587,40.258]},"properties":{"s":93.3,"pub":false}},{"type":"Feature","geometry":{"type":"Point","coordinates":[-107.587,40.2638]},"properties":{"s":93.3,"pub":false}},{"type":"Feature","geometry":{"type":"Point","coordinates":[-107.587,40.2696]},"properties":{"s":93.3,"pub":false}},{"type":"Feature","geometry":{"type":"Point","coordinates":[-107.587,40.2754]},"properties":{"s":93.3,"pub":false}},{"type":"Feature","geometry":{"type":"Point","coordinates":[-107.587,40.2812]},"properties":{"s":93.3,"pub":false}},{"type":"Feature","geometry":{"type":"Point","coordinates":[-107.587,40.287]},"properties":{"s":93.3,"pub":false}},{"type":"Feature","geometry":{"type":"Point","coordinates":[-107.587,40.2928]},"properties":{"s":93.3,"pub":false}},{"type":"Feature","geometry":{"type":"Point","coordinates":[-107.587,40.2986]},"properties":{"s":93.3,"pub":false}},{"type":"Feature","geometry":{"type":"Point","coordinates":[-107.587,40.3044]},"properties":{"s":93.3,"pub":false}},{"type":"Feature","geometry":{"type":"Point","coordinates":[-107.587,40.3102]},"properties":{"s":93.3,"pub":false}},{"type":"Feature","geometry":{"type":"Point","coordinates":[-107.587,40.316]},"properties":{"s":93.3,"pub":false}},{"type":"Feature","geometry":{"type":"Point","coordinates":[-107.587,40.3218]},"properties":{"s":93.3,"pub":true}},{"type":"Feature","geometry":{"type":"Point","coordinates":[-107.587,40.3276]},"properties":{"s":93.3,"pub":true}},{"type":"Feature","geometry":{"type":"Point","coordinates":[-107.587,40.3334]},"properties":{"s":100.0,"pub":false}},{"type":"Feature","geometry":{"type":"Point","coordinates":[-107.587,40.3392]},"properties":{"s":100.0,"pub":false}},{"type":"Feature","geometry":{"type":"Point","coordinates":[-107.587,40.345]},"properties":{"s":93.3,"pub":false}},{"type":"Feature","geometry":{"type":"Point","coordinates":[-107.587,40.3508]},"properties":{"s":93.3,"pub":true}},{"type":"Feature","geometry":{"type":"Point","coordinates":[-107.587,40.3566]},"properties":{"s":100.0,"pub":true}},{"type":"Feature","geometry":{"type":"Point","coordinates":[-107.587,40.3624]},"properties":{"s":100.0,"pub":true}},{"type":"Feature","geometry":{"type":"Point","coordinates":[-107.5795,40.1188]},"properties":{"s":93.3,"pub":true}},{"type":"Feature","geometry":{"type":"Point","coordinates":[-107.5795,40.1246]},"properties":{"s":93.3,"pub":true}},{"type":"Feature","geometry":{"type":"Point","coordinates":[-107.5795,40.1304]},"properties":{"s":93.3,"pub":true}},{"type":"Feature","geometry":{"type":"Point","coordinates":[-107.5795,40.1362]},"properties":{"s":93.3,"pub":true}},{"type":"Feature","geometry":{"type":"Point","coordinates":[-107.5795,40.142]},"properties":{"s":93.3,"pub":true}},{"type":"Feature","geometry":{"type":"Point","coordinates":[-107.5795,40.1478]},"properties":{"s":93.3,"pub":true}},{"type":"Feature","geometry":{"type":"Point","coordinates":[-107.5795,40.1536]},"properties":{"s":93.3,"pub":true}},{"type":"Feature","geometry":{"type":"Point","coordinates":[-107.5795,40.1594]},"properties":{"s":93.3,"pub":true}},{"type":"Feature","geometry":{"type":"Point","coordinates":[-107.5795,40.1652]},"properties":{"s":93.3,"pub":true}},{"type":"Feature","geometry":{"type":"Point","coordinates":[-107.5795,40.171]},"properties":{"s":93.3,"pub":true}},{"type":"Feature","geometry":{"type":"Point","coordinates":[-107.5795,40.1768]},"properties":{"s":93.3,"pub":true}},{"type":"Feature","geometry":{"type":"Point","coordinates":[-107.5795,40.1826]},"properties":{"s":93.3,"pub":true}},{"type":"Feature","geometry":{"type":"Point","coordinates":[-107.5795,40.1884]},"properties":{"s":93.3,"pub":true}},{"type":"Feature","geometry":{"type":"Point","coordinates":[-107.5795,40.1942]},"properties":{"s":93.3,"pub":true}},{"type":"Feature","geometry":{"type":"Point","coordinates":[-107.5795,40.2]},"properties":{"s":93.3,"pub":false}},{"type":"Feature","geometry":{"type":"Point","coordinates":[-107.5795,40.2058]},"properties":{"s":93.3,"pub":false}},{"type":"Feature","geometry":{"type":"Point","coordinates":[-107.5795,40.2116]},"properties":{"s":93.3,"pub":false}},{"type":"Feature","geometry":{"type":"Point","coordinates":[-107.5795,40.2174]},"properties":{"s":93.3,"pub":false}},{"type":"Feature","geometry":{"type":"Point","coordinates":[-107.5795,40.2232]},"properties":{"s":93.3,"pub":false}},{"type":"Feature","geometry":{"type":"Point","coordinates":[-107.5795,40.229]},"properties":{"s":93.3,"pub":false}},{"type":"Feature","geometry":{"type":"Point","coordinates":[-107.5795,40.2348]},"properties":{"s":93.3,"pub":false}},{"type":"Feature","geometry":{"type":"Point","coordinates":[-107.5795,40.2406]},"properties":{"s":93.3,"pub":false}},{"type":"Feature","geometry":{"type":"Point","coordinates":[-107.5795,40.2464]},"properties":{"s":93.3,"pub":false}},{"type":"Feature","geometry":{"type":"Point","coordinates":[-107.5795,40.2522]},"properties":{"s":93.3,"pub":false}},{"type":"Feature","geometry":{"type":"Point","coordinates":[-107.5795,40.258]},"properties":{"s":93.3,"pub":false}},{"type":"Feature","geometry":{"type":"Point","coordinates":[-107.5795,40.2638]},"properties":{"s":93.3,"pub":false}},{"type":"Feature","geometry":{"type":"Point","coordinates":[-107.5795,40.2696]},"properties":{"s":93.3,"pub":false}},{"type":"Feature","geometry":{"type":"Point","coordinates":[-107.5795,40.2754]},"properties":{"s":93.3,"pub":false}},{"type":"Feature","geometry":{"type":"Point","coordinates":[-107.5795,40.2812]},"properties":{"s":93.3,"pub":false}},{"type":"Feature","geometry":{"type":"Point","coordinates":[-107.5795,40.287]},"properties":{"s":93.3,"pub":false}},{"type":"Feature","geometry":{"type":"Point","coordinates":[-107.5795,40.2928]},"properties":{"s":93.3,"pub":false}},{"type":"Feature","geometry":{"type":"Point","coordinates":[-107.5795,40.2986]},"properties":{"s":93.3,"pub":false}},{"type":"Feature","geometry":{"type":"Point","coordinates":[-107.5795,40.3044]},"properties":{"s":93.3,"pub":false}},{"type":"Feature","geometry":{"type":"Point","coordinates":[-107.5795,40.3102]},"properties":{"s":93.3,"pub":false}},{"type":"Feature","geometry":{"type":"Point","coordinates":[-107.5795,40.316]},"properties":{"s":93.3,"pub":false}},{"type":"Feature","geometry":{"type":"Point","coordinates":[-107.5795,40.3218]},"properties":{"s":93.3,"pub":false}},{"type":"Feature","geometry":{"type":"Point","coordinates":[-107.5795,40.3276]},"properties":{"s":93.3,"pub":true}},{"type":"Feature","geometry":{"type":"Point","coordinates":[-107.5795,40.3334]},"properties":{"s":93.3,"pub":false}},{"type":"Feature","geometry":{"type":"Point","coordinates":[-107.5795,40.3392]},"properties":{"s":93.3,"pub":false}},{"type":"Feature","geometry":{"type":"Point","coordinates":[-107.5795,40.345]},"properties":{"s":93.3,"pub":false}},{"type":"Feature","geometry":{"type":"Point","coordinates":[-107.5795,40.3508]},"properties":{"s":93.3,"pub":true}},{"type":"Feature","geometry":{"type":"Point","coordinates":[-107.5795,40.3566]},"properties":{"s":100.0,"pub":true}},{"type":"Feature","geometry":{"type":"Point","coordinates":[-107.5795,40.3624]},"properties":{"s":100.0,"pub":false}},{"type":"Feature","geometry":{"type":"Point","coordinates":[-107.572,40.1188]},"properties":{"s":93.3,"pub":true}},{"type":"Feature","geometry":{"type":"Point","coordinates":[-107.572,40.1246]},"properties":{"s":93.3,"pub":true}},{"type":"Feature","geometry":{"type":"Point","coordinates":[-107.572,40.1304]},"properties":{"s":93.3,"pub":true}},{"type":"Feature","geometry":{"type":"Point","coordinates":[-107.572,40.1362]},"properties":{"s":93.3,"pub":true}},{"type":"Feature","geometry":{"type":"Point","coordinates":[-107.572,40.142]},"properties":{"s":93.3,"pub":true}},{"type":"Feature","geometry":{"type":"Point","coordinates":[-107.572,40.1478]},"properties":{"s":93.3,"pub":true}},{"type":"Feature","geometry":{"type":"Point","coordinates":[-107.572,40.1536]},"properties":{"s":93.3,"pub":true}},{"type":"Feature","geometry":{"type":"Point","coordinates":[-107.572,40.1594]},"properties":{"s":93.3,"pub":true}},{"type":"Feature","geometry":{"type":"Point","coordinates":[-107.572,40.1652]},"properties":{"s":93.3,"pub":true}},{"type":"Feature","geometry":{"type":"Point","coordinates":[-107.572,40.171]},"properties":{"s":93.3,"pub":true}},{"type":"Feature","geometry":{"type":"Point","coordinates":[-107.572,40.1768]},"properties":{"s":93.3,"pub":true}},{"type":"Feature","geometry":{"type":"Point","coordinates":[-107.572,40.1826]},"properties":{"s":93.3,"pub":true}},{"type":"Feature","geometry":{"type":"Point","coordinates":[-107.572,40.1884]},"properties":{"s":93.3,"pub":true}},{"type":"Feature","geometry":{"type":"Point","coordinates":[-107.572,40.1942]},"properties":{"s":93.3,"pub":true}},{"type":"Feature","geometry":{"type":"Point","coordinates":[-107.572,40.2]},"properties":{"s":93.3,"pub":false}},{"type":"Feature","geometry":{"type":"Point","coordinates":[-107.572,40.2058]},"properties":{"s":93.3,"pub":false}},{"type":"Feature","geometry":{"type":"Point","coordinates":[-107.572,40.2116]},"properties":{"s":93.3,"pub":false}},{"type":"Feature","geometry":{"type":"Point","coordinates":[-107.572,40.2174]},"properties":{"s":93.3,"pub":false}},{"type":"Feature","geometry":{"type":"Point","coordinates":[-107.572,40.2232]},"properties":{"s":93.3,"pub":false}},{"type":"Feature","geometry":{"type":"Point","coordinates":[-107.572,40.229]},"properties":{"s":93.3,"pub":false}},{"type":"Feature","geometry":{"type":"Point","coordinates":[-107.572,40.2348]},"properties":{"s":93.3,"pub":false}},{"type":"Feature","geometry":{"type":"Point","coordinates":[-107.572,40.2406]},"properties":{"s":93.3,"pub":false}},{"type":"Feature","geometry":{"type":"Point","coordinates":[-107.572,40.2464]},"properties":{"s":93.3,"pub":false}},{"type":"Feature","geometry":{"type":"Point","coordinates":[-107.572,40.2522]},"properties":{"s":93.3,"pub":false}},{"type":"Feature","geometry":{"type":"Point","coordinates":[-107.572,40.258]},"properties":{"s":93.3,"pub":false}},{"type":"Feature","geometry":{"type":"Point","coordinates":[-107.572,40.2638]},"properties":{"s":93.3,"pub":false}},{"type":"Feature","geometry":{"type":"Point","coordinates":[-107.572,40.2696]},"properties":{"s":93.3,"pub":false}},{"type":"Feature","geometry":{"type":"Point","coordinates":[-107.572,40.2754]},"properties":{"s":93.3,"pub":false}},{"type":"Feature","geometry":{"type":"Point","coordinates":[-107.572,40.2812]},"properties":{"s":93.3,"pub":false}},{"type":"Feature","geometry":{"type":"Point","coordinates":[-107.572,40.287]},"properties":{"s":93.3,"pub":false}},{"type":"Feature","geometry":{"type":"Point","coordinates":[-107.572,40.2928]},"properties":{"s":93.3,"pub":false}},{"type":"Feature","geometry":{"type":"Point","coordinates":[-107.572,40.2986]},"properties":{"s":93.3,"pub":false}},{"type":"Feature","geometry":{"type":"Point","coordinates":[-107.572,40.3044]},"properties":{"s":93.3,"pub":false}},{"type":"Feature","geometry":{"type":"Point","coordinates":[-107.572,40.3102]},"properties":{"s":93.3,"pub":false}},{"type":"Feature","geometry":{"type":"Point","coordinates":[-107.572,40.316]},"properties":{"s":93.3,"pub":false}},{"type":"Feature","geometry":{"type":"Point","coordinates":[-107.572,40.3218]},"properties":{"s":93.3,"pub":false}},{"type":"Feature","geometry":{"type":"Point","coordinates":[-107.572,40.3276]},"properties":{"s":93.3,"pub":false}},{"type":"Feature","geometry":{"type":"Point","coordinates":[-107.572,40.3334]},"properties":{"s":93.3,"pub":false}},{"type":"Feature","geometry":{"type":"Point","coordinates":[-107.572,40.3392]},"properties":{"s":93.3,"pub":true}},{"type":"Feature","geometry":{"type":"Point","coordinates":[-107.572,40.345]},"properties":{"s":93.3,"pub":true}},{"type":"Feature","geometry":{"type":"Point","coordinates":[-107.572,40.3508]},"properties":{"s":93.3,"pub":true}},{"type":"Feature","geometry":{"type":"Point","coordinates":[-107.572,40.3566]},"properties":{"s":100.0,"pub":true}},{"type":"Feature","geometry":{"type":"Point","coordinates":[-107.572,40.3624]},"properties":{"s":100.0,"pub":false}},{"type":"Feature","geometry":{"type":"Point","coordinates":[-107.572,40.3682]},"properties":{"s":100.0,"pub":false}},{"type":"Feature","geometry":{"type":"Point","coordinates":[-107.5645,40.113]},"properties":{"s":93.3,"pub":true}},{"type":"Feature","geometry":{"type":"Point","coordinates":[-107.5645,40.1188]},"properties":{"s":93.3,"pub":true}},{"type":"Feature","geometry":{"type":"Point","coordinates":[-107.5645,40.1246]},"properties":{"s":93.3,"pub":true}},{"type":"Feature","geometry":{"type":"Point","coordinates":[-107.5645,40.1304]},"properties":{"s":93.3,"pub":true}},{"type":"Feature","geometry":{"type":"Point","coordinates":[-107.5645,40.1362]},"properties":{"s":93.3,"pub":true}},{"type":"Feature","geometry":{"type":"Point","coordinates":[-107.5645,40.142]},"properties":{"s":93.3,"pub":true}},{"type":"Feature","geometry":{"type":"Point","coordinates":[-107.5645,40.1478]},"properties":{"s":93.3,"pub":true}},{"type":"Feature","geometry":{"type":"Point","coordinates":[-107.5645,40.1536]},"properties":{"s":93.3,"pub":true}},{"type":"Feature","geometry":{"type":"Point","coordinates":[-107.5645,40.1594]},"properties":{"s":93.3,"pub":true}},{"type":"Feature","geometry":{"type":"Point","coordinates":[-107.5645,40.1652]},"properties":{"s":93.3,"pub":true}},{"type":"Feature","geometry":{"type":"Point","coordinates":[-107.5645,40.171]},"properties":{"s":93.3,"pub":true}},{"type":"Feature","geometry":{"type":"Point","coordinates":[-107.5645,40.1768]},"properties":{"s":93.3,"pub":true}},{"type":"Feature","geometry":{"type":"Point","coordinates":[-107.5645,40.1826]},"properties":{"s":93.3,"pub":true}},{"type":"Feature","geometry":{"type":"Point","coordinates":[-107.5645,40.1884]},"properties":{"s":93.3,"pub":true}},{"type":"Feature","geometry":{"type":"Point","coordinates":[-107.5645,40.1942]},"properties":{"s":93.3,"pub":true}},{"type":"Feature","geometry":{"type":"Point","coordinates":[-107.5645,40.2]},"properties":{"s":93.3,"pub":false}},{"type":"Feature","geometry":{"type":"Point","coordinates":[-107.5645,40.2058]},"properties":{"s":93.3,"pub":false}},{"type":"Feature","geometry":{"type":"Point","coordinates":[-107.5645,40.2116]},"properties":{"s":93.3,"pub":false}},{"type":"Feature","geometry":{"type":"Point","coordinates":[-107.5645,40.2174]},"properties":{"s":93.3,"pub":false}},{"type":"Feature","geometry":{"type":"Point","coordinates":[-107.5645,40.2232]},"properties":{"s":93.3,"pub":false}},{"type":"Feature","geometry":{"type":"Point","coordinates":[-107.5645,40.229]},"properties":{"s":93.3,"pub":false}},{"type":"Feature","geometry":{"type":"Point","coordinates":[-107.5645,40.2348]},"properties":{"s":93.3,"pub":false}},{"type":"Feature","geometry":{"type":"Point","coordinates":[-107.5645,40.2406]},"properties":{"s":93.3,"pub":false}},{"type":"Feature","geometry":{"type":"Point","coordinates":[-107.5645,40.2464]},"properties":{"s":93.3,"pub":false}},{"type":"Feature","geometry":{"type":"Point","coordinates":[-107.5645,40.2522]},"properties":{"s":93.3,"pub":false}},{"type":"Feature","geometry":{"type":"Point","coordinates":[-107.5645,40.258]},"properties":{"s":93.3,"pub":false}},{"type":"Feature","geometry":{"type":"Point","coordinates":[-107.5645,40.2638]},"properties":{"s":93.3,"pub":false}},{"type":"Feature","geometry":{"type":"Point","coordinates":[-107.5645,40.2696]},"properties":{"s":93.3,"pub":false}},{"type":"Feature","geometry":{"type":"Point","coordinates":[-107.5645,40.2754]},"properties":{"s":93.3,"pub":false}},{"type":"Feature","geometry":{"type":"Point","coordinates":[-107.5645,40.2812]},"properties":{"s":93.3,"pub":false}},{"type":"Feature","geometry":{"type":"Point","coordinates":[-107.5645,40.287]},"properties":{"s":93.3,"pub":false}},{"type":"Feature","geometry":{"type":"Point","coordinates":[-107.5645,40.2928]},"properties":{"s":93.3,"pub":false}},{"type":"Feature","geometry":{"type":"Point","coordinates":[-107.5645,40.2986]},"properties":{"s":93.3,"pub":false}},{"type":"Feature","geometry":{"type":"Point","coordinates":[-107.5645,40.3044]},"properties":{"s":93.3,"pub":false}},{"type":"Feature","geometry":{"type":"Point","coordinates":[-107.5645,40.3102]},"properties":{"s":93.3,"pub":false}},{"type":"Feature","geometry":{"type":"Point","coordinates":[-107.5645,40.316]},"properties":{"s":93.3,"pub":false}},{"type":"Feature","geometry":{"type":"Point","coordinates":[-107.5645,40.3218]},"properties":{"s":93.3,"pub":false}},{"type":"Feature","geometry":{"type":"Point","coordinates":[-107.5645,40.3276]},"properties":{"s":93.3,"pub":false}},{"type":"Feature","geometry":{"type":"Point","coordinates":[-107.5645,40.3334]},"properties":{"s":93.3,"pub":false}},{"type":"Feature","geometry":{"type":"Point","coordinates":[-107.5645,40.3392]},"properties":{"s":93.3,"pub":true}},{"type":"Feature","geometry":{"type":"Point","coordinates":[-107.5645,40.345]},"properties":{"s":93.3,"pub":true}},{"type":"Feature","geometry":{"type":"Point","coordinates":[-107.5645,40.3508]},"properties":{"s":93.3,"pub":false}},{"type":"Feature","geometry":{"type":"Point","coordinates":[-107.5645,40.3566]},"properties":{"s":100.0,"pub":false}},{"type":"Feature","geometry":{"type":"Point","coordinates":[-107.5645,40.3624]},"properties":{"s":100.0,"pub":false}},{"type":"Feature","geometry":{"type":"Point","coordinates":[-107.5645,40.3682]},"properties":{"s":100.0,"pub":false}},{"type":"Feature","geometry":{"type":"Point","coordinates":[-107.557,40.1188]},"properties":{"s":93.3,"pub":true}},{"type":"Feature","geometry":{"type":"Point","coordinates":[-107.557,40.1246]},"properties":{"s":93.3,"pub":true}},{"type":"Feature","geometry":{"type":"Point","coordinates":[-107.557,40.1304]},"properties":{"s":93.3,"pub":true}},{"type":"Feature","geometry":{"type":"Point","coordinates":[-107.557,40.1362]},"properties":{"s":93.3,"pub":true}},{"type":"Feature","geometry":{"type":"Point","coordinates":[-107.557,40.142]},"properties":{"s":93.3,"pub":true}},{"type":"Feature","geometry":{"type":"Point","coordinates":[-107.557,40.1478]},"properties":{"s":93.3,"pub":true}},{"type":"Feature","geometry":{"type":"Point","coordinates":[-107.557,40.1536]},"properties":{"s":93.3,"pub":true}},{"type":"Feature","geometry":{"type":"Point","coordinates":[-107.557,40.1594]},"properties":{"s":93.3,"pub":true}},{"type":"Feature","geometry":{"type":"Point","coordinates":[-107.557,40.1652]},"properties":{"s":93.3,"pub":true}},{"type":"Feature","geometry":{"type":"Point","coordinates":[-107.557,40.171]},"properties":{"s":93.3,"pub":true}},{"type":"Feature","geometry":{"type":"Point","coordinates":[-107.557,40.1768]},"properties":{"s":93.3,"pub":true}},{"type":"Feature","geometry":{"type":"Point","coordinates":[-107.557,40.1826]},"properties":{"s":93.3,"pub":true}},{"type":"Feature","geometry":{"type":"Point","coordinates":[-107.557,40.1884]},"properties":{"s":93.3,"pub":true}},{"type":"Feature","geometry":{"type":"Point","coordinates":[-107.557,40.1942]},"properties":{"s":93.3,"pub":false}},{"type":"Feature","geometry":{"type":"Point","coordinates":[-107.557,40.2]},"properties":{"s":93.3,"pub":false}},{"type":"Feature","geometry":{"type":"Point","coordinates":[-107.557,40.2058]},"properties":{"s":93.3,"pub":false}},{"type":"Feature","geometry":{"type":"Point","coordinates":[-107.557,40.2116]},"properties":{"s":93.3,"pub":false}},{"type":"Feature","geometry":{"type":"Point","coordinates":[-107.557,40.2174]},"properties":{"s":93.3,"pub":false}},{"type":"Feature","geometry":{"type":"Point","coordinates":[-107.557,40.2232]},"properties":{"s":93.3,"pub":false}},{"type":"Feature","geometry":{"type":"Point","coordinates":[-107.557,40.229]},"properties":{"s":93.3,"pub":false}},{"type":"Feature","geometry":{"type":"Point","coordinates":[-107.557,40.2348]},"properties":{"s":93.3,"pub":false}},{"type":"Feature","geometry":{"type":"Point","coordinates":[-107.557,40.2406]},"properties":{"s":93.3,"pub":false}},{"type":"Feature","geometry":{"type":"Point","coordinates":[-107.557,40.2464]},"properties":{"s":93.3,"pub":false}},{"type":"Feature","geometry":{"type":"Point","coordinates":[-107.557,40.2522]},"properties":{"s":93.3,"pub":false}},{"type":"Feature","geometry":{"type":"Point","coordinates":[-107.557,40.258]},"properties":{"s":93.3,"pub":false}},{"type":"Feature","geometry":{"type":"Point","coordinates":[-107.557,40.2638]},"properties":{"s":93.3,"pub":false}},{"type":"Feature","geometry":{"type":"Point","coordinates":[-107.557,40.2696]},"properties":{"s":93.3,"pub":false}},{"type":"Feature","geometry":{"type":"Point","coordinates":[-107.557,40.2754]},"properties":{"s":93.3,"pub":false}},{"type":"Feature","geometry":{"type":"Point","coordinates":[-107.557,40.2812]},"properties":{"s":93.3,"pub":false}},{"type":"Feature","geometry":{"type":"Point","coordinates":[-107.557,40.287]},"properties":{"s":93.3,"pub":false}},{"type":"Feature","geometry":{"type":"Point","coordinates":[-107.557,40.2928]},"properties":{"s":93.3,"pub":false}},{"type":"Feature","geometry":{"type":"Point","coordinates":[-107.557,40.2986]},"properties":{"s":93.3,"pub":false}},{"type":"Feature","geometry":{"type":"Point","coordinates":[-107.557,40.3044]},"properties":{"s":93.3,"pub":false}},{"type":"Feature","geometry":{"type":"Point","coordinates":[-107.557,40.3102]},"properties":{"s":93.3,"pub":false}},{"type":"Feature","geometry":{"type":"Point","coordinates":[-107.557,40.316]},"properties":{"s":93.3,"pub":false}},{"type":"Feature","geometry":{"type":"Point","coordinates":[-107.557,40.3218]},"properties":{"s":93.3,"pub":false}},{"type":"Feature","geometry":{"type":"Point","coordinates":[-107.557,40.3276]},"properties":{"s":93.3,"pub":false}},{"type":"Feature","geometry":{"type":"Point","coordinates":[-107.557,40.3334]},"properties":{"s":93.3,"pub":false}},{"type":"Feature","geometry":{"type":"Point","coordinates":[-107.557,40.3392]},"properties":{"s":93.3,"pub":true}},{"type":"Feature","geometry":{"type":"Point","coordinates":[-107.557,40.345]},"properties":{"s":93.3,"pub":true}},{"type":"Feature","geometry":{"type":"Point","coordinates":[-107.557,40.3508]},"properties":{"s":93.3,"pub":true}},{"type":"Feature","geometry":{"type":"Point","coordinates":[-107.557,40.3566]},"properties":{"s":100.0,"pub":true}},{"type":"Feature","geometry":{"type":"Point","coordinates":[-107.557,40.3624]},"properties":{"s":100.0,"pub":true}},{"type":"Feature","geometry":{"type":"Point","coordinates":[-107.557,40.3682]},"properties":{"s":100.0,"pub":false}},{"type":"Feature","geometry":{"type":"Point","coordinates":[-107.5495,40.113]},"properties":{"s":93.3,"pub":true}},{"type":"Feature","geometry":{"type":"Point","coordinates":[-107.5495,40.1188]},"properties":{"s":93.3,"pub":true}},{"type":"Feature","geometry":{"type":"Point","coordinates":[-107.5495,40.1246]},"properties":{"s":93.3,"pub":true}},{"type":"Feature","geometry":{"type":"Point","coordinates":[-107.5495,40.1304]},"properties":{"s":93.3,"pub":true}},{"type":"Feature","geometry":{"type":"Point","coordinates":[-107.5495,40.1362]},"properties":{"s":93.3,"pub":true}},{"type":"Feature","geometry":{"type":"Point","coordinates":[-107.5495,40.142]},"properties":{"s":93.3,"pub":true}},{"type":"Feature","geometry":{"type":"Point","coordinates":[-107.5495,40.1478]},"properties":{"s":93.3,"pub":true}},{"type":"Feature","geometry":{"type":"Point","coordinates":[-107.5495,40.1536]},"properties":{"s":93.3,"pub":true}},{"type":"Feature","geometry":{"type":"Point","coordinates":[-107.5495,40.1594]},"properties":{"s":93.3,"pub":true}},{"type":"Feature","geometry":{"type":"Point","coordinates":[-107.5495,40.1652]},"properties":{"s":93.3,"pub":true}},{"type":"Feature","geometry":{"type":"Point","coordinates":[-107.5495,40.171]},"properties":{"s":93.3,"pub":true}},{"type":"Feature","geometry":{"type":"Point","coordinates":[-107.5495,40.1768]},"properties":{"s":93.3,"pub":true}},{"type":"Feature","geometry":{"type":"Point","coordinates":[-107.5495,40.1826]},"properties":{"s":93.3,"pub":true}},{"type":"Feature","geometry":{"type":"Point","coordinates":[-107.5495,40.1884]},"properties":{"s":93.3,"pub":true}},{"type":"Feature","geometry":{"type":"Point","coordinates":[-107.5495,40.1942]},"properties":{"s":93.3,"pub":true}},{"type":"Feature","geometry":{"type":"Point","coordinates":[-107.5495,40.2]},"properties":{"s":93.3,"pub":true}},{"type":"Feature","geometry":{"type":"Point","coordinates":[-107.5495,40.2058]},"properties":{"s":93.3,"pub":true}},{"type":"Feature","geometry":{"type":"Point","coordinates":[-107.5495,40.2116]},"properties":{"s":93.3,"pub":true}},{"type":"Feature","geometry":{"type":"Point","coordinates":[-107.5495,40.2174]},"properties":{"s":93.3,"pub":true}},{"type":"Feature","geometry":{"type":"Point","coordinates":[-107.5495,40.2232]},"properties":{"s":93.3,"pub":true}},{"type":"Feature","geometry":{"type":"Point","coordinates":[-107.5495,40.229]},"properties":{"s":93.3,"pub":true}},{"type":"Feature","geometry":{"type":"Point","coordinates":[-107.5495,40.2348]},"properties":{"s":93.3,"pub":true}},{"type":"Feature","geometry":{"type":"Point","coordinates":[-107.5495,40.2406]},"properties":{"s":93.3,"pub":true}},{"type":"Feature","geometry":{"type":"Point","coordinates":[-107.5495,40.2464]},"properties":{"s":93.3,"pub":true}},{"type":"Feature","geometry":{"type":"Point","coordinates":[-107.5495,40.2522]},"properties":{"s":93.3,"pub":false}},{"type":"Feature","geometry":{"type":"Point","coordinates":[-107.5495,40.258]},"properties":{"s":93.3,"pub":false}},{"type":"Feature","geometry":{"type":"Point","coordinates":[-107.5495,40.2638]},"properties":{"s":93.3,"pub":false}},{"type":"Feature","geometry":{"type":"Point","coordinates":[-107.5495,40.2696]},"properties":{"s":93.3,"pub":false}},{"type":"Feature","geometry":{"type":"Point","coordinates":[-107.5495,40.2754]},"properties":{"s":93.3,"pub":false}},{"type":"Feature","geometry":{"type":"Point","coordinates":[-107.5495,40.2812]},"properties":{"s":93.3,"pub":false}},{"type":"Feature","geometry":{"type":"Point","coordinates":[-107.5495,40.287]},"properties":{"s":93.3,"pub":false}},{"type":"Feature","geometry":{"type":"Point","coordinates":[-107.5495,40.2928]},"properties":{"s":93.3,"pub":false}},{"type":"Feature","geometry":{"type":"Point","coordinates":[-107.5495,40.2986]},"properties":{"s":93.3,"pub":false}},{"type":"Feature","geometry":{"type":"Point","coordinates":[-107.5495,40.3044]},"properties":{"s":93.3,"pub":false}},{"type":"Feature","geometry":{"type":"Point","coordinates":[-107.5495,40.3102]},"properties":{"s":93.3,"pub":false}},{"type":"Feature","geometry":{"type":"Point","coordinates":[-107.5495,40.316]},"properties":{"s":93.3,"pub":false}},{"type":"Feature","geometry":{"type":"Point","coordinates":[-107.5495,40.3218]},"properties":{"s":93.3,"pub":false}},{"type":"Feature","geometry":{"type":"Point","coordinates":[-107.5495,40.3276]},"properties":{"s":93.3,"pub":false}},{"type":"Feature","geometry":{"type":"Point","coordinates":[-107.5495,40.3334]},"properties":{"s":93.3,"pub":false}},{"type":"Feature","geometry":{"type":"Point","coordinates":[-107.5495,40.3392]},"properties":{"s":93.3,"pub":true}},{"type":"Feature","geometry":{"type":"Point","coordinates":[-107.5495,40.345]},"properties":{"s":93.3,"pub":true}},{"type":"Feature","geometry":{"type":"Point","coordinates":[-107.5495,40.3508]},"properties":{"s":100.0,"pub":false}},{"type":"Feature","geometry":{"type":"Point","coordinates":[-107.5495,40.3566]},"properties":{"s":100.0,"pub":false}},{"type":"Feature","geometry":{"type":"Point","coordinates":[-107.5495,40.3624]},"properties":{"s":100.0,"pub":false}},{"type":"Feature","geometry":{"type":"Point","coordinates":[-107.542,40.113]},"properties":{"s":93.3,"pub":true}},{"type":"Feature","geometry":{"type":"Point","coordinates":[-107.542,40.1188]},"properties":{"s":93.3,"pub":true}},{"type":"Feature","geometry":{"type":"Point","coordinates":[-107.542,40.1246]},"properties":{"s":93.3,"pub":true}},{"type":"Feature","geometry":{"type":"Point","coordinates":[-107.542,40.1304]},"properties":{"s":93.3,"pub":true}},{"type":"Feature","geometry":{"type":"Point","coordinates":[-107.542,40.1362]},"properties":{"s":93.3,"pub":true}},{"type":"Feature","geometry":{"type":"Point","coordinates":[-107.542,40.142]},"properties":{"s":93.3,"pub":true}},{"type":"Feature","geometry":{"type":"Point","coordinates":[-107.542,40.1478]},"properties":{"s":93.3,"pub":true}},{"type":"Feature","geometry":{"type":"Point","coordinates":[-107.542,40.1536]},"properties":{"s":93.3,"pub":true}},{"type":"Feature","geometry":{"type":"Point","coordinates":[-107.542,40.1594]},"properties":{"s":93.3,"pub":true}},{"type":"Feature","geometry":{"type":"Point","coordinates":[-107.542,40.1652]},"properties":{"s":93.3,"pub":true}},{"type":"Feature","geometry":{"type":"Point","coordinates":[-107.542,40.171]},"properties":{"s":93.3,"pub":true}},{"type":"Feature","geometry":{"type":"Point","coordinates":[-107.542,40.1768]},"properties":{"s":93.3,"pub":true}},{"type":"Feature","geometry":{"type":"Point","coordinates":[-107.542,40.1826]},"properties":{"s":93.3,"pub":true}},{"type":"Feature","geometry":{"type":"Point","coordinates":[-107.542,40.1884]},"properties":{"s":93.3,"pub":true}},{"type":"Feature","geometry":{"type":"Point","coordinates":[-107.542,40.1942]},"properties":{"s":93.3,"pub":true}},{"type":"Feature","geometry":{"type":"Point","coordinates":[-107.542,40.2]},"properties":{"s":93.3,"pub":true}},{"type":"Feature","geometry":{"type":"Point","coordinates":[-107.542,40.2058]},"properties":{"s":93.3,"pub":true}},{"type":"Feature","geometry":{"type":"Point","coordinates":[-107.542,40.2116]},"properties":{"s":93.3,"pub":true}},{"type":"Feature","geometry":{"type":"Point","coordinates":[-107.542,40.2174]},"properties":{"s":93.3,"pub":true}},{"type":"Feature","geometry":{"type":"Point","coordinates":[-107.542,40.2232]},"properties":{"s":93.3,"pub":true}},{"type":"Feature","geometry":{"type":"Point","coordinates":[-107.542,40.229]},"properties":{"s":93.3,"pub":true}},{"type":"Feature","geometry":{"type":"Point","coordinates":[-107.542,40.2348]},"properties":{"s":93.3,"pub":true}},{"type":"Feature","geometry":{"type":"Point","coordinates":[-107.542,40.2406]},"properties":{"s":93.3,"pub":true}},{"type":"Feature","geometry":{"type":"Point","coordinates":[-107.542,40.2464]},"properties":{"s":93.3,"pub":true}},{"type":"Feature","geometry":{"type":"Point","coordinates":[-107.542,40.2522]},"properties":{"s":93.3,"pub":false}},{"type":"Feature","geometry":{"type":"Point","coordinates":[-107.542,40.258]},"properties":{"s":93.3,"pub":false}},{"type":"Feature","geometry":{"type":"Point","coordinates":[-107.542,40.2638]},"properties":{"s":93.3,"pub":false}},{"type":"Feature","geometry":{"type":"Point","coordinates":[-107.542,40.2696]},"properties":{"s":93.3,"pub":false}},{"type":"Feature","geometry":{"type":"Point","coordinates":[-107.542,40.2754]},"properties":{"s":93.3,"pub":false}},{"type":"Feature","geometry":{"type":"Point","coordinates":[-107.542,40.2812]},"properties":{"s":93.3,"pub":false}},{"type":"Feature","geometry":{"type":"Point","coordinates":[-107.542,40.287]},"properties":{"s":93.3,"pub":false}},{"type":"Feature","geometry":{"type":"Point","coordinates":[-107.542,40.2928]},"properties":{"s":93.3,"pub":false}},{"type":"Feature","geometry":{"type":"Point","coordinates":[-107.542,40.2986]},"properties":{"s":93.3,"pub":false}},{"type":"Feature","geometry":{"type":"Point","coordinates":[-107.542,40.3044]},"properties":{"s":93.3,"pub":false}},{"type":"Feature","geometry":{"type":"Point","coordinates":[-107.542,40.3102]},"properties":{"s":93.3,"pub":false}},{"type":"Feature","geometry":{"type":"Point","coordinates":[-107.542,40.316]},"properties":{"s":93.3,"pub":false}},{"type":"Feature","geometry":{"type":"Point","coordinates":[-107.542,40.3218]},"properties":{"s":93.3,"pub":false}},{"type":"Feature","geometry":{"type":"Point","coordinates":[-107.542,40.3276]},"properties":{"s":93.3,"pub":false}},{"type":"Feature","geometry":{"type":"Point","coordinates":[-107.542,40.3334]},"properties":{"s":93.3,"pub":false}},{"type":"Feature","geometry":{"type":"Point","coordinates":[-107.542,40.3392]},"properties":{"s":93.3,"pub":true}},{"type":"Feature","geometry":{"type":"Point","coordinates":[-107.542,40.345]},"properties":{"s":100.0,"pub":true}},{"type":"Feature","geometry":{"type":"Point","coordinates":[-107.542,40.3508]},"properties":{"s":100.0,"pub":true}},{"type":"Feature","geometry":{"type":"Point","coordinates":[-107.542,40.3566]},"properties":{"s":100.0,"pub":false}},{"type":"Feature","geometry":{"type":"Point","coordinates":[-107.542,40.3624]},"properties":{"s":100.0,"pub":false}},{"type":"Feature","geometry":{"type":"Point","coordinates":[-107.5345,40.113]},"properties":{"s":93.3,"pub":true}},{"type":"Feature","geometry":{"type":"Point","coordinates":[-107.5345,40.1188]},"properties":{"s":93.3,"pub":true}},{"type":"Feature","geometry":{"type":"Point","coordinates":[-107.5345,40.1246]},"properties":{"s":93.3,"pub":true}},{"type":"Feature","geometry":{"type":"Point","coordinates":[-107.5345,40.1304]},"properties":{"s":93.3,"pub":true}},{"type":"Feature","geometry":{"type":"Point","coordinates":[-107.5345,40.1362]},"properties":{"s":93.3,"pub":true}},{"type":"Feature","geometry":{"type":"Point","coordinates":[-107.5345,40.142]},"properties":{"s":93.3,"pub":true}},{"type":"Feature","geometry":{"type":"Point","coordinates":[-107.5345,40.1478]},"properties":{"s":93.3,"pub":true}},{"type":"Feature","geometry":{"type":"Point","coordinates":[-107.5345,40.1536]},"properties":{"s":93.3,"pub":true}},{"type":"Feature","geometry":{"type":"Point","coordinates":[-107.5345,40.1594]},"properties":{"s":93.3,"pub":true}},{"type":"Feature","geometry":{"type":"Point","coordinates":[-107.5345,40.1652]},"properties":{"s":93.3,"pub":true}},{"type":"Feature","geometry":{"type":"Point","coordinates":[-107.5345,40.171]},"properties":{"s":93.3,"pub":true}},{"type":"Feature","geometry":{"type":"Point","coordinates":[-107.5345,40.1768]},"properties":{"s":93.3,"pub":true}},{"type":"Feature","geometry":{"type":"Point","coordinates":[-107.5345,40.1826]},"properties":{"s":93.3,"pub":true}},{"type":"Feature","geometry":{"type":"Point","coordinates":[-107.5345,40.1884]},"properties":{"s":93.3,"pub":true}},{"type":"Feature","geometry":{"type":"Point","coordinates":[-107.5345,40.1942]},"properties":{"s":93.3,"pub":true}},{"type":"Feature","geometry":{"type":"Point","coordinates":[-107.5345,40.2]},"properties":{"s":93.3,"pub":true}},{"type":"Feature","geometry":{"type":"Point","coordinates":[-107.5345,40.2058]},"properties":{"s":93.3,"pub":true}},{"type":"Feature","geometry":{"type":"Point","coordinates":[-107.5345,40.2116]},"properties":{"s":93.3,"pub":true}},{"type":"Feature","geometry":{"type":"Point","coordinates":[-107.5345,40.2174]},"properties":{"s":93.3,"pub":true}},{"type":"Feature","geometry":{"type":"Point","coordinates":[-107.5345,40.2232]},"properties":{"s":93.3,"pub":true}},{"type":"Feature","geometry":{"type":"Point","coordinates":[-107.5345,40.229]},"properties":{"s":93.3,"pub":true}},{"type":"Feature","geometry":{"type":"Point","coordinates":[-107.5345,40.2348]},"properties":{"s":93.3,"pub":true}},{"type":"Feature","geometry":{"type":"Point","coordinates":[-107.5345,40.2406]},"properties":{"s":93.3,"pub":true}},{"type":"Feature","geometry":{"type":"Point","coordinates":[-107.5345,40.2464]},"properties":{"s":93.3,"pub":true}},{"type":"Feature","geometry":{"type":"Point","coordinates":[-107.5345,40.2522]},"properties":{"s":93.3,"pub":false}},{"type":"Feature","geometry":{"type":"Point","coordinates":[-107.5345,40.258]},"properties":{"s":93.3,"pub":false}},{"type":"Feature","geometry":{"type":"Point","coordinates":[-107.5345,40.2638]},"properties":{"s":93.3,"pub":false}},{"type":"Feature","geometry":{"type":"Point","coordinates":[-107.5345,40.2696]},"properties":{"s":93.3,"pub":false}}]}