{"type":"FeatureCollection","features":[{"type":"Feature","geometry":{"type":"Point","coordinates":[-107.6025,40.3977]},"properties":{"s":60.0,"pub":false}},{"type":"Feature","geometry":{"type":"Point","coordinates":[-107.6025,40.4035]},"properties":{"s":60.0,"pub":false}},{"type":"Feature","geometry":{"type":"Point","coordinates":[-107.6025,40.4093]},"properties":{"s":60.0,"pub":false}},{"type":"Feature","geometry":{"type":"Point","coordinates":[-107.6025,40.4151]},"properties":{"s":60.0,"pub":false}},{"type":"Feature","geometry":{"type":"Point","coordinates":[-107.595,40.3919]},"properties":{"s":60.0,"pub":true}},{"type":"Feature","geometry":{"type":"Point","coordinates":[-107.595,40.3977]},"properties":{"s":60.0,"pub":false}},{"type":"Feature","geometry":{"type":"Point","coordinates":[-107.595,40.4035]},"properties":{"s":60.0,"pub":false}},{"type":"Feature","geometry":{"type":"Point","coordinates":[-107.595,40.4093]},"properties":{"s":60.0,"pub":false}},{"type":"Feature","geometry":{"type":"Point","coordinates":[-107.595,40.4151]},"properties":{"s":60.0,"pub":false}},{"type":"Feature","geometry":{"type":"Point","coordinates":[-107.595,40.4209]},"properties":{"s":60.0,"pub":false}},{"type":"Feature","geometry":{"type":"Point","coordinates":[-107.5875,40.3861]},"properties":{"s":60.0,"pub":false}},{"type":"Feature","geometry":{"type":"Point","coordinates":[-107.5875,40.3919]},"properties":{"s":60.0,"pub":false}},{"type":"Feature","geometry":{"type":"Point","coordinates":[-107.5875,40.3977]},"properties":{"s":60.0,"pub":false}},{"type":"Feature","geometry":{"type":"Point","coordinates":[-107.5875,40.4035]},"properties":{"s":60.0,"pub":true}},{"type":"Feature","geometry":{"type":"Point","coordinates":[-107.5875,40.4093]},"properties":{"s":60.0,"pub":false}},{"type":"Feature","geometry":{"type":"Point","coordinates":[-107.5875,40.4151]},"properties":{"s":60.0,"pub":false}},{"type":"Feature","geometry":{"type":"Point","coordinates":[-107.5875,40.4209]},"properties":{"s":60.0,"pub":false}},{"type":"Feature","geometry":{"type":"Point","coordinates":[-107.5875,40.4267]},"properties":{"s":60.0,"pub":false}},{"type":"Feature","geometry":{"type":"Point","coordinates":[-107.58,40.3687]},"properties":{"s":73.3,"pub":false}},{"type":"Feature","geometry":{"type":"Point","coordinates":[-107.58,40.3803]},"properties":{"s":60.0,"pub":true}},{"type":"Feature","geometry":{"type":"Point","coordinates":[-107.58,40.3861]},"properties":{"s":60.0,"pub":false}},{"type":"Feature","geometry":{"type":"Point","coordinates":[-107.58,40.3919]},"properties":{"s":60.0,"pub":false}},{"type":"Feature","geometry":{"type":"Point","coordinates":[-107.58,40.3977]},"properties":{"s":60.0,"pub":false}},{"type":"Feature","geometry":{"type":"Point","coordinates":[-107.58,40.4035]},"properties":{"s":60.0,"pub":false}},{"type":"Feature","geometry":{"type":"Point","coordinates":[-107.58,40.4093]},"properties":{"s":60.0,"pub":false}},{"type":"Feature","geometry":{"type":"Point","coordinates":[-107.58,40.4151]},"properties":{"s":60.0,"pub":false}},{"type":"Feature","geometry":{"type":"Point","coordinates":[-107.58,40.4209]},"properties":{"s":60.0,"pub":false}},{"type":"Feature","geometry":{"type":"Point","coordinates":[-107.58,40.4267]},"properties":{"s":60.0,"pub":false}},{"type":"Feature","geometry":{"type":"Point","coordinates":[-107.58,40.4325]},"properties":{"s":60.0,"pub":true}},{"type":"Feature","geometry":{"type":"Point","coordinates":[-107.5725,40.3745]},"properties":{"s":73.3,"pub":false}},{"type":"Feature","geometry":{"type":"Point","coordinates":[-107.5725,40.3803]},"properties":{"s":60.0,"pub":true}},{"type":"Feature","geometry":{"type":"Point","coordinates":[-107.5725,40.3861]},"properties":{"s":60.0,"pub":true}},{"type":"Feature","geometry":{"type":"Point","coordinates":[-107.5725,40.3919]},"properties":{"s":60.0,"pub":true}},{"type":"Feature","geometry":{"type":"Point","coordinates":[-107.5725,40.3977]},"properties":{"s":60.0,"pub":false}},{"type":"Feature","geometry":{"type":"Point","coordinates":[-107.5725,40.4035]},"properties":{"s":60.0,"pub":false}},{"type":"Feature","geometry":{"type":"Point","coordinates":[-107.5725,40.4093]},"properties":{"s":60.0,"pub":false}},{"type":"Feature","geometry":{"type":"Point","coordinates":[-107.5725,40.4151]},"properties":{"s":60.0,"pub":false}},{"type":"Feature","geometry":{"type":"Point","coordinates":[-107.5725,40.4209]},"properties":{"s":60.0,"pub":false}},{"type":"Feature","geometry":{"type":"Point","coordinates":[-107.5725,40.4267]},"properties":{"s":60.0,"pub":false}},{"type":"Feature","geometry":{"type":"Point","coordinates":[-107.5725,40.4325]},"properties":{"s":60.0,"pub":true}},{"type":"Feature","geometry":{"type":"Point","coordinates":[-107.565,40.3745]},"properties":{"s":73.3,"pub":false}},{"type":"Feature","geometry":{"type":"Point","coordinates":[-107.565,40.3803]},"properties":{"s":60.0,"pub":true}},{"type":"Feature","geometry":{"type":"Point","coordinates":[-107.565,40.3861]},"properties":{"s":60.0,"pub":true}},{"type":"Feature","geometry":{"type":"Point","coordinates":[-107.565,40.3919]},"properties":{"s":60.0,"pub":true}},{"type":"Feature","geometry":{"type":"Point","coordinates":[-107.565,40.3977]},"properties":{"s":60.0,"pub":false}},{"type":"Feature","geometry":{"type":"Point","coordinates":[-107.565,40.4035]},"properties":{"s":60.0,"pub":false}},{"type":"Feature","geometry":{"type":"Point","coordinates":[-107.565,40.4093]},"properties":{"s":60.0,"pub":false}},{"type":"Feature","geometry":{"type":"Point","coordinates":[-107.565,40.4151]},"properties":{"s":60.0,"pub":false}},{"type":"Feature","geometry":{"type":"Point","coordinates":[-107.565,40.4209]},"properties":{"s":60.0,"pub":false}},{"type":"Feature","geometry":{"type":"Point","coordinates":[-107.565,40.4267]},"properties":{"s":60.0,"pub":false}},{"type":"Feature","geometry":{"type":"Point","coordinates":[-107.565,40.4325]},"properties":{"s":60.0,"pub":true}},{"type":"Feature","geometry":{"type":"Point","coordinates":[-107.565,40.4383]},"properties":{"s":60.0,"pub":true}},{"type":"Feature","geometry":{"type":"Point","coordinates":[-107.5575,40.3745]},"properties":{"s":73.3,"pub":false}},{"type":"Feature","geometry":{"type":"Point","coordinates":[-107.5575,40.3803]},"properties":{"s":60.0,"pub":true}},{"type":"Feature","geometry":{"type":"Point","coordinates":[-107.5575,40.3861]},"properties":{"s":60.0,"pub":true}},{"type":"Feature","geometry":{"type":"Point","coordinates":[-107.5575,40.3919]},"properties":{"s":60.0,"pub":true}},{"type":"Feature","geometry":{"type":"Point","coordinates":[-107.5575,40.3977]},"properties":{"s":60.0,"pub":false}},{"type":"Feature","geometry":{"type":"Point","coordinates":[-107.5575,40.4035]},"properties":{"s":60.0,"pub":false}},{"type":"Feature","geometry":{"type":"Point","coordinates":[-107.5575,40.4093]},"properties":{"s":60.0,"pub":false}},{"type":"Feature","geometry":{"type":"Point","coordinates":[-107.5575,40.4151]},"properties":{"s":60.0,"pub":false}},{"type":"Feature","geometry":{"type":"Point","coordinates":[-107.5575,40.4209]},"properties":{"s":60.0,"pub":false}},{"type":"Feature","geometry":{"type":"Point","coordinates":[-107.5575,40.4267]},"properties":{"s":60.0,"pub":false}},{"type":"Feature","geometry":{"type":"Point","coordinates":[-107.5575,40.4325]},"properties":{"s":60.0,"pub":true}},{"type":"Feature","geometry":{"type":"Point","coordinates":[-107.5575,40.4383]},"properties":{"s":60.0,"pub":true}},{"type":"Feature","geometry":{"type":"Point","coordinates":[-107.5575,40.4441]},"properties":{"s":60.0,"pub":true}},{"type":"Feature","geometry":{"type":"Point","coordinates":[-107.55,40.3745]},"properties":{"s":73.3,"pub":true}},{"type":"Feature","geometry":{"type":"Point","coordinates":[-107.55,40.3803]},"properties":{"s":60.0,"pub":true}},{"type":"Feature","geometry":{"type":"Point","coordinates":[-107.55,40.3861]},"properties":{"s":60.0,"pub":true}},{"type":"Feature","geometry":{"type":"Point","coordinates":[-107.55,40.3919]},"properties":{"s":60.0,"pub":false}},{"type":"Feature","geometry":{"type":"Point","coordinates":[-107.55,40.3977]},"properties":{"s":60.0,"pub":false}},{"type":"Feature","geometry":{"type":"Point","coordinates":[-107.55,40.4035]},"properties":{"s":60.0,"pub":false}},{"type":"Feature","geometry":{"type":"Point","coordinates":[-107.55,40.4093]},"properties":{"s":60.0,"pub":false}},{"type":"Feature","geometry":{"type":"Point","coordinates":[-107.55,40.4151]},"properties":{"s":60.0,"pub":false}},{"type":"Feature","geometry":{"type":"Point","coordinates":[-107.55,40.4209]},"properties":{"s":60.0,"pub":false}},{"type":"Feature","geometry":{"type":"Point","coordinates":[-107.55,40.4267]},"properties":{"s":60.0,"pub":false}},{"type":"Feature","geometry":{"type":"Point","coordinates":[-107.55,40.4325]},"properties":{"s":60.0,"pub":true}},{"type":"Feature","geometry":{"type":"Point","coordinates":[-107.55,40.4383]},"properties":{"s":60.0,"pub":true}},{"type":"Feature","geometry":{"type":"Point","coordinates":[-107.55,40.4441]},"properties":{"s":60.0,"pub":true}},{"type":"Feature","geometry":{"type":"Point","coordinates":[-107.5425,40.3745]},"properties":{"s":73.3,"pub":true}},{"type":"Feature","geometry":{"type":"Point","coordinates":[-107.5425,40.3803]},"properties":{"s":60.0,"pub":true}},{"type":"Feature","geometry":{"type":"Point","coordinates":[-107.5425,40.3861]},"properties":{"s":60.0,"pub":true}},{"type":"Feature","geometry":{"type":"Point","coordinates":[-107.5425,40.3919]},"properties":{"s":60.0,"pub":true}},{"type":"Feature","geometry":{"type":"Point","coordinates":[-107.5425,40.3977]},"properties":{"s":60.0,"pub":false}},{"type":"Feature","geometry":{"type":"Point","coordinates":[-107.5425,40.4035]},"properties":{"s":60.0,"pub":false}},{"type":"Feature","geometry":{"type":"Point","coordinates":[-107.5425,40.4093]},"properties":{"s":60.0,"pub":false}},{"type":"Feature","geometry":{"type":"Point","coordinates":[-107.5425,40.4151]},"properties":{"s":60.0,"pub":false}},{"type":"Feature","geometry":{"type":"Point","coordinates":[-107.5425,40.4209]},"properties":{"s":60.0,"pub":false}},{"type":"Feature","geometry":{"type":"Point","coordinates":[-107.5425,40.4267]},"properties":{"s":60.0,"pub":false}},{"type":"Feature","geometry":{"type":"Point","coordinates":[-107.5425,40.4325]},"properties":{"s":60.0,"pub":false}},{"type":"Feature","geometry":{"type":"Point","coordinates":[-107.5425,40.4383]},"properties":{"s":60.0,"pub":false}},{"type":"Feature","geometry":{"type":"Point","coordinates":[-107.5425,40.4441]},"properties":{"s":60.0,"pub":false}},{"type":"Feature","geometry":{"type":"Point","coordinates":[-107.5425,40.4499]},"properties":{"s":60.0,"pub":false}},{"type":"Feature","geometry":{"type":"Point","coordinates":[-107.535,40.3803]},"properties":{"s":60.0,"pub":true}},{"type":"Feature","geometry":{"type":"Point","coordinates":[-107.535,40.3861]},"properties":{"s":60.0,"pub":true}},{"type":"Feature","geometry":{"type":"Point","coordinates":[-107.535,40.3919]},"properties":{"s":60.0,"pub":true}},{"type":"Feature","geometry":{"type":"Point","coordinates":[-107.535,40.3977]},"properties":{"s":60.0,"pub":false}},{"type":"Feature","geometry":{"type":"Point","coordinates":[-107.535,40.4035]},"properties":{"s":60.0,"pub":false}},{"type":"Feature","geometry":{"type":"Point","coordinates":[-107.535,40.4093]},"properties":{"s":60.0,"pub":false}},{"type":"Feature","geometry":{"type":"Point","coordinates":[-107.535,40.4151]},"properties":{"s":60.0,"pub":false}},{"type":"Feature","geometry":{"type":"Point","coordinates":[-107.535,40.4209]},"properties":{"s":60.0,"pub":false}},{"type":"Feature","geometry":{"type":"Point","coordinates":[-107.535,40.4267]},"properties":{"s":60.0,"pub":false}},{"type":"Feature","geometry":{"type":"Point","coordinates":[-107.535,40.4325]},"properties":{"s":60.0,"pub":false}},{"type":"Feature","geometry":{"type":"Point","coordinates":[-107.535,40.4383]},"properties":{"s":60.0,"pub":false}},{"type":"Feature","geometry":{"type":"Point","coordinates":[-107.535,40.4441]},"properties":{"s":60.0,"pub":false}},{"type":"Feature","geometry":{"type":"Point","coordinates":[-107.535,40.4499]},"properties":{"s":60.0,"pub":false}},{"type":"Feature","geometry":{"type":"Point","coordinates":[-107.5275,40.3803]},"properties":{"s":60.0,"pub":true}},{"type":"Feature","geometry":{"type":"Point","coordinates":[-107.5275,40.3861]},"properties":{"s":60.0,"pub":true}},{"type":"Feature","geometry":{"type":"Point","coordinates":[-107.5275,40.3919]},"properties":{"s":60.0,"pub":true}},{"type":"Feature","geometry":{"type":"Point","coordinates":[-107.5275,40.3977]},"properties":{"s":53.3,"pub":false}},{"type":"Feature","geometry":{"type":"Point","coordinates":[-107.5275,40.4035]},"properties":{"s":53.3,"pub":false}},{"type":"Feature","geometry":{"type":"Point","coordinates":[-107.5275,40.4093]},"properties":{"s":53.3,"pub":false}},{"type":"Feature","geometry":{"type":"Point","coordinates":[-107.5275,40.4151]},"properties":{"s":53.3,"pub":false}},{"type":"Feature","geometry":{"type":"Point","coordinates":[-107.5275,40.4209]},"properties":{"s":60.0,"pub":false}},{"type":"Feature","geometry":{"type":"Point","coordinates":[-107.5275,40.4267]},"properties":{"s":60.0,"pub":false}},{"type":"Feature","geometry":{"type":"Point","coordinates":[-107.5275,40.4325]},"properties":{"s":60.0,"pub":false}},{"type":"Feature","geometry":{"type":"Point","coordinates":[-107.5275,40.4383]},"properties":{"s":60.0,"pub":false}},{"type":"Feature","geometry":{"type":"Point","coordinates":[-107.5275,40.4441]},"properties":{"s":60.0,"pub":false}},{"type":"Feature","geometry":{"type":"Point","coordinates":[-107.5275,40.4499]},"properties":{"s":60.0,"pub":false}},{"type":"Feature","geometry":{"type":"Point","coordinates":[-107.52,40.3803]},"properties":{"s":60.0,"pub":true}},{"type":"Feature","geometry":{"type":"Point","coordinates":[-107.52,40.3861]},"properties":{"s":60.0,"pub":true}},{"type":"Feature","geometry":{"type":"Point","coordinates":[-107.52,40.3919]},"properties":{"s":60.0,"pub":false}},{"type":"Feature","geometry":{"type":"Point","coordinates":[-107.52,40.3977]},"properties":{"s":53.3,"pub":false}},{"type":"Feature","geometry":{"type":"Point","coordinates":[-107.52,40.4035]},"properties":{"s":53.3,"pub":false}},{"type":"Feature","geometry":{"type":"Point","coordinates":[-107.52,40.4093]},"properties":{"s":53.3,"pub":false}},{"type":"Feature","geometry":{"type":"Point","coordinates":[-107.52,40.4151]},"properties":{"s":53.3,"pub":false}},{"type":"Feature","geometry":{"type":"Point","coordinates":[-107.52,40.4209]},"properties":{"s":53.3,"pub":false}},{"type":"Feature","geometry":{"type":"Point","coordinates":[-107.52,40.4267]},"properties":{"s":60.0,"pub":false}},{"type":"Feature","geometry":{"type":"Point","coordinates":[-107.52,40.4325]},"properties":{"s":60.0,"pub":false}},{"type":"Feature","geometry":{"type":"Point","coordinates":[-107.52,40.4383]},"properties":{"s":60.0,"pub":false}},{"type":"Feature","geometry":{"type":"Point","coordinates":[-107.52,40.4441]},"properties":{"s":60.0,"pub":false}},{"type":"Feature","geometry":{"type":"Point","coordinates":[-107.52,40.4499]},"properties":{"s":60.0,"pub":false}},{"type":"Feature","geometry":{"type":"Point","coordinates":[-107.5125,40.3687]},"properties":{"s":73.3,"pub":false}},{"type":"Feature","geometry":{"type":"Point","coordinates":[-107.5125,40.3803]},"properties":{"s":60.0,"pub":true}},{"type":"Feature","geometry":{"type":"Point","coordinates":[-107.5125,40.3861]},"properties":{"s":60.0,"pub":true}},{"type":"Feature","geometry":{"type":"Point","coordinates":[-107.5125,40.3919]},"properties":{"s":53.3,"pub":false}},{"type":"Feature","geometry":{"type":"Point","coordinates":[-107.5125,40.3977]},"properties":{"s":53.3,"pub":false}},{"type":"Feature","geometry":{"type":"Point","coordinates":[-107.5125,40.4035]},"properties":{"s":53.3,"pub":false}},{"type":"Feature","geometry":{"type":"Point","coordinates":[-107.5125,40.4093]},"properties":{"s":53.3,"pub":false}},{"type":"Feature","geometry":{"type":"Point","coordinates":[-107.5125,40.4151]},"properties":{"s":53.3,"pub":false}},{"type":"Feature","geometry":{"type":"Point","coordinates":[-107.5125,40.4209]},"properties":{"s":53.3,"pub":false}},{"type":"Feature","geometry":{"type":"Point","coordinates":[-107.5125,40.4267]},"properties":{"s":53.3,"pub":false}},{"type":"Feature","geometry":{"type":"Point","coordinates":[-107.5125,40.4325]},"properties":{"s":60.0,"pub":false}},{"type":"Feature","geometry":{"type":"Point","coordinates":[-107.5125,40.4383]},"properties":{"s":60.0,"pub":false}},{"type":"Feature","geometry":{"type":"Point","coordinates":[-107.5125,40.4441]},"properties":{"s":60.0,"pub":false}},{"type":"Feature","geometry":{"type":"Point","coordinates":[-107.5125,40.4499]},"properties":{"s":60.0,"pub":false}},{"type":"Feature","geometry":{"type":"Point","coordinates":[-107.505,40.3687]},"properties":{"s":73.3,"pub":false}},{"type":"Feature","geometry":{"type":"Point","coordinates":[-107.505,40.3745]},"properties":{"s":73.3,"pub":true}},{"type":"Feature","geometry":{"type":"Point","coordinates":[-107.505,40.3803]},"properties":{"s":60.0,"pub":true}},{"type":"Feature","geometry":{"type":"Point","coordinates":[-107.505,40.3861]},"properties":{"s":60.0,"pub":true}},{"type":"Feature","geometry":{"type":"Point","coordinates":[-107.505,40.3919]},"properties":{"s":60.0,"pub":true}},{"type":"Feature","geometry":{"type":"Point","coordinates":[-107.505,40.3977]},"properties":{"s":53.3,"pub":false}},{"type":"Feature","geometry":{"type":"Point","coordinates":[-107.505,40.4035]},"properties":{"s":53.3,"pub":false}},{"type":"Feature","geometry":{"type":"Point","coordinates":[-107.505,40.4093]},"properties":{"s":53.3,"pub":false}},{"type":"Feature","geometry":{"type":"Point","coordinates":[-107.505,40.4151]},"properties":{"s":53.3,"pub":false}},{"type":"Feature","geometry":{"type":"Point","coordinates":[-107.505,40.4209]},"properties":{"s":53.3,"pub":false}},{"type":"Feature","geometry":{"type":"Point","coordinates":[-107.505,40.4267]},"properties":{"s":53.3,"pub":false}},{"type":"Feature","geometry":{"type":"Point","coordinates":[-107.505,40.4325]},"properties":{"s":60.0,"pub":false}},{"type":"Feature","geometry":{"type":"Point","coordinates":[-107.505,40.4383]},"properties":{"s":60.0,"pub":false}},{"type":"Feature","geometry":{"type":"Point","coordinates":[-107.505,40.4441]},"properties":{"s":60.0,"pub":false}},{"type":"Feature","geometry":{"type":"Point","coordinates":[-107.505,40.4499]},"properties":{"s":60.0,"pub":false}},{"type":"Feature","geometry":{"type":"Point","coordinates":[-107.4975,40.3687]},"properties":{"s":73.3,"pub":true}},{"type":"Feature","geometry":{"type":"Point","coordinates":[-107.4975,40.3745]},"properties":{"s":73.3,"pub":true}},{"type":"Feature","geometry":{"type":"Point","coordinates":[-107.4975,40.3803]},"properties":{"s":60.0,"pub":true}},{"type":"Feature","geometry":{"type":"Point","coordinates":[-107.4975,40.3861]},"properties":{"s":60.0,"pub":true}},{"type":"Feature","geometry":{"type":"Point","coordinates":[-107.4975,40.3919]},"properties":{"s":60.0,"pub":true}},{"type":"Feature","geometry":{"type":"Point","coordinates":[-107.4975,40.3977]},"properties":{"s":53.3,"pub":false}},{"type":"Feature","geometry":{"type":"Point","coordinates":[-107.4975,40.4035]},"properties":{"s":53.3,"pub":false}},{"type":"Feature","geometry":{"type":"Point","coordinates":[-107.4975,40.4093]},"properties":{"s":53.3,"pub":false}},{"type":"Feature","geometry":{"type":"Point","coordinates":[-107.4975,40.4151]},"properties":{"s":53.3,"pub":false}},{"type":"Feature","geometry":{"type":"Point","coordinates":[-107.4975,40.4209]},"properties":{"s":53.3,"pub":false}},{"type":"Feature","geometry":{"type":"Point","coordinates":[-107.4975,40.4267]},"properties":{"s":53.3,"pub":false}},{"type":"Feature","geometry":{"type":"Point","coordinates":[-107.4975,40.4325]},"properties":{"s":53.3,"pub":false}},{"type":"Feature","geometry":{"type":"Point","coordinates":[-107.4975,40.4383]},"properties":{"s":60.0,"pub":false}},{"type":"Feature","geometry":{"type":"Point","coordinates":[-107.4975,40.4441]},"properties":{"s":60.0,"pub":false}},{"type":"Feature","geometry":{"type":"Point","coordinates":[-107.4975,40.4499]},"properties":{"s":60.0,"pub":false}},{"type":"Feature","geometry":{"type":"Point","coordinates":[-107.49,40.3629]},"properties":{"s":73.3,"pub":false}},{"type":"Feature","geometry":{"type":"Point","coordinates":[-107.49,40.3687]},"properties":{"s":73.3,"pub":true}},{"type":"Feature","geometry":{"type":"Point","coordinates":[-107.49,40.3745]},"properties":{"s":73.3,"pub":true}},{"type":"Feature","geometry":{"type":"Point","coordinates":[-107.49,40.3803]},"properties":{"s":60.0,"pub":true}},{"type":"Feature","geometry":{"type":"Point","coordinates":[-107.49,40.3861]},"properties":{"s":60.0,"pub":true}},{"type":"Feature","geometry":{"type":"Point","coordinates":[-107.49,40.3919]},"properties":{"s":60.0,"pub":true}},{"type":"Feature","geometry":{"type":"Point","coordinates":[-107.49,40.3977]},"properties":{"s":53.3,"pub":false}},{"type":"Feature","geometry":{"type":"Point","coordinates":[-107.49,40.4035]},"properties":{"s":53.3,"pub":false}},{"type":"Feature","geometry":{"type":"Point","coordinates":[-107.49,40.4093]},"properties":{"s":53.3,"pub":false}},{"type":"Feature","geometry":{"type":"Point","coordinates":[-107.49,40.4151]},"properties":{"s":53.3,"pub":false}},{"type":"Feature","geometry":{"type":"Point","coordinates":[-107.49,40.4209]},"properties":{"s":53.3,"pub":false}},{"type":"Feature","geometry":{"type":"Point","coordinates":[-107.49,40.4267]},"properties":{"s":53.3,"pub":false}},{"type":"Feature","geometry":{"type":"Point","coordinates":[-107.49,40.4325]},"properties":{"s":53.3,"pub":false}},{"type":"Feature","geometry":{"type":"Point","coordinates":[-107.49,40.4383]},"properties":{"s":60.0,"pub":false}},{"type":"Feature","geometry":{"type":"Point","coordinates":[-107.49,40.4441]},"properties":{"s":60.0,"pub":false}},{"type":"Feature","geometry":{"type":"Point","coordinates":[-107.49,40.4499]},"properties":{"s":60.0,"pub":false}},{"type":"Feature","geometry":{"type":"Point","coordinates":[-107.49,40.4557]},"properties":{"s":60.0,"pub":false}},{"type":"Feature","geometry":{"type":"Point","coordinates":[-107.4825,40.3629]},"properties":{"s":73.3,"pub":false}},{"type":"Feature","geometry":{"type":"Point","coordinates":[-107.4825,40.3687]},"properties":{"s":73.3,"pub":true}},{"type":"Feature","geometry":{"type":"Point","coordinates":[-107.4825,40.3745]},"properties":{"s":73.3,"pub":true}},{"type":"Feature","geometry":{"type":"Point","coordinates":[-107.4825,40.3803]},"properties":{"s":60.0,"pub":false}},{"type":"Feature","geometry":{"type":"Point","coordinates":[-107.4825,40.3861]},"properties":{"s":60.0,"pub":false}},{"type":"Feature","geometry":{"type":"Point","coordinates":[-107.4825,40.3919]},"properties":{"s":60.0,"pub":false}},{"type":"Feature","geometry":{"type":"Point","coordinates":[-107.4825,40.3977]},"properties":{"s":53.3,"pub":false}},{"type":"Feature","geometry":{"type":"Point","coordinates":[-107.4825,40.4035]},"properties":{"s":53.3,"pub":false}},{"type":"Feature","geometry":{"type":"Point","coordinates":[-107.4825,40.4093]},"properties":{"s":53.3,"pub":false}},{"type":"Feature","geometry":{"type":"Point","coordinates":[-107.4825,40.4151]},"properties":{"s":53.3,"pub":false}},{"type":"Feature","geometry":{"type":"Point","coordinates":[-107.4825,40.4209]},"properties":{"s":53.3,"pub":false}},{"type":"Feature","geometry":{"type":"Point","coordinates":[-107.4825,40.4267]},"properties":{"s":50.0,"pub":false}},{"type":"Feature","geometry":{"type":"Point","coordinates":[-107.4825,40.4325]},"properties":{"s":53.3,"pub":false}},{"type":"Feature","geometry":{"type":"Point","coordinates":[-107.4825,40.4383]},"properties":{"s":60.0,"pub":false}},{"type":"Feature","geometry":{"type":"Point","coordinates":[-107.4825,40.4441]},"properties":{"s":60.0,"pub":false}},{"type":"Feature","geometry":{"type":"Point","coordinates":[-107.4825,40.4499]},"properties":{"s":60.0,"pub":false}},{"type":"Feature","geometry":{"type":"Point","coordinates":[-107.4825,40.4557]},"properties":{"s":60.0,"pub":false}},{"type":"Feature","geometry":{"type":"Point","coordinates":[-107.4825,40.4615]},"properties":{"s":60.0,"pub":false}},{"type":"Feature","geometry":{"type":"Point","coordinates":[-107.475,40.3629]},"properties":{"s":73.3,"pub":false}},{"type":"Feature","geometry":{"type":"Point","coordinates":[-107.475,40.3687]},"properties":{"s":73.3,"pub":true}},{"type":"Feature","geometry":{"type":"Point","coordinates":[-107.475,40.3745]},"properties":{"s":100.0,"pub":true}},{"type":"Feature","geometry":{"type":"Point","coordinates":[-107.475,40.3803]},"properties":{"s":100.0,"pub":false}},{"type":"Feature","geometry":{"type":"Point","coordinates":[-107.475,40.3861]},"properties":{"s":60.0,"pub":false}},{"type":"Feature","geometry":{"type":"Point","coordinates":[-107.475,40.3919]},"properties":{"s":60.0,"pub":false}},{"type":"Feature","geometry":{"type":"Point","coordinates":[-107.475,40.3977]},"properties":{"s":53.3,"pub":false}},{"type":"Feature","geometry":{"type":"Point","coordinates":[-107.475,40.4035]},"properties":{"s":53.3,"pub":false}},{"type":"Feature","geometry":{"type":"Point","coordinates":[-107.475,40.4093]},"properties":{"s":53.3,"pub":false}},{"type":"Feature","geometry":{"type":"Point","coordinates":[-107.475,40.4151]},"properties":{"s":50.0,"pub":false}},{"type":"Feature","geometry":{"type":"Point","coordinates":[-107.475,40.4209]},"properties":{"s":50.0,"pub":false}},{"type":"Feature","geometry":{"type":"Point","coordinates":[-107.475,40.4267]},"properties":{"s":53.3,"pub":false}},{"type":"Feature","geometry":{"type":"Point","coordinates":[-107.475,40.4325]},"properties":{"s":53.3,"pub":false}},{"type":"Feature","geometry":{"type":"Point","coordinates":[-107.475,40.4383]},"properties":{"s":60.0,"pub":false}},{"type":"Feature","geometry":{"type":"Point","coordinates":[-107.475,40.4441]},"properties":{"s":60.0,"pub":false}},{"type":"Feature","geometry":{"type":"Point","coordinates":[-107.475,40.4499]},"properties":{"s":60.0,"pub":false}},{"type":"Feature","geometry":{"type":"Point","coordinates":[-107.475,40.4557]},"properties":{"s":60.0,"pub":false}},{"type":"Feature","geometry":{"type":"Point","coordinates":[-107.475,40.4615]},"properties":{"s":60.0,"pub":false}},{"type":"Feature","geometry":{"type":"Point","coordinates":[-107.4675,40.3571]},"properties":{"s":73.3,"pub":false}},{"type":"Feature","geometry":{"type":"Point","coordinates":[-107.4675,40.3629]},"properties":{"s":73.3,"pub":false}},{"type":"Feature","geometry":{"type":"Point","coordinates":[-107.4675,40.3687]},"properties":{"s":73.3,"pub":true}},{"type":"Feature","geometry":{"type":"Point","coordinates":[-107.4675,40.3745]},"properties":{"s":100.0,"pub":true}},{"type":"Feature","geometry":{"type":"Point","coordinates":[-107.4675,40.3803]},"properties":{"s":100.0,"pub":true}},{"type":"Feature","geometry":{"type":"Point","coordinates":[-107.4675,40.3861]},"properties":{"s":60.0,"pub":false}},{"type":"Feature","geometry":{"type":"Point","coordinates":[-107.4675,40.3919]},"properties":{"s":53.3,"pub":false}},{"type":"Feature","geometry":{"type":"Point","coordinates":[-107.4675,40.3977]},"properties":{"s":50.0,"pub":false}},{"type":"Feature","geometry":{"type":"Point","coordinates":[-107.4675,40.4035]},"properties":{"s":50.0,"pub":false}},{"type":"Feature","geometry":{"type":"Point","coordinates":[-107.4675,40.4093]},"properties":{"s":50.0,"pub":false}},{"type":"Feature","geometry":{"type":"Point","coordinates":[-107.4675,40.4151]},"properties":{"s":50.0,"pub":false}},{"type":"Feature","geometry":{"type":"Point","coordinates":[-107.4675,40.4209]},"properties":{"s":50.0,"pub":false}},{"type":"Feature","geometry":{"type":"Point","coordinates":[-107.4675,40.4267]},"properties":{"s":53.3,"pub":false}},{"type":"Feature","geometry":{"type":"Point","coordinates":[-107.4675,40.4325]},"properties":{"s":53.3,"pub":false}},{"type":"Feature","geometry":{"type":"Point","coordinates":[-107.4675,40.4383]},"properties":{"s":53.3,"pub":false}},{"type":"Feature","geometry":{"type":"Point","coordinates":[-107.4675,40.4441]},"properties":{"s":60.0,"pub":false}},{"type":"Feature","geometry":{"type":"Point","coordinates":[-107.4675,40.4499]},"properties":{"s":60.0,"pub":false}},{"type":"Feature","geometry":{"type":"Point","coordinates":[-107.4675,40.4557]},"properties":{"s":60.0,"pub":false}},{"type":"Feature","geometry":{"type":"Point","coordinates":[-107.4675,40.4615]},"properties":{"s":60.0,"pub":false}},{"type":"Feature","geometry":{"type":"Point","coordinates":[-107.4675,40.4673]},"properties":{"s":60.0,"pub":false}},{"type":"Feature","geometry":{"type":"Point","coordinates":[-107.46,40.3629]},"properties":{"s":73.3,"pub":true}},{"type":"Feature","geometry":{"type":"Point","coordinates":[-107.46,40.3687]},"properties":{"s":100.0,"pub":true}},{"type":"Feature","geometry":{"type":"Point","coordinates":[-107.46,40.3745]},"properties":{"s":100.0,"pub":true}},{"type":"Feature","geometry":{"type":"Point","coordinates":[-107.46,40.3803]},"properties":{"s":100.0,"pub":false}},{"type":"Feature","geometry":{"type":"Point","coordinates":[-107.46,40.3861]},"properties":{"s":56.7,"pub":false}},{"type":"Feature","geometry":{"type":"Point","coordinates":[-107.46,40.3919]},"properties":{"s":50.0,"pub":false}},{"type":"Feature","geometry":{"type":"Point","coordinates":[-107.46,40.3977]},"properties":{"s":50.0,"pub":false}},{"type":"Feature","geometry":{"type":"Point","coordinates":[-107.46,40.4035]},"properties":{"s":50.0,"pub":false}},{"type":"Feature","geometry":{"type":"Point","coordinates":[-107.46,40.4093]},"properties":{"s":50.0,"pub":false}},{"type":"Feature","geometry":{"type":"Point","coordinates":[-107.46,40.4151]},"properties":{"s":50.0,"pub":false}},{"type":"Feature","geometry":{"type":"Point","coordinates":[-107.46,40.4209]},"properties":{"s":50.0,"pub":false}},{"type":"Feature","geometry":{"type":"Point","coordinates":[-107.46,40.4267]},"properties":{"s":50.0,"pub":false}},{"type":"Feature","geometry":{"type":"Point","coordinates":[-107.46,40.4325]},"properties":{"s":53.3,"pub":false}},{"type":"Feature","geometry":{"type":"Point","coordinates":[-107.46,40.4383]},"properties":{"s":53.3,"pub":false}},{"type":"Feature","geometry":{"type":"Point","coordinates":[-107.46,40.4441]},"properties":{"s":60.0,"pub":false}},{"type":"Feature","geometry":{"type":"Point","coordinates":[-107.46,40.4499]},"properties":{"s":60.0,"pub":false}},{"type":"Feature","geometry":{"type":"Point","coordinates":[-107.46,40.4557]},"properties":{"s":60.0,"pub":false}},{"type":"Feature","geometry":{"type":"Point","coordinates":[-107.46,40.4615]},"properties":{"s":60.0,"pub":false}},{"type":"Feature","geometry":{"type":"Point","coordinates":[-107.46,40.4673]},"properties":{"s":60.0,"pub":false}},{"type":"Feature","geometry":{"type":"Point","coordinates":[-107.4525,40.3571]},"properties":{"s":73.3,"pub":true}},{"type":"Feature","geometry":{"type":"Point","coordinates":[-107.4525,40.3629]},"properties":{"s":73.3,"pub":true}},{"type":"Feature","geometry":{"type":"Point","coordinates":[-107.4525,40.3687]},"properties":{"s":100.0,"pub":false}},{"type":"Feature","geometry":{"type":"Point","coordinates":[-107.4525,40.3745]},"properties":{"s":100.0,"pub":false}},{"type":"Feature","geometry":{"type":"Point","coordinates":[-107.4525,40.3803]},"properties":{"s":100.0,"pub":false}},{"type":"Feature","geometry":{"type":"Point","coordinates":[-107.4525,40.3861]},"properties":{"s":96.7,"pub":false}},{"type":"Feature","geometry":{"type":"Point","coordinates":[-107.4525,40.3919]},"properties":{"s":50.0,"pub":false}},{"type":"Feature","geometry":{"type":"Point","coordinates":[-107.4525,40.3977]},"properties":{"s":90.0,"pub":false}},{"type":"Feature","geometry":{"type":"Point","coordinates":[-107.4525,40.4035]},"properties":{"s":90.0,"pub":false}},{"type":"Feature","geometry":{"type":"Point","coordinates":[-107.4525,40.4093]},"properties":{"s":90.0,"pub":false}},{"type":"Feature","geometry":{"type":"Point","coordinates":[-107.4525,40.4151]},"properties":{"s":90.0,"pub":false}},{"type":"Feature","geometry":{"type":"Point","coordinates":[-107.4525,40.4209]},"properties":{"s":90.0,"pub":false}},{"type":"Feature","geometry":{"type":"Point","coordinates":[-107.4525,40.4267]},"properties":{"s":90.0,"pub":false}},{"type":"Feature","geometry":{"type":"Point","coordinates":[-107.4525,40.4325]},"properties":{"s":93.3,"pub":false}},{"type":"Feature","geometry":{"type":"Point","coordinates":[-107.4525,40.4383]},"properties":{"s":53.3,"pub":false}},{"type":"Feature","geometry":{"type":"Point","coordinates":[-107.4525,40.4441]},"properties":{"s":60.0,"pub":false}},{"type":"Feature","geometry":{"type":"Point","coordinates":[-107.4525,40.4499]},"properties":{"s":60.0,"pub":false}},{"type":"Feature","geometry":{"type":"Point","coordinates":[-107.4525,40.4557]},"properties":{"s":60.0,"pub":false}},{"type":"Feature","geometry":{"type":"Point","coordinates":[-107.4525,40.4615]},"properties":{"s":60.0,"pub":false}},{"type":"Feature","geometry":{"type":"Point","coordinates":[-107.4525,40.4673]},"properties":{"s":60.0,"pub":false}},{"type":"Feature","geometry":{"type":"Point","coordinates":[-107.445,40.3571]},"properties":{"s":73.3,"pub":true}},{"type":"Feature","geometry":{"type":"Point","coordinates":[-107.445,40.3629]},"properties":{"s":73.3,"pub":true}},{"type":"Feature","geometry":{"type":"Point","coordinates":[-107.445,40.3687]},"properties":{"s":100.0,"pub":false}},{"type":"Feature","geometry":{"type":"Point","coordinates":[-107.445,40.3745]},"properties":{"s":100.0,"pub":false}},{"type":"Feature","geometry":{"type":"Point","coordinates":[-107.445,40.3803]},"properties":{"s":100.0,"pub":false}},{"type":"Feature","geometry":{"type":"Point","coordinates":[-107.445,40.3861]},"properties":{"s":90.0,"pub":false}},{"type":"Feature","geometry":{"type":"Point","coordinates":[-107.445,40.3919]},"properties":{"s":90.0,"pub":false}},{"type":"Feature","geometry":{"type":"Point","coordinates":[-107.445,40.3977]},"properties":{"s":90.0,"pub":false}},{"type":"Feature","geometry":{"type":"Point","coordinates":[-107.445,40.4035]},"properties":{"s":90.0,"pub":false}},{"type":"Feature","geometry":{"type":"Point","coordinates":[-107.445,40.4093]},"properties":{"s":90.0,"pub":false}},{"type":"Feature","geometry":{"type":"Point","coordinates":[-107.445,40.4151]},"properties":{"s":90.0,"pub":false}},{"type":"Feature","geometry":{"type":"Point","coordinates":[-107.445,40.4209]},"properties":{"s":90.0,"pub":false}},{"type":"Feature","geometry":{"type":"Point","coordinates":[-107.445,40.4267]},"properties":{"s":90.0,"pub":false}},{"type":"Feature","geometry":{"type":"Point","coordinates":[-107.445,40.4325]},"properties":{"s":90.0,"pub":false}},{"type":"Feature","geometry":{"type":"Point","coordinates":[-107.445,40.4383]},"properties":{"s":93.3,"pub":false}},{"type":"Feature","geometry":{"type":"Point","coordinates":[-107.445,40.4441]},"properties":{"s":100.0,"pub":false}},{"type":"Feature","geometry":{"type":"Point","coordinates":[-107.445,40.4499]},"properties":{"s":60.0,"pub":false}},{"type":"Feature","geometry":{"type":"Point","coordinates":[-107.445,40.4557]},"properties":{"s":60.0,"pub":false}},{"type":"Feature","geometry":{"type":"Point","coordinates":[-107.445,40.4615]},"properties":{"s":60.0,"pub":false}},{"type":"Feature","geometry":{"type":"Point","coordinates":[-107.445,40.4673]},"properties":{"s":60.0,"pub":false}},{"type":"Feature","geometry":{"type":"Point","coordinates":[-107.4375,40.3571]},"properties":{"s":73.3,"pub":true}},{"type":"Feature","geometry":{"type":"Point","coordinates":[-107.4375,40.3629]},"properties":{"s":73.3,"pub":true}},{"type":"Feature","geometry":{"type":"Point","coordinates":[-107.4375,40.3687]},"properties":{"s":100.0,"pub":true}},{"type":"Feature","geometry":{"type":"Point","coordinates":[-107.4375,40.3745]},"properties":{"s":100.0,"pub":false}},{"type":"Feature","geometry":{"type":"Point","coordinates":[-107.4375,40.3803]},"properties":{"s":96.7,"pub":false}},{"type":"Feature","geometry":{"type":"Point","coordinates":[-107.4375,40.3861]},"properties":{"s":90.0,"pub":false}},{"type":"Feature","geometry":{"type":"Point","coordinates":[-107.4375,40.3919]},"properties":{"s":90.0,"pub":false}},{"type":"Feature","geometry":{"type":"Point","coordinates":[-107.4375,40.3977]},"properties":{"s":90.0,"pub":true}},{"type":"Feature","geometry":{"type":"Point","coordinates":[-107.4375,40.4035]},"properties":{"s":90.0,"pub":false}},{"type":"Feature","geometry":{"type":"Point","coordinates":[-107.4375,40.4093]},"properties":{"s":90.0,"pub":false}},{"type":"Feature","geometry":{"type":"Point","coordinates":[-107.4375,40.4151]},"properties":{"s":90.0,"pub":false}},{"type":"Feature","geometry":{"type":"Point","coordinates":[-107.4375,40.4209]},"properties":{"s":90.0,"pub":false}},{"type":"Feature","geometry":{"type":"Point","coordinates":[-107.4375,40.4267]},"properties":{"s":90.0,"pub":false}},{"type":"Feature","geometry":{"type":"Point","coordinates":[-107.4375,40.4325]},"properties":{"s":90.0,"pub":false}},{"type":"Feature","geometry":{"type":"Point","coordinates":[-107.4375,40.4383]},"properties":{"s":93.3,"pub":false}},{"type":"Feature","geometry":{"type":"Point","coordinates":[-107.4375,40.4441]},"properties":{"s":93.3,"pub":false}},{"type":"Feature","geometry":{"type":"Point","coordinates":[-107.4375,40.4499]},"properties":{"s":100.0,"pub":false}},{"type":"Feature","geometry":{"type":"Point","coordinates":[-107.4375,40.4557]},"properties":{"s":100.0,"pub":false}},{"type":"Feature","geometry":{"type":"Point","coordinates":[-107.4375,40.4615]},"properties":{"s":60.0,"pub":false}},{"type":"Feature","geometry":{"type":"Point","coordinates":[-107.4375,40.4673]},"properties":{"s":60.0,"pub":false}},{"type":"Feature","geometry":{"type":"Point","coordinates":[-107.43,40.3513]},"properties":{"s":100.0,"pub":true}},{"type":"Feature","geometry":{"type":"Point","coordinates":[-107.43,40.3571]},"properties":{"s":73.3,"pub":true}},{"type":"Feature","geometry":{"type":"Point","coordinates":[-107.43,40.3629]},"properties":{"s":100.0,"pub":true}},{"type":"Feature","geometry":{"type":"Point","coordinates":[-107.43,40.3687]},"properties":{"s":100.0,"pub":false}},{"type":"Feature","geometry":{"type":"Point","coordinates":[-107.43,40.3745]},"properties":{"s":100.0,"pub":false}},{"type":"Feature","geometry":{"type":"Point","coordinates":[-107.43,40.3803]},"properties":{"s":96.7,"pub":false}},{"type":"Feature","geometry":{"type":"Point","coordinates":[-107.43,40.3861]},"properties":{"s":90.0,"pub":false}},{"type":"Feature","geometry":{"type":"Point","coordinates":[-107.43,40.3919]},"properties":{"s":90.0,"pub":false}},{"type":"Feature","geometry":{"type":"Point","coordinates":[-107.43,40.3977]},"properties":{"s":90.0,"pub":false}},{"type":"Feature","geometry":{"type":"Point","coordinates":[-107.43,40.4035]},"properties":{"s":90.0,"pub":false}},{"type":"Feature","geometry":{"type":"Point","coordinates":[-107.43,40.4093]},"properties":{"s":90.0,"pub":false}},{"type":"Feature","geometry":{"type":"Point","coordinates":[-107.43,40.4151]},"properties":{"s":90.0,"pub":false}},{"type":"Feature","geometry":{"type":"Point","coordinates":[-107.43,40.4209]},"properties":{"s":90.0,"pub":false}},{"type":"Feature","geometry":{"type":"Point","coordinates":[-107.43,40.4267]},"properties":{"s":90.0,"pub":false}},{"type":"Feature","geometry":{"type":"Point","coordinates":[-107.43,40.4325]},"properties":{"s":90.0,"pub":false}},{"type":"Feature","geometry":{"type":"Point","coordinates":[-107.43,40.4383]},"properties":{"s":93.3,"pub":false}},{"type":"Feature","geometry":{"type":"Point","coordinates":[-107.43,40.4441]},"properties":{"s":93.3,"pub":false}},{"type":"Feature","geometry":{"type":"Point","coordinates":[-107.43,40.4499]},"properties":{"s":93.3,"pub":false}},{"type":"Feature","geometry":{"type":"Point","coordinates":[-107.43,40.4557]},"properties":{"s":100.0,"pub":false}},{"type":"Feature","geometry":{"type":"Point","coordinates":[-107.43,40.4615]},"properties":{"s":60.0,"pub":false}},{"type":"Feature","geometry":{"type":"Point","coordinates":[-107.4225,40.3455]},"properties":{"s":100.0,"pub":false}},{"type":"Feature","geometry":{"type":"Point","coordinates":[-107.4225,40.3513]},"properties":{"s":73.3,"pub":true}},{"type":"Feature","geometry":{"type":"Point","coordinates":[-107.4225,40.3571]},"properties":{"s":73.3,"pub":true}},{"type":"Feature","geometry":{"type":"Point","coordinates":[-107.4225,40.3629]},"properties":{"s":100.0,"pub":false}},{"type":"Feature","geometry":{"type":"Point","coordinates":[-107.4225,40.3687]},"properties":{"s":100.0,"pub":false}},{"type":"Feature","geometry":{"type":"Point","coordinates":[-107.4225,40.3745]},"properties":{"s":100.0,"pub":false}},{"type":"Feature","geometry":{"type":"Point","coordinates":[-107.4225,40.3803]},"properties":{"s":96.7,"pub":false}},{"type":"Feature","geometry":{"type":"Point","coordinates":[-107.4225,40.3861]},"properties":{"s":90.0,"pub":false}},{"type":"Feature","geometry":{"type":"Point","coordinates":[-107.4225,40.3919]},"properties":{"s":90.0,"pub":false}},{"type":"Feature","geometry":{"type":"Point","coordinates":[-107.4225,40.3977]},"properties":{"s":90.0,"pub":true}},{"type":"Feature","geometry":{"type":"Point","coordinates":[-107.4225,40.4035]},"properties":{"s":90.0,"pub":false}},{"type":"Feature","geometry":{"type":"Point","coordinates":[-107.4225,40.4093]},"properties":{"s":90.0,"pub":false}},{"type":"Feature","geometry":{"type":"Point","coordinates":[-107.4225,40.4151]},"properties":{"s":90.0,"pub":false}},{"type":"Feature","geometry":{"type":"Point","coordinates":[-107.4225,40.4209]},"properties":{"s":90.0,"pub":false}},{"type":"Feature","geometry":{"type":"Point","coordinates":[-107.4225,40.4267]},"properties":{"s":90.0,"pub":false}},{"type":"Feature","geometry":{"type":"Point","coordinates":[-107.4225,40.4325]},"properties":{"s":90.0,"pub":true}},{"type":"Feature","geometry":{"type":"Point","coordinates":[-107.4225,40.4383]},"properties":{"s":93.3,"pub":true}},{"type":"Feature","geometry":{"type":"Point","coordinates":[-107.4225,40.4441]},"properties":{"s":93.3,"pub":true}},{"type":"Feature","geometry":{"type":"Point","coordinates":[-107.4225,40.4499]},"properties":{"s":93.3,"pub":true}},{"type":"Feature","geometry":{"type":"Point","coordinates":[-107.4225,40.4557]},"properties":{"s":53.3,"pub":false}},{"type":"Feature","geometry":{"type":"Point","coordinates":[-107.4225,40.4615]},"properties":{"s":53.3,"pub":false}},{"type":"Feature","geometry":{"type":"Point","coordinates":[-107.415,40.3281]},"properties":{"s":100.0,"pub":false}},{"type":"Feature","geometry":{"type":"Point","coordinates":[-107.415,40.3397]},"properties":{"s":73.3,"pub":false}},{"type":"Feature","geometry":{"type":"Point","coordinates":[-107.415,40.3455]},"properties":{"s":73.3,"pub":false}},{"type":"Feature","geometry":{"type":"Point","coordinates":[-107.415,40.3513]},"properties":{"s":73.3,"pub":true}},{"type":"Feature","geometry":{"type":"Point","coordinates":[-107.415,40.3571]},"properties":{"s":100.0,"pub":true}},{"type":"Feature","geometry":{"type":"Point","coordinates":[-107.415,40.3629]},"properties":{"s":100.0,"pub":false}},{"type":"Feature","geometry":{"type":"Point","coordinates":[-107.415,40.3687]},"properties":{"s":100.0,"pub":false}},{"type":"Feature","geometry":{"type":"Point","coordinates":[-107.415,40.3745]},"properties":{"s":96.7,"pub":false}},{"type":"Feature","geometry":{"type":"Point","coordinates":[-107.415,40.3803]},"properties":{"s":90.0,"pub":false}},{"type":"Feature","geometry":{"type":"Point","coordinates":[-107.415,40.3861]},"properties":{"s":90.0,"pub":false}},{"type":"Feature","geometry":{"type":"Point","coordinates":[-107.415,40.3919]},"properties":{"s":90.0,"pub":false}},{"type":"Feature","geometry":{"type":"Point","coordinates":[-107.415,40.3977]},"properties":{"s":90.0,"pub":false}},{"type":"Feature","geometry":{"type":"Point","coordinates":[-107.415,40.4035]},"properties":{"s":90.0,"pub":false}},{"type":"Feature","geometry":{"type":"Point","coordinates":[-107.415,40.4093]},"properties":{"s":90.0,"pub":false}},{"type":"Feature","geometry":{"type":"Point","coordinates":[-107.415,40.4151]},"properties":{"s":90.0,"pub":false}},{"type":"Feature","geometry":{"type":"Point","coordinates":[-107.415,40.4209]},"properties":{"s":90.0,"pub":false}},{"type":"Feature","geometry":{"type":"Point","coordinates":[-107.415,40.4267]},"properties":{"s":90.0,"pub":true}},{"type":"Feature","geometry":{"type":"Point","coordinates":[-107.415,40.4325]},"properties":{"s":90.0,"pub":false}},{"type":"Feature","geometry":{"type":"Point","coordinates":[-107.415,40.4383]},"properties":{"s":93.3,"pub":false}},{"type":"Feature","geometry":{"type":"Point","coordinates":[-107.415,40.4441]},"properties":{"s":93.3,"pub":true}},{"type":"Feature","geometry":{"type":"Point","coordinates":[-107.415,40.4499]},"properties":{"s":53.3,"pub":true}},{"type":"Feature","geometry":{"type":"Point","coordinates":[-107.415,40.4557]},"properties":{"s":60.0,"pub":false}},{"type":"Feature","geometry":{"type":"Point","coordinates":[-107.4075,40.3281]},"properties":{"s":73.3,"pub":false}},{"type":"Feature","geometry":{"type":"Point","coordinates":[-107.4075,40.3339]},"properties":{"s":73.3,"pub":false}},{"type":"Feature","geometry":{"type":"Point","coordinates":[-107.4075,40.3397]},"properties":{"s":73.3,"pub":true}},{"type":"Feature","geometry":{"type":"Point","coordinates":[-107.4075,40.3455]},"properties":{"s":73.3,"pub":true}},{"type":"Feature","geometry":{"type":"Point","coordinates":[-107.4075,40.3513]},"properties":{"s":100.0,"pub":true}},{"type":"Feature","geometry":{"type":"Point","coordinates":[-107.4075,40.3571]},"properties":{"s":100.0,"pub":true}},{"type":"Feature","geometry":{"type":"Point","coordinates":[-107.4075,40.3629]},"properties":{"s":100.0,"pub":false}},{"type":"Feature","geometry":{"type":"Point","coordinates":[-107.4075,40.3687]},"properties":{"s":100.0,"pub":false}},{"type":"Feature","geometry":{"type":"Point","coordinates":[-107.4075,40.3745]},"properties":{"s":96.7,"pub":false}},{"type":"Feature","geometry":{"type":"Point","coordinates":[-107.4075,40.3803]},"properties":{"s":90.0,"pub":false}},{"type":"Feature","geometry":{"type":"Point","coordinates":[-107.4075,40.3861]},"properties":{"s":90.0,"pub":false}},{"type":"Feature","geometry":{"type":"Point","coordinates":[-107.4075,40.3919]},"properties":{"s":90.0,"pub":false}},{"type":"Feature","geometry":{"type":"Point","coordinates":[-107.4075,40.3977]},"properties":{"s":90.0,"pub":false}},{"type":"Feature","geometry":{"type":"Point","coordinates":[-107.4075,40.4035]},"properties":{"s":90.0,"pub":false}},{"type":"Feature","geometry":{"type":"Point","coordinates":[-107.4075,40.4093]},"properties":{"s":90.0,"pub":false}},{"type":"Feature","geometry":{"type":"Point","coordinates":[-107.4075,40.4151]},"properties":{"s":90.0,"pub":false}},{"type":"Feature","geometry":{"type":"Point","coordinates":[-107.4075,40.4209]},"properties":{"s":90.0,"pub":false}},{"type":"Feature","geometry":{"type":"Point","coordinates":[-107.4075,40.4267]},"properties":{"s":90.0,"pub":true}},{"type":"Feature","geometry":{"type":"Point","coordinates":[-107.4075,40.4325]},"properties":{"s":90.0,"pub":true}},{"type":"Feature","geometry":{"type":"Point","coordinates":[-107.4075,40.4383]},"properties":{"s":90.0,"pub":false}},{"type":"Feature","geometry":{"type":"Point","coordinates":[-107.4075,40.4441]},"properties":{"s":93.3,"pub":true}},{"type":"Feature","geometry":{"type":"Point","coordinates":[-107.4075,40.4499]},"properties":{"s":60.0,"pub":false}},{"type":"Feature","geometry":{"type":"Point","coordinates":[-107.4,40.3281]},"properties":{"s":73.3,"pub":false}},{"type":"Feature","geometry":{"type":"Point","coordinates":[-107.4,40.3339]},"properties":{"s":73.3,"pub":false}},{"type":"Feature","geometry":{"type":"Point","coordinates":[-107.4,40.3397]},"properties":{"s":73.3,"pub":true}},{"type":"Feature","geometry":{"type":"Point","coordinates":[-107.4,40.3455]},"properties":{"s":100.0,"pub":true}},{"type":"Feature","geometry":{"type":"Point","coordinates":[-107.4,40.3513]},"properties":{"s":100.0,"pub":true}},{"type":"Feature","geometry":{"type":"Point","coordinates":[-107.4,40.3571]},"properties":{"s":100.0,"pub":true}},{"type":"Feature","geometry":{"type":"Point","coordinates":[-107.4,40.3629]},"properties":{"s":100.0,"pub":false}},{"type":"Feature","geometry":{"type":"Point","coordinates":[-107.4,40.3687]},"properties":{"s":100.0,"pub":false}},{"type":"Feature","geometry":{"type":"Point","coordinates":[-107.4,40.3745]},"properties":{"s":96.7,"pub":false}},{"type":"Feature","geometry":{"type":"Point","coordinates":[-107.4,40.3803]},"properties":{"s":90.0,"pub":false}},{"type":"Feature","geometry":{"type":"Point","coordinates":[-107.4,40.3861]},"properties":{"s":90.0,"pub":false}},{"type":"Feature","geometry":{"type":"Point","coordinates":[-107.4,40.3919]},"properties":{"s":90.0,"pub":false}},{"type":"Feature","geometry":{"type":"Point","coordinates":[-107.4,40.3977]},"properties":{"s":90.0,"pub":false}},{"type":"Feature","geometry":{"type":"Point","coordinates":[-107.4,40.4035]},"properties":{"s":90.0,"pub":false}},{"type":"Feature","geometry":{"type":"Point","coordinates":[-107.4,40.4093]},"properties":{"s":90.0,"pub":false}},{"type":"Feature","geometry":{"type":"Point","coordinates":[-107.4,40.4151]},"properties":{"s":90.0,"pub":false}},{"type":"Feature","geometry":{"type":"Point","coordinates":[-107.4,40.4209]},"properties":{"s":90.0,"pub":true}},{"type":"Feature","geometry":{"type":"Point","coordinates":[-107.4,40.4267]},"properties":{"s":90.0,"pub":true}},{"type":"Feature","geometry":{"type":"Point","coordinates":[-107.4,40.4325]},"properties":{"s":90.0,"pub":true}},{"type":"Feature","geometry":{"type":"Point","coordinates":[-107.4,40.4383]},"properties":{"s":90.0,"pub":true}},{"type":"Feature","geometry":{"type":"Point","coordinates":[-107.4,40.4441]},"properties":{"s":50.0,"pub":false}},{"type":"Feature","geometry":{"type":"Point","coordinates":[-107.3925,40.3339]},"properties":{"s":66.7,"pub":false}},{"type":"Feature","geometry":{"type":"Point","coordinates":[-107.3925,40.3397]},"properties":{"s":66.7,"pub":true}},{"type":"Feature","geometry":{"type":"Point","coordinates":[-107.3925,40.3455]},"properties":{"s":93.3,"pub":true}},{"type":"Feature","geometry":{"type":"Point","coordinates":[-107.3925,40.3513]},"properties":{"s":100.0,"pub":false}},{"type":"Feature","geometry":{"type":"Point","coordinates":[-107.3925,40.3571]},"properties":{"s":100.0,"pub":false}},{"type":"Feature","geometry":{"type":"Point","coordinates":[-107.3925,40.3629]},"properties":{"s":100.0,"pub":false}},{"type":"Feature","geometry":{"type":"Point","coordinates":[-107.3925,40.3687]},"properties":{"s":96.7,"pub":false}},{"type":"Feature","geometry":{"type":"Point","coordinates":[-107.3925,40.3745]},"properties":{"s":96.7,"pub":true}},{"type":"Feature","geometry":{"type":"Point","coordinates":[-107.3925,40.3803]},"properties":{"s":90.0,"pub":false}},{"type":"Feature","geometry":{"type":"Point","coordinates":[-107.3925,40.3861]},"properties":{"s":90.0,"pub":false}},{"type":"Feature","geometry":{"type":"Point","coordinates":[-107.3925,40.3919]},"properties":{"s":90.0,"pub":false}},{"type":"Feature","geometry":{"type":"Point","coordinates":[-107.3925,40.3977]},"properties":{"s":90.0,"pub":false}},{"type":"Feature","geometry":{"type":"Point","coordinates":[-107.3925,40.4035]},"properties":{"s":90.0,"pub":false}},{"type":"Feature","geometry":{"type":"Point","coordinates":[-107.3925,40.4093]},"properties":{"s":90.0,"pub":false}},{"type":"Feature","geometry":{"type":"Point","coordinates":[-107.3925,40.4151]},"properties":{"s":90.0,"pub":false}},{"type":"Feature","geometry":{"type":"Point","coordinates":[-107.3925,40.4209]},"properties":{"s":90.0,"pub":false}},{"type":"Feature","geometry":{"type":"Point","coordinates":[-107.3925,40.4267]},"properties":{"s":90.0,"pub":true}},{"type":"Feature","geometry":{"type":"Point","coordinates":[-107.3925,40.4325]},"properties":{"s":90.0,"pub":true}},{"type":"Feature","geometry":{"type":"Point","coordinates":[-107.3925,40.4383]},"properties":{"s":50.0,"pub":true}},{"type":"Feature","geometry":{"type":"Point","coordinates":[-107.385,40.3281]},"properties":{"s":73.3,"pub":false}},{"type":"Feature","geometry":{"type":"Point","coordinates":[-107.385,40.3339]},"properties":{"s":66.7,"pub":true}},{"type":"Feature","geometry":{"type":"Point","coordinates":[-107.385,40.3397]},"properties":{"s":93.3,"pub":true}},{"type":"Feature","geometry":{"type":"Point","coordinates":[-107.385,40.3455]},"properties":{"s":93.3,"pub":true}},{"type":"Feature","geometry":{"type":"Point","coordinates":[-107.385,40.3513]},"properties":{"s":93.3,"pub":false}},{"type":"Feature","geometry":{"type":"Point","coordinates":[-107.385,40.3571]},"properties":{"s":93.3,"pub":false}},{"type":"Feature","geometry":{"type":"Point","coordinates":[-107.385,40.3629]},"properties":{"s":96.7,"pub":false}},{"type":"Feature","geometry":{"type":"Point","coordinates":[-107.385,40.3687]},"properties":{"s":96.7,"pub":false}},{"type":"Feature","geometry":{"type":"Point","coordinates":[-107.385,40.3745]},"properties":{"s":90.0,"pub":false}},{"type":"Feature","geometry":{"type":"Point","coordinates":[-107.385,40.3803]},"properties":{"s":90.0,"pub":false}},{"type":"Feature","geometry":{"type":"Point","coordinates":[-107.385,40.3861]},"properties":{"s":90.0,"pub":false}},{"type":"Feature","geometry":{"type":"Point","coordinates":[-107.385,40.3919]},"properties":{"s":90.0,"pub":false}},{"type":"Feature","geometry":{"type":"Point","coordinates":[-107.385,40.3977]},"properties":{"s":90.0,"pub":false}},{"type":"Feature","geometry":{"type":"Point","coordinates":[-107.385,40.4035]},"properties":{"s":90.0,"pub":false}},{"type":"Feature","geometry":{"type":"Point","coordinates":[-107.385,40.4093]},"properties":{"s":90.0,"pub":false}},{"type":"Feature","geometry":{"type":"Point","coordinates":[-107.385,40.4151]},"properties":{"s":90.0,"pub":false}},{"type":"Feature","geometry":{"type":"Point","coordinates":[-107.385,40.4209]},"properties":{"s":90.0,"pub":false}},{"type":"Feature","geometry":{"type":"Point","coordinates":[-107.385,40.4267]},"properties":{"s":90.0,"pub":false}},{"type":"Feature","geometry":{"type":"Point","coordinates":[-107.385,40.4325]},"properties":{"s":90.0,"pub":false}},{"type":"Feature","geometry":{"type":"Point","coordinates":[-107.3775,40.3281]},"properties":{"s":66.7,"pub":false}},{"type":"Feature","geometry":{"type":"Point","coordinates":[-107.3775,40.3339]},"properties":{"s":66.7,"pub":true}},{"type":"Feature","geometry":{"type":"Point","coordinates":[-107.3775,40.3397]},"properties":{"s":93.3,"pub":true}},{"type":"Feature","geometry":{"type":"Point","coordinates":[-107.3775,40.3455]},"properties":{"s":93.3,"pub":true}},{"type":"Feature","geometry":{"type":"Point","coordinates":[-107.3775,40.3513]},"properties":{"s":93.3,"pub":true}},{"type":"Feature","geometry":{"type":"Point","coordinates":[-107.3775,40.3571]},"properties":{"s":90.0,"pub":false}},{"type":"Feature","geometry":{"type":"Point","coordinates":[-107.3775,40.3629]},"properties":{"s":90.0,"pub":false}},{"type":"Feature","geometry":{"type":"Point","coordinates":[-107.3775,40.3687]},"properties":{"s":96.7,"pub":false}},{"type":"Feature","geometry":{"type":"Point","coordinates":[-107.3775,40.3745]},"properties":{"s":90.0,"pub":true}},{"type":"Feature","geometry":{"type":"Point","coordinates":[-107.3775,40.3803]},"properties":{"s":90.0,"pub":false}},{"type":"Feature","geometry":{"type":"Point","coordinates":[-107.3775,40.3861]},"properties":{"s":90.0,"pub":false}},{"type":"Feature","geometry":{"type":"Point","coordinates":[-107.3775,40.3919]},"properties":{"s":90.0,"pub":false}},{"type":"Feature","geometry":{"type":"Point","coordinates":[-107.3775,40.3977]},"properties":{"s":90.0,"pub":false}},{"type":"Feature","geometry":{"type":"Point","coordinates":[-107.3775,40.4035]},"properties":{"s":90.0,"pub":false}},{"type":"Feature","geometry":{"type":"Point","coordinates":[-107.3775,40.4093]},"properties":{"s":90.0,"pub":false}},{"type":"Feature","geometry":{"type":"Point","coordinates":[-107.3775,40.4151]},"properties":{"s":90.0,"pub":false}},{"type":"Feature","geometry":{"type":"Point","coordinates":[-107.3775,40.4209]},"properties":{"s":90.0,"pub":false}},{"type":"Feature","geometry":{"type":"Point","coordinates":[-107.3775,40.4267]},"properties":{"s":90.0,"pub":false}},{"type":"Feature","geometry":{"type":"Point","coordinates":[-107.3775,40.4325]},"properties":{"s":90.0,"pub":false}},{"type":"Feature","geometry":{"type":"Point","coordinates":[-107.37,40.3281]},"properties":{"s":63.3,"pub":false}},{"type":"Feature","geometry":{"type":"Point","coordinates":[-107.37,40.3339]},"properties":{"s":66.7,"pub":true}},{"type":"Feature","geometry":{"type":"Point","coordinates":[-107.37,40.3397]},"properties":{"s":93.3,"pub":true}},{"type":"Feature","geometry":{"type":"Point","coordinates":[-107.37,40.3455]},"properties":{"s":90.0,"pub":true}},{"type":"Feature","geometry":{"type":"Point","coordinates":[-107.37,40.3513]},"properties":{"s":90.0,"pub":true}},{"type":"Feature","geometry":{"type":"Point","coordinates":[-107.37,40.3571]},"properties":{"s":90.0,"pub":true}},{"type":"Feature","geometry":{"type":"Point","coordinates":[-107.37,40.3629]},"properties":{"s":90.0,"pub":false}},{"type":"Feature","geometry":{"type":"Point","coordinates":[-107.37,40.3687]},"properties":{"s":90.0,"pub":false}},{"type":"Feature","geometry":{"type":"Point","coordinates":[-107.37,40.3745]},"properties":{"s":90.0,"pub":false}},{"type":"Feature","geometry":{"type":"Point","coordinates":[-107.37,40.3803]},"properties":{"s":90.0,"pub":false}},{"type":"Feature","geometry":{"type":"Point","coordinates":[-107.37,40.3861]},"properties":{"s":90.0,"pub":false}},{"type":"Feature","geometry":{"type":"Point","coordinates":[-107.37,40.3919]},"properties":{"s":90.0,"pub":false}},{"type":"Feature","geometry":{"type":"Point","coordinates":[-107.37,40.3977]},"properties":{"s":90.0,"pub":false}},{"type":"Feature","geometry":{"type":"Point","coordinates":[-107.37,40.4035]},"properties":{"s":90.0,"pub":false}},{"type":"Feature","geometry":{"type":"Point","coordinates":[-107.37,40.4093]},"properties":{"s":90.0,"pub":false}},{"type":"Feature","geometry":{"type":"Point","coordinates":[-107.37,40.4151]},"properties":{"s":90.0,"pub":false}},{"type":"Feature","geometry":{"type":"Point","coordinates":[-107.37,40.4209]},"properties":{"s":90.0,"pub":false}},{"type":"Feature","geometry":{"type":"Point","coordinates":[-107.37,40.4267]},"properties":{"s":90.0,"pub":false}},{"type":"Feature","geometry":{"type":"Point","coordinates":[-107.37,40.4325]},"properties":{"s":50.0,"pub":false}},{"type":"Feature","geometry":{"type":"Point","coordinates":[-107.3625,40.3281]},"properties":{"s":63.3,"pub":false}},{"type":"Feature","geometry":{"type":"Point","coordinates":[-107.3625,40.3339]},"properties":{"s":63.3,"pub":false}},{"type":"Feature","geometry":{"type":"Point","coordinates":[-107.3625,40.3397]},"properties":{"s":90.0,"pub":true}},{"type":"Feature","geometry":{"type":"Point","coordinates":[-107.3625,40.3455]},"properties":{"s":90.0,"pub":false}},{"type":"Feature","geometry":{"type":"Point","coordinates":[-107.3625,40.3513]},"properties":{"s":90.0,"pub":false}},{"type":"Feature","geometry":{"type":"Point","coordinates":[-107.3625,40.3571]},"properties":{"s":90.0,"pub":true}},{"type":"Feature","geometry":{"type":"Point","coordinates":[-107.3625,40.3629]},"properties":{"s":90.0,"pub":false}},{"type":"Feature","geometry":{"type":"Point","coordinates":[-107.3625,40.3687]},"properties":{"s":90.0,"pub":false}},{"type":"Feature","geometry":{"type":"Point","coordinates":[-107.3625,40.3745]},"properties":{"s":90.0,"pub":false}},{"type":"Feature","geometry":{"type":"Point","coordinates":[-107.3625,40.3803]},"properties":{"s":90.0,"pub":false}},{"type":"Feature","geometry":{"type":"Point","coordinates":[-107.3625,40.3861]},"properties":{"s":90.0,"pub":false}},{"type":"Feature","geometry":{"type":"Point","coordinates":[-107.3625,40.3919]},"properties":{"s":90.0,"pub":false}},{"type":"Feature","geometry":{"type":"Point","coordinates":[-107.3625,40.3977]},"properties":{"s":90.0,"pub":false}},{"type":"Feature","geometry":{"type":"Point","coordinates":[-107.3625,40.4035]},"properties":{"s":90.0,"pub":false}},{"type":"Feature","geometry":{"type":"Point","coordinates":[-107.3625,40.4093]},"properties":{"s":90.0,"pub":false}},{"type":"Feature","geometry":{"type":"Point","coordinates":[-107.3625,40.4151]},"properties":{"s":90.0,"pub":false}},{"type":"Feature","geometry":{"type":"Point","coordinates":[-107.3625,40.4209]},"properties":{"s":90.0,"pub":false}},{"type":"Feature","geometry":{"type":"Point","coordinates":[-107.3625,40.4267]},"properties":{"s":90.0,"pub":false}},{"type":"Feature","geometry":{"type":"Point","coordinates":[-107.355,40.3223]},"properties":{"s":63.3,"pub":false}},{"type":"Feature","geometry":{"type":"Point","coordinates":[-107.355,40.3281]},"properties":{"s":63.3,"pub":false}},{"type":"Feature","geometry":{"type":"Point","coordinates":[-107.355,40.3339]},"properties":{"s":63.3,"pub":false}},{"type":"Feature","geometry":{"type":"Point","coordinates":[-107.355,40.3397]},"properties":{"s":90.0,"pub":false}},{"type":"Feature","geometry":{"type":"Point","coordinates":[-107.355,40.3455]},"properties":{"s":90.0,"pub":false}},{"type":"Feature","geometry":{"type":"Point","coordinates":[-107.355,40.3513]},"properties":{"s":90.0,"pub":false}},{"type":"Feature","geometry":{"type":"Point","coordinates":[-107.355,40.3571]},"properties":{"s":90.0,"pub":false}},{"type":"Feature","geometry":{"type":"Point","coordinates":[-107.355,40.3629]},"properties":{"s":90.0,"pub":false}},{"type":"Feature","geometry":{"type":"Point","coordinates":[-107.355,40.3687]},"properties":{"s":90.0,"pub":false}},{"type":"Feature","geometry":{"type":"Point","coordinates":[-107.355,40.3745]},"properties":{"s":90.0,"pub":false}},{"type":"Feature","geometry":{"type":"Point","coordinates":[-107.355,40.3803]},"properties":{"s":90.0,"pub":false}},{"type":"Feature","geometry":{"type":"Point","coordinates":[-107.355,40.3861]},"properties":{"s":90.0,"pub":true}},{"type":"Feature","geometry":{"type":"Point","coordinates":[-107.355,40.3919]},"properties":{"s":90.0,"pub":true}},{"type":"Feature","geometry":{"type":"Point","coordinates":[-107.355,40.3977]},"properties":{"s":90.0,"pub":false}},{"type":"Feature","geometry":{"type":"Point","coordinates":[-107.355,40.4035]},"properties":{"s":90.0,"pub":true}},{"type":"Feature","geometry":{"type":"Point","coordinates":[-107.355,40.4093]},"properties":{"s":90.0,"pub":false}},{"type":"Feature","geometry":{"type":"Point","coordinates":[-107.355,40.4151]},"properties":{"s":90.0,"pub":false}},{"type":"Feature","geometry":{"type":"Point","coordinates":[-107.355,40.4209]},"properties":{"s":90.0,"pub":false}},{"type":"Feature","geometry":{"type":"Point","coordinates":[-107.355,40.4267]},"properties":{"s":50.0,"pub":false}},{"type":"Feature","geometry":{"type":"Point","coordinates":[-107.3475,40.3223]},"properties":{"s":63.3,"pub":true}},{"type":"Feature","geometry":{"type":"Point","coordinates":[-107.3475,40.3281]},"properties":{"s":63.3,"pub":false}},{"type":"Feature","geometry":{"type":"Point","coordinates":[-107.3475,40.3339]},"properties":{"s":90.0,"pub":false}},{"type":"Feature","geometry":{"type":"Point","coordinates":[-107.3475,40.3397]},"properties":{"s":90.0,"pub":false}},{"type":"Feature","geometry":{"type":"Point","coordinates":[-107.3475,40.3455]},"properties":{"s":90.0,"pub":false}},{"type":"Feature","geometry":{"type":"Point","coordinates":[-107.3475,40.3513]},"properties":{"s":90.0,"pub":false}},{"type":"Feature","geometry":{"type":"Point","coordinates":[-107.3475,40.3571]},"properties":{"s":90.0,"pub":false}},{"type":"Feature","geometry":{"type":"Point","coordinates":[-107.3475,40.3629]},"properties":{"s":90.0,"pub":false}},{"type":"Feature","geometry":{"type":"Point","coordinates":[-107.3475,40.3687]},"properties":{"s":90.0,"pub":false}},{"type":"Feature","geometry":{"type":"Point","coordinates":[-107.3475,40.3745]},"properties":{"s":90.0,"pub":false}},{"type":"Feature","geometry":{"type":"Point","coordinates":[-107.3475,40.3803]},"properties":{"s":90.0,"pub":false}},{"type":"Feature","geometry":{"type":"Point","coordinates":[-107.3475,40.3861]},"properties":{"s":90.0,"pub":false}},{"type":"Feature","geometry":{"type":"Point","coordinates":[-107.3475,40.3919]},"properties":{"s":90.0,"pub":false}},{"type":"Feature","geometry":{"type":"Point","coordinates":[-107.3475,40.3977]},"properties":{"s":90.0,"pub":false}},{"type":"Feature","geometry":{"type":"Point","coordinates":[-107.3475,40.4035]},"properties":{"s":90.0,"pub":false}},{"type":"Feature","geometry":{"type":"Point","coordinates":[-107.3475,40.4093]},"properties":{"s":90.0,"pub":false}},{"type":"Feature","geometry":{"type":"Point","coordinates":[-107.3475,40.4151]},"properties":{"s":90.0,"pub":false}},{"type":"Feature","geometry":{"type":"Point","coordinates":[-107.3475,40.4209]},"properties":{"s":90.0,"pub":false}},{"type":"Feature","geometry":{"type":"Point","coordinates":[-107.34,40.3223]},"properties":{"s":63.3,"pub":true}},{"type":"Feature","geometry":{"type":"Point","coordinates":[-107.34,40.3281]},"properties":{"s":63.3,"pub":true}},{"type":"Feature","geometry":{"type":"Point","coordinates":[-107.34,40.3339]},"properties":{"s":90.0,"pub":true}},{"type":"Feature","geometry":{"type":"Point","coordinates":[-107.34,40.3397]},"properties":{"s":90.0,"pub":false}},{"type":"Feature","geometry":{"type":"Point","coordinates":[-107.34,40.3455]},"properties":{"s":90.0,"pub":false}},{"type":"Feature","geometry":{"type":"Point","coordinates":[-107.34,40.3513]},"properties":{"s":90.0,"pub":false}},{"type":"Feature","geometry":{"type":"Point","coordinates":[-107.34,40.3571]},"properties":{"s":90.0,"pub":false}},{"type":"Feature","geometry":{"type":"Point","coordinates":[-107.34,40.3629]},"properties":{"s":90.0,"pub":false}},{"type":"Feature","geometry":{"type":"Point","coordinates":[-107.34,40.3687]},"properties":{"s":90.0,"pub":false}},{"type":"Feature","geometry":{"type":"Point","coordinates":[-107.34,40.3745]},"properties":{"s":90.0,"pub":false}},{"type":"Feature","geometry":{"type":"Point","coordinates":[-107.34,40.3803]},"properties":{"s":90.0,"pub":false}},{"type":"Feature","geometry":{"type":"Point","coordinates":[-107.34,40.3861]},"properties":{"s":90.0,"pub":false}},{"type":"Feature","geometry":{"type":"Point","coordinates":[-107.34,40.3919]},"properties":{"s":90.0,"pub":false}},{"type":"Feature","geometry":{"type":"Point","coordinates":[-107.34,40.3977]},"properties":{"s":90.0,"pub":false}},{"type":"Feature","geometry":{"type":"Point","coordinates":[-107.34,40.4035]},"properties":{"s":90.0,"pub":false}},{"type":"Feature","geometry":{"type":"Point","coordinates":[-107.34,40.4093]},"properties":{"s":90.0,"pub":false}},{"type":"Feature","geometry":{"type":"Point","coordinates":[-107.34,40.4151]},"properties":{"s":90.0,"pub":false}},{"type":"Feature","geometry":{"type":"Point","coordinates":[-107.34,40.4209]},"properties":{"s":50.0,"pub":false}},{"type":"Feature","geometry":{"type":"Point","coordinates":[-107.3325,40.3165]},"properties":{"s":63.3,"pub":false}},{"type":"Feature","geometry":{"type":"Point","coordinates":[-107.3325,40.3223]},"properties":{"s":63.3,"pub":false}},{"type":"Feature","geometry":{"type":"Point","coordinates":[-107.3325,40.3281]},"properties":{"s":90.0,"pub":false}},{"type":"Feature","geometry":{"type":"Point","coordinates":[-107.3325,40.3339]},"properties":{"s":90.0,"pub":false}},{"type":"Feature","geometry":{"type":"Point","coordinates":[-107.3325,40.3397]},"properties":{"s":90.0,"pub":true}},{"type":"Feature","geometry":{"type":"Point","coordinates":[-107.3325,40.3455]},"properties":{"s":90.0,"pub":false}},{"type":"Feature","geometry":{"type":"Point","coordinates":[-107.3325,40.3513]},"properties":{"s":90.0,"pub":false}},{"type":"Feature","geometry":{"type":"Point","coordinates":[-107.3325,40.3571]},"properties":{"s":90.0,"pub":false}},{"type":"Feature","geometry":{"type":"Point","coordinates":[-107.3325,40.3629]},"properties":{"s":90.0,"pub":false}},{"type":"Feature","geometry":{"type":"Point","coordinates":[-107.3325,40.3687]},"properties":{"s":90.0,"pub":false}},{"type":"Feature","geometry":{"type":"Point","coordinates":[-107.3325,40.3745]},"properties":{"s":90.0,"pub":false}},{"type":"Feature","geometry":{"type":"Point","coordinates":[-107.3325,40.3803]},"properties":{"s":90.0,"pub":false}},{"type":"Feature","geometry":{"type":"Point","coordinates":[-107.3325,40.3861]},"properties":{"s":90.0,"pub":false}},{"type":"Feature","geometry":{"type":"Point","coordinates":[-107.3325,40.3919]},"properties":{"s":90.0,"pub":false}},{"type":"Feature","geometry":{"type":"Point","coordinates":[-107.3325,40.3977]},"properties":{"s":90.0,"pub":false}},{"type":"Feature","geometry":{"type":"Point","coordinates":[-107.3325,40.4035]},"properties":{"s":90.0,"pub":false}},{"type":"Feature","geometry":{"type":"Point","coordinates":[-107.3325,40.4093]},"properties":{"s":90.0,"pub":false}},{"type":"Feature","geometry":{"type":"Point","coordinates":[-107.3325,40.4151]},"properties":{"s":50.0,"pub":false}},{"type":"Feature","geometry":{"type":"Point","coordinates":[-107.325,40.3165]},"properties":{"s":63.3,"pub":false}},{"type":"Feature","geometry":{"type":"Point","coordinates":[-107.325,40.3223]},"properties":{"s":63.3,"pub":false}},{"type":"Feature","geometry":{"type":"Point","coordinates":[-107.325,40.3281]},"properties":{"s":90.0,"pub":true}},{"type":"Feature","geometry":{"type":"Point","coordinates":[-107.325,40.3339]},"properties":{"s":90.0,"pub":true}},{"type":"Feature","geometry":{"type":"Point","coordinates":[-107.325,40.3397]},"properties":{"s":90.0,"pub":false}},{"type":"Feature","geometry":{"type":"Point","coordinates":[-107.325,40.3455]},"properties":{"s":90.0,"pub":true}},{"type":"Feature","geometry":{"type":"Point","coordinates":[-107.325,40.3513]},"properties":{"s":90.0,"pub":false}},{"type":"Feature","geometry":{"type":"Point","coordinates":[-107.325,40.3571]},"properties":{"s":90.0,"pub":false}},{"type":"Feature","geometry":{"type":"Point","coordinates":[-107.325,40.3629]},"properties":{"s":90.0,"pub":true}},{"type":"Feature","geometry":{"type":"Point","coordinates":[-107.325,40.3687]},"properties":{"s":90.0,"pub":false}},{"type":"Feature","geometry":{"type":"Point","coordinates":[-107.325,40.3745]},"properties":{"s":90.0,"pub":false}},{"type":"Feature","geometry":{"type":"Point","coordinates":[-107.325,40.3803]},"properties":{"s":90.0,"pub":false}},{"type":"Feature","geometry":{"type":"Point","coordinates":[-107.325,40.3861]},"properties":{"s":90.0,"pub":false}},{"type":"Feature","geometry":{"type":"Point","coordinates":[-107.325,40.3919]},"properties":{"s":90.0,"pub":false}},{"type":"Feature","geometry":{"type":"Point","coordinates":[-107.325,40.3977]},"properties":{"s":90.0,"pub":false}},{"type":"Feature","geometry":{"type":"Point","coordinates":[-107.325,40.4035]},"properties":{"s":90.0,"pub":false}},{"type":"Feature","geometry":{"type":"Point","coordinates":[-107.325,40.4093]},"properties":{"s":90.0,"pub":false}},{"type":"Feature","geometry":{"type":"Point","coordinates":[-107.3175,40.3165]},"properties":{"s":63.3,"pub":true}},{"type":"Feature","geometry":{"type":"Point","coordinates":[-107.3175,40.3223]},"properties":{"s":63.3,"pub":true}},{"type":"Feature","geometry":{"type":"Point","coordinates":[-107.3175,40.3281]},"properties":{"s":90.0,"pub":false}},{"type":"Feature","geometry":{"type":"Point","coordinates":[-107.3175,40.3339]},"properties":{"s":90.0,"pub":true}},{"type":"Feature","geometry":{"type":"Point","coordinates":[-107.3175,40.3397]},"properties":{"s":90.0,"pub":false}},{"type":"Feature","geometry":{"type":"Point","coordinates":[-107.3175,40.3455]},"properties":{"s":90.0,"pub":false}},{"type":"Feature","geometry":{"type":"Point","coordinates":[-107.3175,40.3513]},"properties":{"s":90.0,"pub":false}},{"type":"Feature","geometry":{"type":"Point","coordinates":[-107.3175,40.3571]},"properties":{"s":90.0,"pub":true}},{"type":"Feature","geometry":{"type":"Point","coordinates":[-107.3175,40.3629]},"properties":{"s":90.0,"pub":false}},{"type":"Feature","geometry":{"type":"Point","coordinates":[-107.3175,40.3687]},"properties":{"s":90.0,"pub":false}},{"type":"Feature","geometry":{"type":"Point","coordinates":[-107.3175,40.3745]},"properties":{"s":90.0,"pub":false}},{"type":"Feature","geometry":{"type":"Point","coordinates":[-107.3175,40.3803]},"properties":{"s":90.0,"pub":false}},{"type":"Feature","geometry":{"type":"Point","coordinates":[-107.3175,40.3861]},"properties":{"s":90.0,"pub":false}},{"type":"Feature","geometry":{"type":"Point","coordinates":[-107.3175,40.3919]},"properties":{"s":90.0,"pub":false}},{"type":"Feature","geometry":{"type":"Point","coordinates":[-107.3175,40.3977]},"properties":{"s":90.0,"pub":false}},{"type":"Feature","geometry":{"type":"Point","coordinates":[-107.3175,40.4035]},"properties":{"s":90.0,"pub":false}},{"type":"Feature","geometry":{"type":"Point","coordinates":[-107.31,40.3165]},"properties":{"s":63.3,"pub":true}},{"type":"Feature","geometry":{"type":"Point","coordinates":[-107.31,40.3223]},"properties":{"s":90.0,"pub":true}},{"type":"Feature","geometry":{"type":"Point","coordinates":[-107.31,40.3281]},"properties":{"s":90.0,"pub":false}},{"type":"Feature","geometry":{"type":"Point","coordinates":[-107.31,40.3339]},"properties":{"s":90.0,"pub":false}},{"type":"Feature","geometry":{"type":"Point","coordinates":[-107.31,40.3397]},"properties":{"s":90.0,"pub":true}},{"type":"Feature","geometry":{"type":"Point","coordinates":[-107.31,40.3455]},"properties":{"s":90.0,"pub":false}},{"type":"Feature","geometry":{"type":"Point","coordinates":[-107.31,40.3513]},"properties":{"s":90.0,"pub":false}},{"type":"Feature","geometry":{"type":"Point","coordinates":[-107.31,40.3571]},"properties":{"s":90.0,"pub":false}},{"type":"Feature","geometry":{"type":"Point","coordinates":[-107.31,40.3629]},"properties":{"s":90.0,"pub":false}},{"type":"Feature","geometry":{"type":"Point","coordinates":[-107.31,40.3687]},"properties":{"s":90.0,"pub":false}},{"type":"Feature","geometry":{"type":"Point","coordinates":[-107.31,40.3745]},"properties":{"s":90.0,"pub":false}},{"type":"Feature","geometry":{"type":"Point","coordinates":[-107.31,40.3803]},"properties":{"s":90.0,"pub":false}},{"type":"Feature","geometry":{"type":"Point","coordinates":[-107.31,40.3861]},"properties":{"s":90.0,"pub":false}},{"type":"Feature","geometry":{"type":"Point","coordinates":[-107.31,40.3919]},"properties":{"s":90.0,"pub":false}},{"type":"Feature","geometry":{"type":"Point","coordinates":[-107.31,40.3977]},"properties":{"s":90.0,"pub":false}},{"type":"Feature","geometry":{"type":"Point","coordinates":[-107.3025,40.3165]},"properties":{"s":63.3,"pub":true}},{"type":"Feature","geometry":{"type":"Point","coordinates":[-107.3025,40.3223]},"properties":{"s":90.0,"pub":true}},{"type":"Feature","geometry":{"type":"Point","coordinates":[-107.3025,40.3281]},"properties":{"s":90.0,"pub":false}},{"type":"Feature","geometry":{"type":"Point","coordinates":[-107.3025,40.3339]},"properties":{"s":90.0,"pub":false}},{"type":"Feature","geometry":{"type":"Point","coordinates":[-107.3025,40.3397]},"properties":{"s":90.0,"pub":true}},{"type":"Feature","geometry":{"type":"Point","coordinates":[-107.3025,40.3455]},"properties":{"s":90.0,"pub":false}},{"type":"Feature","geometry":{"type":"Point","coordinates":[-107.3025,40.3513]},"properties":{"s":90.0,"pub":false}},{"type":"Feature","geometry":{"type":"Point","coordinates":[-107.3025,40.3571]},"properties":{"s":90.0,"pub":false}},{"type":"Feature","geometry":{"type":"Point","coordinates":[-107.3025,40.3629]},"properties":{"s":90.0,"pub":false}},{"type":"Feature","geometry":{"type":"Point","coordinates":[-107.3025,40.3687]},"properties":{"s":90.0,"pub":false}},{"type":"Feature","geometry":{"type":"Point","coordinates":[-107.3025,40.3745]},"properties":{"s":90.0,"pub":false}},{"type":"Feature","geometry":{"type":"Point","coordinates":[-107.3025,40.3803]},"properties":{"s":90.0,"pub":false}},{"type":"Feature","geometry":{"type":"Point","coordinates":[-107.3025,40.3861]},"properties":{"s":90.0,"pub":false}},{"type":"Feature","geometry":{"type":"Point","coordinates":[-107.3025,40.3919]},"properties":{"s":90.0,"pub":false}},{"type":"Feature","geometry":{"type":"Point","coordinates":[-107.3025,40.3977]},"properties":{"s":90.0,"pub":false}},{"type":"Feature","geometry":{"type":"Point","coordinates":[-107.295,40.3107]},"properties":{"s":63.3,"pub":false}},{"type":"Feature","geometry":{"type":"Point","coordinates":[-107.295,40.3165]},"properties":{"s":90.0,"pub":false}},{"type":"Feature","geometry":{"type":"Point","coordinates":[-107.295,40.3223]},"properties":{"s":90.0,"pub":false}},{"type":"Feature","geometry":{"type":"Point","coordinates":[-107.295,40.3281]},"properties":{"s":90.0,"pub":false}},{"type":"Feature","geometry":{"type":"Point","coordinates":[-107.295,40.3339]},"properties":{"s":90.0,"pub":false}},{"type":"Feature","geometry":{"type":"Point","coordinates":[-107.295,40.3397]},"properties":{"s":90.0,"pub":false}},{"type":"Feature","geometry":{"type":"Point","coordinates":[-107.295,40.3455]},"properties":{"s":90.0,"pub":false}},{"type":"Feature","geometry":{"type":"Point","coordinates":[-107.295,40.3513]},"properties":{"s":90.0,"pub":false}},{"type":"Feature","geometry":{"type":"Point","coordinates":[-107.295,40.3571]},"properties":{"s":90.0,"pub":false}},{"type":"Feature","geometry":{"type":"Point","coordinates":[-107.295,40.3629]},"properties":{"s":90.0,"pub":false}},{"type":"Feature","geometry":{"type":"Point","coordinates":[-107.295,40.3687]},"properties":{"s":90.0,"pub":false}},{"type":"Feature","geometry":{"type":"Point","coordinates":[-107.295,40.3745]},"properties":{"s":90.0,"pub":false}},{"type":"Feature","geometry":{"type":"Point","coordinates":[-107.295,40.3803]},"properties":{"s":90.0,"pub":false}},{"type":"Feature","geometry":{"type":"Point","coordinates":[-107.295,40.3861]},"properties":{"s":90.0,"pub":false}},{"type":"Feature","geometry":{"type":"Point","coordinates":[-107.295,40.3919]},"properties":{"s":90.0,"pub":false}},{"type":"Feature","geometry":{"type":"Point","coordinates":[-107.295,40.3977]},"properties":{"s":63.3,"pub":false}},{"type":"Feature","geometry":{"type":"Point","coordinates":[-107.2875,40.3049]},"properties":{"s":63.3,"pub":false}},{"type":"Feature","geometry":{"type":"Point","coordinates":[-107.2875,40.3107]},"properties":{"s":90.0,"pub":false}},{"type":"Feature","geometry":{"type":"Point","coordinates":[-107.2875,40.3165]},"properties":{"s":90.0,"pub":false}},{"type":"Feature","geometry":{"type":"Point","coordinates":[-107.2875,40.3223]},"properties":{"s":90.0,"pub":false}},{"type":"Feature","geometry":{"type":"Point","coordinates":[-107.2875,40.3281]},"properties":{"s":90.0,"pub":false}},{"type":"Feature","geometry":{"type":"Point","coordinates":[-107.2875,40.3339]},"properties":{"s":90.0,"pub":false}},{"type":"Feature","geometry":{"type":"Point","coordinates":[-107.2875,40.3397]},"properties":{"s":90.0,"pub":false}},{"type":"Feature","geometry":{"type":"Point","coordinates":[-107.2875,40.3455]},"properties":{"s":90.0,"pub":false}},{"type":"Feature","geometry":{"type":"Point","coordinates":[-107.2875,40.3513]},"properties":{"s":90.0,"pub":false}},{"type":"Feature","geometry":{"type":"Point","coordinates":[-107.2875,40.3571]},"properties":{"s":90.0,"pub":false}},{"type":"Feature","geometry":{"type":"Point","coordinates":[-107.2875,40.3629]},"properties":{"s":90.0,"pub":false}},{"type":"Feature","geometry":{"type":"Point","coordinates":[-107.2875,40.3687]},"properties":{"s":90.0,"pub":false}},{"type":"Feature","geometry":{"type":"Point","coordinates":[-107.2875,40.3745]},"properties":{"s":90.0,"pub":false}},{"type":"Feature","geometry":{"type":"Point","coordinates":[-107.2875,40.3803]},"properties":{"s":90.0,"pub":false}},{"type":"Feature","geometry":{"type":"Point","coordinates":[-107.2875,40.3861]},"properties":{"s":90.0,"pub":false}},{"type":"Feature","geometry":{"type":"Point","coordinates":[-107.2875,40.3919]},"properties":{"s":63.3,"pub":false}},{"type":"Feature","geometry":{"type":"Point","coordinates":[-107.2875,40.3977]},"properties":{"s":63.3,"pub":false}},{"type":"Feature","geometry":{"type":"Point","coordinates":[-107.28,40.2991]},"properties":{"s":63.3,"pub":false}},{"type":"Feature","geometry":{"type":"Point","coordinates":[-107.28,40.3049]},"properties":{"s":63.3,"pub":false}},{"type":"Feature","geometry":{"type":"Point","coordinates":[-107.28,40.3107]},"properties":{"s":90.0,"pub":false}},{"type":"Feature","geometry":{"type":"Point","coordinates":[-107.28,40.3165]},"properties":{"s":90.0,"pub":false}},{"type":"Feature","geometry":{"type":"Point","coordinates":[-107.28,40.3223]},"properties":{"s":90.0,"pub":false}},{"type":"Feature","geometry":{"type":"Point","coordinates":[-107.28,40.3281]},"properties":{"s":90.0,"pub":false}},{"type":"Feature","geometry":{"type":"Point","coordinates":[-107.28,40.3339]},"properties":{"s":90.0,"pub":false}},{"type":"Feature","geometry":{"type":"Point","coordinates":[-107.28,40.3397]},"properties":{"s":90.0,"pub":false}},{"type":"Feature","geometry":{"type":"Point","coordinates":[-107.28,40.3455]},"properties":{"s":90.0,"pub":false}},{"type":"Feature","geometry":{"type":"Point","coordinates":[-107.28,40.3513]},"properties":{"s":90.0,"pub":false}},{"type":"Feature","geometry":{"type":"Point","coordinates":[-107.28,40.3571]},"properties":{"s":90.0,"pub":false}},{"type":"Feature","geometry":{"type":"Point","coordinates":[-107.28,40.3629]},"properties":{"s":90.0,"pub":false}},{"type":"Feature","geometry":{"type":"Point","coordinates":[-107.28,40.3687]},"properties":{"s":90.0,"pub":false}},{"type":"Feature","geometry":{"type":"Point","coordinates":[-107.28,40.3745]},"properties":{"s":90.0,"pub":false}},{"type":"Feature","geometry":{"type":"Point","coordinates":[-107.28,40.3803]},"properties":{"s":90.0,"pub":false}},{"type":"Feature","geometry":{"type":"Point","coordinates":[-107.28,40.3861]},"properties":{"s":90.0,"pub":false}},{"type":"Feature","geometry":{"type":"Point","coordinates":[-107.28,40.3919]},"properties":{"s":63.3,"pub":false}},{"type":"Feature","geometry":{"type":"Point","coordinates":[-107.28,40.3977]},"properties":{"s":63.3,"pub":false}},{"type":"Feature","geometry":{"type":"Point","coordinates":[-107.2725,40.2991]},"properties":{"s":63.3,"pub":false}},{"type":"Feature","geometry":{"type":"Point","coordinates":[-107.2725,40.3049]},"properties":{"s":90.0,"pub":false}},{"type":"Feature","geometry":{"type":"Point","coordinates":[-107.2725,40.3107]},"properties":{"s":90.0,"pub":false}},{"type":"Feature","geometry":{"type":"Point","coordinates":[-107.2725,40.3165]},"properties":{"s":90.0,"pub":true}},{"type":"Feature","geometry":{"type":"Point","coordinates":[-107.2725,40.3223]},"properties":{"s":90.0,"pub":false}},{"type":"Feature","geometry":{"type":"Point","coordinates":[-107.2725,40.3281]},"properties":{"s":90.0,"pub":false}},{"type":"Feature","geometry":{"type":"Point","coordinates":[-107.2725,40.3339]},"properties":{"s":90.0,"pub":false}},{"type":"Feature","geometry":{"type":"Point","coordinates":[-107.2725,40.3397]},"properties":{"s":90.0,"pub":false}},{"type":"Feature","geometry":{"type":"Point","coordinates":[-107.2725,40.3455]},"properties":{"s":90.0,"pub":false}},{"type":"Feature","geometry":{"type":"Point","coordinates":[-107.2725,40.3513]},"properties":{"s":90.0,"pub":false}},{"type":"Feature","geometry":{"type":"Point","coordinates":[-107.2725,40.3571]},"properties":{"s":90.0,"pub":false}},{"type":"Feature","geometry":{"type":"Point","coordinates":[-107.2725,40.3629]},"properties":{"s":90.0,"pub":false}},{"type":"Feature","geometry":{"type":"Point","coordinates":[-107.2725,40.3687]},"properties":{"s":90.0,"pub":false}},{"type":"Feature","geometry":{"type":"Point","coordinates":[-107.2725,40.3745]},"properties":{"s":90.0,"pub":false}},{"type":"Feature","geometry":{"type":"Point","coordinates":[-107.2725,40.3803]},"properties":{"s":90.0,"pub":false}},{"type":"Feature","geometry":{"type":"Point","coordinates":[-107.2725,40.3861]},"properties":{"s":90.0,"pub":false}},{"type":"Feature","geometry":{"type":"Point","coordinates":[-107.2725,40.3919]},"properties":{"s":90.0,"pub":false}},{"type":"Feature","geometry":{"type":"Point","coordinates":[-107.2725,40.3977]},"properties":{"s":90.0,"pub":false}},{"type":"Feature","geometry":{"type":"Point","coordinates":[-107.2725,40.4035]},"properties":{"s":90.0,"pub":false}},{"type":"Feature","geometry":{"type":"Point","coordinates":[-107.2725,40.4093]},"properties":{"s":50.0,"pub":false}},{"type":"Feature","geometry":{"type":"Point","coordinates":[-107.265,40.2991]},"properties":{"s":63.3,"pub":false}},{"type":"Feature","geometry":{"type":"Point","coordinates":[-107.265,40.3049]},"properties":{"s":90.0,"pub":false}},{"type":"Feature","geometry":{"type":"Point","coordinates":[-107.265,40.3107]},"properties":{"s":90.0,"pub":false}},{"type":"Feature","geometry":{"type":"Point","coordinates":[-107.265,40.3165]},"properties":{"s":90.0,"pub":false}},{"type":"Feature","geometry":{"type":"Point","coordinates":[-107.265,40.3223]},"properties":{"s":90.0,"pub":false}},{"type":"Feature","geometry":{"type":"Point","coordinates":[-107.265,40.3281]},"properties":{"s":90.0,"pub":false}},{"type":"Feature","geometry":{"type":"Point","coordinates":[-107.265,40.3339]},"properties":{"s":90.0,"pub":false}},{"type":"Feature","geometry":{"type":"Point","coordinates":[-107.265,40.3397]},"properties":{"s":90.0,"pub":false}},{"type":"Feature","geometry":{"type":"Point","coordinates":[-107.265,40.3455]},"properties":{"s":90.0,"pub":false}},{"type":"Feature","geometry":{"type":"Point","coordinates":[-107.265,40.3513]},"properties":{"s":90.0,"pub":false}},{"type":"Feature","geometry":{"type":"Point","coordinates":[-107.265,40.3571]},"properties":{"s":90.0,"pub":false}},{"type":"Feature","geometry":{"type":"Point","coordinates":[-107.265,40.3629]},"properties":{"s":90.0,"pub":false}},{"type":"Feature","geometry":{"type":"Point","coordinates":[-107.265,40.3687]},"properties":{"s":90.0,"pub":false}},{"type":"Feature","geometry":{"type":"Point","coordinates":[-107.265,40.3745]},"properties":{"s":90.0,"pub":false}},{"type":"Feature","geometry":{"type":"Point","coordinates":[-107.265,40.3803]},"properties":{"s":90.0,"pub":false}},{"type":"Feature","geometry":{"type":"Point","coordinates":[-107.265,40.3861]},"properties":{"s":90.0,"pub":false}},{"type":"Feature","geometry":{"type":"Point","coordinates":[-107.265,40.3919]},"properties":{"s":90.0,"pub":false}},{"type":"Feature","geometry":{"type":"Point","coordinates":[-107.265,40.3977]},"properties":{"s":90.0,"pub":false}},{"type":"Feature","geometry":{"type":"Point","coordinates":[-107.265,40.4035]},"properties":{"s":90.0,"pub":false}},{"type":"Feature","geometry":{"type":"Point","coordinates":[-107.265,40.4093]},"properties":{"s":90.0,"pub":false}},{"type":"Feature","geometry":{"type":"Point","coordinates":[-107.265,40.4151]},"properties":{"s":90.0,"pub":false}},{"type":"Feature","geometry":{"type":"Point","coordinates":[-107.265,40.4209]},"properties":{"s":50.0,"pub":false}},{"type":"Feature","geometry":{"type":"Point","coordinates":[-107.2575,40.2991]},"properties":{"s":63.3,"pub":false}},{"type":"Feature","geometry":{"type":"Point","coordinates":[-107.2575,40.3049]},"properties":{"s":63.3,"pub":false}},{"type":"Feature","geometry":{"type":"Point","coordinates":[-107.2575,40.3107]},"properties":{"s":90.0,"pub":false}},{"type":"Feature","geometry":{"type":"Point","coordinates":[-107.2575,40.3165]},"properties":{"s":90.0,"pub":false}},{"type":"Feature","geometry":{"type":"Point","coordinates":[-107.2575,40.3223]},"properties":{"s":90.0,"pub":false}},{"type":"Feature","geometry":{"type":"Point","coordinates":[-107.2575,40.3281]},"properties":{"s":90.0,"pub":false}},{"type":"Feature","geometry":{"type":"Point","coordinates":[-107.2575,40.3339]},"properties":{"s":90.0,"pub":false}},{"type":"Feature","geometry":{"type":"Point","coordinates":[-107.2575,40.3397]},"properties":{"s":90.0,"pub":false}},{"type":"Feature","geometry":{"type":"Point","coordinates":[-107.2575,40.3455]},"properties":{"s":90.0,"pub":false}},{"type":"Feature","geometry":{"type":"Point","coordinates":[-107.2575,40.3513]},"properties":{"s":90.0,"pub":false}},{"type":"Feature","geometry":{"type":"Point","coordinates":[-107.2575,40.3571]},"properties":{"s":90.0,"pub":false}},{"type":"Feature","geometry":{"type":"Point","coordinates":[-107.2575,40.3629]},"properties":{"s":90.0,"pub":false}},{"type":"Feature","geometry":{"type":"Point","coordinates":[-107.2575,40.3687]},"properties":{"s":90.0,"pub":false}},{"type":"Feature","geometry":{"type":"Point","coordinates":[-107.2575,40.3745]},"properties":{"s":90.0,"pub":false}},{"type":"Feature","geometry":{"type":"Point","coordinates":[-107.2575,40.3803]},"properties":{"s":90.0,"pub":false}},{"type":"Feature","geometry":{"type":"Point","coordinates":[-107.2575,40.3861]},"properties":{"s":90.0,"pub":false}},{"type":"Feature","geometry":{"type":"Point","coordinates":[-107.2575,40.3919]},"properties":{"s":90.0,"pub":false}},{"type":"Feature","geometry":{"type":"Point","coordinates":[-107.2575,40.3977]},"properties":{"s":90.0,"pub":false}},{"type":"Feature","geometry":{"type":"Point","coordinates":[-107.2575,40.4035]},"properties":{"s":90.0,"pub":false}},{"type":"Feature","geometry":{"type":"Point","coordinates":[-107.2575,40.4093]},"properties":{"s":90.0,"pub":false}},{"type":"Feature","geometry":{"type":"Point","coordinates":[-107.2575,40.4151]},"properties":{"s":90.0,"pub":false}},{"type":"Feature","geometry":{"type":"Point","coordinates":[-107.2575,40.4209]},"properties":{"s":90.0,"pub":false}},{"type":"Feature","geometry":{"type":"Point","coordinates":[-107.2575,40.4267]},"properties":{"s":50.0,"pub":false}},{"type":"Feature","geometry":{"type":"Point","coordinates":[-107.2575,40.4325]},"properties":{"s":50.0,"pub":false}},{"type":"Feature","geometry":{"type":"Point","coordinates":[-107.25,40.3049]},"properties":{"s":63.3,"pub":false}},{"type":"Feature","geometry":{"type":"Point","coordinates":[-107.25,40.3107]},"properties":{"s":90.0,"pub":false}},{"type":"Feature","geometry":{"type":"Point","coordinates":[-107.25,40.3165]},"properties":{"s":90.0,"pub":false}},{"type":"Feature","geometry":{"type":"Point","coordinates":[-107.25,40.3223]},"properties":{"s":90.0,"pub":false}},{"type":"Feature","geometry":{"type":"Point","coordinates":[-107.25,40.3281]},"properties":{"s":90.0,"pub":false}},{"type":"Feature","geometry":{"type":"Point","coordinates":[-107.25,40.3339]},"properties":{"s":90.0,"pub":false}},{"type":"Feature","geometry":{"type":"Point","coordinates":[-107.25,40.3397]},"properties":{"s":90.0,"pub":false}},{"type":"Feature","geometry":{"type":"Point","coordinates":[-107.25,40.3455]},"properties":{"s":90.0,"pub":false}},{"type":"Feature","geometry":{"type":"Point","coordinates":[-107.25,40.3513]},"properties":{"s":90.0,"pub":false}},{"type":"Feature","geometry":{"type":"Point","coordinates":[-107.25,40.3571]},"properties":{"s":90.0,"pub":false}},{"type":"Feature","geometry":{"type":"Point","coordinates":[-107.25,40.3629]},"properties":{"s":90.0,"pub":false}},{"type":"Feature","geometry":{"type":"Point","coordinates":[-107.25,40.3687]},"properties":{"s":90.0,"pub":false}},{"type":"Feature","geometry":{"type":"Point","coordinates":[-107.25,40.3745]},"properties":{"s":90.0,"pub":false}},{"type":"Feature","geometry":{"type":"Point","coordinates":[-107.25,40.3803]},"properties":{"s":90.0,"pub":false}},{"type":"Feature","geometry":{"type":"Point","coordinates":[-107.25,40.3861]},"properties":{"s":90.0,"pub":false}},{"type":"Feature","geometry":{"type":"Point","coordinates":[-107.25,40.3919]},"properties":{"s":90.0,"pub":false}},{"type":"Feature","geometry":{"type":"Point","coordinates":[-107.25,40.3977]},"properties":{"s":90.0,"pub":false}},{"type":"Feature","geometry":{"type":"Point","coordinates":[-107.25,40.4035]},"properties":{"s":90.0,"pub":false}},{"type":"Feature","geometry":{"type":"Point","coordinates":[-107.25,40.4093]},"properties":{"s":90.0,"pub":false}},{"type":"Feature","geometry":{"type":"Point","coordinates":[-107.25,40.4151]},"properties":{"s":90.0,"pub":false}},{"type":"Feature","geometry":{"type":"Point","coordinates":[-107.25,40.4209]},"properties":{"s":90.0,"pub":false}},{"type":"Feature","geometry":{"type":"Point","coordinates":[-107.25,40.4267]},"properties":{"s":90.0,"pub":false}},{"type":"Feature","geometry":{"type":"Point","coordinates":[-107.25,40.4325]},"properties":{"s":50.0,"pub":false}},{"type":"Feature","geometry":{"type":"Point","coordinates":[-107.25,40.4383]},"properties":{"s":50.0,"pub":false}},{"type":"Feature","geometry":{"type":"Point","coordinates":[-107.2425,40.3049]},"properties":{"s":63.3,"pub":false}},{"type":"Feature","geometry":{"type":"Point","coordinates":[-107.2425,40.3107]},"properties":{"s":90.0,"pub":false}},{"type":"Feature","geometry":{"type":"Point","coordinates":[-107.2425,40.3165]},"properties":{"s":90.0,"pub":false}},{"type":"Feature","geometry":{"type":"Point","coordinates":[-107.2425,40.3223]},"properties":{"s":90.0,"pub":false}},{"type":"Feature","geometry":{"type":"Point","coordinates":[-107.2425,40.3281]},"properties":{"s":90.0,"pub":false}},{"type":"Feature","geometry":{"type":"Point","coordinates":[-107.2425,40.3339]},"properties":{"s":90.0,"pub":false}},{"type":"Feature","geometry":{"type":"Point","coordinates":[-107.2425,40.3397]},"properties":{"s":90.0,"pub":false}},{"type":"Feature","geometry":{"type":"Point","coordinates":[-107.2425,40.3455]},"properties":{"s":90.0,"pub":false}},{"type":"Feature","geometry":{"type":"Point","coordinates":[-107.2425,40.3513]},"properties":{"s":90.0,"pub":false}},{"type":"Feature","geometry":{"type":"Point","coordinates":[-107.2425,40.3571]},"properties":{"s":90.0,"pub":false}},{"type":"Feature","geometry":{"type":"Point","coordinates":[-107.2425,40.3629]},"properties":{"s":90.0,"pub":false}},{"type":"Feature","geometry":{"type":"Point","coordinates":[-107.2425,40.3687]},"properties":{"s":90.0,"pub":false}},{"type":"Feature","geometry":{"type":"Point","coordinates":[-107.2425,40.3745]},"properties":{"s":90.0,"pub":false}},{"type":"Feature","geometry":{"type":"Point","coordinates":[-107.2425,40.3803]},"properties":{"s":90.0,"pub":false}},{"type":"Feature","geometry":{"type":"Point","coordinates":[-107.2425,40.3861]},"properties":{"s":90.0,"pub":false}},{"type":"Feature","geometry":{"type":"Point","coordinates":[-107.2425,40.3919]},"properties":{"s":90.0,"pub":false}},{"type":"Feature","geometry":{"type":"Point","coordinates":[-107.2425,40.3977]},"properties":{"s":90.0,"pub":false}},{"type":"Feature","geometry":{"type":"Point","coordinates":[-107.2425,40.4035]},"properties":{"s":90.0,"pub":false}},{"type":"Feature","geometry":{"type":"Point","coordinates":[-107.2425,40.4093]},"properties":{"s":90.0,"pub":false}},{"type":"Feature","geometry":{"type":"Point","coordinates":[-107.2425,40.4151]},"properties":{"s":90.0,"pub":false}},{"type":"Feature","geometry":{"type":"Point","coordinates":[-107.2425,40.4209]},"properties":{"s":90.0,"pub":false}},{"type":"Feature","geometry":{"type":"Point","coordinates":[-107.2425,40.4267]},"properties":{"s":90.0,"pub":false}},{"type":"Feature","geometry":{"type":"Point","coordinates":[-107.2425,40.4325]},"properties":{"s":90.0,"pub":false}},{"type":"Feature","geometry":{"type":"Point","coordinates":[-107.2425,40.4383]},"properties":{"s":50.0,"pub":false}},{"type":"Feature","geometry":{"type":"Point","coordinates":[-107.2425,40.4441]},"properties":{"s":50.0,"pub":false}},{"type":"Feature","geometry":{"type":"Point","coordinates":[-107.235,40.3049]},"properties":{"s":63.3,"pub":false}},{"type":"Feature","geometry":{"type":"Point","coordinates":[-107.235,40.3107]},"properties":{"s":63.3,"pub":false}},{"type":"Feature","geometry":{"type":"Point","coordinates":[-107.235,40.3165]},"properties":{"s":90.0,"pub":false}},{"type":"Feature","geometry":{"type":"Point","coordinates":[-107.235,40.3223]},"properties":{"s":90.0,"pub":false}},{"type":"Feature","geometry":{"type":"Point","coordinates":[-107.235,40.3281]},"properties":{"s":90.0,"pub":false}},{"type":"Feature","geometry":{"type":"Point","coordinates":[-107.235,40.3339]},"properties":{"s":90.0,"pub":false}},{"type":"Feature","geometry":{"type":"Point","coordinates":[-107.235,40.3397]},"properties":{"s":90.0,"pub":false}},{"type":"Feature","geometry":{"type":"Point","coordinates":[-107.235,40.3455]},"properties":{"s":90.0,"pub":false}},{"type":"Feature","geometry":{"type":"Point","coordinates":[-107.235,40.3513]},"properties":{"s":90.0,"pub":false}},{"type":"Feature","geometry":{"type":"Point","coordinates":[-107.235,40.3571]},"properties":{"s":90.0,"pub":false}},{"type":"Feature","geometry":{"type":"Point","coordinates":[-107.235,40.3629]},"properties":{"s":90.0,"pub":false}},{"type":"Feature","geometry":{"type":"Point","coordinates":[-107.235,40.3687]},"properties":{"s":90.0,"pub":false}},{"type":"Feature","geometry":{"type":"Point","coordinates":[-107.235,40.3745]},"properties":{"s":90.0,"pub":false}},{"type":"Feature","geometry":{"type":"Point","coordinates":[-107.235,40.3803]},"properties":{"s":90.0,"pub":false}},{"type":"Feature","geometry":{"type":"Point","coordinates":[-107.235,40.3861]},"properties":{"s":90.0,"pub":false}},{"type":"Feature","geometry":{"type":"Point","coordinates":[-107.235,40.3919]},"properties":{"s":90.0,"pub":true}},{"type":"Feature","geometry":{"type":"Point","coordinates":[-107.235,40.3977]},"properties":{"s":90.0,"pub":true}},{"type":"Feature","geometry":{"type":"Point","coordinates":[-107.235,40.4035]},"properties":{"s":90.0,"pub":true}},{"type":"Feature","geometry":{"type":"Point","coordinates":[-107.235,40.4093]},"properties":{"s":90.0,"pub":false}},{"type":"Feature","geometry":{"type":"Point","coordinates":[-107.235,40.4151]},"properties":{"s":90.0,"pub":false}},{"type":"Feature","geometry":{"type":"Point","coordinates":[-107.235,40.4209]},"properties":{"s":90.0,"pub":false}},{"type":"Feature","geometry":{"type":"Point","coordinates":[-107.235,40.4267]},"properties":{"s":90.0,"pub":false}},{"type":"Feature","geometry":{"type":"Point","coordinates":[-107.235,40.4325]},"properties":{"s":90.0,"pub":false}},{"type":"Feature","geometry":{"type":"Point","coordinates":[-107.235,40.4383]},"properties":{"s":50.0,"pub":false}},{"type":"Feature","geometry":{"type":"Point","coordinates":[-107.2275,40.2991]},"properties":{"s":63.3,"pub":false}},{"type":"Feature","geometry":{"type":"Point","coordinates":[-107.2275,40.3049]},"properties":{"s":63.3,"pub":false}},{"type":"Feature","geometry":{"type":"Point","coordinates":[-107.2275,40.3107]},"properties":{"s":63.3,"pub":false}},{"type":"Feature","geometry":{"type":"Point","coordinates":[-107.2275,40.3165]},"properties":{"s":90.0,"pub":false}},{"type":"Feature","geometry":{"type":"Point","coordinates":[-107.2275,40.3223]},"properties":{"s":90.0,"pub":false}},{"type":"Feature","geometry":{"type":"Point","coordinates":[-107.2275,40.3281]},"properties":{"s":90.0,"pub":false}},{"type":"Feature","geometry":{"type":"Point","coordinates":[-107.2275,40.3339]},"properties":{"s":90.0,"pub":false}},{"type":"Feature","geometry":{"type":"Point","coordinates":[-107.2275,40.3397]},"properties":{"s":90.0,"pub":false}},{"type":"Feature","geometry":{"type":"Point","coordinates":[-107.2275,40.3455]},"properties":{"s":90.0,"pub":false}},{"type":"Feature","geometry":{"type":"Point","coordinates":[-107.2275,40.3513]},"properties":{"s":90.0,"pub":false}},{"type":"Feature","geometry":{"type":"Point","coordinates":[-107.2275,40.3571]},"properties":{"s":90.0,"pub":false}},{"type":"Feature","geometry":{"type":"Point","coordinates":[-107.2275,40.3629]},"properties":{"s":90.0,"pub":false}},{"type":"Feature","geometry":{"type":"Point","coordinates":[-107.2275,40.3687]},"properties":{"s":90.0,"pub":false}},{"type":"Feature","geometry":{"type":"Point","coordinates":[-107.2275,40.3745]},"properties":{"s":90.0,"pub":false}},{"type":"Feature","geometry":{"type":"Point","coordinates":[-107.2275,40.3803]},"properties":{"s":90.0,"pub":false}},{"type":"Feature","geometry":{"type":"Point","coordinates":[-107.2275,40.3861]},"properties":{"s":90.0,"pub":false}},{"type":"Feature","geometry":{"type":"Point","coordinates":[-107.2275,40.3919]},"properties":{"s":90.0,"pub":true}},{"type":"Feature","geometry":{"type":"Point","coordinates":[-107.2275,40.3977]},"properties":{"s":90.0,"pub":true}},{"type":"Feature","geometry":{"type":"Point","coordinates":[-107.2275,40.4035]},"properties":{"s":90.0,"pub":true}},{"type":"Feature","geometry":{"type":"Point","coordinates":[-107.2275,40.4093]},"properties":{"s":90.0,"pub":true}},{"type":"Feature","geometry":{"type":"Point","coordinates":[-107.2275,40.4151]},"properties":{"s":90.0,"pub":true}},{"type":"Feature","geometry":{"type":"Point","coordinates":[-107.2275,40.4209]},"properties":{"s":90.0,"pub":false}},{"type":"Feature","geometry":{"type":"Point","coordinates":[-107.2275,40.4267]},"properties":{"s":90.0,"pub":false}},{"type":"Feature","geometry":{"type":"Point","coordinates":[-107.2275,40.4325]},"properties":{"s":90.0,"pub":false}},{"type":"Feature","geometry":{"type":"Point","coordinates":[-107.2275,40.4383]},"properties":{"s":50.0,"pub":false}},{"type":"Feature","geometry":{"type":"Point","coordinates":[-107.22,40.2991]},"properties":{"s":63.3,"pub":false}},{"type":"Feature","geometry":{"type":"Point","coordinates":[-107.22,40.3049]},"properties":{"s":63.3,"pub":false}},{"type":"Feature","geometry":{"type":"Point","coordinates":[-107.22,40.3107]},"properties":{"s":63.3,"pub":false}},{"type":"Feature","geometry":{"type":"Point","coordinates":[-107.22,40.3165]},"properties":{"s":63.3,"pub":false}},{"type":"Feature","geometry":{"type":"Point","coordinates":[-107.22,40.3223]},"properties":{"s":90.0,"pub":false}},{"type":"Feature","geometry":{"type":"Point","coordinates":[-107.22,40.3281]},"properties":{"s":90.0,"pub":false}},{"type":"Feature","geometry":{"type":"Point","coordinates":[-107.22,40.3339]},"properties":{"s":90.0,"pub":false}},{"type":"Feature","geometry":{"type":"Point","coordinates":[-107.22,40.3397]},"properties":{"s":90.0,"pub":false}},{"type":"Feature","geometry":{"type":"Point","coordinates":[-107.22,40.3455]},"properties":{"s":90.0,"pub":false}},{"type":"Feature","geometry":{"type":"Point","coordinates":[-107.22,40.3513]},"properties":{"s":90.0,"pub":false}},{"type":"Feature","geometry":{"type":"Point","coordinates":[-107.22,40.3571]},"properties":{"s":90.0,"pub":false}},{"type":"Feature","geometry":{"type":"Point","coordinates":[-107.22,40.3629]},"properties":{"s":90.0,"pub":false}},{"type":"Feature","geometry":{"type":"Point","coordinates":[-107.22,40.3687]},"properties":{"s":90.0,"pub":false}},{"type":"Feature","geometry":{"type":"Point","coordinates":[-107.22,40.3745]},"properties":{"s":90.0,"pub":false}},{"type":"Feature","geometry":{"type":"Point","coordinates":[-107.22,40.3803]},"properties":{"s":90.0,"pub":false}},{"type":"Feature","geometry":{"type":"Point","coordinates":[-107.22,40.3861]},"properties":{"s":90.0,"pub":false}},{"type":"Feature","geometry":{"type":"Point","coordinates":[-107.22,40.3919]},"properties":{"s":90.0,"pub":true}},{"type":"Feature","geometry":{"type":"Point","coordinates":[-107.22,40.3977]},"properties":{"s":90.0,"pub":true}},{"type":"Feature","geometry":{"type":"Point","coordinates":[-107.22,40.4035]},"properties":{"s":90.0,"pub":true}},{"type":"Feature","geometry":{"type":"Point","coordinates":[-107.22,40.4093]},"properties":{"s":90.0,"pub":true}},{"type":"Feature","geometry":{"type":"Point","coordinates":[-107.22,40.4151]},"properties":{"s":90.0,"pub":true}},{"type":"Feature","geometry":{"type":"Point","coordinates":[-107.22,40.4209]},"properties":{"s":90.0,"pub":true}}]}