{"type":"FeatureCollection","features":[{"type":"Feature","geometry":{"type":"Point","coordinates":[-104.7309,37.6408]},"properties":{"s":100.0,"pub":false}},{"type":"Feature","geometry":{"type":"Point","coordinates":[-104.7309,37.6466]},"properties":{"s":100.0,"pub":false}},{"type":"Feature","geometry":{"type":"Point","coordinates":[-104.7234,37.6408]},"properties":{"s":100.0,"pub":false}},{"type":"Feature","geometry":{"type":"Point","coordinates":[-104.7234,37.6466]},"properties":{"s":100.0,"pub":false}},{"type":"Feature","geometry":{"type":"Point","coordinates":[-104.7234,37.6524]},"properties":{"s":100.0,"pub":false}},{"type":"Feature","geometry":{"type":"Point","coordinates":[-104.7159,37.6466]},"properties":{"s":100.0,"pub":false}},{"type":"Feature","geometry":{"type":"Point","coordinates":[-104.7159,37.6524]},"properties":{"s":100.0,"pub":false}},{"type":"Feature","geometry":{"type":"Point","coordinates":[-104.7084,37.6466]},"properties":{"s":100.0,"pub":false}},{"type":"Feature","geometry":{"type":"Point","coordinates":[-104.7084,37.6524]},"properties":{"s":100.0,"pub":false}},{"type":"Feature","geometry":{"type":"Point","coordinates":[-104.7084,37.6582]},"properties":{"s":100.0,"pub":false}},{"type":"Feature","geometry":{"type":"Point","coordinates":[-104.7009,37.6524]},"properties":{"s":100.0,"pub":false}},{"type":"Feature","geometry":{"type":"Point","coordinates":[-104.7009,37.6582]},"properties":{"s":100.0,"pub":false}},{"type":"Feature","geometry":{"type":"Point","coordinates":[-104.6934,37.6524]},"properties":{"s":100.0,"pub":false}},{"type":"Feature","geometry":{"type":"Point","coordinates":[-104.6934,37.6582]},"properties":{"s":100.0,"pub":false}},{"type":"Feature","geometry":{"type":"Point","coordinates":[-104.6934,37.664]},"properties":{"s":100.0,"pub":false}},{"type":"Feature","geometry":{"type":"Point","coordinates":[-104.6859,37.6582]},"properties":{"s":100.0,"pub":false}},{"type":"Feature","geometry":{"type":"Point","coordinates":[-104.6859,37.664]},"properties":{"s":100.0,"pub":false}},{"type":"Feature","geometry":{"type":"Point","coordinates":[-104.6784,37.6582]},"properties":{"s":100.0,"pub":false}},{"type":"Feature","geometry":{"type":"Point","coordinates":[-104.6784,37.664]},"properties":{"s":100.0,"pub":false}},{"type":"Feature","geometry":{"type":"Point","coordinates":[-104.6709,37.664]},"properties":{"s":100.0,"pub":false}},{"type":"Feature","geometry":{"type":"Point","coordinates":[-104.6634,37.664]},"properties":{"s":100.0,"pub":false}},{"type":"Feature","geometry":{"type":"Point","coordinates":[-104.6634,37.6698]},"properties":{"s":100.0,"pub":false}},{"type":"Feature","geometry":{"type":"Point","coordinates":[-104.6559,37.664]},"properties":{"s":100.0,"pub":false}},{"type":"Feature","geometry":{"type":"Point","coordinates":[-104.6559,37.6698]},"properties":{"s":100.0,"pub":false}},{"type":"Feature","geometry":{"type":"Point","coordinates":[-104.6559,37.6756]},"properties":{"s":100.0,"pub":false}},{"type":"Feature","geometry":{"type":"Point","coordinates":[-104.6484,37.664]},"properties":{"s":100.0,"pub":false}},{"type":"Feature","geometry":{"type":"Point","coordinates":[-104.6484,37.6698]},"properties":{"s":100.0,"pub":false}},{"type":"Feature","geometry":{"type":"Point","coordinates":[-104.6484,37.6756]},"properties":{"s":100.0,"pub":false}},{"type":"Feature","geometry":{"type":"Point","coordinates":[-104.6484,37.6814]},"properties":{"s":100.0,"pub":false}},{"type":"Feature","geometry":{"type":"Point","coordinates":[-104.6409,37.6698]},"properties":{"s":100.0,"pub":false}},{"type":"Feature","geometry":{"type":"Point","coordinates":[-104.6409,37.6756]},"properties":{"s":100.0,"pub":false}},{"type":"Feature","geometry":{"type":"Point","coordinates":[-104.6409,37.6814]},"properties":{"s":100.0,"pub":false}},{"type":"Feature","geometry":{"type":"Point","coordinates":[-104.6334,37.664]},"properties":{"s":100.0,"pub":false}},{"type":"Feature","geometry":{"type":"Point","coordinates":[-104.6334,37.6698]},"properties":{"s":100.0,"pub":false}},{"type":"Feature","geometry":{"type":"Point","coordinates":[-104.6334,37.6756]},"properties":{"s":100.0,"pub":false}},{"type":"Feature","geometry":{"type":"Point","coordinates":[-104.6334,37.6814]},"properties":{"s":100.0,"pub":false}},{"type":"Feature","geometry":{"type":"Point","coordinates":[-104.6334,37.6872]},"properties":{"s":100.0,"pub":false}},{"type":"Feature","geometry":{"type":"Point","coordinates":[-104.6259,37.6524]},"properties":{"s":100.0,"pub":true}},{"type":"Feature","geometry":{"type":"Point","coordinates":[-104.6259,37.6582]},"properties":{"s":100.0,"pub":true}},{"type":"Feature","geometry":{"type":"Point","coordinates":[-104.6259,37.664]},"properties":{"s":100.0,"pub":false}},{"type":"Feature","geometry":{"type":"Point","coordinates":[-104.6259,37.6698]},"properties":{"s":100.0,"pub":false}},{"type":"Feature","geometry":{"type":"Point","coordinates":[-104.6259,37.6756]},"properties":{"s":100.0,"pub":false}},{"type":"Feature","geometry":{"type":"Point","coordinates":[-104.6259,37.6814]},"properties":{"s":100.0,"pub":false}},{"type":"Feature","geometry":{"type":"Point","coordinates":[-104.6259,37.6872]},"properties":{"s":100.0,"pub":false}},{"type":"Feature","geometry":{"type":"Point","coordinates":[-104.6259,37.693]},"properties":{"s":100.0,"pub":false}},{"type":"Feature","geometry":{"type":"Point","coordinates":[-104.6184,37.6234]},"properties":{"s":100.0,"pub":false}},{"type":"Feature","geometry":{"type":"Point","coordinates":[-104.6184,37.6292]},"properties":{"s":100.0,"pub":false}},{"type":"Feature","geometry":{"type":"Point","coordinates":[-104.6184,37.635]},"properties":{"s":100.0,"pub":false}},{"type":"Feature","geometry":{"type":"Point","coordinates":[-104.6184,37.6408]},"properties":{"s":100.0,"pub":false}},{"type":"Feature","geometry":{"type":"Point","coordinates":[-104.6184,37.6466]},"properties":{"s":100.0,"pub":true}},{"type":"Feature","geometry":{"type":"Point","coordinates":[-104.6184,37.6524]},"properties":{"s":100.0,"pub":true}},{"type":"Feature","geometry":{"type":"Point","coordinates":[-104.6184,37.6582]},"properties":{"s":100.0,"pub":true}},{"type":"Feature","geometry":{"type":"Point","coordinates":[-104.6184,37.664]},"properties":{"s":100.0,"pub":false}},{"type":"Feature","geometry":{"type":"Point","coordinates":[-104.6184,37.6698]},"properties":{"s":100.0,"pub":false}},{"type":"Feature","geometry":{"type":"Point","coordinates":[-104.6184,37.6756]},"properties":{"s":100.0,"pub":false}},{"type":"Feature","geometry":{"type":"Point","coordinates":[-104.6184,37.6814]},"properties":{"s":100.0,"pub":false}},{"type":"Feature","geometry":{"type":"Point","coordinates":[-104.6184,37.6872]},"properties":{"s":100.0,"pub":false}},{"type":"Feature","geometry":{"type":"Point","coordinates":[-104.6184,37.693]},"properties":{"s":100.0,"pub":false}},{"type":"Feature","geometry":{"type":"Point","coordinates":[-104.6109,37.6002]},"properties":{"s":100.0,"pub":false}},{"type":"Feature","geometry":{"type":"Point","coordinates":[-104.6109,37.606]},"properties":{"s":100.0,"pub":false}},{"type":"Feature","geometry":{"type":"Point","coordinates":[-104.6109,37.6118]},"properties":{"s":100.0,"pub":false}},{"type":"Feature","geometry":{"type":"Point","coordinates":[-104.6109,37.6176]},"properties":{"s":100.0,"pub":false}},{"type":"Feature","geometry":{"type":"Point","coordinates":[-104.6109,37.6234]},"properties":{"s":100.0,"pub":false}},{"type":"Feature","geometry":{"type":"Point","coordinates":[-104.6109,37.6292]},"properties":{"s":100.0,"pub":false}},{"type":"Feature","geometry":{"type":"Point","coordinates":[-104.6109,37.635]},"properties":{"s":100.0,"pub":false}},{"type":"Feature","geometry":{"type":"Point","coordinates":[-104.6109,37.6408]},"properties":{"s":100.0,"pub":false}},{"type":"Feature","geometry":{"type":"Point","coordinates":[-104.6109,37.6466]},"properties":{"s":100.0,"pub":true}},{"type":"Feature","geometry":{"type":"Point","coordinates":[-104.6109,37.6524]},"properties":{"s":100.0,"pub":true}},{"type":"Feature","geometry":{"type":"Point","coordinates":[-104.6109,37.6582]},"properties":{"s":100.0,"pub":true}},{"type":"Feature","geometry":{"type":"Point","coordinates":[-104.6109,37.664]},"properties":{"s":100.0,"pub":false}},{"type":"Feature","geometry":{"type":"Point","coordinates":[-104.6109,37.6698]},"properties":{"s":100.0,"pub":false}},{"type":"Feature","geometry":{"type":"Point","coordinates":[-104.6109,37.6756]},"properties":{"s":100.0,"pub":false}},{"type":"Feature","geometry":{"type":"Point","coordinates":[-104.6109,37.6814]},"properties":{"s":100.0,"pub":false}},{"type":"Feature","geometry":{"type":"Point","coordinates":[-104.6109,37.6872]},"properties":{"s":100.0,"pub":false}},{"type":"Feature","geometry":{"type":"Point","coordinates":[-104.6109,37.693]},"properties":{"s":100.0,"pub":false}},{"type":"Feature","geometry":{"type":"Point","coordinates":[-104.6109,37.6988]},"properties":{"s":100.0,"pub":false}},{"type":"Feature","geometry":{"type":"Point","coordinates":[-104.6034,37.5886]},"properties":{"s":100.0,"pub":false}},{"type":"Feature","geometry":{"type":"Point","coordinates":[-104.6034,37.5944]},"properties":{"s":100.0,"pub":false}},{"type":"Feature","geometry":{"type":"Point","coordinates":[-104.6034,37.6002]},"properties":{"s":100.0,"pub":false}},{"type":"Feature","geometry":{"type":"Point","coordinates":[-104.6034,37.606]},"properties":{"s":100.0,"pub":false}},{"type":"Feature","geometry":{"type":"Point","coordinates":[-104.6034,37.6118]},"properties":{"s":100.0,"pub":false}},{"type":"Feature","geometry":{"type":"Point","coordinates":[-104.6034,37.6176]},"properties":{"s":100.0,"pub":false}},{"type":"Feature","geometry":{"type":"Point","coordinates":[-104.6034,37.6234]},"properties":{"s":100.0,"pub":false}},{"type":"Feature","geometry":{"type":"Point","coordinates":[-104.6034,37.6292]},"properties":{"s":100.0,"pub":false}},{"type":"Feature","geometry":{"type":"Point","coordinates":[-104.6034,37.635]},"properties":{"s":100.0,"pub":false}},{"type":"Feature","geometry":{"type":"Point","coordinates":[-104.6034,37.6408]},"properties":{"s":100.0,"pub":false}},{"type":"Feature","geometry":{"type":"Point","coordinates":[-104.6034,37.6466]},"properties":{"s":100.0,"pub":false}},{"type":"Feature","geometry":{"type":"Point","coordinates":[-104.6034,37.6524]},"properties":{"s":100.0,"pub":false}},{"type":"Feature","geometry":{"type":"Point","coordinates":[-104.6034,37.6582]},"properties":{"s":100.0,"pub":false}},{"type":"Feature","geometry":{"type":"Point","coordinates":[-104.6034,37.664]},"properties":{"s":100.0,"pub":false}},{"type":"Feature","geometry":{"type":"Point","coordinates":[-104.6034,37.6698]},"properties":{"s":100.0,"pub":false}},{"type":"Feature","geometry":{"type":"Point","coordinates":[-104.6034,37.6756]},"properties":{"s":100.0,"pub":false}},{"type":"Feature","geometry":{"type":"Point","coordinates":[-104.6034,37.6814]},"properties":{"s":100.0,"pub":false}},{"type":"Feature","geometry":{"type":"Point","coordinates":[-104.6034,37.6872]},"properties":{"s":100.0,"pub":false}},{"type":"Feature","geometry":{"type":"Point","coordinates":[-104.6034,37.693]},"properties":{"s":100.0,"pub":false}},{"type":"Feature","geometry":{"type":"Point","coordinates":[-104.6034,37.6988]},"properties":{"s":100.0,"pub":false}},{"type":"Feature","geometry":{"type":"Point","coordinates":[-104.5959,37.577]},"properties":{"s":100.0,"pub":true}},{"type":"Feature","geometry":{"type":"Point","coordinates":[-104.5959,37.5828]},"properties":{"s":100.0,"pub":true}},{"type":"Feature","geometry":{"type":"Point","coordinates":[-104.5959,37.5886]},"properties":{"s":100.0,"pub":false}},{"type":"Feature","geometry":{"type":"Point","coordinates":[-104.5959,37.5944]},"properties":{"s":100.0,"pub":false}},{"type":"Feature","geometry":{"type":"Point","coordinates":[-104.5959,37.6002]},"properties":{"s":100.0,"pub":false}},{"type":"Feature","geometry":{"type":"Point","coordinates":[-104.5959,37.606]},"properties":{"s":100.0,"pub":false}},{"type":"Feature","geometry":{"type":"Point","coordinates":[-104.5959,37.6118]},"properties":{"s":100.0,"pub":false}},{"type":"Feature","geometry":{"type":"Point","coordinates":[-104.5959,37.6176]},"properties":{"s":100.0,"pub":false}},{"type":"Feature","geometry":{"type":"Point","coordinates":[-104.5959,37.6234]},"properties":{"s":100.0,"pub":false}},{"type":"Feature","geometry":{"type":"Point","coordinates":[-104.5959,37.6292]},"properties":{"s":100.0,"pub":false}},{"type":"Feature","geometry":{"type":"Point","coordinates":[-104.5959,37.635]},"properties":{"s":100.0,"pub":false}},{"type":"Feature","geometry":{"type":"Point","coordinates":[-104.5959,37.6408]},"properties":{"s":100.0,"pub":false}},{"type":"Feature","geometry":{"type":"Point","coordinates":[-104.5959,37.6466]},"properties":{"s":100.0,"pub":false}},{"type":"Feature","geometry":{"type":"Point","coordinates":[-104.5959,37.6524]},"properties":{"s":100.0,"pub":false}},{"type":"Feature","geometry":{"type":"Point","coordinates":[-104.5959,37.6582]},"properties":{"s":100.0,"pub":false}},{"type":"Feature","geometry":{"type":"Point","coordinates":[-104.5959,37.664]},"properties":{"s":100.0,"pub":false}},{"type":"Feature","geometry":{"type":"Point","coordinates":[-104.5959,37.6698]},"properties":{"s":100.0,"pub":false}},{"type":"Feature","geometry":{"type":"Point","coordinates":[-104.5959,37.6756]},"properties":{"s":100.0,"pub":false}},{"type":"Feature","geometry":{"type":"Point","coordinates":[-104.5959,37.6814]},"properties":{"s":100.0,"pub":false}},{"type":"Feature","geometry":{"type":"Point","coordinates":[-104.5959,37.6872]},"properties":{"s":100.0,"pub":false}},{"type":"Feature","geometry":{"type":"Point","coordinates":[-104.5959,37.693]},"properties":{"s":100.0,"pub":false}},{"type":"Feature","geometry":{"type":"Point","coordinates":[-104.5959,37.6988]},"properties":{"s":100.0,"pub":false}},{"type":"Feature","geometry":{"type":"Point","coordinates":[-104.5884,37.577]},"properties":{"s":100.0,"pub":false}},{"type":"Feature","geometry":{"type":"Point","coordinates":[-104.5884,37.5828]},"properties":{"s":100.0,"pub":false}},{"type":"Feature","geometry":{"type":"Point","coordinates":[-104.5884,37.5886]},"properties":{"s":100.0,"pub":false}},{"type":"Feature","geometry":{"type":"Point","coordinates":[-104.5884,37.5944]},"properties":{"s":100.0,"pub":false}},{"type":"Feature","geometry":{"type":"Point","coordinates":[-104.5884,37.6002]},"properties":{"s":100.0,"pub":false}},{"type":"Feature","geometry":{"type":"Point","coordinates":[-104.5884,37.606]},"properties":{"s":100.0,"pub":false}},{"type":"Feature","geometry":{"type":"Point","coordinates":[-104.5884,37.6118]},"properties":{"s":100.0,"pub":false}},{"type":"Feature","geometry":{"type":"Point","coordinates":[-104.5884,37.6176]},"properties":{"s":100.0,"pub":false}},{"type":"Feature","geometry":{"type":"Point","coordinates":[-104.5884,37.6234]},"properties":{"s":100.0,"pub":false}},{"type":"Feature","geometry":{"type":"Point","coordinates":[-104.5884,37.6292]},"properties":{"s":100.0,"pub":false}},{"type":"Feature","geometry":{"type":"Point","coordinates":[-104.5884,37.635]},"properties":{"s":100.0,"pub":false}},{"type":"Feature","geometry":{"type":"Point","coordinates":[-104.5884,37.6408]},"properties":{"s":100.0,"pub":false}},{"type":"Feature","geometry":{"type":"Point","coordinates":[-104.5884,37.6466]},"properties":{"s":100.0,"pub":false}},{"type":"Feature","geometry":{"type":"Point","coordinates":[-104.5884,37.6524]},"properties":{"s":100.0,"pub":false}},{"type":"Feature","geometry":{"type":"Point","coordinates":[-104.5884,37.6582]},"properties":{"s":100.0,"pub":false}},{"type":"Feature","geometry":{"type":"Point","coordinates":[-104.5884,37.664]},"properties":{"s":100.0,"pub":false}},{"type":"Feature","geometry":{"type":"Point","coordinates":[-104.5884,37.6698]},"properties":{"s":100.0,"pub":false}},{"type":"Feature","geometry":{"type":"Point","coordinates":[-104.5884,37.6756]},"properties":{"s":100.0,"pub":false}},{"type":"Feature","geometry":{"type":"Point","coordinates":[-104.5884,37.6814]},"properties":{"s":100.0,"pub":false}},{"type":"Feature","geometry":{"type":"Point","coordinates":[-104.5884,37.6872]},"properties":{"s":100.0,"pub":false}},{"type":"Feature","geometry":{"type":"Point","coordinates":[-104.5884,37.693]},"properties":{"s":100.0,"pub":false}},{"type":"Feature","geometry":{"type":"Point","coordinates":[-104.5884,37.6988]},"properties":{"s":100.0,"pub":false}},{"type":"Feature","geometry":{"type":"Point","coordinates":[-104.5884,37.7046]},"properties":{"s":100.0,"pub":false}},{"type":"Feature","geometry":{"type":"Point","coordinates":[-104.5809,37.5712]},"properties":{"s":100.0,"pub":false}},{"type":"Feature","geometry":{"type":"Point","coordinates":[-104.5809,37.577]},"properties":{"s":100.0,"pub":false}},{"type":"Feature","geometry":{"type":"Point","coordinates":[-104.5809,37.5828]},"properties":{"s":100.0,"pub":false}},{"type":"Feature","geometry":{"type":"Point","coordinates":[-104.5809,37.5886]},"properties":{"s":100.0,"pub":false}},{"type":"Feature","geometry":{"type":"Point","coordinates":[-104.5809,37.5944]},"properties":{"s":100.0,"pub":false}},{"type":"Feature","geometry":{"type":"Point","coordinates":[-104.5809,37.6002]},"properties":{"s":100.0,"pub":false}},{"type":"Feature","geometry":{"type":"Point","coordinates":[-104.5809,37.606]},"properties":{"s":100.0,"pub":false}},{"type":"Feature","geometry":{"type":"Point","coordinates":[-104.5809,37.6118]},"properties":{"s":100.0,"pub":false}},{"type":"Feature","geometry":{"type":"Point","coordinates":[-104.5809,37.6176]},"properties":{"s":100.0,"pub":false}},{"type":"Feature","geometry":{"type":"Point","coordinates":[-104.5809,37.6234]},"properties":{"s":100.0,"pub":false}},{"type":"Feature","geometry":{"type":"Point","coordinates":[-104.5809,37.6292]},"properties":{"s":100.0,"pub":false}},{"type":"Feature","geometry":{"type":"Point","coordinates":[-104.5809,37.635]},"properties":{"s":100.0,"pub":false}},{"type":"Feature","geometry":{"type":"Point","coordinates":[-104.5809,37.6408]},"properties":{"s":100.0,"pub":false}},{"type":"Feature","geometry":{"type":"Point","coordinates":[-104.5809,37.6466]},"properties":{"s":100.0,"pub":false}},{"type":"Feature","geometry":{"type":"Point","coordinates":[-104.5809,37.6524]},"properties":{"s":100.0,"pub":false}},{"type":"Feature","geometry":{"type":"Point","coordinates":[-104.5809,37.6582]},"properties":{"s":100.0,"pub":false}},{"type":"Feature","geometry":{"type":"Point","coordinates":[-104.5809,37.664]},"properties":{"s":100.0,"pub":false}},{"type":"Feature","geometry":{"type":"Point","coordinates":[-104.5809,37.6698]},"properties":{"s":100.0,"pub":false}},{"type":"Feature","geometry":{"type":"Point","coordinates":[-104.5809,37.6756]},"properties":{"s":100.0,"pub":false}},{"type":"Feature","geometry":{"type":"Point","coordinates":[-104.5809,37.6814]},"properties":{"s":100.0,"pub":false}},{"type":"Feature","geometry":{"type":"Point","coordinates":[-104.5809,37.6872]},"properties":{"s":100.0,"pub":false}},{"type":"Feature","geometry":{"type":"Point","coordinates":[-104.5809,37.693]},"properties":{"s":100.0,"pub":false}},{"type":"Feature","geometry":{"type":"Point","coordinates":[-104.5809,37.6988]},"properties":{"s":100.0,"pub":false}},{"type":"Feature","geometry":{"type":"Point","coordinates":[-104.5809,37.7046]},"properties":{"s":100.0,"pub":false}},{"type":"Feature","geometry":{"type":"Point","coordinates":[-104.5734,37.5654]},"properties":{"s":100.0,"pub":false}},{"type":"Feature","geometry":{"type":"Point","coordinates":[-104.5734,37.5712]},"properties":{"s":100.0,"pub":false}},{"type":"Feature","geometry":{"type":"Point","coordinates":[-104.5734,37.577]},"properties":{"s":100.0,"pub":false}},{"type":"Feature","geometry":{"type":"Point","coordinates":[-104.5734,37.5828]},"properties":{"s":100.0,"pub":false}},{"type":"Feature","geometry":{"type":"Point","coordinates":[-104.5734,37.5886]},"properties":{"s":100.0,"pub":false}},{"type":"Feature","geometry":{"type":"Point","coordinates":[-104.5734,37.5944]},"properties":{"s":100.0,"pub":false}},{"type":"Feature","geometry":{"type":"Point","coordinates":[-104.5734,37.6002]},"properties":{"s":100.0,"pub":false}},{"type":"Feature","geometry":{"type":"Point","coordinates":[-104.5734,37.606]},"properties":{"s":100.0,"pub":true}},{"type":"Feature","geometry":{"type":"Point","coordinates":[-104.5734,37.6118]},"properties":{"s":100.0,"pub":true}},{"type":"Feature","geometry":{"type":"Point","coordinates":[-104.5734,37.6176]},"properties":{"s":100.0,"pub":false}},{"type":"Feature","geometry":{"type":"Point","coordinates":[-104.5734,37.6234]},"properties":{"s":100.0,"pub":false}},{"type":"Feature","geometry":{"type":"Point","coordinates":[-104.5734,37.6292]},"properties":{"s":100.0,"pub":false}},{"type":"Feature","geometry":{"type":"Point","coordinates":[-104.5734,37.635]},"properties":{"s":100.0,"pub":false}},{"type":"Feature","geometry":{"type":"Point","coordinates":[-104.5734,37.6408]},"properties":{"s":100.0,"pub":false}},{"type":"Feature","geometry":{"type":"Point","coordinates":[-104.5734,37.6466]},"properties":{"s":100.0,"pub":false}},{"type":"Feature","geometry":{"type":"Point","coordinates":[-104.5734,37.6524]},"properties":{"s":100.0,"pub":false}},{"type":"Feature","geometry":{"type":"Point","coordinates":[-104.5734,37.6582]},"properties":{"s":100.0,"pub":false}},{"type":"Feature","geometry":{"type":"Point","coordinates":[-104.5734,37.664]},"properties":{"s":100.0,"pub":false}},{"type":"Feature","geometry":{"type":"Point","coordinates":[-104.5734,37.6698]},"properties":{"s":100.0,"pub":false}},{"type":"Feature","geometry":{"type":"Point","coordinates":[-104.5734,37.6756]},"properties":{"s":100.0,"pub":false}},{"type":"Feature","geometry":{"type":"Point","coordinates":[-104.5734,37.6814]},"properties":{"s":100.0,"pub":false}},{"type":"Feature","geometry":{"type":"Point","coordinates":[-104.5734,37.6872]},"properties":{"s":100.0,"pub":false}},{"type":"Feature","geometry":{"type":"Point","coordinates":[-104.5734,37.693]},"properties":{"s":100.0,"pub":false}},{"type":"Feature","geometry":{"type":"Point","coordinates":[-104.5734,37.6988]},"properties":{"s":100.0,"pub":false}},{"type":"Feature","geometry":{"type":"Point","coordinates":[-104.5734,37.7046]},"properties":{"s":100.0,"pub":false}},{"type":"Feature","geometry":{"type":"Point","coordinates":[-104.5734,37.7104]},"properties":{"s":100.0,"pub":false}},{"type":"Feature","geometry":{"type":"Point","coordinates":[-104.5659,37.5596]},"properties":{"s":100.0,"pub":false}},{"type":"Feature","geometry":{"type":"Point","coordinates":[-104.5659,37.5654]},"properties":{"s":100.0,"pub":false}},{"type":"Feature","geometry":{"type":"Point","coordinates":[-104.5659,37.5712]},"properties":{"s":100.0,"pub":false}},{"type":"Feature","geometry":{"type":"Point","coordinates":[-104.5659,37.577]},"properties":{"s":100.0,"pub":false}},{"type":"Feature","geometry":{"type":"Point","coordinates":[-104.5659,37.5828]},"properties":{"s":100.0,"pub":false}},{"type":"Feature","geometry":{"type":"Point","coordinates":[-104.5659,37.5886]},"properties":{"s":100.0,"pub":false}},{"type":"Feature","geometry":{"type":"Point","coordinates":[-104.5659,37.5944]},"properties":{"s":100.0,"pub":false}},{"type":"Feature","geometry":{"type":"Point","coordinates":[-104.5659,37.6002]},"properties":{"s":100.0,"pub":false}},{"type":"Feature","geometry":{"type":"Point","coordinates":[-104.5659,37.606]},"properties":{"s":100.0,"pub":true}},{"type":"Feature","geometry":{"type":"Point","coordinates":[-104.5659,37.6118]},"properties":{"s":100.0,"pub":true}},{"type":"Feature","geometry":{"type":"Point","coordinates":[-104.5659,37.6176]},"properties":{"s":100.0,"pub":false}},{"type":"Feature","geometry":{"type":"Point","coordinates":[-104.5659,37.6234]},"properties":{"s":100.0,"pub":false}},{"type":"Feature","geometry":{"type":"Point","coordinates":[-104.5659,37.6292]},"properties":{"s":100.0,"pub":false}},{"type":"Feature","geometry":{"type":"Point","coordinates":[-104.5659,37.635]},"properties":{"s":100.0,"pub":false}},{"type":"Feature","geometry":{"type":"Point","coordinates":[-104.5659,37.6408]},"properties":{"s":100.0,"pub":false}},{"type":"Feature","geometry":{"type":"Point","coordinates":[-104.5659,37.6466]},"properties":{"s":100.0,"pub":false}},{"type":"Feature","geometry":{"type":"Point","coordinates":[-104.5659,37.6524]},"properties":{"s":100.0,"pub":false}},{"type":"Feature","geometry":{"type":"Point","coordinates":[-104.5659,37.6582]},"properties":{"s":100.0,"pub":false}},{"type":"Feature","geometry":{"type":"Point","coordinates":[-104.5659,37.664]},"properties":{"s":100.0,"pub":false}},{"type":"Feature","geometry":{"type":"Point","coordinates":[-104.5659,37.6698]},"properties":{"s":100.0,"pub":false}},{"type":"Feature","geometry":{"type":"Point","coordinates":[-104.5659,37.6756]},"properties":{"s":100.0,"pub":false}},{"type":"Feature","geometry":{"type":"Point","coordinates":[-104.5659,37.6814]},"properties":{"s":100.0,"pub":false}},{"type":"Feature","geometry":{"type":"Point","coordinates":[-104.5659,37.6872]},"properties":{"s":100.0,"pub":false}},{"type":"Feature","geometry":{"type":"Point","coordinates":[-104.5659,37.693]},"properties":{"s":100.0,"pub":true}},{"type":"Feature","geometry":{"type":"Point","coordinates":[-104.5659,37.6988]},"properties":{"s":100.0,"pub":true}},{"type":"Feature","geometry":{"type":"Point","coordinates":[-104.5659,37.7046]},"properties":{"s":100.0,"pub":false}},{"type":"Feature","geometry":{"type":"Point","coordinates":[-104.5659,37.7104]},"properties":{"s":100.0,"pub":false}},{"type":"Feature","geometry":{"type":"Point","coordinates":[-104.5584,37.5538]},"properties":{"s":100.0,"pub":false}},{"type":"Feature","geometry":{"type":"Point","coordinates":[-104.5584,37.5596]},"properties":{"s":100.0,"pub":false}},{"type":"Feature","geometry":{"type":"Point","coordinates":[-104.5584,37.5654]},"properties":{"s":100.0,"pub":false}},{"type":"Feature","geometry":{"type":"Point","coordinates":[-104.5584,37.5712]},"properties":{"s":100.0,"pub":false}},{"type":"Feature","geometry":{"type":"Point","coordinates":[-104.5584,37.577]},"properties":{"s":100.0,"pub":false}},{"type":"Feature","geometry":{"type":"Point","coordinates":[-104.5584,37.5828]},"properties":{"s":100.0,"pub":false}},{"type":"Feature","geometry":{"type":"Point","coordinates":[-104.5584,37.5886]},"properties":{"s":100.0,"pub":false}},{"type":"Feature","geometry":{"type":"Point","coordinates":[-104.5584,37.5944]},"properties":{"s":100.0,"pub":false}},{"type":"Feature","geometry":{"type":"Point","coordinates":[-104.5584,37.6002]},"properties":{"s":100.0,"pub":false}},{"type":"Feature","geometry":{"type":"Point","coordinates":[-104.5584,37.606]},"properties":{"s":100.0,"pub":true}},{"type":"Feature","geometry":{"type":"Point","coordinates":[-104.5584,37.6118]},"properties":{"s":100.0,"pub":true}},{"type":"Feature","geometry":{"type":"Point","coordinates":[-104.5584,37.6176]},"properties":{"s":100.0,"pub":false}},{"type":"Feature","geometry":{"type":"Point","coordinates":[-104.5584,37.6234]},"properties":{"s":100.0,"pub":false}},{"type":"Feature","geometry":{"type":"Point","coordinates":[-104.5584,37.6292]},"properties":{"s":100.0,"pub":false}},{"type":"Feature","geometry":{"type":"Point","coordinates":[-104.5584,37.635]},"properties":{"s":100.0,"pub":false}},{"type":"Feature","geometry":{"type":"Point","coordinates":[-104.5584,37.6408]},"properties":{"s":100.0,"pub":false}},{"type":"Feature","geometry":{"type":"Point","coordinates":[-104.5584,37.6466]},"properties":{"s":100.0,"pub":false}},{"type":"Feature","geometry":{"type":"Point","coordinates":[-104.5584,37.6524]},"properties":{"s":100.0,"pub":false}},{"type":"Feature","geometry":{"type":"Point","coordinates":[-104.5584,37.6582]},"properties":{"s":100.0,"pub":false}},{"type":"Feature","geometry":{"type":"Point","coordinates":[-104.5584,37.664]},"properties":{"s":100.0,"pub":false}},{"type":"Feature","geometry":{"type":"Point","coordinates":[-104.5584,37.6698]},"properties":{"s":100.0,"pub":false}},{"type":"Feature","geometry":{"type":"Point","coordinates":[-104.5584,37.6756]},"properties":{"s":100.0,"pub":false}},{"type":"Feature","geometry":{"type":"Point","coordinates":[-104.5584,37.6814]},"properties":{"s":100.0,"pub":false}},{"type":"Feature","geometry":{"type":"Point","coordinates":[-104.5584,37.6872]},"properties":{"s":100.0,"pub":false}},{"type":"Feature","geometry":{"type":"Point","coordinates":[-104.5584,37.693]},"properties":{"s":100.0,"pub":true}},{"type":"Feature","geometry":{"type":"Point","coordinates":[-104.5584,37.6988]},"properties":{"s":100.0,"pub":true}},{"type":"Feature","geometry":{"type":"Point","coordinates":[-104.5584,37.7046]},"properties":{"s":100.0,"pub":false}},{"type":"Feature","geometry":{"type":"Point","coordinates":[-104.5584,37.7104]},"properties":{"s":100.0,"pub":false}},{"type":"Feature","geometry":{"type":"Point","coordinates":[-104.5584,37.7162]},"properties":{"s":100.0,"pub":false}},{"type":"Feature","geometry":{"type":"Point","coordinates":[-104.5509,37.5538]},"properties":{"s":100.0,"pub":false}},{"type":"Feature","geometry":{"type":"Point","coordinates":[-104.5509,37.5596]},"properties":{"s":100.0,"pub":false}},{"type":"Feature","geometry":{"type":"Point","coordinates":[-104.5509,37.5654]},"properties":{"s":100.0,"pub":false}},{"type":"Feature","geometry":{"type":"Point","coordinates":[-104.5509,37.5712]},"properties":{"s":100.0,"pub":false}},{"type":"Feature","geometry":{"type":"Point","coordinates":[-104.5509,37.577]},"properties":{"s":100.0,"pub":false}},{"type":"Feature","geometry":{"type":"Point","coordinates":[-104.5509,37.5828]},"properties":{"s":100.0,"pub":false}},{"type":"Feature","geometry":{"type":"Point","coordinates":[-104.5509,37.5886]},"properties":{"s":100.0,"pub":false}},{"type":"Feature","geometry":{"type":"Point","coordinates":[-104.5509,37.5944]},"properties":{"s":100.0,"pub":false}},{"type":"Feature","geometry":{"type":"Point","coordinates":[-104.5509,37.6002]},"properties":{"s":100.0,"pub":false}},{"type":"Feature","geometry":{"type":"Point","coordinates":[-104.5509,37.606]},"properties":{"s":100.0,"pub":false}},{"type":"Feature","geometry":{"type":"Point","coordinates":[-104.5509,37.6118]},"properties":{"s":100.0,"pub":false}},{"type":"Feature","geometry":{"type":"Point","coordinates":[-104.5509,37.6176]},"properties":{"s":100.0,"pub":false}},{"type":"Feature","geometry":{"type":"Point","coordinates":[-104.5509,37.6234]},"properties":{"s":100.0,"pub":false}},{"type":"Feature","geometry":{"type":"Point","coordinates":[-104.5509,37.6292]},"properties":{"s":100.0,"pub":false}},{"type":"Feature","geometry":{"type":"Point","coordinates":[-104.5509,37.635]},"properties":{"s":100.0,"pub":false}},{"type":"Feature","geometry":{"type":"Point","coordinates":[-104.5509,37.6408]},"properties":{"s":100.0,"pub":false}},{"type":"Feature","geometry":{"type":"Point","coordinates":[-104.5509,37.6466]},"properties":{"s":100.0,"pub":false}},{"type":"Feature","geometry":{"type":"Point","coordinates":[-104.5509,37.6524]},"properties":{"s":100.0,"pub":false}},{"type":"Feature","geometry":{"type":"Point","coordinates":[-104.5509,37.6582]},"properties":{"s":100.0,"pub":false}},{"type":"Feature","geometry":{"type":"Point","coordinates":[-104.5509,37.664]},"properties":{"s":100.0,"pub":false}},{"type":"Feature","geometry":{"type":"Point","coordinates":[-104.5509,37.6698]},"properties":{"s":100.0,"pub":false}},{"type":"Feature","geometry":{"type":"Point","coordinates":[-104.5509,37.6756]},"properties":{"s":100.0,"pub":false}},{"type":"Feature","geometry":{"type":"Point","coordinates":[-104.5509,37.6814]},"properties":{"s":100.0,"pub":false}},{"type":"Feature","geometry":{"type":"Point","coordinates":[-104.5509,37.6872]},"properties":{"s":100.0,"pub":false}},{"type":"Feature","geometry":{"type":"Point","coordinates":[-104.5509,37.693]},"properties":{"s":100.0,"pub":false}},{"type":"Feature","geometry":{"type":"Point","coordinates":[-104.5509,37.6988]},"properties":{"s":100.0,"pub":false}},{"type":"Feature","geometry":{"type":"Point","coordinates":[-104.5509,37.7046]},"properties":{"s":100.0,"pub":false}},{"type":"Feature","geometry":{"type":"Point","coordinates":[-104.5509,37.7104]},"properties":{"s":100.0,"pub":false}},{"type":"Feature","geometry":{"type":"Point","coordinates":[-104.5509,37.7162]},"properties":{"s":100.0,"pub":false}},{"type":"Feature","geometry":{"type":"Point","coordinates":[-104.5434,37.548]},"properties":{"s":100.0,"pub":false}},{"type":"Feature","geometry":{"type":"Point","coordinates":[-104.5434,37.5538]},"properties":{"s":100.0,"pub":false}},{"type":"Feature","geometry":{"type":"Point","coordinates":[-104.5434,37.5596]},"properties":{"s":100.0,"pub":false}},{"type":"Feature","geometry":{"type":"Point","coordinates":[-104.5434,37.5654]},"properties":{"s":100.0,"pub":false}},{"type":"Feature","geometry":{"type":"Point","coordinates":[-104.5434,37.5712]},"properties":{"s":100.0,"pub":false}},{"type":"Feature","geometry":{"type":"Point","coordinates":[-104.5434,37.577]},"properties":{"s":100.0,"pub":false}},{"type":"Feature","geometry":{"type":"Point","coordinates":[-104.5434,37.5828]},"properties":{"s":100.0,"pub":false}},{"type":"Feature","geometry":{"type":"Point","coordinates":[-104.5434,37.5886]},"properties":{"s":100.0,"pub":false}},{"type":"Feature","geometry":{"type":"Point","coordinates":[-104.5434,37.5944]},"properties":{"s":100.0,"pub":false}},{"type":"Feature","geometry":{"type":"Point","coordinates":[-104.5434,37.6002]},"properties":{"s":100.0,"pub":false}},{"type":"Feature","geometry":{"type":"Point","coordinates":[-104.5434,37.606]},"properties":{"s":100.0,"pub":false}},{"type":"Feature","geometry":{"type":"Point","coordinates":[-104.5434,37.6118]},"properties":{"s":100.0,"pub":false}},{"type":"Feature","geometry":{"type":"Point","coordinates":[-104.5434,37.6176]},"properties":{"s":100.0,"pub":false}},{"type":"Feature","geometry":{"type":"Point","coordinates":[-104.5434,37.6234]},"properties":{"s":100.0,"pub":false}},{"type":"Feature","geometry":{"type":"Point","coordinates":[-104.5434,37.6292]},"properties":{"s":100.0,"pub":false}},{"type":"Feature","geometry":{"type":"Point","coordinates":[-104.5434,37.635]},"properties":{"s":100.0,"pub":false}},{"type":"Feature","geometry":{"type":"Point","coordinates":[-104.5434,37.6408]},"properties":{"s":100.0,"pub":false}},{"type":"Feature","geometry":{"type":"Point","coordinates":[-104.5434,37.6466]},"properties":{"s":100.0,"pub":false}},{"type":"Feature","geometry":{"type":"Point","coordinates":[-104.5434,37.6524]},"properties":{"s":100.0,"pub":false}},{"type":"Feature","geometry":{"type":"Point","coordinates":[-104.5434,37.6582]},"properties":{"s":100.0,"pub":false}},{"type":"Feature","geometry":{"type":"Point","coordinates":[-104.5434,37.664]},"properties":{"s":100.0,"pub":false}},{"type":"Feature","geometry":{"type":"Point","coordinates":[-104.5434,37.6698]},"properties":{"s":100.0,"pub":false}},{"type":"Feature","geometry":{"type":"Point","coordinates":[-104.5434,37.6756]},"properties":{"s":100.0,"pub":false}},{"type":"Feature","geometry":{"type":"Point","coordinates":[-104.5434,37.6814]},"properties":{"s":100.0,"pub":false}},{"type":"Feature","geometry":{"type":"Point","coordinates":[-104.5434,37.6872]},"properties":{"s":100.0,"pub":false}},{"type":"Feature","geometry":{"type":"Point","coordinates":[-104.5434,37.693]},"properties":{"s":100.0,"pub":false}},{"type":"Feature","geometry":{"type":"Point","coordinates":[-104.5434,37.6988]},"properties":{"s":100.0,"pub":false}},{"type":"Feature","geometry":{"type":"Point","coordinates":[-104.5434,37.7046]},"properties":{"s":100.0,"pub":false}},{"type":"Feature","geometry":{"type":"Point","coordinates":[-104.5434,37.7104]},"properties":{"s":100.0,"pub":false}},{"type":"Feature","geometry":{"type":"Point","coordinates":[-104.5434,37.7162]},"properties":{"s":100.0,"pub":false}},{"type":"Feature","geometry":{"type":"Point","coordinates":[-104.5434,37.722]},"properties":{"s":100.0,"pub":false}},{"type":"Feature","geometry":{"type":"Point","coordinates":[-104.5359,37.5306]},"properties":{"s":100.0,"pub":false}},{"type":"Feature","geometry":{"type":"Point","coordinates":[-104.5359,37.5364]},"properties":{"s":100.0,"pub":false}},{"type":"Feature","geometry":{"type":"Point","coordinates":[-104.5359,37.5422]},"properties":{"s":100.0,"pub":false}},{"type":"Feature","geometry":{"type":"Point","coordinates":[-104.5359,37.548]},"properties":{"s":100.0,"pub":false}},{"type":"Feature","geometry":{"type":"Point","coordinates":[-104.5359,37.5538]},"properties":{"s":100.0,"pub":false}},{"type":"Feature","geometry":{"type":"Point","coordinates":[-104.5359,37.5596]},"properties":{"s":100.0,"pub":false}},{"type":"Feature","geometry":{"type":"Point","coordinates":[-104.5359,37.5654]},"properties":{"s":100.0,"pub":false}},{"type":"Feature","geometry":{"type":"Point","coordinates":[-104.5359,37.5712]},"properties":{"s":100.0,"pub":false}},{"type":"Feature","geometry":{"type":"Point","coordinates":[-104.5359,37.577]},"properties":{"s":100.0,"pub":false}},{"type":"Feature","geometry":{"type":"Point","coordinates":[-104.5359,37.5828]},"properties":{"s":100.0,"pub":false}},{"type":"Feature","geometry":{"type":"Point","coordinates":[-104.5359,37.5886]},"properties":{"s":100.0,"pub":false}},{"type":"Feature","geometry":{"type":"Point","coordinates":[-104.5359,37.5944]},"properties":{"s":100.0,"pub":false}},{"type":"Feature","geometry":{"type":"Point","coordinates":[-104.5359,37.6002]},"properties":{"s":100.0,"pub":false}},{"type":"Feature","geometry":{"type":"Point","coordinates":[-104.5359,37.606]},"properties":{"s":100.0,"pub":false}},{"type":"Feature","geometry":{"type":"Point","coordinates":[-104.5359,37.6118]},"properties":{"s":100.0,"pub":false}},{"type":"Feature","geometry":{"type":"Point","coordinates":[-104.5359,37.6176]},"properties":{"s":100.0,"pub":false}},{"type":"Feature","geometry":{"type":"Point","coordinates":[-104.5359,37.6234]},"properties":{"s":100.0,"pub":false}},{"type":"Feature","geometry":{"type":"Point","coordinates":[-104.5359,37.6292]},"properties":{"s":100.0,"pub":false}},{"type":"Feature","geometry":{"type":"Point","coordinates":[-104.5359,37.635]},"properties":{"s":100.0,"pub":false}},{"type":"Feature","geometry":{"type":"Point","coordinates":[-104.5359,37.6408]},"properties":{"s":100.0,"pub":false}},{"type":"Feature","geometry":{"type":"Point","coordinates":[-104.5359,37.6466]},"properties":{"s":100.0,"pub":false}},{"type":"Feature","geometry":{"type":"Point","coordinates":[-104.5359,37.6524]},"properties":{"s":100.0,"pub":false}},{"type":"Feature","geometry":{"type":"Point","coordinates":[-104.5359,37.6582]},"properties":{"s":100.0,"pub":false}},{"type":"Feature","geometry":{"type":"Point","coordinates":[-104.5359,37.664]},"properties":{"s":100.0,"pub":false}},{"type":"Feature","geometry":{"type":"Point","coordinates":[-104.5359,37.6698]},"properties":{"s":100.0,"pub":false}},{"type":"Feature","geometry":{"type":"Point","coordinates":[-104.5359,37.6756]},"properties":{"s":100.0,"pub":false}},{"type":"Feature","geometry":{"type":"Point","coordinates":[-104.5359,37.6814]},"properties":{"s":100.0,"pub":false}},{"type":"Feature","geometry":{"type":"Point","coordinates":[-104.5359,37.6872]},"properties":{"s":100.0,"pub":false}},{"type":"Feature","geometry":{"type":"Point","coordinates":[-104.5359,37.693]},"properties":{"s":100.0,"pub":false}},{"type":"Feature","geometry":{"type":"Point","coordinates":[-104.5359,37.6988]},"properties":{"s":100.0,"pub":false}},{"type":"Feature","geometry":{"type":"Point","coordinates":[-104.5359,37.7046]},"properties":{"s":100.0,"pub":false}},{"type":"Feature","geometry":{"type":"Point","coordinates":[-104.5359,37.7104]},"properties":{"s":100.0,"pub":false}},{"type":"Feature","geometry":{"type":"Point","coordinates":[-104.5359,37.7162]},"properties":{"s":100.0,"pub":false}},{"type":"Feature","geometry":{"type":"Point","coordinates":[-104.5359,37.722]},"properties":{"s":100.0,"pub":false}},{"type":"Feature","geometry":{"type":"Point","coordinates":[-104.5284,37.5016]},"properties":{"s":100.0,"pub":false}},{"type":"Feature","geometry":{"type":"Point","coordinates":[-104.5284,37.5074]},"properties":{"s":100.0,"pub":false}},{"type":"Feature","geometry":{"type":"Point","coordinates":[-104.5284,37.5132]},"properties":{"s":100.0,"pub":false}},{"type":"Feature","geometry":{"type":"Point","coordinates":[-104.5284,37.519]},"properties":{"s":100.0,"pub":false}},{"type":"Feature","geometry":{"type":"Point","coordinates":[-104.5284,37.5248]},"properties":{"s":100.0,"pub":false}},{"type":"Feature","geometry":{"type":"Point","coordinates":[-104.5284,37.5306]},"properties":{"s":100.0,"pub":false}},{"type":"Feature","geometry":{"type":"Point","coordinates":[-104.5284,37.5364]},"properties":{"s":100.0,"pub":false}},{"type":"Feature","geometry":{"type":"Point","coordinates":[-104.5284,37.5422]},"properties":{"s":100.0,"pub":false}},{"type":"Feature","geometry":{"type":"Point","coordinates":[-104.5284,37.548]},"properties":{"s":100.0,"pub":false}},{"type":"Feature","geometry":{"type":"Point","coordinates":[-104.5284,37.5538]},"properties":{"s":100.0,"pub":false}},{"type":"Feature","geometry":{"type":"Point","coordinates":[-104.5284,37.5596]},"properties":{"s":100.0,"pub":false}},{"type":"Feature","geometry":{"type":"Point","coordinates":[-104.5284,37.5654]},"properties":{"s":100.0,"pub":false}},{"type":"Feature","geometry":{"type":"Point","coordinates":[-104.5284,37.5712]},"properties":{"s":100.0,"pub":false}},{"type":"Feature","geometry":{"type":"Point","coordinates":[-104.5284,37.577]},"properties":{"s":100.0,"pub":false}},{"type":"Feature","geometry":{"type":"Point","coordinates":[-104.5284,37.5828]},"properties":{"s":100.0,"pub":false}},{"type":"Feature","geometry":{"type":"Point","coordinates":[-104.5284,37.5886]},"properties":{"s":100.0,"pub":false}},{"type":"Feature","geometry":{"type":"Point","coordinates":[-104.5284,37.5944]},"properties":{"s":100.0,"pub":false}},{"type":"Feature","geometry":{"type":"Point","coordinates":[-104.5284,37.6002]},"properties":{"s":100.0,"pub":false}},{"type":"Feature","geometry":{"type":"Point","coordinates":[-104.5284,37.606]},"properties":{"s":100.0,"pub":false}},{"type":"Feature","geometry":{"type":"Point","coordinates":[-104.5284,37.6118]},"properties":{"s":100.0,"pub":false}},{"type":"Feature","geometry":{"type":"Point","coordinates":[-104.5284,37.6176]},"properties":{"s":100.0,"pub":false}},{"type":"Feature","geometry":{"type":"Point","coordinates":[-104.5284,37.6234]},"properties":{"s":100.0,"pub":false}},{"type":"Feature","geometry":{"type":"Point","coordinates":[-104.5284,37.6292]},"properties":{"s":100.0,"pub":false}},{"type":"Feature","geometry":{"type":"Point","coordinates":[-104.5284,37.635]},"properties":{"s":100.0,"pub":false}},{"type":"Feature","geometry":{"type":"Point","coordinates":[-104.5284,37.6408]},"properties":{"s":100.0,"pub":false}},{"type":"Feature","geometry":{"type":"Point","coordinates":[-104.5284,37.6466]},"properties":{"s":100.0,"pub":false}},{"type":"Feature","geometry":{"type":"Point","coordinates":[-104.5284,37.6524]},"properties":{"s":100.0,"pub":false}},{"type":"Feature","geometry":{"type":"Point","coordinates":[-104.5284,37.6582]},"properties":{"s":100.0,"pub":false}},{"type":"Feature","geometry":{"type":"Point","coordinates":[-104.5284,37.664]},"properties":{"s":100.0,"pub":false}},{"type":"Feature","geometry":{"type":"Point","coordinates":[-104.5284,37.6698]},"properties":{"s":100.0,"pub":false}},{"type":"Feature","geometry":{"type":"Point","coordinates":[-104.5284,37.6756]},"properties":{"s":100.0,"pub":false}},{"type":"Feature","geometry":{"type":"Point","coordinates":[-104.5284,37.6814]},"properties":{"s":100.0,"pub":false}},{"type":"Feature","geometry":{"type":"Point","coordinates":[-104.5284,37.6872]},"properties":{"s":100.0,"pub":false}},{"type":"Feature","geometry":{"type":"Point","coordinates":[-104.5284,37.693]},"properties":{"s":100.0,"pub":false}},{"type":"Feature","geometry":{"type":"Point","coordinates":[-104.5284,37.6988]},"properties":{"s":100.0,"pub":false}},{"type":"Feature","geometry":{"type":"Point","coordinates":[-104.5284,37.7046]},"properties":{"s":100.0,"pub":false}},{"type":"Feature","geometry":{"type":"Point","coordinates":[-104.5284,37.7104]},"properties":{"s":100.0,"pub":false}},{"type":"Feature","geometry":{"type":"Point","coordinates":[-104.5284,37.7162]},"properties":{"s":100.0,"pub":false}},{"type":"Feature","geometry":{"type":"Point","coordinates":[-104.5284,37.722]},"properties":{"s":100.0,"pub":false}},{"type":"Feature","geometry":{"type":"Point","coordinates":[-104.5284,37.7278]},"properties":{"s":100.0,"pub":false}},{"type":"Feature","geometry":{"type":"Point","coordinates":[-104.5209,37.4958]},"properties":{"s":100.0,"pub":false}},{"type":"Feature","geometry":{"type":"Point","coordinates":[-104.5209,37.5016]},"properties":{"s":100.0,"pub":false}},{"type":"Feature","geometry":{"type":"Point","coordinates":[-104.5209,37.5074]},"properties":{"s":100.0,"pub":false}},{"type":"Feature","geometry":{"type":"Point","coordinates":[-104.5209,37.5132]},"properties":{"s":100.0,"pub":false}},{"type":"Feature","geometry":{"type":"Point","coordinates":[-104.5209,37.519]},"properties":{"s":100.0,"pub":false}},{"type":"Feature","geometry":{"type":"Point","coordinates":[-104.5209,37.5248]},"properties":{"s":100.0,"pub":false}},{"type":"Feature","geometry":{"type":"Point","coordinates":[-104.5209,37.5306]},"properties":{"s":100.0,"pub":false}},{"type":"Feature","geometry":{"type":"Point","coordinates":[-104.5209,37.5364]},"properties":{"s":100.0,"pub":false}},{"type":"Feature","geometry":{"type":"Point","coordinates":[-104.5209,37.5422]},"properties":{"s":100.0,"pub":false}},{"type":"Feature","geometry":{"type":"Point","coordinates":[-104.5209,37.548]},"properties":{"s":100.0,"pub":false}},{"type":"Feature","geometry":{"type":"Point","coordinates":[-104.5209,37.5538]},"properties":{"s":100.0,"pub":false}},{"type":"Feature","geometry":{"type":"Point","coordinates":[-104.5209,37.5596]},"properties":{"s":100.0,"pub":false}},{"type":"Feature","geometry":{"type":"Point","coordinates":[-104.5209,37.5654]},"properties":{"s":100.0,"pub":false}},{"type":"Feature","geometry":{"type":"Point","coordinates":[-104.5209,37.5712]},"properties":{"s":100.0,"pub":false}},{"type":"Feature","geometry":{"type":"Point","coordinates":[-104.5209,37.577]},"properties":{"s":100.0,"pub":false}},{"type":"Feature","geometry":{"type":"Point","coordinates":[-104.5209,37.5828]},"properties":{"s":100.0,"pub":false}},{"type":"Feature","geometry":{"type":"Point","coordinates":[-104.5209,37.5886]},"properties":{"s":100.0,"pub":false}},{"type":"Feature","geometry":{"type":"Point","coordinates":[-104.5209,37.5944]},"properties":{"s":100.0,"pub":false}},{"type":"Feature","geometry":{"type":"Point","coordinates":[-104.5209,37.6002]},"properties":{"s":100.0,"pub":false}},{"type":"Feature","geometry":{"type":"Point","coordinates":[-104.5209,37.606]},"properties":{"s":100.0,"pub":false}},{"type":"Feature","geometry":{"type":"Point","coordinates":[-104.5209,37.6118]},"properties":{"s":100.0,"pub":false}},{"type":"Feature","geometry":{"type":"Point","coordinates":[-104.5209,37.6176]},"properties":{"s":100.0,"pub":false}},{"type":"Feature","geometry":{"type":"Point","coordinates":[-104.5209,37.6234]},"properties":{"s":100.0,"pub":false}},{"type":"Feature","geometry":{"type":"Point","coordinates":[-104.5209,37.6292]},"properties":{"s":100.0,"pub":false}},{"type":"Feature","geometry":{"type":"Point","coordinates":[-104.5209,37.635]},"properties":{"s":100.0,"pub":false}},{"type":"Feature","geometry":{"type":"Point","coordinates":[-104.5209,37.6408]},"properties":{"s":100.0,"pub":false}},{"type":"Feature","geometry":{"type":"Point","coordinates":[-104.5209,37.6466]},"properties":{"s":100.0,"pub":false}},{"type":"Feature","geometry":{"type":"Point","coordinates":[-104.5209,37.6524]},"properties":{"s":100.0,"pub":false}},{"type":"Feature","geometry":{"type":"Point","coordinates":[-104.5209,37.6582]},"properties":{"s":100.0,"pub":false}},{"type":"Feature","geometry":{"type":"Point","coordinates":[-104.5209,37.664]},"properties":{"s":100.0,"pub":false}},{"type":"Feature","geometry":{"type":"Point","coordinates":[-104.5209,37.6698]},"properties":{"s":100.0,"pub":false}},{"type":"Feature","geometry":{"type":"Point","coordinates":[-104.5209,37.6756]},"properties":{"s":100.0,"pub":false}},{"type":"Feature","geometry":{"type":"Point","coordinates":[-104.5209,37.6814]},"properties":{"s":100.0,"pub":false}},{"type":"Feature","geometry":{"type":"Point","coordinates":[-104.5209,37.6872]},"properties":{"s":100.0,"pub":false}},{"type":"Feature","geometry":{"type":"Point","coordinates":[-104.5209,37.693]},"properties":{"s":100.0,"pub":false}},{"type":"Feature","geometry":{"type":"Point","coordinates":[-104.5209,37.6988]},"properties":{"s":100.0,"pub":false}},{"type":"Feature","geometry":{"type":"Point","coordinates":[-104.5209,37.7046]},"properties":{"s":100.0,"pub":false}},{"type":"Feature","geometry":{"type":"Point","coordinates":[-104.5209,37.7104]},"properties":{"s":100.0,"pub":false}},{"type":"Feature","geometry":{"type":"Point","coordinates":[-104.5209,37.7162]},"properties":{"s":100.0,"pub":false}},{"type":"Feature","geometry":{"type":"Point","coordinates":[-104.5209,37.722]},"properties":{"s":100.0,"pub":false}},{"type":"Feature","geometry":{"type":"Point","coordinates":[-104.5209,37.7278]},"properties":{"s":100.0,"pub":false}},{"type":"Feature","geometry":{"type":"Point","coordinates":[-104.5134,37.4958]},"properties":{"s":100.0,"pub":false}},{"type":"Feature","geometry":{"type":"Point","coordinates":[-104.5134,37.5016]},"properties":{"s":100.0,"pub":false}},{"type":"Feature","geometry":{"type":"Point","coordinates":[-104.5134,37.5074]},"properties":{"s":100.0,"pub":false}},{"type":"Feature","geometry":{"type":"Point","coordinates":[-104.5134,37.5132]},"properties":{"s":100.0,"pub":false}},{"type":"Feature","geometry":{"type":"Point","coordinates":[-104.5134,37.519]},"properties":{"s":100.0,"pub":false}},{"type":"Feature","geometry":{"type":"Point","coordinates":[-104.5134,37.5248]},"properties":{"s":100.0,"pub":false}},{"type":"Feature","geometry":{"type":"Point","coordinates":[-104.5134,37.5306]},"properties":{"s":100.0,"pub":false}},{"type":"Feature","geometry":{"type":"Point","coordinates":[-104.5134,37.5364]},"properties":{"s":100.0,"pub":false}},{"type":"Feature","geometry":{"type":"Point","coordinates":[-104.5134,37.5422]},"properties":{"s":100.0,"pub":false}},{"type":"Feature","geometry":{"type":"Point","coordinates":[-104.5134,37.548]},"properties":{"s":100.0,"pub":false}},{"type":"Feature","geometry":{"type":"Point","coordinates":[-104.5134,37.5538]},"properties":{"s":100.0,"pub":false}},{"type":"Feature","geometry":{"type":"Point","coordinates":[-104.5134,37.5596]},"properties":{"s":100.0,"pub":true}},{"type":"Feature","geometry":{"type":"Point","coordinates":[-104.5134,37.5654]},"properties":{"s":100.0,"pub":true}},{"type":"Feature","geometry":{"type":"Point","coordinates":[-104.5134,37.5712]},"properties":{"s":100.0,"pub":true}},{"type":"Feature","geometry":{"type":"Point","coordinates":[-104.5134,37.577]},"properties":{"s":100.0,"pub":false}},{"type":"Feature","geometry":{"type":"Point","coordinates":[-104.5134,37.5828]},"properties":{"s":100.0,"pub":false}},{"type":"Feature","geometry":{"type":"Point","coordinates":[-104.5134,37.5886]},"properties":{"s":100.0,"pub":false}},{"type":"Feature","geometry":{"type":"Point","coordinates":[-104.5134,37.5944]},"properties":{"s":100.0,"pub":false}},{"type":"Feature","geometry":{"type":"Point","coordinates":[-104.5134,37.6002]},"properties":{"s":100.0,"pub":false}},{"type":"Feature","geometry":{"type":"Point","coordinates":[-104.5134,37.606]},"properties":{"s":100.0,"pub":false}},{"type":"Feature","geometry":{"type":"Point","coordinates":[-104.5134,37.6118]},"properties":{"s":100.0,"pub":false}},{"type":"Feature","geometry":{"type":"Point","coordinates":[-104.5134,37.6176]},"properties":{"s":100.0,"pub":false}},{"type":"Feature","geometry":{"type":"Point","coordinates":[-104.5134,37.6234]},"properties":{"s":100.0,"pub":false}},{"type":"Feature","geometry":{"type":"Point","coordinates":[-104.5134,37.6292]},"properties":{"s":100.0,"pub":false}},{"type":"Feature","geometry":{"type":"Point","coordinates":[-104.5134,37.635]},"properties":{"s":100.0,"pub":false}},{"type":"Feature","geometry":{"type":"Point","coordinates":[-104.5134,37.6408]},"properties":{"s":100.0,"pub":false}},{"type":"Feature","geometry":{"type":"Point","coordinates":[-104.5134,37.6466]},"properties":{"s":100.0,"pub":true}},{"type":"Feature","geometry":{"type":"Point","coordinates":[-104.5134,37.6524]},"properties":{"s":100.0,"pub":true}},{"type":"Feature","geometry":{"type":"Point","coordinates":[-104.5134,37.6582]},"properties":{"s":100.0,"pub":true}},{"type":"Feature","geometry":{"type":"Point","coordinates":[-104.5134,37.664]},"properties":{"s":100.0,"pub":false}},{"type":"Feature","geometry":{"type":"Point","coordinates":[-104.5134,37.6698]},"properties":{"s":100.0,"pub":false}},{"type":"Feature","geometry":{"type":"Point","coordinates":[-104.5134,37.6756]},"properties":{"s":100.0,"pub":false}},{"type":"Feature","geometry":{"type":"Point","coordinates":[-104.5134,37.6814]},"properties":{"s":100.0,"pub":false}},{"type":"Feature","geometry":{"type":"Point","coordinates":[-104.5134,37.6872]},"properties":{"s":100.0,"pub":true}},{"type":"Feature","geometry":{"type":"Point","coordinates":[-104.5134,37.693]},"properties":{"s":100.0,"pub":true}},{"type":"Feature","geometry":{"type":"Point","coordinates":[-104.5134,37.6988]},"properties":{"s":100.0,"pub":false}},{"type":"Feature","geometry":{"type":"Point","coordinates":[-104.5134,37.7046]},"properties":{"s":100.0,"pub":false}},{"type":"Feature","geometry":{"type":"Point","coordinates":[-104.5134,37.7104]},"properties":{"s":100.0,"pub":false}},{"type":"Feature","geometry":{"type":"Point","coordinates":[-104.5134,37.7162]},"properties":{"s":100.0,"pub":false}},{"type":"Feature","geometry":{"type":"Point","coordinates":[-104.5134,37.722]},"properties":{"s":100.0,"pub":false}},{"type":"Feature","geometry":{"type":"Point","coordinates":[-104.5134,37.7278]},"properties":{"s":100.0,"pub":false}},{"type":"Feature","geometry":{"type":"Point","coordinates":[-104.5134,37.7336]},"properties":{"s":100.0,"pub":true}},{"type":"Feature","geometry":{"type":"Point","coordinates":[-104.5059,37.4958]},"properties":{"s":100.0,"pub":false}},{"type":"Feature","geometry":{"type":"Point","coordinates":[-104.5059,37.5016]},"properties":{"s":100.0,"pub":false}},{"type":"Feature","geometry":{"type":"Point","coordinates":[-104.5059,37.5074]},"properties":{"s":100.0,"pub":false}},{"type":"Feature","geometry":{"type":"Point","coordinates":[-104.5059,37.5132]},"properties":{"s":100.0,"pub":false}},{"type":"Feature","geometry":{"type":"Point","coordinates":[-104.5059,37.519]},"properties":{"s":100.0,"pub":false}},{"type":"Feature","geometry":{"type":"Point","coordinates":[-104.5059,37.5248]},"properties":{"s":100.0,"pub":false}},{"type":"Feature","geometry":{"type":"Point","coordinates":[-104.5059,37.5306]},"properties":{"s":100.0,"pub":false}},{"type":"Feature","geometry":{"type":"Point","coordinates":[-104.5059,37.5364]},"properties":{"s":100.0,"pub":false}},{"type":"Feature","geometry":{"type":"Point","coordinates":[-104.5059,37.5422]},"properties":{"s":100.0,"pub":false}},{"type":"Feature","geometry":{"type":"Point","coordinates":[-104.5059,37.548]},"properties":{"s":100.0,"pub":false}},{"type":"Feature","geometry":{"type":"Point","coordinates":[-104.5059,37.5538]},"properties":{"s":100.0,"pub":false}},{"type":"Feature","geometry":{"type":"Point","coordinates":[-104.5059,37.5596]},"properties":{"s":100.0,"pub":true}},{"type":"Feature","geometry":{"type":"Point","coordinates":[-104.5059,37.5654]},"properties":{"s":100.0,"pub":true}},{"type":"Feature","geometry":{"type":"Point","coordinates":[-104.5059,37.5712]},"properties":{"s":100.0,"pub":true}},{"type":"Feature","geometry":{"type":"Point","coordinates":[-104.5059,37.577]},"properties":{"s":100.0,"pub":false}},{"type":"Feature","geometry":{"type":"Point","coordinates":[-104.5059,37.5828]},"properties":{"s":100.0,"pub":false}},{"type":"Feature","geometry":{"type":"Point","coordinates":[-104.5059,37.5886]},"properties":{"s":100.0,"pub":false}},{"type":"Feature","geometry":{"type":"Point","coordinates":[-104.5059,37.5944]},"properties":{"s":100.0,"pub":false}},{"type":"Feature","geometry":{"type":"Point","coordinates":[-104.5059,37.6002]},"properties":{"s":100.0,"pub":false}},{"type":"Feature","geometry":{"type":"Point","coordinates":[-104.5059,37.606]},"properties":{"s":100.0,"pub":false}},{"type":"Feature","geometry":{"type":"Point","coordinates":[-104.5059,37.6118]},"properties":{"s":100.0,"pub":false}},{"type":"Feature","geometry":{"type":"Point","coordinates":[-104.5059,37.6176]},"properties":{"s":100.0,"pub":false}},{"type":"Feature","geometry":{"type":"Point","coordinates":[-104.5059,37.6234]},"properties":{"s":100.0,"pub":false}},{"type":"Feature","geometry":{"type":"Point","coordinates":[-104.5059,37.6292]},"properties":{"s":100.0,"pub":false}},{"type":"Feature","geometry":{"type":"Point","coordinates":[-104.5059,37.635]},"properties":{"s":100.0,"pub":false}},{"type":"Feature","geometry":{"type":"Point","coordinates":[-104.5059,37.6408]},"properties":{"s":100.0,"pub":false}},{"type":"Feature","geometry":{"type":"Point","coordinates":[-104.5059,37.6466]},"properties":{"s":100.0,"pub":true}},{"type":"Feature","geometry":{"type":"Point","coordinates":[-104.5059,37.6524]},"properties":{"s":100.0,"pub":true}},{"type":"Feature","geometry":{"type":"Point","coordinates":[-104.5059,37.6582]},"properties":{"s":100.0,"pub":true}},{"type":"Feature","geometry":{"type":"Point","coordinates":[-104.5059,37.664]},"properties":{"s":100.0,"pub":false}},{"type":"Feature","geometry":{"type":"Point","coordinates":[-104.5059,37.6698]},"properties":{"s":100.0,"pub":false}},{"type":"Feature","geometry":{"type":"Point","coordinates":[-104.5059,37.6756]},"properties":{"s":100.0,"pub":false}},{"type":"Feature","geometry":{"type":"Point","coordinates":[-104.5059,37.6814]},"properties":{"s":100.0,"pub":false}},{"type":"Feature","geometry":{"type":"Point","coordinates":[-104.5059,37.6872]},"properties":{"s":100.0,"pub":true}},{"type":"Feature","geometry":{"type":"Point","coordinates":[-104.5059,37.693]},"properties":{"s":100.0,"pub":true}},{"type":"Feature","geometry":{"type":"Point","coordinates":[-104.5059,37.6988]},"properties":{"s":100.0,"pub":false}},{"type":"Feature","geometry":{"type":"Point","coordinates":[-104.5059,37.7046]},"properties":{"s":100.0,"pub":false}},{"type":"Feature","geometry":{"type":"Point","coordinates":[-104.5059,37.7104]},"properties":{"s":100.0,"pub":false}},{"type":"Feature","geometry":{"type":"Point","coordinates":[-104.5059,37.7162]},"properties":{"s":100.0,"pub":false}},{"type":"Feature","geometry":{"type":"Point","coordinates":[-104.5059,37.722]},"properties":{"s":100.0,"pub":false}},{"type":"Feature","geometry":{"type":"Point","coordinates":[-104.5059,37.7278]},"properties":{"s":100.0,"pub":false}},{"type":"Feature","geometry":{"type":"Point","coordinates":[-104.5059,37.7336]},"properties":{"s":100.0,"pub":true}},{"type":"Feature","geometry":{"type":"Point","coordinates":[-104.4984,37.4958]},"properties":{"s":100.0,"pub":false}},{"type":"Feature","geometry":{"type":"Point","coordinates":[-104.4984,37.5016]},"properties":{"s":100.0,"pub":false}},{"type":"Feature","geometry":{"type":"Point","coordinates":[-104.4984,37.5074]},"properties":{"s":100.0,"pub":false}},{"type":"Feature","geometry":{"type":"Point","coordinates":[-104.4984,37.5132]},"properties":{"s":100.0,"pub":false}},{"type":"Feature","geometry":{"type":"Point","coordinates":[-104.4984,37.519]},"properties":{"s":100.0,"pub":false}},{"type":"Feature","geometry":{"type":"Point","coordinates":[-104.4984,37.5248]},"properties":{"s":100.0,"pub":false}},{"type":"Feature","geometry":{"type":"Point","coordinates":[-104.4984,37.5306]},"properties":{"s":100.0,"pub":false}},{"type":"Feature","geometry":{"type":"Point","coordinates":[-104.4984,37.5364]},"properties":{"s":100.0,"pub":false}},{"type":"Feature","geometry":{"type":"Point","coordinates":[-104.4984,37.5422]},"properties":{"s":100.0,"pub":false}},{"type":"Feature","geometry":{"type":"Point","coordinates":[-104.4984,37.548]},"properties":{"s":100.0,"pub":false}},{"type":"Feature","geometry":{"type":"Point","coordinates":[-104.4984,37.5538]},"properties":{"s":100.0,"pub":false}},{"type":"Feature","geometry":{"type":"Point","coordinates":[-104.4984,37.5596]},"properties":{"s":100.0,"pub":false}},{"type":"Feature","geometry":{"type":"Point","coordinates":[-104.4984,37.5654]},"properties":{"s":100.0,"pub":false}},{"type":"Feature","geometry":{"type":"Point","coordinates":[-104.4984,37.5712]},"properties":{"s":100.0,"pub":false}},{"type":"Feature","geometry":{"type":"Point","coordinates":[-104.4984,37.577]},"properties":{"s":100.0,"pub":false}},{"type":"Feature","geometry":{"type":"Point","coordinates":[-104.4984,37.5828]},"properties":{"s":100.0,"pub":false}},{"type":"Feature","geometry":{"type":"Point","coordinates":[-104.4984,37.5886]},"properties":{"s":100.0,"pub":false}},{"type":"Feature","geometry":{"type":"Point","coordinates":[-104.4984,37.5944]},"properties":{"s":100.0,"pub":false}},{"type":"Feature","geometry":{"type":"Point","coordinates":[-104.4984,37.6002]},"properties":{"s":100.0,"pub":false}},{"type":"Feature","geometry":{"type":"Point","coordinates":[-104.4984,37.606]},"properties":{"s":100.0,"pub":false}},{"type":"Feature","geometry":{"type":"Point","coordinates":[-104.4984,37.6118]},"properties":{"s":100.0,"pub":false}},{"type":"Feature","geometry":{"type":"Point","coordinates":[-104.4984,37.6176]},"properties":{"s":100.0,"pub":false}},{"type":"Feature","geometry":{"type":"Point","coordinates":[-104.4984,37.6234]},"properties":{"s":100.0,"pub":false}},{"type":"Feature","geometry":{"type":"Point","coordinates":[-104.4984,37.6292]},"properties":{"s":100.0,"pub":false}},{"type":"Feature","geometry":{"type":"Point","coordinates":[-104.4984,37.635]},"properties":{"s":100.0,"pub":false}},{"type":"Feature","geometry":{"type":"Point","coordinates":[-104.4984,37.6408]},"properties":{"s":100.0,"pub":false}},{"type":"Feature","geometry":{"type":"Point","coordinates":[-104.4984,37.6466]},"properties":{"s":100.0,"pub":false}},{"type":"Feature","geometry":{"type":"Point","coordinates":[-104.4984,37.6524]},"properties":{"s":100.0,"pub":false}},{"type":"Feature","geometry":{"type":"Point","coordinates":[-104.4984,37.6582]},"properties":{"s":100.0,"pub":false}},{"type":"Feature","geometry":{"type":"Point","coordinates":[-104.4984,37.664]},"properties":{"s":100.0,"pub":false}},{"type":"Feature","geometry":{"type":"Point","coordinates":[-104.4984,37.6698]},"properties":{"s":100.0,"pub":false}},{"type":"Feature","geometry":{"type":"Point","coordinates":[-104.4984,37.6756]},"properties":{"s":100.0,"pub":false}},{"type":"Feature","geometry":{"type":"Point","coordinates":[-104.4984,37.6814]},"properties":{"s":100.0,"pub":false}},{"type":"Feature","geometry":{"type":"Point","coordinates":[-104.4984,37.6872]},"properties":{"s":100.0,"pub":false}},{"type":"Feature","geometry":{"type":"Point","coordinates":[-104.4984,37.693]},"properties":{"s":100.0,"pub":false}},{"type":"Feature","geometry":{"type":"Point","coordinates":[-104.4984,37.6988]},"properties":{"s":100.0,"pub":false}},{"type":"Feature","geometry":{"type":"Point","coordinates":[-104.4984,37.7046]},"properties":{"s":100.0,"pub":false}},{"type":"Feature","geometry":{"type":"Point","coordinates":[-104.4984,37.7104]},"properties":{"s":100.0,"pub":false}},{"type":"Feature","geometry":{"type":"Point","coordinates":[-104.4984,37.7162]},"properties":{"s":100.0,"pub":false}},{"type":"Feature","geometry":{"type":"Point","coordinates":[-104.4984,37.722]},"properties":{"s":100.0,"pub":false}},{"type":"Feature","geometry":{"type":"Point","coordinates":[-104.4984,37.7278]},"properties":{"s":100.0,"pub":false}},{"type":"Feature","geometry":{"type":"Point","coordinates":[-104.4984,37.7336]},"properties":{"s":100.0,"pub":false}},{"type":"Feature","geometry":{"type":"Point","coordinates":[-104.4909,37.4958]},"properties":{"s":100.0,"pub":false}},{"type":"Feature","geometry":{"type":"Point","coordinates":[-104.4909,37.5016]},"properties":{"s":100.0,"pub":false}},{"type":"Feature","geometry":{"type":"Point","coordinates":[-104.4909,37.5074]},"properties":{"s":100.0,"pub":false}},{"type":"Feature","geometry":{"type":"Point","coordinates":[-104.4909,37.5132]},"properties":{"s":100.0,"pub":false}},{"type":"Feature","geometry":{"type":"Point","coordinates":[-104.4909,37.519]},"properties":{"s":100.0,"pub":false}},{"type":"Feature","geometry":{"type":"Point","coordinates":[-104.4909,37.5248]},"properties":{"s":100.0,"pub":false}},{"type":"Feature","geometry":{"type":"Point","coordinates":[-104.4909,37.5306]},"properties":{"s":100.0,"pub":false}},{"type":"Feature","geometry":{"type":"Point","coordinates":[-104.4909,37.5364]},"properties":{"s":100.0,"pub":false}},{"type":"Feature","geometry":{"type":"Point","coordinates":[-104.4909,37.5422]},"properties":{"s":100.0,"pub":false}},{"type":"Feature","geometry":{"type":"Point","coordinates":[-104.4909,37.548]},"properties":{"s":100.0,"pub":false}},{"type":"Feature","geometry":{"type":"Point","coordinates":[-104.4909,37.5538]},"properties":{"s":100.0,"pub":false}},{"type":"Feature","geometry":{"type":"Point","coordinates":[-104.4909,37.5596]},"properties":{"s":100.0,"pub":false}},{"type":"Feature","geometry":{"type":"Point","coordinates":[-104.4909,37.5654]},"properties":{"s":100.0,"pub":false}},{"type":"Feature","geometry":{"type":"Point","coordinates":[-104.4909,37.5712]},"properties":{"s":100.0,"pub":false}},{"type":"Feature","geometry":{"type":"Point","coordinates":[-104.4909,37.577]},"properties":{"s":100.0,"pub":false}},{"type":"Feature","geometry":{"type":"Point","coordinates":[-104.4909,37.5828]},"properties":{"s":100.0,"pub":false}},{"type":"Feature","geometry":{"type":"Point","coordinates":[-104.4909,37.5886]},"properties":{"s":100.0,"pub":false}},{"type":"Feature","geometry":{"type":"Point","coordinates":[-104.4909,37.5944]},"properties":{"s":100.0,"pub":false}},{"type":"Feature","geometry":{"type":"Point","coordinates":[-104.4909,37.6002]},"properties":{"s":100.0,"pub":false}},{"type":"Feature","geometry":{"type":"Point","coordinates":[-104.4909,37.606]},"properties":{"s":100.0,"pub":false}},{"type":"Feature","geometry":{"type":"Point","coordinates":[-104.4909,37.6118]},"properties":{"s":100.0,"pub":false}},{"type":"Feature","geometry":{"type":"Point","coordinates":[-104.4909,37.6176]},"properties":{"s":100.0,"pub":false}},{"type":"Feature","geometry":{"type":"Point","coordinates":[-104.4909,37.6234]},"properties":{"s":100.0,"pub":false}},{"type":"Feature","geometry":{"type":"Point","coordinates":[-104.4909,37.6292]},"properties":{"s":100.0,"pub":false}},{"type":"Feature","geometry":{"type":"Point","coordinates":[-104.4909,37.635]},"properties":{"s":100.0,"pub":false}},{"type":"Feature","geometry":{"type":"Point","coordinates":[-104.4909,37.6408]},"properties":{"s":100.0,"pub":false}},{"type":"Feature","geometry":{"type":"Point","coordinates":[-104.4909,37.6466]},"properties":{"s":100.0,"pub":false}},{"type":"Feature","geometry":{"type":"Point","coordinates":[-104.4909,37.6524]},"properties":{"s":100.0,"pub":false}},{"type":"Feature","geometry":{"type":"Point","coordinates":[-104.4909,37.6582]},"properties":{"s":100.0,"pub":false}},{"type":"Feature","geometry":{"type":"Point","coordinates":[-104.4909,37.664]},"properties":{"s":100.0,"pub":false}},{"type":"Feature","geometry":{"type":"Point","coordinates":[-104.4909,37.6698]},"properties":{"s":100.0,"pub":false}},{"type":"Feature","geometry":{"type":"Point","coordinates":[-104.4909,37.6756]},"properties":{"s":100.0,"pub":false}},{"type":"Feature","geometry":{"type":"Point","coordinates":[-104.4909,37.6814]},"properties":{"s":100.0,"pub":false}},{"type":"Feature","geometry":{"type":"Point","coordinates":[-104.4909,37.6872]},"properties":{"s":100.0,"pub":false}},{"type":"Feature","geometry":{"type":"Point","coordinates":[-104.4909,37.693]},"properties":{"s":100.0,"pub":false}},{"type":"Feature","geometry":{"type":"Point","coordinates":[-104.4909,37.6988]},"properties":{"s":100.0,"pub":false}},{"type":"Feature","geometry":{"type":"Point","coordinates":[-104.4909,37.7046]},"properties":{"s":100.0,"pub":false}},{"type":"Feature","geometry":{"type":"Point","coordinates":[-104.4909,37.7104]},"properties":{"s":100.0,"pub":false}},{"type":"Feature","geometry":{"type":"Point","coordinates":[-104.4909,37.7162]},"properties":{"s":100.0,"pub":false}},{"type":"Feature","geometry":{"type":"Point","coordinates":[-104.4909,37.722]},"properties":{"s":100.0,"pub":false}},{"type":"Feature","geometry":{"type":"Point","coordinates":[-104.4834,37.49]},"properties":{"s":100.0,"pub":false}},{"type":"Feature","geometry":{"type":"Point","coordinates":[-104.4834,37.4958]},"properties":{"s":100.0,"pub":false}},{"type":"Feature","geometry":{"type":"Point","coordinates":[-104.4834,37.5016]},"properties":{"s":100.0,"pub":false}},{"type":"Feature","geometry":{"type":"Point","coordinates":[-104.4834,37.5074]},"properties":{"s":100.0,"pub":false}},{"type":"Feature","geometry":{"type":"Point","coordinates":[-104.4834,37.5132]},"properties":{"s":100.0,"pub":false}},{"type":"Feature","geometry":{"type":"Point","coordinates":[-104.4834,37.519]},"properties":{"s":100.0,"pub":false}},{"type":"Feature","geometry":{"type":"Point","coordinates":[-104.4834,37.5248]},"properties":{"s":100.0,"pub":false}},{"type":"Feature","geometry":{"type":"Point","coordinates":[-104.4834,37.5306]},"properties":{"s":100.0,"pub":false}},{"type":"Feature","geometry":{"type":"Point","coordinates":[-104.4834,37.5364]},"properties":{"s":100.0,"pub":false}},{"type":"Feature","geometry":{"type":"Point","coordinates":[-104.4834,37.5422]},"properties":{"s":100.0,"pub":false}},{"type":"Feature","geometry":{"type":"Point","coordinates":[-104.4834,37.548]},"properties":{"s":100.0,"pub":false}},{"type":"Feature","geometry":{"type":"Point","coordinates":[-104.4834,37.5538]},"properties":{"s":100.0,"pub":false}},{"type":"Feature","geometry":{"type":"Point","coordinates":[-104.4834,37.5596]},"properties":{"s":100.0,"pub":false}},{"type":"Feature","geometry":{"type":"Point","coordinates":[-104.4834,37.5654]},"properties":{"s":100.0,"pub":false}},{"type":"Feature","geometry":{"type":"Point","coordinates":[-104.4834,37.5712]},"properties":{"s":100.0,"pub":false}},{"type":"Feature","geometry":{"type":"Point","coordinates":[-104.4834,37.577]},"properties":{"s":100.0,"pub":false}},{"type":"Feature","geometry":{"type":"Point","coordinates":[-104.4834,37.5828]},"properties":{"s":100.0,"pub":false}},{"type":"Feature","geometry":{"type":"Point","coordinates":[-104.4834,37.5886]},"properties":{"s":100.0,"pub":false}},{"type":"Feature","geometry":{"type":"Point","coordinates":[-104.4834,37.5944]},"properties":{"s":100.0,"pub":false}},{"type":"Feature","geometry":{"type":"Point","coordinates":[-104.4834,37.6002]},"properties":{"s":100.0,"pub":false}},{"type":"Feature","geometry":{"type":"Point","coordinates":[-104.4834,37.606]},"properties":{"s":100.0,"pub":false}},{"type":"Feature","geometry":{"type":"Point","coordinates":[-104.4834,37.6118]},"properties":{"s":100.0,"pub":false}},{"type":"Feature","geometry":{"type":"Point","coordinates":[-104.4834,37.6176]},"properties":{"s":100.0,"pub":false}},{"type":"Feature","geometry":{"type":"Point","coordinates":[-104.4834,37.6234]},"properties":{"s":100.0,"pub":false}},{"type":"Feature","geometry":{"type":"Point","coordinates":[-104.4834,37.6292]},"properties":{"s":100.0,"pub":false}},{"type":"Feature","geometry":{"type":"Point","coordinates":[-104.4834,37.635]},"properties":{"s":100.0,"pub":false}},{"type":"Feature","geometry":{"type":"Point","coordinates":[-104.4834,37.6408]},"properties":{"s":100.0,"pub":false}},{"type":"Feature","geometry":{"type":"Point","coordinates":[-104.4834,37.6466]},"properties":{"s":100.0,"pub":false}},{"type":"Feature","geometry":{"type":"Point","coordinates":[-104.4834,37.6524]},"properties":{"s":100.0,"pub":false}},{"type":"Feature","geometry":{"type":"Point","coordinates":[-104.4834,37.6582]},"properties":{"s":100.0,"pub":false}},{"type":"Feature","geometry":{"type":"Point","coordinates":[-104.4834,37.664]},"properties":{"s":100.0,"pub":false}},{"type":"Feature","geometry":{"type":"Point","coordinates":[-104.4834,37.6698]},"properties":{"s":100.0,"pub":false}},{"type":"Feature","geometry":{"type":"Point","coordinates":[-104.4834,37.6756]},"properties":{"s":100.0,"pub":false}},{"type":"Feature","geometry":{"type":"Point","coordinates":[-104.4834,37.6814]},"properties":{"s":100.0,"pub":false}},{"type":"Feature","geometry":{"type":"Point","coordinates":[-104.4834,37.6872]},"properties":{"s":100.0,"pub":false}},{"type":"Feature","geometry":{"type":"Point","coordinates":[-104.4834,37.693]},"properties":{"s":100.0,"pub":false}},{"type":"Feature","geometry":{"type":"Point","coordinates":[-104.4834,37.6988]},"properties":{"s":100.0,"pub":false}},{"type":"Feature","geometry":{"type":"Point","coordinates":[-104.4834,37.7046]},"properties":{"s":100.0,"pub":false}},{"type":"Feature","geometry":{"type":"Point","coordinates":[-104.4834,37.7104]},"properties":{"s":100.0,"pub":false}},{"type":"Feature","geometry":{"type":"Point","coordinates":[-104.4834,37.7162]},"properties":{"s":100.0,"pub":false}},{"type":"Feature","geometry":{"type":"Point","coordinates":[-104.4759,37.4842]},"properties":{"s":100.0,"pub":false}},{"type":"Feature","geometry":{"type":"Point","coordinates":[-104.4759,37.49]},"properties":{"s":100.0,"pub":false}},{"type":"Feature","geometry":{"type":"Point","coordinates":[-104.4759,37.4958]},"properties":{"s":100.0,"pub":false}},{"type":"Feature","geometry":{"type":"Point","coordinates":[-104.4759,37.5016]},"properties":{"s":100.0,"pub":false}},{"type":"Feature","geometry":{"type":"Point","coordinates":[-104.4759,37.5074]},"properties":{"s":100.0,"pub":false}},{"type":"Feature","geometry":{"type":"Point","coordinates":[-104.4759,37.5132]},"properties":{"s":100.0,"pub":false}},{"type":"Feature","geometry":{"type":"Point","coordinates":[-104.4759,37.519]},"properties":{"s":100.0,"pub":false}},{"type":"Feature","geometry":{"type":"Point","coordinates":[-104.4759,37.5248]},"properties":{"s":100.0,"pub":false}},{"type":"Feature","geometry":{"type":"Point","coordinates":[-104.4759,37.5306]},"properties":{"s":100.0,"pub":false}},{"type":"Feature","geometry":{"type":"Point","coordinates":[-104.4759,37.5364]},"properties":{"s":100.0,"pub":false}},{"type":"Feature","geometry":{"type":"Point","coordinates":[-104.4759,37.5422]},"properties":{"s":100.0,"pub":false}},{"type":"Feature","geometry":{"type":"Point","coordinates":[-104.4759,37.548]},"properties":{"s":100.0,"pub":false}},{"type":"Feature","geometry":{"type":"Point","coordinates":[-104.4759,37.5538]},"properties":{"s":100.0,"pub":false}},{"type":"Feature","geometry":{"type":"Point","coordinates":[-104.4759,37.5596]},"properties":{"s":100.0,"pub":false}},{"type":"Feature","geometry":{"type":"Point","coordinates":[-104.4759,37.5654]},"properties":{"s":100.0,"pub":false}},{"type":"Feature","geometry":{"type":"Point","coordinates":[-104.4759,37.5712]},"properties":{"s":100.0,"pub":false}},{"type":"Feature","geometry":{"type":"Point","coordinates":[-104.4759,37.577]},"properties":{"s":100.0,"pub":false}},{"type":"Feature","geometry":{"type":"Point","coordinates":[-104.4759,37.5828]},"properties":{"s":100.0,"pub":false}},{"type":"Feature","geometry":{"type":"Point","coordinates":[-104.4759,37.5886]},"properties":{"s":100.0,"pub":false}},{"type":"Feature","geometry":{"type":"Point","coordinates":[-104.4759,37.5944]},"properties":{"s":100.0,"pub":false}},{"type":"Feature","geometry":{"type":"Point","coordinates":[-104.4759,37.6002]},"properties":{"s":100.0,"pub":false}},{"type":"Feature","geometry":{"type":"Point","coordinates":[-104.4759,37.606]},"properties":{"s":100.0,"pub":false}},{"type":"Feature","geometry":{"type":"Point","coordinates":[-104.4759,37.6118]},"properties":{"s":100.0,"pub":false}},{"type":"Feature","geometry":{"type":"Point","coordinates":[-104.4759,37.6176]},"properties":{"s":100.0,"pub":false}},{"type":"Feature","geometry":{"type":"Point","coordinates":[-104.4759,37.6234]},"properties":{"s":100.0,"pub":false}},{"type":"Feature","geometry":{"type":"Point","coordinates":[-104.4759,37.6292]},"properties":{"s":100.0,"pub":false}},{"type":"Feature","geometry":{"type":"Point","coordinates":[-104.4759,37.635]},"properties":{"s":100.0,"pub":false}},{"type":"Feature","geometry":{"type":"Point","coordinates":[-104.4759,37.6408]},"properties":{"s":100.0,"pub":false}},{"type":"Feature","geometry":{"type":"Point","coordinates":[-104.4759,37.6466]},"properties":{"s":100.0,"pub":false}},{"type":"Feature","geometry":{"type":"Point","coordinates":[-104.4759,37.6524]},"properties":{"s":100.0,"pub":false}},{"type":"Feature","geometry":{"type":"Point","coordinates":[-104.4759,37.6582]},"properties":{"s":100.0,"pub":false}},{"type":"Feature","geometry":{"type":"Point","coordinates":[-104.4759,37.664]},"properties":{"s":100.0,"pub":false}},{"type":"Feature","geometry":{"type":"Point","coordinates":[-104.4759,37.6698]},"properties":{"s":100.0,"pub":false}},{"type":"Feature","geometry":{"type":"Point","coordinates":[-104.4759,37.6756]},"properties":{"s":100.0,"pub":false}},{"type":"Feature","geometry":{"type":"Point","coordinates":[-104.4759,37.6814]},"properties":{"s":100.0,"pub":false}},{"type":"Feature","geometry":{"type":"Point","coordinates":[-104.4759,37.6872]},"properties":{"s":100.0,"pub":false}},{"type":"Feature","geometry":{"type":"Point","coordinates":[-104.4759,37.693]},"properties":{"s":100.0,"pub":false}},{"type":"Feature","geometry":{"type":"Point","coordinates":[-104.4759,37.6988]},"properties":{"s":100.0,"pub":false}},{"type":"Feature","geometry":{"type":"Point","coordinates":[-104.4759,37.7046]},"properties":{"s":100.0,"pub":false}},{"type":"Feature","geometry":{"type":"Point","coordinates":[-104.4759,37.7104]},"properties":{"s":100.0,"pub":false}},{"type":"Feature","geometry":{"type":"Point","coordinates":[-104.4684,37.4842]},"properties":{"s":100.0,"pub":false}},{"type":"Feature","geometry":{"type":"Point","coordinates":[-104.4684,37.49]},"properties":{"s":100.0,"pub":false}},{"type":"Feature","geometry":{"type":"Point","coordinates":[-104.4684,37.4958]},"properties":{"s":100.0,"pub":false}},{"type":"Feature","geometry":{"type":"Point","coordinates":[-104.4684,37.5016]},"properties":{"s":100.0,"pub":false}},{"type":"Feature","geometry":{"type":"Point","coordinates":[-104.4684,37.5074]},"properties":{"s":100.0,"pub":false}},{"type":"Feature","geometry":{"type":"Point","coordinates":[-104.4684,37.5132]},"properties":{"s":100.0,"pub":false}},{"type":"Feature","geometry":{"type":"Point","coordinates":[-104.4684,37.519]},"properties":{"s":100.0,"pub":false}},{"type":"Feature","geometry":{"type":"Point","coordinates":[-104.4684,37.5248]},"properties":{"s":100.0,"pub":false}},{"type":"Feature","geometry":{"type":"Point","coordinates":[-104.4684,37.5306]},"properties":{"s":100.0,"pub":false}},{"type":"Feature","geometry":{"type":"Point","coordinates":[-104.4684,37.5364]},"properties":{"s":100.0,"pub":false}},{"type":"Feature","geometry":{"type":"Point","coordinates":[-104.4684,37.5422]},"properties":{"s":100.0,"pub":false}},{"type":"Feature","geometry":{"type":"Point","coordinates":[-104.4684,37.548]},"properties":{"s":100.0,"pub":false}},{"type":"Feature","geometry":{"type":"Point","coordinates":[-104.4684,37.5538]},"properties":{"s":100.0,"pub":false}},{"type":"Feature","geometry":{"type":"Point","coordinates":[-104.4684,37.5596]},"properties":{"s":100.0,"pub":false}},{"type":"Feature","geometry":{"type":"Point","coordinates":[-104.4684,37.5654]},"properties":{"s":100.0,"pub":false}},{"type":"Feature","geometry":{"type":"Point","coordinates":[-104.4684,37.5712]},"properties":{"s":100.0,"pub":false}},{"type":"Feature","geometry":{"type":"Point","coordinates":[-104.4684,37.577]},"properties":{"s":100.0,"pub":false}},{"type":"Feature","geometry":{"type":"Point","coordinates":[-104.4684,37.5828]},"properties":{"s":100.0,"pub":false}},{"type":"Feature","geometry":{"type":"Point","coordinates":[-104.4684,37.5886]},"properties":{"s":100.0,"pub":true}},{"type":"Feature","geometry":{"type":"Point","coordinates":[-104.4684,37.5944]},"properties":{"s":100.0,"pub":true}},{"type":"Feature","geometry":{"type":"Point","coordinates":[-104.4684,37.6002]},"properties":{"s":100.0,"pub":false}},{"type":"Feature","geometry":{"type":"Point","coordinates":[-104.4684,37.606]},"properties":{"s":100.0,"pub":false}},{"type":"Feature","geometry":{"type":"Point","coordinates":[-104.4684,37.6118]},"properties":{"s":100.0,"pub":true}},{"type":"Feature","geometry":{"type":"Point","coordinates":[-104.4684,37.6176]},"properties":{"s":100.0,"pub":true}},{"type":"Feature","geometry":{"type":"Point","coordinates":[-104.4684,37.6234]},"properties":{"s":100.0,"pub":true}},{"type":"Feature","geometry":{"type":"Point","coordinates":[-104.4684,37.6292]},"properties":{"s":100.0,"pub":false}},{"type":"Feature","geometry":{"type":"Point","coordinates":[-104.4684,37.635]},"properties":{"s":100.0,"pub":false}},{"type":"Feature","geometry":{"type":"Point","coordinates":[-104.4684,37.6408]},"properties":{"s":100.0,"pub":false}},{"type":"Feature","geometry":{"type":"Point","coordinates":[-104.4684,37.6466]},"properties":{"s":100.0,"pub":false}},{"type":"Feature","geometry":{"type":"Point","coordinates":[-104.4684,37.6524]},"properties":{"s":100.0,"pub":false}},{"type":"Feature","geometry":{"type":"Point","coordinates":[-104.4684,37.6582]},"properties":{"s":100.0,"pub":false}},{"type":"Feature","geometry":{"type":"Point","coordinates":[-104.4684,37.664]},"properties":{"s":100.0,"pub":false}},{"type":"Feature","geometry":{"type":"Point","coordinates":[-104.4684,37.6698]},"properties":{"s":100.0,"pub":false}},{"type":"Feature","geometry":{"type":"Point","coordinates":[-104.4684,37.6756]},"properties":{"s":100.0,"pub":false}},{"type":"Feature","geometry":{"type":"Point","coordinates":[-104.4684,37.6814]},"properties":{"s":100.0,"pub":false}},{"type":"Feature","geometry":{"type":"Point","coordinates":[-104.4684,37.6872]},"properties":{"s":100.0,"pub":false}},{"type":"Feature","geometry":{"type":"Point","coordinates":[-104.4684,37.693]},"properties":{"s":100.0,"pub":false}},{"type":"Feature","geometry":{"type":"Point","coordinates":[-104.4684,37.6988]},"properties":{"s":100.0,"pub":false}},{"type":"Feature","geometry":{"type":"Point","coordinates":[-104.4684,37.7046]},"properties":{"s":100.0,"pub":false}},{"type":"Feature","geometry":{"type":"Point","coordinates":[-104.4609,37.4784]},"properties":{"s":100.0,"pub":false}},{"type":"Feature","geometry":{"type":"Point","coordinates":[-104.4609,37.4842]},"properties":{"s":100.0,"pub":false}},{"type":"Feature","geometry":{"type":"Point","coordinates":[-104.4609,37.49]},"properties":{"s":100.0,"pub":false}},{"type":"Feature","geometry":{"type":"Point","coordinates":[-104.4609,37.4958]},"properties":{"s":100.0,"pub":false}},{"type":"Feature","geometry":{"type":"Point","coordinates":[-104.4609,37.5016]},"properties":{"s":100.0,"pub":false}},{"type":"Feature","geometry":{"type":"Point","coordinates":[-104.4609,37.5074]},"properties":{"s":100.0,"pub":false}},{"type":"Feature","geometry":{"type":"Point","coordinates":[-104.4609,37.5132]},"properties":{"s":100.0,"pub":false}},{"type":"Feature","geometry":{"type":"Point","coordinates":[-104.4609,37.519]},"properties":{"s":100.0,"pub":false}},{"type":"Feature","geometry":{"type":"Point","coordinates":[-104.4609,37.5248]},"properties":{"s":100.0,"pub":true}},{"type":"Feature","geometry":{"type":"Point","coordinates":[-104.4609,37.5306]},"properties":{"s":100.0,"pub":false}},{"type":"Feature","geometry":{"type":"Point","coordinates":[-104.4609,37.5364]},"properties":{"s":100.0,"pub":false}},{"type":"Feature","geometry":{"type":"Point","coordinates":[-104.4609,37.5422]},"properties":{"s":100.0,"pub":false}},{"type":"Feature","geometry":{"type":"Point","coordinates":[-104.4609,37.548]},"properties":{"s":100.0,"pub":false}},{"type":"Feature","geometry":{"type":"Point","coordinates":[-104.4609,37.5538]},"properties":{"s":100.0,"pub":false}},{"type":"Feature","geometry":{"type":"Point","coordinates":[-104.4609,37.5596]},"properties":{"s":100.0,"pub":false}},{"type":"Feature","geometry":{"type":"Point","coordinates":[-104.4609,37.5654]},"properties":{"s":100.0,"pub":false}},{"type":"Feature","geometry":{"type":"Point","coordinates":[-104.4609,37.5712]},"properties":{"s":100.0,"pub":false}},{"type":"Feature","geometry":{"type":"Point","coordinates":[-104.4609,37.577]},"properties":{"s":100.0,"pub":false}},{"type":"Feature","geometry":{"type":"Point","coordinates":[-104.4609,37.5828]},"properties":{"s":100.0,"pub":false}},{"type":"Feature","geometry":{"type":"Point","coordinates":[-104.4609,37.5886]},"properties":{"s":100.0,"pub":false}},{"type":"Feature","geometry":{"type":"Point","coordinates":[-104.4609,37.5944]},"properties":{"s":100.0,"pub":false}},{"type":"Feature","geometry":{"type":"Point","coordinates":[-104.4609,37.6002]},"properties":{"s":100.0,"pub":false}},{"type":"Feature","geometry":{"type":"Point","coordinates":[-104.4609,37.606]},"properties":{"s":100.0,"pub":true}},{"type":"Feature","geometry":{"type":"Point","coordinates":[-104.4609,37.6118]},"properties":{"s":100.0,"pub":true}},{"type":"Feature","geometry":{"type":"Point","coordinates":[-104.4609,37.6176]},"properties":{"s":100.0,"pub":false}},{"type":"Feature","geometry":{"type":"Point","coordinates":[-104.4609,37.6234]},"properties":{"s":100.0,"pub":false}},{"type":"Feature","geometry":{"type":"Point","coordinates":[-104.4609,37.6292]},"properties":{"s":100.0,"pub":false}},{"type":"Feature","geometry":{"type":"Point","coordinates":[-104.4609,37.635]},"properties":{"s":100.0,"pub":false}},{"type":"Feature","geometry":{"type":"Point","coordinates":[-104.4609,37.6408]},"properties":{"s":100.0,"pub":false}},{"type":"Feature","geometry":{"type":"Point","coordinates":[-104.4609,37.6466]},"properties":{"s":100.0,"pub":false}},{"type":"Feature","geometry":{"type":"Point","coordinates":[-104.4609,37.6524]},"properties":{"s":100.0,"pub":false}},{"type":"Feature","geometry":{"type":"Point","coordinates":[-104.4609,37.6582]},"properties":{"s":100.0,"pub":false}},{"type":"Feature","geometry":{"type":"Point","coordinates":[-104.4609,37.664]},"properties":{"s":100.0,"pub":false}},{"type":"Feature","geometry":{"type":"Point","coordinates":[-104.4609,37.6698]},"properties":{"s":100.0,"pub":false}},{"type":"Feature","geometry":{"type":"Point","coordinates":[-104.4609,37.6756]},"properties":{"s":100.0,"pub":false}},{"type":"Feature","geometry":{"type":"Point","coordinates":[-104.4609,37.6814]},"properties":{"s":100.0,"pub":false}},{"type":"Feature","geometry":{"type":"Point","coordinates":[-104.4609,37.6872]},"properties":{"s":100.0,"pub":false}},{"type":"Feature","geometry":{"type":"Point","coordinates":[-104.4609,37.693]},"properties":{"s":100.0,"pub":true}},{"type":"Feature","geometry":{"type":"Point","coordinates":[-104.4609,37.6988]},"properties":{"s":100.0,"pub":true}},{"type":"Feature","geometry":{"type":"Point","coordinates":[-104.4534,37.4784]},"properties":{"s":100.0,"pub":false}},{"type":"Feature","geometry":{"type":"Point","coordinates":[-104.4534,37.4842]},"properties":{"s":100.0,"pub":false}},{"type":"Feature","geometry":{"type":"Point","coordinates":[-104.4534,37.49]},"properties":{"s":100.0,"pub":false}},{"type":"Feature","geometry":{"type":"Point","coordinates":[-104.4534,37.4958]},"properties":{"s":100.0,"pub":false}},{"type":"Feature","geometry":{"type":"Point","coordinates":[-104.4534,37.5016]},"properties":{"s":100.0,"pub":false}},{"type":"Feature","geometry":{"type":"Point","coordinates":[-104.4534,37.5074]},"properties":{"s":100.0,"pub":false}},{"type":"Feature","geometry":{"type":"Point","coordinates":[-104.4534,37.5132]},"properties":{"s":100.0,"pub":false}},{"type":"Feature","geometry":{"type":"Point","coordinates":[-104.4534,37.519]},"properties":{"s":100.0,"pub":false}},{"type":"Feature","geometry":{"type":"Point","coordinates":[-104.4534,37.5248]},"properties":{"s":100.0,"pub":true}},{"type":"Feature","geometry":{"type":"Point","coordinates":[-104.4534,37.5306]},"properties":{"s":100.0,"pub":false}},{"type":"Feature","geometry":{"type":"Point","coordinates":[-104.4534,37.5364]},"properties":{"s":100.0,"pub":false}},{"type":"Feature","geometry":{"type":"Point","coordinates":[-104.4534,37.5422]},"properties":{"s":100.0,"pub":false}},{"type":"Feature","geometry":{"type":"Point","coordinates":[-104.4534,37.548]},"properties":{"s":100.0,"pub":false}},{"type":"Feature","geometry":{"type":"Point","coordinates":[-104.4534,37.5538]},"properties":{"s":100.0,"pub":false}},{"type":"Feature","geometry":{"type":"Point","coordinates":[-104.4534,37.5596]},"properties":{"s":100.0,"pub":false}},{"type":"Feature","geometry":{"type":"Point","coordinates":[-104.4534,37.5654]},"properties":{"s":100.0,"pub":false}},{"type":"Feature","geometry":{"type":"Point","coordinates":[-104.4534,37.5712]},"properties":{"s":100.0,"pub":false}},{"type":"Feature","geometry":{"type":"Point","coordinates":[-104.4534,37.577]},"properties":{"s":100.0,"pub":false}},{"type":"Feature","geometry":{"type":"Point","coordinates":[-104.4534,37.5828]},"properties":{"s":100.0,"pub":false}},{"type":"Feature","geometry":{"type":"Point","coordinates":[-104.4534,37.5886]},"properties":{"s":100.0,"pub":false}},{"type":"Feature","geometry":{"type":"Point","coordinates":[-104.4534,37.5944]},"properties":{"s":100.0,"pub":false}},{"type":"Feature","geometry":{"type":"Point","coordinates":[-104.4534,37.6002]},"properties":{"s":100.0,"pub":false}},{"type":"Feature","geometry":{"type":"Point","coordinates":[-104.4534,37.606]},"properties":{"s":100.0,"pub":true}},{"type":"Feature","geometry":{"type":"Point","coordinates":[-104.4534,37.6118]},"properties":{"s":100.0,"pub":true}},{"type":"Feature","geometry":{"type":"Point","coordinates":[-104.4534,37.6176]},"properties":{"s":100.0,"pub":false}},{"type":"Feature","geometry":{"type":"Point","coordinates":[-104.4534,37.6234]},"properties":{"s":100.0,"pub":false}},{"type":"Feature","geometry":{"type":"Point","coordinates":[-104.4534,37.6292]},"properties":{"s":100.0,"pub":false}},{"type":"Feature","geometry":{"type":"Point","coordinates":[-104.4534,37.635]},"properties":{"s":100.0,"pub":false}},{"type":"Feature","geometry":{"type":"Point","coordinates":[-104.4534,37.6408]},"properties":{"s":100.0,"pub":false}},{"type":"Feature","geometry":{"type":"Point","coordinates":[-104.4534,37.6466]},"properties":{"s":100.0,"pub":false}},{"type":"Feature","geometry":{"type":"Point","coordinates":[-104.4534,37.6524]},"properties":{"s":100.0,"pub":false}},{"type":"Feature","geometry":{"type":"Point","coordinates":[-104.4534,37.6582]},"properties":{"s":100.0,"pub":false}},{"type":"Feature","geometry":{"type":"Point","coordinates":[-104.4534,37.664]},"properties":{"s":100.0,"pub":false}},{"type":"Feature","geometry":{"type":"Point","coordinates":[-104.4534,37.6698]},"properties":{"s":100.0,"pub":false}},{"type":"Feature","geometry":{"type":"Point","coordinates":[-104.4534,37.6756]},"properties":{"s":100.0,"pub":false}},{"type":"Feature","geometry":{"type":"Point","coordinates":[-104.4534,37.6814]},"properties":{"s":100.0,"pub":false}},{"type":"Feature","geometry":{"type":"Point","coordinates":[-104.4534,37.6872]},"properties":{"s":100.0,"pub":false}},{"type":"Feature","geometry":{"type":"Point","coordinates":[-104.4534,37.693]},"properties":{"s":100.0,"pub":true}},{"type":"Feature","geometry":{"type":"Point","coordinates":[-104.4459,37.4784]},"properties":{"s":100.0,"pub":false}},{"type":"Feature","geometry":{"type":"Point","coordinates":[-104.4459,37.4842]},"properties":{"s":100.0,"pub":false}},{"type":"Feature","geometry":{"type":"Point","coordinates":[-104.4459,37.49]},"properties":{"s":100.0,"pub":false}},{"type":"Feature","geometry":{"type":"Point","coordinates":[-104.4459,37.4958]},"properties":{"s":100.0,"pub":false}},{"type":"Feature","geometry":{"type":"Point","coordinates":[-104.4459,37.5016]},"properties":{"s":100.0,"pub":false}},{"type":"Feature","geometry":{"type":"Point","coordinates":[-104.4459,37.5074]},"properties":{"s":100.0,"pub":false}},{"type":"Feature","geometry":{"type":"Point","coordinates":[-104.4459,37.5132]},"properties":{"s":100.0,"pub":false}},{"type":"Feature","geometry":{"type":"Point","coordinates":[-104.4459,37.519]},"properties":{"s":100.0,"pub":false}},{"type":"Feature","geometry":{"type":"Point","coordinates":[-104.4459,37.5248]},"properties":{"s":100.0,"pub":true}},{"type":"Feature","geometry":{"type":"Point","coordinates":[-104.4459,37.5306]},"properties":{"s":100.0,"pub":false}},{"type":"Feature","geometry":{"type":"Point","coordinates":[-104.4459,37.5364]},"properties":{"s":100.0,"pub":false}},{"type":"Feature","geometry":{"type":"Point","coordinates":[-104.4459,37.5422]},"properties":{"s":100.0,"pub":false}},{"type":"Feature","geometry":{"type":"Point","coordinates":[-104.4459,37.548]},"properties":{"s":100.0,"pub":false}},{"type":"Feature","geometry":{"type":"Point","coordinates":[-104.4459,37.5538]},"properties":{"s":100.0,"pub":false}},{"type":"Feature","geometry":{"type":"Point","coordinates":[-104.4459,37.5596]},"properties":{"s":100.0,"pub":false}},{"type":"Feature","geometry":{"type":"Point","coordinates":[-104.4459,37.5654]},"properties":{"s":100.0,"pub":false}},{"type":"Feature","geometry":{"type":"Point","coordinates":[-104.4459,37.5712]},"properties":{"s":100.0,"pub":false}},{"type":"Feature","geometry":{"type":"Point","coordinates":[-104.4459,37.577]},"properties":{"s":100.0,"pub":false}},{"type":"Feature","geometry":{"type":"Point","coordinates":[-104.4459,37.5828]},"properties":{"s":100.0,"pub":false}},{"type":"Feature","geometry":{"type":"Point","coordinates":[-104.4459,37.5886]},"properties":{"s":100.0,"pub":false}},{"type":"Feature","geometry":{"type":"Point","coordinates":[-104.4459,37.5944]},"properties":{"s":100.0,"pub":false}},{"type":"Feature","geometry":{"type":"Point","coordinates":[-104.4459,37.6002]},"properties":{"s":100.0,"pub":false}},{"type":"Feature","geometry":{"type":"Point","coordinates":[-104.4459,37.606]},"properties":{"s":100.0,"pub":true}},{"type":"Feature","geometry":{"type":"Point","coordinates":[-104.4459,37.6118]},"properties":{"s":100.0,"pub":true}},{"type":"Feature","geometry":{"type":"Point","coordinates":[-104.4459,37.6176]},"properties":{"s":100.0,"pub":false}},{"type":"Feature","geometry":{"type":"Point","coordinates":[-104.4459,37.6234]},"properties":{"s":100.0,"pub":false}},{"type":"Feature","geometry":{"type":"Point","coordinates":[-104.4459,37.6292]},"properties":{"s":100.0,"pub":false}},{"type":"Feature","geometry":{"type":"Point","coordinates":[-104.4459,37.635]},"properties":{"s":100.0,"pub":false}},{"type":"Feature","geometry":{"type":"Point","coordinates":[-104.4459,37.6408]},"properties":{"s":100.0,"pub":false}},{"type":"Feature","geometry":{"type":"Point","coordinates":[-104.4459,37.6466]},"properties":{"s":100.0,"pub":false}},{"type":"Feature","geometry":{"type":"Point","coordinates":[-104.4459,37.6524]},"properties":{"s":100.0,"pub":false}},{"type":"Feature","geometry":{"type":"Point","coordinates":[-104.4459,37.6582]},"properties":{"s":100.0,"pub":false}},{"type":"Feature","geometry":{"type":"Point","coordinates":[-104.4459,37.664]},"properties":{"s":100.0,"pub":false}},{"type":"Feature","geometry":{"type":"Point","coordinates":[-104.4459,37.6698]},"properties":{"s":100.0,"pub":false}},{"type":"Feature","geometry":{"type":"Point","coordinates":[-104.4459,37.6756]},"properties":{"s":100.0,"pub":false}},{"type":"Feature","geometry":{"type":"Point","coordinates":[-104.4459,37.6814]},"properties":{"s":100.0,"pub":false}},{"type":"Feature","geometry":{"type":"Point","coordinates":[-104.4459,37.6872]},"properties":{"s":100.0,"pub":false}},{"type":"Feature","geometry":{"type":"Point","coordinates":[-104.4459,37.693]},"properties":{"s":100.0,"pub":true}},{"type":"Feature","geometry":{"type":"Point","coordinates":[-104.4384,37.4784]},"properties":{"s":100.0,"pub":false}},{"type":"Feature","geometry":{"type":"Point","coordinates":[-104.4384,37.4842]},"properties":{"s":100.0,"pub":false}},{"type":"Feature","geometry":{"type":"Point","coordinates":[-104.4384,37.49]},"properties":{"s":100.0,"pub":false}},{"type":"Feature","geometry":{"type":"Point","coordinates":[-104.4384,37.4958]},"properties":{"s":100.0,"pub":false}},{"type":"Feature","geometry":{"type":"Point","coordinates":[-104.4384,37.5016]},"properties":{"s":100.0,"pub":false}},{"type":"Feature","geometry":{"type":"Point","coordinates":[-104.4384,37.5074]},"properties":{"s":100.0,"pub":false}},{"type":"Feature","geometry":{"type":"Point","coordinates":[-104.4384,37.5132]},"properties":{"s":100.0,"pub":false}},{"type":"Feature","geometry":{"type":"Point","coordinates":[-104.4384,37.519]},"properties":{"s":100.0,"pub":false}},{"type":"Feature","geometry":{"type":"Point","coordinates":[-104.4384,37.5248]},"properties":{"s":100.0,"pub":false}},{"type":"Feature","geometry":{"type":"Point","coordinates":[-104.4384,37.5306]},"properties":{"s":100.0,"pub":false}},{"type":"Feature","geometry":{"type":"Point","coordinates":[-104.4384,37.5364]},"properties":{"s":100.0,"pub":false}},{"type":"Feature","geometry":{"type":"Point","coordinates":[-104.4384,37.5422]},"properties":{"s":100.0,"pub":false}},{"type":"Feature","geometry":{"type":"Point","coordinates":[-104.4384,37.548]},"properties":{"s":100.0,"pub":false}},{"type":"Feature","geometry":{"type":"Point","coordinates":[-104.4384,37.5538]},"properties":{"s":100.0,"pub":false}},{"type":"Feature","geometry":{"type":"Point","coordinates":[-104.4384,37.5596]},"properties":{"s":100.0,"pub":false}},{"type":"Feature","geometry":{"type":"Point","coordinates":[-104.4384,37.5654]},"properties":{"s":100.0,"pub":false}},{"type":"Feature","geometry":{"type":"Point","coordinates":[-104.4384,37.5712]},"properties":{"s":100.0,"pub":false}},{"type":"Feature","geometry":{"type":"Point","coordinates":[-104.4384,37.577]},"properties":{"s":100.0,"pub":false}},{"type":"Feature","geometry":{"type":"Point","coordinates":[-104.4384,37.5828]},"properties":{"s":100.0,"pub":false}},{"type":"Feature","geometry":{"type":"Point","coordinates":[-104.4384,37.5886]},"properties":{"s":100.0,"pub":false}},{"type":"Feature","geometry":{"type":"Point","coordinates":[-104.4384,37.5944]},"properties":{"s":100.0,"pub":false}},{"type":"Feature","geometry":{"type":"Point","coordinates":[-104.4384,37.6002]},"properties":{"s":100.0,"pub":false}},{"type":"Feature","geometry":{"type":"Point","coordinates":[-104.4384,37.606]},"properties":{"s":100.0,"pub":false}},{"type":"Feature","geometry":{"type":"Point","coordinates":[-104.4384,37.6118]},"properties":{"s":100.0,"pub":false}},{"type":"Feature","geometry":{"type":"Point","coordinates":[-104.4384,37.6176]},"properties":{"s":100.0,"pub":false}},{"type":"Feature","geometry":{"type":"Point","coordinates":[-104.4384,37.6234]},"properties":{"s":100.0,"pub":false}},{"type":"Feature","geometry":{"type":"Point","coordinates":[-104.4384,37.6292]},"properties":{"s":100.0,"pub":false}},{"type":"Feature","geometry":{"type":"Point","coordinates":[-104.4384,37.635]},"properties":{"s":100.0,"pub":false}},{"type":"Feature","geometry":{"type":"Point","coordinates":[-104.4384,37.6408]},"properties":{"s":100.0,"pub":false}},{"type":"Feature","geometry":{"type":"Point","coordinates":[-104.4384,37.6466]},"properties":{"s":100.0,"pub":false}},{"type":"Feature","geometry":{"type":"Point","coordinates":[-104.4384,37.6524]},"properties":{"s":100.0,"pub":false}},{"type":"Feature","geometry":{"type":"Point","coordinates":[-104.4384,37.6582]},"properties":{"s":100.0,"pub":false}},{"type":"Feature","geometry":{"type":"Point","coordinates":[-104.4384,37.664]},"properties":{"s":100.0,"pub":false}},{"type":"Feature","geometry":{"type":"Point","coordinates":[-104.4384,37.6698]},"properties":{"s":100.0,"pub":false}},{"type":"Feature","geometry":{"type":"Point","coordinates":[-104.4384,37.6756]},"properties":{"s":100.0,"pub":false}},{"type":"Feature","geometry":{"type":"Point","coordinates":[-104.4384,37.6814]},"properties":{"s":100.0,"pub":false}},{"type":"Feature","geometry":{"type":"Point","coordinates":[-104.4384,37.6872]},"properties":{"s":100.0,"pub":false}},{"type":"Feature","geometry":{"type":"Point","coordinates":[-104.4309,37.4784]},"properties":{"s":100.0,"pub":false}},{"type":"Feature","geometry":{"type":"Point","coordinates":[-104.4309,37.4842]},"properties":{"s":100.0,"pub":false}},{"type":"Feature","geometry":{"type":"Point","coordinates":[-104.4309,37.49]},"properties":{"s":100.0,"pub":false}},{"type":"Feature","geometry":{"type":"Point","coordinates":[-104.4309,37.4958]},"properties":{"s":100.0,"pub":false}},{"type":"Feature","geometry":{"type":"Point","coordinates":[-104.4309,37.5016]},"properties":{"s":100.0,"pub":false}},{"type":"Feature","geometry":{"type":"Point","coordinates":[-104.4309,37.5074]},"properties":{"s":100.0,"pub":false}},{"type":"Feature","geometry":{"type":"Point","coordinates":[-104.4309,37.5132]},"properties":{"s":100.0,"pub":false}},{"type":"Feature","geometry":{"type":"Point","coordinates":[-104.4309,37.519]},"properties":{"s":100.0,"pub":false}},{"type":"Feature","geometry":{"type":"Point","coordinates":[-104.4309,37.5248]},"properties":{"s":100.0,"pub":false}},{"type":"Feature","geometry":{"type":"Point","coordinates":[-104.4309,37.5306]},"properties":{"s":100.0,"pub":false}},{"type":"Feature","geometry":{"type":"Point","coordinates":[-104.4309,37.5364]},"properties":{"s":100.0,"pub":true}},{"type":"Feature","geometry":{"type":"Point","coordinates":[-104.4309,37.5422]},"properties":{"s":100.0,"pub":true}},{"type":"Feature","geometry":{"type":"Point","coordinates":[-104.4309,37.548]},"properties":{"s":100.0,"pub":false}},{"type":"Feature","geometry":{"type":"Point","coordinates":[-104.4309,37.5538]},"properties":{"s":100.0,"pub":false}},{"type":"Feature","geometry":{"type":"Point","coordinates":[-104.4309,37.5596]},"properties":{"s":100.0,"pub":false}},{"type":"Feature","geometry":{"type":"Point","coordinates":[-104.4309,37.5654]},"properties":{"s":100.0,"pub":false}},{"type":"Feature","geometry":{"type":"Point","coordinates":[-104.4309,37.5712]},"properties":{"s":100.0,"pub":false}},{"type":"Feature","geometry":{"type":"Point","coordinates":[-104.4309,37.577]},"properties":{"s":100.0,"pub":false}},{"type":"Feature","geometry":{"type":"Point","coordinates":[-104.4309,37.5828]},"properties":{"s":100.0,"pub":false}},{"type":"Feature","geometry":{"type":"Point","coordinates":[-104.4309,37.5886]},"properties":{"s":100.0,"pub":false}},{"type":"Feature","geometry":{"type":"Point","coordinates":[-104.4309,37.5944]},"properties":{"s":100.0,"pub":false}},{"type":"Feature","geometry":{"type":"Point","coordinates":[-104.4309,37.6002]},"properties":{"s":100.0,"pub":false}},{"type":"Feature","geometry":{"type":"Point","coordinates":[-104.4309,37.606]},"properties":{"s":100.0,"pub":false}},{"type":"Feature","geometry":{"type":"Point","coordinates":[-104.4309,37.6118]},"properties":{"s":100.0,"pub":false}},{"type":"Feature","geometry":{"type":"Point","coordinates":[-104.4309,37.6176]},"properties":{"s":100.0,"pub":false}},{"type":"Feature","geometry":{"type":"Point","coordinates":[-104.4309,37.6234]},"properties":{"s":100.0,"pub":false}},{"type":"Feature","geometry":{"type":"Point","coordinates":[-104.4309,37.6292]},"properties":{"s":100.0,"pub":false}},{"type":"Feature","geometry":{"type":"Point","coordinates":[-104.4309,37.635]},"properties":{"s":100.0,"pub":false}},{"type":"Feature","geometry":{"type":"Point","coordinates":[-104.4309,37.6408]},"properties":{"s":100.0,"pub":false}},{"type":"Feature","geometry":{"type":"Point","coordinates":[-104.4309,37.6466]},"properties":{"s":100.0,"pub":false}},{"type":"Feature","geometry":{"type":"Point","coordinates":[-104.4309,37.6524]},"properties":{"s":100.0,"pub":false}},{"type":"Feature","geometry":{"type":"Point","coordinates":[-104.4309,37.6582]},"properties":{"s":100.0,"pub":false}},{"type":"Feature","geometry":{"type":"Point","coordinates":[-104.4309,37.664]},"properties":{"s":100.0,"pub":false}},{"type":"Feature","geometry":{"type":"Point","coordinates":[-104.4309,37.6698]},"properties":{"s":100.0,"pub":false}},{"type":"Feature","geometry":{"type":"Point","coordinates":[-104.4309,37.6756]},"properties":{"s":100.0,"pub":false}},{"type":"Feature","geometry":{"type":"Point","coordinates":[-104.4309,37.6814]},"properties":{"s":100.0,"pub":false}},{"type":"Feature","geometry":{"type":"Point","coordinates":[-104.4234,37.4842]},"properties":{"s":100.0,"pub":false}},{"type":"Feature","geometry":{"type":"Point","coordinates":[-104.4234,37.49]},"properties":{"s":100.0,"pub":false}},{"type":"Feature","geometry":{"type":"Point","coordinates":[-104.4234,37.4958]},"properties":{"s":100.0,"pub":false}},{"type":"Feature","geometry":{"type":"Point","coordinates":[-104.4234,37.5016]},"properties":{"s":100.0,"pub":false}},{"type":"Feature","geometry":{"type":"Point","coordinates":[-104.4234,37.5074]},"properties":{"s":100.0,"pub":false}}]}