{"type":"FeatureCollection","features":[{"type":"Feature","geometry":{"type":"Point","coordinates":[-106.9438,40.8239]},"properties":{"s":63.4,"pub":true}},{"type":"Feature","geometry":{"type":"Point","coordinates":[-106.9363,40.6151]},"properties":{"s":70.7,"pub":false}},{"type":"Feature","geometry":{"type":"Point","coordinates":[-106.9363,40.6209]},"properties":{"s":41.5,"pub":false}},{"type":"Feature","geometry":{"type":"Point","coordinates":[-106.9363,40.6267]},"properties":{"s":41.5,"pub":false}},{"type":"Feature","geometry":{"type":"Point","coordinates":[-106.9363,40.6325]},"properties":{"s":70.7,"pub":false}},{"type":"Feature","geometry":{"type":"Point","coordinates":[-106.9363,40.6383]},"properties":{"s":70.7,"pub":false}},{"type":"Feature","geometry":{"type":"Point","coordinates":[-106.9363,40.6441]},"properties":{"s":70.7,"pub":false}},{"type":"Feature","geometry":{"type":"Point","coordinates":[-106.9363,40.6499]},"properties":{"s":70.7,"pub":true}},{"type":"Feature","geometry":{"type":"Point","coordinates":[-106.9363,40.6557]},"properties":{"s":41.5,"pub":true}},{"type":"Feature","geometry":{"type":"Point","coordinates":[-106.9363,40.6615]},"properties":{"s":41.5,"pub":false}},{"type":"Feature","geometry":{"type":"Point","coordinates":[-106.9363,40.8181]},"properties":{"s":63.4,"pub":false}},{"type":"Feature","geometry":{"type":"Point","coordinates":[-106.9363,40.8239]},"properties":{"s":63.4,"pub":true}},{"type":"Feature","geometry":{"type":"Point","coordinates":[-106.9363,40.8297]},"properties":{"s":63.4,"pub":true}},{"type":"Feature","geometry":{"type":"Point","coordinates":[-106.9363,40.8355]},"properties":{"s":63.4,"pub":true}},{"type":"Feature","geometry":{"type":"Point","coordinates":[-106.9288,40.6093]},"properties":{"s":70.7,"pub":false}},{"type":"Feature","geometry":{"type":"Point","coordinates":[-106.9288,40.6151]},"properties":{"s":70.7,"pub":false}},{"type":"Feature","geometry":{"type":"Point","coordinates":[-106.9288,40.6209]},"properties":{"s":70.7,"pub":false}},{"type":"Feature","geometry":{"type":"Point","coordinates":[-106.9288,40.6267]},"properties":{"s":70.7,"pub":false}},{"type":"Feature","geometry":{"type":"Point","coordinates":[-106.9288,40.6325]},"properties":{"s":70.7,"pub":false}},{"type":"Feature","geometry":{"type":"Point","coordinates":[-106.9288,40.6383]},"properties":{"s":70.7,"pub":false}},{"type":"Feature","geometry":{"type":"Point","coordinates":[-106.9288,40.6441]},"properties":{"s":70.7,"pub":false}},{"type":"Feature","geometry":{"type":"Point","coordinates":[-106.9288,40.6499]},"properties":{"s":70.7,"pub":true}},{"type":"Feature","geometry":{"type":"Point","coordinates":[-106.9288,40.6557]},"properties":{"s":70.7,"pub":true}},{"type":"Feature","geometry":{"type":"Point","coordinates":[-106.9288,40.6615]},"properties":{"s":70.7,"pub":false}},{"type":"Feature","geometry":{"type":"Point","coordinates":[-106.9288,40.6673]},"properties":{"s":70.7,"pub":false}},{"type":"Feature","geometry":{"type":"Point","coordinates":[-106.9288,40.6731]},"properties":{"s":41.5,"pub":false}},{"type":"Feature","geometry":{"type":"Point","coordinates":[-106.9288,40.6789]},"properties":{"s":41.5,"pub":false}},{"type":"Feature","geometry":{"type":"Point","coordinates":[-106.9288,40.6847]},"properties":{"s":41.5,"pub":false}},{"type":"Feature","geometry":{"type":"Point","coordinates":[-106.9288,40.6905]},"properties":{"s":41.5,"pub":false}},{"type":"Feature","geometry":{"type":"Point","coordinates":[-106.9288,40.8181]},"properties":{"s":63.4,"pub":false}},{"type":"Feature","geometry":{"type":"Point","coordinates":[-106.9288,40.8239]},"properties":{"s":63.4,"pub":true}},{"type":"Feature","geometry":{"type":"Point","coordinates":[-106.9288,40.8297]},"properties":{"s":63.4,"pub":true}},{"type":"Feature","geometry":{"type":"Point","coordinates":[-106.9288,40.8355]},"properties":{"s":63.4,"pub":true}},{"type":"Feature","geometry":{"type":"Point","coordinates":[-106.9213,40.6035]},"properties":{"s":70.7,"pub":false}},{"type":"Feature","geometry":{"type":"Point","coordinates":[-106.9213,40.6093]},"properties":{"s":70.7,"pub":false}},{"type":"Feature","geometry":{"type":"Point","coordinates":[-106.9213,40.6151]},"properties":{"s":70.7,"pub":false}},{"type":"Feature","geometry":{"type":"Point","coordinates":[-106.9213,40.6209]},"properties":{"s":70.7,"pub":false}},{"type":"Feature","geometry":{"type":"Point","coordinates":[-106.9213,40.6267]},"properties":{"s":70.7,"pub":false}},{"type":"Feature","geometry":{"type":"Point","coordinates":[-106.9213,40.6325]},"properties":{"s":70.7,"pub":false}},{"type":"Feature","geometry":{"type":"Point","coordinates":[-106.9213,40.6383]},"properties":{"s":70.7,"pub":false}},{"type":"Feature","geometry":{"type":"Point","coordinates":[-106.9213,40.6441]},"properties":{"s":70.7,"pub":false}},{"type":"Feature","geometry":{"type":"Point","coordinates":[-106.9213,40.6499]},"properties":{"s":100.0,"pub":true}},{"type":"Feature","geometry":{"type":"Point","coordinates":[-106.9213,40.6557]},"properties":{"s":100.0,"pub":true}},{"type":"Feature","geometry":{"type":"Point","coordinates":[-106.9213,40.6615]},"properties":{"s":70.7,"pub":false}},{"type":"Feature","geometry":{"type":"Point","coordinates":[-106.9213,40.6673]},"properties":{"s":70.7,"pub":false}},{"type":"Feature","geometry":{"type":"Point","coordinates":[-106.9213,40.6731]},"properties":{"s":70.7,"pub":false}},{"type":"Feature","geometry":{"type":"Point","coordinates":[-106.9213,40.6789]},"properties":{"s":70.7,"pub":false}},{"type":"Feature","geometry":{"type":"Point","coordinates":[-106.9213,40.6847]},"properties":{"s":70.7,"pub":false}},{"type":"Feature","geometry":{"type":"Point","coordinates":[-106.9213,40.6905]},"properties":{"s":41.5,"pub":false}},{"type":"Feature","geometry":{"type":"Point","coordinates":[-106.9213,40.8123]},"properties":{"s":63.4,"pub":true}},{"type":"Feature","geometry":{"type":"Point","coordinates":[-106.9213,40.8181]},"properties":{"s":63.4,"pub":true}},{"type":"Feature","geometry":{"type":"Point","coordinates":[-106.9213,40.8239]},"properties":{"s":63.4,"pub":true}},{"type":"Feature","geometry":{"type":"Point","coordinates":[-106.9213,40.8297]},"properties":{"s":63.4,"pub":true}},{"type":"Feature","geometry":{"type":"Point","coordinates":[-106.9213,40.8355]},"properties":{"s":63.4,"pub":true}},{"type":"Feature","geometry":{"type":"Point","coordinates":[-106.9138,40.6035]},"properties":{"s":70.7,"pub":false}},{"type":"Feature","geometry":{"type":"Point","coordinates":[-106.9138,40.6093]},"properties":{"s":70.7,"pub":false}},{"type":"Feature","geometry":{"type":"Point","coordinates":[-106.9138,40.6151]},"properties":{"s":70.7,"pub":false}},{"type":"Feature","geometry":{"type":"Point","coordinates":[-106.9138,40.6209]},"properties":{"s":70.7,"pub":false}},{"type":"Feature","geometry":{"type":"Point","coordinates":[-106.9138,40.6267]},"properties":{"s":70.7,"pub":false}},{"type":"Feature","geometry":{"type":"Point","coordinates":[-106.9138,40.6325]},"properties":{"s":70.7,"pub":false}},{"type":"Feature","geometry":{"type":"Point","coordinates":[-106.9138,40.6383]},"properties":{"s":100.0,"pub":false}},{"type":"Feature","geometry":{"type":"Point","coordinates":[-106.9138,40.6441]},"properties":{"s":100.0,"pub":false}},{"type":"Feature","geometry":{"type":"Point","coordinates":[-106.9138,40.6499]},"properties":{"s":100.0,"pub":false}},{"type":"Feature","geometry":{"type":"Point","coordinates":[-106.9138,40.6557]},"properties":{"s":100.0,"pub":false}},{"type":"Feature","geometry":{"type":"Point","coordinates":[-106.9138,40.6615]},"properties":{"s":100.0,"pub":true}},{"type":"Feature","geometry":{"type":"Point","coordinates":[-106.9138,40.6673]},"properties":{"s":100.0,"pub":true}},{"type":"Feature","geometry":{"type":"Point","coordinates":[-106.9138,40.6731]},"properties":{"s":70.7,"pub":false}},{"type":"Feature","geometry":{"type":"Point","coordinates":[-106.9138,40.6789]},"properties":{"s":70.7,"pub":false}},{"type":"Feature","geometry":{"type":"Point","coordinates":[-106.9138,40.6847]},"properties":{"s":70.7,"pub":false}},{"type":"Feature","geometry":{"type":"Point","coordinates":[-106.9138,40.6905]},"properties":{"s":70.7,"pub":false}},{"type":"Feature","geometry":{"type":"Point","coordinates":[-106.9138,40.6963]},"properties":{"s":70.7,"pub":false}},{"type":"Feature","geometry":{"type":"Point","coordinates":[-106.9138,40.7021]},"properties":{"s":65.9,"pub":false}},{"type":"Feature","geometry":{"type":"Point","coordinates":[-106.9138,40.8123]},"properties":{"s":63.4,"pub":true}},{"type":"Feature","geometry":{"type":"Point","coordinates":[-106.9138,40.8181]},"properties":{"s":63.4,"pub":true}},{"type":"Feature","geometry":{"type":"Point","coordinates":[-106.9138,40.8239]},"properties":{"s":63.4,"pub":true}},{"type":"Feature","geometry":{"type":"Point","coordinates":[-106.9138,40.8297]},"properties":{"s":63.4,"pub":true}},{"type":"Feature","geometry":{"type":"Point","coordinates":[-106.9138,40.8355]},"properties":{"s":63.4,"pub":true}},{"type":"Feature","geometry":{"type":"Point","coordinates":[-106.9063,40.5919]},"properties":{"s":70.7,"pub":false}},{"type":"Feature","geometry":{"type":"Point","coordinates":[-106.9063,40.5977]},"properties":{"s":70.7,"pub":false}},{"type":"Feature","geometry":{"type":"Point","coordinates":[-106.9063,40.6035]},"properties":{"s":70.7,"pub":false}},{"type":"Feature","geometry":{"type":"Point","coordinates":[-106.9063,40.6093]},"properties":{"s":70.7,"pub":false}},{"type":"Feature","geometry":{"type":"Point","coordinates":[-106.9063,40.6151]},"properties":{"s":70.7,"pub":false}},{"type":"Feature","geometry":{"type":"Point","coordinates":[-106.9063,40.6209]},"properties":{"s":70.7,"pub":false}},{"type":"Feature","geometry":{"type":"Point","coordinates":[-106.9063,40.6267]},"properties":{"s":100.0,"pub":false}},{"type":"Feature","geometry":{"type":"Point","coordinates":[-106.9063,40.6325]},"properties":{"s":100.0,"pub":false}},{"type":"Feature","geometry":{"type":"Point","coordinates":[-106.9063,40.6383]},"properties":{"s":95.1,"pub":false}},{"type":"Feature","geometry":{"type":"Point","coordinates":[-106.9063,40.6441]},"properties":{"s":95.1,"pub":false}},{"type":"Feature","geometry":{"type":"Point","coordinates":[-106.9063,40.6499]},"properties":{"s":95.1,"pub":true}},{"type":"Feature","geometry":{"type":"Point","coordinates":[-106.9063,40.6557]},"properties":{"s":95.1,"pub":true}},{"type":"Feature","geometry":{"type":"Point","coordinates":[-106.9063,40.6615]},"properties":{"s":95.1,"pub":true}},{"type":"Feature","geometry":{"type":"Point","coordinates":[-106.9063,40.6673]},"properties":{"s":100.0,"pub":true}},{"type":"Feature","geometry":{"type":"Point","coordinates":[-106.9063,40.6731]},"properties":{"s":100.0,"pub":true}},{"type":"Feature","geometry":{"type":"Point","coordinates":[-106.9063,40.6789]},"properties":{"s":100.0,"pub":true}},{"type":"Feature","geometry":{"type":"Point","coordinates":[-106.9063,40.6847]},"properties":{"s":70.7,"pub":true}},{"type":"Feature","geometry":{"type":"Point","coordinates":[-106.9063,40.6905]},"properties":{"s":70.7,"pub":false}},{"type":"Feature","geometry":{"type":"Point","coordinates":[-106.9063,40.6963]},"properties":{"s":70.7,"pub":false}},{"type":"Feature","geometry":{"type":"Point","coordinates":[-106.9063,40.7021]},"properties":{"s":65.9,"pub":false}},{"type":"Feature","geometry":{"type":"Point","coordinates":[-106.9063,40.7079]},"properties":{"s":65.9,"pub":false}},{"type":"Feature","geometry":{"type":"Point","coordinates":[-106.9063,40.7195]},"properties":{"s":39.0,"pub":false}},{"type":"Feature","geometry":{"type":"Point","coordinates":[-106.9063,40.7253]},"properties":{"s":43.9,"pub":false}},{"type":"Feature","geometry":{"type":"Point","coordinates":[-106.9063,40.7311]},"properties":{"s":43.9,"pub":false}},{"type":"Feature","geometry":{"type":"Point","coordinates":[-106.9063,40.7369]},"properties":{"s":43.9,"pub":true}},{"type":"Feature","geometry":{"type":"Point","coordinates":[-106.9063,40.7427]},"properties":{"s":39.0,"pub":true}},{"type":"Feature","geometry":{"type":"Point","coordinates":[-106.9063,40.7485]},"properties":{"s":39.0,"pub":true}},{"type":"Feature","geometry":{"type":"Point","coordinates":[-106.9063,40.8123]},"properties":{"s":63.4,"pub":true}},{"type":"Feature","geometry":{"type":"Point","coordinates":[-106.9063,40.8181]},"properties":{"s":63.4,"pub":true}},{"type":"Feature","geometry":{"type":"Point","coordinates":[-106.9063,40.8239]},"properties":{"s":63.4,"pub":true}},{"type":"Feature","geometry":{"type":"Point","coordinates":[-106.9063,40.8297]},"properties":{"s":63.4,"pub":true}},{"type":"Feature","geometry":{"type":"Point","coordinates":[-106.9063,40.8355]},"properties":{"s":63.4,"pub":true}},{"type":"Feature","geometry":{"type":"Point","coordinates":[-106.8988,40.5861]},"properties":{"s":51.2,"pub":false}},{"type":"Feature","geometry":{"type":"Point","coordinates":[-106.8988,40.5919]},"properties":{"s":70.7,"pub":true}},{"type":"Feature","geometry":{"type":"Point","coordinates":[-106.8988,40.5977]},"properties":{"s":70.7,"pub":true}},{"type":"Feature","geometry":{"type":"Point","coordinates":[-106.8988,40.6035]},"properties":{"s":70.7,"pub":false}},{"type":"Feature","geometry":{"type":"Point","coordinates":[-106.8988,40.6093]},"properties":{"s":65.9,"pub":false}},{"type":"Feature","geometry":{"type":"Point","coordinates":[-106.8988,40.6151]},"properties":{"s":65.9,"pub":false}},{"type":"Feature","geometry":{"type":"Point","coordinates":[-106.8988,40.6209]},"properties":{"s":95.1,"pub":false}},{"type":"Feature","geometry":{"type":"Point","coordinates":[-106.8988,40.6267]},"properties":{"s":95.1,"pub":false}},{"type":"Feature","geometry":{"type":"Point","coordinates":[-106.8988,40.6325]},"properties":{"s":95.1,"pub":false}},{"type":"Feature","geometry":{"type":"Point","coordinates":[-106.8988,40.6383]},"properties":{"s":95.1,"pub":false}},{"type":"Feature","geometry":{"type":"Point","coordinates":[-106.8988,40.6441]},"properties":{"s":95.1,"pub":true}},{"type":"Feature","geometry":{"type":"Point","coordinates":[-106.8988,40.6499]},"properties":{"s":95.1,"pub":true}},{"type":"Feature","geometry":{"type":"Point","coordinates":[-106.8988,40.6557]},"properties":{"s":95.1,"pub":true}},{"type":"Feature","geometry":{"type":"Point","coordinates":[-106.8988,40.6615]},"properties":{"s":95.1,"pub":true}},{"type":"Feature","geometry":{"type":"Point","coordinates":[-106.8988,40.6673]},"properties":{"s":95.1,"pub":true}},{"type":"Feature","geometry":{"type":"Point","coordinates":[-106.8988,40.6731]},"properties":{"s":95.1,"pub":true}},{"type":"Feature","geometry":{"type":"Point","coordinates":[-106.8988,40.6789]},"properties":{"s":100.0,"pub":true}},{"type":"Feature","geometry":{"type":"Point","coordinates":[-106.8988,40.6847]},"properties":{"s":100.0,"pub":true}},{"type":"Feature","geometry":{"type":"Point","coordinates":[-106.8988,40.6905]},"properties":{"s":100.0,"pub":true}},{"type":"Feature","geometry":{"type":"Point","coordinates":[-106.8988,40.6963]},"properties":{"s":70.7,"pub":true}},{"type":"Feature","geometry":{"type":"Point","coordinates":[-106.8988,40.7021]},"properties":{"s":70.7,"pub":false}},{"type":"Feature","geometry":{"type":"Point","coordinates":[-106.8988,40.7079]},"properties":{"s":70.7,"pub":false}},{"type":"Feature","geometry":{"type":"Point","coordinates":[-106.8988,40.7137]},"properties":{"s":65.9,"pub":false}},{"type":"Feature","geometry":{"type":"Point","coordinates":[-106.8988,40.7253]},"properties":{"s":43.9,"pub":false}},{"type":"Feature","geometry":{"type":"Point","coordinates":[-106.8988,40.7311]},"properties":{"s":43.9,"pub":true}},{"type":"Feature","geometry":{"type":"Point","coordinates":[-106.8988,40.7369]},"properties":{"s":43.9,"pub":true}},{"type":"Feature","geometry":{"type":"Point","coordinates":[-106.8988,40.7427]},"properties":{"s":43.9,"pub":true}},{"type":"Feature","geometry":{"type":"Point","coordinates":[-106.8988,40.7485]},"properties":{"s":39.0,"pub":true}},{"type":"Feature","geometry":{"type":"Point","coordinates":[-106.8988,40.8123]},"properties":{"s":63.4,"pub":true}},{"type":"Feature","geometry":{"type":"Point","coordinates":[-106.8988,40.8181]},"properties":{"s":63.4,"pub":true}},{"type":"Feature","geometry":{"type":"Point","coordinates":[-106.8988,40.8239]},"properties":{"s":63.4,"pub":true}},{"type":"Feature","geometry":{"type":"Point","coordinates":[-106.8988,40.8297]},"properties":{"s":63.4,"pub":true}},{"type":"Feature","geometry":{"type":"Point","coordinates":[-106.8988,40.8355]},"properties":{"s":63.4,"pub":true}},{"type":"Feature","geometry":{"type":"Point","coordinates":[-106.8913,40.5513]},"properties":{"s":46.3,"pub":false}},{"type":"Feature","geometry":{"type":"Point","coordinates":[-106.8913,40.5803]},"properties":{"s":51.2,"pub":true}},{"type":"Feature","geometry":{"type":"Point","coordinates":[-106.8913,40.5861]},"properties":{"s":51.2,"pub":true}},{"type":"Feature","geometry":{"type":"Point","coordinates":[-106.8913,40.5919]},"properties":{"s":51.2,"pub":true}},{"type":"Feature","geometry":{"type":"Point","coordinates":[-106.8913,40.5977]},"properties":{"s":70.7,"pub":true}},{"type":"Feature","geometry":{"type":"Point","coordinates":[-106.8913,40.6035]},"properties":{"s":65.9,"pub":false}},{"type":"Feature","geometry":{"type":"Point","coordinates":[-106.8913,40.6093]},"properties":{"s":65.9,"pub":false}},{"type":"Feature","geometry":{"type":"Point","coordinates":[-106.8913,40.6151]},"properties":{"s":95.1,"pub":false}},{"type":"Feature","geometry":{"type":"Point","coordinates":[-106.8913,40.6209]},"properties":{"s":95.1,"pub":false}},{"type":"Feature","geometry":{"type":"Point","coordinates":[-106.8913,40.6267]},"properties":{"s":95.1,"pub":false}},{"type":"Feature","geometry":{"type":"Point","coordinates":[-106.8913,40.6325]},"properties":{"s":95.1,"pub":false}},{"type":"Feature","geometry":{"type":"Point","coordinates":[-106.8913,40.6383]},"properties":{"s":95.1,"pub":false}},{"type":"Feature","geometry":{"type":"Point","coordinates":[-106.8913,40.6441]},"properties":{"s":95.1,"pub":true}},{"type":"Feature","geometry":{"type":"Point","coordinates":[-106.8913,40.6499]},"properties":{"s":95.1,"pub":true}},{"type":"Feature","geometry":{"type":"Point","coordinates":[-106.8913,40.6557]},"properties":{"s":95.1,"pub":true}},{"type":"Feature","geometry":{"type":"Point","coordinates":[-106.8913,40.6615]},"properties":{"s":95.1,"pub":true}},{"type":"Feature","geometry":{"type":"Point","coordinates":[-106.8913,40.6673]},"properties":{"s":95.1,"pub":true}},{"type":"Feature","geometry":{"type":"Point","coordinates":[-106.8913,40.6731]},"properties":{"s":95.1,"pub":true}},{"type":"Feature","geometry":{"type":"Point","coordinates":[-106.8913,40.6789]},"properties":{"s":95.1,"pub":true}},{"type":"Feature","geometry":{"type":"Point","coordinates":[-106.8913,40.6847]},"properties":{"s":100.0,"pub":true}},{"type":"Feature","geometry":{"type":"Point","coordinates":[-106.8913,40.6905]},"properties":{"s":100.0,"pub":true}},{"type":"Feature","geometry":{"type":"Point","coordinates":[-106.8913,40.6963]},"properties":{"s":100.0,"pub":true}},{"type":"Feature","geometry":{"type":"Point","coordinates":[-106.8913,40.7021]},"properties":{"s":100.0,"pub":true}},{"type":"Feature","geometry":{"type":"Point","coordinates":[-106.8913,40.7079]},"properties":{"s":100.0,"pub":true}},{"type":"Feature","geometry":{"type":"Point","coordinates":[-106.8913,40.7137]},"properties":{"s":70.7,"pub":true}},{"type":"Feature","geometry":{"type":"Point","coordinates":[-106.8913,40.7253]},"properties":{"s":43.9,"pub":false}},{"type":"Feature","geometry":{"type":"Point","coordinates":[-106.8913,40.7311]},"properties":{"s":43.9,"pub":false}},{"type":"Feature","geometry":{"type":"Point","coordinates":[-106.8913,40.7369]},"properties":{"s":43.9,"pub":false}},{"type":"Feature","geometry":{"type":"Point","coordinates":[-106.8913,40.7427]},"properties":{"s":43.9,"pub":false}},{"type":"Feature","geometry":{"type":"Point","coordinates":[-106.8913,40.7485]},"properties":{"s":39.0,"pub":true}},{"type":"Feature","geometry":{"type":"Point","coordinates":[-106.8913,40.8065]},"properties":{"s":63.4,"pub":true}},{"type":"Feature","geometry":{"type":"Point","coordinates":[-106.8913,40.8123]},"properties":{"s":63.4,"pub":true}},{"type":"Feature","geometry":{"type":"Point","coordinates":[-106.8913,40.8181]},"properties":{"s":63.4,"pub":true}},{"type":"Feature","geometry":{"type":"Point","coordinates":[-106.8913,40.8239]},"properties":{"s":63.4,"pub":true}},{"type":"Feature","geometry":{"type":"Point","coordinates":[-106.8913,40.8297]},"properties":{"s":63.4,"pub":true}},{"type":"Feature","geometry":{"type":"Point","coordinates":[-106.8913,40.8355]},"properties":{"s":63.4,"pub":true}},{"type":"Feature","geometry":{"type":"Point","coordinates":[-106.8838,40.5455]},"properties":{"s":46.3,"pub":false}},{"type":"Feature","geometry":{"type":"Point","coordinates":[-106.8838,40.5513]},"properties":{"s":51.2,"pub":false}},{"type":"Feature","geometry":{"type":"Point","coordinates":[-106.8838,40.5571]},"properties":{"s":46.3,"pub":false}},{"type":"Feature","geometry":{"type":"Point","coordinates":[-106.8838,40.5629]},"properties":{"s":46.3,"pub":false}},{"type":"Feature","geometry":{"type":"Point","coordinates":[-106.8838,40.5687]},"properties":{"s":46.3,"pub":true}},{"type":"Feature","geometry":{"type":"Point","coordinates":[-106.8838,40.5745]},"properties":{"s":51.2,"pub":true}},{"type":"Feature","geometry":{"type":"Point","coordinates":[-106.8838,40.5803]},"properties":{"s":51.2,"pub":true}},{"type":"Feature","geometry":{"type":"Point","coordinates":[-106.8838,40.5861]},"properties":{"s":51.2,"pub":true}},{"type":"Feature","geometry":{"type":"Point","coordinates":[-106.8838,40.5919]},"properties":{"s":46.3,"pub":true}},{"type":"Feature","geometry":{"type":"Point","coordinates":[-106.8838,40.5977]},"properties":{"s":65.9,"pub":true}},{"type":"Feature","geometry":{"type":"Point","coordinates":[-106.8838,40.6035]},"properties":{"s":65.9,"pub":true}},{"type":"Feature","geometry":{"type":"Point","coordinates":[-106.8838,40.6093]},"properties":{"s":65.9,"pub":true}},{"type":"Feature","geometry":{"type":"Point","coordinates":[-106.8838,40.6151]},"properties":{"s":95.1,"pub":true}},{"type":"Feature","geometry":{"type":"Point","coordinates":[-106.8838,40.6209]},"properties":{"s":95.1,"pub":false}},{"type":"Feature","geometry":{"type":"Point","coordinates":[-106.8838,40.6267]},"properties":{"s":95.1,"pub":false}},{"type":"Feature","geometry":{"type":"Point","coordinates":[-106.8838,40.6325]},"properties":{"s":95.1,"pub":false}},{"type":"Feature","geometry":{"type":"Point","coordinates":[-106.8838,40.6383]},"properties":{"s":95.1,"pub":false}},{"type":"Feature","geometry":{"type":"Point","coordinates":[-106.8838,40.6441]},"properties":{"s":95.1,"pub":false}},{"type":"Feature","geometry":{"type":"Point","coordinates":[-106.8838,40.6499]},"properties":{"s":95.1,"pub":false}},{"type":"Feature","geometry":{"type":"Point","coordinates":[-106.8838,40.6557]},"properties":{"s":95.1,"pub":true}},{"type":"Feature","geometry":{"type":"Point","coordinates":[-106.8838,40.6615]},"properties":{"s":95.1,"pub":true}},{"type":"Feature","geometry":{"type":"Point","coordinates":[-106.8838,40.6673]},"properties":{"s":95.1,"pub":true}},{"type":"Feature","geometry":{"type":"Point","coordinates":[-106.8838,40.6731]},"properties":{"s":95.1,"pub":true}},{"type":"Feature","geometry":{"type":"Point","coordinates":[-106.8838,40.6789]},"properties":{"s":95.1,"pub":true}},{"type":"Feature","geometry":{"type":"Point","coordinates":[-106.8838,40.6847]},"properties":{"s":95.1,"pub":true}},{"type":"Feature","geometry":{"type":"Point","coordinates":[-106.8838,40.6905]},"properties":{"s":100.0,"pub":true}},{"type":"Feature","geometry":{"type":"Point","coordinates":[-106.8838,40.6963]},"properties":{"s":100.0,"pub":true}},{"type":"Feature","geometry":{"type":"Point","coordinates":[-106.8838,40.7021]},"properties":{"s":100.0,"pub":true}},{"type":"Feature","geometry":{"type":"Point","coordinates":[-106.8838,40.7079]},"properties":{"s":100.0,"pub":true}},{"type":"Feature","geometry":{"type":"Point","coordinates":[-106.8838,40.7137]},"properties":{"s":95.1,"pub":true}},{"type":"Feature","geometry":{"type":"Point","coordinates":[-106.8838,40.7195]},"properties":{"s":65.9,"pub":true}},{"type":"Feature","geometry":{"type":"Point","coordinates":[-106.8838,40.7253]},"properties":{"s":39.0,"pub":true}},{"type":"Feature","geometry":{"type":"Point","coordinates":[-106.8838,40.7311]},"properties":{"s":43.9,"pub":false}},{"type":"Feature","geometry":{"type":"Point","coordinates":[-106.8838,40.7369]},"properties":{"s":43.9,"pub":true}},{"type":"Feature","geometry":{"type":"Point","coordinates":[-106.8838,40.7427]},"properties":{"s":43.9,"pub":true}},{"type":"Feature","geometry":{"type":"Point","coordinates":[-106.8838,40.7485]},"properties":{"s":43.9,"pub":true}},{"type":"Feature","geometry":{"type":"Point","coordinates":[-106.8838,40.8065]},"properties":{"s":63.4,"pub":false}},{"type":"Feature","geometry":{"type":"Point","coordinates":[-106.8838,40.8123]},"properties":{"s":63.4,"pub":true}},{"type":"Feature","geometry":{"type":"Point","coordinates":[-106.8838,40.8181]},"properties":{"s":63.4,"pub":true}},{"type":"Feature","geometry":{"type":"Point","coordinates":[-106.8838,40.8239]},"properties":{"s":63.4,"pub":true}},{"type":"Feature","geometry":{"type":"Point","coordinates":[-106.8838,40.8297]},"properties":{"s":63.4,"pub":true}},{"type":"Feature","geometry":{"type":"Point","coordinates":[-106.8838,40.8355]},"properties":{"s":63.4,"pub":true}},{"type":"Feature","geometry":{"type":"Point","coordinates":[-106.8763,40.5397]},"properties":{"s":46.3,"pub":false}},{"type":"Feature","geometry":{"type":"Point","coordinates":[-106.8763,40.5455]},"properties":{"s":51.2,"pub":false}},{"type":"Feature","geometry":{"type":"Point","coordinates":[-106.8763,40.5513]},"properties":{"s":51.2,"pub":false}},{"type":"Feature","geometry":{"type":"Point","coordinates":[-106.8763,40.5571]},"properties":{"s":46.3,"pub":false}},{"type":"Feature","geometry":{"type":"Point","coordinates":[-106.8763,40.5629]},"properties":{"s":46.3,"pub":true}},{"type":"Feature","geometry":{"type":"Point","coordinates":[-106.8763,40.5687]},"properties":{"s":46.3,"pub":true}},{"type":"Feature","geometry":{"type":"Point","coordinates":[-106.8763,40.5745]},"properties":{"s":46.3,"pub":true}},{"type":"Feature","geometry":{"type":"Point","coordinates":[-106.8763,40.5803]},"properties":{"s":46.3,"pub":true}},{"type":"Feature","geometry":{"type":"Point","coordinates":[-106.8763,40.5861]},"properties":{"s":46.3,"pub":true}},{"type":"Feature","geometry":{"type":"Point","coordinates":[-106.8763,40.5919]},"properties":{"s":46.3,"pub":true}},{"type":"Feature","geometry":{"type":"Point","coordinates":[-106.8763,40.5977]},"properties":{"s":65.9,"pub":true}},{"type":"Feature","geometry":{"type":"Point","coordinates":[-106.8763,40.6035]},"properties":{"s":95.1,"pub":true}},{"type":"Feature","geometry":{"type":"Point","coordinates":[-106.8763,40.6093]},"properties":{"s":95.1,"pub":true}},{"type":"Feature","geometry":{"type":"Point","coordinates":[-106.8763,40.6151]},"properties":{"s":95.1,"pub":true}},{"type":"Feature","geometry":{"type":"Point","coordinates":[-106.8763,40.6209]},"properties":{"s":95.1,"pub":false}},{"type":"Feature","geometry":{"type":"Point","coordinates":[-106.8763,40.6267]},"properties":{"s":95.1,"pub":false}},{"type":"Feature","geometry":{"type":"Point","coordinates":[-106.8763,40.6325]},"properties":{"s":95.1,"pub":false}},{"type":"Feature","geometry":{"type":"Point","coordinates":[-106.8763,40.6383]},"properties":{"s":95.1,"pub":false}},{"type":"Feature","geometry":{"type":"Point","coordinates":[-106.8763,40.6441]},"properties":{"s":95.1,"pub":false}},{"type":"Feature","geometry":{"type":"Point","coordinates":[-106.8763,40.6499]},"properties":{"s":95.1,"pub":false}},{"type":"Feature","geometry":{"type":"Point","coordinates":[-106.8763,40.6557]},"properties":{"s":95.1,"pub":false}},{"type":"Feature","geometry":{"type":"Point","coordinates":[-106.8763,40.6615]},"properties":{"s":95.1,"pub":true}},{"type":"Feature","geometry":{"type":"Point","coordinates":[-106.8763,40.6673]},"properties":{"s":95.1,"pub":true}},{"type":"Feature","geometry":{"type":"Point","coordinates":[-106.8763,40.6731]},"properties":{"s":95.1,"pub":true}},{"type":"Feature","geometry":{"type":"Point","coordinates":[-106.8763,40.6789]},"properties":{"s":95.1,"pub":true}},{"type":"Feature","geometry":{"type":"Point","coordinates":[-106.8763,40.6847]},"properties":{"s":95.1,"pub":true}},{"type":"Feature","geometry":{"type":"Point","coordinates":[-106.8763,40.6905]},"properties":{"s":95.1,"pub":true}},{"type":"Feature","geometry":{"type":"Point","coordinates":[-106.8763,40.6963]},"properties":{"s":95.1,"pub":true}},{"type":"Feature","geometry":{"type":"Point","coordinates":[-106.8763,40.7021]},"properties":{"s":95.1,"pub":true}},{"type":"Feature","geometry":{"type":"Point","coordinates":[-106.8763,40.7079]},"properties":{"s":95.1,"pub":true}},{"type":"Feature","geometry":{"type":"Point","coordinates":[-106.8763,40.7137]},"properties":{"s":95.1,"pub":true}},{"type":"Feature","geometry":{"type":"Point","coordinates":[-106.8763,40.7195]},"properties":{"s":95.1,"pub":true}},{"type":"Feature","geometry":{"type":"Point","coordinates":[-106.8763,40.7253]},"properties":{"s":65.9,"pub":true}},{"type":"Feature","geometry":{"type":"Point","coordinates":[-106.8763,40.7311]},"properties":{"s":39.0,"pub":false}},{"type":"Feature","geometry":{"type":"Point","coordinates":[-106.8763,40.7369]},"properties":{"s":43.9,"pub":true}},{"type":"Feature","geometry":{"type":"Point","coordinates":[-106.8763,40.7427]},"properties":{"s":43.9,"pub":true}},{"type":"Feature","geometry":{"type":"Point","coordinates":[-106.8763,40.7485]},"properties":{"s":43.9,"pub":true}},{"type":"Feature","geometry":{"type":"Point","coordinates":[-106.8763,40.7543]},"properties":{"s":39.0,"pub":true}},{"type":"Feature","geometry":{"type":"Point","coordinates":[-106.8763,40.8007]},"properties":{"s":63.4,"pub":true}},{"type":"Feature","geometry":{"type":"Point","coordinates":[-106.8763,40.8065]},"properties":{"s":63.4,"pub":true}},{"type":"Feature","geometry":{"type":"Point","coordinates":[-106.8763,40.8123]},"properties":{"s":63.4,"pub":true}},{"type":"Feature","geometry":{"type":"Point","coordinates":[-106.8763,40.8181]},"properties":{"s":63.4,"pub":true}},{"type":"Feature","geometry":{"type":"Point","coordinates":[-106.8763,40.8239]},"properties":{"s":63.4,"pub":true}},{"type":"Feature","geometry":{"type":"Point","coordinates":[-106.8763,40.8297]},"properties":{"s":63.4,"pub":true}},{"type":"Feature","geometry":{"type":"Point","coordinates":[-106.8763,40.8355]},"properties":{"s":63.4,"pub":true}},{"type":"Feature","geometry":{"type":"Point","coordinates":[-106.8688,40.5339]},"properties":{"s":46.3,"pub":false}},{"type":"Feature","geometry":{"type":"Point","coordinates":[-106.8688,40.5397]},"properties":{"s":46.3,"pub":false}},{"type":"Feature","geometry":{"type":"Point","coordinates":[-106.8688,40.5455]},"properties":{"s":51.2,"pub":false}},{"type":"Feature","geometry":{"type":"Point","coordinates":[-106.8688,40.5513]},"properties":{"s":46.3,"pub":false}},{"type":"Feature","geometry":{"type":"Point","coordinates":[-106.8688,40.5571]},"properties":{"s":46.3,"pub":false}},{"type":"Feature","geometry":{"type":"Point","coordinates":[-106.8688,40.5629]},"properties":{"s":46.3,"pub":true}},{"type":"Feature","geometry":{"type":"Point","coordinates":[-106.8688,40.5687]},"properties":{"s":46.3,"pub":true}},{"type":"Feature","geometry":{"type":"Point","coordinates":[-106.8688,40.5745]},"properties":{"s":46.3,"pub":true}},{"type":"Feature","geometry":{"type":"Point","coordinates":[-106.8688,40.5803]},"properties":{"s":46.3,"pub":true}},{"type":"Feature","geometry":{"type":"Point","coordinates":[-106.8688,40.5861]},"properties":{"s":46.3,"pub":true}},{"type":"Feature","geometry":{"type":"Point","coordinates":[-106.8688,40.5919]},"properties":{"s":46.3,"pub":true}},{"type":"Feature","geometry":{"type":"Point","coordinates":[-106.8688,40.5977]},"properties":{"s":75.6,"pub":true}},{"type":"Feature","geometry":{"type":"Point","coordinates":[-106.8688,40.6035]},"properties":{"s":75.6,"pub":true}},{"type":"Feature","geometry":{"type":"Point","coordinates":[-106.8688,40.6093]},"properties":{"s":95.1,"pub":true}},{"type":"Feature","geometry":{"type":"Point","coordinates":[-106.8688,40.6151]},"properties":{"s":95.1,"pub":true}},{"type":"Feature","geometry":{"type":"Point","coordinates":[-106.8688,40.6209]},"properties":{"s":95.1,"pub":false}},{"type":"Feature","geometry":{"type":"Point","coordinates":[-106.8688,40.6267]},"properties":{"s":95.1,"pub":false}},{"type":"Feature","geometry":{"type":"Point","coordinates":[-106.8688,40.6325]},"properties":{"s":95.1,"pub":false}},{"type":"Feature","geometry":{"type":"Point","coordinates":[-106.8688,40.6383]},"properties":{"s":95.1,"pub":false}},{"type":"Feature","geometry":{"type":"Point","coordinates":[-106.8688,40.6441]},"properties":{"s":95.1,"pub":false}},{"type":"Feature","geometry":{"type":"Point","coordinates":[-106.8688,40.6499]},"properties":{"s":95.1,"pub":false}},{"type":"Feature","geometry":{"type":"Point","coordinates":[-106.8688,40.6557]},"properties":{"s":95.1,"pub":false}},{"type":"Feature","geometry":{"type":"Point","coordinates":[-106.8688,40.6615]},"properties":{"s":95.1,"pub":false}},{"type":"Feature","geometry":{"type":"Point","coordinates":[-106.8688,40.6673]},"properties":{"s":95.1,"pub":false}},{"type":"Feature","geometry":{"type":"Point","coordinates":[-106.8688,40.6731]},"properties":{"s":95.1,"pub":true}},{"type":"Feature","geometry":{"type":"Point","coordinates":[-106.8688,40.6789]},"properties":{"s":95.1,"pub":true}},{"type":"Feature","geometry":{"type":"Point","coordinates":[-106.8688,40.6847]},"properties":{"s":95.1,"pub":true}},{"type":"Feature","geometry":{"type":"Point","coordinates":[-106.8688,40.6905]},"properties":{"s":95.1,"pub":true}},{"type":"Feature","geometry":{"type":"Point","coordinates":[-106.8688,40.6963]},"properties":{"s":95.1,"pub":true}},{"type":"Feature","geometry":{"type":"Point","coordinates":[-106.8688,40.7021]},"properties":{"s":95.1,"pub":true}},{"type":"Feature","geometry":{"type":"Point","coordinates":[-106.8688,40.7079]},"properties":{"s":95.1,"pub":true}},{"type":"Feature","geometry":{"type":"Point","coordinates":[-106.8688,40.7137]},"properties":{"s":92.7,"pub":true}},{"type":"Feature","geometry":{"type":"Point","coordinates":[-106.8688,40.7195]},"properties":{"s":92.7,"pub":true}},{"type":"Feature","geometry":{"type":"Point","coordinates":[-106.8688,40.7253]},"properties":{"s":92.7,"pub":true}},{"type":"Feature","geometry":{"type":"Point","coordinates":[-106.8688,40.7311]},"properties":{"s":39.0,"pub":true}},{"type":"Feature","geometry":{"type":"Point","coordinates":[-106.8688,40.7369]},"properties":{"s":43.9,"pub":false}},{"type":"Feature","geometry":{"type":"Point","coordinates":[-106.8688,40.7427]},"properties":{"s":43.9,"pub":true}},{"type":"Feature","geometry":{"type":"Point","coordinates":[-106.8688,40.7485]},"properties":{"s":43.9,"pub":true}},{"type":"Feature","geometry":{"type":"Point","coordinates":[-106.8688,40.7543]},"properties":{"s":43.9,"pub":true}},{"type":"Feature","geometry":{"type":"Point","coordinates":[-106.8688,40.7601]},"properties":{"s":39.0,"pub":true}},{"type":"Feature","geometry":{"type":"Point","coordinates":[-106.8688,40.8007]},"properties":{"s":63.4,"pub":true}},{"type":"Feature","geometry":{"type":"Point","coordinates":[-106.8688,40.8065]},"properties":{"s":63.4,"pub":true}},{"type":"Feature","geometry":{"type":"Point","coordinates":[-106.8688,40.8123]},"properties":{"s":63.4,"pub":true}},{"type":"Feature","geometry":{"type":"Point","coordinates":[-106.8688,40.8181]},"properties":{"s":63.4,"pub":true}},{"type":"Feature","geometry":{"type":"Point","coordinates":[-106.8688,40.8239]},"properties":{"s":63.4,"pub":true}},{"type":"Feature","geometry":{"type":"Point","coordinates":[-106.8688,40.8297]},"properties":{"s":63.4,"pub":true}},{"type":"Feature","geometry":{"type":"Point","coordinates":[-106.8688,40.8355]},"properties":{"s":63.4,"pub":true}},{"type":"Feature","geometry":{"type":"Point","coordinates":[-106.8613,40.5223]},"properties":{"s":46.3,"pub":false}},{"type":"Feature","geometry":{"type":"Point","coordinates":[-106.8613,40.5281]},"properties":{"s":51.2,"pub":false}},{"type":"Feature","geometry":{"type":"Point","coordinates":[-106.8613,40.5339]},"properties":{"s":51.2,"pub":false}},{"type":"Feature","geometry":{"type":"Point","coordinates":[-106.8613,40.5397]},"properties":{"s":51.2,"pub":false}},{"type":"Feature","geometry":{"type":"Point","coordinates":[-106.8613,40.5455]},"properties":{"s":46.3,"pub":false}},{"type":"Feature","geometry":{"type":"Point","coordinates":[-106.8613,40.5513]},"properties":{"s":46.3,"pub":false}},{"type":"Feature","geometry":{"type":"Point","coordinates":[-106.8613,40.5571]},"properties":{"s":46.3,"pub":false}},{"type":"Feature","geometry":{"type":"Point","coordinates":[-106.8613,40.5629]},"properties":{"s":46.3,"pub":true}},{"type":"Feature","geometry":{"type":"Point","coordinates":[-106.8613,40.5687]},"properties":{"s":46.3,"pub":true}},{"type":"Feature","geometry":{"type":"Point","coordinates":[-106.8613,40.5745]},"properties":{"s":46.3,"pub":true}},{"type":"Feature","geometry":{"type":"Point","coordinates":[-106.8613,40.5803]},"properties":{"s":46.3,"pub":true}},{"type":"Feature","geometry":{"type":"Point","coordinates":[-106.8613,40.5861]},"properties":{"s":46.3,"pub":true}},{"type":"Feature","geometry":{"type":"Point","coordinates":[-106.8613,40.5919]},"properties":{"s":46.3,"pub":true}},{"type":"Feature","geometry":{"type":"Point","coordinates":[-106.8613,40.5977]},"properties":{"s":75.6,"pub":true}},{"type":"Feature","geometry":{"type":"Point","coordinates":[-106.8613,40.6035]},"properties":{"s":75.6,"pub":true}},{"type":"Feature","geometry":{"type":"Point","coordinates":[-106.8613,40.6093]},"properties":{"s":75.6,"pub":true}},{"type":"Feature","geometry":{"type":"Point","coordinates":[-106.8613,40.6151]},"properties":{"s":95.1,"pub":true}},{"type":"Feature","geometry":{"type":"Point","coordinates":[-106.8613,40.6209]},"properties":{"s":95.1,"pub":true}},{"type":"Feature","geometry":{"type":"Point","coordinates":[-106.8613,40.6267]},"properties":{"s":95.1,"pub":true}},{"type":"Feature","geometry":{"type":"Point","coordinates":[-106.8613,40.6325]},"properties":{"s":95.1,"pub":true}},{"type":"Feature","geometry":{"type":"Point","coordinates":[-106.8613,40.6383]},"properties":{"s":95.1,"pub":true}},{"type":"Feature","geometry":{"type":"Point","coordinates":[-106.8613,40.6441]},"properties":{"s":95.1,"pub":true}},{"type":"Feature","geometry":{"type":"Point","coordinates":[-106.8613,40.6499]},"properties":{"s":95.1,"pub":true}},{"type":"Feature","geometry":{"type":"Point","coordinates":[-106.8613,40.6557]},"properties":{"s":95.1,"pub":true}},{"type":"Feature","geometry":{"type":"Point","coordinates":[-106.8613,40.6615]},"properties":{"s":95.1,"pub":false}},{"type":"Feature","geometry":{"type":"Point","coordinates":[-106.8613,40.6673]},"properties":{"s":95.1,"pub":false}},{"type":"Feature","geometry":{"type":"Point","coordinates":[-106.8613,40.6731]},"properties":{"s":95.1,"pub":true}},{"type":"Feature","geometry":{"type":"Point","coordinates":[-106.8613,40.6789]},"properties":{"s":95.1,"pub":true}},{"type":"Feature","geometry":{"type":"Point","coordinates":[-106.8613,40.6847]},"properties":{"s":95.1,"pub":true}},{"type":"Feature","geometry":{"type":"Point","coordinates":[-106.8613,40.6905]},"properties":{"s":92.7,"pub":true}},{"type":"Feature","geometry":{"type":"Point","coordinates":[-106.8613,40.6963]},"properties":{"s":92.7,"pub":true}},{"type":"Feature","geometry":{"type":"Point","coordinates":[-106.8613,40.7021]},"properties":{"s":92.7,"pub":true}},{"type":"Feature","geometry":{"type":"Point","coordinates":[-106.8613,40.7079]},"properties":{"s":92.7,"pub":true}},{"type":"Feature","geometry":{"type":"Point","coordinates":[-106.8613,40.7137]},"properties":{"s":92.7,"pub":true}},{"type":"Feature","geometry":{"type":"Point","coordinates":[-106.8613,40.7195]},"properties":{"s":92.7,"pub":true}},{"type":"Feature","geometry":{"type":"Point","coordinates":[-106.8613,40.7253]},"properties":{"s":92.7,"pub":true}},{"type":"Feature","geometry":{"type":"Point","coordinates":[-106.8613,40.7311]},"properties":{"s":65.9,"pub":true}},{"type":"Feature","geometry":{"type":"Point","coordinates":[-106.8613,40.7369]},"properties":{"s":39.0,"pub":true}},{"type":"Feature","geometry":{"type":"Point","coordinates":[-106.8613,40.7427]},"properties":{"s":43.9,"pub":true}},{"type":"Feature","geometry":{"type":"Point","coordinates":[-106.8613,40.7485]},"properties":{"s":43.9,"pub":true}},{"type":"Feature","geometry":{"type":"Point","coordinates":[-106.8613,40.7543]},"properties":{"s":43.9,"pub":true}},{"type":"Feature","geometry":{"type":"Point","coordinates":[-106.8613,40.7601]},"properties":{"s":39.0,"pub":true}},{"type":"Feature","geometry":{"type":"Point","coordinates":[-106.8613,40.7949]},"properties":{"s":63.4,"pub":true}},{"type":"Feature","geometry":{"type":"Point","coordinates":[-106.8613,40.8007]},"properties":{"s":63.4,"pub":true}},{"type":"Feature","geometry":{"type":"Point","coordinates":[-106.8613,40.8065]},"properties":{"s":63.4,"pub":true}},{"type":"Feature","geometry":{"type":"Point","coordinates":[-106.8613,40.8123]},"properties":{"s":63.4,"pub":true}},{"type":"Feature","geometry":{"type":"Point","coordinates":[-106.8613,40.8181]},"properties":{"s":63.4,"pub":true}},{"type":"Feature","geometry":{"type":"Point","coordinates":[-106.8613,40.8239]},"properties":{"s":63.4,"pub":true}},{"type":"Feature","geometry":{"type":"Point","coordinates":[-106.8613,40.8297]},"properties":{"s":63.4,"pub":true}},{"type":"Feature","geometry":{"type":"Point","coordinates":[-106.8538,40.5107]},"properties":{"s":41.5,"pub":false}},{"type":"Feature","geometry":{"type":"Point","coordinates":[-106.8538,40.5165]},"properties":{"s":51.2,"pub":false}},{"type":"Feature","geometry":{"type":"Point","coordinates":[-106.8538,40.5223]},"properties":{"s":51.2,"pub":false}},{"type":"Feature","geometry":{"type":"Point","coordinates":[-106.8538,40.5281]},"properties":{"s":46.3,"pub":false}},{"type":"Feature","geometry":{"type":"Point","coordinates":[-106.8538,40.5339]},"properties":{"s":51.2,"pub":false}},{"type":"Feature","geometry":{"type":"Point","coordinates":[-106.8538,40.5397]},"properties":{"s":51.2,"pub":false}},{"type":"Feature","geometry":{"type":"Point","coordinates":[-106.8538,40.5455]},"properties":{"s":46.3,"pub":false}},{"type":"Feature","geometry":{"type":"Point","coordinates":[-106.8538,40.5513]},"properties":{"s":46.3,"pub":true}},{"type":"Feature","geometry":{"type":"Point","coordinates":[-106.8538,40.5571]},"properties":{"s":46.3,"pub":true}},{"type":"Feature","geometry":{"type":"Point","coordinates":[-106.8538,40.5629]},"properties":{"s":46.3,"pub":true}},{"type":"Feature","geometry":{"type":"Point","coordinates":[-106.8538,40.5687]},"properties":{"s":46.3,"pub":true}},{"type":"Feature","geometry":{"type":"Point","coordinates":[-106.8538,40.5745]},"properties":{"s":46.3,"pub":true}},{"type":"Feature","geometry":{"type":"Point","coordinates":[-106.8538,40.5803]},"properties":{"s":46.3,"pub":true}},{"type":"Feature","geometry":{"type":"Point","coordinates":[-106.8538,40.5861]},"properties":{"s":46.3,"pub":true}},{"type":"Feature","geometry":{"type":"Point","coordinates":[-106.8538,40.5919]},"properties":{"s":46.3,"pub":true}},{"type":"Feature","geometry":{"type":"Point","coordinates":[-106.8538,40.5977]},"properties":{"s":75.6,"pub":true}},{"type":"Feature","geometry":{"type":"Point","coordinates":[-106.8538,40.6035]},"properties":{"s":75.6,"pub":true}},{"type":"Feature","geometry":{"type":"Point","coordinates":[-106.8538,40.6093]},"properties":{"s":95.1,"pub":true}},{"type":"Feature","geometry":{"type":"Point","coordinates":[-106.8538,40.6151]},"properties":{"s":95.1,"pub":true}},{"type":"Feature","geometry":{"type":"Point","coordinates":[-106.8538,40.6209]},"properties":{"s":95.1,"pub":true}},{"type":"Feature","geometry":{"type":"Point","coordinates":[-106.8538,40.6267]},"properties":{"s":95.1,"pub":true}},{"type":"Feature","geometry":{"type":"Point","coordinates":[-106.8538,40.6325]},"properties":{"s":95.1,"pub":true}},{"type":"Feature","geometry":{"type":"Point","coordinates":[-106.8538,40.6383]},"properties":{"s":95.1,"pub":true}},{"type":"Feature","geometry":{"type":"Point","coordinates":[-106.8538,40.6441]},"properties":{"s":95.1,"pub":true}},{"type":"Feature","geometry":{"type":"Point","coordinates":[-106.8538,40.6499]},"properties":{"s":95.1,"pub":true}},{"type":"Feature","geometry":{"type":"Point","coordinates":[-106.8538,40.6557]},"properties":{"s":95.1,"pub":true}},{"type":"Feature","geometry":{"type":"Point","coordinates":[-106.8538,40.6615]},"properties":{"s":95.1,"pub":false}},{"type":"Feature","geometry":{"type":"Point","coordinates":[-106.8538,40.6673]},"properties":{"s":95.1,"pub":false}},{"type":"Feature","geometry":{"type":"Point","coordinates":[-106.8538,40.6731]},"properties":{"s":92.7,"pub":true}},{"type":"Feature","geometry":{"type":"Point","coordinates":[-106.8538,40.6789]},"properties":{"s":92.7,"pub":true}},{"type":"Feature","geometry":{"type":"Point","coordinates":[-106.8538,40.6847]},"properties":{"s":92.7,"pub":true}},{"type":"Feature","geometry":{"type":"Point","coordinates":[-106.8538,40.6905]},"properties":{"s":92.7,"pub":true}},{"type":"Feature","geometry":{"type":"Point","coordinates":[-106.8538,40.6963]},"properties":{"s":92.7,"pub":true}},{"type":"Feature","geometry":{"type":"Point","coordinates":[-106.8538,40.7021]},"properties":{"s":92.7,"pub":true}},{"type":"Feature","geometry":{"type":"Point","coordinates":[-106.8538,40.7079]},"properties":{"s":92.7,"pub":true}},{"type":"Feature","geometry":{"type":"Point","coordinates":[-106.8538,40.7137]},"properties":{"s":92.7,"pub":true}},{"type":"Feature","geometry":{"type":"Point","coordinates":[-106.8538,40.7195]},"properties":{"s":92.7,"pub":true}},{"type":"Feature","geometry":{"type":"Point","coordinates":[-106.8538,40.7253]},"properties":{"s":92.7,"pub":true}},{"type":"Feature","geometry":{"type":"Point","coordinates":[-106.8538,40.7311]},"properties":{"s":92.7,"pub":true}},{"type":"Feature","geometry":{"type":"Point","coordinates":[-106.8538,40.7369]},"properties":{"s":39.0,"pub":true}},{"type":"Feature","geometry":{"type":"Point","coordinates":[-106.8538,40.7427]},"properties":{"s":39.0,"pub":true}},{"type":"Feature","geometry":{"type":"Point","coordinates":[-106.8538,40.7485]},"properties":{"s":43.9,"pub":true}},{"type":"Feature","geometry":{"type":"Point","coordinates":[-106.8538,40.7543]},"properties":{"s":39.0,"pub":true}},{"type":"Feature","geometry":{"type":"Point","coordinates":[-106.8538,40.7601]},"properties":{"s":39.0,"pub":true}},{"type":"Feature","geometry":{"type":"Point","coordinates":[-106.8538,40.7659]},"properties":{"s":39.0,"pub":true}},{"type":"Feature","geometry":{"type":"Point","coordinates":[-106.8538,40.7717]},"properties":{"s":63.4,"pub":true}},{"type":"Feature","geometry":{"type":"Point","coordinates":[-106.8538,40.7775]},"properties":{"s":63.4,"pub":true}},{"type":"Feature","geometry":{"type":"Point","coordinates":[-106.8538,40.7833]},"properties":{"s":63.4,"pub":true}},{"type":"Feature","geometry":{"type":"Point","coordinates":[-106.8538,40.7891]},"properties":{"s":63.4,"pub":true}},{"type":"Feature","geometry":{"type":"Point","coordinates":[-106.8538,40.7949]},"properties":{"s":63.4,"pub":true}},{"type":"Feature","geometry":{"type":"Point","coordinates":[-106.8538,40.8007]},"properties":{"s":63.4,"pub":true}},{"type":"Feature","geometry":{"type":"Point","coordinates":[-106.8538,40.8065]},"properties":{"s":63.4,"pub":true}},{"type":"Feature","geometry":{"type":"Point","coordinates":[-106.8538,40.8123]},"properties":{"s":63.4,"pub":true}},{"type":"Feature","geometry":{"type":"Point","coordinates":[-106.8538,40.8181]},"properties":{"s":63.4,"pub":true}},{"type":"Feature","geometry":{"type":"Point","coordinates":[-106.8538,40.8239]},"properties":{"s":63.4,"pub":true}},{"type":"Feature","geometry":{"type":"Point","coordinates":[-106.8538,40.8297]},"properties":{"s":63.4,"pub":true}},{"type":"Feature","geometry":{"type":"Point","coordinates":[-106.8463,40.4991]},"properties":{"s":70.7,"pub":false}},{"type":"Feature","geometry":{"type":"Point","coordinates":[-106.8463,40.5049]},"properties":{"s":70.7,"pub":false}},{"type":"Feature","geometry":{"type":"Point","coordinates":[-106.8463,40.5107]},"properties":{"s":65.9,"pub":false}},{"type":"Feature","geometry":{"type":"Point","coordinates":[-106.8463,40.5165]},"properties":{"s":65.9,"pub":false}},{"type":"Feature","geometry":{"type":"Point","coordinates":[-106.8463,40.5223]},"properties":{"s":46.3,"pub":false}},{"type":"Feature","geometry":{"type":"Point","coordinates":[-106.8463,40.5281]},"properties":{"s":46.3,"pub":false}},{"type":"Feature","geometry":{"type":"Point","coordinates":[-106.8463,40.5339]},"properties":{"s":46.3,"pub":false}},{"type":"Feature","geometry":{"type":"Point","coordinates":[-106.8463,40.5397]},"properties":{"s":46.3,"pub":true}},{"type":"Feature","geometry":{"type":"Point","coordinates":[-106.8463,40.5455]},"properties":{"s":46.3,"pub":true}},{"type":"Feature","geometry":{"type":"Point","coordinates":[-106.8463,40.5513]},"properties":{"s":46.3,"pub":false}},{"type":"Feature","geometry":{"type":"Point","coordinates":[-106.8463,40.5571]},"properties":{"s":46.3,"pub":false}},{"type":"Feature","geometry":{"type":"Point","coordinates":[-106.8463,40.5629]},"properties":{"s":46.3,"pub":true}},{"type":"Feature","geometry":{"type":"Point","coordinates":[-106.8463,40.5687]},"properties":{"s":46.3,"pub":true}},{"type":"Feature","geometry":{"type":"Point","coordinates":[-106.8463,40.5745]},"properties":{"s":46.3,"pub":true}},{"type":"Feature","geometry":{"type":"Point","coordinates":[-106.8463,40.5803]},"properties":{"s":46.3,"pub":true}},{"type":"Feature","geometry":{"type":"Point","coordinates":[-106.8463,40.5861]},"properties":{"s":46.3,"pub":true}},{"type":"Feature","geometry":{"type":"Point","coordinates":[-106.8463,40.5919]},"properties":{"s":46.3,"pub":true}},{"type":"Feature","geometry":{"type":"Point","coordinates":[-106.8463,40.5977]},"properties":{"s":75.6,"pub":true}},{"type":"Feature","geometry":{"type":"Point","coordinates":[-106.8463,40.6035]},"properties":{"s":75.6,"pub":true}},{"type":"Feature","geometry":{"type":"Point","coordinates":[-106.8463,40.6093]},"properties":{"s":95.1,"pub":true}},{"type":"Feature","geometry":{"type":"Point","coordinates":[-106.8463,40.6151]},"properties":{"s":95.1,"pub":true}},{"type":"Feature","geometry":{"type":"Point","coordinates":[-106.8463,40.6209]},"properties":{"s":95.1,"pub":true}},{"type":"Feature","geometry":{"type":"Point","coordinates":[-106.8463,40.6267]},"properties":{"s":95.1,"pub":true}},{"type":"Feature","geometry":{"type":"Point","coordinates":[-106.8463,40.6325]},"properties":{"s":92.7,"pub":true}},{"type":"Feature","geometry":{"type":"Point","coordinates":[-106.8463,40.6383]},"properties":{"s":92.7,"pub":true}},{"type":"Feature","geometry":{"type":"Point","coordinates":[-106.8463,40.6441]},"properties":{"s":92.7,"pub":true}},{"type":"Feature","geometry":{"type":"Point","coordinates":[-106.8463,40.6499]},"properties":{"s":92.7,"pub":true}},{"type":"Feature","geometry":{"type":"Point","coordinates":[-106.8463,40.6557]},"properties":{"s":92.7,"pub":true}},{"type":"Feature","geometry":{"type":"Point","coordinates":[-106.8463,40.6615]},"properties":{"s":92.7,"pub":true}},{"type":"Feature","geometry":{"type":"Point","coordinates":[-106.8463,40.6673]},"properties":{"s":92.7,"pub":true}},{"type":"Feature","geometry":{"type":"Point","coordinates":[-106.8463,40.6731]},"properties":{"s":92.7,"pub":false}},{"type":"Feature","geometry":{"type":"Point","coordinates":[-106.8463,40.6789]},"properties":{"s":92.7,"pub":false}},{"type":"Feature","geometry":{"type":"Point","coordinates":[-106.8463,40.6847]},"properties":{"s":92.7,"pub":true}},{"type":"Feature","geometry":{"type":"Point","coordinates":[-106.8463,40.6905]},"properties":{"s":92.7,"pub":true}},{"type":"Feature","geometry":{"type":"Point","coordinates":[-106.8463,40.6963]},"properties":{"s":92.7,"pub":true}},{"type":"Feature","geometry":{"type":"Point","coordinates":[-106.8463,40.7021]},"properties":{"s":92.7,"pub":true}},{"type":"Feature","geometry":{"type":"Point","coordinates":[-106.8463,40.7079]},"properties":{"s":92.7,"pub":true}},{"type":"Feature","geometry":{"type":"Point","coordinates":[-106.8463,40.7137]},"properties":{"s":92.7,"pub":true}},{"type":"Feature","geometry":{"type":"Point","coordinates":[-106.8463,40.7195]},"properties":{"s":92.7,"pub":true}},{"type":"Feature","geometry":{"type":"Point","coordinates":[-106.8463,40.7253]},"properties":{"s":92.7,"pub":true}},{"type":"Feature","geometry":{"type":"Point","coordinates":[-106.8463,40.7311]},"properties":{"s":92.7,"pub":true}},{"type":"Feature","geometry":{"type":"Point","coordinates":[-106.8463,40.7369]},"properties":{"s":68.3,"pub":true}},{"type":"Feature","geometry":{"type":"Point","coordinates":[-106.8463,40.7427]},"properties":{"s":39.0,"pub":true}},{"type":"Feature","geometry":{"type":"Point","coordinates":[-106.8463,40.7485]},"properties":{"s":39.0,"pub":true}},{"type":"Feature","geometry":{"type":"Point","coordinates":[-106.8463,40.7543]},"properties":{"s":39.0,"pub":true}},{"type":"Feature","geometry":{"type":"Point","coordinates":[-106.8463,40.7601]},"properties":{"s":39.0,"pub":true}},{"type":"Feature","geometry":{"type":"Point","coordinates":[-106.8463,40.7659]},"properties":{"s":39.0,"pub":true}},{"type":"Feature","geometry":{"type":"Point","coordinates":[-106.8463,40.7775]},"properties":{"s":63.4,"pub":true}},{"type":"Feature","geometry":{"type":"Point","coordinates":[-106.8463,40.7833]},"properties":{"s":63.4,"pub":true}},{"type":"Feature","geometry":{"type":"Point","coordinates":[-106.8463,40.7891]},"properties":{"s":63.4,"pub":true}},{"type":"Feature","geometry":{"type":"Point","coordinates":[-106.8463,40.7949]},"properties":{"s":63.4,"pub":true}},{"type":"Feature","geometry":{"type":"Point","coordinates":[-106.8463,40.8007]},"properties":{"s":63.4,"pub":true}},{"type":"Feature","geometry":{"type":"Point","coordinates":[-106.8463,40.8065]},"properties":{"s":63.4,"pub":true}},{"type":"Feature","geometry":{"type":"Point","coordinates":[-106.8463,40.8123]},"properties":{"s":63.4,"pub":true}},{"type":"Feature","geometry":{"type":"Point","coordinates":[-106.8463,40.8181]},"properties":{"s":63.4,"pub":true}},{"type":"Feature","geometry":{"type":"Point","coordinates":[-106.8463,40.8239]},"properties":{"s":63.4,"pub":true}},{"type":"Feature","geometry":{"type":"Point","coordinates":[-106.8463,40.8297]},"properties":{"s":63.4,"pub":true}},{"type":"Feature","geometry":{"type":"Point","coordinates":[-106.8388,40.4933]},"properties":{"s":46.3,"pub":false}},{"type":"Feature","geometry":{"type":"Point","coordinates":[-106.8388,40.4991]},"properties":{"s":65.9,"pub":false}},{"type":"Feature","geometry":{"type":"Point","coordinates":[-106.8388,40.5049]},"properties":{"s":65.9,"pub":false}},{"type":"Feature","geometry":{"type":"Point","coordinates":[-106.8388,40.5107]},"properties":{"s":65.9,"pub":false}},{"type":"Feature","geometry":{"type":"Point","coordinates":[-106.8388,40.5165]},"properties":{"s":65.9,"pub":false}},{"type":"Feature","geometry":{"type":"Point","coordinates":[-106.8388,40.5223]},"properties":{"s":65.9,"pub":false}},{"type":"Feature","geometry":{"type":"Point","coordinates":[-106.8388,40.5281]},"properties":{"s":65.9,"pub":false}},{"type":"Feature","geometry":{"type":"Point","coordinates":[-106.8388,40.5339]},"properties":{"s":46.3,"pub":true}},{"type":"Feature","geometry":{"type":"Point","coordinates":[-106.8388,40.5397]},"properties":{"s":46.3,"pub":true}},{"type":"Feature","geometry":{"type":"Point","coordinates":[-106.8388,40.5455]},"properties":{"s":46.3,"pub":true}},{"type":"Feature","geometry":{"type":"Point","coordinates":[-106.8388,40.5513]},"properties":{"s":46.3,"pub":false}},{"type":"Feature","geometry":{"type":"Point","coordinates":[-106.8388,40.5571]},"properties":{"s":46.3,"pub":true}},{"type":"Feature","geometry":{"type":"Point","coordinates":[-106.8388,40.5629]},"properties":{"s":46.3,"pub":true}},{"type":"Feature","geometry":{"type":"Point","coordinates":[-106.8388,40.5687]},"properties":{"s":46.3,"pub":true}},{"type":"Feature","geometry":{"type":"Point","coordinates":[-106.8388,40.5745]},"properties":{"s":46.3,"pub":true}},{"type":"Feature","geometry":{"type":"Point","coordinates":[-106.8388,40.5803]},"properties":{"s":46.3,"pub":true}},{"type":"Feature","geometry":{"type":"Point","coordinates":[-106.8388,40.5861]},"properties":{"s":46.3,"pub":true}},{"type":"Feature","geometry":{"type":"Point","coordinates":[-106.8388,40.5919]},"properties":{"s":46.3,"pub":true}},{"type":"Feature","geometry":{"type":"Point","coordinates":[-106.8388,40.5977]},"properties":{"s":75.6,"pub":true}},{"type":"Feature","geometry":{"type":"Point","coordinates":[-106.8388,40.6035]},"properties":{"s":95.1,"pub":true}},{"type":"Feature","geometry":{"type":"Point","coordinates":[-106.8388,40.6093]},"properties":{"s":95.1,"pub":true}},{"type":"Feature","geometry":{"type":"Point","coordinates":[-106.8388,40.6151]},"properties":{"s":95.1,"pub":true}},{"type":"Feature","geometry":{"type":"Point","coordinates":[-106.8388,40.6209]},"properties":{"s":92.7,"pub":true}},{"type":"Feature","geometry":{"type":"Point","coordinates":[-106.8388,40.6267]},"properties":{"s":92.7,"pub":true}},{"type":"Feature","geometry":{"type":"Point","coordinates":[-106.8388,40.6325]},"properties":{"s":92.7,"pub":true}},{"type":"Feature","geometry":{"type":"Point","coordinates":[-106.8388,40.6383]},"properties":{"s":92.7,"pub":true}},{"type":"Feature","geometry":{"type":"Point","coordinates":[-106.8388,40.6441]},"properties":{"s":92.7,"pub":true}},{"type":"Feature","geometry":{"type":"Point","coordinates":[-106.8388,40.6499]},"properties":{"s":92.7,"pub":true}},{"type":"Feature","geometry":{"type":"Point","coordinates":[-106.8388,40.6557]},"properties":{"s":92.7,"pub":true}},{"type":"Feature","geometry":{"type":"Point","coordinates":[-106.8388,40.6615]},"properties":{"s":92.7,"pub":true}},{"type":"Feature","geometry":{"type":"Point","coordinates":[-106.8388,40.6673]},"properties":{"s":92.7,"pub":true}},{"type":"Feature","geometry":{"type":"Point","coordinates":[-106.8388,40.6731]},"properties":{"s":92.7,"pub":true}},{"type":"Feature","geometry":{"type":"Point","coordinates":[-106.8388,40.6789]},"properties":{"s":92.7,"pub":true}},{"type":"Feature","geometry":{"type":"Point","coordinates":[-106.8388,40.6847]},"properties":{"s":92.7,"pub":true}},{"type":"Feature","geometry":{"type":"Point","coordinates":[-106.8388,40.6905]},"properties":{"s":92.7,"pub":true}},{"type":"Feature","geometry":{"type":"Point","coordinates":[-106.8388,40.6963]},"properties":{"s":92.7,"pub":true}},{"type":"Feature","geometry":{"type":"Point","coordinates":[-106.8388,40.7021]},"properties":{"s":92.7,"pub":true}},{"type":"Feature","geometry":{"type":"Point","coordinates":[-106.8388,40.7079]},"properties":{"s":92.7,"pub":true}},{"type":"Feature","geometry":{"type":"Point","coordinates":[-106.8388,40.7137]},"properties":{"s":92.7,"pub":true}},{"type":"Feature","geometry":{"type":"Point","coordinates":[-106.8388,40.7195]},"properties":{"s":92.7,"pub":true}},{"type":"Feature","geometry":{"type":"Point","coordinates":[-106.8388,40.7253]},"properties":{"s":92.7,"pub":true}},{"type":"Feature","geometry":{"type":"Point","coordinates":[-106.8388,40.7311]},"properties":{"s":92.7,"pub":true}},{"type":"Feature","geometry":{"type":"Point","coordinates":[-106.8388,40.7369]},"properties":{"s":97.6,"pub":true}},{"type":"Feature","geometry":{"type":"Point","coordinates":[-106.8388,40.7427]},"properties":{"s":39.0,"pub":true}},{"type":"Feature","geometry":{"type":"Point","coordinates":[-106.8388,40.7485]},"properties":{"s":39.0,"pub":true}},{"type":"Feature","geometry":{"type":"Point","coordinates":[-106.8388,40.7543]},"properties":{"s":39.0,"pub":true}},{"type":"Feature","geometry":{"type":"Point","coordinates":[-106.8388,40.7601]},"properties":{"s":39.0,"pub":true}},{"type":"Feature","geometry":{"type":"Point","coordinates":[-106.8388,40.7659]},"properties":{"s":39.0,"pub":true}},{"type":"Feature","geometry":{"type":"Point","coordinates":[-106.8388,40.7775]},"properties":{"s":63.4,"pub":true}},{"type":"Feature","geometry":{"type":"Point","coordinates":[-106.8388,40.7833]},"properties":{"s":63.4,"pub":true}},{"type":"Feature","geometry":{"type":"Point","coordinates":[-106.8388,40.7891]},"properties":{"s":63.4,"pub":true}},{"type":"Feature","geometry":{"type":"Point","coordinates":[-106.8388,40.7949]},"properties":{"s":63.4,"pub":true}},{"type":"Feature","geometry":{"type":"Point","coordinates":[-106.8388,40.8007]},"properties":{"s":63.4,"pub":true}},{"type":"Feature","geometry":{"type":"Point","coordinates":[-106.8388,40.8065]},"properties":{"s":63.4,"pub":true}},{"type":"Feature","geometry":{"type":"Point","coordinates":[-106.8388,40.8123]},"properties":{"s":63.4,"pub":true}},{"type":"Feature","geometry":{"type":"Point","coordinates":[-106.8388,40.8181]},"properties":{"s":63.4,"pub":true}},{"type":"Feature","geometry":{"type":"Point","coordinates":[-106.8388,40.8239]},"properties":{"s":63.4,"pub":true}},{"type":"Feature","geometry":{"type":"Point","coordinates":[-106.8388,40.8297]},"properties":{"s":63.4,"pub":true}},{"type":"Feature","geometry":{"type":"Point","coordinates":[-106.8313,40.4991]},"properties":{"s":46.3,"pub":false}},{"type":"Feature","geometry":{"type":"Point","coordinates":[-106.8313,40.5049]},"properties":{"s":65.9,"pub":false}},{"type":"Feature","geometry":{"type":"Point","coordinates":[-106.8313,40.5107]},"properties":{"s":46.3,"pub":false}},{"type":"Feature","geometry":{"type":"Point","coordinates":[-106.8313,40.5165]},"properties":{"s":65.9,"pub":false}},{"type":"Feature","geometry":{"type":"Point","coordinates":[-106.8313,40.5223]},"properties":{"s":65.9,"pub":false}},{"type":"Feature","geometry":{"type":"Point","coordinates":[-106.8313,40.5281]},"properties":{"s":65.9,"pub":false}},{"type":"Feature","geometry":{"type":"Point","coordinates":[-106.8313,40.5339]},"properties":{"s":65.9,"pub":false}},{"type":"Feature","geometry":{"type":"Point","coordinates":[-106.8313,40.5397]},"properties":{"s":46.3,"pub":false}},{"type":"Feature","geometry":{"type":"Point","coordinates":[-106.8313,40.5455]},"properties":{"s":46.3,"pub":true}},{"type":"Feature","geometry":{"type":"Point","coordinates":[-106.8313,40.5513]},"properties":{"s":46.3,"pub":false}},{"type":"Feature","geometry":{"type":"Point","coordinates":[-106.8313,40.5571]},"properties":{"s":46.3,"pub":false}},{"type":"Feature","geometry":{"type":"Point","coordinates":[-106.8313,40.5629]},"properties":{"s":65.9,"pub":true}},{"type":"Feature","geometry":{"type":"Point","coordinates":[-106.8313,40.5687]},"properties":{"s":46.3,"pub":true}},{"type":"Feature","geometry":{"type":"Point","coordinates":[-106.8313,40.5745]},"properties":{"s":46.3,"pub":true}},{"type":"Feature","geometry":{"type":"Point","coordinates":[-106.8313,40.5803]},"properties":{"s":46.3,"pub":true}},{"type":"Feature","geometry":{"type":"Point","coordinates":[-106.8313,40.5861]},"properties":{"s":43.9,"pub":true}},{"type":"Feature","geometry":{"type":"Point","coordinates":[-106.8313,40.5919]},"properties":{"s":73.2,"pub":true}},{"type":"Feature","geometry":{"type":"Point","coordinates":[-106.8313,40.5977]},"properties":{"s":75.6,"pub":true}},{"type":"Feature","geometry":{"type":"Point","coordinates":[-106.8313,40.6035]},"properties":{"s":95.1,"pub":true}},{"type":"Feature","geometry":{"type":"Point","coordinates":[-106.8313,40.6093]},"properties":{"s":95.1,"pub":true}},{"type":"Feature","geometry":{"type":"Point","coordinates":[-106.8313,40.6151]},"properties":{"s":95.1,"pub":true}},{"type":"Feature","geometry":{"type":"Point","coordinates":[-106.8313,40.6209]},"properties":{"s":92.7,"pub":true}},{"type":"Feature","geometry":{"type":"Point","coordinates":[-106.8313,40.6267]},"properties":{"s":92.7,"pub":true}},{"type":"Feature","geometry":{"type":"Point","coordinates":[-106.8313,40.6325]},"properties":{"s":92.7,"pub":true}},{"type":"Feature","geometry":{"type":"Point","coordinates":[-106.8313,40.6383]},"properties":{"s":92.7,"pub":true}},{"type":"Feature","geometry":{"type":"Point","coordinates":[-106.8313,40.6441]},"properties":{"s":92.7,"pub":true}},{"type":"Feature","geometry":{"type":"Point","coordinates":[-106.8313,40.6499]},"properties":{"s":92.7,"pub":true}},{"type":"Feature","geometry":{"type":"Point","coordinates":[-106.8313,40.6557]},"properties":{"s":92.7,"pub":true}},{"type":"Feature","geometry":{"type":"Point","coordinates":[-106.8313,40.6615]},"properties":{"s":92.7,"pub":true}},{"type":"Feature","geometry":{"type":"Point","coordinates":[-106.8313,40.6673]},"properties":{"s":92.7,"pub":true}},{"type":"Feature","geometry":{"type":"Point","coordinates":[-106.8313,40.6731]},"properties":{"s":92.7,"pub":true}},{"type":"Feature","geometry":{"type":"Point","coordinates":[-106.8313,40.6789]},"properties":{"s":92.7,"pub":true}},{"type":"Feature","geometry":{"type":"Point","coordinates":[-106.8313,40.6847]},"properties":{"s":92.7,"pub":true}},{"type":"Feature","geometry":{"type":"Point","coordinates":[-106.8313,40.6905]},"properties":{"s":92.7,"pub":true}},{"type":"Feature","geometry":{"type":"Point","coordinates":[-106.8313,40.6963]},"properties":{"s":92.7,"pub":true}},{"type":"Feature","geometry":{"type":"Point","coordinates":[-106.8313,40.7021]},"properties":{"s":92.7,"pub":true}},{"type":"Feature","geometry":{"type":"Point","coordinates":[-106.8313,40.7079]},"properties":{"s":92.7,"pub":true}},{"type":"Feature","geometry":{"type":"Point","coordinates":[-106.8313,40.7137]},"properties":{"s":92.7,"pub":true}},{"type":"Feature","geometry":{"type":"Point","coordinates":[-106.8313,40.7195]},"properties":{"s":92.7,"pub":true}},{"type":"Feature","geometry":{"type":"Point","coordinates":[-106.8313,40.7253]},"properties":{"s":92.7,"pub":true}},{"type":"Feature","geometry":{"type":"Point","coordinates":[-106.8313,40.7311]},"properties":{"s":92.7,"pub":true}},{"type":"Feature","geometry":{"type":"Point","coordinates":[-106.8313,40.7369]},"properties":{"s":95.1,"pub":true}},{"type":"Feature","geometry":{"type":"Point","coordinates":[-106.8313,40.7427]},"properties":{"s":68.3,"pub":true}},{"type":"Feature","geometry":{"type":"Point","coordinates":[-106.8313,40.7485]},"properties":{"s":39.0,"pub":true}},{"type":"Feature","geometry":{"type":"Point","coordinates":[-106.8313,40.7543]},"properties":{"s":39.0,"pub":true}},{"type":"Feature","geometry":{"type":"Point","coordinates":[-106.8313,40.7601]},"properties":{"s":39.0,"pub":true}},{"type":"Feature","geometry":{"type":"Point","coordinates":[-106.8313,40.7659]},"properties":{"s":39.0,"pub":true}},{"type":"Feature","geometry":{"type":"Point","coordinates":[-106.8313,40.7833]},"properties":{"s":63.4,"pub":true}},{"type":"Feature","geometry":{"type":"Point","coordinates":[-106.8313,40.7891]},"properties":{"s":63.4,"pub":true}},{"type":"Feature","geometry":{"type":"Point","coordinates":[-106.8313,40.7949]},"properties":{"s":63.4,"pub":true}},{"type":"Feature","geometry":{"type":"Point","coordinates":[-106.8313,40.8007]},"properties":{"s":63.4,"pub":true}},{"type":"Feature","geometry":{"type":"Point","coordinates":[-106.8313,40.8065]},"properties":{"s":63.4,"pub":true}},{"type":"Feature","geometry":{"type":"Point","coordinates":[-106.8313,40.8123]},"properties":{"s":63.4,"pub":true}},{"type":"Feature","geometry":{"type":"Point","coordinates":[-106.8313,40.8181]},"properties":{"s":63.4,"pub":true}},{"type":"Feature","geometry":{"type":"Point","coordinates":[-106.8313,40.8239]},"properties":{"s":63.4,"pub":true}},{"type":"Feature","geometry":{"type":"Point","coordinates":[-106.8313,40.8297]},"properties":{"s":63.4,"pub":true}},{"type":"Feature","geometry":{"type":"Point","coordinates":[-106.8238,40.5397]},"properties":{"s":46.3,"pub":false}},{"type":"Feature","geometry":{"type":"Point","coordinates":[-106.8238,40.5455]},"properties":{"s":46.3,"pub":false}},{"type":"Feature","geometry":{"type":"Point","coordinates":[-106.8238,40.5513]},"properties":{"s":46.3,"pub":true}},{"type":"Feature","geometry":{"type":"Point","coordinates":[-106.8238,40.5571]},"properties":{"s":46.3,"pub":true}},{"type":"Feature","geometry":{"type":"Point","coordinates":[-106.8238,40.5629]},"properties":{"s":65.9,"pub":true}},{"type":"Feature","geometry":{"type":"Point","coordinates":[-106.8238,40.5687]},"properties":{"s":65.9,"pub":true}},{"type":"Feature","geometry":{"type":"Point","coordinates":[-106.8238,40.5745]},"properties":{"s":46.3,"pub":true}},{"type":"Feature","geometry":{"type":"Point","coordinates":[-106.8238,40.5803]},"properties":{"s":43.9,"pub":true}},{"type":"Feature","geometry":{"type":"Point","coordinates":[-106.8238,40.5861]},"properties":{"s":63.4,"pub":true}},{"type":"Feature","geometry":{"type":"Point","coordinates":[-106.8238,40.5919]},"properties":{"s":92.7,"pub":true}},{"type":"Feature","geometry":{"type":"Point","coordinates":[-106.8238,40.5977]},"properties":{"s":95.1,"pub":true}},{"type":"Feature","geometry":{"type":"Point","coordinates":[-106.8238,40.6035]},"properties":{"s":95.1,"pub":true}},{"type":"Feature","geometry":{"type":"Point","coordinates":[-106.8238,40.6093]},"properties":{"s":95.1,"pub":true}},{"type":"Feature","geometry":{"type":"Point","coordinates":[-106.8238,40.6151]},"properties":{"s":92.7,"pub":true}},{"type":"Feature","geometry":{"type":"Point","coordinates":[-106.8238,40.6209]},"properties":{"s":92.7,"pub":true}},{"type":"Feature","geometry":{"type":"Point","coordinates":[-106.8238,40.6267]},"properties":{"s":92.7,"pub":true}},{"type":"Feature","geometry":{"type":"Point","coordinates":[-106.8238,40.6325]},"properties":{"s":92.7,"pub":true}},{"type":"Feature","geometry":{"type":"Point","coordinates":[-106.8238,40.6383]},"properties":{"s":92.7,"pub":true}},{"type":"Feature","geometry":{"type":"Point","coordinates":[-106.8238,40.6441]},"properties":{"s":92.7,"pub":true}},{"type":"Feature","geometry":{"type":"Point","coordinates":[-106.8238,40.6499]},"properties":{"s":92.7,"pub":true}},{"type":"Feature","geometry":{"type":"Point","coordinates":[-106.8238,40.6557]},"properties":{"s":92.7,"pub":true}},{"type":"Feature","geometry":{"type":"Point","coordinates":[-106.8238,40.6615]},"properties":{"s":92.7,"pub":true}},{"type":"Feature","geometry":{"type":"Point","coordinates":[-106.8238,40.6673]},"properties":{"s":92.7,"pub":true}},{"type":"Feature","geometry":{"type":"Point","coordinates":[-106.8238,40.6731]},"properties":{"s":92.7,"pub":true}},{"type":"Feature","geometry":{"type":"Point","coordinates":[-106.8238,40.6789]},"properties":{"s":92.7,"pub":true}},{"type":"Feature","geometry":{"type":"Point","coordinates":[-106.8238,40.6847]},"properties":{"s":92.7,"pub":true}},{"type":"Feature","geometry":{"type":"Point","coordinates":[-106.8238,40.6905]},"properties":{"s":92.7,"pub":true}},{"type":"Feature","geometry":{"type":"Point","coordinates":[-106.8238,40.6963]},"properties":{"s":92.7,"pub":true}},{"type":"Feature","geometry":{"type":"Point","coordinates":[-106.8238,40.7021]},"properties":{"s":92.7,"pub":true}},{"type":"Feature","geometry":{"type":"Point","coordinates":[-106.8238,40.7079]},"properties":{"s":92.7,"pub":true}},{"type":"Feature","geometry":{"type":"Point","coordinates":[-106.8238,40.7137]},"properties":{"s":92.7,"pub":true}},{"type":"Feature","geometry":{"type":"Point","coordinates":[-106.8238,40.7195]},"properties":{"s":92.7,"pub":true}},{"type":"Feature","geometry":{"type":"Point","coordinates":[-106.8238,40.7253]},"properties":{"s":92.7,"pub":true}},{"type":"Feature","geometry":{"type":"Point","coordinates":[-106.8238,40.7311]},"properties":{"s":92.7,"pub":true}},{"type":"Feature","geometry":{"type":"Point","coordinates":[-106.8238,40.7369]},"properties":{"s":95.1,"pub":true}},{"type":"Feature","geometry":{"type":"Point","coordinates":[-106.8238,40.7427]},"properties":{"s":68.3,"pub":true}},{"type":"Feature","geometry":{"type":"Point","coordinates":[-106.8238,40.7485]},"properties":{"s":39.0,"pub":true}},{"type":"Feature","geometry":{"type":"Point","coordinates":[-106.8238,40.7543]},"properties":{"s":39.0,"pub":true}},{"type":"Feature","geometry":{"type":"Point","coordinates":[-106.8238,40.7601]},"properties":{"s":39.0,"pub":true}},{"type":"Feature","geometry":{"type":"Point","coordinates":[-106.8238,40.7659]},"properties":{"s":39.0,"pub":true}},{"type":"Feature","geometry":{"type":"Point","coordinates":[-106.8238,40.7833]},"properties":{"s":63.4,"pub":true}},{"type":"Feature","geometry":{"type":"Point","coordinates":[-106.8238,40.7891]},"properties":{"s":63.4,"pub":true}},{"type":"Feature","geometry":{"type":"Point","coordinates":[-106.8238,40.7949]},"properties":{"s":63.4,"pub":true}},{"type":"Feature","geometry":{"type":"Point","coordinates":[-106.8238,40.8007]},"properties":{"s":63.4,"pub":true}},{"type":"Feature","geometry":{"type":"Point","coordinates":[-106.8238,40.8065]},"properties":{"s":63.4,"pub":true}},{"type":"Feature","geometry":{"type":"Point","coordinates":[-106.8238,40.8123]},"properties":{"s":63.4,"pub":true}},{"type":"Feature","geometry":{"type":"Point","coordinates":[-106.8238,40.8181]},"properties":{"s":63.4,"pub":true}},{"type":"Feature","geometry":{"type":"Point","coordinates":[-106.8238,40.8239]},"properties":{"s":63.4,"pub":true}},{"type":"Feature","geometry":{"type":"Point","coordinates":[-106.8238,40.8297]},"properties":{"s":63.4,"pub":true}},{"type":"Feature","geometry":{"type":"Point","coordinates":[-106.8163,40.5455]},"properties":{"s":46.3,"pub":false}},{"type":"Feature","geometry":{"type":"Point","coordinates":[-106.8163,40.5513]},"properties":{"s":46.3,"pub":false}},{"type":"Feature","geometry":{"type":"Point","coordinates":[-106.8163,40.5571]},"properties":{"s":46.3,"pub":true}},{"type":"Feature","geometry":{"type":"Point","coordinates":[-106.8163,40.5629]},"properties":{"s":46.3,"pub":true}},{"type":"Feature","geometry":{"type":"Point","coordinates":[-106.8163,40.5687]},"properties":{"s":46.3,"pub":true}},{"type":"Feature","geometry":{"type":"Point","coordinates":[-106.8163,40.5745]},"properties":{"s":43.9,"pub":true}},{"type":"Feature","geometry":{"type":"Point","coordinates":[-106.8163,40.5803]},"properties":{"s":43.9,"pub":true}},{"type":"Feature","geometry":{"type":"Point","coordinates":[-106.8163,40.5861]},"properties":{"s":63.4,"pub":true}},{"type":"Feature","geometry":{"type":"Point","coordinates":[-106.8163,40.5919]},"properties":{"s":92.7,"pub":true}},{"type":"Feature","geometry":{"type":"Point","coordinates":[-106.8163,40.5977]},"properties":{"s":95.1,"pub":true}},{"type":"Feature","geometry":{"type":"Point","coordinates":[-106.8163,40.6035]},"properties":{"s":95.1,"pub":true}},{"type":"Feature","geometry":{"type":"Point","coordinates":[-106.8163,40.6093]},"properties":{"s":95.1,"pub":true}},{"type":"Feature","geometry":{"type":"Point","coordinates":[-106.8163,40.6151]},"properties":{"s":92.7,"pub":true}},{"type":"Feature","geometry":{"type":"Point","coordinates":[-106.8163,40.6209]},"properties":{"s":92.7,"pub":true}},{"type":"Feature","geometry":{"type":"Point","coordinates":[-106.8163,40.6267]},"properties":{"s":92.7,"pub":true}},{"type":"Feature","geometry":{"type":"Point","coordinates":[-106.8163,40.6325]},"properties":{"s":92.7,"pub":true}},{"type":"Feature","geometry":{"type":"Point","coordinates":[-106.8163,40.6383]},"properties":{"s":92.7,"pub":true}},{"type":"Feature","geometry":{"type":"Point","coordinates":[-106.8163,40.6441]},"properties":{"s":92.7,"pub":true}},{"type":"Feature","geometry":{"type":"Point","coordinates":[-106.8163,40.6499]},"properties":{"s":92.7,"pub":true}},{"type":"Feature","geometry":{"type":"Point","coordinates":[-106.8163,40.6557]},"properties":{"s":92.7,"pub":true}},{"type":"Feature","geometry":{"type":"Point","coordinates":[-106.8163,40.6615]},"properties":{"s":92.7,"pub":true}},{"type":"Feature","geometry":{"type":"Point","coordinates":[-106.8163,40.6673]},"properties":{"s":92.7,"pub":true}},{"type":"Feature","geometry":{"type":"Point","coordinates":[-106.8163,40.6731]},"properties":{"s":92.7,"pub":true}},{"type":"Feature","geometry":{"type":"Point","coordinates":[-106.8163,40.6789]},"properties":{"s":92.7,"pub":true}},{"type":"Feature","geometry":{"type":"Point","coordinates":[-106.8163,40.6847]},"properties":{"s":92.7,"pub":true}},{"type":"Feature","geometry":{"type":"Point","coordinates":[-106.8163,40.6905]},"properties":{"s":92.7,"pub":true}},{"type":"Feature","geometry":{"type":"Point","coordinates":[-106.8163,40.6963]},"properties":{"s":92.7,"pub":true}},{"type":"Feature","geometry":{"type":"Point","coordinates":[-106.8163,40.7021]},"properties":{"s":92.7,"pub":true}},{"type":"Feature","geometry":{"type":"Point","coordinates":[-106.8163,40.7079]},"properties":{"s":92.7,"pub":true}},{"type":"Feature","geometry":{"type":"Point","coordinates":[-106.8163,40.7137]},"properties":{"s":92.7,"pub":true}},{"type":"Feature","geometry":{"type":"Point","coordinates":[-106.8163,40.7195]},"properties":{"s":92.7,"pub":true}},{"type":"Feature","geometry":{"type":"Point","coordinates":[-106.8163,40.7253]},"properties":{"s":92.7,"pub":true}},{"type":"Feature","geometry":{"type":"Point","coordinates":[-106.8163,40.7311]},"properties":{"s":92.7,"pub":true}},{"type":"Feature","geometry":{"type":"Point","coordinates":[-106.8163,40.7369]},"properties":{"s":95.1,"pub":true}},{"type":"Feature","geometry":{"type":"Point","coordinates":[-106.8163,40.7427]},"properties":{"s":65.9,"pub":true}},{"type":"Feature","geometry":{"type":"Point","coordinates":[-106.8163,40.7485]},"properties":{"s":39.0,"pub":true}},{"type":"Feature","geometry":{"type":"Point","coordinates":[-106.8163,40.7543]},"properties":{"s":39.0,"pub":true}},{"type":"Feature","geometry":{"type":"Point","coordinates":[-106.8163,40.7601]},"properties":{"s":39.0,"pub":true}},{"type":"Feature","geometry":{"type":"Point","coordinates":[-106.8163,40.7659]},"properties":{"s":39.0,"pub":true}},{"type":"Feature","geometry":{"type":"Point","coordinates":[-106.8163,40.7891]},"properties":{"s":63.4,"pub":true}},{"type":"Feature","geometry":{"type":"Point","coordinates":[-106.8163,40.7949]},"properties":{"s":63.4,"pub":true}},{"type":"Feature","geometry":{"type":"Point","coordinates":[-106.8163,40.8007]},"properties":{"s":63.4,"pub":true}},{"type":"Feature","geometry":{"type":"Point","coordinates":[-106.8163,40.8065]},"properties":{"s":63.4,"pub":true}},{"type":"Feature","geometry":{"type":"Point","coordinates":[-106.8163,40.8123]},"properties":{"s":63.4,"pub":true}},{"type":"Feature","geometry":{"type":"Point","coordinates":[-106.8163,40.8181]},"properties":{"s":63.4,"pub":true}},{"type":"Feature","geometry":{"type":"Point","coordinates":[-106.8163,40.8239]},"properties":{"s":63.4,"pub":true}},{"type":"Feature","geometry":{"type":"Point","coordinates":[-106.8163,40.8297]},"properties":{"s":63.4,"pub":true}},{"type":"Feature","geometry":{"type":"Point","coordinates":[-106.8088,40.3831]},"properties":{"s":41.5,"pub":false}},{"type":"Feature","geometry":{"type":"Point","coordinates":[-106.8088,40.5513]},"properties":{"s":46.3,"pub":true}},{"type":"Feature","geometry":{"type":"Point","coordinates":[-106.8088,40.5571]},"properties":{"s":46.3,"pub":true}},{"type":"Feature","geometry":{"type":"Point","coordinates":[-106.8088,40.5629]},"properties":{"s":65.9,"pub":true}},{"type":"Feature","geometry":{"type":"Point","coordinates":[-106.8088,40.5687]},"properties":{"s":46.3,"pub":true}},{"type":"Feature","geometry":{"type":"Point","coordinates":[-106.8088,40.5745]},"properties":{"s":46.3,"pub":true}},{"type":"Feature","geometry":{"type":"Point","coordinates":[-106.8088,40.5803]},"properties":{"s":43.9,"pub":true}},{"type":"Feature","geometry":{"type":"Point","coordinates":[-106.8088,40.5861]},"properties":{"s":43.9,"pub":true}},{"type":"Feature","geometry":{"type":"Point","coordinates":[-106.8088,40.5919]},"properties":{"s":92.7,"pub":true}},{"type":"Feature","geometry":{"type":"Point","coordinates":[-106.8088,40.5977]},"properties":{"s":95.1,"pub":true}},{"type":"Feature","geometry":{"type":"Point","coordinates":[-106.8088,40.6035]},"properties":{"s":95.1,"pub":true}},{"type":"Feature","geometry":{"type":"Point","coordinates":[-106.8088,40.6093]},"properties":{"s":95.1,"pub":true}},{"type":"Feature","geometry":{"type":"Point","coordinates":[-106.8088,40.6151]},"properties":{"s":92.7,"pub":true}},{"type":"Feature","geometry":{"type":"Point","coordinates":[-106.8088,40.6209]},"properties":{"s":92.7,"pub":true}},{"type":"Feature","geometry":{"type":"Point","coordinates":[-106.8088,40.6267]},"properties":{"s":92.7,"pub":true}},{"type":"Feature","geometry":{"type":"Point","coordinates":[-106.8088,40.6325]},"properties":{"s":92.7,"pub":true}},{"type":"Feature","geometry":{"type":"Point","coordinates":[-106.8088,40.6383]},"properties":{"s":92.7,"pub":true}},{"type":"Feature","geometry":{"type":"Point","coordinates":[-106.8088,40.6441]},"properties":{"s":92.7,"pub":true}},{"type":"Feature","geometry":{"type":"Point","coordinates":[-106.8088,40.6499]},"properties":{"s":92.7,"pub":true}},{"type":"Feature","geometry":{"type":"Point","coordinates":[-106.8088,40.6557]},"properties":{"s":92.7,"pub":true}},{"type":"Feature","geometry":{"type":"Point","coordinates":[-106.8088,40.6615]},"properties":{"s":92.7,"pub":true}},{"type":"Feature","geometry":{"type":"Point","coordinates":[-106.8088,40.6673]},"properties":{"s":92.7,"pub":true}},{"type":"Feature","geometry":{"type":"Point","coordinates":[-106.8088,40.6731]},"properties":{"s":92.7,"pub":true}},{"type":"Feature","geometry":{"type":"Point","coordinates":[-106.8088,40.6789]},"properties":{"s":92.7,"pub":true}},{"type":"Feature","geometry":{"type":"Point","coordinates":[-106.8088,40.6847]},"properties":{"s":92.7,"pub":true}},{"type":"Feature","geometry":{"type":"Point","coordinates":[-106.8088,40.6905]},"properties":{"s":92.7,"pub":true}},{"type":"Feature","geometry":{"type":"Point","coordinates":[-106.8088,40.6963]},"properties":{"s":92.7,"pub":true}},{"type":"Feature","geometry":{"type":"Point","coordinates":[-106.8088,40.7021]},"properties":{"s":92.7,"pub":true}},{"type":"Feature","geometry":{"type":"Point","coordinates":[-106.8088,40.7079]},"properties":{"s":92.7,"pub":true}},{"type":"Feature","geometry":{"type":"Point","coordinates":[-106.8088,40.7137]},"properties":{"s":92.7,"pub":true}},{"type":"Feature","geometry":{"type":"Point","coordinates":[-106.8088,40.7195]},"properties":{"s":92.7,"pub":true}},{"type":"Feature","geometry":{"type":"Point","coordinates":[-106.8088,40.7253]},"properties":{"s":92.7,"pub":true}},{"type":"Feature","geometry":{"type":"Point","coordinates":[-106.8088,40.7311]},"properties":{"s":92.7,"pub":true}},{"type":"Feature","geometry":{"type":"Point","coordinates":[-106.8088,40.7369]},"properties":{"s":95.1,"pub":true}},{"type":"Feature","geometry":{"type":"Point","coordinates":[-106.8088,40.7427]},"properties":{"s":65.9,"pub":true}},{"type":"Feature","geometry":{"type":"Point","coordinates":[-106.8088,40.7485]},"properties":{"s":68.3,"pub":true}},{"type":"Feature","geometry":{"type":"Point","coordinates":[-106.8088,40.7601]},"properties":{"s":39.0,"pub":true}},{"type":"Feature","geometry":{"type":"Point","coordinates":[-106.8088,40.7659]},"properties":{"s":39.0,"pub":true}},{"type":"Feature","geometry":{"type":"Point","coordinates":[-106.8088,40.7949]},"properties":{"s":63.4,"pub":true}},{"type":"Feature","geometry":{"type":"Point","coordinates":[-106.8088,40.8007]},"properties":{"s":63.4,"pub":true}},{"type":"Feature","geometry":{"type":"Point","coordinates":[-106.8088,40.8065]},"properties":{"s":63.4,"pub":true}},{"type":"Feature","geometry":{"type":"Point","coordinates":[-106.8088,40.8123]},"properties":{"s":63.4,"pub":true}},{"type":"Feature","geometry":{"type":"Point","coordinates":[-106.8088,40.8181]},"properties":{"s":63.4,"pub":true}},{"type":"Feature","geometry":{"type":"Point","coordinates":[-106.8088,40.8239]},"properties":{"s":63.4,"pub":true}},{"type":"Feature","geometry":{"type":"Point","coordinates":[-106.8013,40.3889]},"properties":{"s":41.5,"pub":false}},{"type":"Feature","geometry":{"type":"Point","coordinates":[-106.8013,40.4237]},"properties":{"s":41.5,"pub":false}},{"type":"Feature","geometry":{"type":"Point","coordinates":[-106.8013,40.4295]},"properties":{"s":41.5,"pub":false}},{"type":"Feature","geometry":{"type":"Point","coordinates":[-106.8013,40.4353]},"properties":{"s":41.5,"pub":false}},{"type":"Feature","geometry":{"type":"Point","coordinates":[-106.8013,40.5513]},"properties":{"s":46.3,"pub":true}},{"type":"Feature","geometry":{"type":"Point","coordinates":[-106.8013,40.5571]},"properties":{"s":46.3,"pub":true}},{"type":"Feature","geometry":{"type":"Point","coordinates":[-106.8013,40.5629]},"properties":{"s":46.3,"pub":true}},{"type":"Feature","geometry":{"type":"Point","coordinates":[-106.8013,40.5687]},"properties":{"s":46.3,"pub":true}},{"type":"Feature","geometry":{"type":"Point","coordinates":[-106.8013,40.5745]},"properties":{"s":46.3,"pub":true}},{"type":"Feature","geometry":{"type":"Point","coordinates":[-106.8013,40.5803]},"properties":{"s":43.9,"pub":true}},{"type":"Feature","geometry":{"type":"Point","coordinates":[-106.8013,40.5861]},"properties":{"s":43.9,"pub":true}},{"type":"Feature","geometry":{"type":"Point","coordinates":[-106.8013,40.5919]},"properties":{"s":73.2,"pub":true}},{"type":"Feature","geometry":{"type":"Point","coordinates":[-106.8013,40.5977]},"properties":{"s":92.7,"pub":true}},{"type":"Feature","geometry":{"type":"Point","coordinates":[-106.8013,40.6035]},"properties":{"s":95.1,"pub":true}},{"type":"Feature","geometry":{"type":"Point","coordinates":[-106.8013,40.6093]},"properties":{"s":95.1,"pub":true}},{"type":"Feature","geometry":{"type":"Point","coordinates":[-106.8013,40.6151]},"properties":{"s":92.7,"pub":true}},{"type":"Feature","geometry":{"type":"Point","coordinates":[-106.8013,40.6209]},"properties":{"s":92.7,"pub":true}},{"type":"Feature","geometry":{"type":"Point","coordinates":[-106.8013,40.6267]},"properties":{"s":92.7,"pub":true}},{"type":"Feature","geometry":{"type":"Point","coordinates":[-106.8013,40.6325]},"properties":{"s":92.7,"pub":true}},{"type":"Feature","geometry":{"type":"Point","coordinates":[-106.8013,40.6383]},"properties":{"s":92.7,"pub":true}},{"type":"Feature","geometry":{"type":"Point","coordinates":[-106.8013,40.6441]},"properties":{"s":92.7,"pub":true}},{"type":"Feature","geometry":{"type":"Point","coordinates":[-106.8013,40.6499]},"properties":{"s":92.7,"pub":true}},{"type":"Feature","geometry":{"type":"Point","coordinates":[-106.8013,40.6557]},"properties":{"s":92.7,"pub":true}},{"type":"Feature","geometry":{"type":"Point","coordinates":[-106.8013,40.6615]},"properties":{"s":92.7,"pub":true}},{"type":"Feature","geometry":{"type":"Point","coordinates":[-106.8013,40.6673]},"properties":{"s":92.7,"pub":true}},{"type":"Feature","geometry":{"type":"Point","coordinates":[-106.8013,40.6731]},"properties":{"s":92.7,"pub":true}},{"type":"Feature","geometry":{"type":"Point","coordinates":[-106.8013,40.6789]},"properties":{"s":92.7,"pub":true}},{"type":"Feature","geometry":{"type":"Point","coordinates":[-106.8013,40.6847]},"properties":{"s":92.7,"pub":true}},{"type":"Feature","geometry":{"type":"Point","coordinates":[-106.8013,40.6905]},"properties":{"s":92.7,"pub":true}},{"type":"Feature","geometry":{"type":"Point","coordinates":[-106.8013,40.6963]},"properties":{"s":92.7,"pub":true}},{"type":"Feature","geometry":{"type":"Point","coordinates":[-106.8013,40.7021]},"properties":{"s":92.7,"pub":true}},{"type":"Feature","geometry":{"type":"Point","coordinates":[-106.8013,40.7079]},"properties":{"s":92.7,"pub":true}},{"type":"Feature","geometry":{"type":"Point","coordinates":[-106.8013,40.7137]},"properties":{"s":92.7,"pub":true}},{"type":"Feature","geometry":{"type":"Point","coordinates":[-106.8013,40.7195]},"properties":{"s":92.7,"pub":true}},{"type":"Feature","geometry":{"type":"Point","coordinates":[-106.8013,40.7253]},"properties":{"s":92.7,"pub":true}},{"type":"Feature","geometry":{"type":"Point","coordinates":[-106.8013,40.7311]},"properties":{"s":92.7,"pub":true}},{"type":"Feature","geometry":{"type":"Point","coordinates":[-106.8013,40.7369]},"properties":{"s":95.1,"pub":true}},{"type":"Feature","geometry":{"type":"Point","coordinates":[-106.8013,40.7427]},"properties":{"s":65.9,"pub":true}},{"type":"Feature","geometry":{"type":"Point","coordinates":[-106.8013,40.7485]},"properties":{"s":65.9,"pub":true}},{"type":"Feature","geometry":{"type":"Point","coordinates":[-106.8013,40.7543]},"properties":{"s":63.4,"pub":true}},{"type":"Feature","geometry":{"type":"Point","coordinates":[-106.8013,40.7601]},"properties":{"s":39.0,"pub":true}},{"type":"Feature","geometry":{"type":"Point","coordinates":[-106.8013,40.8007]},"properties":{"s":63.4,"pub":true}},{"type":"Feature","geometry":{"type":"Point","coordinates":[-106.8013,40.8065]},"properties":{"s":63.4,"pub":true}},{"type":"Feature","geometry":{"type":"Point","coordinates":[-106.8013,40.8123]},"properties":{"s":63.4,"pub":true}},{"type":"Feature","geometry":{"type":"Point","coordinates":[-106.8013,40.8181]},"properties":{"s":63.4,"pub":true}},{"type":"Feature","geometry":{"type":"Point","coordinates":[-106.8013,40.8239]},"properties":{"s":63.4,"pub":true}},{"type":"Feature","geometry":{"type":"Point","coordinates":[-106.7938,40.3889]},"properties":{"s":41.5,"pub":false}},{"type":"Feature","geometry":{"type":"Point","coordinates":[-106.7938,40.3947]},"properties":{"s":41.5,"pub":false}},{"type":"Feature","geometry":{"type":"Point","coordinates":[-106.7938,40.4005]},"properties":{"s":41.5,"pub":false}},{"type":"Feature","geometry":{"type":"Point","coordinates":[-106.7938,40.4121]},"properties":{"s":41.5,"pub":false}},{"type":"Feature","geometry":{"type":"Point","coordinates":[-106.7938,40.4179]},"properties":{"s":41.5,"pub":false}},{"type":"Feature","geometry":{"type":"Point","coordinates":[-106.7938,40.4237]},"properties":{"s":41.5,"pub":false}},{"type":"Feature","geometry":{"type":"Point","coordinates":[-106.7938,40.4295]},"properties":{"s":41.5,"pub":false}},{"type":"Feature","geometry":{"type":"Point","coordinates":[-106.7938,40.4353]},"properties":{"s":41.5,"pub":false}},{"type":"Feature","geometry":{"type":"Point","coordinates":[-106.7938,40.4411]},"properties":{"s":41.5,"pub":false}},{"type":"Feature","geometry":{"type":"Point","coordinates":[-106.7938,40.4875]},"properties":{"s":39.0,"pub":false}},{"type":"Feature","geometry":{"type":"Point","coordinates":[-106.7938,40.5571]},"properties":{"s":46.3,"pub":true}},{"type":"Feature","geometry":{"type":"Point","coordinates":[-106.7938,40.5629]},"properties":{"s":46.3,"pub":true}},{"type":"Feature","geometry":{"type":"Point","coordinates":[-106.7938,40.5687]},"properties":{"s":46.3,"pub":true}},{"type":"Feature","geometry":{"type":"Point","coordinates":[-106.7938,40.5745]},"properties":{"s":43.9,"pub":true}},{"type":"Feature","geometry":{"type":"Point","coordinates":[-106.7938,40.5803]},"properties":{"s":43.9,"pub":true}},{"type":"Feature","geometry":{"type":"Point","coordinates":[-106.7938,40.5861]},"properties":{"s":43.9,"pub":true}},{"type":"Feature","geometry":{"type":"Point","coordinates":[-106.7938,40.5919]},"properties":{"s":73.2,"pub":true}},{"type":"Feature","geometry":{"type":"Point","coordinates":[-106.7938,40.5977]},"properties":{"s":92.7,"pub":true}},{"type":"Feature","geometry":{"type":"Point","coordinates":[-106.7938,40.6035]},"properties":{"s":95.1,"pub":true}},{"type":"Feature","geometry":{"type":"Point","coordinates":[-106.7938,40.6093]},"properties":{"s":95.1,"pub":true}},{"type":"Feature","geometry":{"type":"Point","coordinates":[-106.7938,40.6151]},"properties":{"s":92.7,"pub":true}},{"type":"Feature","geometry":{"type":"Point","coordinates":[-106.7938,40.6209]},"properties":{"s":92.7,"pub":true}},{"type":"Feature","geometry":{"type":"Point","coordinates":[-106.7938,40.6267]},"properties":{"s":92.7,"pub":true}},{"type":"Feature","geometry":{"type":"Point","coordinates":[-106.7938,40.6325]},"properties":{"s":92.7,"pub":true}},{"type":"Feature","geometry":{"type":"Point","coordinates":[-106.7938,40.6383]},"properties":{"s":92.7,"pub":true}},{"type":"Feature","geometry":{"type":"Point","coordinates":[-106.7938,40.6441]},"properties":{"s":92.7,"pub":true}},{"type":"Feature","geometry":{"type":"Point","coordinates":[-106.7938,40.6499]},"properties":{"s":92.7,"pub":true}},{"type":"Feature","geometry":{"type":"Point","coordinates":[-106.7938,40.6557]},"properties":{"s":92.7,"pub":true}},{"type":"Feature","geometry":{"type":"Point","coordinates":[-106.7938,40.6615]},"properties":{"s":92.7,"pub":true}},{"type":"Feature","geometry":{"type":"Point","coordinates":[-106.7938,40.6673]},"properties":{"s":92.7,"pub":true}},{"type":"Feature","geometry":{"type":"Point","coordinates":[-106.7938,40.6731]},"properties":{"s":92.7,"pub":true}},{"type":"Feature","geometry":{"type":"Point","coordinates":[-106.7938,40.6789]},"properties":{"s":92.7,"pub":true}},{"type":"Feature","geometry":{"type":"Point","coordinates":[-106.7938,40.6847]},"properties":{"s":92.7,"pub":true}},{"type":"Feature","geometry":{"type":"Point","coordinates":[-106.7938,40.6905]},"properties":{"s":92.7,"pub":true}},{"type":"Feature","geometry":{"type":"Point","coordinates":[-106.7938,40.6963]},"properties":{"s":92.7,"pub":true}},{"type":"Feature","geometry":{"type":"Point","coordinates":[-106.7938,40.7021]},"properties":{"s":92.7,"pub":true}},{"type":"Feature","geometry":{"type":"Point","coordinates":[-106.7938,40.7079]},"properties":{"s":92.7,"pub":true}},{"type":"Feature","geometry":{"type":"Point","coordinates":[-106.7938,40.7137]},"properties":{"s":92.7,"pub":true}},{"type":"Feature","geometry":{"type":"Point","coordinates":[-106.7938,40.7195]},"properties":{"s":92.7,"pub":true}},{"type":"Feature","geometry":{"type":"Point","coordinates":[-106.7938,40.7253]},"properties":{"s":92.7,"pub":true}},{"type":"Feature","geometry":{"type":"Point","coordinates":[-106.7938,40.7311]},"properties":{"s":92.7,"pub":true}},{"type":"Feature","geometry":{"type":"Point","coordinates":[-106.7938,40.7369]},"properties":{"s":65.9,"pub":true}},{"type":"Feature","geometry":{"type":"Point","coordinates":[-106.7938,40.7427]},"properties":{"s":65.9,"pub":true}},{"type":"Feature","geometry":{"type":"Point","coordinates":[-106.7938,40.7485]},"properties":{"s":65.9,"pub":true}},{"type":"Feature","geometry":{"type":"Point","coordinates":[-106.7938,40.7543]},"properties":{"s":63.4,"pub":true}},{"type":"Feature","geometry":{"type":"Point","coordinates":[-106.7863,40.3715]},"properties":{"s":41.5,"pub":true}},{"type":"Feature","geometry":{"type":"Point","coordinates":[-106.7863,40.3773]},"properties":{"s":41.5,"pub":true}},{"type":"Feature","geometry":{"type":"Point","coordinates":[-106.7863,40.3831]},"properties":{"s":41.5,"pub":true}},{"type":"Feature","geometry":{"type":"Point","coordinates":[-106.7863,40.4121]},"properties":{"s":41.5,"pub":false}},{"type":"Feature","geometry":{"type":"Point","coordinates":[-106.7863,40.4179]},"properties":{"s":41.5,"pub":false}},{"type":"Feature","geometry":{"type":"Point","coordinates":[-106.7863,40.4237]},"properties":{"s":41.5,"pub":false}},{"type":"Feature","geometry":{"type":"Point","coordinates":[-106.7863,40.4295]},"properties":{"s":41.5,"pub":false}},{"type":"Feature","geometry":{"type":"Point","coordinates":[-106.7863,40.4353]},"properties":{"s":41.5,"pub":false}},{"type":"Feature","geometry":{"type":"Point","coordinates":[-106.7863,40.4411]},"properties":{"s":41.5,"pub":false}},{"type":"Feature","geometry":{"type":"Point","coordinates":[-106.7863,40.4469]},"properties":{"s":41.5,"pub":true}},{"type":"Feature","geometry":{"type":"Point","coordinates":[-106.7863,40.4701]},"properties":{"s":68.3,"pub":true}},{"type":"Feature","geometry":{"type":"Point","coordinates":[-106.7863,40.4933]},"properties":{"s":68.3,"pub":true}},{"type":"Feature","geometry":{"type":"Point","coordinates":[-106.7863,40.5571]},"properties":{"s":46.3,"pub":true}},{"type":"Feature","geometry":{"type":"Point","coordinates":[-106.7863,40.5629]},"properties":{"s":46.3,"pub":true}},{"type":"Feature","geometry":{"type":"Point","coordinates":[-106.7863,40.5687]},"properties":{"s":75.6,"pub":true}},{"type":"Feature","geometry":{"type":"Point","coordinates":[-106.7863,40.5745]},"properties":{"s":73.2,"pub":true}},{"type":"Feature","geometry":{"type":"Point","coordinates":[-106.7863,40.5803]},"properties":{"s":73.2,"pub":true}},{"type":"Feature","geometry":{"type":"Point","coordinates":[-106.7863,40.5861]},"properties":{"s":73.2,"pub":true}},{"type":"Feature","geometry":{"type":"Point","coordinates":[-106.7863,40.5919]},"properties":{"s":73.2,"pub":true}},{"type":"Feature","geometry":{"type":"Point","coordinates":[-106.7863,40.5977]},"properties":{"s":92.7,"pub":true}},{"type":"Feature","geometry":{"type":"Point","coordinates":[-106.7863,40.6035]},"properties":{"s":92.7,"pub":true}},{"type":"Feature","geometry":{"type":"Point","coordinates":[-106.7863,40.6093]},"properties":{"s":92.7,"pub":true}},{"type":"Feature","geometry":{"type":"Point","coordinates":[-106.7863,40.6151]},"properties":{"s":92.7,"pub":true}},{"type":"Feature","geometry":{"type":"Point","coordinates":[-106.7863,40.6209]},"properties":{"s":92.7,"pub":true}},{"type":"Feature","geometry":{"type":"Point","coordinates":[-106.7863,40.6267]},"properties":{"s":92.7,"pub":true}},{"type":"Feature","geometry":{"type":"Point","coordinates":[-106.7863,40.6325]},"properties":{"s":92.7,"pub":true}},{"type":"Feature","geometry":{"type":"Point","coordinates":[-106.7863,40.6383]},"properties":{"s":92.7,"pub":true}},{"type":"Feature","geometry":{"type":"Point","coordinates":[-106.7863,40.6441]},"properties":{"s":92.7,"pub":true}},{"type":"Feature","geometry":{"type":"Point","coordinates":[-106.7863,40.6499]},"properties":{"s":92.7,"pub":true}},{"type":"Feature","geometry":{"type":"Point","coordinates":[-106.7863,40.6557]},"properties":{"s":92.7,"pub":true}},{"type":"Feature","geometry":{"type":"Point","coordinates":[-106.7863,40.6615]},"properties":{"s":92.7,"pub":true}},{"type":"Feature","geometry":{"type":"Point","coordinates":[-106.7863,40.6673]},"properties":{"s":92.7,"pub":true}},{"type":"Feature","geometry":{"type":"Point","coordinates":[-106.7863,40.6731]},"properties":{"s":92.7,"pub":true}},{"type":"Feature","geometry":{"type":"Point","coordinates":[-106.7863,40.6789]},"properties":{"s":92.7,"pub":true}},{"type":"Feature","geometry":{"type":"Point","coordinates":[-106.7863,40.6847]},"properties":{"s":92.7,"pub":true}},{"type":"Feature","geometry":{"type":"Point","coordinates":[-106.7863,40.6905]},"properties":{"s":92.7,"pub":true}},{"type":"Feature","geometry":{"type":"Point","coordinates":[-106.7863,40.6963]},"properties":{"s":92.7,"pub":true}},{"type":"Feature","geometry":{"type":"Point","coordinates":[-106.7863,40.7021]},"properties":{"s":92.7,"pub":true}},{"type":"Feature","geometry":{"type":"Point","coordinates":[-106.7863,40.7079]},"properties":{"s":92.7,"pub":true}},{"type":"Feature","geometry":{"type":"Point","coordinates":[-106.7863,40.7137]},"properties":{"s":92.7,"pub":true}},{"type":"Feature","geometry":{"type":"Point","coordinates":[-106.7863,40.7195]},"properties":{"s":92.7,"pub":true}},{"type":"Feature","geometry":{"type":"Point","coordinates":[-106.7863,40.7253]},"properties":{"s":92.7,"pub":true}},{"type":"Feature","geometry":{"type":"Point","coordinates":[-106.7863,40.7311]},"properties":{"s":92.7,"pub":true}},{"type":"Feature","geometry":{"type":"Point","coordinates":[-106.7863,40.7369]},"properties":{"s":65.9,"pub":true}},{"type":"Feature","geometry":{"type":"Point","coordinates":[-106.7863,40.7427]},"properties":{"s":65.9,"pub":true}},{"type":"Feature","geometry":{"type":"Point","coordinates":[-106.7863,40.7485]},"properties":{"s":65.9,"pub":true}},{"type":"Feature","geometry":{"type":"Point","coordinates":[-106.7863,40.7543]},"properties":{"s":65.9,"pub":true}},{"type":"Feature","geometry":{"type":"Point","coordinates":[-106.7863,40.7601]},"properties":{"s":63.4,"pub":true}},{"type":"Feature","geometry":{"type":"Point","coordinates":[-106.7788,40.4121]},"properties":{"s":41.5,"pub":false}},{"type":"Feature","geometry":{"type":"Point","coordinates":[-106.7788,40.4179]},"properties":{"s":41.5,"pub":false}},{"type":"Feature","geometry":{"type":"Point","coordinates":[-106.7788,40.4237]},"properties":{"s":41.5,"pub":true}},{"type":"Feature","geometry":{"type":"Point","coordinates":[-106.7788,40.4295]},"properties":{"s":41.5,"pub":true}},{"type":"Feature","geometry":{"type":"Point","coordinates":[-106.7788,40.4353]},"properties":{"s":41.5,"pub":true}},{"type":"Feature","geometry":{"type":"Point","coordinates":[-106.7788,40.4411]},"properties":{"s":41.5,"pub":false}},{"type":"Feature","geometry":{"type":"Point","coordinates":[-106.7788,40.4701]},"properties":{"s":48.8,"pub":true}},{"type":"Feature","geometry":{"type":"Point","coordinates":[-106.7788,40.4875]},"properties":{"s":39.0,"pub":true}},{"type":"Feature","geometry":{"type":"Point","coordinates":[-106.7788,40.4933]},"properties":{"s":68.3,"pub":true}},{"type":"Feature","geometry":{"type":"Point","coordinates":[-106.7788,40.4991]},"properties":{"s":65.9,"pub":true}},{"type":"Feature","geometry":{"type":"Point","coordinates":[-106.7788,40.5571]},"properties":{"s":46.3,"pub":true}},{"type":"Feature","geometry":{"type":"Point","coordinates":[-106.7788,40.5629]},"properties":{"s":46.3,"pub":true}},{"type":"Feature","geometry":{"type":"Point","coordinates":[-106.7788,40.5687]},"properties":{"s":75.6,"pub":true}},{"type":"Feature","geometry":{"type":"Point","coordinates":[-106.7788,40.5745]},"properties":{"s":73.2,"pub":true}},{"type":"Feature","geometry":{"type":"Point","coordinates":[-106.7788,40.5803]},"properties":{"s":73.2,"pub":true}},{"type":"Feature","geometry":{"type":"Point","coordinates":[-106.7788,40.5861]},"properties":{"s":73.2,"pub":true}},{"type":"Feature","geometry":{"type":"Point","coordinates":[-106.7788,40.5919]},"properties":{"s":73.2,"pub":true}},{"type":"Feature","geometry":{"type":"Point","coordinates":[-106.7788,40.5977]},"properties":{"s":92.7,"pub":true}},{"type":"Feature","geometry":{"type":"Point","coordinates":[-106.7788,40.6035]},"properties":{"s":92.7,"pub":true}},{"type":"Feature","geometry":{"type":"Point","coordinates":[-106.7788,40.6093]},"properties":{"s":92.7,"pub":true}},{"type":"Feature","geometry":{"type":"Point","coordinates":[-106.7788,40.6151]},"properties":{"s":92.7,"pub":true}},{"type":"Feature","geometry":{"type":"Point","coordinates":[-106.7788,40.6209]},"properties":{"s":92.7,"pub":true}},{"type":"Feature","geometry":{"type":"Point","coordinates":[-106.7788,40.6267]},"properties":{"s":92.7,"pub":true}},{"type":"Feature","geometry":{"type":"Point","coordinates":[-106.7788,40.6325]},"properties":{"s":92.7,"pub":true}},{"type":"Feature","geometry":{"type":"Point","coordinates":[-106.7788,40.6383]},"properties":{"s":92.7,"pub":true}},{"type":"Feature","geometry":{"type":"Point","coordinates":[-106.7788,40.6441]},"properties":{"s":92.7,"pub":true}},{"type":"Feature","geometry":{"type":"Point","coordinates":[-106.7788,40.6499]},"properties":{"s":92.7,"pub":true}},{"type":"Feature","geometry":{"type":"Point","coordinates":[-106.7788,40.6557]},"properties":{"s":92.7,"pub":true}},{"type":"Feature","geometry":{"type":"Point","coordinates":[-106.7788,40.6615]},"properties":{"s":92.7,"pub":true}},{"type":"Feature","geometry":{"type":"Point","coordinates":[-106.7788,40.6673]},"properties":{"s":92.7,"pub":true}},{"type":"Feature","geometry":{"type":"Point","coordinates":[-106.7788,40.6731]},"properties":{"s":92.7,"pub":true}},{"type":"Feature","geometry":{"type":"Point","coordinates":[-106.7788,40.6789]},"properties":{"s":92.7,"pub":true}},{"type":"Feature","geometry":{"type":"Point","coordinates":[-106.7788,40.6847]},"properties":{"s":92.7,"pub":true}}]}