{"type":"FeatureCollection","features":[{"type":"Feature","geometry":{"type":"Point","coordinates":[-106.96,40.2785]},"properties":{"s":48.7,"pub":false}},{"type":"Feature","geometry":{"type":"Point","coordinates":[-106.96,40.2843]},"properties":{"s":48.7,"pub":false}},{"type":"Feature","geometry":{"type":"Point","coordinates":[-106.96,40.2901]},"properties":{"s":48.7,"pub":false}},{"type":"Feature","geometry":{"type":"Point","coordinates":[-106.96,40.2959]},"properties":{"s":48.7,"pub":false}},{"type":"Feature","geometry":{"type":"Point","coordinates":[-106.96,40.3017]},"properties":{"s":53.8,"pub":false}},{"type":"Feature","geometry":{"type":"Point","coordinates":[-106.96,40.3075]},"properties":{"s":23.1,"pub":false}},{"type":"Feature","geometry":{"type":"Point","coordinates":[-106.9525,40.2785]},"properties":{"s":48.7,"pub":false}},{"type":"Feature","geometry":{"type":"Point","coordinates":[-106.9525,40.2843]},"properties":{"s":48.7,"pub":false}},{"type":"Feature","geometry":{"type":"Point","coordinates":[-106.9525,40.2901]},"properties":{"s":48.7,"pub":false}},{"type":"Feature","geometry":{"type":"Point","coordinates":[-106.9525,40.2959]},"properties":{"s":48.7,"pub":false}},{"type":"Feature","geometry":{"type":"Point","coordinates":[-106.9525,40.3017]},"properties":{"s":48.7,"pub":false}},{"type":"Feature","geometry":{"type":"Point","coordinates":[-106.9525,40.3075]},"properties":{"s":17.9,"pub":false}},{"type":"Feature","geometry":{"type":"Point","coordinates":[-106.9525,40.3133]},"properties":{"s":17.9,"pub":false}},{"type":"Feature","geometry":{"type":"Point","coordinates":[-106.9525,40.3191]},"properties":{"s":17.9,"pub":false}},{"type":"Feature","geometry":{"type":"Point","coordinates":[-106.9525,40.3249]},"properties":{"s":17.9,"pub":false}},{"type":"Feature","geometry":{"type":"Point","coordinates":[-106.9525,40.3307]},"properties":{"s":23.1,"pub":false}},{"type":"Feature","geometry":{"type":"Point","coordinates":[-106.945,40.2669]},"properties":{"s":48.7,"pub":false}},{"type":"Feature","geometry":{"type":"Point","coordinates":[-106.945,40.2727]},"properties":{"s":48.7,"pub":false}},{"type":"Feature","geometry":{"type":"Point","coordinates":[-106.945,40.2785]},"properties":{"s":48.7,"pub":false}},{"type":"Feature","geometry":{"type":"Point","coordinates":[-106.945,40.2843]},"properties":{"s":48.7,"pub":false}},{"type":"Feature","geometry":{"type":"Point","coordinates":[-106.945,40.2901]},"properties":{"s":48.7,"pub":false}},{"type":"Feature","geometry":{"type":"Point","coordinates":[-106.945,40.2959]},"properties":{"s":48.7,"pub":false}},{"type":"Feature","geometry":{"type":"Point","coordinates":[-106.945,40.3017]},"properties":{"s":48.7,"pub":false}},{"type":"Feature","geometry":{"type":"Point","coordinates":[-106.945,40.3075]},"properties":{"s":48.7,"pub":false}},{"type":"Feature","geometry":{"type":"Point","coordinates":[-106.945,40.3133]},"properties":{"s":48.7,"pub":false}},{"type":"Feature","geometry":{"type":"Point","coordinates":[-106.945,40.3191]},"properties":{"s":48.7,"pub":false}},{"type":"Feature","geometry":{"type":"Point","coordinates":[-106.945,40.3249]},"properties":{"s":48.7,"pub":false}},{"type":"Feature","geometry":{"type":"Point","coordinates":[-106.945,40.3307]},"properties":{"s":48.7,"pub":false}},{"type":"Feature","geometry":{"type":"Point","coordinates":[-106.945,40.3365]},"properties":{"s":17.9,"pub":false}},{"type":"Feature","geometry":{"type":"Point","coordinates":[-106.9375,40.2263]},"properties":{"s":48.7,"pub":false}},{"type":"Feature","geometry":{"type":"Point","coordinates":[-106.9375,40.2321]},"properties":{"s":53.8,"pub":false}},{"type":"Feature","geometry":{"type":"Point","coordinates":[-106.9375,40.2379]},"properties":{"s":53.8,"pub":false}},{"type":"Feature","geometry":{"type":"Point","coordinates":[-106.9375,40.2437]},"properties":{"s":48.7,"pub":false}},{"type":"Feature","geometry":{"type":"Point","coordinates":[-106.9375,40.2495]},"properties":{"s":48.7,"pub":false}},{"type":"Feature","geometry":{"type":"Point","coordinates":[-106.9375,40.2553]},"properties":{"s":48.7,"pub":false}},{"type":"Feature","geometry":{"type":"Point","coordinates":[-106.9375,40.2611]},"properties":{"s":48.7,"pub":false}},{"type":"Feature","geometry":{"type":"Point","coordinates":[-106.9375,40.2669]},"properties":{"s":48.7,"pub":false}},{"type":"Feature","geometry":{"type":"Point","coordinates":[-106.9375,40.2727]},"properties":{"s":48.7,"pub":false}},{"type":"Feature","geometry":{"type":"Point","coordinates":[-106.9375,40.2785]},"properties":{"s":48.7,"pub":false}},{"type":"Feature","geometry":{"type":"Point","coordinates":[-106.9375,40.2843]},"properties":{"s":48.7,"pub":false}},{"type":"Feature","geometry":{"type":"Point","coordinates":[-106.9375,40.2901]},"properties":{"s":48.7,"pub":false}},{"type":"Feature","geometry":{"type":"Point","coordinates":[-106.9375,40.2959]},"properties":{"s":48.7,"pub":false}},{"type":"Feature","geometry":{"type":"Point","coordinates":[-106.9375,40.3017]},"properties":{"s":48.7,"pub":false}},{"type":"Feature","geometry":{"type":"Point","coordinates":[-106.9375,40.3075]},"properties":{"s":48.7,"pub":false}},{"type":"Feature","geometry":{"type":"Point","coordinates":[-106.9375,40.3133]},"properties":{"s":48.7,"pub":false}},{"type":"Feature","geometry":{"type":"Point","coordinates":[-106.9375,40.3191]},"properties":{"s":48.7,"pub":true}},{"type":"Feature","geometry":{"type":"Point","coordinates":[-106.9375,40.3249]},"properties":{"s":100.0,"pub":true}},{"type":"Feature","geometry":{"type":"Point","coordinates":[-106.9375,40.3307]},"properties":{"s":100.0,"pub":false}},{"type":"Feature","geometry":{"type":"Point","coordinates":[-106.9375,40.3365]},"properties":{"s":100.0,"pub":false}},{"type":"Feature","geometry":{"type":"Point","coordinates":[-106.9375,40.3423]},"properties":{"s":69.2,"pub":false}},{"type":"Feature","geometry":{"type":"Point","coordinates":[-106.93,40.2147]},"properties":{"s":17.9,"pub":false}},{"type":"Feature","geometry":{"type":"Point","coordinates":[-106.93,40.2205]},"properties":{"s":23.1,"pub":false}},{"type":"Feature","geometry":{"type":"Point","coordinates":[-106.93,40.2263]},"properties":{"s":53.8,"pub":false}},{"type":"Feature","geometry":{"type":"Point","coordinates":[-106.93,40.2321]},"properties":{"s":53.8,"pub":false}},{"type":"Feature","geometry":{"type":"Point","coordinates":[-106.93,40.2379]},"properties":{"s":53.8,"pub":false}},{"type":"Feature","geometry":{"type":"Point","coordinates":[-106.93,40.2437]},"properties":{"s":48.7,"pub":false}},{"type":"Feature","geometry":{"type":"Point","coordinates":[-106.93,40.2495]},"properties":{"s":48.7,"pub":false}},{"type":"Feature","geometry":{"type":"Point","coordinates":[-106.93,40.2553]},"properties":{"s":48.7,"pub":false}},{"type":"Feature","geometry":{"type":"Point","coordinates":[-106.93,40.2611]},"properties":{"s":48.7,"pub":false}},{"type":"Feature","geometry":{"type":"Point","coordinates":[-106.93,40.2669]},"properties":{"s":53.8,"pub":false}},{"type":"Feature","geometry":{"type":"Point","coordinates":[-106.93,40.2727]},"properties":{"s":48.7,"pub":false}},{"type":"Feature","geometry":{"type":"Point","coordinates":[-106.93,40.2785]},"properties":{"s":48.7,"pub":false}},{"type":"Feature","geometry":{"type":"Point","coordinates":[-106.93,40.2843]},"properties":{"s":69.2,"pub":false}},{"type":"Feature","geometry":{"type":"Point","coordinates":[-106.93,40.2901]},"properties":{"s":69.2,"pub":false}},{"type":"Feature","geometry":{"type":"Point","coordinates":[-106.93,40.2959]},"properties":{"s":48.7,"pub":false}},{"type":"Feature","geometry":{"type":"Point","coordinates":[-106.93,40.3017]},"properties":{"s":48.7,"pub":false}},{"type":"Feature","geometry":{"type":"Point","coordinates":[-106.93,40.3075]},"properties":{"s":48.7,"pub":false}},{"type":"Feature","geometry":{"type":"Point","coordinates":[-106.93,40.3133]},"properties":{"s":48.7,"pub":false}},{"type":"Feature","geometry":{"type":"Point","coordinates":[-106.93,40.3191]},"properties":{"s":48.7,"pub":true}},{"type":"Feature","geometry":{"type":"Point","coordinates":[-106.93,40.3249]},"properties":{"s":100.0,"pub":true}},{"type":"Feature","geometry":{"type":"Point","coordinates":[-106.93,40.3307]},"properties":{"s":100.0,"pub":false}},{"type":"Feature","geometry":{"type":"Point","coordinates":[-106.93,40.3365]},"properties":{"s":100.0,"pub":false}},{"type":"Feature","geometry":{"type":"Point","coordinates":[-106.93,40.3423]},"properties":{"s":100.0,"pub":false}},{"type":"Feature","geometry":{"type":"Point","coordinates":[-106.93,40.3481]},"properties":{"s":69.2,"pub":false}},{"type":"Feature","geometry":{"type":"Point","coordinates":[-106.9225,40.2031]},"properties":{"s":17.9,"pub":false}},{"type":"Feature","geometry":{"type":"Point","coordinates":[-106.9225,40.2089]},"properties":{"s":23.1,"pub":false}},{"type":"Feature","geometry":{"type":"Point","coordinates":[-106.9225,40.2147]},"properties":{"s":23.1,"pub":false}},{"type":"Feature","geometry":{"type":"Point","coordinates":[-106.9225,40.2205]},"properties":{"s":23.1,"pub":false}},{"type":"Feature","geometry":{"type":"Point","coordinates":[-106.9225,40.2263]},"properties":{"s":23.1,"pub":false}},{"type":"Feature","geometry":{"type":"Point","coordinates":[-106.9225,40.2321]},"properties":{"s":53.8,"pub":false}},{"type":"Feature","geometry":{"type":"Point","coordinates":[-106.9225,40.2379]},"properties":{"s":53.8,"pub":false}},{"type":"Feature","geometry":{"type":"Point","coordinates":[-106.9225,40.2437]},"properties":{"s":48.7,"pub":false}},{"type":"Feature","geometry":{"type":"Point","coordinates":[-106.9225,40.2495]},"properties":{"s":48.7,"pub":false}},{"type":"Feature","geometry":{"type":"Point","coordinates":[-106.9225,40.2553]},"properties":{"s":48.7,"pub":false}},{"type":"Feature","geometry":{"type":"Point","coordinates":[-106.9225,40.2611]},"properties":{"s":48.7,"pub":false}},{"type":"Feature","geometry":{"type":"Point","coordinates":[-106.9225,40.2669]},"properties":{"s":53.8,"pub":false}},{"type":"Feature","geometry":{"type":"Point","coordinates":[-106.9225,40.2727]},"properties":{"s":53.8,"pub":false}},{"type":"Feature","geometry":{"type":"Point","coordinates":[-106.9225,40.2785]},"properties":{"s":48.7,"pub":false}},{"type":"Feature","geometry":{"type":"Point","coordinates":[-106.9225,40.2843]},"properties":{"s":69.2,"pub":false}},{"type":"Feature","geometry":{"type":"Point","coordinates":[-106.9225,40.2901]},"properties":{"s":69.2,"pub":false}},{"type":"Feature","geometry":{"type":"Point","coordinates":[-106.9225,40.2959]},"properties":{"s":69.2,"pub":false}},{"type":"Feature","geometry":{"type":"Point","coordinates":[-106.9225,40.3017]},"properties":{"s":48.7,"pub":false}},{"type":"Feature","geometry":{"type":"Point","coordinates":[-106.9225,40.3075]},"properties":{"s":48.7,"pub":false}},{"type":"Feature","geometry":{"type":"Point","coordinates":[-106.9225,40.3133]},"properties":{"s":48.7,"pub":false}},{"type":"Feature","geometry":{"type":"Point","coordinates":[-106.9225,40.3191]},"properties":{"s":48.7,"pub":true}},{"type":"Feature","geometry":{"type":"Point","coordinates":[-106.9225,40.3249]},"properties":{"s":100.0,"pub":true}},{"type":"Feature","geometry":{"type":"Point","coordinates":[-106.9225,40.3307]},"properties":{"s":100.0,"pub":false}},{"type":"Feature","geometry":{"type":"Point","coordinates":[-106.9225,40.3365]},"properties":{"s":100.0,"pub":false}},{"type":"Feature","geometry":{"type":"Point","coordinates":[-106.9225,40.3423]},"properties":{"s":100.0,"pub":false}},{"type":"Feature","geometry":{"type":"Point","coordinates":[-106.9225,40.3481]},"properties":{"s":69.2,"pub":false}},{"type":"Feature","geometry":{"type":"Point","coordinates":[-106.915,40.1857]},"properties":{"s":17.9,"pub":false}},{"type":"Feature","geometry":{"type":"Point","coordinates":[-106.915,40.1915]},"properties":{"s":17.9,"pub":false}},{"type":"Feature","geometry":{"type":"Point","coordinates":[-106.915,40.1973]},"properties":{"s":23.1,"pub":false}},{"type":"Feature","geometry":{"type":"Point","coordinates":[-106.915,40.2031]},"properties":{"s":23.1,"pub":false}},{"type":"Feature","geometry":{"type":"Point","coordinates":[-106.915,40.2089]},"properties":{"s":23.1,"pub":false}},{"type":"Feature","geometry":{"type":"Point","coordinates":[-106.915,40.2147]},"properties":{"s":23.1,"pub":false}},{"type":"Feature","geometry":{"type":"Point","coordinates":[-106.915,40.2205]},"properties":{"s":23.1,"pub":false}},{"type":"Feature","geometry":{"type":"Point","coordinates":[-106.915,40.2263]},"properties":{"s":23.1,"pub":false}},{"type":"Feature","geometry":{"type":"Point","coordinates":[-106.915,40.2321]},"properties":{"s":23.1,"pub":false}},{"type":"Feature","geometry":{"type":"Point","coordinates":[-106.915,40.2379]},"properties":{"s":53.8,"pub":false}},{"type":"Feature","geometry":{"type":"Point","coordinates":[-106.915,40.2437]},"properties":{"s":53.8,"pub":false}},{"type":"Feature","geometry":{"type":"Point","coordinates":[-106.915,40.2495]},"properties":{"s":48.7,"pub":false}},{"type":"Feature","geometry":{"type":"Point","coordinates":[-106.915,40.2553]},"properties":{"s":48.7,"pub":false}},{"type":"Feature","geometry":{"type":"Point","coordinates":[-106.915,40.2611]},"properties":{"s":48.7,"pub":false}},{"type":"Feature","geometry":{"type":"Point","coordinates":[-106.915,40.2669]},"properties":{"s":53.8,"pub":false}},{"type":"Feature","geometry":{"type":"Point","coordinates":[-106.915,40.2727]},"properties":{"s":53.8,"pub":false}},{"type":"Feature","geometry":{"type":"Point","coordinates":[-106.915,40.2785]},"properties":{"s":48.7,"pub":false}},{"type":"Feature","geometry":{"type":"Point","coordinates":[-106.915,40.2843]},"properties":{"s":69.2,"pub":false}},{"type":"Feature","geometry":{"type":"Point","coordinates":[-106.915,40.2901]},"properties":{"s":69.2,"pub":false}},{"type":"Feature","geometry":{"type":"Point","coordinates":[-106.915,40.2959]},"properties":{"s":69.2,"pub":false}},{"type":"Feature","geometry":{"type":"Point","coordinates":[-106.915,40.3017]},"properties":{"s":48.7,"pub":false}},{"type":"Feature","geometry":{"type":"Point","coordinates":[-106.915,40.3075]},"properties":{"s":48.7,"pub":false}},{"type":"Feature","geometry":{"type":"Point","coordinates":[-106.915,40.3133]},"properties":{"s":48.7,"pub":false}},{"type":"Feature","geometry":{"type":"Point","coordinates":[-106.915,40.3191]},"properties":{"s":48.7,"pub":false}},{"type":"Feature","geometry":{"type":"Point","coordinates":[-106.915,40.3249]},"properties":{"s":48.7,"pub":false}},{"type":"Feature","geometry":{"type":"Point","coordinates":[-106.915,40.3307]},"properties":{"s":100.0,"pub":false}},{"type":"Feature","geometry":{"type":"Point","coordinates":[-106.915,40.3365]},"properties":{"s":100.0,"pub":false}},{"type":"Feature","geometry":{"type":"Point","coordinates":[-106.915,40.3423]},"properties":{"s":100.0,"pub":false}},{"type":"Feature","geometry":{"type":"Point","coordinates":[-106.915,40.3481]},"properties":{"s":100.0,"pub":false}},{"type":"Feature","geometry":{"type":"Point","coordinates":[-106.9075,40.1567]},"properties":{"s":17.9,"pub":false}},{"type":"Feature","geometry":{"type":"Point","coordinates":[-106.9075,40.1625]},"properties":{"s":17.9,"pub":false}},{"type":"Feature","geometry":{"type":"Point","coordinates":[-106.9075,40.1683]},"properties":{"s":17.9,"pub":false}},{"type":"Feature","geometry":{"type":"Point","coordinates":[-106.9075,40.1741]},"properties":{"s":17.9,"pub":false}},{"type":"Feature","geometry":{"type":"Point","coordinates":[-106.9075,40.1799]},"properties":{"s":23.1,"pub":false}},{"type":"Feature","geometry":{"type":"Point","coordinates":[-106.9075,40.1857]},"properties":{"s":23.1,"pub":false}},{"type":"Feature","geometry":{"type":"Point","coordinates":[-106.9075,40.1915]},"properties":{"s":23.1,"pub":false}},{"type":"Feature","geometry":{"type":"Point","coordinates":[-106.9075,40.1973]},"properties":{"s":23.1,"pub":false}},{"type":"Feature","geometry":{"type":"Point","coordinates":[-106.9075,40.2031]},"properties":{"s":23.1,"pub":false}},{"type":"Feature","geometry":{"type":"Point","coordinates":[-106.9075,40.2089]},"properties":{"s":23.1,"pub":false}},{"type":"Feature","geometry":{"type":"Point","coordinates":[-106.9075,40.2147]},"properties":{"s":23.1,"pub":false}},{"type":"Feature","geometry":{"type":"Point","coordinates":[-106.9075,40.2205]},"properties":{"s":23.1,"pub":false}},{"type":"Feature","geometry":{"type":"Point","coordinates":[-106.9075,40.2263]},"properties":{"s":23.1,"pub":false}},{"type":"Feature","geometry":{"type":"Point","coordinates":[-106.9075,40.2321]},"properties":{"s":23.1,"pub":false}},{"type":"Feature","geometry":{"type":"Point","coordinates":[-106.9075,40.2379]},"properties":{"s":23.1,"pub":false}},{"type":"Feature","geometry":{"type":"Point","coordinates":[-106.9075,40.2437]},"properties":{"s":48.7,"pub":false}},{"type":"Feature","geometry":{"type":"Point","coordinates":[-106.9075,40.2495]},"properties":{"s":48.7,"pub":false}},{"type":"Feature","geometry":{"type":"Point","coordinates":[-106.9075,40.2553]},"properties":{"s":48.7,"pub":false}},{"type":"Feature","geometry":{"type":"Point","coordinates":[-106.9075,40.2611]},"properties":{"s":48.7,"pub":false}},{"type":"Feature","geometry":{"type":"Point","coordinates":[-106.9075,40.2669]},"properties":{"s":53.8,"pub":false}},{"type":"Feature","geometry":{"type":"Point","coordinates":[-106.9075,40.2727]},"properties":{"s":53.8,"pub":false}},{"type":"Feature","geometry":{"type":"Point","coordinates":[-106.9075,40.2785]},"properties":{"s":53.8,"pub":false}},{"type":"Feature","geometry":{"type":"Point","coordinates":[-106.9075,40.2843]},"properties":{"s":69.2,"pub":false}},{"type":"Feature","geometry":{"type":"Point","coordinates":[-106.9075,40.2901]},"properties":{"s":69.2,"pub":false}},{"type":"Feature","geometry":{"type":"Point","coordinates":[-106.9075,40.2959]},"properties":{"s":69.2,"pub":false}},{"type":"Feature","geometry":{"type":"Point","coordinates":[-106.9075,40.3017]},"properties":{"s":48.7,"pub":false}},{"type":"Feature","geometry":{"type":"Point","coordinates":[-106.9075,40.3075]},"properties":{"s":48.7,"pub":false}},{"type":"Feature","geometry":{"type":"Point","coordinates":[-106.9075,40.3133]},"properties":{"s":48.7,"pub":false}},{"type":"Feature","geometry":{"type":"Point","coordinates":[-106.9075,40.3191]},"properties":{"s":48.7,"pub":false}},{"type":"Feature","geometry":{"type":"Point","coordinates":[-106.9075,40.3249]},"properties":{"s":48.7,"pub":false}},{"type":"Feature","geometry":{"type":"Point","coordinates":[-106.9075,40.3307]},"properties":{"s":48.7,"pub":false}},{"type":"Feature","geometry":{"type":"Point","coordinates":[-106.9075,40.3365]},"properties":{"s":100.0,"pub":false}},{"type":"Feature","geometry":{"type":"Point","coordinates":[-106.9075,40.3423]},"properties":{"s":100.0,"pub":false}},{"type":"Feature","geometry":{"type":"Point","coordinates":[-106.9075,40.3481]},"properties":{"s":100.0,"pub":false}},{"type":"Feature","geometry":{"type":"Point","coordinates":[-106.9075,40.3539]},"properties":{"s":17.9,"pub":false}},{"type":"Feature","geometry":{"type":"Point","coordinates":[-106.9,40.1509]},"properties":{"s":17.9,"pub":false}},{"type":"Feature","geometry":{"type":"Point","coordinates":[-106.9,40.1567]},"properties":{"s":17.9,"pub":false}},{"type":"Feature","geometry":{"type":"Point","coordinates":[-106.9,40.1625]},"properties":{"s":17.9,"pub":false}},{"type":"Feature","geometry":{"type":"Point","coordinates":[-106.9,40.1683]},"properties":{"s":17.9,"pub":false}},{"type":"Feature","geometry":{"type":"Point","coordinates":[-106.9,40.1741]},"properties":{"s":23.1,"pub":false}},{"type":"Feature","geometry":{"type":"Point","coordinates":[-106.9,40.1799]},"properties":{"s":23.1,"pub":false}},{"type":"Feature","geometry":{"type":"Point","coordinates":[-106.9,40.1857]},"properties":{"s":23.1,"pub":false}},{"type":"Feature","geometry":{"type":"Point","coordinates":[-106.9,40.1915]},"properties":{"s":23.1,"pub":false}},{"type":"Feature","geometry":{"type":"Point","coordinates":[-106.9,40.1973]},"properties":{"s":23.1,"pub":false}},{"type":"Feature","geometry":{"type":"Point","coordinates":[-106.9,40.2031]},"properties":{"s":23.1,"pub":false}},{"type":"Feature","geometry":{"type":"Point","coordinates":[-106.9,40.2089]},"properties":{"s":23.1,"pub":false}},{"type":"Feature","geometry":{"type":"Point","coordinates":[-106.9,40.2147]},"properties":{"s":23.1,"pub":false}},{"type":"Feature","geometry":{"type":"Point","coordinates":[-106.9,40.2205]},"properties":{"s":23.1,"pub":false}},{"type":"Feature","geometry":{"type":"Point","coordinates":[-106.9,40.2263]},"properties":{"s":23.1,"pub":false}},{"type":"Feature","geometry":{"type":"Point","coordinates":[-106.9,40.2321]},"properties":{"s":23.1,"pub":false}},{"type":"Feature","geometry":{"type":"Point","coordinates":[-106.9,40.2379]},"properties":{"s":23.1,"pub":false}},{"type":"Feature","geometry":{"type":"Point","coordinates":[-106.9,40.2437]},"properties":{"s":17.9,"pub":false}},{"type":"Feature","geometry":{"type":"Point","coordinates":[-106.9,40.2495]},"properties":{"s":17.9,"pub":false}},{"type":"Feature","geometry":{"type":"Point","coordinates":[-106.9,40.2553]},"properties":{"s":48.7,"pub":false}},{"type":"Feature","geometry":{"type":"Point","coordinates":[-106.9,40.2611]},"properties":{"s":48.7,"pub":false}},{"type":"Feature","geometry":{"type":"Point","coordinates":[-106.9,40.2669]},"properties":{"s":53.8,"pub":false}},{"type":"Feature","geometry":{"type":"Point","coordinates":[-106.9,40.2727]},"properties":{"s":53.8,"pub":false}},{"type":"Feature","geometry":{"type":"Point","coordinates":[-106.9,40.2785]},"properties":{"s":53.8,"pub":false}},{"type":"Feature","geometry":{"type":"Point","coordinates":[-106.9,40.2843]},"properties":{"s":48.7,"pub":false}},{"type":"Feature","geometry":{"type":"Point","coordinates":[-106.9,40.2901]},"properties":{"s":69.2,"pub":false}},{"type":"Feature","geometry":{"type":"Point","coordinates":[-106.9,40.2959]},"properties":{"s":69.2,"pub":false}},{"type":"Feature","geometry":{"type":"Point","coordinates":[-106.9,40.3017]},"properties":{"s":48.7,"pub":false}},{"type":"Feature","geometry":{"type":"Point","coordinates":[-106.9,40.3075]},"properties":{"s":48.7,"pub":false}},{"type":"Feature","geometry":{"type":"Point","coordinates":[-106.9,40.3133]},"properties":{"s":48.7,"pub":false}},{"type":"Feature","geometry":{"type":"Point","coordinates":[-106.9,40.3191]},"properties":{"s":48.7,"pub":false}},{"type":"Feature","geometry":{"type":"Point","coordinates":[-106.9,40.3249]},"properties":{"s":48.7,"pub":false}},{"type":"Feature","geometry":{"type":"Point","coordinates":[-106.9,40.3307]},"properties":{"s":48.7,"pub":false}},{"type":"Feature","geometry":{"type":"Point","coordinates":[-106.9,40.3365]},"properties":{"s":48.7,"pub":false}},{"type":"Feature","geometry":{"type":"Point","coordinates":[-106.9,40.3423]},"properties":{"s":100.0,"pub":false}},{"type":"Feature","geometry":{"type":"Point","coordinates":[-106.9,40.3481]},"properties":{"s":100.0,"pub":false}},{"type":"Feature","geometry":{"type":"Point","coordinates":[-106.9,40.3539]},"properties":{"s":17.9,"pub":false}},{"type":"Feature","geometry":{"type":"Point","coordinates":[-106.8925,40.1451]},"properties":{"s":17.9,"pub":false}},{"type":"Feature","geometry":{"type":"Point","coordinates":[-106.8925,40.1509]},"properties":{"s":17.9,"pub":false}},{"type":"Feature","geometry":{"type":"Point","coordinates":[-106.8925,40.1567]},"properties":{"s":17.9,"pub":false}},{"type":"Feature","geometry":{"type":"Point","coordinates":[-106.8925,40.1625]},"properties":{"s":17.9,"pub":false}},{"type":"Feature","geometry":{"type":"Point","coordinates":[-106.8925,40.1683]},"properties":{"s":23.1,"pub":false}},{"type":"Feature","geometry":{"type":"Point","coordinates":[-106.8925,40.1741]},"properties":{"s":23.1,"pub":false}},{"type":"Feature","geometry":{"type":"Point","coordinates":[-106.8925,40.1799]},"properties":{"s":23.1,"pub":false}},{"type":"Feature","geometry":{"type":"Point","coordinates":[-106.8925,40.1857]},"properties":{"s":23.1,"pub":false}},{"type":"Feature","geometry":{"type":"Point","coordinates":[-106.8925,40.1915]},"properties":{"s":23.1,"pub":false}},{"type":"Feature","geometry":{"type":"Point","coordinates":[-106.8925,40.1973]},"properties":{"s":23.1,"pub":false}},{"type":"Feature","geometry":{"type":"Point","coordinates":[-106.8925,40.2031]},"properties":{"s":23.1,"pub":false}},{"type":"Feature","geometry":{"type":"Point","coordinates":[-106.8925,40.2089]},"properties":{"s":23.1,"pub":false}},{"type":"Feature","geometry":{"type":"Point","coordinates":[-106.8925,40.2147]},"properties":{"s":23.1,"pub":false}},{"type":"Feature","geometry":{"type":"Point","coordinates":[-106.8925,40.2205]},"properties":{"s":17.9,"pub":false}},{"type":"Feature","geometry":{"type":"Point","coordinates":[-106.8925,40.2263]},"properties":{"s":38.5,"pub":false}},{"type":"Feature","geometry":{"type":"Point","coordinates":[-106.8925,40.2321]},"properties":{"s":38.5,"pub":false}},{"type":"Feature","geometry":{"type":"Point","coordinates":[-106.8925,40.2379]},"properties":{"s":38.5,"pub":false}},{"type":"Feature","geometry":{"type":"Point","coordinates":[-106.8925,40.2437]},"properties":{"s":38.5,"pub":false}},{"type":"Feature","geometry":{"type":"Point","coordinates":[-106.8925,40.2495]},"properties":{"s":38.5,"pub":true}},{"type":"Feature","geometry":{"type":"Point","coordinates":[-106.8925,40.2553]},"properties":{"s":17.9,"pub":true}},{"type":"Feature","geometry":{"type":"Point","coordinates":[-106.8925,40.2611]},"properties":{"s":48.7,"pub":true}},{"type":"Feature","geometry":{"type":"Point","coordinates":[-106.8925,40.2669]},"properties":{"s":53.8,"pub":false}},{"type":"Feature","geometry":{"type":"Point","coordinates":[-106.8925,40.2727]},"properties":{"s":53.8,"pub":false}},{"type":"Feature","geometry":{"type":"Point","coordinates":[-106.8925,40.2785]},"properties":{"s":53.8,"pub":false}},{"type":"Feature","geometry":{"type":"Point","coordinates":[-106.8925,40.2843]},"properties":{"s":48.7,"pub":false}},{"type":"Feature","geometry":{"type":"Point","coordinates":[-106.8925,40.2901]},"properties":{"s":69.2,"pub":false}},{"type":"Feature","geometry":{"type":"Point","coordinates":[-106.8925,40.2959]},"properties":{"s":69.2,"pub":false}},{"type":"Feature","geometry":{"type":"Point","coordinates":[-106.8925,40.3017]},"properties":{"s":48.7,"pub":false}},{"type":"Feature","geometry":{"type":"Point","coordinates":[-106.8925,40.3075]},"properties":{"s":48.7,"pub":false}},{"type":"Feature","geometry":{"type":"Point","coordinates":[-106.8925,40.3133]},"properties":{"s":48.7,"pub":false}},{"type":"Feature","geometry":{"type":"Point","coordinates":[-106.8925,40.3191]},"properties":{"s":48.7,"pub":false}},{"type":"Feature","geometry":{"type":"Point","coordinates":[-106.8925,40.3249]},"properties":{"s":48.7,"pub":false}},{"type":"Feature","geometry":{"type":"Point","coordinates":[-106.8925,40.3307]},"properties":{"s":48.7,"pub":false}},{"type":"Feature","geometry":{"type":"Point","coordinates":[-106.8925,40.3365]},"properties":{"s":48.7,"pub":false}},{"type":"Feature","geometry":{"type":"Point","coordinates":[-106.8925,40.3423]},"properties":{"s":48.7,"pub":false}},{"type":"Feature","geometry":{"type":"Point","coordinates":[-106.8925,40.3481]},"properties":{"s":48.7,"pub":false}},{"type":"Feature","geometry":{"type":"Point","coordinates":[-106.8925,40.3539]},"properties":{"s":17.9,"pub":false}},{"type":"Feature","geometry":{"type":"Point","coordinates":[-106.885,40.1103]},"properties":{"s":17.9,"pub":false}},{"type":"Feature","geometry":{"type":"Point","coordinates":[-106.885,40.1161]},"properties":{"s":17.9,"pub":false}},{"type":"Feature","geometry":{"type":"Point","coordinates":[-106.885,40.1219]},"properties":{"s":17.9,"pub":false}},{"type":"Feature","geometry":{"type":"Point","coordinates":[-106.885,40.1277]},"properties":{"s":17.9,"pub":false}},{"type":"Feature","geometry":{"type":"Point","coordinates":[-106.885,40.1335]},"properties":{"s":23.1,"pub":false}},{"type":"Feature","geometry":{"type":"Point","coordinates":[-106.885,40.1393]},"properties":{"s":17.9,"pub":false}},{"type":"Feature","geometry":{"type":"Point","coordinates":[-106.885,40.1451]},"properties":{"s":17.9,"pub":false}},{"type":"Feature","geometry":{"type":"Point","coordinates":[-106.885,40.1509]},"properties":{"s":17.9,"pub":false}},{"type":"Feature","geometry":{"type":"Point","coordinates":[-106.885,40.1567]},"properties":{"s":17.9,"pub":false}},{"type":"Feature","geometry":{"type":"Point","coordinates":[-106.885,40.1625]},"properties":{"s":17.9,"pub":false}},{"type":"Feature","geometry":{"type":"Point","coordinates":[-106.885,40.1683]},"properties":{"s":23.1,"pub":false}},{"type":"Feature","geometry":{"type":"Point","coordinates":[-106.885,40.1741]},"properties":{"s":23.1,"pub":false}},{"type":"Feature","geometry":{"type":"Point","coordinates":[-106.885,40.1799]},"properties":{"s":23.1,"pub":false}},{"type":"Feature","geometry":{"type":"Point","coordinates":[-106.885,40.1857]},"properties":{"s":23.1,"pub":false}},{"type":"Feature","geometry":{"type":"Point","coordinates":[-106.885,40.1915]},"properties":{"s":23.1,"pub":false}},{"type":"Feature","geometry":{"type":"Point","coordinates":[-106.885,40.1973]},"properties":{"s":23.1,"pub":false}},{"type":"Feature","geometry":{"type":"Point","coordinates":[-106.885,40.2031]},"properties":{"s":23.1,"pub":false}},{"type":"Feature","geometry":{"type":"Point","coordinates":[-106.885,40.2089]},"properties":{"s":23.1,"pub":false}},{"type":"Feature","geometry":{"type":"Point","coordinates":[-106.885,40.2147]},"properties":{"s":23.1,"pub":false}},{"type":"Feature","geometry":{"type":"Point","coordinates":[-106.885,40.2205]},"properties":{"s":17.9,"pub":false}},{"type":"Feature","geometry":{"type":"Point","coordinates":[-106.885,40.2263]},"properties":{"s":17.9,"pub":false}},{"type":"Feature","geometry":{"type":"Point","coordinates":[-106.885,40.2321]},"properties":{"s":17.9,"pub":false}},{"type":"Feature","geometry":{"type":"Point","coordinates":[-106.885,40.2379]},"properties":{"s":38.5,"pub":false}},{"type":"Feature","geometry":{"type":"Point","coordinates":[-106.885,40.2437]},"properties":{"s":38.5,"pub":false}},{"type":"Feature","geometry":{"type":"Point","coordinates":[-106.885,40.2495]},"properties":{"s":38.5,"pub":true}},{"type":"Feature","geometry":{"type":"Point","coordinates":[-106.885,40.2553]},"properties":{"s":17.9,"pub":true}},{"type":"Feature","geometry":{"type":"Point","coordinates":[-106.885,40.2611]},"properties":{"s":17.9,"pub":true}},{"type":"Feature","geometry":{"type":"Point","coordinates":[-106.885,40.2669]},"properties":{"s":17.9,"pub":false}},{"type":"Feature","geometry":{"type":"Point","coordinates":[-106.885,40.2727]},"properties":{"s":53.8,"pub":false}},{"type":"Feature","geometry":{"type":"Point","coordinates":[-106.885,40.2785]},"properties":{"s":53.8,"pub":false}},{"type":"Feature","geometry":{"type":"Point","coordinates":[-106.885,40.2843]},"properties":{"s":48.7,"pub":false}},{"type":"Feature","geometry":{"type":"Point","coordinates":[-106.885,40.2901]},"properties":{"s":48.7,"pub":false}},{"type":"Feature","geometry":{"type":"Point","coordinates":[-106.885,40.2959]},"properties":{"s":48.7,"pub":false}},{"type":"Feature","geometry":{"type":"Point","coordinates":[-106.885,40.3017]},"properties":{"s":48.7,"pub":false}},{"type":"Feature","geometry":{"type":"Point","coordinates":[-106.885,40.3075]},"properties":{"s":48.7,"pub":false}},{"type":"Feature","geometry":{"type":"Point","coordinates":[-106.885,40.3133]},"properties":{"s":48.7,"pub":false}},{"type":"Feature","geometry":{"type":"Point","coordinates":[-106.885,40.3191]},"properties":{"s":48.7,"pub":false}},{"type":"Feature","geometry":{"type":"Point","coordinates":[-106.885,40.3249]},"properties":{"s":48.7,"pub":false}},{"type":"Feature","geometry":{"type":"Point","coordinates":[-106.885,40.3307]},"properties":{"s":48.7,"pub":false}},{"type":"Feature","geometry":{"type":"Point","coordinates":[-106.885,40.3365]},"properties":{"s":53.8,"pub":false}},{"type":"Feature","geometry":{"type":"Point","coordinates":[-106.885,40.3423]},"properties":{"s":53.8,"pub":false}},{"type":"Feature","geometry":{"type":"Point","coordinates":[-106.885,40.3481]},"properties":{"s":48.7,"pub":false}},{"type":"Feature","geometry":{"type":"Point","coordinates":[-106.885,40.3539]},"properties":{"s":17.9,"pub":false}},{"type":"Feature","geometry":{"type":"Point","coordinates":[-106.8775,40.1045]},"properties":{"s":17.9,"pub":false}},{"type":"Feature","geometry":{"type":"Point","coordinates":[-106.8775,40.1103]},"properties":{"s":23.1,"pub":false}},{"type":"Feature","geometry":{"type":"Point","coordinates":[-106.8775,40.1161]},"properties":{"s":23.1,"pub":false}},{"type":"Feature","geometry":{"type":"Point","coordinates":[-106.8775,40.1219]},"properties":{"s":23.1,"pub":true}},{"type":"Feature","geometry":{"type":"Point","coordinates":[-106.8775,40.1277]},"properties":{"s":23.1,"pub":false}},{"type":"Feature","geometry":{"type":"Point","coordinates":[-106.8775,40.1335]},"properties":{"s":23.1,"pub":false}},{"type":"Feature","geometry":{"type":"Point","coordinates":[-106.8775,40.1393]},"properties":{"s":17.9,"pub":false}},{"type":"Feature","geometry":{"type":"Point","coordinates":[-106.8775,40.1451]},"properties":{"s":17.9,"pub":false}},{"type":"Feature","geometry":{"type":"Point","coordinates":[-106.8775,40.1509]},"properties":{"s":17.9,"pub":false}},{"type":"Feature","geometry":{"type":"Point","coordinates":[-106.8775,40.1567]},"properties":{"s":17.9,"pub":false}},{"type":"Feature","geometry":{"type":"Point","coordinates":[-106.8775,40.1625]},"properties":{"s":17.9,"pub":false}},{"type":"Feature","geometry":{"type":"Point","coordinates":[-106.8775,40.1683]},"properties":{"s":23.1,"pub":false}},{"type":"Feature","geometry":{"type":"Point","coordinates":[-106.8775,40.1741]},"properties":{"s":23.1,"pub":false}},{"type":"Feature","geometry":{"type":"Point","coordinates":[-106.8775,40.1799]},"properties":{"s":23.1,"pub":true}},{"type":"Feature","geometry":{"type":"Point","coordinates":[-106.8775,40.1857]},"properties":{"s":23.1,"pub":true}},{"type":"Feature","geometry":{"type":"Point","coordinates":[-106.8775,40.1915]},"properties":{"s":23.1,"pub":true}},{"type":"Feature","geometry":{"type":"Point","coordinates":[-106.8775,40.1973]},"properties":{"s":17.9,"pub":false}},{"type":"Feature","geometry":{"type":"Point","coordinates":[-106.8775,40.2031]},"properties":{"s":17.9,"pub":false}},{"type":"Feature","geometry":{"type":"Point","coordinates":[-106.8775,40.2089]},"properties":{"s":17.9,"pub":false}},{"type":"Feature","geometry":{"type":"Point","coordinates":[-106.8775,40.2147]},"properties":{"s":17.9,"pub":false}},{"type":"Feature","geometry":{"type":"Point","coordinates":[-106.8775,40.2205]},"properties":{"s":17.9,"pub":false}},{"type":"Feature","geometry":{"type":"Point","coordinates":[-106.8775,40.2263]},"properties":{"s":17.9,"pub":false}},{"type":"Feature","geometry":{"type":"Point","coordinates":[-106.8775,40.2321]},"properties":{"s":17.9,"pub":false}},{"type":"Feature","geometry":{"type":"Point","coordinates":[-106.8775,40.2379]},"properties":{"s":17.9,"pub":false}},{"type":"Feature","geometry":{"type":"Point","coordinates":[-106.8775,40.2437]},"properties":{"s":38.5,"pub":true}},{"type":"Feature","geometry":{"type":"Point","coordinates":[-106.8775,40.2495]},"properties":{"s":38.5,"pub":true}},{"type":"Feature","geometry":{"type":"Point","coordinates":[-106.8775,40.2553]},"properties":{"s":17.9,"pub":true}},{"type":"Feature","geometry":{"type":"Point","coordinates":[-106.8775,40.2611]},"properties":{"s":17.9,"pub":false}},{"type":"Feature","geometry":{"type":"Point","coordinates":[-106.8775,40.2669]},"properties":{"s":17.9,"pub":false}},{"type":"Feature","geometry":{"type":"Point","coordinates":[-106.8775,40.2727]},"properties":{"s":17.9,"pub":false}},{"type":"Feature","geometry":{"type":"Point","coordinates":[-106.8775,40.2785]},"properties":{"s":48.7,"pub":false}},{"type":"Feature","geometry":{"type":"Point","coordinates":[-106.8775,40.2843]},"properties":{"s":48.7,"pub":false}},{"type":"Feature","geometry":{"type":"Point","coordinates":[-106.8775,40.2901]},"properties":{"s":48.7,"pub":false}},{"type":"Feature","geometry":{"type":"Point","coordinates":[-106.8775,40.2959]},"properties":{"s":48.7,"pub":false}},{"type":"Feature","geometry":{"type":"Point","coordinates":[-106.8775,40.3017]},"properties":{"s":48.7,"pub":false}},{"type":"Feature","geometry":{"type":"Point","coordinates":[-106.8775,40.3075]},"properties":{"s":48.7,"pub":false}},{"type":"Feature","geometry":{"type":"Point","coordinates":[-106.8775,40.3133]},"properties":{"s":48.7,"pub":false}},{"type":"Feature","geometry":{"type":"Point","coordinates":[-106.8775,40.3191]},"properties":{"s":48.7,"pub":false}},{"type":"Feature","geometry":{"type":"Point","coordinates":[-106.8775,40.3249]},"properties":{"s":48.7,"pub":false}},{"type":"Feature","geometry":{"type":"Point","coordinates":[-106.8775,40.3307]},"properties":{"s":48.7,"pub":false}},{"type":"Feature","geometry":{"type":"Point","coordinates":[-106.8775,40.3365]},"properties":{"s":48.7,"pub":false}},{"type":"Feature","geometry":{"type":"Point","coordinates":[-106.8775,40.3423]},"properties":{"s":48.7,"pub":false}},{"type":"Feature","geometry":{"type":"Point","coordinates":[-106.8775,40.3481]},"properties":{"s":48.7,"pub":false}},{"type":"Feature","geometry":{"type":"Point","coordinates":[-106.8775,40.3539]},"properties":{"s":17.9,"pub":false}},{"type":"Feature","geometry":{"type":"Point","coordinates":[-106.87,40.0987]},"properties":{"s":17.9,"pub":false}},{"type":"Feature","geometry":{"type":"Point","coordinates":[-106.87,40.1045]},"properties":{"s":17.9,"pub":false}},{"type":"Feature","geometry":{"type":"Point","coordinates":[-106.87,40.1103]},"properties":{"s":23.1,"pub":false}},{"type":"Feature","geometry":{"type":"Point","coordinates":[-106.87,40.1161]},"properties":{"s":23.1,"pub":false}},{"type":"Feature","geometry":{"type":"Point","coordinates":[-106.87,40.1219]},"properties":{"s":23.1,"pub":false}},{"type":"Feature","geometry":{"type":"Point","coordinates":[-106.87,40.1277]},"properties":{"s":23.1,"pub":false}},{"type":"Feature","geometry":{"type":"Point","coordinates":[-106.87,40.1335]},"properties":{"s":23.1,"pub":false}},{"type":"Feature","geometry":{"type":"Point","coordinates":[-106.87,40.1393]},"properties":{"s":17.9,"pub":false}},{"type":"Feature","geometry":{"type":"Point","coordinates":[-106.87,40.1451]},"properties":{"s":23.1,"pub":false}},{"type":"Feature","geometry":{"type":"Point","coordinates":[-106.87,40.1509]},"properties":{"s":17.9,"pub":false}},{"type":"Feature","geometry":{"type":"Point","coordinates":[-106.87,40.1567]},"properties":{"s":17.9,"pub":false}},{"type":"Feature","geometry":{"type":"Point","coordinates":[-106.87,40.1625]},"properties":{"s":23.1,"pub":false}},{"type":"Feature","geometry":{"type":"Point","coordinates":[-106.87,40.1683]},"properties":{"s":23.1,"pub":false}},{"type":"Feature","geometry":{"type":"Point","coordinates":[-106.87,40.1741]},"properties":{"s":23.1,"pub":false}},{"type":"Feature","geometry":{"type":"Point","coordinates":[-106.87,40.1799]},"properties":{"s":23.1,"pub":true}},{"type":"Feature","geometry":{"type":"Point","coordinates":[-106.87,40.1857]},"properties":{"s":17.9,"pub":true}},{"type":"Feature","geometry":{"type":"Point","coordinates":[-106.87,40.1915]},"properties":{"s":17.9,"pub":true}},{"type":"Feature","geometry":{"type":"Point","coordinates":[-106.87,40.1973]},"properties":{"s":38.5,"pub":false}},{"type":"Feature","geometry":{"type":"Point","coordinates":[-106.87,40.2031]},"properties":{"s":38.5,"pub":false}},{"type":"Feature","geometry":{"type":"Point","coordinates":[-106.87,40.2089]},"properties":{"s":48.7,"pub":false}},{"type":"Feature","geometry":{"type":"Point","coordinates":[-106.87,40.2147]},"properties":{"s":48.7,"pub":false}},{"type":"Feature","geometry":{"type":"Point","coordinates":[-106.87,40.2205]},"properties":{"s":48.7,"pub":false}},{"type":"Feature","geometry":{"type":"Point","coordinates":[-106.87,40.2263]},"properties":{"s":48.7,"pub":false}},{"type":"Feature","geometry":{"type":"Point","coordinates":[-106.87,40.2321]},"properties":{"s":17.9,"pub":false}},{"type":"Feature","geometry":{"type":"Point","coordinates":[-106.87,40.2379]},"properties":{"s":38.5,"pub":false}},{"type":"Feature","geometry":{"type":"Point","coordinates":[-106.87,40.2437]},"properties":{"s":38.5,"pub":false}},{"type":"Feature","geometry":{"type":"Point","coordinates":[-106.87,40.2495]},"properties":{"s":17.9,"pub":false}},{"type":"Feature","geometry":{"type":"Point","coordinates":[-106.87,40.2553]},"properties":{"s":17.9,"pub":false}},{"type":"Feature","geometry":{"type":"Point","coordinates":[-106.87,40.2611]},"properties":{"s":17.9,"pub":false}},{"type":"Feature","geometry":{"type":"Point","coordinates":[-106.87,40.2669]},"properties":{"s":17.9,"pub":false}},{"type":"Feature","geometry":{"type":"Point","coordinates":[-106.87,40.2727]},"properties":{"s":17.9,"pub":false}},{"type":"Feature","geometry":{"type":"Point","coordinates":[-106.87,40.2785]},"properties":{"s":17.9,"pub":false}},{"type":"Feature","geometry":{"type":"Point","coordinates":[-106.87,40.2843]},"properties":{"s":48.7,"pub":false}},{"type":"Feature","geometry":{"type":"Point","coordinates":[-106.87,40.2901]},"properties":{"s":48.7,"pub":false}},{"type":"Feature","geometry":{"type":"Point","coordinates":[-106.87,40.2959]},"properties":{"s":48.7,"pub":false}},{"type":"Feature","geometry":{"type":"Point","coordinates":[-106.87,40.3017]},"properties":{"s":48.7,"pub":false}},{"type":"Feature","geometry":{"type":"Point","coordinates":[-106.87,40.3075]},"properties":{"s":48.7,"pub":false}},{"type":"Feature","geometry":{"type":"Point","coordinates":[-106.87,40.3133]},"properties":{"s":48.7,"pub":false}},{"type":"Feature","geometry":{"type":"Point","coordinates":[-106.87,40.3191]},"properties":{"s":48.7,"pub":false}},{"type":"Feature","geometry":{"type":"Point","coordinates":[-106.87,40.3249]},"properties":{"s":48.7,"pub":false}},{"type":"Feature","geometry":{"type":"Point","coordinates":[-106.87,40.3307]},"properties":{"s":48.7,"pub":false}},{"type":"Feature","geometry":{"type":"Point","coordinates":[-106.87,40.3365]},"properties":{"s":48.7,"pub":false}},{"type":"Feature","geometry":{"type":"Point","coordinates":[-106.87,40.3423]},"properties":{"s":48.7,"pub":false}},{"type":"Feature","geometry":{"type":"Point","coordinates":[-106.87,40.3481]},"properties":{"s":48.7,"pub":false}},{"type":"Feature","geometry":{"type":"Point","coordinates":[-106.87,40.3539]},"properties":{"s":48.7,"pub":false}},{"type":"Feature","geometry":{"type":"Point","coordinates":[-106.8625,40.0871]},"properties":{"s":17.9,"pub":false}},{"type":"Feature","geometry":{"type":"Point","coordinates":[-106.8625,40.0929]},"properties":{"s":17.9,"pub":false}},{"type":"Feature","geometry":{"type":"Point","coordinates":[-106.8625,40.0987]},"properties":{"s":17.9,"pub":true}},{"type":"Feature","geometry":{"type":"Point","coordinates":[-106.8625,40.1045]},"properties":{"s":23.1,"pub":false}},{"type":"Feature","geometry":{"type":"Point","coordinates":[-106.8625,40.1103]},"properties":{"s":23.1,"pub":false}},{"type":"Feature","geometry":{"type":"Point","coordinates":[-106.8625,40.1161]},"properties":{"s":23.1,"pub":false}},{"type":"Feature","geometry":{"type":"Point","coordinates":[-106.8625,40.1219]},"properties":{"s":17.9,"pub":false}},{"type":"Feature","geometry":{"type":"Point","coordinates":[-106.8625,40.1277]},"properties":{"s":17.9,"pub":false}},{"type":"Feature","geometry":{"type":"Point","coordinates":[-106.8625,40.1335]},"properties":{"s":23.1,"pub":false}},{"type":"Feature","geometry":{"type":"Point","coordinates":[-106.8625,40.1393]},"properties":{"s":23.1,"pub":false}},{"type":"Feature","geometry":{"type":"Point","coordinates":[-106.8625,40.1451]},"properties":{"s":23.1,"pub":false}},{"type":"Feature","geometry":{"type":"Point","coordinates":[-106.8625,40.1509]},"properties":{"s":23.1,"pub":false}},{"type":"Feature","geometry":{"type":"Point","coordinates":[-106.8625,40.1567]},"properties":{"s":23.1,"pub":false}},{"type":"Feature","geometry":{"type":"Point","coordinates":[-106.8625,40.1625]},"properties":{"s":23.1,"pub":true}},{"type":"Feature","geometry":{"type":"Point","coordinates":[-106.8625,40.1683]},"properties":{"s":23.1,"pub":true}},{"type":"Feature","geometry":{"type":"Point","coordinates":[-106.8625,40.1741]},"properties":{"s":23.1,"pub":true}},{"type":"Feature","geometry":{"type":"Point","coordinates":[-106.8625,40.1799]},"properties":{"s":17.9,"pub":true}},{"type":"Feature","geometry":{"type":"Point","coordinates":[-106.8625,40.1857]},"properties":{"s":17.9,"pub":false}},{"type":"Feature","geometry":{"type":"Point","coordinates":[-106.8625,40.1915]},"properties":{"s":38.5,"pub":false}},{"type":"Feature","geometry":{"type":"Point","coordinates":[-106.8625,40.1973]},"properties":{"s":38.5,"pub":true}},{"type":"Feature","geometry":{"type":"Point","coordinates":[-106.8625,40.2031]},"properties":{"s":48.7,"pub":true}},{"type":"Feature","geometry":{"type":"Point","coordinates":[-106.8625,40.2089]},"properties":{"s":48.7,"pub":true}},{"type":"Feature","geometry":{"type":"Point","coordinates":[-106.8625,40.2147]},"properties":{"s":48.7,"pub":true}},{"type":"Feature","geometry":{"type":"Point","coordinates":[-106.8625,40.2205]},"properties":{"s":48.7,"pub":false}},{"type":"Feature","geometry":{"type":"Point","coordinates":[-106.8625,40.2263]},"properties":{"s":48.7,"pub":false}},{"type":"Feature","geometry":{"type":"Point","coordinates":[-106.8625,40.2321]},"properties":{"s":17.9,"pub":false}},{"type":"Feature","geometry":{"type":"Point","coordinates":[-106.8625,40.2379]},"properties":{"s":38.5,"pub":false}},{"type":"Feature","geometry":{"type":"Point","coordinates":[-106.8625,40.2437]},"properties":{"s":38.5,"pub":false}},{"type":"Feature","geometry":{"type":"Point","coordinates":[-106.8625,40.2495]},"properties":{"s":38.5,"pub":false}},{"type":"Feature","geometry":{"type":"Point","coordinates":[-106.8625,40.2553]},"properties":{"s":17.9,"pub":false}},{"type":"Feature","geometry":{"type":"Point","coordinates":[-106.8625,40.2611]},"properties":{"s":17.9,"pub":false}},{"type":"Feature","geometry":{"type":"Point","coordinates":[-106.8625,40.2669]},"properties":{"s":17.9,"pub":false}},{"type":"Feature","geometry":{"type":"Point","coordinates":[-106.8625,40.2727]},"properties":{"s":17.9,"pub":false}},{"type":"Feature","geometry":{"type":"Point","coordinates":[-106.8625,40.2785]},"properties":{"s":17.9,"pub":false}},{"type":"Feature","geometry":{"type":"Point","coordinates":[-106.8625,40.2843]},"properties":{"s":17.9,"pub":false}},{"type":"Feature","geometry":{"type":"Point","coordinates":[-106.8625,40.2901]},"properties":{"s":48.7,"pub":false}},{"type":"Feature","geometry":{"type":"Point","coordinates":[-106.8625,40.2959]},"properties":{"s":69.2,"pub":true}},{"type":"Feature","geometry":{"type":"Point","coordinates":[-106.8625,40.3017]},"properties":{"s":74.4,"pub":true}},{"type":"Feature","geometry":{"type":"Point","coordinates":[-106.8625,40.3075]},"properties":{"s":74.4,"pub":true}},{"type":"Feature","geometry":{"type":"Point","coordinates":[-106.8625,40.3133]},"properties":{"s":74.4,"pub":false}},{"type":"Feature","geometry":{"type":"Point","coordinates":[-106.8625,40.3191]},"properties":{"s":74.4,"pub":false}},{"type":"Feature","geometry":{"type":"Point","coordinates":[-106.8625,40.3249]},"properties":{"s":74.4,"pub":false}},{"type":"Feature","geometry":{"type":"Point","coordinates":[-106.8625,40.3307]},"properties":{"s":69.2,"pub":false}},{"type":"Feature","geometry":{"type":"Point","coordinates":[-106.8625,40.3365]},"properties":{"s":48.7,"pub":false}},{"type":"Feature","geometry":{"type":"Point","coordinates":[-106.8625,40.3423]},"properties":{"s":48.7,"pub":false}},{"type":"Feature","geometry":{"type":"Point","coordinates":[-106.8625,40.3481]},"properties":{"s":48.7,"pub":false}},{"type":"Feature","geometry":{"type":"Point","coordinates":[-106.8625,40.3539]},"properties":{"s":48.7,"pub":false}},{"type":"Feature","geometry":{"type":"Point","coordinates":[-106.855,40.0871]},"properties":{"s":17.9,"pub":false}},{"type":"Feature","geometry":{"type":"Point","coordinates":[-106.855,40.0929]},"properties":{"s":17.9,"pub":false}},{"type":"Feature","geometry":{"type":"Point","coordinates":[-106.855,40.0987]},"properties":{"s":23.1,"pub":true}},{"type":"Feature","geometry":{"type":"Point","coordinates":[-106.855,40.1045]},"properties":{"s":23.1,"pub":false}},{"type":"Feature","geometry":{"type":"Point","coordinates":[-106.855,40.1103]},"properties":{"s":23.1,"pub":false}},{"type":"Feature","geometry":{"type":"Point","coordinates":[-106.855,40.1161]},"properties":{"s":17.9,"pub":false}},{"type":"Feature","geometry":{"type":"Point","coordinates":[-106.855,40.1219]},"properties":{"s":17.9,"pub":false}},{"type":"Feature","geometry":{"type":"Point","coordinates":[-106.855,40.1277]},"properties":{"s":17.9,"pub":false}},{"type":"Feature","geometry":{"type":"Point","coordinates":[-106.855,40.1335]},"properties":{"s":17.9,"pub":false}},{"type":"Feature","geometry":{"type":"Point","coordinates":[-106.855,40.1393]},"properties":{"s":17.9,"pub":false}},{"type":"Feature","geometry":{"type":"Point","coordinates":[-106.855,40.1451]},"properties":{"s":17.9,"pub":false}},{"type":"Feature","geometry":{"type":"Point","coordinates":[-106.855,40.1509]},"properties":{"s":23.1,"pub":false}},{"type":"Feature","geometry":{"type":"Point","coordinates":[-106.855,40.1567]},"properties":{"s":23.1,"pub":false}},{"type":"Feature","geometry":{"type":"Point","coordinates":[-106.855,40.1625]},"properties":{"s":23.1,"pub":true}},{"type":"Feature","geometry":{"type":"Point","coordinates":[-106.855,40.1683]},"properties":{"s":23.1,"pub":true}},{"type":"Feature","geometry":{"type":"Point","coordinates":[-106.855,40.1741]},"properties":{"s":17.9,"pub":true}},{"type":"Feature","geometry":{"type":"Point","coordinates":[-106.855,40.1799]},"properties":{"s":17.9,"pub":true}},{"type":"Feature","geometry":{"type":"Point","coordinates":[-106.855,40.1857]},"properties":{"s":38.5,"pub":true}},{"type":"Feature","geometry":{"type":"Point","coordinates":[-106.855,40.1915]},"properties":{"s":38.5,"pub":true}},{"type":"Feature","geometry":{"type":"Point","coordinates":[-106.855,40.1973]},"properties":{"s":69.2,"pub":true}},{"type":"Feature","geometry":{"type":"Point","coordinates":[-106.855,40.2031]},"properties":{"s":48.7,"pub":true}},{"type":"Feature","geometry":{"type":"Point","coordinates":[-106.855,40.2089]},"properties":{"s":48.7,"pub":true}},{"type":"Feature","geometry":{"type":"Point","coordinates":[-106.855,40.2147]},"properties":{"s":48.7,"pub":true}},{"type":"Feature","geometry":{"type":"Point","coordinates":[-106.855,40.2205]},"properties":{"s":48.7,"pub":false}},{"type":"Feature","geometry":{"type":"Point","coordinates":[-106.855,40.2263]},"properties":{"s":48.7,"pub":false}},{"type":"Feature","geometry":{"type":"Point","coordinates":[-106.855,40.2321]},"properties":{"s":17.9,"pub":false}},{"type":"Feature","geometry":{"type":"Point","coordinates":[-106.855,40.2379]},"properties":{"s":38.5,"pub":false}},{"type":"Feature","geometry":{"type":"Point","coordinates":[-106.855,40.2437]},"properties":{"s":38.5,"pub":false}},{"type":"Feature","geometry":{"type":"Point","coordinates":[-106.855,40.2495]},"properties":{"s":17.9,"pub":false}},{"type":"Feature","geometry":{"type":"Point","coordinates":[-106.855,40.2553]},"properties":{"s":17.9,"pub":false}},{"type":"Feature","geometry":{"type":"Point","coordinates":[-106.855,40.2611]},"properties":{"s":17.9,"pub":false}},{"type":"Feature","geometry":{"type":"Point","coordinates":[-106.855,40.2669]},"properties":{"s":17.9,"pub":false}},{"type":"Feature","geometry":{"type":"Point","coordinates":[-106.855,40.2727]},"properties":{"s":17.9,"pub":false}},{"type":"Feature","geometry":{"type":"Point","coordinates":[-106.855,40.2785]},"properties":{"s":17.9,"pub":false}},{"type":"Feature","geometry":{"type":"Point","coordinates":[-106.855,40.2843]},"properties":{"s":17.9,"pub":false}},{"type":"Feature","geometry":{"type":"Point","coordinates":[-106.855,40.2901]},"properties":{"s":53.8,"pub":false}},{"type":"Feature","geometry":{"type":"Point","coordinates":[-106.855,40.2959]},"properties":{"s":53.8,"pub":true}},{"type":"Feature","geometry":{"type":"Point","coordinates":[-106.855,40.3017]},"properties":{"s":74.4,"pub":true}},{"type":"Feature","geometry":{"type":"Point","coordinates":[-106.855,40.3075]},"properties":{"s":69.2,"pub":true}},{"type":"Feature","geometry":{"type":"Point","coordinates":[-106.855,40.3133]},"properties":{"s":69.2,"pub":false}},{"type":"Feature","geometry":{"type":"Point","coordinates":[-106.855,40.3191]},"properties":{"s":69.2,"pub":false}},{"type":"Feature","geometry":{"type":"Point","coordinates":[-106.855,40.3249]},"properties":{"s":69.2,"pub":false}},{"type":"Feature","geometry":{"type":"Point","coordinates":[-106.855,40.3307]},"properties":{"s":74.4,"pub":false}},{"type":"Feature","geometry":{"type":"Point","coordinates":[-106.855,40.3365]},"properties":{"s":48.7,"pub":false}},{"type":"Feature","geometry":{"type":"Point","coordinates":[-106.855,40.3423]},"properties":{"s":48.7,"pub":false}},{"type":"Feature","geometry":{"type":"Point","coordinates":[-106.855,40.3481]},"properties":{"s":48.7,"pub":false}},{"type":"Feature","geometry":{"type":"Point","coordinates":[-106.855,40.3539]},"properties":{"s":48.7,"pub":false}},{"type":"Feature","geometry":{"type":"Point","coordinates":[-106.855,40.3597]},"properties":{"s":17.9,"pub":false}},{"type":"Feature","geometry":{"type":"Point","coordinates":[-106.8475,40.0813]},"properties":{"s":17.9,"pub":false}},{"type":"Feature","geometry":{"type":"Point","coordinates":[-106.8475,40.0871]},"properties":{"s":17.9,"pub":false}},{"type":"Feature","geometry":{"type":"Point","coordinates":[-106.8475,40.0929]},"properties":{"s":17.9,"pub":false}},{"type":"Feature","geometry":{"type":"Point","coordinates":[-106.8475,40.0987]},"properties":{"s":23.1,"pub":true}},{"type":"Feature","geometry":{"type":"Point","coordinates":[-106.8475,40.1045]},"properties":{"s":23.1,"pub":false}},{"type":"Feature","geometry":{"type":"Point","coordinates":[-106.8475,40.1103]},"properties":{"s":17.9,"pub":false}},{"type":"Feature","geometry":{"type":"Point","coordinates":[-106.8475,40.1161]},"properties":{"s":17.9,"pub":false}},{"type":"Feature","geometry":{"type":"Point","coordinates":[-106.8475,40.1219]},"properties":{"s":17.9,"pub":false}},{"type":"Feature","geometry":{"type":"Point","coordinates":[-106.8475,40.1277]},"properties":{"s":17.9,"pub":false}},{"type":"Feature","geometry":{"type":"Point","coordinates":[-106.8475,40.1335]},"properties":{"s":17.9,"pub":false}},{"type":"Feature","geometry":{"type":"Point","coordinates":[-106.8475,40.1393]},"properties":{"s":17.9,"pub":false}},{"type":"Feature","geometry":{"type":"Point","coordinates":[-106.8475,40.1451]},"properties":{"s":38.5,"pub":false}},{"type":"Feature","geometry":{"type":"Point","coordinates":[-106.8475,40.1509]},"properties":{"s":43.6,"pub":false}},{"type":"Feature","geometry":{"type":"Point","coordinates":[-106.8475,40.1567]},"properties":{"s":23.1,"pub":false}},{"type":"Feature","geometry":{"type":"Point","coordinates":[-106.8475,40.1625]},"properties":{"s":23.1,"pub":true}},{"type":"Feature","geometry":{"type":"Point","coordinates":[-106.8475,40.1683]},"properties":{"s":53.8,"pub":true}},{"type":"Feature","geometry":{"type":"Point","coordinates":[-106.8475,40.1741]},"properties":{"s":48.7,"pub":true}},{"type":"Feature","geometry":{"type":"Point","coordinates":[-106.8475,40.1799]},"properties":{"s":69.2,"pub":true}},{"type":"Feature","geometry":{"type":"Point","coordinates":[-106.8475,40.1857]},"properties":{"s":69.2,"pub":true}},{"type":"Feature","geometry":{"type":"Point","coordinates":[-106.8475,40.1915]},"properties":{"s":69.2,"pub":true}},{"type":"Feature","geometry":{"type":"Point","coordinates":[-106.8475,40.1973]},"properties":{"s":48.7,"pub":true}},{"type":"Feature","geometry":{"type":"Point","coordinates":[-106.8475,40.2031]},"properties":{"s":48.7,"pub":true}},{"type":"Feature","geometry":{"type":"Point","coordinates":[-106.8475,40.2089]},"properties":{"s":48.7,"pub":true}},{"type":"Feature","geometry":{"type":"Point","coordinates":[-106.8475,40.2147]},"properties":{"s":48.7,"pub":true}},{"type":"Feature","geometry":{"type":"Point","coordinates":[-106.8475,40.2205]},"properties":{"s":48.7,"pub":true}},{"type":"Feature","geometry":{"type":"Point","coordinates":[-106.8475,40.2263]},"properties":{"s":17.9,"pub":true}},{"type":"Feature","geometry":{"type":"Point","coordinates":[-106.8475,40.2321]},"properties":{"s":17.9,"pub":false}},{"type":"Feature","geometry":{"type":"Point","coordinates":[-106.8475,40.2379]},"properties":{"s":17.9,"pub":false}},{"type":"Feature","geometry":{"type":"Point","coordinates":[-106.8475,40.2437]},"properties":{"s":17.9,"pub":false}},{"type":"Feature","geometry":{"type":"Point","coordinates":[-106.8475,40.2495]},"properties":{"s":17.9,"pub":false}},{"type":"Feature","geometry":{"type":"Point","coordinates":[-106.8475,40.2553]},"properties":{"s":17.9,"pub":false}},{"type":"Feature","geometry":{"type":"Point","coordinates":[-106.8475,40.2611]},"properties":{"s":17.9,"pub":false}},{"type":"Feature","geometry":{"type":"Point","coordinates":[-106.8475,40.2669]},"properties":{"s":17.9,"pub":false}},{"type":"Feature","geometry":{"type":"Point","coordinates":[-106.8475,40.2727]},"properties":{"s":17.9,"pub":false}},{"type":"Feature","geometry":{"type":"Point","coordinates":[-106.8475,40.2785]},"properties":{"s":17.9,"pub":false}},{"type":"Feature","geometry":{"type":"Point","coordinates":[-106.8475,40.2843]},"properties":{"s":17.9,"pub":false}},{"type":"Feature","geometry":{"type":"Point","coordinates":[-106.8475,40.2901]},"properties":{"s":53.8,"pub":false}},{"type":"Feature","geometry":{"type":"Point","coordinates":[-106.8475,40.2959]},"properties":{"s":69.2,"pub":true}},{"type":"Feature","geometry":{"type":"Point","coordinates":[-106.8475,40.3017]},"properties":{"s":69.2,"pub":true}},{"type":"Feature","geometry":{"type":"Point","coordinates":[-106.8475,40.3075]},"properties":{"s":69.2,"pub":false}},{"type":"Feature","geometry":{"type":"Point","coordinates":[-106.8475,40.3133]},"properties":{"s":69.2,"pub":false}},{"type":"Feature","geometry":{"type":"Point","coordinates":[-106.8475,40.3191]},"properties":{"s":69.2,"pub":false}},{"type":"Feature","geometry":{"type":"Point","coordinates":[-106.8475,40.3249]},"properties":{"s":69.2,"pub":false}},{"type":"Feature","geometry":{"type":"Point","coordinates":[-106.8475,40.3307]},"properties":{"s":74.4,"pub":false}},{"type":"Feature","geometry":{"type":"Point","coordinates":[-106.8475,40.3365]},"properties":{"s":48.7,"pub":false}},{"type":"Feature","geometry":{"type":"Point","coordinates":[-106.8475,40.3423]},"properties":{"s":48.7,"pub":false}},{"type":"Feature","geometry":{"type":"Point","coordinates":[-106.8475,40.3481]},"properties":{"s":48.7,"pub":false}},{"type":"Feature","geometry":{"type":"Point","coordinates":[-106.8475,40.3539]},"properties":{"s":48.7,"pub":false}},{"type":"Feature","geometry":{"type":"Point","coordinates":[-106.8475,40.3597]},"properties":{"s":48.7,"pub":false}},{"type":"Feature","geometry":{"type":"Point","coordinates":[-106.8475,40.3655]},"properties":{"s":17.9,"pub":false}},{"type":"Feature","geometry":{"type":"Point","coordinates":[-106.84,40.0755]},"properties":{"s":17.9,"pub":false}},{"type":"Feature","geometry":{"type":"Point","coordinates":[-106.84,40.0813]},"properties":{"s":17.9,"pub":false}},{"type":"Feature","geometry":{"type":"Point","coordinates":[-106.84,40.0871]},"properties":{"s":17.9,"pub":false}},{"type":"Feature","geometry":{"type":"Point","coordinates":[-106.84,40.0929]},"properties":{"s":23.1,"pub":false}},{"type":"Feature","geometry":{"type":"Point","coordinates":[-106.84,40.0987]},"properties":{"s":23.1,"pub":true}},{"type":"Feature","geometry":{"type":"Point","coordinates":[-106.84,40.1045]},"properties":{"s":17.9,"pub":true}},{"type":"Feature","geometry":{"type":"Point","coordinates":[-106.84,40.1103]},"properties":{"s":17.9,"pub":false}},{"type":"Feature","geometry":{"type":"Point","coordinates":[-106.84,40.1161]},"properties":{"s":17.9,"pub":false}},{"type":"Feature","geometry":{"type":"Point","coordinates":[-106.84,40.1219]},"properties":{"s":17.9,"pub":false}},{"type":"Feature","geometry":{"type":"Point","coordinates":[-106.84,40.1277]},"properties":{"s":17.9,"pub":true}},{"type":"Feature","geometry":{"type":"Point","coordinates":[-106.84,40.1335]},"properties":{"s":38.5,"pub":true}},{"type":"Feature","geometry":{"type":"Point","coordinates":[-106.84,40.1393]},"properties":{"s":38.5,"pub":true}},{"type":"Feature","geometry":{"type":"Point","coordinates":[-106.84,40.1451]},"properties":{"s":38.5,"pub":true}},{"type":"Feature","geometry":{"type":"Point","coordinates":[-106.84,40.1509]},"properties":{"s":43.6,"pub":true}},{"type":"Feature","geometry":{"type":"Point","coordinates":[-106.84,40.1567]},"properties":{"s":23.1,"pub":true}},{"type":"Feature","geometry":{"type":"Point","coordinates":[-106.84,40.1625]},"properties":{"s":53.8,"pub":true}},{"type":"Feature","geometry":{"type":"Point","coordinates":[-106.84,40.1683]},"properties":{"s":48.7,"pub":true}},{"type":"Feature","geometry":{"type":"Point","coordinates":[-106.84,40.1741]},"properties":{"s":48.7,"pub":true}},{"type":"Feature","geometry":{"type":"Point","coordinates":[-106.84,40.1799]},"properties":{"s":69.2,"pub":true}},{"type":"Feature","geometry":{"type":"Point","coordinates":[-106.84,40.1857]},"properties":{"s":69.2,"pub":true}},{"type":"Feature","geometry":{"type":"Point","coordinates":[-106.84,40.1915]},"properties":{"s":48.7,"pub":true}},{"type":"Feature","geometry":{"type":"Point","coordinates":[-106.84,40.1973]},"properties":{"s":48.7,"pub":true}},{"type":"Feature","geometry":{"type":"Point","coordinates":[-106.84,40.2031]},"properties":{"s":48.7,"pub":true}},{"type":"Feature","geometry":{"type":"Point","coordinates":[-106.84,40.2089]},"properties":{"s":48.7,"pub":true}},{"type":"Feature","geometry":{"type":"Point","coordinates":[-106.84,40.2147]},"properties":{"s":48.7,"pub":true}},{"type":"Feature","geometry":{"type":"Point","coordinates":[-106.84,40.2205]},"properties":{"s":17.9,"pub":true}},{"type":"Feature","geometry":{"type":"Point","coordinates":[-106.84,40.2263]},"properties":{"s":17.9,"pub":true}},{"type":"Feature","geometry":{"type":"Point","coordinates":[-106.84,40.2321]},"properties":{"s":17.9,"pub":false}},{"type":"Feature","geometry":{"type":"Point","coordinates":[-106.84,40.2379]},"properties":{"s":17.9,"pub":false}},{"type":"Feature","geometry":{"type":"Point","coordinates":[-106.84,40.2437]},"properties":{"s":17.9,"pub":false}},{"type":"Feature","geometry":{"type":"Point","coordinates":[-106.84,40.2495]},"properties":{"s":17.9,"pub":false}},{"type":"Feature","geometry":{"type":"Point","coordinates":[-106.84,40.2553]},"properties":{"s":17.9,"pub":false}},{"type":"Feature","geometry":{"type":"Point","coordinates":[-106.84,40.2611]},"properties":{"s":17.9,"pub":false}},{"type":"Feature","geometry":{"type":"Point","coordinates":[-106.84,40.2669]},"properties":{"s":17.9,"pub":false}},{"type":"Feature","geometry":{"type":"Point","coordinates":[-106.84,40.2727]},"properties":{"s":17.9,"pub":false}},{"type":"Feature","geometry":{"type":"Point","coordinates":[-106.84,40.2785]},"properties":{"s":17.9,"pub":false}},{"type":"Feature","geometry":{"type":"Point","coordinates":[-106.84,40.2843]},"properties":{"s":17.9,"pub":false}},{"type":"Feature","geometry":{"type":"Point","coordinates":[-106.84,40.2901]},"properties":{"s":23.1,"pub":false}},{"type":"Feature","geometry":{"type":"Point","coordinates":[-106.84,40.2959]},"properties":{"s":69.2,"pub":true}},{"type":"Feature","geometry":{"type":"Point","coordinates":[-106.84,40.3017]},"properties":{"s":69.2,"pub":false}},{"type":"Feature","geometry":{"type":"Point","coordinates":[-106.84,40.3075]},"properties":{"s":69.2,"pub":false}},{"type":"Feature","geometry":{"type":"Point","coordinates":[-106.84,40.3133]},"properties":{"s":69.2,"pub":false}},{"type":"Feature","geometry":{"type":"Point","coordinates":[-106.84,40.3191]},"properties":{"s":69.2,"pub":false}},{"type":"Feature","geometry":{"type":"Point","coordinates":[-106.84,40.3249]},"properties":{"s":69.2,"pub":false}},{"type":"Feature","geometry":{"type":"Point","coordinates":[-106.84,40.3307]},"properties":{"s":69.2,"pub":false}},{"type":"Feature","geometry":{"type":"Point","coordinates":[-106.84,40.3365]},"properties":{"s":48.7,"pub":false}},{"type":"Feature","geometry":{"type":"Point","coordinates":[-106.84,40.3423]},"properties":{"s":48.7,"pub":false}},{"type":"Feature","geometry":{"type":"Point","coordinates":[-106.84,40.3481]},"properties":{"s":48.7,"pub":false}},{"type":"Feature","geometry":{"type":"Point","coordinates":[-106.84,40.3539]},"properties":{"s":48.7,"pub":false}},{"type":"Feature","geometry":{"type":"Point","coordinates":[-106.84,40.3597]},"properties":{"s":17.9,"pub":false}},{"type":"Feature","geometry":{"type":"Point","coordinates":[-106.84,40.3655]},"properties":{"s":17.9,"pub":false}},{"type":"Feature","geometry":{"type":"Point","coordinates":[-106.8325,40.0697]},"properties":{"s":17.9,"pub":false}},{"type":"Feature","geometry":{"type":"Point","coordinates":[-106.8325,40.0755]},"properties":{"s":17.9,"pub":false}},{"type":"Feature","geometry":{"type":"Point","coordinates":[-106.8325,40.0813]},"properties":{"s":17.9,"pub":false}},{"type":"Feature","geometry":{"type":"Point","coordinates":[-106.8325,40.0871]},"properties":{"s":23.1,"pub":false}},{"type":"Feature","geometry":{"type":"Point","coordinates":[-106.8325,40.0929]},"properties":{"s":23.1,"pub":false}},{"type":"Feature","geometry":{"type":"Point","coordinates":[-106.8325,40.0987]},"properties":{"s":23.1,"pub":true}},{"type":"Feature","geometry":{"type":"Point","coordinates":[-106.8325,40.1045]},"properties":{"s":17.9,"pub":true}},{"type":"Feature","geometry":{"type":"Point","coordinates":[-106.8325,40.1103]},"properties":{"s":17.9,"pub":false}},{"type":"Feature","geometry":{"type":"Point","coordinates":[-106.8325,40.1161]},"properties":{"s":17.9,"pub":false}},{"type":"Feature","geometry":{"type":"Point","coordinates":[-106.8325,40.1219]},"properties":{"s":17.9,"pub":true}},{"type":"Feature","geometry":{"type":"Point","coordinates":[-106.8325,40.1277]},"properties":{"s":38.5,"pub":true}},{"type":"Feature","geometry":{"type":"Point","coordinates":[-106.8325,40.1335]},"properties":{"s":38.5,"pub":true}},{"type":"Feature","geometry":{"type":"Point","coordinates":[-106.8325,40.1393]},"properties":{"s":38.5,"pub":true}},{"type":"Feature","geometry":{"type":"Point","coordinates":[-106.8325,40.1451]},"properties":{"s":38.5,"pub":true}},{"type":"Feature","geometry":{"type":"Point","coordinates":[-106.8325,40.1509]},"properties":{"s":43.6,"pub":true}},{"type":"Feature","geometry":{"type":"Point","coordinates":[-106.8325,40.1567]},"properties":{"s":53.8,"pub":true}},{"type":"Feature","geometry":{"type":"Point","coordinates":[-106.8325,40.1625]},"properties":{"s":53.8,"pub":true}},{"type":"Feature","geometry":{"type":"Point","coordinates":[-106.8325,40.1683]},"properties":{"s":48.7,"pub":true}},{"type":"Feature","geometry":{"type":"Point","coordinates":[-106.8325,40.1741]},"properties":{"s":48.7,"pub":true}},{"type":"Feature","geometry":{"type":"Point","coordinates":[-106.8325,40.1799]},"properties":{"s":48.7,"pub":true}},{"type":"Feature","geometry":{"type":"Point","coordinates":[-106.8325,40.1857]},"properties":{"s":48.7,"pub":true}},{"type":"Feature","geometry":{"type":"Point","coordinates":[-106.8325,40.1915]},"properties":{"s":48.7,"pub":true}},{"type":"Feature","geometry":{"type":"Point","coordinates":[-106.8325,40.1973]},"properties":{"s":69.2,"pub":true}},{"type":"Feature","geometry":{"type":"Point","coordinates":[-106.8325,40.2031]},"properties":{"s":69.2,"pub":true}},{"type":"Feature","geometry":{"type":"Point","coordinates":[-106.8325,40.2089]},"properties":{"s":69.2,"pub":true}},{"type":"Feature","geometry":{"type":"Point","coordinates":[-106.8325,40.2147]},"properties":{"s":38.5,"pub":true}},{"type":"Feature","geometry":{"type":"Point","coordinates":[-106.8325,40.2205]},"properties":{"s":17.9,"pub":true}},{"type":"Feature","geometry":{"type":"Point","coordinates":[-106.8325,40.2263]},"properties":{"s":17.9,"pub":false}},{"type":"Feature","geometry":{"type":"Point","coordinates":[-106.8325,40.2321]},"properties":{"s":17.9,"pub":false}},{"type":"Feature","geometry":{"type":"Point","coordinates":[-106.8325,40.2379]},"properties":{"s":17.9,"pub":false}},{"type":"Feature","geometry":{"type":"Point","coordinates":[-106.8325,40.2437]},"properties":{"s":17.9,"pub":false}},{"type":"Feature","geometry":{"type":"Point","coordinates":[-106.8325,40.2495]},"properties":{"s":17.9,"pub":false}},{"type":"Feature","geometry":{"type":"Point","coordinates":[-106.8325,40.2553]},"properties":{"s":17.9,"pub":false}},{"type":"Feature","geometry":{"type":"Point","coordinates":[-106.8325,40.2611]},"properties":{"s":23.1,"pub":false}},{"type":"Feature","geometry":{"type":"Point","coordinates":[-106.8325,40.2669]},"properties":{"s":17.9,"pub":false}},{"type":"Feature","geometry":{"type":"Point","coordinates":[-106.8325,40.2727]},"properties":{"s":23.1,"pub":false}},{"type":"Feature","geometry":{"type":"Point","coordinates":[-106.8325,40.2785]},"properties":{"s":17.9,"pub":false}},{"type":"Feature","geometry":{"type":"Point","coordinates":[-106.8325,40.2843]},"properties":{"s":17.9,"pub":false}},{"type":"Feature","geometry":{"type":"Point","coordinates":[-106.8325,40.2901]},"properties":{"s":23.1,"pub":false}},{"type":"Feature","geometry":{"type":"Point","coordinates":[-106.8325,40.2959]},"properties":{"s":38.5,"pub":false}},{"type":"Feature","geometry":{"type":"Point","coordinates":[-106.8325,40.3017]},"properties":{"s":69.2,"pub":true}},{"type":"Feature","geometry":{"type":"Point","coordinates":[-106.8325,40.3075]},"properties":{"s":69.2,"pub":true}},{"type":"Feature","geometry":{"type":"Point","coordinates":[-106.8325,40.3133]},"properties":{"s":69.2,"pub":true}},{"type":"Feature","geometry":{"type":"Point","coordinates":[-106.8325,40.3191]},"properties":{"s":69.2,"pub":true}},{"type":"Feature","geometry":{"type":"Point","coordinates":[-106.8325,40.3249]},"properties":{"s":69.2,"pub":false}},{"type":"Feature","geometry":{"type":"Point","coordinates":[-106.8325,40.3307]},"properties":{"s":53.8,"pub":false}},{"type":"Feature","geometry":{"type":"Point","coordinates":[-106.8325,40.3365]},"properties":{"s":17.9,"pub":false}},{"type":"Feature","geometry":{"type":"Point","coordinates":[-106.8325,40.3423]},"properties":{"s":17.9,"pub":false}},{"type":"Feature","geometry":{"type":"Point","coordinates":[-106.8325,40.3481]},"properties":{"s":17.9,"pub":false}},{"type":"Feature","geometry":{"type":"Point","coordinates":[-106.8325,40.3539]},"properties":{"s":17.9,"pub":false}},{"type":"Feature","geometry":{"type":"Point","coordinates":[-106.8325,40.3597]},"properties":{"s":17.9,"pub":false}},{"type":"Feature","geometry":{"type":"Point","coordinates":[-106.8325,40.3655]},"properties":{"s":17.9,"pub":false}},{"type":"Feature","geometry":{"type":"Point","coordinates":[-106.825,40.0697]},"properties":{"s":17.9,"pub":false}},{"type":"Feature","geometry":{"type":"Point","coordinates":[-106.825,40.0755]},"properties":{"s":17.9,"pub":false}},{"type":"Feature","geometry":{"type":"Point","coordinates":[-106.825,40.0813]},"properties":{"s":23.1,"pub":false}},{"type":"Feature","geometry":{"type":"Point","coordinates":[-106.825,40.0871]},"properties":{"s":23.1,"pub":false}},{"type":"Feature","geometry":{"type":"Point","coordinates":[-106.825,40.0929]},"properties":{"s":23.1,"pub":true}},{"type":"Feature","geometry":{"type":"Point","coordinates":[-106.825,40.0987]},"properties":{"s":23.1,"pub":true}},{"type":"Feature","geometry":{"type":"Point","coordinates":[-106.825,40.1045]},"properties":{"s":17.9,"pub":true}},{"type":"Feature","geometry":{"type":"Point","coordinates":[-106.825,40.1103]},"properties":{"s":17.9,"pub":true}},{"type":"Feature","geometry":{"type":"Point","coordinates":[-106.825,40.1161]},"properties":{"s":17.9,"pub":true}},{"type":"Feature","geometry":{"type":"Point","coordinates":[-106.825,40.1219]},"properties":{"s":38.5,"pub":true}},{"type":"Feature","geometry":{"type":"Point","coordinates":[-106.825,40.1277]},"properties":{"s":69.2,"pub":true}},{"type":"Feature","geometry":{"type":"Point","coordinates":[-106.825,40.1335]},"properties":{"s":38.5,"pub":true}},{"type":"Feature","geometry":{"type":"Point","coordinates":[-106.825,40.1393]},"properties":{"s":38.5,"pub":true}},{"type":"Feature","geometry":{"type":"Point","coordinates":[-106.825,40.1451]},"properties":{"s":38.5,"pub":true}},{"type":"Feature","geometry":{"type":"Point","coordinates":[-106.825,40.1509]},"properties":{"s":69.2,"pub":true}},{"type":"Feature","geometry":{"type":"Point","coordinates":[-106.825,40.1567]},"properties":{"s":53.8,"pub":true}},{"type":"Feature","geometry":{"type":"Point","coordinates":[-106.825,40.1625]},"properties":{"s":48.7,"pub":true}},{"type":"Feature","geometry":{"type":"Point","coordinates":[-106.825,40.1683]},"properties":{"s":48.7,"pub":true}},{"type":"Feature","geometry":{"type":"Point","coordinates":[-106.825,40.1741]},"properties":{"s":48.7,"pub":true}},{"type":"Feature","geometry":{"type":"Point","coordinates":[-106.825,40.1799]},"properties":{"s":48.7,"pub":true}},{"type":"Feature","geometry":{"type":"Point","coordinates":[-106.825,40.1857]},"properties":{"s":48.7,"pub":true}},{"type":"Feature","geometry":{"type":"Point","coordinates":[-106.825,40.1915]},"properties":{"s":69.2,"pub":true}},{"type":"Feature","geometry":{"type":"Point","coordinates":[-106.825,40.1973]},"properties":{"s":69.2,"pub":true}},{"type":"Feature","geometry":{"type":"Point","coordinates":[-106.825,40.2031]},"properties":{"s":69.2,"pub":true}},{"type":"Feature","geometry":{"type":"Point","coordinates":[-106.825,40.2089]},"properties":{"s":38.5,"pub":true}},{"type":"Feature","geometry":{"type":"Point","coordinates":[-106.825,40.2147]},"properties":{"s":38.5,"pub":false}},{"type":"Feature","geometry":{"type":"Point","coordinates":[-106.825,40.2205]},"properties":{"s":17.9,"pub":false}},{"type":"Feature","geometry":{"type":"Point","coordinates":[-106.825,40.2263]},"properties":{"s":17.9,"pub":false}},{"type":"Feature","geometry":{"type":"Point","coordinates":[-106.825,40.2321]},"properties":{"s":17.9,"pub":false}},{"type":"Feature","geometry":{"type":"Point","coordinates":[-106.825,40.2379]},"properties":{"s":17.9,"pub":false}},{"type":"Feature","geometry":{"type":"Point","coordinates":[-106.825,40.2437]},"properties":{"s":17.9,"pub":false}},{"type":"Feature","geometry":{"type":"Point","coordinates":[-106.825,40.2495]},"properties":{"s":23.1,"pub":false}},{"type":"Feature","geometry":{"type":"Point","coordinates":[-106.825,40.2553]},"properties":{"s":23.1,"pub":false}},{"type":"Feature","geometry":{"type":"Point","coordinates":[-106.825,40.2611]},"properties":{"s":23.1,"pub":false}},{"type":"Feature","geometry":{"type":"Point","coordinates":[-106.825,40.2669]},"properties":{"s":23.1,"pub":false}},{"type":"Feature","geometry":{"type":"Point","coordinates":[-106.825,40.2727]},"properties":{"s":23.1,"pub":true}},{"type":"Feature","geometry":{"type":"Point","coordinates":[-106.825,40.2785]},"properties":{"s":23.1,"pub":true}},{"type":"Feature","geometry":{"type":"Point","coordinates":[-106.825,40.2843]},"properties":{"s":23.1,"pub":false}},{"type":"Feature","geometry":{"type":"Point","coordinates":[-106.825,40.2901]},"properties":{"s":23.1,"pub":false}},{"type":"Feature","geometry":{"type":"Point","coordinates":[-106.825,40.2959]},"properties":{"s":38.5,"pub":false}},{"type":"Feature","geometry":{"type":"Point","coordinates":[-106.825,40.3017]},"properties":{"s":17.9,"pub":true}},{"type":"Feature","geometry":{"type":"Point","coordinates":[-106.825,40.3075]},"properties":{"s":38.5,"pub":true}},{"type":"Feature","geometry":{"type":"Point","coordinates":[-106.825,40.3133]},"properties":{"s":38.5,"pub":true}},{"type":"Feature","geometry":{"type":"Point","coordinates":[-106.825,40.3191]},"properties":{"s":38.5,"pub":true}},{"type":"Feature","geometry":{"type":"Point","coordinates":[-106.825,40.3249]},"properties":{"s":17.9,"pub":false}},{"type":"Feature","geometry":{"type":"Point","coordinates":[-106.825,40.3307]},"properties":{"s":17.9,"pub":false}},{"type":"Feature","geometry":{"type":"Point","coordinates":[-106.825,40.3365]},"properties":{"s":17.9,"pub":false}},{"type":"Feature","geometry":{"type":"Point","coordinates":[-106.825,40.3423]},"properties":{"s":17.9,"pub":false}},{"type":"Feature","geometry":{"type":"Point","coordinates":[-106.825,40.3481]},"properties":{"s":17.9,"pub":false}},{"type":"Feature","geometry":{"type":"Point","coordinates":[-106.825,40.3539]},"properties":{"s":17.9,"pub":false}},{"type":"Feature","geometry":{"type":"Point","coordinates":[-106.825,40.3597]},"properties":{"s":17.9,"pub":false}},{"type":"Feature","geometry":{"type":"Point","coordinates":[-106.825,40.3655]},"properties":{"s":17.9,"pub":false}},{"type":"Feature","geometry":{"type":"Point","coordinates":[-106.825,40.3713]},"properties":{"s":17.9,"pub":false}},{"type":"Feature","geometry":{"type":"Point","coordinates":[-106.825,40.3771]},"properties":{"s":17.9,"pub":false}},{"type":"Feature","geometry":{"type":"Point","coordinates":[-106.825,40.3829]},"properties":{"s":17.9,"pub":false}},{"type":"Feature","geometry":{"type":"Point","coordinates":[-106.825,40.3887]},"properties":{"s":17.9,"pub":false}},{"type":"Feature","geometry":{"type":"Point","coordinates":[-106.825,40.3945]},"properties":{"s":17.9,"pub":false}},{"type":"Feature","geometry":{"type":"Point","coordinates":[-106.825,40.4003]},"properties":{"s":17.9,"pub":false}},{"type":"Feature","geometry":{"type":"Point","coordinates":[-106.825,40.4061]},"properties":{"s":17.9,"pub":false}},{"type":"Feature","geometry":{"type":"Point","coordinates":[-106.825,40.4119]},"properties":{"s":17.9,"pub":false}},{"type":"Feature","geometry":{"type":"Point","coordinates":[-106.825,40.4177]},"properties":{"s":17.9,"pub":false}},{"type":"Feature","geometry":{"type":"Point","coordinates":[-106.825,40.4235]},"properties":{"s":17.9,"pub":false}},{"type":"Feature","geometry":{"type":"Point","coordinates":[-106.8175,40.0639]},"properties":{"s":17.9,"pub":false}},{"type":"Feature","geometry":{"type":"Point","coordinates":[-106.8175,40.0697]},"properties":{"s":17.9,"pub":false}},{"type":"Feature","geometry":{"type":"Point","coordinates":[-106.8175,40.0755]},"properties":{"s":17.9,"pub":false}},{"type":"Feature","geometry":{"type":"Point","coordinates":[-106.8175,40.0813]},"properties":{"s":23.1,"pub":false}},{"type":"Feature","geometry":{"type":"Point","coordinates":[-106.8175,40.0871]},"properties":{"s":23.1,"pub":false}},{"type":"Feature","geometry":{"type":"Point","coordinates":[-106.8175,40.0929]},"properties":{"s":23.1,"pub":false}},{"type":"Feature","geometry":{"type":"Point","coordinates":[-106.8175,40.0987]},"properties":{"s":23.1,"pub":false}},{"type":"Feature","geometry":{"type":"Point","coordinates":[-106.8175,40.1045]},"properties":{"s":17.9,"pub":false}},{"type":"Feature","geometry":{"type":"Point","coordinates":[-106.8175,40.1103]},"properties":{"s":17.9,"pub":false}},{"type":"Feature","geometry":{"type":"Point","coordinates":[-106.8175,40.1161]},"properties":{"s":17.9,"pub":true}},{"type":"Feature","geometry":{"type":"Point","coordinates":[-106.8175,40.1219]},"properties":{"s":38.5,"pub":true}},{"type":"Feature","geometry":{"type":"Point","coordinates":[-106.8175,40.1277]},"properties":{"s":69.2,"pub":true}},{"type":"Feature","geometry":{"type":"Point","coordinates":[-106.8175,40.1335]},"properties":{"s":69.2,"pub":true}},{"type":"Feature","geometry":{"type":"Point","coordinates":[-106.8175,40.1393]},"properties":{"s":69.2,"pub":true}},{"type":"Feature","geometry":{"type":"Point","coordinates":[-106.8175,40.1451]},"properties":{"s":69.2,"pub":true}},{"type":"Feature","geometry":{"type":"Point","coordinates":[-106.8175,40.1509]},"properties":{"s":69.2,"pub":true}},{"type":"Feature","geometry":{"type":"Point","coordinates":[-106.8175,40.1567]},"properties":{"s":48.7,"pub":true}},{"type":"Feature","geometry":{"type":"Point","coordinates":[-106.8175,40.1625]},"properties":{"s":48.7,"pub":true}},{"type":"Feature","geometry":{"type":"Point","coordinates":[-106.8175,40.1683]},"properties":{"s":48.7,"pub":true}},{"type":"Feature","geometry":{"type":"Point","coordinates":[-106.8175,40.1741]},"properties":{"s":48.7,"pub":true}},{"type":"Feature","geometry":{"type":"Point","coordinates":[-106.8175,40.1799]},"properties":{"s":48.7,"pub":true}},{"type":"Feature","geometry":{"type":"Point","coordinates":[-106.8175,40.1857]},"properties":{"s":69.2,"pub":true}},{"type":"Feature","geometry":{"type":"Point","coordinates":[-106.8175,40.1915]},"properties":{"s":69.2,"pub":true}},{"type":"Feature","geometry":{"type":"Point","coordinates":[-106.8175,40.1973]},"properties":{"s":69.2,"pub":true}},{"type":"Feature","geometry":{"type":"Point","coordinates":[-106.8175,40.2031]},"properties":{"s":38.5,"pub":true}},{"type":"Feature","geometry":{"type":"Point","coordinates":[-106.8175,40.2089]},"properties":{"s":38.5,"pub":true}},{"type":"Feature","geometry":{"type":"Point","coordinates":[-106.8175,40.2147]},"properties":{"s":17.9,"pub":false}},{"type":"Feature","geometry":{"type":"Point","coordinates":[-106.8175,40.2205]},"properties":{"s":17.9,"pub":false}},{"type":"Feature","geometry":{"type":"Point","coordinates":[-106.8175,40.2263]},"properties":{"s":17.9,"pub":false}},{"type":"Feature","geometry":{"type":"Point","coordinates":[-106.8175,40.2321]},"properties":{"s":17.9,"pub":false}},{"type":"Feature","geometry":{"type":"Point","coordinates":[-106.8175,40.2379]},"properties":{"s":17.9,"pub":false}},{"type":"Feature","geometry":{"type":"Point","coordinates":[-106.8175,40.2437]},"properties":{"s":23.1,"pub":false}},{"type":"Feature","geometry":{"type":"Point","coordinates":[-106.8175,40.2495]},"properties":{"s":23.1,"pub":false}},{"type":"Feature","geometry":{"type":"Point","coordinates":[-106.8175,40.2553]},"properties":{"s":23.1,"pub":false}},{"type":"Feature","geometry":{"type":"Point","coordinates":[-106.8175,40.2611]},"properties":{"s":23.1,"pub":false}},{"type":"Feature","geometry":{"type":"Point","coordinates":[-106.8175,40.2669]},"properties":{"s":23.1,"pub":false}},{"type":"Feature","geometry":{"type":"Point","coordinates":[-106.8175,40.2727]},"properties":{"s":23.1,"pub":true}},{"type":"Feature","geometry":{"type":"Point","coordinates":[-106.8175,40.2785]},"properties":{"s":23.1,"pub":true}},{"type":"Feature","geometry":{"type":"Point","coordinates":[-106.8175,40.2843]},"properties":{"s":23.1,"pub":false}},{"type":"Feature","geometry":{"type":"Point","coordinates":[-106.8175,40.2901]},"properties":{"s":23.1,"pub":false}},{"type":"Feature","geometry":{"type":"Point","coordinates":[-106.8175,40.2959]},"properties":{"s":17.9,"pub":true}},{"type":"Feature","geometry":{"type":"Point","coordinates":[-106.8175,40.3017]},"properties":{"s":17.9,"pub":false}},{"type":"Feature","geometry":{"type":"Point","coordinates":[-106.8175,40.3075]},"properties":{"s":17.9,"pub":false}},{"type":"Feature","geometry":{"type":"Point","coordinates":[-106.8175,40.3133]},"properties":{"s":17.9,"pub":false}},{"type":"Feature","geometry":{"type":"Point","coordinates":[-106.8175,40.3191]},"properties":{"s":17.9,"pub":false}},{"type":"Feature","geometry":{"type":"Point","coordinates":[-106.8175,40.3249]},"properties":{"s":43.6,"pub":false}},{"type":"Feature","geometry":{"type":"Point","coordinates":[-106.8175,40.3307]},"properties":{"s":23.1,"pub":false}},{"type":"Feature","geometry":{"type":"Point","coordinates":[-106.8175,40.3365]},"properties":{"s":23.1,"pub":false}},{"type":"Feature","geometry":{"type":"Point","coordinates":[-106.8175,40.3423]},"properties":{"s":17.9,"pub":false}},{"type":"Feature","geometry":{"type":"Point","coordinates":[-106.8175,40.3481]},"properties":{"s":17.9,"pub":false}},{"type":"Feature","geometry":{"type":"Point","coordinates":[-106.8175,40.3539]},"properties":{"s":17.9,"pub":false}},{"type":"Feature","geometry":{"type":"Point","coordinates":[-106.8175,40.3597]},"properties":{"s":17.9,"pub":false}},{"type":"Feature","geometry":{"type":"Point","coordinates":[-106.8175,40.3655]},"properties":{"s":17.9,"pub":false}},{"type":"Feature","geometry":{"type":"Point","coordinates":[-106.8175,40.3713]},"properties":{"s":17.9,"pub":false}},{"type":"Feature","geometry":{"type":"Point","coordinates":[-106.8175,40.3771]},"properties":{"s":17.9,"pub":false}},{"type":"Feature","geometry":{"type":"Point","coordinates":[-106.8175,40.3829]},"properties":{"s":17.9,"pub":false}},{"type":"Feature","geometry":{"type":"Point","coordinates":[-106.8175,40.3887]},"properties":{"s":17.9,"pub":false}},{"type":"Feature","geometry":{"type":"Point","coordinates":[-106.8175,40.3945]},"properties":{"s":17.9,"pub":false}},{"type":"Feature","geometry":{"type":"Point","coordinates":[-106.8175,40.4003]},"properties":{"s":17.9,"pub":false}},{"type":"Feature","geometry":{"type":"Point","coordinates":[-106.8175,40.4061]},"properties":{"s":17.9,"pub":false}},{"type":"Feature","geometry":{"type":"Point","coordinates":[-106.8175,40.4119]},"properties":{"s":17.9,"pub":false}},{"type":"Feature","geometry":{"type":"Point","coordinates":[-106.8175,40.4177]},"properties":{"s":17.9,"pub":false}},{"type":"Feature","geometry":{"type":"Point","coordinates":[-106.8175,40.4235]},"properties":{"s":17.9,"pub":false}},{"type":"Feature","geometry":{"type":"Point","coordinates":[-106.81,40.0639]},"properties":{"s":17.9,"pub":false}},{"type":"Feature","geometry":{"type":"Point","coordinates":[-106.81,40.0697]},"properties":{"s":17.9,"pub":false}},{"type":"Feature","geometry":{"type":"Point","coordinates":[-106.81,40.0755]},"properties":{"s":17.9,"pub":false}},{"type":"Feature","geometry":{"type":"Point","coordinates":[-106.81,40.0813]},"properties":{"s":17.9,"pub":false}},{"type":"Feature","geometry":{"type":"Point","coordinates":[-106.81,40.0871]},"properties":{"s":23.1,"pub":false}},{"type":"Feature","geometry":{"type":"Point","coordinates":[-106.81,40.0929]},"properties":{"s":23.1,"pub":false}},{"type":"Feature","geometry":{"type":"Point","coordinates":[-106.81,40.0987]},"properties":{"s":17.9,"pub":false}},{"type":"Feature","geometry":{"type":"Point","coordinates":[-106.81,40.1045]},"properties":{"s":17.9,"pub":false}},{"type":"Feature","geometry":{"type":"Point","coordinates":[-106.81,40.1103]},"properties":{"s":17.9,"pub":false}},{"type":"Feature","geometry":{"type":"Point","coordinates":[-106.81,40.1161]},"properties":{"s":38.5,"pub":true}},{"type":"Feature","geometry":{"type":"Point","coordinates":[-106.81,40.1219]},"properties":{"s":38.5,"pub":true}},{"type":"Feature","geometry":{"type":"Point","coordinates":[-106.81,40.1277]},"properties":{"s":69.2,"pub":true}},{"type":"Feature","geometry":{"type":"Point","coordinates":[-106.81,40.1335]},"properties":{"s":69.2,"pub":true}},{"type":"Feature","geometry":{"type":"Point","coordinates":[-106.81,40.1393]},"properties":{"s":69.2,"pub":true}},{"type":"Feature","geometry":{"type":"Point","coordinates":[-106.81,40.1451]},"properties":{"s":69.2,"pub":true}},{"type":"Feature","geometry":{"type":"Point","coordinates":[-106.81,40.1509]},"properties":{"s":69.2,"pub":true}},{"type":"Feature","geometry":{"type":"Point","coordinates":[-106.81,40.1567]},"properties":{"s":48.7,"pub":true}},{"type":"Feature","geometry":{"type":"Point","coordinates":[-106.81,40.1625]},"properties":{"s":48.7,"pub":true}},{"type":"Feature","geometry":{"type":"Point","coordinates":[-106.81,40.1683]},"properties":{"s":48.7,"pub":true}},{"type":"Feature","geometry":{"type":"Point","coordinates":[-106.81,40.1741]},"properties":{"s":48.7,"pub":true}},{"type":"Feature","geometry":{"type":"Point","coordinates":[-106.81,40.1799]},"properties":{"s":48.7,"pub":true}},{"type":"Feature","geometry":{"type":"Point","coordinates":[-106.81,40.1857]},"properties":{"s":48.7,"pub":true}},{"type":"Feature","geometry":{"type":"Point","coordinates":[-106.81,40.1915]},"properties":{"s":69.2,"pub":true}},{"type":"Feature","geometry":{"type":"Point","coordinates":[-106.81,40.1973]},"properties":{"s":69.2,"pub":true}},{"type":"Feature","geometry":{"type":"Point","coordinates":[-106.81,40.2031]},"properties":{"s":17.9,"pub":false}},{"type":"Feature","geometry":{"type":"Point","coordinates":[-106.81,40.2089]},"properties":{"s":17.9,"pub":false}},{"type":"Feature","geometry":{"type":"Point","coordinates":[-106.81,40.2147]},"properties":{"s":17.9,"pub":false}},{"type":"Feature","geometry":{"type":"Point","coordinates":[-106.81,40.2205]},"properties":{"s":17.9,"pub":false}},{"type":"Feature","geometry":{"type":"Point","coordinates":[-106.81,40.2263]},"properties":{"s":17.9,"pub":false}},{"type":"Feature","geometry":{"type":"Point","coordinates":[-106.81,40.2321]},"properties":{"s":17.9,"pub":false}},{"type":"Feature","geometry":{"type":"Point","coordinates":[-106.81,40.2379]},"properties":{"s":17.9,"pub":false}},{"type":"Feature","geometry":{"type":"Point","coordinates":[-106.81,40.2437]},"properties":{"s":23.1,"pub":false}},{"type":"Feature","geometry":{"type":"Point","coordinates":[-106.81,40.2495]},"properties":{"s":23.1,"pub":false}},{"type":"Feature","geometry":{"type":"Point","coordinates":[-106.81,40.2553]},"properties":{"s":23.1,"pub":false}},{"type":"Feature","geometry":{"type":"Point","coordinates":[-106.81,40.2611]},"properties":{"s":23.1,"pub":false}},{"type":"Feature","geometry":{"type":"Point","coordinates":[-106.81,40.2669]},"properties":{"s":23.1,"pub":false}},{"type":"Feature","geometry":{"type":"Point","coordinates":[-106.81,40.2727]},"properties":{"s":23.1,"pub":true}},{"type":"Feature","geometry":{"type":"Point","coordinates":[-106.81,40.2785]},"properties":{"s":23.1,"pub":true}},{"type":"Feature","geometry":{"type":"Point","coordinates":[-106.81,40.2843]},"properties":{"s":23.1,"pub":false}},{"type":"Feature","geometry":{"type":"Point","coordinates":[-106.81,40.2901]},"properties":{"s":23.1,"pub":false}},{"type":"Feature","geometry":{"type":"Point","coordinates":[-106.81,40.2959]},"properties":{"s":23.1,"pub":true}},{"type":"Feature","geometry":{"type":"Point","coordinates":[-106.81,40.3017]},"properties":{"s":17.9,"pub":true}},{"type":"Feature","geometry":{"type":"Point","coordinates":[-106.81,40.3075]},"properties":{"s":23.1,"pub":true}},{"type":"Feature","geometry":{"type":"Point","coordinates":[-106.81,40.3133]},"properties":{"s":23.1,"pub":false}},{"type":"Feature","geometry":{"type":"Point","coordinates":[-106.81,40.3191]},"properties":{"s":43.6,"pub":false}},{"type":"Feature","geometry":{"type":"Point","coordinates":[-106.81,40.3249]},"properties":{"s":43.6,"pub":false}},{"type":"Feature","geometry":{"type":"Point","coordinates":[-106.81,40.3307]},"properties":{"s":43.6,"pub":false}},{"type":"Feature","geometry":{"type":"Point","coordinates":[-106.81,40.3365]},"properties":{"s":43.6,"pub":false}},{"type":"Feature","geometry":{"type":"Point","coordinates":[-106.81,40.3423]},"properties":{"s":17.9,"pub":false}},{"type":"Feature","geometry":{"type":"Point","coordinates":[-106.81,40.3481]},"properties":{"s":17.9,"pub":false}},{"type":"Feature","geometry":{"type":"Point","coordinates":[-106.81,40.3539]},"properties":{"s":17.9,"pub":false}},{"type":"Feature","geometry":{"type":"Point","coordinates":[-106.81,40.3597]},"properties":{"s":17.9,"pub":false}},{"type":"Feature","geometry":{"type":"Point","coordinates":[-106.81,40.3655]},"properties":{"s":17.9,"pub":false}},{"type":"Feature","geometry":{"type":"Point","coordinates":[-106.81,40.3713]},"properties":{"s":38.5,"pub":false}},{"type":"Feature","geometry":{"type":"Point","coordinates":[-106.81,40.3771]},"properties":{"s":43.6,"pub":false}},{"type":"Feature","geometry":{"type":"Point","coordinates":[-106.81,40.3887]},"properties":{"s":17.9,"pub":false}},{"type":"Feature","geometry":{"type":"Point","coordinates":[-106.81,40.3945]},"properties":{"s":17.9,"pub":false}},{"type":"Feature","geometry":{"type":"Point","coordinates":[-106.81,40.4003]},"properties":{"s":17.9,"pub":false}},{"type":"Feature","geometry":{"type":"Point","coordinates":[-106.81,40.4061]},"properties":{"s":17.9,"pub":false}},{"type":"Feature","geometry":{"type":"Point","coordinates":[-106.81,40.4119]},"properties":{"s":17.9,"pub":false}},{"type":"Feature","geometry":{"type":"Point","coordinates":[-106.81,40.4177]},"properties":{"s":17.9,"pub":false}},{"type":"Feature","geometry":{"type":"Point","coordinates":[-106.81,40.4235]},"properties":{"s":17.9,"pub":false}},{"type":"Feature","geometry":{"type":"Point","coordinates":[-106.8025,40.0639]},"properties":{"s":17.9,"pub":false}},{"type":"Feature","geometry":{"type":"Point","coordinates":[-106.8025,40.0697]},"properties":{"s":17.9,"pub":false}},{"type":"Feature","geometry":{"type":"Point","coordinates":[-106.8025,40.0755]},"properties":{"s":17.9,"pub":false}},{"type":"Feature","geometry":{"type":"Point","coordinates":[-106.8025,40.0813]},"properties":{"s":17.9,"pub":false}},{"type":"Feature","geometry":{"type":"Point","coordinates":[-106.8025,40.0871]},"properties":{"s":17.9,"pub":false}},{"type":"Feature","geometry":{"type":"Point","coordinates":[-106.8025,40.0929]},"properties":{"s":17.9,"pub":true}},{"type":"Feature","geometry":{"type":"Point","coordinates":[-106.8025,40.0987]},"properties":{"s":48.7,"pub":true}},{"type":"Feature","geometry":{"type":"Point","coordinates":[-106.8025,40.1045]},"properties":{"s":48.7,"pub":true}},{"type":"Feature","geometry":{"type":"Point","coordinates":[-106.8025,40.1103]},"properties":{"s":48.7,"pub":true}},{"type":"Feature","geometry":{"type":"Point","coordinates":[-106.8025,40.1161]},"properties":{"s":69.2,"pub":true}},{"type":"Feature","geometry":{"type":"Point","coordinates":[-106.8025,40.1219]},"properties":{"s":69.2,"pub":true}},{"type":"Feature","geometry":{"type":"Point","coordinates":[-106.8025,40.1277]},"properties":{"s":69.2,"pub":true}},{"type":"Feature","geometry":{"type":"Point","coordinates":[-106.8025,40.1335]},"properties":{"s":69.2,"pub":true}},{"type":"Feature","geometry":{"type":"Point","coordinates":[-106.8025,40.1393]},"properties":{"s":69.2,"pub":true}},{"type":"Feature","geometry":{"type":"Point","coordinates":[-106.8025,40.1451]},"properties":{"s":69.2,"pub":true}},{"type":"Feature","geometry":{"type":"Point","coordinates":[-106.8025,40.1509]},"properties":{"s":48.7,"pub":true}},{"type":"Feature","geometry":{"type":"Point","coordinates":[-106.8025,40.1567]},"properties":{"s":48.7,"pub":true}},{"type":"Feature","geometry":{"type":"Point","coordinates":[-106.8025,40.1625]},"properties":{"s":48.7,"pub":true}},{"type":"Feature","geometry":{"type":"Point","coordinates":[-106.8025,40.1683]},"properties":{"s":69.2,"pub":true}},{"type":"Feature","geometry":{"type":"Point","coordinates":[-106.8025,40.1741]},"properties":{"s":69.2,"pub":true}},{"type":"Feature","geometry":{"type":"Point","coordinates":[-106.8025,40.1799]},"properties":{"s":48.7,"pub":true}},{"type":"Feature","geometry":{"type":"Point","coordinates":[-106.8025,40.1857]},"properties":{"s":48.7,"pub":true}},{"type":"Feature","geometry":{"type":"Point","coordinates":[-106.8025,40.1915]},"properties":{"s":48.7,"pub":true}},{"type":"Feature","geometry":{"type":"Point","coordinates":[-106.8025,40.1973]},"properties":{"s":48.7,"pub":false}},{"type":"Feature","geometry":{"type":"Point","coordinates":[-106.8025,40.2031]},"properties":{"s":17.9,"pub":false}},{"type":"Feature","geometry":{"type":"Point","coordinates":[-106.8025,40.2089]},"properties":{"s":17.9,"pub":false}},{"type":"Feature","geometry":{"type":"Point","coordinates":[-106.8025,40.2147]},"properties":{"s":17.9,"pub":false}},{"type":"Feature","geometry":{"type":"Point","coordinates":[-106.8025,40.2205]},"properties":{"s":17.9,"pub":false}},{"type":"Feature","geometry":{"type":"Point","coordinates":[-106.8025,40.2263]},"properties":{"s":17.9,"pub":false}},{"type":"Feature","geometry":{"type":"Point","coordinates":[-106.8025,40.2321]},"properties":{"s":17.9,"pub":false}},{"type":"Feature","geometry":{"type":"Point","coordinates":[-106.8025,40.2379]},"properties":{"s":17.9,"pub":false}},{"type":"Feature","geometry":{"type":"Point","coordinates":[-106.8025,40.2437]},"properties":{"s":17.9,"pub":false}},{"type":"Feature","geometry":{"type":"Point","coordinates":[-106.8025,40.2495]},"properties":{"s":23.1,"pub":false}},{"type":"Feature","geometry":{"type":"Point","coordinates":[-106.8025,40.2553]},"properties":{"s":23.1,"pub":false}},{"type":"Feature","geometry":{"type":"Point","coordinates":[-106.8025,40.2611]},"properties":{"s":23.1,"pub":false}},{"type":"Feature","geometry":{"type":"Point","coordinates":[-106.8025,40.2669]},"properties":{"s":17.9,"pub":false}},{"type":"Feature","geometry":{"type":"Point","coordinates":[-106.8025,40.2727]},"properties":{"s":17.9,"pub":false}},{"type":"Feature","geometry":{"type":"Point","coordinates":[-106.8025,40.2785]},"properties":{"s":17.9,"pub":true}},{"type":"Feature","geometry":{"type":"Point","coordinates":[-106.8025,40.2843]},"properties":{"s":17.9,"pub":true}},{"type":"Feature","geometry":{"type":"Point","coordinates":[-106.8025,40.2901]},"properties":{"s":17.9,"pub":true}},{"type":"Feature","geometry":{"type":"Point","coordinates":[-106.8025,40.2959]},"properties":{"s":23.1,"pub":true}},{"type":"Feature","geometry":{"type":"Point","coordinates":[-106.8025,40.3017]},"properties":{"s":23.1,"pub":true}},{"type":"Feature","geometry":{"type":"Point","coordinates":[-106.8025,40.3075]},"properties":{"s":17.9,"pub":true}},{"type":"Feature","geometry":{"type":"Point","coordinates":[-106.8025,40.3133]},"properties":{"s":17.9,"pub":true}},{"type":"Feature","geometry":{"type":"Point","coordinates":[-106.8025,40.3191]},"properties":{"s":38.5,"pub":true}},{"type":"Feature","geometry":{"type":"Point","coordinates":[-106.8025,40.3249]},"properties":{"s":38.5,"pub":true}},{"type":"Feature","geometry":{"type":"Point","coordinates":[-106.8025,40.3307]},"properties":{"s":38.5,"pub":true}},{"type":"Feature","geometry":{"type":"Point","coordinates":[-106.8025,40.3365]},"properties":{"s":38.5,"pub":false}},{"type":"Feature","geometry":{"type":"Point","coordinates":[-106.8025,40.3423]},"properties":{"s":17.9,"pub":false}},{"type":"Feature","geometry":{"type":"Point","coordinates":[-106.8025,40.3481]},"properties":{"s":17.9,"pub":false}},{"type":"Feature","geometry":{"type":"Point","coordinates":[-106.8025,40.3539]},"properties":{"s":17.9,"pub":false}},{"type":"Feature","geometry":{"type":"Point","coordinates":[-106.8025,40.3597]},"properties":{"s":17.9,"pub":false}},{"type":"Feature","geometry":{"type":"Point","coordinates":[-106.8025,40.3655]},"properties":{"s":43.6,"pub":false}},{"type":"Feature","geometry":{"type":"Point","coordinates":[-106.8025,40.3713]},"properties":{"s":43.6,"pub":false}},{"type":"Feature","geometry":{"type":"Point","coordinates":[-106.8025,40.3771]},"properties":{"s":43.6,"pub":false}},{"type":"Feature","geometry":{"type":"Point","coordinates":[-106.795,40.0117]},"properties":{"s":17.9,"pub":false}},{"type":"Feature","geometry":{"type":"Point","coordinates":[-106.795,40.0175]},"properties":{"s":17.9,"pub":false}},{"type":"Feature","geometry":{"type":"Point","coordinates":[-106.795,40.0581]},"properties":{"s":17.9,"pub":false}},{"type":"Feature","geometry":{"type":"Point","coordinates":[-106.795,40.0639]},"properties":{"s":17.9,"pub":false}},{"type":"Feature","geometry":{"type":"Point","coordinates":[-106.795,40.0697]},"properties":{"s":17.9,"pub":false}},{"type":"Feature","geometry":{"type":"Point","coordinates":[-106.795,40.0755]},"properties":{"s":17.9,"pub":false}},{"type":"Feature","geometry":{"type":"Point","coordinates":[-106.795,40.0813]},"properties":{"s":17.9,"pub":false}},{"type":"Feature","geometry":{"type":"Point","coordinates":[-106.795,40.0871]},"properties":{"s":17.9,"pub":false}},{"type":"Feature","geometry":{"type":"Point","coordinates":[-106.795,40.0929]},"properties":{"s":17.9,"pub":true}},{"type":"Feature","geometry":{"type":"Point","coordinates":[-106.795,40.0987]},"properties":{"s":48.7,"pub":true}},{"type":"Feature","geometry":{"type":"Point","coordinates":[-106.795,40.1045]},"properties":{"s":48.7,"pub":true}},{"type":"Feature","geometry":{"type":"Point","coordinates":[-106.795,40.1103]},"properties":{"s":48.7,"pub":true}},{"type":"Feature","geometry":{"type":"Point","coordinates":[-106.795,40.1161]},"properties":{"s":48.7,"pub":true}},{"type":"Feature","geometry":{"type":"Point","coordinates":[-106.795,40.1219]},"properties":{"s":69.2,"pub":true}},{"type":"Feature","geometry":{"type":"Point","coordinates":[-106.795,40.1277]},"properties":{"s":69.2,"pub":true}},{"type":"Feature","geometry":{"type":"Point","coordinates":[-106.795,40.1335]},"properties":{"s":69.2,"pub":true}},{"type":"Feature","geometry":{"type":"Point","coordinates":[-106.795,40.1393]},"properties":{"s":69.2,"pub":true}},{"type":"Feature","geometry":{"type":"Point","coordinates":[-106.795,40.1451]},"properties":{"s":69.2,"pub":true}},{"type":"Feature","geometry":{"type":"Point","coordinates":[-106.795,40.1509]},"properties":{"s":48.7,"pub":true}},{"type":"Feature","geometry":{"type":"Point","coordinates":[-106.795,40.1567]},"properties":{"s":48.7,"pub":true}},{"type":"Feature","geometry":{"type":"Point","coordinates":[-106.795,40.1625]},"properties":{"s":69.2,"pub":true}},{"type":"Feature","geometry":{"type":"Point","coordinates":[-106.795,40.1683]},"properties":{"s":69.2,"pub":true}},{"type":"Feature","geometry":{"type":"Point","coordinates":[-106.795,40.1741]},"properties":{"s":48.7,"pub":true}},{"type":"Feature","geometry":{"type":"Point","coordinates":[-106.795,40.1799]},"properties":{"s":48.7,"pub":true}},{"type":"Feature","geometry":{"type":"Point","coordinates":[-106.795,40.1857]},"properties":{"s":48.7,"pub":true}},{"type":"Feature","geometry":{"type":"Point","coordinates":[-106.795,40.1915]},"properties":{"s":48.7,"pub":true}},{"type":"Feature","geometry":{"type":"Point","coordinates":[-106.795,40.1973]},"properties":{"s":17.9,"pub":false}},{"type":"Feature","geometry":{"type":"Point","coordinates":[-106.795,40.2031]},"properties":{"s":17.9,"pub":false}},{"type":"Feature","geometry":{"type":"Point","coordinates":[-106.795,40.2089]},"properties":{"s":17.9,"pub":false}},{"type":"Feature","geometry":{"type":"Point","coordinates":[-106.795,40.2147]},"properties":{"s":17.9,"pub":false}},{"type":"Feature","geometry":{"type":"Point","coordinates":[-106.795,40.2205]},"properties":{"s":17.9,"pub":false}},{"type":"Feature","geometry":{"type":"Point","coordinates":[-106.795,40.2263]},"properties":{"s":17.9,"pub":false}},{"type":"Feature","geometry":{"type":"Point","coordinates":[-106.795,40.2321]},"properties":{"s":17.9,"pub":false}},{"type":"Feature","geometry":{"type":"Point","coordinates":[-106.795,40.2379]},"properties":{"s":17.9,"pub":false}},{"type":"Feature","geometry":{"type":"Point","coordinates":[-106.795,40.2437]},"properties":{"s":17.9,"pub":false}},{"type":"Feature","geometry":{"type":"Point","coordinates":[-106.795,40.2495]},"properties":{"s":17.9,"pub":false}},{"type":"Feature","geometry":{"type":"Point","coordinates":[-106.795,40.2553]},"properties":{"s":17.9,"pub":false}},{"type":"Feature","geometry":{"type":"Point","coordinates":[-106.795,40.2611]},"properties":{"s":17.9,"pub":false}},{"type":"Feature","geometry":{"type":"Point","coordinates":[-106.795,40.2669]},"properties":{"s":17.9,"pub":false}},{"type":"Feature","geometry":{"type":"Point","coordinates":[-106.795,40.2727]},"properties":{"s":17.9,"pub":false}},{"type":"Feature","geometry":{"type":"Point","coordinates":[-106.795,40.2785]},"properties":{"s":17.9,"pub":true}}]}