{"type":"FeatureCollection","features":[{"type":"Feature","geometry":{"type":"Point","coordinates":[-106.8656,40.958]},"properties":{"s":21.4,"pub":true}},{"type":"Feature","geometry":{"type":"Point","coordinates":[-106.8656,40.9638]},"properties":{"s":21.4,"pub":true}},{"type":"Feature","geometry":{"type":"Point","coordinates":[-106.8656,40.9696]},"properties":{"s":21.4,"pub":true}},{"type":"Feature","geometry":{"type":"Point","coordinates":[-106.8656,40.9754]},"properties":{"s":21.4,"pub":true}},{"type":"Feature","geometry":{"type":"Point","coordinates":[-106.8656,40.9812]},"properties":{"s":21.4,"pub":true}},{"type":"Feature","geometry":{"type":"Point","coordinates":[-106.8581,40.9406]},"properties":{"s":21.4,"pub":true}},{"type":"Feature","geometry":{"type":"Point","coordinates":[-106.8581,40.9464]},"properties":{"s":21.4,"pub":true}},{"type":"Feature","geometry":{"type":"Point","coordinates":[-106.8581,40.9522]},"properties":{"s":21.4,"pub":true}},{"type":"Feature","geometry":{"type":"Point","coordinates":[-106.8581,40.958]},"properties":{"s":21.4,"pub":true}},{"type":"Feature","geometry":{"type":"Point","coordinates":[-106.8581,40.9638]},"properties":{"s":21.4,"pub":true}},{"type":"Feature","geometry":{"type":"Point","coordinates":[-106.8581,40.9696]},"properties":{"s":21.4,"pub":true}},{"type":"Feature","geometry":{"type":"Point","coordinates":[-106.8581,40.9754]},"properties":{"s":21.4,"pub":true}},{"type":"Feature","geometry":{"type":"Point","coordinates":[-106.8581,40.9812]},"properties":{"s":21.4,"pub":true}},{"type":"Feature","geometry":{"type":"Point","coordinates":[-106.8581,40.9986]},"properties":{"s":21.4,"pub":true}},{"type":"Feature","geometry":{"type":"Point","coordinates":[-106.8506,40.929]},"properties":{"s":21.4,"pub":true}},{"type":"Feature","geometry":{"type":"Point","coordinates":[-106.8506,40.9348]},"properties":{"s":64.3,"pub":true}},{"type":"Feature","geometry":{"type":"Point","coordinates":[-106.8506,40.9406]},"properties":{"s":64.3,"pub":true}},{"type":"Feature","geometry":{"type":"Point","coordinates":[-106.8506,40.9464]},"properties":{"s":64.3,"pub":true}},{"type":"Feature","geometry":{"type":"Point","coordinates":[-106.8506,40.9522]},"properties":{"s":64.3,"pub":true}},{"type":"Feature","geometry":{"type":"Point","coordinates":[-106.8506,40.958]},"properties":{"s":64.3,"pub":true}},{"type":"Feature","geometry":{"type":"Point","coordinates":[-106.8506,40.9638]},"properties":{"s":64.3,"pub":true}},{"type":"Feature","geometry":{"type":"Point","coordinates":[-106.8506,40.9696]},"properties":{"s":64.3,"pub":true}},{"type":"Feature","geometry":{"type":"Point","coordinates":[-106.8506,40.9754]},"properties":{"s":21.4,"pub":true}},{"type":"Feature","geometry":{"type":"Point","coordinates":[-106.8506,40.9812]},"properties":{"s":21.4,"pub":true}},{"type":"Feature","geometry":{"type":"Point","coordinates":[-106.8506,40.987]},"properties":{"s":21.4,"pub":true}},{"type":"Feature","geometry":{"type":"Point","coordinates":[-106.8506,40.9928]},"properties":{"s":21.4,"pub":true}},{"type":"Feature","geometry":{"type":"Point","coordinates":[-106.8506,40.9986]},"properties":{"s":21.4,"pub":true}},{"type":"Feature","geometry":{"type":"Point","coordinates":[-106.8431,40.929]},"properties":{"s":21.4,"pub":true}},{"type":"Feature","geometry":{"type":"Point","coordinates":[-106.8431,40.9348]},"properties":{"s":64.3,"pub":true}},{"type":"Feature","geometry":{"type":"Point","coordinates":[-106.8431,40.9406]},"properties":{"s":64.3,"pub":true}},{"type":"Feature","geometry":{"type":"Point","coordinates":[-106.8431,40.9464]},"properties":{"s":64.3,"pub":true}},{"type":"Feature","geometry":{"type":"Point","coordinates":[-106.8431,40.9522]},"properties":{"s":64.3,"pub":true}},{"type":"Feature","geometry":{"type":"Point","coordinates":[-106.8431,40.958]},"properties":{"s":64.3,"pub":true}},{"type":"Feature","geometry":{"type":"Point","coordinates":[-106.8431,40.9638]},"properties":{"s":64.3,"pub":true}},{"type":"Feature","geometry":{"type":"Point","coordinates":[-106.8431,40.9696]},"properties":{"s":64.3,"pub":true}},{"type":"Feature","geometry":{"type":"Point","coordinates":[-106.8431,40.9754]},"properties":{"s":64.3,"pub":true}},{"type":"Feature","geometry":{"type":"Point","coordinates":[-106.8431,40.9812]},"properties":{"s":64.3,"pub":true}},{"type":"Feature","geometry":{"type":"Point","coordinates":[-106.8431,40.987]},"properties":{"s":21.4,"pub":true}},{"type":"Feature","geometry":{"type":"Point","coordinates":[-106.8431,40.9928]},"properties":{"s":21.4,"pub":true}},{"type":"Feature","geometry":{"type":"Point","coordinates":[-106.8431,40.9986]},"properties":{"s":64.3,"pub":true}},{"type":"Feature","geometry":{"type":"Point","coordinates":[-106.8356,40.929]},"properties":{"s":21.4,"pub":true}},{"type":"Feature","geometry":{"type":"Point","coordinates":[-106.8356,40.9348]},"properties":{"s":21.4,"pub":true}},{"type":"Feature","geometry":{"type":"Point","coordinates":[-106.8356,40.9406]},"properties":{"s":64.3,"pub":true}},{"type":"Feature","geometry":{"type":"Point","coordinates":[-106.8356,40.9464]},"properties":{"s":64.3,"pub":true}},{"type":"Feature","geometry":{"type":"Point","coordinates":[-106.8356,40.9522]},"properties":{"s":64.3,"pub":true}},{"type":"Feature","geometry":{"type":"Point","coordinates":[-106.8356,40.958]},"properties":{"s":64.3,"pub":true}},{"type":"Feature","geometry":{"type":"Point","coordinates":[-106.8356,40.9638]},"properties":{"s":64.3,"pub":true}},{"type":"Feature","geometry":{"type":"Point","coordinates":[-106.8356,40.9696]},"properties":{"s":64.3,"pub":true}},{"type":"Feature","geometry":{"type":"Point","coordinates":[-106.8356,40.9754]},"properties":{"s":64.3,"pub":true}},{"type":"Feature","geometry":{"type":"Point","coordinates":[-106.8356,40.9812]},"properties":{"s":64.3,"pub":true}},{"type":"Feature","geometry":{"type":"Point","coordinates":[-106.8356,40.987]},"properties":{"s":64.3,"pub":true}},{"type":"Feature","geometry":{"type":"Point","coordinates":[-106.8356,40.9928]},"properties":{"s":64.3,"pub":true}},{"type":"Feature","geometry":{"type":"Point","coordinates":[-106.8356,40.9986]},"properties":{"s":64.3,"pub":true}},{"type":"Feature","geometry":{"type":"Point","coordinates":[-106.8281,40.929]},"properties":{"s":21.4,"pub":true}},{"type":"Feature","geometry":{"type":"Point","coordinates":[-106.8281,40.9348]},"properties":{"s":21.4,"pub":true}},{"type":"Feature","geometry":{"type":"Point","coordinates":[-106.8281,40.9406]},"properties":{"s":21.4,"pub":true}},{"type":"Feature","geometry":{"type":"Point","coordinates":[-106.8281,40.9464]},"properties":{"s":64.3,"pub":true}},{"type":"Feature","geometry":{"type":"Point","coordinates":[-106.8281,40.9522]},"properties":{"s":64.3,"pub":true}},{"type":"Feature","geometry":{"type":"Point","coordinates":[-106.8281,40.958]},"properties":{"s":64.3,"pub":true}},{"type":"Feature","geometry":{"type":"Point","coordinates":[-106.8281,40.9638]},"properties":{"s":64.3,"pub":true}},{"type":"Feature","geometry":{"type":"Point","coordinates":[-106.8281,40.9696]},"properties":{"s":64.3,"pub":true}},{"type":"Feature","geometry":{"type":"Point","coordinates":[-106.8281,40.9754]},"properties":{"s":64.3,"pub":true}},{"type":"Feature","geometry":{"type":"Point","coordinates":[-106.8281,40.9812]},"properties":{"s":64.3,"pub":true}},{"type":"Feature","geometry":{"type":"Point","coordinates":[-106.8281,40.987]},"properties":{"s":64.3,"pub":true}},{"type":"Feature","geometry":{"type":"Point","coordinates":[-106.8281,40.9928]},"properties":{"s":64.3,"pub":true}},{"type":"Feature","geometry":{"type":"Point","coordinates":[-106.8281,40.9986]},"properties":{"s":64.3,"pub":true}},{"type":"Feature","geometry":{"type":"Point","coordinates":[-106.8206,40.929]},"properties":{"s":21.4,"pub":true}},{"type":"Feature","geometry":{"type":"Point","coordinates":[-106.8206,40.9348]},"properties":{"s":21.4,"pub":true}},{"type":"Feature","geometry":{"type":"Point","coordinates":[-106.8206,40.9406]},"properties":{"s":64.3,"pub":true}},{"type":"Feature","geometry":{"type":"Point","coordinates":[-106.8206,40.9464]},"properties":{"s":64.3,"pub":true}},{"type":"Feature","geometry":{"type":"Point","coordinates":[-106.8206,40.9522]},"properties":{"s":64.3,"pub":true}},{"type":"Feature","geometry":{"type":"Point","coordinates":[-106.8206,40.958]},"properties":{"s":64.3,"pub":true}},{"type":"Feature","geometry":{"type":"Point","coordinates":[-106.8206,40.9638]},"properties":{"s":64.3,"pub":true}},{"type":"Feature","geometry":{"type":"Point","coordinates":[-106.8206,40.9696]},"properties":{"s":64.3,"pub":true}},{"type":"Feature","geometry":{"type":"Point","coordinates":[-106.8206,40.9754]},"properties":{"s":64.3,"pub":true}},{"type":"Feature","geometry":{"type":"Point","coordinates":[-106.8206,40.9812]},"properties":{"s":64.3,"pub":true}},{"type":"Feature","geometry":{"type":"Point","coordinates":[-106.8206,40.987]},"properties":{"s":64.3,"pub":true}},{"type":"Feature","geometry":{"type":"Point","coordinates":[-106.8206,40.9928]},"properties":{"s":64.3,"pub":true}},{"type":"Feature","geometry":{"type":"Point","coordinates":[-106.8206,40.9986]},"properties":{"s":64.3,"pub":true}},{"type":"Feature","geometry":{"type":"Point","coordinates":[-106.8131,40.9174]},"properties":{"s":21.4,"pub":true}},{"type":"Feature","geometry":{"type":"Point","coordinates":[-106.8131,40.9232]},"properties":{"s":21.4,"pub":true}},{"type":"Feature","geometry":{"type":"Point","coordinates":[-106.8131,40.929]},"properties":{"s":64.3,"pub":true}},{"type":"Feature","geometry":{"type":"Point","coordinates":[-106.8131,40.9348]},"properties":{"s":64.3,"pub":true}},{"type":"Feature","geometry":{"type":"Point","coordinates":[-106.8131,40.9406]},"properties":{"s":64.3,"pub":true}},{"type":"Feature","geometry":{"type":"Point","coordinates":[-106.8131,40.9464]},"properties":{"s":64.3,"pub":true}},{"type":"Feature","geometry":{"type":"Point","coordinates":[-106.8131,40.9522]},"properties":{"s":64.3,"pub":true}},{"type":"Feature","geometry":{"type":"Point","coordinates":[-106.8131,40.958]},"properties":{"s":64.3,"pub":true}},{"type":"Feature","geometry":{"type":"Point","coordinates":[-106.8131,40.9638]},"properties":{"s":64.3,"pub":true}},{"type":"Feature","geometry":{"type":"Point","coordinates":[-106.8131,40.9696]},"properties":{"s":64.3,"pub":true}},{"type":"Feature","geometry":{"type":"Point","coordinates":[-106.8131,40.9754]},"properties":{"s":64.3,"pub":true}},{"type":"Feature","geometry":{"type":"Point","coordinates":[-106.8131,40.9812]},"properties":{"s":64.3,"pub":true}},{"type":"Feature","geometry":{"type":"Point","coordinates":[-106.8131,40.987]},"properties":{"s":64.3,"pub":true}},{"type":"Feature","geometry":{"type":"Point","coordinates":[-106.8131,40.9928]},"properties":{"s":64.3,"pub":true}},{"type":"Feature","geometry":{"type":"Point","coordinates":[-106.8131,40.9986]},"properties":{"s":64.3,"pub":true}},{"type":"Feature","geometry":{"type":"Point","coordinates":[-106.8056,40.9]},"properties":{"s":21.4,"pub":true}},{"type":"Feature","geometry":{"type":"Point","coordinates":[-106.8056,40.9058]},"properties":{"s":21.4,"pub":true}},{"type":"Feature","geometry":{"type":"Point","coordinates":[-106.8056,40.9116]},"properties":{"s":21.4,"pub":true}},{"type":"Feature","geometry":{"type":"Point","coordinates":[-106.8056,40.9174]},"properties":{"s":21.4,"pub":true}},{"type":"Feature","geometry":{"type":"Point","coordinates":[-106.8056,40.9232]},"properties":{"s":64.3,"pub":true}},{"type":"Feature","geometry":{"type":"Point","coordinates":[-106.8056,40.929]},"properties":{"s":64.3,"pub":true}},{"type":"Feature","geometry":{"type":"Point","coordinates":[-106.8056,40.9348]},"properties":{"s":64.3,"pub":true}},{"type":"Feature","geometry":{"type":"Point","coordinates":[-106.8056,40.9406]},"properties":{"s":64.3,"pub":true}},{"type":"Feature","geometry":{"type":"Point","coordinates":[-106.8056,40.9464]},"properties":{"s":64.3,"pub":true}},{"type":"Feature","geometry":{"type":"Point","coordinates":[-106.8056,40.9522]},"properties":{"s":64.3,"pub":true}},{"type":"Feature","geometry":{"type":"Point","coordinates":[-106.8056,40.958]},"properties":{"s":64.3,"pub":true}},{"type":"Feature","geometry":{"type":"Point","coordinates":[-106.8056,40.9638]},"properties":{"s":64.3,"pub":true}},{"type":"Feature","geometry":{"type":"Point","coordinates":[-106.8056,40.9696]},"properties":{"s":64.3,"pub":true}},{"type":"Feature","geometry":{"type":"Point","coordinates":[-106.8056,40.9754]},"properties":{"s":64.3,"pub":true}},{"type":"Feature","geometry":{"type":"Point","coordinates":[-106.8056,40.9812]},"properties":{"s":64.3,"pub":true}},{"type":"Feature","geometry":{"type":"Point","coordinates":[-106.8056,40.987]},"properties":{"s":92.9,"pub":true}},{"type":"Feature","geometry":{"type":"Point","coordinates":[-106.8056,40.9928]},"properties":{"s":92.9,"pub":true}},{"type":"Feature","geometry":{"type":"Point","coordinates":[-106.8056,40.9986]},"properties":{"s":92.9,"pub":true}},{"type":"Feature","geometry":{"type":"Point","coordinates":[-106.7981,40.9]},"properties":{"s":21.4,"pub":true}},{"type":"Feature","geometry":{"type":"Point","coordinates":[-106.7981,40.9058]},"properties":{"s":21.4,"pub":true}},{"type":"Feature","geometry":{"type":"Point","coordinates":[-106.7981,40.9116]},"properties":{"s":21.4,"pub":true}},{"type":"Feature","geometry":{"type":"Point","coordinates":[-106.7981,40.9174]},"properties":{"s":21.4,"pub":true}},{"type":"Feature","geometry":{"type":"Point","coordinates":[-106.7981,40.9232]},"properties":{"s":64.3,"pub":true}},{"type":"Feature","geometry":{"type":"Point","coordinates":[-106.7981,40.929]},"properties":{"s":64.3,"pub":true}},{"type":"Feature","geometry":{"type":"Point","coordinates":[-106.7981,40.9348]},"properties":{"s":64.3,"pub":true}},{"type":"Feature","geometry":{"type":"Point","coordinates":[-106.7981,40.9406]},"properties":{"s":64.3,"pub":true}},{"type":"Feature","geometry":{"type":"Point","coordinates":[-106.7981,40.9464]},"properties":{"s":64.3,"pub":true}},{"type":"Feature","geometry":{"type":"Point","coordinates":[-106.7981,40.9522]},"properties":{"s":64.3,"pub":true}},{"type":"Feature","geometry":{"type":"Point","coordinates":[-106.7981,40.958]},"properties":{"s":64.3,"pub":true}},{"type":"Feature","geometry":{"type":"Point","coordinates":[-106.7981,40.9638]},"properties":{"s":64.3,"pub":true}},{"type":"Feature","geometry":{"type":"Point","coordinates":[-106.7981,40.9696]},"properties":{"s":64.3,"pub":true}},{"type":"Feature","geometry":{"type":"Point","coordinates":[-106.7981,40.9754]},"properties":{"s":92.9,"pub":true}},{"type":"Feature","geometry":{"type":"Point","coordinates":[-106.7981,40.9812]},"properties":{"s":92.9,"pub":true}},{"type":"Feature","geometry":{"type":"Point","coordinates":[-106.7981,40.987]},"properties":{"s":92.9,"pub":true}},{"type":"Feature","geometry":{"type":"Point","coordinates":[-106.7981,40.9928]},"properties":{"s":92.9,"pub":true}},{"type":"Feature","geometry":{"type":"Point","coordinates":[-106.7981,40.9986]},"properties":{"s":92.9,"pub":true}},{"type":"Feature","geometry":{"type":"Point","coordinates":[-106.7906,40.9058]},"properties":{"s":21.4,"pub":true}},{"type":"Feature","geometry":{"type":"Point","coordinates":[-106.7906,40.9116]},"properties":{"s":21.4,"pub":true}},{"type":"Feature","geometry":{"type":"Point","coordinates":[-106.7906,40.9174]},"properties":{"s":21.4,"pub":true}},{"type":"Feature","geometry":{"type":"Point","coordinates":[-106.7906,40.9232]},"properties":{"s":21.4,"pub":true}},{"type":"Feature","geometry":{"type":"Point","coordinates":[-106.7906,40.929]},"properties":{"s":21.4,"pub":true}},{"type":"Feature","geometry":{"type":"Point","coordinates":[-106.7906,40.9348]},"properties":{"s":21.4,"pub":true}},{"type":"Feature","geometry":{"type":"Point","coordinates":[-106.7906,40.9406]},"properties":{"s":50.0,"pub":true}},{"type":"Feature","geometry":{"type":"Point","coordinates":[-106.7906,40.9464]},"properties":{"s":92.9,"pub":true}},{"type":"Feature","geometry":{"type":"Point","coordinates":[-106.7906,40.9522]},"properties":{"s":92.9,"pub":true}},{"type":"Feature","geometry":{"type":"Point","coordinates":[-106.7906,40.958]},"properties":{"s":92.9,"pub":true}},{"type":"Feature","geometry":{"type":"Point","coordinates":[-106.7906,40.9638]},"properties":{"s":92.9,"pub":true}},{"type":"Feature","geometry":{"type":"Point","coordinates":[-106.7906,40.9696]},"properties":{"s":92.9,"pub":true}},{"type":"Feature","geometry":{"type":"Point","coordinates":[-106.7906,40.9754]},"properties":{"s":92.9,"pub":true}},{"type":"Feature","geometry":{"type":"Point","coordinates":[-106.7906,40.9812]},"properties":{"s":92.9,"pub":true}},{"type":"Feature","geometry":{"type":"Point","coordinates":[-106.7906,40.987]},"properties":{"s":92.9,"pub":true}},{"type":"Feature","geometry":{"type":"Point","coordinates":[-106.7906,40.9928]},"properties":{"s":92.9,"pub":true}},{"type":"Feature","geometry":{"type":"Point","coordinates":[-106.7906,40.9986]},"properties":{"s":92.9,"pub":true}},{"type":"Feature","geometry":{"type":"Point","coordinates":[-106.7831,40.9116]},"properties":{"s":21.4,"pub":true}},{"type":"Feature","geometry":{"type":"Point","coordinates":[-106.7831,40.9174]},"properties":{"s":21.4,"pub":true}},{"type":"Feature","geometry":{"type":"Point","coordinates":[-106.7831,40.9232]},"properties":{"s":21.4,"pub":true}},{"type":"Feature","geometry":{"type":"Point","coordinates":[-106.7831,40.929]},"properties":{"s":21.4,"pub":true}},{"type":"Feature","geometry":{"type":"Point","coordinates":[-106.7831,40.9348]},"properties":{"s":21.4,"pub":true}},{"type":"Feature","geometry":{"type":"Point","coordinates":[-106.7831,40.9406]},"properties":{"s":21.4,"pub":true}},{"type":"Feature","geometry":{"type":"Point","coordinates":[-106.7831,40.9464]},"properties":{"s":50.0,"pub":true}},{"type":"Feature","geometry":{"type":"Point","coordinates":[-106.7831,40.9522]},"properties":{"s":50.0,"pub":true}},{"type":"Feature","geometry":{"type":"Point","coordinates":[-106.7831,40.958]},"properties":{"s":50.0,"pub":true}},{"type":"Feature","geometry":{"type":"Point","coordinates":[-106.7831,40.9638]},"properties":{"s":50.0,"pub":true}},{"type":"Feature","geometry":{"type":"Point","coordinates":[-106.7831,40.9696]},"properties":{"s":92.9,"pub":true}},{"type":"Feature","geometry":{"type":"Point","coordinates":[-106.7831,40.9754]},"properties":{"s":92.9,"pub":true}},{"type":"Feature","geometry":{"type":"Point","coordinates":[-106.7831,40.9812]},"properties":{"s":92.9,"pub":true}},{"type":"Feature","geometry":{"type":"Point","coordinates":[-106.7831,40.987]},"properties":{"s":92.9,"pub":true}},{"type":"Feature","geometry":{"type":"Point","coordinates":[-106.7831,40.9928]},"properties":{"s":50.0,"pub":true}},{"type":"Feature","geometry":{"type":"Point","coordinates":[-106.7831,40.9986]},"properties":{"s":50.0,"pub":true}},{"type":"Feature","geometry":{"type":"Point","coordinates":[-106.7756,40.9058]},"properties":{"s":21.4,"pub":true}},{"type":"Feature","geometry":{"type":"Point","coordinates":[-106.7756,40.9116]},"properties":{"s":21.4,"pub":true}},{"type":"Feature","geometry":{"type":"Point","coordinates":[-106.7756,40.9174]},"properties":{"s":21.4,"pub":true}},{"type":"Feature","geometry":{"type":"Point","coordinates":[-106.7756,40.9232]},"properties":{"s":21.4,"pub":true}},{"type":"Feature","geometry":{"type":"Point","coordinates":[-106.7756,40.929]},"properties":{"s":21.4,"pub":true}},{"type":"Feature","geometry":{"type":"Point","coordinates":[-106.7756,40.9348]},"properties":{"s":21.4,"pub":true}},{"type":"Feature","geometry":{"type":"Point","coordinates":[-106.7756,40.9406]},"properties":{"s":21.4,"pub":true}},{"type":"Feature","geometry":{"type":"Point","coordinates":[-106.7756,40.9464]},"properties":{"s":21.4,"pub":true}},{"type":"Feature","geometry":{"type":"Point","coordinates":[-106.7756,40.9522]},"properties":{"s":21.4,"pub":true}},{"type":"Feature","geometry":{"type":"Point","coordinates":[-106.7756,40.958]},"properties":{"s":21.4,"pub":true}},{"type":"Feature","geometry":{"type":"Point","coordinates":[-106.7756,40.9638]},"properties":{"s":21.4,"pub":true}},{"type":"Feature","geometry":{"type":"Point","coordinates":[-106.7756,40.9696]},"properties":{"s":64.3,"pub":true}},{"type":"Feature","geometry":{"type":"Point","coordinates":[-106.7756,40.9754]},"properties":{"s":92.9,"pub":true}},{"type":"Feature","geometry":{"type":"Point","coordinates":[-106.7756,40.9812]},"properties":{"s":92.9,"pub":true}},{"type":"Feature","geometry":{"type":"Point","coordinates":[-106.7756,40.987]},"properties":{"s":50.0,"pub":true}},{"type":"Feature","geometry":{"type":"Point","coordinates":[-106.7756,40.9928]},"properties":{"s":50.0,"pub":true}},{"type":"Feature","geometry":{"type":"Point","coordinates":[-106.7756,40.9986]},"properties":{"s":50.0,"pub":true}},{"type":"Feature","geometry":{"type":"Point","coordinates":[-106.7681,40.9058]},"properties":{"s":21.4,"pub":true}},{"type":"Feature","geometry":{"type":"Point","coordinates":[-106.7681,40.9116]},"properties":{"s":21.4,"pub":true}},{"type":"Feature","geometry":{"type":"Point","coordinates":[-106.7681,40.9174]},"properties":{"s":21.4,"pub":true}},{"type":"Feature","geometry":{"type":"Point","coordinates":[-106.7681,40.9232]},"properties":{"s":21.4,"pub":true}},{"type":"Feature","geometry":{"type":"Point","coordinates":[-106.7681,40.929]},"properties":{"s":21.4,"pub":true}},{"type":"Feature","geometry":{"type":"Point","coordinates":[-106.7681,40.9348]},"properties":{"s":21.4,"pub":true}},{"type":"Feature","geometry":{"type":"Point","coordinates":[-106.7681,40.9406]},"properties":{"s":21.4,"pub":true}},{"type":"Feature","geometry":{"type":"Point","coordinates":[-106.7681,40.9464]},"properties":{"s":21.4,"pub":true}},{"type":"Feature","geometry":{"type":"Point","coordinates":[-106.7681,40.9522]},"properties":{"s":21.4,"pub":true}},{"type":"Feature","geometry":{"type":"Point","coordinates":[-106.7681,40.958]},"properties":{"s":21.4,"pub":true}},{"type":"Feature","geometry":{"type":"Point","coordinates":[-106.7681,40.9638]},"properties":{"s":21.4,"pub":true}},{"type":"Feature","geometry":{"type":"Point","coordinates":[-106.7681,40.9696]},"properties":{"s":21.4,"pub":true}},{"type":"Feature","geometry":{"type":"Point","coordinates":[-106.7681,40.9754]},"properties":{"s":50.0,"pub":true}},{"type":"Feature","geometry":{"type":"Point","coordinates":[-106.7681,40.9812]},"properties":{"s":50.0,"pub":true}},{"type":"Feature","geometry":{"type":"Point","coordinates":[-106.7681,40.987]},"properties":{"s":50.0,"pub":true}},{"type":"Feature","geometry":{"type":"Point","coordinates":[-106.7681,40.9928]},"properties":{"s":50.0,"pub":true}},{"type":"Feature","geometry":{"type":"Point","coordinates":[-106.7681,40.9986]},"properties":{"s":50.0,"pub":true}},{"type":"Feature","geometry":{"type":"Point","coordinates":[-106.7606,40.8942]},"properties":{"s":21.4,"pub":true}},{"type":"Feature","geometry":{"type":"Point","coordinates":[-106.7606,40.9]},"properties":{"s":21.4,"pub":true}},{"type":"Feature","geometry":{"type":"Point","coordinates":[-106.7606,40.9058]},"properties":{"s":21.4,"pub":true}},{"type":"Feature","geometry":{"type":"Point","coordinates":[-106.7606,40.9116]},"properties":{"s":21.4,"pub":true}},{"type":"Feature","geometry":{"type":"Point","coordinates":[-106.7606,40.9174]},"properties":{"s":21.4,"pub":true}},{"type":"Feature","geometry":{"type":"Point","coordinates":[-106.7606,40.9232]},"properties":{"s":21.4,"pub":true}},{"type":"Feature","geometry":{"type":"Point","coordinates":[-106.7606,40.929]},"properties":{"s":21.4,"pub":true}},{"type":"Feature","geometry":{"type":"Point","coordinates":[-106.7606,40.9348]},"properties":{"s":21.4,"pub":true}},{"type":"Feature","geometry":{"type":"Point","coordinates":[-106.7606,40.9406]},"properties":{"s":21.4,"pub":true}},{"type":"Feature","geometry":{"type":"Point","coordinates":[-106.7606,40.9464]},"properties":{"s":21.4,"pub":true}},{"type":"Feature","geometry":{"type":"Point","coordinates":[-106.7606,40.9522]},"properties":{"s":21.4,"pub":true}},{"type":"Feature","geometry":{"type":"Point","coordinates":[-106.7606,40.958]},"properties":{"s":21.4,"pub":true}},{"type":"Feature","geometry":{"type":"Point","coordinates":[-106.7606,40.9638]},"properties":{"s":21.4,"pub":true}},{"type":"Feature","geometry":{"type":"Point","coordinates":[-106.7606,40.9696]},"properties":{"s":50.0,"pub":true}},{"type":"Feature","geometry":{"type":"Point","coordinates":[-106.7606,40.9754]},"properties":{"s":50.0,"pub":true}},{"type":"Feature","geometry":{"type":"Point","coordinates":[-106.7606,40.9812]},"properties":{"s":50.0,"pub":true}},{"type":"Feature","geometry":{"type":"Point","coordinates":[-106.7606,40.987]},"properties":{"s":50.0,"pub":true}},{"type":"Feature","geometry":{"type":"Point","coordinates":[-106.7606,40.9928]},"properties":{"s":50.0,"pub":true}},{"type":"Feature","geometry":{"type":"Point","coordinates":[-106.7606,40.9986]},"properties":{"s":50.0,"pub":true}},{"type":"Feature","geometry":{"type":"Point","coordinates":[-106.7531,40.8942]},"properties":{"s":21.4,"pub":true}},{"type":"Feature","geometry":{"type":"Point","coordinates":[-106.7531,40.9]},"properties":{"s":21.4,"pub":true}},{"type":"Feature","geometry":{"type":"Point","coordinates":[-106.7531,40.9058]},"properties":{"s":21.4,"pub":true}},{"type":"Feature","geometry":{"type":"Point","coordinates":[-106.7531,40.9116]},"properties":{"s":21.4,"pub":true}},{"type":"Feature","geometry":{"type":"Point","coordinates":[-106.7531,40.9174]},"properties":{"s":21.4,"pub":true}},{"type":"Feature","geometry":{"type":"Point","coordinates":[-106.7531,40.9232]},"properties":{"s":21.4,"pub":true}},{"type":"Feature","geometry":{"type":"Point","coordinates":[-106.7531,40.929]},"properties":{"s":21.4,"pub":true}},{"type":"Feature","geometry":{"type":"Point","coordinates":[-106.7531,40.9348]},"properties":{"s":21.4,"pub":true}},{"type":"Feature","geometry":{"type":"Point","coordinates":[-106.7531,40.9406]},"properties":{"s":21.4,"pub":true}},{"type":"Feature","geometry":{"type":"Point","coordinates":[-106.7531,40.9464]},"properties":{"s":21.4,"pub":true}},{"type":"Feature","geometry":{"type":"Point","coordinates":[-106.7531,40.9522]},"properties":{"s":21.4,"pub":true}},{"type":"Feature","geometry":{"type":"Point","coordinates":[-106.7531,40.958]},"properties":{"s":21.4,"pub":true}},{"type":"Feature","geometry":{"type":"Point","coordinates":[-106.7531,40.9638]},"properties":{"s":21.4,"pub":true}},{"type":"Feature","geometry":{"type":"Point","coordinates":[-106.7531,40.9696]},"properties":{"s":50.0,"pub":true}},{"type":"Feature","geometry":{"type":"Point","coordinates":[-106.7531,40.9754]},"properties":{"s":50.0,"pub":true}},{"type":"Feature","geometry":{"type":"Point","coordinates":[-106.7531,40.9812]},"properties":{"s":50.0,"pub":true}},{"type":"Feature","geometry":{"type":"Point","coordinates":[-106.7531,40.987]},"properties":{"s":50.0,"pub":true}},{"type":"Feature","geometry":{"type":"Point","coordinates":[-106.7531,40.9928]},"properties":{"s":50.0,"pub":true}},{"type":"Feature","geometry":{"type":"Point","coordinates":[-106.7531,40.9986]},"properties":{"s":50.0,"pub":true}},{"type":"Feature","geometry":{"type":"Point","coordinates":[-106.7456,40.8826]},"properties":{"s":21.4,"pub":true}},{"type":"Feature","geometry":{"type":"Point","coordinates":[-106.7456,40.8942]},"properties":{"s":21.4,"pub":true}},{"type":"Feature","geometry":{"type":"Point","coordinates":[-106.7456,40.9]},"properties":{"s":21.4,"pub":true}},{"type":"Feature","geometry":{"type":"Point","coordinates":[-106.7456,40.9058]},"properties":{"s":21.4,"pub":true}},{"type":"Feature","geometry":{"type":"Point","coordinates":[-106.7456,40.9116]},"properties":{"s":21.4,"pub":true}},{"type":"Feature","geometry":{"type":"Point","coordinates":[-106.7456,40.9174]},"properties":{"s":21.4,"pub":true}},{"type":"Feature","geometry":{"type":"Point","coordinates":[-106.7456,40.9232]},"properties":{"s":21.4,"pub":true}},{"type":"Feature","geometry":{"type":"Point","coordinates":[-106.7456,40.929]},"properties":{"s":21.4,"pub":true}},{"type":"Feature","geometry":{"type":"Point","coordinates":[-106.7456,40.9348]},"properties":{"s":21.4,"pub":true}},{"type":"Feature","geometry":{"type":"Point","coordinates":[-106.7456,40.9406]},"properties":{"s":21.4,"pub":true}},{"type":"Feature","geometry":{"type":"Point","coordinates":[-106.7456,40.9464]},"properties":{"s":21.4,"pub":true}},{"type":"Feature","geometry":{"type":"Point","coordinates":[-106.7456,40.9522]},"properties":{"s":21.4,"pub":true}},{"type":"Feature","geometry":{"type":"Point","coordinates":[-106.7456,40.958]},"properties":{"s":21.4,"pub":true}},{"type":"Feature","geometry":{"type":"Point","coordinates":[-106.7456,40.9638]},"properties":{"s":21.4,"pub":true}},{"type":"Feature","geometry":{"type":"Point","coordinates":[-106.7456,40.9696]},"properties":{"s":21.4,"pub":true}},{"type":"Feature","geometry":{"type":"Point","coordinates":[-106.7456,40.9754]},"properties":{"s":50.0,"pub":true}},{"type":"Feature","geometry":{"type":"Point","coordinates":[-106.7456,40.9812]},"properties":{"s":50.0,"pub":true}},{"type":"Feature","geometry":{"type":"Point","coordinates":[-106.7456,40.987]},"properties":{"s":50.0,"pub":true}},{"type":"Feature","geometry":{"type":"Point","coordinates":[-106.7456,40.9928]},"properties":{"s":50.0,"pub":true}},{"type":"Feature","geometry":{"type":"Point","coordinates":[-106.7456,40.9986]},"properties":{"s":50.0,"pub":true}},{"type":"Feature","geometry":{"type":"Point","coordinates":[-106.7381,40.8768]},"properties":{"s":21.4,"pub":true}},{"type":"Feature","geometry":{"type":"Point","coordinates":[-106.7381,40.8826]},"properties":{"s":21.4,"pub":true}},{"type":"Feature","geometry":{"type":"Point","coordinates":[-106.7381,40.8884]},"properties":{"s":21.4,"pub":true}},{"type":"Feature","geometry":{"type":"Point","coordinates":[-106.7381,40.8942]},"properties":{"s":21.4,"pub":true}},{"type":"Feature","geometry":{"type":"Point","coordinates":[-106.7381,40.9]},"properties":{"s":21.4,"pub":true}},{"type":"Feature","geometry":{"type":"Point","coordinates":[-106.7381,40.9058]},"properties":{"s":21.4,"pub":true}},{"type":"Feature","geometry":{"type":"Point","coordinates":[-106.7381,40.9116]},"properties":{"s":21.4,"pub":true}},{"type":"Feature","geometry":{"type":"Point","coordinates":[-106.7381,40.9174]},"properties":{"s":21.4,"pub":true}},{"type":"Feature","geometry":{"type":"Point","coordinates":[-106.7381,40.9232]},"properties":{"s":21.4,"pub":true}},{"type":"Feature","geometry":{"type":"Point","coordinates":[-106.7381,40.929]},"properties":{"s":21.4,"pub":true}},{"type":"Feature","geometry":{"type":"Point","coordinates":[-106.7381,40.9348]},"properties":{"s":21.4,"pub":true}},{"type":"Feature","geometry":{"type":"Point","coordinates":[-106.7381,40.9406]},"properties":{"s":21.4,"pub":true}},{"type":"Feature","geometry":{"type":"Point","coordinates":[-106.7381,40.9464]},"properties":{"s":21.4,"pub":true}},{"type":"Feature","geometry":{"type":"Point","coordinates":[-106.7381,40.9522]},"properties":{"s":21.4,"pub":true}},{"type":"Feature","geometry":{"type":"Point","coordinates":[-106.7381,40.958]},"properties":{"s":21.4,"pub":true}},{"type":"Feature","geometry":{"type":"Point","coordinates":[-106.7381,40.9638]},"properties":{"s":21.4,"pub":true}},{"type":"Feature","geometry":{"type":"Point","coordinates":[-106.7381,40.9696]},"properties":{"s":21.4,"pub":true}},{"type":"Feature","geometry":{"type":"Point","coordinates":[-106.7381,40.9754]},"properties":{"s":21.4,"pub":true}},{"type":"Feature","geometry":{"type":"Point","coordinates":[-106.7381,40.9812]},"properties":{"s":50.0,"pub":true}},{"type":"Feature","geometry":{"type":"Point","coordinates":[-106.7381,40.987]},"properties":{"s":50.0,"pub":true}},{"type":"Feature","geometry":{"type":"Point","coordinates":[-106.7381,40.9928]},"properties":{"s":50.0,"pub":true}},{"type":"Feature","geometry":{"type":"Point","coordinates":[-106.7381,40.9986]},"properties":{"s":50.0,"pub":true}},{"type":"Feature","geometry":{"type":"Point","coordinates":[-106.7306,40.8768]},"properties":{"s":21.4,"pub":true}},{"type":"Feature","geometry":{"type":"Point","coordinates":[-106.7306,40.8826]},"properties":{"s":21.4,"pub":true}},{"type":"Feature","geometry":{"type":"Point","coordinates":[-106.7306,40.8884]},"properties":{"s":21.4,"pub":true}},{"type":"Feature","geometry":{"type":"Point","coordinates":[-106.7306,40.8942]},"properties":{"s":21.4,"pub":true}},{"type":"Feature","geometry":{"type":"Point","coordinates":[-106.7306,40.9]},"properties":{"s":21.4,"pub":true}},{"type":"Feature","geometry":{"type":"Point","coordinates":[-106.7306,40.9058]},"properties":{"s":21.4,"pub":true}},{"type":"Feature","geometry":{"type":"Point","coordinates":[-106.7306,40.9116]},"properties":{"s":21.4,"pub":true}},{"type":"Feature","geometry":{"type":"Point","coordinates":[-106.7306,40.9174]},"properties":{"s":21.4,"pub":true}},{"type":"Feature","geometry":{"type":"Point","coordinates":[-106.7306,40.9232]},"properties":{"s":21.4,"pub":true}},{"type":"Feature","geometry":{"type":"Point","coordinates":[-106.7306,40.929]},"properties":{"s":21.4,"pub":true}},{"type":"Feature","geometry":{"type":"Point","coordinates":[-106.7306,40.9348]},"properties":{"s":21.4,"pub":true}},{"type":"Feature","geometry":{"type":"Point","coordinates":[-106.7306,40.9406]},"properties":{"s":21.4,"pub":true}},{"type":"Feature","geometry":{"type":"Point","coordinates":[-106.7306,40.9464]},"properties":{"s":21.4,"pub":true}},{"type":"Feature","geometry":{"type":"Point","coordinates":[-106.7306,40.9522]},"properties":{"s":21.4,"pub":true}},{"type":"Feature","geometry":{"type":"Point","coordinates":[-106.7306,40.958]},"properties":{"s":21.4,"pub":true}},{"type":"Feature","geometry":{"type":"Point","coordinates":[-106.7306,40.9638]},"properties":{"s":21.4,"pub":true}},{"type":"Feature","geometry":{"type":"Point","coordinates":[-106.7306,40.9696]},"properties":{"s":21.4,"pub":true}},{"type":"Feature","geometry":{"type":"Point","coordinates":[-106.7306,40.9754]},"properties":{"s":21.4,"pub":true}},{"type":"Feature","geometry":{"type":"Point","coordinates":[-106.7306,40.9812]},"properties":{"s":50.0,"pub":true}},{"type":"Feature","geometry":{"type":"Point","coordinates":[-106.7306,40.987]},"properties":{"s":50.0,"pub":true}},{"type":"Feature","geometry":{"type":"Point","coordinates":[-106.7306,40.9928]},"properties":{"s":50.0,"pub":true}},{"type":"Feature","geometry":{"type":"Point","coordinates":[-106.7306,40.9986]},"properties":{"s":50.0,"pub":true}},{"type":"Feature","geometry":{"type":"Point","coordinates":[-106.7231,40.8768]},"properties":{"s":21.4,"pub":true}},{"type":"Feature","geometry":{"type":"Point","coordinates":[-106.7231,40.8826]},"properties":{"s":21.4,"pub":true}},{"type":"Feature","geometry":{"type":"Point","coordinates":[-106.7231,40.8884]},"properties":{"s":21.4,"pub":true}},{"type":"Feature","geometry":{"type":"Point","coordinates":[-106.7231,40.8942]},"properties":{"s":21.4,"pub":true}},{"type":"Feature","geometry":{"type":"Point","coordinates":[-106.7231,40.9]},"properties":{"s":21.4,"pub":true}},{"type":"Feature","geometry":{"type":"Point","coordinates":[-106.7231,40.9058]},"properties":{"s":21.4,"pub":true}},{"type":"Feature","geometry":{"type":"Point","coordinates":[-106.7231,40.9116]},"properties":{"s":21.4,"pub":true}},{"type":"Feature","geometry":{"type":"Point","coordinates":[-106.7231,40.9174]},"properties":{"s":21.4,"pub":true}},{"type":"Feature","geometry":{"type":"Point","coordinates":[-106.7231,40.9232]},"properties":{"s":21.4,"pub":true}},{"type":"Feature","geometry":{"type":"Point","coordinates":[-106.7231,40.929]},"properties":{"s":21.4,"pub":true}},{"type":"Feature","geometry":{"type":"Point","coordinates":[-106.7231,40.9348]},"properties":{"s":21.4,"pub":true}},{"type":"Feature","geometry":{"type":"Point","coordinates":[-106.7231,40.9406]},"properties":{"s":21.4,"pub":true}},{"type":"Feature","geometry":{"type":"Point","coordinates":[-106.7231,40.9464]},"properties":{"s":21.4,"pub":true}},{"type":"Feature","geometry":{"type":"Point","coordinates":[-106.7231,40.9522]},"properties":{"s":21.4,"pub":true}},{"type":"Feature","geometry":{"type":"Point","coordinates":[-106.7231,40.958]},"properties":{"s":21.4,"pub":true}},{"type":"Feature","geometry":{"type":"Point","coordinates":[-106.7231,40.9638]},"properties":{"s":21.4,"pub":true}},{"type":"Feature","geometry":{"type":"Point","coordinates":[-106.7231,40.9696]},"properties":{"s":21.4,"pub":true}},{"type":"Feature","geometry":{"type":"Point","coordinates":[-106.7231,40.9754]},"properties":{"s":21.4,"pub":true}},{"type":"Feature","geometry":{"type":"Point","coordinates":[-106.7231,40.9812]},"properties":{"s":21.4,"pub":true}},{"type":"Feature","geometry":{"type":"Point","coordinates":[-106.7231,40.987]},"properties":{"s":50.0,"pub":true}},{"type":"Feature","geometry":{"type":"Point","coordinates":[-106.7231,40.9928]},"properties":{"s":50.0,"pub":true}},{"type":"Feature","geometry":{"type":"Point","coordinates":[-106.7231,40.9986]},"properties":{"s":50.0,"pub":true}},{"type":"Feature","geometry":{"type":"Point","coordinates":[-106.7156,40.8768]},"properties":{"s":21.4,"pub":true}},{"type":"Feature","geometry":{"type":"Point","coordinates":[-106.7156,40.8826]},"properties":{"s":21.4,"pub":true}},{"type":"Feature","geometry":{"type":"Point","coordinates":[-106.7156,40.8884]},"properties":{"s":64.3,"pub":true}},{"type":"Feature","geometry":{"type":"Point","coordinates":[-106.7156,40.8942]},"properties":{"s":64.3,"pub":true}},{"type":"Feature","geometry":{"type":"Point","coordinates":[-106.7156,40.9]},"properties":{"s":64.3,"pub":true}},{"type":"Feature","geometry":{"type":"Point","coordinates":[-106.7156,40.9058]},"properties":{"s":64.3,"pub":true}},{"type":"Feature","geometry":{"type":"Point","coordinates":[-106.7156,40.9116]},"properties":{"s":64.3,"pub":true}},{"type":"Feature","geometry":{"type":"Point","coordinates":[-106.7156,40.9174]},"properties":{"s":64.3,"pub":true}},{"type":"Feature","geometry":{"type":"Point","coordinates":[-106.7156,40.9232]},"properties":{"s":21.4,"pub":true}},{"type":"Feature","geometry":{"type":"Point","coordinates":[-106.7156,40.929]},"properties":{"s":21.4,"pub":true}},{"type":"Feature","geometry":{"type":"Point","coordinates":[-106.7156,40.9348]},"properties":{"s":21.4,"pub":true}},{"type":"Feature","geometry":{"type":"Point","coordinates":[-106.7156,40.9406]},"properties":{"s":21.4,"pub":true}},{"type":"Feature","geometry":{"type":"Point","coordinates":[-106.7156,40.9464]},"properties":{"s":21.4,"pub":true}},{"type":"Feature","geometry":{"type":"Point","coordinates":[-106.7156,40.9522]},"properties":{"s":21.4,"pub":true}},{"type":"Feature","geometry":{"type":"Point","coordinates":[-106.7156,40.958]},"properties":{"s":21.4,"pub":true}},{"type":"Feature","geometry":{"type":"Point","coordinates":[-106.7156,40.9638]},"properties":{"s":21.4,"pub":true}},{"type":"Feature","geometry":{"type":"Point","coordinates":[-106.7156,40.9696]},"properties":{"s":21.4,"pub":true}},{"type":"Feature","geometry":{"type":"Point","coordinates":[-106.7156,40.9754]},"properties":{"s":21.4,"pub":true}},{"type":"Feature","geometry":{"type":"Point","coordinates":[-106.7156,40.9812]},"properties":{"s":21.4,"pub":true}},{"type":"Feature","geometry":{"type":"Point","coordinates":[-106.7156,40.987]},"properties":{"s":50.0,"pub":true}},{"type":"Feature","geometry":{"type":"Point","coordinates":[-106.7156,40.9928]},"properties":{"s":50.0,"pub":true}},{"type":"Feature","geometry":{"type":"Point","coordinates":[-106.7156,40.9986]},"properties":{"s":50.0,"pub":true}},{"type":"Feature","geometry":{"type":"Point","coordinates":[-106.7081,40.8768]},"properties":{"s":21.4,"pub":true}},{"type":"Feature","geometry":{"type":"Point","coordinates":[-106.7081,40.8826]},"properties":{"s":21.4,"pub":true}},{"type":"Feature","geometry":{"type":"Point","coordinates":[-106.7081,40.8884]},"properties":{"s":64.3,"pub":true}},{"type":"Feature","geometry":{"type":"Point","coordinates":[-106.7081,40.8942]},"properties":{"s":64.3,"pub":true}},{"type":"Feature","geometry":{"type":"Point","coordinates":[-106.7081,40.9]},"properties":{"s":64.3,"pub":true}},{"type":"Feature","geometry":{"type":"Point","coordinates":[-106.7081,40.9058]},"properties":{"s":64.3,"pub":true}},{"type":"Feature","geometry":{"type":"Point","coordinates":[-106.7081,40.9116]},"properties":{"s":64.3,"pub":true}},{"type":"Feature","geometry":{"type":"Point","coordinates":[-106.7081,40.9174]},"properties":{"s":64.3,"pub":true}},{"type":"Feature","geometry":{"type":"Point","coordinates":[-106.7081,40.9232]},"properties":{"s":64.3,"pub":true}},{"type":"Feature","geometry":{"type":"Point","coordinates":[-106.7081,40.929]},"properties":{"s":21.4,"pub":true}},{"type":"Feature","geometry":{"type":"Point","coordinates":[-106.7081,40.9348]},"properties":{"s":21.4,"pub":true}},{"type":"Feature","geometry":{"type":"Point","coordinates":[-106.7081,40.9406]},"properties":{"s":21.4,"pub":true}},{"type":"Feature","geometry":{"type":"Point","coordinates":[-106.7081,40.9464]},"properties":{"s":21.4,"pub":true}},{"type":"Feature","geometry":{"type":"Point","coordinates":[-106.7081,40.9522]},"properties":{"s":21.4,"pub":true}},{"type":"Feature","geometry":{"type":"Point","coordinates":[-106.7081,40.958]},"properties":{"s":21.4,"pub":true}},{"type":"Feature","geometry":{"type":"Point","coordinates":[-106.7081,40.9638]},"properties":{"s":21.4,"pub":true}},{"type":"Feature","geometry":{"type":"Point","coordinates":[-106.7081,40.9696]},"properties":{"s":21.4,"pub":true}},{"type":"Feature","geometry":{"type":"Point","coordinates":[-106.7081,40.9754]},"properties":{"s":21.4,"pub":true}},{"type":"Feature","geometry":{"type":"Point","coordinates":[-106.7081,40.9812]},"properties":{"s":21.4,"pub":true}},{"type":"Feature","geometry":{"type":"Point","coordinates":[-106.7081,40.987]},"properties":{"s":50.0,"pub":true}},{"type":"Feature","geometry":{"type":"Point","coordinates":[-106.7081,40.9928]},"properties":{"s":50.0,"pub":true}},{"type":"Feature","geometry":{"type":"Point","coordinates":[-106.7081,40.9986]},"properties":{"s":50.0,"pub":true}},{"type":"Feature","geometry":{"type":"Point","coordinates":[-106.7006,40.8826]},"properties":{"s":21.4,"pub":true}},{"type":"Feature","geometry":{"type":"Point","coordinates":[-106.7006,40.8884]},"properties":{"s":64.3,"pub":true}},{"type":"Feature","geometry":{"type":"Point","coordinates":[-106.7006,40.8942]},"properties":{"s":64.3,"pub":true}},{"type":"Feature","geometry":{"type":"Point","coordinates":[-106.7006,40.9]},"properties":{"s":64.3,"pub":true}},{"type":"Feature","geometry":{"type":"Point","coordinates":[-106.7006,40.9058]},"properties":{"s":64.3,"pub":true}},{"type":"Feature","geometry":{"type":"Point","coordinates":[-106.7006,40.9116]},"properties":{"s":64.3,"pub":true}},{"type":"Feature","geometry":{"type":"Point","coordinates":[-106.7006,40.9174]},"properties":{"s":64.3,"pub":true}},{"type":"Feature","geometry":{"type":"Point","coordinates":[-106.7006,40.9232]},"properties":{"s":64.3,"pub":true}},{"type":"Feature","geometry":{"type":"Point","coordinates":[-106.7006,40.929]},"properties":{"s":64.3,"pub":true}},{"type":"Feature","geometry":{"type":"Point","coordinates":[-106.7006,40.9348]},"properties":{"s":21.4,"pub":true}},{"type":"Feature","geometry":{"type":"Point","coordinates":[-106.7006,40.9406]},"properties":{"s":21.4,"pub":true}},{"type":"Feature","geometry":{"type":"Point","coordinates":[-106.7006,40.9464]},"properties":{"s":21.4,"pub":true}},{"type":"Feature","geometry":{"type":"Point","coordinates":[-106.7006,40.9522]},"properties":{"s":21.4,"pub":true}},{"type":"Feature","geometry":{"type":"Point","coordinates":[-106.7006,40.958]},"properties":{"s":21.4,"pub":true}},{"type":"Feature","geometry":{"type":"Point","coordinates":[-106.7006,40.9638]},"properties":{"s":21.4,"pub":true}},{"type":"Feature","geometry":{"type":"Point","coordinates":[-106.7006,40.9696]},"properties":{"s":21.4,"pub":true}},{"type":"Feature","geometry":{"type":"Point","coordinates":[-106.7006,40.9754]},"properties":{"s":21.4,"pub":true}},{"type":"Feature","geometry":{"type":"Point","coordinates":[-106.7006,40.9812]},"properties":{"s":50.0,"pub":true}},{"type":"Feature","geometry":{"type":"Point","coordinates":[-106.7006,40.987]},"properties":{"s":50.0,"pub":true}},{"type":"Feature","geometry":{"type":"Point","coordinates":[-106.7006,40.9928]},"properties":{"s":50.0,"pub":true}},{"type":"Feature","geometry":{"type":"Point","coordinates":[-106.7006,40.9986]},"properties":{"s":50.0,"pub":true}},{"type":"Feature","geometry":{"type":"Point","coordinates":[-106.6931,40.8884]},"properties":{"s":64.3,"pub":true}},{"type":"Feature","geometry":{"type":"Point","coordinates":[-106.6931,40.8942]},"properties":{"s":64.3,"pub":true}},{"type":"Feature","geometry":{"type":"Point","coordinates":[-106.6931,40.9]},"properties":{"s":64.3,"pub":true}},{"type":"Feature","geometry":{"type":"Point","coordinates":[-106.6931,40.9058]},"properties":{"s":64.3,"pub":true}},{"type":"Feature","geometry":{"type":"Point","coordinates":[-106.6931,40.9116]},"properties":{"s":64.3,"pub":true}},{"type":"Feature","geometry":{"type":"Point","coordinates":[-106.6931,40.9174]},"properties":{"s":64.3,"pub":true}},{"type":"Feature","geometry":{"type":"Point","coordinates":[-106.6931,40.9232]},"properties":{"s":64.3,"pub":true}},{"type":"Feature","geometry":{"type":"Point","coordinates":[-106.6931,40.929]},"properties":{"s":64.3,"pub":true}},{"type":"Feature","geometry":{"type":"Point","coordinates":[-106.6931,40.9348]},"properties":{"s":21.4,"pub":true}},{"type":"Feature","geometry":{"type":"Point","coordinates":[-106.6931,40.9406]},"properties":{"s":21.4,"pub":true}},{"type":"Feature","geometry":{"type":"Point","coordinates":[-106.6931,40.9464]},"properties":{"s":21.4,"pub":true}},{"type":"Feature","geometry":{"type":"Point","coordinates":[-106.6931,40.9522]},"properties":{"s":21.4,"pub":true}},{"type":"Feature","geometry":{"type":"Point","coordinates":[-106.6931,40.958]},"properties":{"s":21.4,"pub":true}},{"type":"Feature","geometry":{"type":"Point","coordinates":[-106.6931,40.9638]},"properties":{"s":21.4,"pub":true}},{"type":"Feature","geometry":{"type":"Point","coordinates":[-106.6931,40.9696]},"properties":{"s":21.4,"pub":true}},{"type":"Feature","geometry":{"type":"Point","coordinates":[-106.6931,40.9754]},"properties":{"s":50.0,"pub":true}},{"type":"Feature","geometry":{"type":"Point","coordinates":[-106.6931,40.9812]},"properties":{"s":50.0,"pub":true}},{"type":"Feature","geometry":{"type":"Point","coordinates":[-106.6931,40.987]},"properties":{"s":50.0,"pub":true}},{"type":"Feature","geometry":{"type":"Point","coordinates":[-106.6931,40.9928]},"properties":{"s":50.0,"pub":true}},{"type":"Feature","geometry":{"type":"Point","coordinates":[-106.6931,40.9986]},"properties":{"s":50.0,"pub":true}},{"type":"Feature","geometry":{"type":"Point","coordinates":[-106.6856,40.8826]},"properties":{"s":21.4,"pub":true}},{"type":"Feature","geometry":{"type":"Point","coordinates":[-106.6856,40.8884]},"properties":{"s":64.3,"pub":true}},{"type":"Feature","geometry":{"type":"Point","coordinates":[-106.6856,40.8942]},"properties":{"s":64.3,"pub":true}},{"type":"Feature","geometry":{"type":"Point","coordinates":[-106.6856,40.9]},"properties":{"s":64.3,"pub":true}},{"type":"Feature","geometry":{"type":"Point","coordinates":[-106.6856,40.9058]},"properties":{"s":64.3,"pub":true}},{"type":"Feature","geometry":{"type":"Point","coordinates":[-106.6856,40.9116]},"properties":{"s":64.3,"pub":true}},{"type":"Feature","geometry":{"type":"Point","coordinates":[-106.6856,40.9174]},"properties":{"s":64.3,"pub":true}},{"type":"Feature","geometry":{"type":"Point","coordinates":[-106.6856,40.9232]},"properties":{"s":64.3,"pub":true}},{"type":"Feature","geometry":{"type":"Point","coordinates":[-106.6856,40.929]},"properties":{"s":64.3,"pub":true}},{"type":"Feature","geometry":{"type":"Point","coordinates":[-106.6856,40.9348]},"properties":{"s":21.4,"pub":true}},{"type":"Feature","geometry":{"type":"Point","coordinates":[-106.6856,40.9406]},"properties":{"s":21.4,"pub":true}},{"type":"Feature","geometry":{"type":"Point","coordinates":[-106.6856,40.9464]},"properties":{"s":21.4,"pub":true}},{"type":"Feature","geometry":{"type":"Point","coordinates":[-106.6856,40.9522]},"properties":{"s":21.4,"pub":true}},{"type":"Feature","geometry":{"type":"Point","coordinates":[-106.6856,40.958]},"properties":{"s":21.4,"pub":true}},{"type":"Feature","geometry":{"type":"Point","coordinates":[-106.6856,40.9638]},"properties":{"s":21.4,"pub":true}},{"type":"Feature","geometry":{"type":"Point","coordinates":[-106.6856,40.9696]},"properties":{"s":50.0,"pub":true}},{"type":"Feature","geometry":{"type":"Point","coordinates":[-106.6856,40.9754]},"properties":{"s":50.0,"pub":true}},{"type":"Feature","geometry":{"type":"Point","coordinates":[-106.6856,40.9812]},"properties":{"s":50.0,"pub":true}},{"type":"Feature","geometry":{"type":"Point","coordinates":[-106.6856,40.987]},"properties":{"s":50.0,"pub":true}},{"type":"Feature","geometry":{"type":"Point","coordinates":[-106.6856,40.9928]},"properties":{"s":50.0,"pub":true}},{"type":"Feature","geometry":{"type":"Point","coordinates":[-106.6856,40.9986]},"properties":{"s":50.0,"pub":true}},{"type":"Feature","geometry":{"type":"Point","coordinates":[-106.6781,40.871]},"properties":{"s":21.4,"pub":true}},{"type":"Feature","geometry":{"type":"Point","coordinates":[-106.6781,40.8768]},"properties":{"s":21.4,"pub":true}},{"type":"Feature","geometry":{"type":"Point","coordinates":[-106.6781,40.8826]},"properties":{"s":64.3,"pub":true}},{"type":"Feature","geometry":{"type":"Point","coordinates":[-106.6781,40.8884]},"properties":{"s":64.3,"pub":true}},{"type":"Feature","geometry":{"type":"Point","coordinates":[-106.6781,40.8942]},"properties":{"s":64.3,"pub":true}},{"type":"Feature","geometry":{"type":"Point","coordinates":[-106.6781,40.9]},"properties":{"s":64.3,"pub":true}},{"type":"Feature","geometry":{"type":"Point","coordinates":[-106.6781,40.9058]},"properties":{"s":64.3,"pub":true}},{"type":"Feature","geometry":{"type":"Point","coordinates":[-106.6781,40.9116]},"properties":{"s":64.3,"pub":true}},{"type":"Feature","geometry":{"type":"Point","coordinates":[-106.6781,40.9174]},"properties":{"s":64.3,"pub":true}},{"type":"Feature","geometry":{"type":"Point","coordinates":[-106.6781,40.9232]},"properties":{"s":64.3,"pub":true}},{"type":"Feature","geometry":{"type":"Point","coordinates":[-106.6781,40.929]},"properties":{"s":21.4,"pub":true}},{"type":"Feature","geometry":{"type":"Point","coordinates":[-106.6781,40.9348]},"properties":{"s":21.4,"pub":true}},{"type":"Feature","geometry":{"type":"Point","coordinates":[-106.6781,40.9406]},"properties":{"s":21.4,"pub":true}},{"type":"Feature","geometry":{"type":"Point","coordinates":[-106.6781,40.9464]},"properties":{"s":21.4,"pub":true}},{"type":"Feature","geometry":{"type":"Point","coordinates":[-106.6781,40.9522]},"properties":{"s":21.4,"pub":true}},{"type":"Feature","geometry":{"type":"Point","coordinates":[-106.6781,40.958]},"properties":{"s":21.4,"pub":true}},{"type":"Feature","geometry":{"type":"Point","coordinates":[-106.6781,40.9638]},"properties":{"s":21.4,"pub":true}},{"type":"Feature","geometry":{"type":"Point","coordinates":[-106.6781,40.9696]},"properties":{"s":21.4,"pub":true}},{"type":"Feature","geometry":{"type":"Point","coordinates":[-106.6781,40.9754]},"properties":{"s":50.0,"pub":true}},{"type":"Feature","geometry":{"type":"Point","coordinates":[-106.6781,40.9812]},"properties":{"s":50.0,"pub":true}},{"type":"Feature","geometry":{"type":"Point","coordinates":[-106.6781,40.987]},"properties":{"s":50.0,"pub":true}},{"type":"Feature","geometry":{"type":"Point","coordinates":[-106.6781,40.9928]},"properties":{"s":50.0,"pub":true}},{"type":"Feature","geometry":{"type":"Point","coordinates":[-106.6781,40.9986]},"properties":{"s":50.0,"pub":true}},{"type":"Feature","geometry":{"type":"Point","coordinates":[-106.6706,40.871]},"properties":{"s":21.4,"pub":true}},{"type":"Feature","geometry":{"type":"Point","coordinates":[-106.6706,40.8768]},"properties":{"s":64.3,"pub":true}},{"type":"Feature","geometry":{"type":"Point","coordinates":[-106.6706,40.8826]},"properties":{"s":64.3,"pub":true}},{"type":"Feature","geometry":{"type":"Point","coordinates":[-106.6706,40.8884]},"properties":{"s":64.3,"pub":true}},{"type":"Feature","geometry":{"type":"Point","coordinates":[-106.6706,40.8942]},"properties":{"s":64.3,"pub":true}},{"type":"Feature","geometry":{"type":"Point","coordinates":[-106.6706,40.9]},"properties":{"s":21.4,"pub":true}},{"type":"Feature","geometry":{"type":"Point","coordinates":[-106.6706,40.9058]},"properties":{"s":21.4,"pub":true}},{"type":"Feature","geometry":{"type":"Point","coordinates":[-106.6706,40.9116]},"properties":{"s":21.4,"pub":true}},{"type":"Feature","geometry":{"type":"Point","coordinates":[-106.6706,40.9174]},"properties":{"s":64.3,"pub":true}},{"type":"Feature","geometry":{"type":"Point","coordinates":[-106.6706,40.9232]},"properties":{"s":21.4,"pub":true}},{"type":"Feature","geometry":{"type":"Point","coordinates":[-106.6706,40.929]},"properties":{"s":21.4,"pub":true}},{"type":"Feature","geometry":{"type":"Point","coordinates":[-106.6706,40.9348]},"properties":{"s":21.4,"pub":true}},{"type":"Feature","geometry":{"type":"Point","coordinates":[-106.6706,40.9406]},"properties":{"s":21.4,"pub":true}},{"type":"Feature","geometry":{"type":"Point","coordinates":[-106.6706,40.9464]},"properties":{"s":21.4,"pub":true}},{"type":"Feature","geometry":{"type":"Point","coordinates":[-106.6706,40.9522]},"properties":{"s":21.4,"pub":true}},{"type":"Feature","geometry":{"type":"Point","coordinates":[-106.6706,40.958]},"properties":{"s":21.4,"pub":true}},{"type":"Feature","geometry":{"type":"Point","coordinates":[-106.6706,40.9638]},"properties":{"s":21.4,"pub":true}},{"type":"Feature","geometry":{"type":"Point","coordinates":[-106.6706,40.9696]},"properties":{"s":21.4,"pub":true}},{"type":"Feature","geometry":{"type":"Point","coordinates":[-106.6706,40.9754]},"properties":{"s":50.0,"pub":true}},{"type":"Feature","geometry":{"type":"Point","coordinates":[-106.6706,40.9812]},"properties":{"s":50.0,"pub":true}},{"type":"Feature","geometry":{"type":"Point","coordinates":[-106.6706,40.987]},"properties":{"s":50.0,"pub":true}},{"type":"Feature","geometry":{"type":"Point","coordinates":[-106.6706,40.9928]},"properties":{"s":50.0,"pub":true}},{"type":"Feature","geometry":{"type":"Point","coordinates":[-106.6706,40.9986]},"properties":{"s":50.0,"pub":true}},{"type":"Feature","geometry":{"type":"Point","coordinates":[-106.6631,40.7666]},"properties":{"s":21.4,"pub":true}},{"type":"Feature","geometry":{"type":"Point","coordinates":[-106.6631,40.8304]},"properties":{"s":21.4,"pub":true}},{"type":"Feature","geometry":{"type":"Point","coordinates":[-106.6631,40.8362]},"properties":{"s":21.4,"pub":true}},{"type":"Feature","geometry":{"type":"Point","coordinates":[-106.6631,40.8594]},"properties":{"s":64.3,"pub":true}},{"type":"Feature","geometry":{"type":"Point","coordinates":[-106.6631,40.8652]},"properties":{"s":64.3,"pub":true}},{"type":"Feature","geometry":{"type":"Point","coordinates":[-106.6631,40.871]},"properties":{"s":64.3,"pub":true}},{"type":"Feature","geometry":{"type":"Point","coordinates":[-106.6631,40.8768]},"properties":{"s":64.3,"pub":true}},{"type":"Feature","geometry":{"type":"Point","coordinates":[-106.6631,40.8826]},"properties":{"s":64.3,"pub":true}},{"type":"Feature","geometry":{"type":"Point","coordinates":[-106.6631,40.8884]},"properties":{"s":64.3,"pub":true}},{"type":"Feature","geometry":{"type":"Point","coordinates":[-106.6631,40.8942]},"properties":{"s":64.3,"pub":true}},{"type":"Feature","geometry":{"type":"Point","coordinates":[-106.6631,40.9]},"properties":{"s":21.4,"pub":true}},{"type":"Feature","geometry":{"type":"Point","coordinates":[-106.6631,40.9058]},"properties":{"s":21.4,"pub":true}},{"type":"Feature","geometry":{"type":"Point","coordinates":[-106.6631,40.9116]},"properties":{"s":21.4,"pub":true}},{"type":"Feature","geometry":{"type":"Point","coordinates":[-106.6631,40.9174]},"properties":{"s":21.4,"pub":true}},{"type":"Feature","geometry":{"type":"Point","coordinates":[-106.6631,40.9232]},"properties":{"s":21.4,"pub":true}},{"type":"Feature","geometry":{"type":"Point","coordinates":[-106.6631,40.929]},"properties":{"s":21.4,"pub":true}},{"type":"Feature","geometry":{"type":"Point","coordinates":[-106.6631,40.9348]},"properties":{"s":21.4,"pub":true}},{"type":"Feature","geometry":{"type":"Point","coordinates":[-106.6631,40.9406]},"properties":{"s":21.4,"pub":true}},{"type":"Feature","geometry":{"type":"Point","coordinates":[-106.6631,40.9464]},"properties":{"s":21.4,"pub":true}},{"type":"Feature","geometry":{"type":"Point","coordinates":[-106.6631,40.9522]},"properties":{"s":21.4,"pub":true}},{"type":"Feature","geometry":{"type":"Point","coordinates":[-106.6631,40.958]},"properties":{"s":21.4,"pub":true}},{"type":"Feature","geometry":{"type":"Point","coordinates":[-106.6631,40.9638]},"properties":{"s":21.4,"pub":true}},{"type":"Feature","geometry":{"type":"Point","coordinates":[-106.6631,40.9696]},"properties":{"s":21.4,"pub":true}},{"type":"Feature","geometry":{"type":"Point","coordinates":[-106.6631,40.9754]},"properties":{"s":50.0,"pub":true}},{"type":"Feature","geometry":{"type":"Point","coordinates":[-106.6631,40.9812]},"properties":{"s":50.0,"pub":true}},{"type":"Feature","geometry":{"type":"Point","coordinates":[-106.6631,40.987]},"properties":{"s":50.0,"pub":true}},{"type":"Feature","geometry":{"type":"Point","coordinates":[-106.6631,40.9928]},"properties":{"s":50.0,"pub":true}},{"type":"Feature","geometry":{"type":"Point","coordinates":[-106.6631,40.9986]},"properties":{"s":50.0,"pub":true}},{"type":"Feature","geometry":{"type":"Point","coordinates":[-106.6556,40.7666]},"properties":{"s":21.4,"pub":true}},{"type":"Feature","geometry":{"type":"Point","coordinates":[-106.6556,40.7724]},"properties":{"s":21.4,"pub":true}},{"type":"Feature","geometry":{"type":"Point","coordinates":[-106.6556,40.8246]},"properties":{"s":21.4,"pub":true}},{"type":"Feature","geometry":{"type":"Point","coordinates":[-106.6556,40.8304]},"properties":{"s":64.3,"pub":true}},{"type":"Feature","geometry":{"type":"Point","coordinates":[-106.6556,40.8362]},"properties":{"s":64.3,"pub":true}},{"type":"Feature","geometry":{"type":"Point","coordinates":[-106.6556,40.842]},"properties":{"s":21.4,"pub":true}},{"type":"Feature","geometry":{"type":"Point","coordinates":[-106.6556,40.8536]},"properties":{"s":64.3,"pub":true}},{"type":"Feature","geometry":{"type":"Point","coordinates":[-106.6556,40.8594]},"properties":{"s":64.3,"pub":true}},{"type":"Feature","geometry":{"type":"Point","coordinates":[-106.6556,40.8652]},"properties":{"s":64.3,"pub":true}},{"type":"Feature","geometry":{"type":"Point","coordinates":[-106.6556,40.871]},"properties":{"s":64.3,"pub":true}},{"type":"Feature","geometry":{"type":"Point","coordinates":[-106.6556,40.8768]},"properties":{"s":64.3,"pub":true}},{"type":"Feature","geometry":{"type":"Point","coordinates":[-106.6556,40.8826]},"properties":{"s":64.3,"pub":true}},{"type":"Feature","geometry":{"type":"Point","coordinates":[-106.6556,40.8884]},"properties":{"s":64.3,"pub":true}},{"type":"Feature","geometry":{"type":"Point","coordinates":[-106.6556,40.8942]},"properties":{"s":64.3,"pub":true}},{"type":"Feature","geometry":{"type":"Point","coordinates":[-106.6556,40.9]},"properties":{"s":21.4,"pub":true}},{"type":"Feature","geometry":{"type":"Point","coordinates":[-106.6556,40.9058]},"properties":{"s":21.4,"pub":true}},{"type":"Feature","geometry":{"type":"Point","coordinates":[-106.6556,40.9116]},"properties":{"s":21.4,"pub":true}},{"type":"Feature","geometry":{"type":"Point","coordinates":[-106.6556,40.9174]},"properties":{"s":21.4,"pub":true}},{"type":"Feature","geometry":{"type":"Point","coordinates":[-106.6556,40.9232]},"properties":{"s":21.4,"pub":true}},{"type":"Feature","geometry":{"type":"Point","coordinates":[-106.6556,40.929]},"properties":{"s":21.4,"pub":true}},{"type":"Feature","geometry":{"type":"Point","coordinates":[-106.6556,40.9348]},"properties":{"s":21.4,"pub":true}},{"type":"Feature","geometry":{"type":"Point","coordinates":[-106.6556,40.9406]},"properties":{"s":21.4,"pub":true}},{"type":"Feature","geometry":{"type":"Point","coordinates":[-106.6556,40.9464]},"properties":{"s":21.4,"pub":true}},{"type":"Feature","geometry":{"type":"Point","coordinates":[-106.6556,40.9522]},"properties":{"s":21.4,"pub":true}},{"type":"Feature","geometry":{"type":"Point","coordinates":[-106.6556,40.958]},"properties":{"s":21.4,"pub":true}},{"type":"Feature","geometry":{"type":"Point","coordinates":[-106.6556,40.9638]},"properties":{"s":21.4,"pub":true}},{"type":"Feature","geometry":{"type":"Point","coordinates":[-106.6556,40.9696]},"properties":{"s":50.0,"pub":true}},{"type":"Feature","geometry":{"type":"Point","coordinates":[-106.6556,40.9754]},"properties":{"s":50.0,"pub":true}},{"type":"Feature","geometry":{"type":"Point","coordinates":[-106.6556,40.9812]},"properties":{"s":50.0,"pub":true}},{"type":"Feature","geometry":{"type":"Point","coordinates":[-106.6556,40.987]},"properties":{"s":50.0,"pub":true}},{"type":"Feature","geometry":{"type":"Point","coordinates":[-106.6556,40.9928]},"properties":{"s":50.0,"pub":true}},{"type":"Feature","geometry":{"type":"Point","coordinates":[-106.6556,40.9986]},"properties":{"s":50.0,"pub":true}},{"type":"Feature","geometry":{"type":"Point","coordinates":[-106.6481,40.7608]},"properties":{"s":21.4,"pub":true}},{"type":"Feature","geometry":{"type":"Point","coordinates":[-106.6481,40.7666]},"properties":{"s":21.4,"pub":true}},{"type":"Feature","geometry":{"type":"Point","coordinates":[-106.6481,40.7724]},"properties":{"s":21.4,"pub":true}},{"type":"Feature","geometry":{"type":"Point","coordinates":[-106.6481,40.7782]},"properties":{"s":21.4,"pub":true}},{"type":"Feature","geometry":{"type":"Point","coordinates":[-106.6481,40.8246]},"properties":{"s":64.3,"pub":true}},{"type":"Feature","geometry":{"type":"Point","coordinates":[-106.6481,40.8304]},"properties":{"s":64.3,"pub":true}},{"type":"Feature","geometry":{"type":"Point","coordinates":[-106.6481,40.8362]},"properties":{"s":64.3,"pub":true}},{"type":"Feature","geometry":{"type":"Point","coordinates":[-106.6481,40.842]},"properties":{"s":64.3,"pub":true}},{"type":"Feature","geometry":{"type":"Point","coordinates":[-106.6481,40.8478]},"properties":{"s":64.3,"pub":true}},{"type":"Feature","geometry":{"type":"Point","coordinates":[-106.6481,40.8536]},"properties":{"s":64.3,"pub":true}},{"type":"Feature","geometry":{"type":"Point","coordinates":[-106.6481,40.8594]},"properties":{"s":64.3,"pub":true}},{"type":"Feature","geometry":{"type":"Point","coordinates":[-106.6481,40.8652]},"properties":{"s":64.3,"pub":true}},{"type":"Feature","geometry":{"type":"Point","coordinates":[-106.6481,40.871]},"properties":{"s":64.3,"pub":true}},{"type":"Feature","geometry":{"type":"Point","coordinates":[-106.6481,40.8768]},"properties":{"s":64.3,"pub":true}},{"type":"Feature","geometry":{"type":"Point","coordinates":[-106.6481,40.8826]},"properties":{"s":64.3,"pub":true}},{"type":"Feature","geometry":{"type":"Point","coordinates":[-106.6481,40.8884]},"properties":{"s":64.3,"pub":true}},{"type":"Feature","geometry":{"type":"Point","coordinates":[-106.6481,40.8942]},"properties":{"s":64.3,"pub":true}},{"type":"Feature","geometry":{"type":"Point","coordinates":[-106.6481,40.9]},"properties":{"s":21.4,"pub":true}},{"type":"Feature","geometry":{"type":"Point","coordinates":[-106.6481,40.9058]},"properties":{"s":21.4,"pub":true}},{"type":"Feature","geometry":{"type":"Point","coordinates":[-106.6481,40.9116]},"properties":{"s":21.4,"pub":true}},{"type":"Feature","geometry":{"type":"Point","coordinates":[-106.6481,40.9174]},"properties":{"s":21.4,"pub":true}},{"type":"Feature","geometry":{"type":"Point","coordinates":[-106.6481,40.9232]},"properties":{"s":21.4,"pub":true}},{"type":"Feature","geometry":{"type":"Point","coordinates":[-106.6481,40.929]},"properties":{"s":21.4,"pub":true}},{"type":"Feature","geometry":{"type":"Point","coordinates":[-106.6481,40.9348]},"properties":{"s":21.4,"pub":true}},{"type":"Feature","geometry":{"type":"Point","coordinates":[-106.6481,40.9406]},"properties":{"s":21.4,"pub":true}},{"type":"Feature","geometry":{"type":"Point","coordinates":[-106.6481,40.9464]},"properties":{"s":21.4,"pub":true}},{"type":"Feature","geometry":{"type":"Point","coordinates":[-106.6481,40.9522]},"properties":{"s":21.4,"pub":true}},{"type":"Feature","geometry":{"type":"Point","coordinates":[-106.6481,40.958]},"properties":{"s":50.0,"pub":true}},{"type":"Feature","geometry":{"type":"Point","coordinates":[-106.6481,40.9638]},"properties":{"s":21.4,"pub":true}},{"type":"Feature","geometry":{"type":"Point","coordinates":[-106.6481,40.9696]},"properties":{"s":50.0,"pub":true}},{"type":"Feature","geometry":{"type":"Point","coordinates":[-106.6481,40.9754]},"properties":{"s":50.0,"pub":true}},{"type":"Feature","geometry":{"type":"Point","coordinates":[-106.6481,40.9812]},"properties":{"s":50.0,"pub":true}},{"type":"Feature","geometry":{"type":"Point","coordinates":[-106.6481,40.987]},"properties":{"s":50.0,"pub":true}},{"type":"Feature","geometry":{"type":"Point","coordinates":[-106.6481,40.9928]},"properties":{"s":50.0,"pub":true}},{"type":"Feature","geometry":{"type":"Point","coordinates":[-106.6481,40.9986]},"properties":{"s":50.0,"pub":true}},{"type":"Feature","geometry":{"type":"Point","coordinates":[-106.6406,40.755]},"properties":{"s":21.4,"pub":true}},{"type":"Feature","geometry":{"type":"Point","coordinates":[-106.6406,40.7608]},"properties":{"s":21.4,"pub":true}},{"type":"Feature","geometry":{"type":"Point","coordinates":[-106.6406,40.7666]},"properties":{"s":21.4,"pub":true}},{"type":"Feature","geometry":{"type":"Point","coordinates":[-106.6406,40.7724]},"properties":{"s":21.4,"pub":true}},{"type":"Feature","geometry":{"type":"Point","coordinates":[-106.6406,40.7782]},"properties":{"s":21.4,"pub":true}},{"type":"Feature","geometry":{"type":"Point","coordinates":[-106.6406,40.784]},"properties":{"s":21.4,"pub":true}},{"type":"Feature","geometry":{"type":"Point","coordinates":[-106.6406,40.8188]},"properties":{"s":64.3,"pub":true}},{"type":"Feature","geometry":{"type":"Point","coordinates":[-106.6406,40.8246]},"properties":{"s":64.3,"pub":true}},{"type":"Feature","geometry":{"type":"Point","coordinates":[-106.6406,40.8304]},"properties":{"s":64.3,"pub":true}},{"type":"Feature","geometry":{"type":"Point","coordinates":[-106.6406,40.8362]},"properties":{"s":64.3,"pub":true}},{"type":"Feature","geometry":{"type":"Point","coordinates":[-106.6406,40.842]},"properties":{"s":64.3,"pub":true}},{"type":"Feature","geometry":{"type":"Point","coordinates":[-106.6406,40.8478]},"properties":{"s":64.3,"pub":true}},{"type":"Feature","geometry":{"type":"Point","coordinates":[-106.6406,40.8536]},"properties":{"s":64.3,"pub":true}},{"type":"Feature","geometry":{"type":"Point","coordinates":[-106.6406,40.8594]},"properties":{"s":64.3,"pub":true}},{"type":"Feature","geometry":{"type":"Point","coordinates":[-106.6406,40.8652]},"properties":{"s":21.4,"pub":true}},{"type":"Feature","geometry":{"type":"Point","coordinates":[-106.6406,40.871]},"properties":{"s":21.4,"pub":true}},{"type":"Feature","geometry":{"type":"Point","coordinates":[-106.6406,40.8768]},"properties":{"s":64.3,"pub":true}},{"type":"Feature","geometry":{"type":"Point","coordinates":[-106.6406,40.8826]},"properties":{"s":64.3,"pub":true}},{"type":"Feature","geometry":{"type":"Point","coordinates":[-106.6406,40.8884]},"properties":{"s":64.3,"pub":true}},{"type":"Feature","geometry":{"type":"Point","coordinates":[-106.6406,40.8942]},"properties":{"s":21.4,"pub":true}},{"type":"Feature","geometry":{"type":"Point","coordinates":[-106.6406,40.9]},"properties":{"s":21.4,"pub":true}},{"type":"Feature","geometry":{"type":"Point","coordinates":[-106.6406,40.9058]},"properties":{"s":21.4,"pub":true}},{"type":"Feature","geometry":{"type":"Point","coordinates":[-106.6406,40.9116]},"properties":{"s":21.4,"pub":true}},{"type":"Feature","geometry":{"type":"Point","coordinates":[-106.6406,40.9174]},"properties":{"s":21.4,"pub":true}},{"type":"Feature","geometry":{"type":"Point","coordinates":[-106.6406,40.9232]},"properties":{"s":21.4,"pub":true}},{"type":"Feature","geometry":{"type":"Point","coordinates":[-106.6406,40.929]},"properties":{"s":21.4,"pub":true}},{"type":"Feature","geometry":{"type":"Point","coordinates":[-106.6406,40.9348]},"properties":{"s":21.4,"pub":true}},{"type":"Feature","geometry":{"type":"Point","coordinates":[-106.6406,40.9406]},"properties":{"s":21.4,"pub":true}},{"type":"Feature","geometry":{"type":"Point","coordinates":[-106.6406,40.9464]},"properties":{"s":21.4,"pub":true}},{"type":"Feature","geometry":{"type":"Point","coordinates":[-106.6406,40.9522]},"properties":{"s":50.0,"pub":true}},{"type":"Feature","geometry":{"type":"Point","coordinates":[-106.6406,40.958]},"properties":{"s":50.0,"pub":true}},{"type":"Feature","geometry":{"type":"Point","coordinates":[-106.6406,40.9638]},"properties":{"s":50.0,"pub":true}},{"type":"Feature","geometry":{"type":"Point","coordinates":[-106.6406,40.9696]},"properties":{"s":50.0,"pub":true}},{"type":"Feature","geometry":{"type":"Point","coordinates":[-106.6406,40.9754]},"properties":{"s":50.0,"pub":true}},{"type":"Feature","geometry":{"type":"Point","coordinates":[-106.6406,40.9812]},"properties":{"s":50.0,"pub":true}},{"type":"Feature","geometry":{"type":"Point","coordinates":[-106.6406,40.987]},"properties":{"s":50.0,"pub":true}},{"type":"Feature","geometry":{"type":"Point","coordinates":[-106.6406,40.9928]},"properties":{"s":50.0,"pub":true}},{"type":"Feature","geometry":{"type":"Point","coordinates":[-106.6406,40.9986]},"properties":{"s":50.0,"pub":true}},{"type":"Feature","geometry":{"type":"Point","coordinates":[-106.6331,40.755]},"properties":{"s":21.4,"pub":true}},{"type":"Feature","geometry":{"type":"Point","coordinates":[-106.6331,40.7608]},"properties":{"s":21.4,"pub":true}},{"type":"Feature","geometry":{"type":"Point","coordinates":[-106.6331,40.7666]},"properties":{"s":21.4,"pub":true}},{"type":"Feature","geometry":{"type":"Point","coordinates":[-106.6331,40.7724]},"properties":{"s":21.4,"pub":true}},{"type":"Feature","geometry":{"type":"Point","coordinates":[-106.6331,40.7782]},"properties":{"s":21.4,"pub":true}},{"type":"Feature","geometry":{"type":"Point","coordinates":[-106.6331,40.784]},"properties":{"s":21.4,"pub":true}},{"type":"Feature","geometry":{"type":"Point","coordinates":[-106.6331,40.7898]},"properties":{"s":21.4,"pub":true}},{"type":"Feature","geometry":{"type":"Point","coordinates":[-106.6331,40.7956]},"properties":{"s":21.4,"pub":true}},{"type":"Feature","geometry":{"type":"Point","coordinates":[-106.6331,40.8014]},"properties":{"s":64.3,"pub":true}},{"type":"Feature","geometry":{"type":"Point","coordinates":[-106.6331,40.8072]},"properties":{"s":64.3,"pub":true}},{"type":"Feature","geometry":{"type":"Point","coordinates":[-106.6331,40.813]},"properties":{"s":64.3,"pub":true}},{"type":"Feature","geometry":{"type":"Point","coordinates":[-106.6331,40.8188]},"properties":{"s":64.3,"pub":true}},{"type":"Feature","geometry":{"type":"Point","coordinates":[-106.6331,40.8246]},"properties":{"s":64.3,"pub":true}},{"type":"Feature","geometry":{"type":"Point","coordinates":[-106.6331,40.8304]},"properties":{"s":64.3,"pub":true}},{"type":"Feature","geometry":{"type":"Point","coordinates":[-106.6331,40.8362]},"properties":{"s":64.3,"pub":true}},{"type":"Feature","geometry":{"type":"Point","coordinates":[-106.6331,40.842]},"properties":{"s":64.3,"pub":true}},{"type":"Feature","geometry":{"type":"Point","coordinates":[-106.6331,40.8478]},"properties":{"s":64.3,"pub":true}},{"type":"Feature","geometry":{"type":"Point","coordinates":[-106.6331,40.8536]},"properties":{"s":21.4,"pub":true}},{"type":"Feature","geometry":{"type":"Point","coordinates":[-106.6331,40.8594]},"properties":{"s":21.4,"pub":true}},{"type":"Feature","geometry":{"type":"Point","coordinates":[-106.6331,40.8652]},"properties":{"s":21.4,"pub":true}},{"type":"Feature","geometry":{"type":"Point","coordinates":[-106.6331,40.871]},"properties":{"s":21.4,"pub":true}},{"type":"Feature","geometry":{"type":"Point","coordinates":[-106.6331,40.8768]},"properties":{"s":21.4,"pub":true}},{"type":"Feature","geometry":{"type":"Point","coordinates":[-106.6331,40.8826]},"properties":{"s":21.4,"pub":true}},{"type":"Feature","geometry":{"type":"Point","coordinates":[-106.6331,40.8884]},"properties":{"s":21.4,"pub":true}},{"type":"Feature","geometry":{"type":"Point","coordinates":[-106.6331,40.8942]},"properties":{"s":21.4,"pub":true}},{"type":"Feature","geometry":{"type":"Point","coordinates":[-106.6331,40.9]},"properties":{"s":21.4,"pub":true}},{"type":"Feature","geometry":{"type":"Point","coordinates":[-106.6331,40.9058]},"properties":{"s":21.4,"pub":true}},{"type":"Feature","geometry":{"type":"Point","coordinates":[-106.6331,40.9116]},"properties":{"s":21.4,"pub":true}},{"type":"Feature","geometry":{"type":"Point","coordinates":[-106.6331,40.9174]},"properties":{"s":21.4,"pub":true}},{"type":"Feature","geometry":{"type":"Point","coordinates":[-106.6331,40.9232]},"properties":{"s":21.4,"pub":true}},{"type":"Feature","geometry":{"type":"Point","coordinates":[-106.6331,40.929]},"properties":{"s":21.4,"pub":true}},{"type":"Feature","geometry":{"type":"Point","coordinates":[-106.6331,40.9348]},"properties":{"s":21.4,"pub":true}},{"type":"Feature","geometry":{"type":"Point","coordinates":[-106.6331,40.9406]},"properties":{"s":21.4,"pub":true}},{"type":"Feature","geometry":{"type":"Point","coordinates":[-106.6331,40.9464]},"properties":{"s":21.4,"pub":true}},{"type":"Feature","geometry":{"type":"Point","coordinates":[-106.6331,40.9522]},"properties":{"s":50.0,"pub":true}},{"type":"Feature","geometry":{"type":"Point","coordinates":[-106.6331,40.958]},"properties":{"s":50.0,"pub":true}},{"type":"Feature","geometry":{"type":"Point","coordinates":[-106.6331,40.9638]},"properties":{"s":50.0,"pub":true}},{"type":"Feature","geometry":{"type":"Point","coordinates":[-106.6331,40.9696]},"properties":{"s":50.0,"pub":true}},{"type":"Feature","geometry":{"type":"Point","coordinates":[-106.6331,40.9754]},"properties":{"s":50.0,"pub":true}},{"type":"Feature","geometry":{"type":"Point","coordinates":[-106.6331,40.9812]},"properties":{"s":50.0,"pub":true}},{"type":"Feature","geometry":{"type":"Point","coordinates":[-106.6331,40.987]},"properties":{"s":50.0,"pub":true}},{"type":"Feature","geometry":{"type":"Point","coordinates":[-106.6331,40.9928]},"properties":{"s":50.0,"pub":true}},{"type":"Feature","geometry":{"type":"Point","coordinates":[-106.6331,40.9986]},"properties":{"s":50.0,"pub":true}},{"type":"Feature","geometry":{"type":"Point","coordinates":[-106.6256,40.755]},"properties":{"s":21.4,"pub":true}},{"type":"Feature","geometry":{"type":"Point","coordinates":[-106.6256,40.7608]},"properties":{"s":21.4,"pub":true}},{"type":"Feature","geometry":{"type":"Point","coordinates":[-106.6256,40.7666]},"properties":{"s":21.4,"pub":true}},{"type":"Feature","geometry":{"type":"Point","coordinates":[-106.6256,40.7724]},"properties":{"s":21.4,"pub":true}},{"type":"Feature","geometry":{"type":"Point","coordinates":[-106.6256,40.7782]},"properties":{"s":21.4,"pub":true}},{"type":"Feature","geometry":{"type":"Point","coordinates":[-106.6256,40.784]},"properties":{"s":21.4,"pub":true}},{"type":"Feature","geometry":{"type":"Point","coordinates":[-106.6256,40.7898]},"properties":{"s":21.4,"pub":true}},{"type":"Feature","geometry":{"type":"Point","coordinates":[-106.6256,40.7956]},"properties":{"s":64.3,"pub":true}},{"type":"Feature","geometry":{"type":"Point","coordinates":[-106.6256,40.8014]},"properties":{"s":64.3,"pub":true}},{"type":"Feature","geometry":{"type":"Point","coordinates":[-106.6256,40.8072]},"properties":{"s":64.3,"pub":true}},{"type":"Feature","geometry":{"type":"Point","coordinates":[-106.6256,40.813]},"properties":{"s":64.3,"pub":true}},{"type":"Feature","geometry":{"type":"Point","coordinates":[-106.6256,40.8188]},"properties":{"s":64.3,"pub":true}},{"type":"Feature","geometry":{"type":"Point","coordinates":[-106.6256,40.8246]},"properties":{"s":64.3,"pub":true}},{"type":"Feature","geometry":{"type":"Point","coordinates":[-106.6256,40.8304]},"properties":{"s":64.3,"pub":true}},{"type":"Feature","geometry":{"type":"Point","coordinates":[-106.6256,40.8362]},"properties":{"s":64.3,"pub":true}},{"type":"Feature","geometry":{"type":"Point","coordinates":[-106.6256,40.842]},"properties":{"s":64.3,"pub":true}},{"type":"Feature","geometry":{"type":"Point","coordinates":[-106.6256,40.8478]},"properties":{"s":21.4,"pub":true}},{"type":"Feature","geometry":{"type":"Point","coordinates":[-106.6256,40.8536]},"properties":{"s":21.4,"pub":true}},{"type":"Feature","geometry":{"type":"Point","coordinates":[-106.6256,40.8594]},"properties":{"s":21.4,"pub":true}},{"type":"Feature","geometry":{"type":"Point","coordinates":[-106.6256,40.8652]},"properties":{"s":21.4,"pub":true}},{"type":"Feature","geometry":{"type":"Point","coordinates":[-106.6256,40.871]},"properties":{"s":21.4,"pub":true}},{"type":"Feature","geometry":{"type":"Point","coordinates":[-106.6256,40.8768]},"properties":{"s":21.4,"pub":true}},{"type":"Feature","geometry":{"type":"Point","coordinates":[-106.6256,40.8826]},"properties":{"s":21.4,"pub":true}},{"type":"Feature","geometry":{"type":"Point","coordinates":[-106.6256,40.8884]},"properties":{"s":21.4,"pub":true}},{"type":"Feature","geometry":{"type":"Point","coordinates":[-106.6256,40.8942]},"properties":{"s":21.4,"pub":true}},{"type":"Feature","geometry":{"type":"Point","coordinates":[-106.6256,40.9]},"properties":{"s":21.4,"pub":true}},{"type":"Feature","geometry":{"type":"Point","coordinates":[-106.6256,40.9058]},"properties":{"s":50.0,"pub":true}},{"type":"Feature","geometry":{"type":"Point","coordinates":[-106.6256,40.9116]},"properties":{"s":50.0,"pub":true}},{"type":"Feature","geometry":{"type":"Point","coordinates":[-106.6256,40.9174]},"properties":{"s":50.0,"pub":true}},{"type":"Feature","geometry":{"type":"Point","coordinates":[-106.6256,40.9232]},"properties":{"s":21.4,"pub":true}},{"type":"Feature","geometry":{"type":"Point","coordinates":[-106.6256,40.929]},"properties":{"s":21.4,"pub":true}},{"type":"Feature","geometry":{"type":"Point","coordinates":[-106.6256,40.9348]},"properties":{"s":21.4,"pub":true}},{"type":"Feature","geometry":{"type":"Point","coordinates":[-106.6256,40.9406]},"properties":{"s":21.4,"pub":true}},{"type":"Feature","geometry":{"type":"Point","coordinates":[-106.6256,40.9464]},"properties":{"s":21.4,"pub":true}},{"type":"Feature","geometry":{"type":"Point","coordinates":[-106.6256,40.9522]},"properties":{"s":50.0,"pub":true}},{"type":"Feature","geometry":{"type":"Point","coordinates":[-106.6256,40.958]},"properties":{"s":50.0,"pub":true}},{"type":"Feature","geometry":{"type":"Point","coordinates":[-106.6256,40.9638]},"properties":{"s":50.0,"pub":true}},{"type":"Feature","geometry":{"type":"Point","coordinates":[-106.6256,40.9696]},"properties":{"s":50.0,"pub":true}},{"type":"Feature","geometry":{"type":"Point","coordinates":[-106.6256,40.9754]},"properties":{"s":50.0,"pub":true}},{"type":"Feature","geometry":{"type":"Point","coordinates":[-106.6256,40.9812]},"properties":{"s":50.0,"pub":true}},{"type":"Feature","geometry":{"type":"Point","coordinates":[-106.6256,40.987]},"properties":{"s":50.0,"pub":true}},{"type":"Feature","geometry":{"type":"Point","coordinates":[-106.6256,40.9928]},"properties":{"s":50.0,"pub":true}},{"type":"Feature","geometry":{"type":"Point","coordinates":[-106.6256,40.9986]},"properties":{"s":50.0,"pub":true}},{"type":"Feature","geometry":{"type":"Point","coordinates":[-106.6181,40.755]},"properties":{"s":21.4,"pub":true}},{"type":"Feature","geometry":{"type":"Point","coordinates":[-106.6181,40.7608]},"properties":{"s":21.4,"pub":true}},{"type":"Feature","geometry":{"type":"Point","coordinates":[-106.6181,40.7666]},"properties":{"s":21.4,"pub":true}},{"type":"Feature","geometry":{"type":"Point","coordinates":[-106.6181,40.7724]},"properties":{"s":21.4,"pub":true}},{"type":"Feature","geometry":{"type":"Point","coordinates":[-106.6181,40.7782]},"properties":{"s":21.4,"pub":true}},{"type":"Feature","geometry":{"type":"Point","coordinates":[-106.6181,40.784]},"properties":{"s":21.4,"pub":true}},{"type":"Feature","geometry":{"type":"Point","coordinates":[-106.6181,40.7898]},"properties":{"s":64.3,"pub":true}},{"type":"Feature","geometry":{"type":"Point","coordinates":[-106.6181,40.7956]},"properties":{"s":64.3,"pub":true}},{"type":"Feature","geometry":{"type":"Point","coordinates":[-106.6181,40.8014]},"properties":{"s":64.3,"pub":true}},{"type":"Feature","geometry":{"type":"Point","coordinates":[-106.6181,40.8072]},"properties":{"s":21.4,"pub":true}},{"type":"Feature","geometry":{"type":"Point","coordinates":[-106.6181,40.813]},"properties":{"s":21.4,"pub":true}},{"type":"Feature","geometry":{"type":"Point","coordinates":[-106.6181,40.8188]},"properties":{"s":64.3,"pub":true}},{"type":"Feature","geometry":{"type":"Point","coordinates":[-106.6181,40.8246]},"properties":{"s":64.3,"pub":true}},{"type":"Feature","geometry":{"type":"Point","coordinates":[-106.6181,40.8304]},"properties":{"s":64.3,"pub":true}},{"type":"Feature","geometry":{"type":"Point","coordinates":[-106.6181,40.8362]},"properties":{"s":64.3,"pub":true}},{"type":"Feature","geometry":{"type":"Point","coordinates":[-106.6181,40.842]},"properties":{"s":64.3,"pub":true}},{"type":"Feature","geometry":{"type":"Point","coordinates":[-106.6181,40.8478]},"properties":{"s":21.4,"pub":true}},{"type":"Feature","geometry":{"type":"Point","coordinates":[-106.6181,40.8536]},"properties":{"s":21.4,"pub":true}},{"type":"Feature","geometry":{"type":"Point","coordinates":[-106.6181,40.8594]},"properties":{"s":21.4,"pub":true}},{"type":"Feature","geometry":{"type":"Point","coordinates":[-106.6181,40.8652]},"properties":{"s":21.4,"pub":true}},{"type":"Feature","geometry":{"type":"Point","coordinates":[-106.6181,40.871]},"properties":{"s":21.4,"pub":true}},{"type":"Feature","geometry":{"type":"Point","coordinates":[-106.6181,40.8768]},"properties":{"s":21.4,"pub":true}},{"type":"Feature","geometry":{"type":"Point","coordinates":[-106.6181,40.8826]},"properties":{"s":21.4,"pub":true}},{"type":"Feature","geometry":{"type":"Point","coordinates":[-106.6181,40.8884]},"properties":{"s":21.4,"pub":true}},{"type":"Feature","geometry":{"type":"Point","coordinates":[-106.6181,40.8942]},"properties":{"s":21.4,"pub":true}},{"type":"Feature","geometry":{"type":"Point","coordinates":[-106.6181,40.9]},"properties":{"s":50.0,"pub":true}},{"type":"Feature","geometry":{"type":"Point","coordinates":[-106.6181,40.9058]},"properties":{"s":50.0,"pub":true}},{"type":"Feature","geometry":{"type":"Point","coordinates":[-106.6181,40.9116]},"properties":{"s":50.0,"pub":true}},{"type":"Feature","geometry":{"type":"Point","coordinates":[-106.6181,40.9174]},"properties":{"s":50.0,"pub":true}},{"type":"Feature","geometry":{"type":"Point","coordinates":[-106.6181,40.9232]},"properties":{"s":50.0,"pub":true}},{"type":"Feature","geometry":{"type":"Point","coordinates":[-106.6181,40.929]},"properties":{"s":50.0,"pub":true}},{"type":"Feature","geometry":{"type":"Point","coordinates":[-106.6181,40.9348]},"properties":{"s":50.0,"pub":true}},{"type":"Feature","geometry":{"type":"Point","coordinates":[-106.6181,40.9406]},"properties":{"s":21.4,"pub":true}},{"type":"Feature","geometry":{"type":"Point","coordinates":[-106.6181,40.9464]},"properties":{"s":21.4,"pub":true}},{"type":"Feature","geometry":{"type":"Point","coordinates":[-106.6181,40.9522]},"properties":{"s":50.0,"pub":true}},{"type":"Feature","geometry":{"type":"Point","coordinates":[-106.6181,40.958]},"properties":{"s":50.0,"pub":true}},{"type":"Feature","geometry":{"type":"Point","coordinates":[-106.6181,40.9638]},"properties":{"s":50.0,"pub":true}},{"type":"Feature","geometry":{"type":"Point","coordinates":[-106.6181,40.9696]},"properties":{"s":50.0,"pub":true}},{"type":"Feature","geometry":{"type":"Point","coordinates":[-106.6181,40.9754]},"properties":{"s":50.0,"pub":true}},{"type":"Feature","geometry":{"type":"Point","coordinates":[-106.6181,40.9812]},"properties":{"s":50.0,"pub":true}},{"type":"Feature","geometry":{"type":"Point","coordinates":[-106.6181,40.987]},"properties":{"s":50.0,"pub":true}},{"type":"Feature","geometry":{"type":"Point","coordinates":[-106.6181,40.9928]},"properties":{"s":50.0,"pub":true}},{"type":"Feature","geometry":{"type":"Point","coordinates":[-106.6181,40.9986]},"properties":{"s":50.0,"pub":true}},{"type":"Feature","geometry":{"type":"Point","coordinates":[-106.6106,40.7492]},"properties":{"s":50.0,"pub":true}},{"type":"Feature","geometry":{"type":"Point","coordinates":[-106.6106,40.755]},"properties":{"s":21.4,"pub":true}},{"type":"Feature","geometry":{"type":"Point","coordinates":[-106.6106,40.7608]},"properties":{"s":21.4,"pub":true}},{"type":"Feature","geometry":{"type":"Point","coordinates":[-106.6106,40.7666]},"properties":{"s":21.4,"pub":true}},{"type":"Feature","geometry":{"type":"Point","coordinates":[-106.6106,40.7724]},"properties":{"s":21.4,"pub":true}},{"type":"Feature","geometry":{"type":"Point","coordinates":[-106.6106,40.7782]},"properties":{"s":21.4,"pub":true}},{"type":"Feature","geometry":{"type":"Point","coordinates":[-106.6106,40.784]},"properties":{"s":21.4,"pub":true}},{"type":"Feature","geometry":{"type":"Point","coordinates":[-106.6106,40.7898]},"properties":{"s":64.3,"pub":true}},{"type":"Feature","geometry":{"type":"Point","coordinates":[-106.6106,40.7956]},"properties":{"s":64.3,"pub":true}},{"type":"Feature","geometry":{"type":"Point","coordinates":[-106.6106,40.8014]},"properties":{"s":21.4,"pub":true}},{"type":"Feature","geometry":{"type":"Point","coordinates":[-106.6106,40.8072]},"properties":{"s":21.4,"pub":true}},{"type":"Feature","geometry":{"type":"Point","coordinates":[-106.6106,40.813]},"properties":{"s":21.4,"pub":true}},{"type":"Feature","geometry":{"type":"Point","coordinates":[-106.6106,40.8188]},"properties":{"s":21.4,"pub":true}},{"type":"Feature","geometry":{"type":"Point","coordinates":[-106.6106,40.8246]},"properties":{"s":21.4,"pub":true}},{"type":"Feature","geometry":{"type":"Point","coordinates":[-106.6106,40.8304]},"properties":{"s":64.3,"pub":true}},{"type":"Feature","geometry":{"type":"Point","coordinates":[-106.6106,40.8362]},"properties":{"s":21.4,"pub":true}},{"type":"Feature","geometry":{"type":"Point","coordinates":[-106.6106,40.842]},"properties":{"s":21.4,"pub":true}},{"type":"Feature","geometry":{"type":"Point","coordinates":[-106.6106,40.8478]},"properties":{"s":21.4,"pub":true}},{"type":"Feature","geometry":{"type":"Point","coordinates":[-106.6106,40.8536]},"properties":{"s":21.4,"pub":true}},{"type":"Feature","geometry":{"type":"Point","coordinates":[-106.6106,40.8594]},"properties":{"s":21.4,"pub":true}},{"type":"Feature","geometry":{"type":"Point","coordinates":[-106.6106,40.8652]},"properties":{"s":21.4,"pub":true}},{"type":"Feature","geometry":{"type":"Point","coordinates":[-106.6106,40.871]},"properties":{"s":21.4,"pub":true}},{"type":"Feature","geometry":{"type":"Point","coordinates":[-106.6106,40.8768]},"properties":{"s":50.0,"pub":true}},{"type":"Feature","geometry":{"type":"Point","coordinates":[-106.6106,40.8826]},"properties":{"s":50.0,"pub":true}},{"type":"Feature","geometry":{"type":"Point","coordinates":[-106.6106,40.8884]},"properties":{"s":21.4,"pub":true}},{"type":"Feature","geometry":{"type":"Point","coordinates":[-106.6106,40.8942]},"properties":{"s":50.0,"pub":true}},{"type":"Feature","geometry":{"type":"Point","coordinates":[-106.6106,40.9]},"properties":{"s":50.0,"pub":true}},{"type":"Feature","geometry":{"type":"Point","coordinates":[-106.6106,40.9058]},"properties":{"s":50.0,"pub":true}},{"type":"Feature","geometry":{"type":"Point","coordinates":[-106.6106,40.9116]},"properties":{"s":50.0,"pub":true}},{"type":"Feature","geometry":{"type":"Point","coordinates":[-106.6106,40.9174]},"properties":{"s":50.0,"pub":true}},{"type":"Feature","geometry":{"type":"Point","coordinates":[-106.6106,40.9232]},"properties":{"s":50.0,"pub":true}},{"type":"Feature","geometry":{"type":"Point","coordinates":[-106.6106,40.929]},"properties":{"s":50.0,"pub":true}},{"type":"Feature","geometry":{"type":"Point","coordinates":[-106.6106,40.9348]},"properties":{"s":50.0,"pub":true}},{"type":"Feature","geometry":{"type":"Point","coordinates":[-106.6106,40.9406]},"properties":{"s":50.0,"pub":true}},{"type":"Feature","geometry":{"type":"Point","coordinates":[-106.6106,40.9464]},"properties":{"s":50.0,"pub":true}},{"type":"Feature","geometry":{"type":"Point","coordinates":[-106.6106,40.9522]},"properties":{"s":50.0,"pub":true}},{"type":"Feature","geometry":{"type":"Point","coordinates":[-106.6106,40.958]},"properties":{"s":50.0,"pub":true}},{"type":"Feature","geometry":{"type":"Point","coordinates":[-106.6106,40.9638]},"properties":{"s":50.0,"pub":true}},{"type":"Feature","geometry":{"type":"Point","coordinates":[-106.6106,40.9696]},"properties":{"s":50.0,"pub":true}},{"type":"Feature","geometry":{"type":"Point","coordinates":[-106.6106,40.9754]},"properties":{"s":28.6,"pub":true}},{"type":"Feature","geometry":{"type":"Point","coordinates":[-106.6106,40.9812]},"properties":{"s":50.0,"pub":true}},{"type":"Feature","geometry":{"type":"Point","coordinates":[-106.6106,40.987]},"properties":{"s":50.0,"pub":true}},{"type":"Feature","geometry":{"type":"Point","coordinates":[-106.6106,40.9928]},"properties":{"s":28.6,"pub":true}},{"type":"Feature","geometry":{"type":"Point","coordinates":[-106.6106,40.9986]},"properties":{"s":50.0,"pub":true}},{"type":"Feature","geometry":{"type":"Point","coordinates":[-106.6031,40.7492]},"properties":{"s":50.0,"pub":true}},{"type":"Feature","geometry":{"type":"Point","coordinates":[-106.6031,40.755]},"properties":{"s":50.0,"pub":true}},{"type":"Feature","geometry":{"type":"Point","coordinates":[-106.6031,40.7608]},"properties":{"s":21.4,"pub":true}},{"type":"Feature","geometry":{"type":"Point","coordinates":[-106.6031,40.7666]},"properties":{"s":21.4,"pub":true}},{"type":"Feature","geometry":{"type":"Point","coordinates":[-106.6031,40.7724]},"properties":{"s":21.4,"pub":true}},{"type":"Feature","geometry":{"type":"Point","coordinates":[-106.6031,40.7782]},"properties":{"s":21.4,"pub":true}},{"type":"Feature","geometry":{"type":"Point","coordinates":[-106.6031,40.784]},"properties":{"s":21.4,"pub":true}},{"type":"Feature","geometry":{"type":"Point","coordinates":[-106.6031,40.7898]},"properties":{"s":21.4,"pub":true}},{"type":"Feature","geometry":{"type":"Point","coordinates":[-106.6031,40.7956]},"properties":{"s":21.4,"pub":true}},{"type":"Feature","geometry":{"type":"Point","coordinates":[-106.6031,40.8014]},"properties":{"s":21.4,"pub":true}},{"type":"Feature","geometry":{"type":"Point","coordinates":[-106.6031,40.8072]},"properties":{"s":50.0,"pub":true}},{"type":"Feature","geometry":{"type":"Point","coordinates":[-106.6031,40.813]},"properties":{"s":50.0,"pub":true}},{"type":"Feature","geometry":{"type":"Point","coordinates":[-106.6031,40.8188]},"properties":{"s":50.0,"pub":true}},{"type":"Feature","geometry":{"type":"Point","coordinates":[-106.6031,40.8246]},"properties":{"s":50.0,"pub":true}},{"type":"Feature","geometry":{"type":"Point","coordinates":[-106.6031,40.8304]},"properties":{"s":50.0,"pub":true}},{"type":"Feature","geometry":{"type":"Point","coordinates":[-106.6031,40.8362]},"properties":{"s":50.0,"pub":true}},{"type":"Feature","geometry":{"type":"Point","coordinates":[-106.6031,40.842]},"properties":{"s":50.0,"pub":true}},{"type":"Feature","geometry":{"type":"Point","coordinates":[-106.6031,40.8478]},"properties":{"s":50.0,"pub":true}},{"type":"Feature","geometry":{"type":"Point","coordinates":[-106.6031,40.8536]},"properties":{"s":21.4,"pub":true}},{"type":"Feature","geometry":{"type":"Point","coordinates":[-106.6031,40.8594]},"properties":{"s":21.4,"pub":true}},{"type":"Feature","geometry":{"type":"Point","coordinates":[-106.6031,40.8652]},"properties":{"s":50.0,"pub":true}},{"type":"Feature","geometry":{"type":"Point","coordinates":[-106.6031,40.871]},"properties":{"s":50.0,"pub":true}},{"type":"Feature","geometry":{"type":"Point","coordinates":[-106.6031,40.8768]},"properties":{"s":50.0,"pub":true}},{"type":"Feature","geometry":{"type":"Point","coordinates":[-106.6031,40.8826]},"properties":{"s":50.0,"pub":true}},{"type":"Feature","geometry":{"type":"Point","coordinates":[-106.6031,40.8884]},"properties":{"s":50.0,"pub":true}},{"type":"Feature","geometry":{"type":"Point","coordinates":[-106.6031,40.8942]},"properties":{"s":50.0,"pub":true}},{"type":"Feature","geometry":{"type":"Point","coordinates":[-106.6031,40.9]},"properties":{"s":50.0,"pub":true}},{"type":"Feature","geometry":{"type":"Point","coordinates":[-106.6031,40.9058]},"properties":{"s":50.0,"pub":true}},{"type":"Feature","geometry":{"type":"Point","coordinates":[-106.6031,40.9116]},"properties":{"s":50.0,"pub":true}},{"type":"Feature","geometry":{"type":"Point","coordinates":[-106.6031,40.9174]},"properties":{"s":50.0,"pub":true}},{"type":"Feature","geometry":{"type":"Point","coordinates":[-106.6031,40.9232]},"properties":{"s":50.0,"pub":true}},{"type":"Feature","geometry":{"type":"Point","coordinates":[-106.6031,40.929]},"properties":{"s":50.0,"pub":true}},{"type":"Feature","geometry":{"type":"Point","coordinates":[-106.6031,40.9348]},"properties":{"s":50.0,"pub":true}},{"type":"Feature","geometry":{"type":"Point","coordinates":[-106.6031,40.9406]},"properties":{"s":50.0,"pub":true}},{"type":"Feature","geometry":{"type":"Point","coordinates":[-106.6031,40.9464]},"properties":{"s":50.0,"pub":true}},{"type":"Feature","geometry":{"type":"Point","coordinates":[-106.6031,40.9522]},"properties":{"s":50.0,"pub":true}},{"type":"Feature","geometry":{"type":"Point","coordinates":[-106.6031,40.958]},"properties":{"s":50.0,"pub":true}},{"type":"Feature","geometry":{"type":"Point","coordinates":[-106.6031,40.9638]},"properties":{"s":50.0,"pub":true}},{"type":"Feature","geometry":{"type":"Point","coordinates":[-106.6031,40.9696]},"properties":{"s":50.0,"pub":true}},{"type":"Feature","geometry":{"type":"Point","coordinates":[-106.6031,40.9754]},"properties":{"s":50.0,"pub":true}},{"type":"Feature","geometry":{"type":"Point","coordinates":[-106.6031,40.9812]},"properties":{"s":28.6,"pub":true}},{"type":"Feature","geometry":{"type":"Point","coordinates":[-106.6031,40.987]},"properties":{"s":50.0,"pub":true}},{"type":"Feature","geometry":{"type":"Point","coordinates":[-106.6031,40.9928]},"properties":{"s":28.6,"pub":true}},{"type":"Feature","geometry":{"type":"Point","coordinates":[-106.6031,40.9986]},"properties":{"s":28.6,"pub":true}},{"type":"Feature","geometry":{"type":"Point","coordinates":[-106.5956,40.7492]},"properties":{"s":50.0,"pub":true}},{"type":"Feature","geometry":{"type":"Point","coordinates":[-106.5956,40.755]},"properties":{"s":50.0,"pub":true}},{"type":"Feature","geometry":{"type":"Point","coordinates":[-106.5956,40.7608]},"properties":{"s":21.4,"pub":true}},{"type":"Feature","geometry":{"type":"Point","coordinates":[-106.5956,40.7666]},"properties":{"s":21.4,"pub":true}},{"type":"Feature","geometry":{"type":"Point","coordinates":[-106.5956,40.7724]},"properties":{"s":21.4,"pub":true}},{"type":"Feature","geometry":{"type":"Point","coordinates":[-106.5956,40.7782]},"properties":{"s":21.4,"pub":true}},{"type":"Feature","geometry":{"type":"Point","coordinates":[-106.5956,40.784]},"properties":{"s":50.0,"pub":true}},{"type":"Feature","geometry":{"type":"Point","coordinates":[-106.5956,40.7898]},"properties":{"s":50.0,"pub":true}},{"type":"Feature","geometry":{"type":"Point","coordinates":[-106.5956,40.7956]},"properties":{"s":50.0,"pub":true}},{"type":"Feature","geometry":{"type":"Point","coordinates":[-106.5956,40.8014]},"properties":{"s":50.0,"pub":true}},{"type":"Feature","geometry":{"type":"Point","coordinates":[-106.5956,40.8072]},"properties":{"s":50.0,"pub":true}},{"type":"Feature","geometry":{"type":"Point","coordinates":[-106.5956,40.813]},"properties":{"s":50.0,"pub":true}},{"type":"Feature","geometry":{"type":"Point","coordinates":[-106.5956,40.8188]},"properties":{"s":50.0,"pub":true}},{"type":"Feature","geometry":{"type":"Point","coordinates":[-106.5956,40.8246]},"properties":{"s":50.0,"pub":true}},{"type":"Feature","geometry":{"type":"Point","coordinates":[-106.5956,40.8304]},"properties":{"s":50.0,"pub":true}},{"type":"Feature","geometry":{"type":"Point","coordinates":[-106.5956,40.8362]},"properties":{"s":50.0,"pub":true}},{"type":"Feature","geometry":{"type":"Point","coordinates":[-106.5956,40.842]},"properties":{"s":50.0,"pub":true}},{"type":"Feature","geometry":{"type":"Point","coordinates":[-106.5956,40.8478]},"properties":{"s":50.0,"pub":true}},{"type":"Feature","geometry":{"type":"Point","coordinates":[-106.5956,40.8536]},"properties":{"s":50.0,"pub":true}},{"type":"Feature","geometry":{"type":"Point","coordinates":[-106.5956,40.8594]},"properties":{"s":50.0,"pub":true}},{"type":"Feature","geometry":{"type":"Point","coordinates":[-106.5956,40.8652]},"properties":{"s":50.0,"pub":true}},{"type":"Feature","geometry":{"type":"Point","coordinates":[-106.5956,40.871]},"properties":{"s":50.0,"pub":true}},{"type":"Feature","geometry":{"type":"Point","coordinates":[-106.5956,40.8768]},"properties":{"s":50.0,"pub":true}},{"type":"Feature","geometry":{"type":"Point","coordinates":[-106.5956,40.8826]},"properties":{"s":50.0,"pub":true}},{"type":"Feature","geometry":{"type":"Point","coordinates":[-106.5956,40.8884]},"properties":{"s":50.0,"pub":true}},{"type":"Feature","geometry":{"type":"Point","coordinates":[-106.5956,40.8942]},"properties":{"s":50.0,"pub":true}},{"type":"Feature","geometry":{"type":"Point","coordinates":[-106.5956,40.9]},"properties":{"s":50.0,"pub":true}},{"type":"Feature","geometry":{"type":"Point","coordinates":[-106.5956,40.9058]},"properties":{"s":50.0,"pub":true}},{"type":"Feature","geometry":{"type":"Point","coordinates":[-106.5956,40.9116]},"properties":{"s":53.6,"pub":true}},{"type":"Feature","geometry":{"type":"Point","coordinates":[-106.5956,40.9174]},"properties":{"s":53.6,"pub":true}},{"type":"Feature","geometry":{"type":"Point","coordinates":[-106.5956,40.9232]},"properties":{"s":53.6,"pub":true}},{"type":"Feature","geometry":{"type":"Point","coordinates":[-106.5956,40.929]},"properties":{"s":50.0,"pub":true}},{"type":"Feature","geometry":{"type":"Point","coordinates":[-106.5956,40.9348]},"properties":{"s":50.0,"pub":true}},{"type":"Feature","geometry":{"type":"Point","coordinates":[-106.5956,40.9406]},"properties":{"s":50.0,"pub":true}},{"type":"Feature","geometry":{"type":"Point","coordinates":[-106.5956,40.9464]},"properties":{"s":50.0,"pub":true}},{"type":"Feature","geometry":{"type":"Point","coordinates":[-106.5956,40.9522]},"properties":{"s":50.0,"pub":true}},{"type":"Feature","geometry":{"type":"Point","coordinates":[-106.5956,40.958]},"properties":{"s":50.0,"pub":true}},{"type":"Feature","geometry":{"type":"Point","coordinates":[-106.5956,40.9638]},"properties":{"s":50.0,"pub":true}},{"type":"Feature","geometry":{"type":"Point","coordinates":[-106.5956,40.9696]},"properties":{"s":50.0,"pub":true}},{"type":"Feature","geometry":{"type":"Point","coordinates":[-106.5956,40.9754]},"properties":{"s":28.6,"pub":true}},{"type":"Feature","geometry":{"type":"Point","coordinates":[-106.5956,40.9812]},"properties":{"s":28.6,"pub":true}},{"type":"Feature","geometry":{"type":"Point","coordinates":[-106.5956,40.987]},"properties":{"s":28.6,"pub":true}},{"type":"Feature","geometry":{"type":"Point","coordinates":[-106.5956,40.9928]},"properties":{"s":28.6,"pub":true}},{"type":"Feature","geometry":{"type":"Point","coordinates":[-106.5956,40.9986]},"properties":{"s":28.6,"pub":true}},{"type":"Feature","geometry":{"type":"Point","coordinates":[-106.5881,40.7492]},"properties":{"s":50.0,"pub":true}},{"type":"Feature","geometry":{"type":"Point","coordinates":[-106.5881,40.755]},"properties":{"s":50.0,"pub":true}},{"type":"Feature","geometry":{"type":"Point","coordinates":[-106.5881,40.7608]},"properties":{"s":21.4,"pub":true}},{"type":"Feature","geometry":{"type":"Point","coordinates":[-106.5881,40.7666]},"properties":{"s":21.4,"pub":true}},{"type":"Feature","geometry":{"type":"Point","coordinates":[-106.5881,40.7724]},"properties":{"s":50.0,"pub":true}},{"type":"Feature","geometry":{"type":"Point","coordinates":[-106.5881,40.7782]},"properties":{"s":50.0,"pub":true}},{"type":"Feature","geometry":{"type":"Point","coordinates":[-106.5881,40.784]},"properties":{"s":50.0,"pub":true}},{"type":"Feature","geometry":{"type":"Point","coordinates":[-106.5881,40.7898]},"properties":{"s":50.0,"pub":true}},{"type":"Feature","geometry":{"type":"Point","coordinates":[-106.5881,40.7956]},"properties":{"s":50.0,"pub":true}},{"type":"Feature","geometry":{"type":"Point","coordinates":[-106.5881,40.8014]},"properties":{"s":50.0,"pub":true}},{"type":"Feature","geometry":{"type":"Point","coordinates":[-106.5881,40.8072]},"properties":{"s":50.0,"pub":true}},{"type":"Feature","geometry":{"type":"Point","coordinates":[-106.5881,40.813]},"properties":{"s":50.0,"pub":true}},{"type":"Feature","geometry":{"type":"Point","coordinates":[-106.5881,40.8188]},"properties":{"s":50.0,"pub":true}},{"type":"Feature","geometry":{"type":"Point","coordinates":[-106.5881,40.8246]},"properties":{"s":50.0,"pub":true}},{"type":"Feature","geometry":{"type":"Point","coordinates":[-106.5881,40.8304]},"properties":{"s":50.0,"pub":true}},{"type":"Feature","geometry":{"type":"Point","coordinates":[-106.5881,40.8362]},"properties":{"s":50.0,"pub":true}},{"type":"Feature","geometry":{"type":"Point","coordinates":[-106.5881,40.842]},"properties":{"s":50.0,"pub":true}},{"type":"Feature","geometry":{"type":"Point","coordinates":[-106.5881,40.8478]},"properties":{"s":50.0,"pub":true}},{"type":"Feature","geometry":{"type":"Point","coordinates":[-106.5881,40.8536]},"properties":{"s":50.0,"pub":true}},{"type":"Feature","geometry":{"type":"Point","coordinates":[-106.5881,40.8594]},"properties":{"s":50.0,"pub":true}},{"type":"Feature","geometry":{"type":"Point","coordinates":[-106.5881,40.8652]},"properties":{"s":50.0,"pub":true}},{"type":"Feature","geometry":{"type":"Point","coordinates":[-106.5881,40.871]},"properties":{"s":50.0,"pub":true}},{"type":"Feature","geometry":{"type":"Point","coordinates":[-106.5881,40.8768]},"properties":{"s":50.0,"pub":true}},{"type":"Feature","geometry":{"type":"Point","coordinates":[-106.5881,40.8826]},"properties":{"s":50.0,"pub":true}},{"type":"Feature","geometry":{"type":"Point","coordinates":[-106.5881,40.8884]},"properties":{"s":50.0,"pub":true}},{"type":"Feature","geometry":{"type":"Point","coordinates":[-106.5881,40.8942]},"properties":{"s":50.0,"pub":true}},{"type":"Feature","geometry":{"type":"Point","coordinates":[-106.5881,40.9]},"properties":{"s":53.6,"pub":true}},{"type":"Feature","geometry":{"type":"Point","coordinates":[-106.5881,40.9058]},"properties":{"s":53.6,"pub":true}},{"type":"Feature","geometry":{"type":"Point","coordinates":[-106.5881,40.9116]},"properties":{"s":53.6,"pub":true}},{"type":"Feature","geometry":{"type":"Point","coordinates":[-106.5881,40.9174]},"properties":{"s":53.6,"pub":true}},{"type":"Feature","geometry":{"type":"Point","coordinates":[-106.5881,40.9232]},"properties":{"s":53.6,"pub":true}},{"type":"Feature","geometry":{"type":"Point","coordinates":[-106.5881,40.929]},"properties":{"s":53.6,"pub":true}},{"type":"Feature","geometry":{"type":"Point","coordinates":[-106.5881,40.9348]},"properties":{"s":50.0,"pub":true}}]}