{"type":"FeatureCollection","features":[{"type":"Feature","geometry":{"type":"Point","coordinates":[-106.2818,40.591]},"properties":{"s":28.6,"pub":true}},{"type":"Feature","geometry":{"type":"Point","coordinates":[-106.2818,40.5968]},"properties":{"s":71.4,"pub":true}},{"type":"Feature","geometry":{"type":"Point","coordinates":[-106.2818,40.6026]},"properties":{"s":71.4,"pub":true}},{"type":"Feature","geometry":{"type":"Point","coordinates":[-106.2818,40.6084]},"properties":{"s":28.6,"pub":true}},{"type":"Feature","geometry":{"type":"Point","coordinates":[-106.2743,40.5794]},"properties":{"s":28.6,"pub":false}},{"type":"Feature","geometry":{"type":"Point","coordinates":[-106.2743,40.5852]},"properties":{"s":71.4,"pub":true}},{"type":"Feature","geometry":{"type":"Point","coordinates":[-106.2743,40.591]},"properties":{"s":71.4,"pub":true}},{"type":"Feature","geometry":{"type":"Point","coordinates":[-106.2743,40.5968]},"properties":{"s":71.4,"pub":true}},{"type":"Feature","geometry":{"type":"Point","coordinates":[-106.2743,40.6026]},"properties":{"s":71.4,"pub":true}},{"type":"Feature","geometry":{"type":"Point","coordinates":[-106.2743,40.6084]},"properties":{"s":71.4,"pub":true}},{"type":"Feature","geometry":{"type":"Point","coordinates":[-106.2743,40.6142]},"properties":{"s":26.2,"pub":true}},{"type":"Feature","geometry":{"type":"Point","coordinates":[-106.2668,40.5736]},"properties":{"s":26.2,"pub":false}},{"type":"Feature","geometry":{"type":"Point","coordinates":[-106.2668,40.5794]},"properties":{"s":71.4,"pub":false}},{"type":"Feature","geometry":{"type":"Point","coordinates":[-106.2668,40.5852]},"properties":{"s":71.4,"pub":true}},{"type":"Feature","geometry":{"type":"Point","coordinates":[-106.2668,40.591]},"properties":{"s":71.4,"pub":true}},{"type":"Feature","geometry":{"type":"Point","coordinates":[-106.2668,40.5968]},"properties":{"s":71.4,"pub":true}},{"type":"Feature","geometry":{"type":"Point","coordinates":[-106.2668,40.6026]},"properties":{"s":26.2,"pub":true}},{"type":"Feature","geometry":{"type":"Point","coordinates":[-106.2593,40.5678]},"properties":{"s":26.2,"pub":false}},{"type":"Feature","geometry":{"type":"Point","coordinates":[-106.2593,40.5736]},"properties":{"s":71.4,"pub":false}},{"type":"Feature","geometry":{"type":"Point","coordinates":[-106.2593,40.5794]},"properties":{"s":100.0,"pub":false}},{"type":"Feature","geometry":{"type":"Point","coordinates":[-106.2593,40.5852]},"properties":{"s":71.4,"pub":true}},{"type":"Feature","geometry":{"type":"Point","coordinates":[-106.2518,40.562]},"properties":{"s":26.2,"pub":false}},{"type":"Feature","geometry":{"type":"Point","coordinates":[-106.2518,40.5678]},"properties":{"s":26.2,"pub":false}},{"type":"Feature","geometry":{"type":"Point","coordinates":[-106.2518,40.5736]},"properties":{"s":71.4,"pub":false}},{"type":"Feature","geometry":{"type":"Point","coordinates":[-106.2518,40.5794]},"properties":{"s":100.0,"pub":false}},{"type":"Feature","geometry":{"type":"Point","coordinates":[-106.2443,40.5504]},"properties":{"s":26.2,"pub":false}},{"type":"Feature","geometry":{"type":"Point","coordinates":[-106.2443,40.5562]},"properties":{"s":26.2,"pub":false}},{"type":"Feature","geometry":{"type":"Point","coordinates":[-106.2443,40.562]},"properties":{"s":26.2,"pub":true}},{"type":"Feature","geometry":{"type":"Point","coordinates":[-106.2443,40.5678]},"properties":{"s":71.4,"pub":true}},{"type":"Feature","geometry":{"type":"Point","coordinates":[-106.2443,40.5736]},"properties":{"s":100.0,"pub":true}},{"type":"Feature","geometry":{"type":"Point","coordinates":[-106.2368,40.5388]},"properties":{"s":26.2,"pub":false}},{"type":"Feature","geometry":{"type":"Point","coordinates":[-106.2368,40.5446]},"properties":{"s":26.2,"pub":false}},{"type":"Feature","geometry":{"type":"Point","coordinates":[-106.2368,40.5504]},"properties":{"s":26.2,"pub":false}},{"type":"Feature","geometry":{"type":"Point","coordinates":[-106.2368,40.5562]},"properties":{"s":28.6,"pub":false}},{"type":"Feature","geometry":{"type":"Point","coordinates":[-106.2368,40.562]},"properties":{"s":71.4,"pub":true}},{"type":"Feature","geometry":{"type":"Point","coordinates":[-106.2368,40.5678]},"properties":{"s":71.4,"pub":true}},{"type":"Feature","geometry":{"type":"Point","coordinates":[-106.2293,40.5272]},"properties":{"s":26.2,"pub":false}},{"type":"Feature","geometry":{"type":"Point","coordinates":[-106.2293,40.533]},"properties":{"s":26.2,"pub":false}},{"type":"Feature","geometry":{"type":"Point","coordinates":[-106.2293,40.5388]},"properties":{"s":71.4,"pub":false}},{"type":"Feature","geometry":{"type":"Point","coordinates":[-106.2293,40.5446]},"properties":{"s":71.4,"pub":false}},{"type":"Feature","geometry":{"type":"Point","coordinates":[-106.2293,40.5504]},"properties":{"s":71.4,"pub":false}},{"type":"Feature","geometry":{"type":"Point","coordinates":[-106.2293,40.5562]},"properties":{"s":71.4,"pub":false}},{"type":"Feature","geometry":{"type":"Point","coordinates":[-106.2218,40.5156]},"properties":{"s":21.4,"pub":true}},{"type":"Feature","geometry":{"type":"Point","coordinates":[-106.2218,40.5214]},"properties":{"s":26.2,"pub":true}},{"type":"Feature","geometry":{"type":"Point","coordinates":[-106.2218,40.5272]},"properties":{"s":28.6,"pub":false}},{"type":"Feature","geometry":{"type":"Point","coordinates":[-106.2218,40.533]},"properties":{"s":71.4,"pub":false}},{"type":"Feature","geometry":{"type":"Point","coordinates":[-106.2218,40.5388]},"properties":{"s":71.4,"pub":false}},{"type":"Feature","geometry":{"type":"Point","coordinates":[-106.2218,40.5446]},"properties":{"s":28.6,"pub":false}},{"type":"Feature","geometry":{"type":"Point","coordinates":[-106.2143,40.4982]},"properties":{"s":19.0,"pub":false}},{"type":"Feature","geometry":{"type":"Point","coordinates":[-106.2143,40.504]},"properties":{"s":21.4,"pub":false}},{"type":"Feature","geometry":{"type":"Point","coordinates":[-106.2143,40.5098]},"properties":{"s":21.4,"pub":false}},{"type":"Feature","geometry":{"type":"Point","coordinates":[-106.2143,40.5156]},"properties":{"s":26.2,"pub":false}},{"type":"Feature","geometry":{"type":"Point","coordinates":[-106.2143,40.5214]},"properties":{"s":69.0,"pub":false}},{"type":"Feature","geometry":{"type":"Point","coordinates":[-106.2143,40.5272]},"properties":{"s":71.4,"pub":true}},{"type":"Feature","geometry":{"type":"Point","coordinates":[-106.2143,40.533]},"properties":{"s":28.6,"pub":true}},{"type":"Feature","geometry":{"type":"Point","coordinates":[-106.2143,40.5388]},"properties":{"s":28.6,"pub":true}},{"type":"Feature","geometry":{"type":"Point","coordinates":[-106.2068,40.475]},"properties":{"s":61.9,"pub":false}},{"type":"Feature","geometry":{"type":"Point","coordinates":[-106.2068,40.4808]},"properties":{"s":61.9,"pub":false}},{"type":"Feature","geometry":{"type":"Point","coordinates":[-106.2068,40.4866]},"properties":{"s":61.9,"pub":false}},{"type":"Feature","geometry":{"type":"Point","coordinates":[-106.2068,40.4924]},"properties":{"s":61.9,"pub":false}},{"type":"Feature","geometry":{"type":"Point","coordinates":[-106.2068,40.4982]},"properties":{"s":61.9,"pub":false}},{"type":"Feature","geometry":{"type":"Point","coordinates":[-106.2068,40.504]},"properties":{"s":61.9,"pub":false}},{"type":"Feature","geometry":{"type":"Point","coordinates":[-106.2068,40.5098]},"properties":{"s":69.0,"pub":false}},{"type":"Feature","geometry":{"type":"Point","coordinates":[-106.2068,40.5156]},"properties":{"s":69.0,"pub":false}},{"type":"Feature","geometry":{"type":"Point","coordinates":[-106.2068,40.5214]},"properties":{"s":69.0,"pub":false}},{"type":"Feature","geometry":{"type":"Point","coordinates":[-106.2068,40.5272]},"properties":{"s":28.6,"pub":true}},{"type":"Feature","geometry":{"type":"Point","coordinates":[-106.1993,40.4634]},"properties":{"s":61.9,"pub":false}},{"type":"Feature","geometry":{"type":"Point","coordinates":[-106.1993,40.4692]},"properties":{"s":61.9,"pub":false}},{"type":"Feature","geometry":{"type":"Point","coordinates":[-106.1993,40.475]},"properties":{"s":61.9,"pub":false}},{"type":"Feature","geometry":{"type":"Point","coordinates":[-106.1993,40.4808]},"properties":{"s":61.9,"pub":false}},{"type":"Feature","geometry":{"type":"Point","coordinates":[-106.1993,40.4866]},"properties":{"s":61.9,"pub":false}},{"type":"Feature","geometry":{"type":"Point","coordinates":[-106.1993,40.4924]},"properties":{"s":61.9,"pub":false}},{"type":"Feature","geometry":{"type":"Point","coordinates":[-106.1993,40.4982]},"properties":{"s":19.0,"pub":false}},{"type":"Feature","geometry":{"type":"Point","coordinates":[-106.1993,40.504]},"properties":{"s":19.0,"pub":false}},{"type":"Feature","geometry":{"type":"Point","coordinates":[-106.1993,40.5098]},"properties":{"s":19.0,"pub":true}},{"type":"Feature","geometry":{"type":"Point","coordinates":[-106.1918,40.4576]},"properties":{"s":61.9,"pub":false}},{"type":"Feature","geometry":{"type":"Point","coordinates":[-106.1918,40.4634]},"properties":{"s":61.9,"pub":false}},{"type":"Feature","geometry":{"type":"Point","coordinates":[-106.1918,40.4692]},"properties":{"s":61.9,"pub":false}},{"type":"Feature","geometry":{"type":"Point","coordinates":[-106.1918,40.475]},"properties":{"s":61.9,"pub":false}},{"type":"Feature","geometry":{"type":"Point","coordinates":[-106.1918,40.4808]},"properties":{"s":61.9,"pub":false}},{"type":"Feature","geometry":{"type":"Point","coordinates":[-106.1918,40.4866]},"properties":{"s":19.0,"pub":false}},{"type":"Feature","geometry":{"type":"Point","coordinates":[-106.1918,40.4924]},"properties":{"s":19.0,"pub":false}},{"type":"Feature","geometry":{"type":"Point","coordinates":[-106.1918,40.4982]},"properties":{"s":19.0,"pub":false}},{"type":"Feature","geometry":{"type":"Point","coordinates":[-106.1918,40.504]},"properties":{"s":19.0,"pub":false}},{"type":"Feature","geometry":{"type":"Point","coordinates":[-106.1918,40.5098]},"properties":{"s":19.0,"pub":false}},{"type":"Feature","geometry":{"type":"Point","coordinates":[-106.1843,40.4576]},"properties":{"s":61.9,"pub":false}},{"type":"Feature","geometry":{"type":"Point","coordinates":[-106.1843,40.4634]},"properties":{"s":61.9,"pub":false}},{"type":"Feature","geometry":{"type":"Point","coordinates":[-106.1843,40.4692]},"properties":{"s":61.9,"pub":false}},{"type":"Feature","geometry":{"type":"Point","coordinates":[-106.1843,40.475]},"properties":{"s":61.9,"pub":false}},{"type":"Feature","geometry":{"type":"Point","coordinates":[-106.1843,40.4808]},"properties":{"s":19.0,"pub":false}},{"type":"Feature","geometry":{"type":"Point","coordinates":[-106.1843,40.4866]},"properties":{"s":19.0,"pub":false}},{"type":"Feature","geometry":{"type":"Point","coordinates":[-106.1843,40.4924]},"properties":{"s":19.0,"pub":false}},{"type":"Feature","geometry":{"type":"Point","coordinates":[-106.1843,40.4982]},"properties":{"s":19.0,"pub":false}},{"type":"Feature","geometry":{"type":"Point","coordinates":[-106.1843,40.504]},"properties":{"s":19.0,"pub":false}},{"type":"Feature","geometry":{"type":"Point","coordinates":[-106.1768,40.4576]},"properties":{"s":61.9,"pub":false}},{"type":"Feature","geometry":{"type":"Point","coordinates":[-106.1768,40.4634]},"properties":{"s":61.9,"pub":false}},{"type":"Feature","geometry":{"type":"Point","coordinates":[-106.1768,40.4692]},"properties":{"s":61.9,"pub":false}},{"type":"Feature","geometry":{"type":"Point","coordinates":[-106.1768,40.475]},"properties":{"s":19.0,"pub":false}},{"type":"Feature","geometry":{"type":"Point","coordinates":[-106.1768,40.4808]},"properties":{"s":19.0,"pub":false}},{"type":"Feature","geometry":{"type":"Point","coordinates":[-106.1768,40.4866]},"properties":{"s":19.0,"pub":false}},{"type":"Feature","geometry":{"type":"Point","coordinates":[-106.1768,40.4924]},"properties":{"s":19.0,"pub":false}},{"type":"Feature","geometry":{"type":"Point","coordinates":[-106.1768,40.4982]},"properties":{"s":19.0,"pub":false}},{"type":"Feature","geometry":{"type":"Point","coordinates":[-106.1693,40.4518]},"properties":{"s":61.9,"pub":false}},{"type":"Feature","geometry":{"type":"Point","coordinates":[-106.1693,40.4576]},"properties":{"s":61.9,"pub":false}},{"type":"Feature","geometry":{"type":"Point","coordinates":[-106.1693,40.4634]},"properties":{"s":61.9,"pub":false}},{"type":"Feature","geometry":{"type":"Point","coordinates":[-106.1693,40.4692]},"properties":{"s":19.0,"pub":false}},{"type":"Feature","geometry":{"type":"Point","coordinates":[-106.1693,40.475]},"properties":{"s":19.0,"pub":false}},{"type":"Feature","geometry":{"type":"Point","coordinates":[-106.1693,40.4808]},"properties":{"s":19.0,"pub":false}},{"type":"Feature","geometry":{"type":"Point","coordinates":[-106.1693,40.4866]},"properties":{"s":19.0,"pub":false}},{"type":"Feature","geometry":{"type":"Point","coordinates":[-106.1693,40.4924]},"properties":{"s":19.0,"pub":false}},{"type":"Feature","geometry":{"type":"Point","coordinates":[-106.1693,40.4982]},"properties":{"s":19.0,"pub":false}},{"type":"Feature","geometry":{"type":"Point","coordinates":[-106.1618,40.446]},"properties":{"s":61.9,"pub":false}},{"type":"Feature","geometry":{"type":"Point","coordinates":[-106.1618,40.4518]},"properties":{"s":61.9,"pub":false}},{"type":"Feature","geometry":{"type":"Point","coordinates":[-106.1618,40.4576]},"properties":{"s":61.9,"pub":false}},{"type":"Feature","geometry":{"type":"Point","coordinates":[-106.1618,40.4634]},"properties":{"s":19.0,"pub":false}},{"type":"Feature","geometry":{"type":"Point","coordinates":[-106.1618,40.4692]},"properties":{"s":19.0,"pub":false}},{"type":"Feature","geometry":{"type":"Point","coordinates":[-106.1618,40.475]},"properties":{"s":19.0,"pub":false}},{"type":"Feature","geometry":{"type":"Point","coordinates":[-106.1618,40.4808]},"properties":{"s":21.4,"pub":false}},{"type":"Feature","geometry":{"type":"Point","coordinates":[-106.1618,40.4866]},"properties":{"s":21.4,"pub":false}},{"type":"Feature","geometry":{"type":"Point","coordinates":[-106.1618,40.4924]},"properties":{"s":21.4,"pub":false}},{"type":"Feature","geometry":{"type":"Point","coordinates":[-106.1543,40.446]},"properties":{"s":61.9,"pub":false}},{"type":"Feature","geometry":{"type":"Point","coordinates":[-106.1543,40.4518]},"properties":{"s":61.9,"pub":false}},{"type":"Feature","geometry":{"type":"Point","coordinates":[-106.1543,40.4576]},"properties":{"s":33.3,"pub":false}},{"type":"Feature","geometry":{"type":"Point","coordinates":[-106.1543,40.4634]},"properties":{"s":21.4,"pub":false}},{"type":"Feature","geometry":{"type":"Point","coordinates":[-106.1543,40.4692]},"properties":{"s":35.7,"pub":false}},{"type":"Feature","geometry":{"type":"Point","coordinates":[-106.1543,40.475]},"properties":{"s":35.7,"pub":false}},{"type":"Feature","geometry":{"type":"Point","coordinates":[-106.1543,40.4808]},"properties":{"s":21.4,"pub":false}},{"type":"Feature","geometry":{"type":"Point","coordinates":[-106.1543,40.4866]},"properties":{"s":21.4,"pub":true}},{"type":"Feature","geometry":{"type":"Point","coordinates":[-106.1543,40.5446]},"properties":{"s":28.6,"pub":false}},{"type":"Feature","geometry":{"type":"Point","coordinates":[-106.1543,40.5504]},"properties":{"s":26.2,"pub":false}},{"type":"Feature","geometry":{"type":"Point","coordinates":[-106.1543,40.5562]},"properties":{"s":40.5,"pub":false}},{"type":"Feature","geometry":{"type":"Point","coordinates":[-106.1543,40.562]},"properties":{"s":26.2,"pub":false}},{"type":"Feature","geometry":{"type":"Point","coordinates":[-106.1468,40.4402]},"properties":{"s":33.3,"pub":false}},{"type":"Feature","geometry":{"type":"Point","coordinates":[-106.1468,40.446]},"properties":{"s":33.3,"pub":false}},{"type":"Feature","geometry":{"type":"Point","coordinates":[-106.1468,40.4518]},"properties":{"s":33.3,"pub":false}},{"type":"Feature","geometry":{"type":"Point","coordinates":[-106.1468,40.4576]},"properties":{"s":35.7,"pub":false}},{"type":"Feature","geometry":{"type":"Point","coordinates":[-106.1468,40.4634]},"properties":{"s":35.7,"pub":false}},{"type":"Feature","geometry":{"type":"Point","coordinates":[-106.1468,40.4692]},"properties":{"s":35.7,"pub":false}},{"type":"Feature","geometry":{"type":"Point","coordinates":[-106.1468,40.475]},"properties":{"s":35.7,"pub":false}},{"type":"Feature","geometry":{"type":"Point","coordinates":[-106.1468,40.4808]},"properties":{"s":21.4,"pub":false}},{"type":"Feature","geometry":{"type":"Point","coordinates":[-106.1468,40.4866]},"properties":{"s":21.4,"pub":true}},{"type":"Feature","geometry":{"type":"Point","coordinates":[-106.1468,40.4982]},"properties":{"s":21.4,"pub":false}},{"type":"Feature","geometry":{"type":"Point","coordinates":[-106.1468,40.5388]},"properties":{"s":28.6,"pub":false}},{"type":"Feature","geometry":{"type":"Point","coordinates":[-106.1468,40.5446]},"properties":{"s":40.5,"pub":false}},{"type":"Feature","geometry":{"type":"Point","coordinates":[-106.1468,40.5504]},"properties":{"s":40.5,"pub":false}},{"type":"Feature","geometry":{"type":"Point","coordinates":[-106.1468,40.5562]},"properties":{"s":40.5,"pub":false}},{"type":"Feature","geometry":{"type":"Point","coordinates":[-106.1468,40.562]},"properties":{"s":26.2,"pub":false}},{"type":"Feature","geometry":{"type":"Point","coordinates":[-106.1393,40.4402]},"properties":{"s":33.3,"pub":false}},{"type":"Feature","geometry":{"type":"Point","coordinates":[-106.1393,40.446]},"properties":{"s":33.3,"pub":false}},{"type":"Feature","geometry":{"type":"Point","coordinates":[-106.1393,40.4518]},"properties":{"s":35.7,"pub":false}},{"type":"Feature","geometry":{"type":"Point","coordinates":[-106.1393,40.4576]},"properties":{"s":35.7,"pub":false}},{"type":"Feature","geometry":{"type":"Point","coordinates":[-106.1393,40.4634]},"properties":{"s":35.7,"pub":false}},{"type":"Feature","geometry":{"type":"Point","coordinates":[-106.1393,40.4692]},"properties":{"s":40.5,"pub":false}},{"type":"Feature","geometry":{"type":"Point","coordinates":[-106.1393,40.475]},"properties":{"s":40.5,"pub":false}},{"type":"Feature","geometry":{"type":"Point","coordinates":[-106.1393,40.4808]},"properties":{"s":40.5,"pub":false}},{"type":"Feature","geometry":{"type":"Point","coordinates":[-106.1393,40.4866]},"properties":{"s":40.5,"pub":false}},{"type":"Feature","geometry":{"type":"Point","coordinates":[-106.1393,40.4924]},"properties":{"s":40.5,"pub":false}},{"type":"Feature","geometry":{"type":"Point","coordinates":[-106.1393,40.4982]},"properties":{"s":40.5,"pub":false}},{"type":"Feature","geometry":{"type":"Point","coordinates":[-106.1393,40.5388]},"properties":{"s":40.5,"pub":false}},{"type":"Feature","geometry":{"type":"Point","coordinates":[-106.1393,40.5446]},"properties":{"s":40.5,"pub":false}},{"type":"Feature","geometry":{"type":"Point","coordinates":[-106.1393,40.5504]},"properties":{"s":40.5,"pub":false}},{"type":"Feature","geometry":{"type":"Point","coordinates":[-106.1393,40.5562]},"properties":{"s":40.5,"pub":false}},{"type":"Feature","geometry":{"type":"Point","coordinates":[-106.1393,40.562]},"properties":{"s":26.2,"pub":false}},{"type":"Feature","geometry":{"type":"Point","coordinates":[-106.1318,40.4286]},"properties":{"s":14.3,"pub":false}},{"type":"Feature","geometry":{"type":"Point","coordinates":[-106.1318,40.4344]},"properties":{"s":14.3,"pub":false}},{"type":"Feature","geometry":{"type":"Point","coordinates":[-106.1318,40.4402]},"properties":{"s":33.3,"pub":false}},{"type":"Feature","geometry":{"type":"Point","coordinates":[-106.1318,40.446]},"properties":{"s":33.3,"pub":false}},{"type":"Feature","geometry":{"type":"Point","coordinates":[-106.1318,40.4518]},"properties":{"s":35.7,"pub":false}},{"type":"Feature","geometry":{"type":"Point","coordinates":[-106.1318,40.4576]},"properties":{"s":35.7,"pub":false}},{"type":"Feature","geometry":{"type":"Point","coordinates":[-106.1318,40.4634]},"properties":{"s":40.5,"pub":false}},{"type":"Feature","geometry":{"type":"Point","coordinates":[-106.1318,40.4692]},"properties":{"s":40.5,"pub":false}},{"type":"Feature","geometry":{"type":"Point","coordinates":[-106.1318,40.475]},"properties":{"s":40.5,"pub":false}},{"type":"Feature","geometry":{"type":"Point","coordinates":[-106.1318,40.4808]},"properties":{"s":40.5,"pub":false}},{"type":"Feature","geometry":{"type":"Point","coordinates":[-106.1318,40.4866]},"properties":{"s":40.5,"pub":false}},{"type":"Feature","geometry":{"type":"Point","coordinates":[-106.1318,40.4924]},"properties":{"s":40.5,"pub":false}},{"type":"Feature","geometry":{"type":"Point","coordinates":[-106.1318,40.4982]},"properties":{"s":40.5,"pub":false}},{"type":"Feature","geometry":{"type":"Point","coordinates":[-106.1318,40.504]},"properties":{"s":21.4,"pub":false}},{"type":"Feature","geometry":{"type":"Point","coordinates":[-106.1318,40.5156]},"properties":{"s":21.4,"pub":false}},{"type":"Feature","geometry":{"type":"Point","coordinates":[-106.1318,40.5214]},"properties":{"s":21.4,"pub":true}},{"type":"Feature","geometry":{"type":"Point","coordinates":[-106.1318,40.5272]},"properties":{"s":21.4,"pub":true}},{"type":"Feature","geometry":{"type":"Point","coordinates":[-106.1318,40.533]},"properties":{"s":40.5,"pub":false}},{"type":"Feature","geometry":{"type":"Point","coordinates":[-106.1318,40.5388]},"properties":{"s":40.5,"pub":false}},{"type":"Feature","geometry":{"type":"Point","coordinates":[-106.1318,40.5446]},"properties":{"s":40.5,"pub":false}},{"type":"Feature","geometry":{"type":"Point","coordinates":[-106.1318,40.5504]},"properties":{"s":40.5,"pub":false}},{"type":"Feature","geometry":{"type":"Point","coordinates":[-106.1318,40.5562]},"properties":{"s":26.2,"pub":false}},{"type":"Feature","geometry":{"type":"Point","coordinates":[-106.1318,40.562]},"properties":{"s":26.2,"pub":false}},{"type":"Feature","geometry":{"type":"Point","coordinates":[-106.1243,40.4228]},"properties":{"s":14.3,"pub":false}},{"type":"Feature","geometry":{"type":"Point","coordinates":[-106.1243,40.4286]},"properties":{"s":33.3,"pub":false}},{"type":"Feature","geometry":{"type":"Point","coordinates":[-106.1243,40.4344]},"properties":{"s":33.3,"pub":false}},{"type":"Feature","geometry":{"type":"Point","coordinates":[-106.1243,40.4402]},"properties":{"s":33.3,"pub":false}},{"type":"Feature","geometry":{"type":"Point","coordinates":[-106.1243,40.446]},"properties":{"s":33.3,"pub":false}},{"type":"Feature","geometry":{"type":"Point","coordinates":[-106.1243,40.4518]},"properties":{"s":35.7,"pub":false}},{"type":"Feature","geometry":{"type":"Point","coordinates":[-106.1243,40.4576]},"properties":{"s":35.7,"pub":false}},{"type":"Feature","geometry":{"type":"Point","coordinates":[-106.1243,40.4634]},"properties":{"s":40.5,"pub":false}},{"type":"Feature","geometry":{"type":"Point","coordinates":[-106.1243,40.4692]},"properties":{"s":40.5,"pub":false}},{"type":"Feature","geometry":{"type":"Point","coordinates":[-106.1243,40.475]},"properties":{"s":40.5,"pub":false}},{"type":"Feature","geometry":{"type":"Point","coordinates":[-106.1243,40.4808]},"properties":{"s":40.5,"pub":false}},{"type":"Feature","geometry":{"type":"Point","coordinates":[-106.1243,40.4866]},"properties":{"s":40.5,"pub":false}},{"type":"Feature","geometry":{"type":"Point","coordinates":[-106.1243,40.4924]},"properties":{"s":40.5,"pub":false}},{"type":"Feature","geometry":{"type":"Point","coordinates":[-106.1243,40.4982]},"properties":{"s":40.5,"pub":false}},{"type":"Feature","geometry":{"type":"Point","coordinates":[-106.1243,40.504]},"properties":{"s":40.5,"pub":false}},{"type":"Feature","geometry":{"type":"Point","coordinates":[-106.1243,40.5098]},"properties":{"s":21.4,"pub":false}},{"type":"Feature","geometry":{"type":"Point","coordinates":[-106.1243,40.5156]},"properties":{"s":21.4,"pub":true}},{"type":"Feature","geometry":{"type":"Point","coordinates":[-106.1243,40.5214]},"properties":{"s":21.4,"pub":true}},{"type":"Feature","geometry":{"type":"Point","coordinates":[-106.1243,40.5272]},"properties":{"s":21.4,"pub":true}},{"type":"Feature","geometry":{"type":"Point","coordinates":[-106.1243,40.533]},"properties":{"s":40.5,"pub":true}},{"type":"Feature","geometry":{"type":"Point","coordinates":[-106.1243,40.5388]},"properties":{"s":40.5,"pub":false}},{"type":"Feature","geometry":{"type":"Point","coordinates":[-106.1243,40.5446]},"properties":{"s":40.5,"pub":false}},{"type":"Feature","geometry":{"type":"Point","coordinates":[-106.1243,40.5504]},"properties":{"s":26.2,"pub":false}},{"type":"Feature","geometry":{"type":"Point","coordinates":[-106.1168,40.3996]},"properties":{"s":14.3,"pub":true}},{"type":"Feature","geometry":{"type":"Point","coordinates":[-106.1168,40.4112]},"properties":{"s":14.3,"pub":false}},{"type":"Feature","geometry":{"type":"Point","coordinates":[-106.1168,40.417]},"properties":{"s":14.3,"pub":false}},{"type":"Feature","geometry":{"type":"Point","coordinates":[-106.1168,40.4228]},"properties":{"s":33.3,"pub":false}},{"type":"Feature","geometry":{"type":"Point","coordinates":[-106.1168,40.4286]},"properties":{"s":33.3,"pub":false}},{"type":"Feature","geometry":{"type":"Point","coordinates":[-106.1168,40.4344]},"properties":{"s":33.3,"pub":false}},{"type":"Feature","geometry":{"type":"Point","coordinates":[-106.1168,40.4402]},"properties":{"s":33.3,"pub":false}},{"type":"Feature","geometry":{"type":"Point","coordinates":[-106.1168,40.446]},"properties":{"s":33.3,"pub":false}},{"type":"Feature","geometry":{"type":"Point","coordinates":[-106.1168,40.4518]},"properties":{"s":35.7,"pub":false}},{"type":"Feature","geometry":{"type":"Point","coordinates":[-106.1168,40.4576]},"properties":{"s":40.5,"pub":false}},{"type":"Feature","geometry":{"type":"Point","coordinates":[-106.1168,40.4634]},"properties":{"s":40.5,"pub":false}},{"type":"Feature","geometry":{"type":"Point","coordinates":[-106.1168,40.4692]},"properties":{"s":40.5,"pub":false}},{"type":"Feature","geometry":{"type":"Point","coordinates":[-106.1168,40.475]},"properties":{"s":40.5,"pub":false}},{"type":"Feature","geometry":{"type":"Point","coordinates":[-106.1168,40.4808]},"properties":{"s":40.5,"pub":false}},{"type":"Feature","geometry":{"type":"Point","coordinates":[-106.1168,40.4866]},"properties":{"s":40.5,"pub":false}},{"type":"Feature","geometry":{"type":"Point","coordinates":[-106.1168,40.4924]},"properties":{"s":40.5,"pub":false}},{"type":"Feature","geometry":{"type":"Point","coordinates":[-106.1168,40.4982]},"properties":{"s":40.5,"pub":false}},{"type":"Feature","geometry":{"type":"Point","coordinates":[-106.1168,40.504]},"properties":{"s":40.5,"pub":false}},{"type":"Feature","geometry":{"type":"Point","coordinates":[-106.1168,40.5098]},"properties":{"s":40.5,"pub":false}},{"type":"Feature","geometry":{"type":"Point","coordinates":[-106.1168,40.5156]},"properties":{"s":21.4,"pub":false}},{"type":"Feature","geometry":{"type":"Point","coordinates":[-106.1168,40.5214]},"properties":{"s":21.4,"pub":true}},{"type":"Feature","geometry":{"type":"Point","coordinates":[-106.1168,40.5272]},"properties":{"s":40.5,"pub":true}},{"type":"Feature","geometry":{"type":"Point","coordinates":[-106.1168,40.533]},"properties":{"s":35.7,"pub":true}},{"type":"Feature","geometry":{"type":"Point","coordinates":[-106.1168,40.5388]},"properties":{"s":35.7,"pub":true}},{"type":"Feature","geometry":{"type":"Point","coordinates":[-106.1168,40.5446]},"properties":{"s":40.5,"pub":false}},{"type":"Feature","geometry":{"type":"Point","coordinates":[-106.1168,40.5504]},"properties":{"s":21.4,"pub":false}},{"type":"Feature","geometry":{"type":"Point","coordinates":[-106.1168,40.5562]},"properties":{"s":21.4,"pub":false}},{"type":"Feature","geometry":{"type":"Point","coordinates":[-106.1168,40.562]},"properties":{"s":21.4,"pub":false}},{"type":"Feature","geometry":{"type":"Point","coordinates":[-106.1168,40.5678]},"properties":{"s":16.7,"pub":false}},{"type":"Feature","geometry":{"type":"Point","coordinates":[-106.1168,40.5736]},"properties":{"s":16.7,"pub":false}},{"type":"Feature","geometry":{"type":"Point","coordinates":[-106.1093,40.3938]},"properties":{"s":14.3,"pub":true}},{"type":"Feature","geometry":{"type":"Point","coordinates":[-106.1093,40.3996]},"properties":{"s":14.3,"pub":true}},{"type":"Feature","geometry":{"type":"Point","coordinates":[-106.1093,40.4054]},"properties":{"s":14.3,"pub":true}},{"type":"Feature","geometry":{"type":"Point","coordinates":[-106.1093,40.4112]},"properties":{"s":14.3,"pub":false}},{"type":"Feature","geometry":{"type":"Point","coordinates":[-106.1093,40.417]},"properties":{"s":33.3,"pub":false}},{"type":"Feature","geometry":{"type":"Point","coordinates":[-106.1093,40.4228]},"properties":{"s":33.3,"pub":false}},{"type":"Feature","geometry":{"type":"Point","coordinates":[-106.1093,40.4286]},"properties":{"s":33.3,"pub":false}},{"type":"Feature","geometry":{"type":"Point","coordinates":[-106.1093,40.4344]},"properties":{"s":33.3,"pub":false}},{"type":"Feature","geometry":{"type":"Point","coordinates":[-106.1093,40.4402]},"properties":{"s":33.3,"pub":false}},{"type":"Feature","geometry":{"type":"Point","coordinates":[-106.1093,40.446]},"properties":{"s":33.3,"pub":false}},{"type":"Feature","geometry":{"type":"Point","coordinates":[-106.1093,40.4518]},"properties":{"s":14.3,"pub":false}},{"type":"Feature","geometry":{"type":"Point","coordinates":[-106.1093,40.4576]},"properties":{"s":21.4,"pub":false}},{"type":"Feature","geometry":{"type":"Point","coordinates":[-106.1093,40.4634]},"properties":{"s":40.5,"pub":false}},{"type":"Feature","geometry":{"type":"Point","coordinates":[-106.1093,40.4692]},"properties":{"s":40.5,"pub":true}},{"type":"Feature","geometry":{"type":"Point","coordinates":[-106.1093,40.475]},"properties":{"s":40.5,"pub":true}},{"type":"Feature","geometry":{"type":"Point","coordinates":[-106.1093,40.4808]},"properties":{"s":40.5,"pub":true}},{"type":"Feature","geometry":{"type":"Point","coordinates":[-106.1093,40.4866]},"properties":{"s":40.5,"pub":true}},{"type":"Feature","geometry":{"type":"Point","coordinates":[-106.1093,40.4924]},"properties":{"s":40.5,"pub":true}},{"type":"Feature","geometry":{"type":"Point","coordinates":[-106.1093,40.4982]},"properties":{"s":40.5,"pub":true}},{"type":"Feature","geometry":{"type":"Point","coordinates":[-106.1093,40.504]},"properties":{"s":40.5,"pub":true}},{"type":"Feature","geometry":{"type":"Point","coordinates":[-106.1093,40.5098]},"properties":{"s":40.5,"pub":true}},{"type":"Feature","geometry":{"type":"Point","coordinates":[-106.1093,40.5156]},"properties":{"s":40.5,"pub":true}},{"type":"Feature","geometry":{"type":"Point","coordinates":[-106.1093,40.5214]},"properties":{"s":35.7,"pub":true}},{"type":"Feature","geometry":{"type":"Point","coordinates":[-106.1093,40.5272]},"properties":{"s":35.7,"pub":true}},{"type":"Feature","geometry":{"type":"Point","coordinates":[-106.1093,40.533]},"properties":{"s":35.7,"pub":true}},{"type":"Feature","geometry":{"type":"Point","coordinates":[-106.1093,40.5388]},"properties":{"s":35.7,"pub":true}},{"type":"Feature","geometry":{"type":"Point","coordinates":[-106.1093,40.5446]},"properties":{"s":21.4,"pub":false}},{"type":"Feature","geometry":{"type":"Point","coordinates":[-106.1093,40.5504]},"properties":{"s":21.4,"pub":false}},{"type":"Feature","geometry":{"type":"Point","coordinates":[-106.1093,40.5562]},"properties":{"s":21.4,"pub":false}},{"type":"Feature","geometry":{"type":"Point","coordinates":[-106.1093,40.562]},"properties":{"s":21.4,"pub":false}},{"type":"Feature","geometry":{"type":"Point","coordinates":[-106.1093,40.5678]},"properties":{"s":16.7,"pub":false}},{"type":"Feature","geometry":{"type":"Point","coordinates":[-106.1093,40.62]},"properties":{"s":21.4,"pub":false}},{"type":"Feature","geometry":{"type":"Point","coordinates":[-106.1018,40.3822]},"properties":{"s":14.3,"pub":true}},{"type":"Feature","geometry":{"type":"Point","coordinates":[-106.1018,40.388]},"properties":{"s":14.3,"pub":true}},{"type":"Feature","geometry":{"type":"Point","coordinates":[-106.1018,40.3938]},"properties":{"s":14.3,"pub":true}},{"type":"Feature","geometry":{"type":"Point","coordinates":[-106.1018,40.3996]},"properties":{"s":14.3,"pub":true}},{"type":"Feature","geometry":{"type":"Point","coordinates":[-106.1018,40.4054]},"properties":{"s":14.3,"pub":true}},{"type":"Feature","geometry":{"type":"Point","coordinates":[-106.1018,40.4112]},"properties":{"s":33.3,"pub":false}},{"type":"Feature","geometry":{"type":"Point","coordinates":[-106.1018,40.417]},"properties":{"s":33.3,"pub":false}},{"type":"Feature","geometry":{"type":"Point","coordinates":[-106.1018,40.4228]},"properties":{"s":33.3,"pub":false}},{"type":"Feature","geometry":{"type":"Point","coordinates":[-106.1018,40.4286]},"properties":{"s":33.3,"pub":false}},{"type":"Feature","geometry":{"type":"Point","coordinates":[-106.1018,40.4344]},"properties":{"s":33.3,"pub":false}},{"type":"Feature","geometry":{"type":"Point","coordinates":[-106.1018,40.4402]},"properties":{"s":14.3,"pub":true}},{"type":"Feature","geometry":{"type":"Point","coordinates":[-106.1018,40.446]},"properties":{"s":14.3,"pub":true}},{"type":"Feature","geometry":{"type":"Point","coordinates":[-106.1018,40.4518]},"properties":{"s":21.4,"pub":true}},{"type":"Feature","geometry":{"type":"Point","coordinates":[-106.1018,40.4576]},"properties":{"s":21.4,"pub":false}},{"type":"Feature","geometry":{"type":"Point","coordinates":[-106.1018,40.4634]},"properties":{"s":21.4,"pub":false}},{"type":"Feature","geometry":{"type":"Point","coordinates":[-106.1018,40.4692]},"properties":{"s":21.4,"pub":true}},{"type":"Feature","geometry":{"type":"Point","coordinates":[-106.1018,40.475]},"properties":{"s":40.5,"pub":true}},{"type":"Feature","geometry":{"type":"Point","coordinates":[-106.1018,40.4808]},"properties":{"s":40.5,"pub":true}},{"type":"Feature","geometry":{"type":"Point","coordinates":[-106.1018,40.4866]},"properties":{"s":40.5,"pub":true}},{"type":"Feature","geometry":{"type":"Point","coordinates":[-106.1018,40.4924]},"properties":{"s":40.5,"pub":true}},{"type":"Feature","geometry":{"type":"Point","coordinates":[-106.1018,40.4982]},"properties":{"s":40.5,"pub":true}},{"type":"Feature","geometry":{"type":"Point","coordinates":[-106.1018,40.504]},"properties":{"s":40.5,"pub":true}},{"type":"Feature","geometry":{"type":"Point","coordinates":[-106.1018,40.5098]},"properties":{"s":40.5,"pub":true}},{"type":"Feature","geometry":{"type":"Point","coordinates":[-106.1018,40.5156]},"properties":{"s":35.7,"pub":true}},{"type":"Feature","geometry":{"type":"Point","coordinates":[-106.1018,40.5214]},"properties":{"s":35.7,"pub":true}},{"type":"Feature","geometry":{"type":"Point","coordinates":[-106.1018,40.5272]},"properties":{"s":35.7,"pub":true}},{"type":"Feature","geometry":{"type":"Point","coordinates":[-106.1018,40.533]},"properties":{"s":35.7,"pub":true}},{"type":"Feature","geometry":{"type":"Point","coordinates":[-106.1018,40.5388]},"properties":{"s":40.5,"pub":true}},{"type":"Feature","geometry":{"type":"Point","coordinates":[-106.1018,40.5446]},"properties":{"s":21.4,"pub":false}},{"type":"Feature","geometry":{"type":"Point","coordinates":[-106.1018,40.5504]},"properties":{"s":21.4,"pub":false}},{"type":"Feature","geometry":{"type":"Point","coordinates":[-106.1018,40.5562]},"properties":{"s":40.5,"pub":false}},{"type":"Feature","geometry":{"type":"Point","coordinates":[-106.1018,40.562]},"properties":{"s":40.5,"pub":false}},{"type":"Feature","geometry":{"type":"Point","coordinates":[-106.1018,40.5678]},"properties":{"s":35.7,"pub":false}},{"type":"Feature","geometry":{"type":"Point","coordinates":[-106.1018,40.5736]},"properties":{"s":16.7,"pub":false}},{"type":"Feature","geometry":{"type":"Point","coordinates":[-106.1018,40.6142]},"properties":{"s":21.4,"pub":true}},{"type":"Feature","geometry":{"type":"Point","coordinates":[-106.0943,40.3648]},"properties":{"s":14.3,"pub":true}},{"type":"Feature","geometry":{"type":"Point","coordinates":[-106.0943,40.3706]},"properties":{"s":14.3,"pub":true}},{"type":"Feature","geometry":{"type":"Point","coordinates":[-106.0943,40.3764]},"properties":{"s":33.3,"pub":true}},{"type":"Feature","geometry":{"type":"Point","coordinates":[-106.0943,40.3822]},"properties":{"s":33.3,"pub":true}},{"type":"Feature","geometry":{"type":"Point","coordinates":[-106.0943,40.388]},"properties":{"s":33.3,"pub":true}},{"type":"Feature","geometry":{"type":"Point","coordinates":[-106.0943,40.3938]},"properties":{"s":14.3,"pub":true}},{"type":"Feature","geometry":{"type":"Point","coordinates":[-106.0943,40.3996]},"properties":{"s":14.3,"pub":true}},{"type":"Feature","geometry":{"type":"Point","coordinates":[-106.0943,40.4054]},"properties":{"s":33.3,"pub":true}},{"type":"Feature","geometry":{"type":"Point","coordinates":[-106.0943,40.4112]},"properties":{"s":33.3,"pub":false}},{"type":"Feature","geometry":{"type":"Point","coordinates":[-106.0943,40.417]},"properties":{"s":33.3,"pub":false}},{"type":"Feature","geometry":{"type":"Point","coordinates":[-106.0943,40.4228]},"properties":{"s":33.3,"pub":false}},{"type":"Feature","geometry":{"type":"Point","coordinates":[-106.0943,40.4286]},"properties":{"s":33.3,"pub":false}},{"type":"Feature","geometry":{"type":"Point","coordinates":[-106.0943,40.4344]},"properties":{"s":14.3,"pub":false}},{"type":"Feature","geometry":{"type":"Point","coordinates":[-106.0943,40.4402]},"properties":{"s":14.3,"pub":true}},{"type":"Feature","geometry":{"type":"Point","coordinates":[-106.0943,40.446]},"properties":{"s":21.4,"pub":true}},{"type":"Feature","geometry":{"type":"Point","coordinates":[-106.0943,40.4518]},"properties":{"s":21.4,"pub":true}},{"type":"Feature","geometry":{"type":"Point","coordinates":[-106.0943,40.4576]},"properties":{"s":21.4,"pub":false}},{"type":"Feature","geometry":{"type":"Point","coordinates":[-106.0943,40.4634]},"properties":{"s":21.4,"pub":false}},{"type":"Feature","geometry":{"type":"Point","coordinates":[-106.0943,40.4692]},"properties":{"s":21.4,"pub":true}},{"type":"Feature","geometry":{"type":"Point","coordinates":[-106.0943,40.475]},"properties":{"s":21.4,"pub":true}},{"type":"Feature","geometry":{"type":"Point","coordinates":[-106.0943,40.4808]},"properties":{"s":40.5,"pub":true}},{"type":"Feature","geometry":{"type":"Point","coordinates":[-106.0943,40.4866]},"properties":{"s":35.7,"pub":true}},{"type":"Feature","geometry":{"type":"Point","coordinates":[-106.0943,40.4924]},"properties":{"s":35.7,"pub":true}},{"type":"Feature","geometry":{"type":"Point","coordinates":[-106.0943,40.4982]},"properties":{"s":35.7,"pub":true}},{"type":"Feature","geometry":{"type":"Point","coordinates":[-106.0943,40.504]},"properties":{"s":35.7,"pub":true}},{"type":"Feature","geometry":{"type":"Point","coordinates":[-106.0943,40.5098]},"properties":{"s":35.7,"pub":true}},{"type":"Feature","geometry":{"type":"Point","coordinates":[-106.0943,40.5156]},"properties":{"s":35.7,"pub":true}},{"type":"Feature","geometry":{"type":"Point","coordinates":[-106.0943,40.5214]},"properties":{"s":35.7,"pub":true}},{"type":"Feature","geometry":{"type":"Point","coordinates":[-106.0943,40.5272]},"properties":{"s":35.7,"pub":true}},{"type":"Feature","geometry":{"type":"Point","coordinates":[-106.0943,40.533]},"properties":{"s":35.7,"pub":true}},{"type":"Feature","geometry":{"type":"Point","coordinates":[-106.0943,40.5388]},"properties":{"s":40.5,"pub":true}},{"type":"Feature","geometry":{"type":"Point","coordinates":[-106.0943,40.5446]},"properties":{"s":40.5,"pub":false}},{"type":"Feature","geometry":{"type":"Point","coordinates":[-106.0943,40.5504]},"properties":{"s":40.5,"pub":false}},{"type":"Feature","geometry":{"type":"Point","coordinates":[-106.0943,40.5562]},"properties":{"s":40.5,"pub":false}},{"type":"Feature","geometry":{"type":"Point","coordinates":[-106.0943,40.562]},"properties":{"s":40.5,"pub":false}},{"type":"Feature","geometry":{"type":"Point","coordinates":[-106.0943,40.5678]},"properties":{"s":40.5,"pub":false}},{"type":"Feature","geometry":{"type":"Point","coordinates":[-106.0943,40.5736]},"properties":{"s":40.5,"pub":false}},{"type":"Feature","geometry":{"type":"Point","coordinates":[-106.0943,40.6026]},"properties":{"s":21.4,"pub":false}},{"type":"Feature","geometry":{"type":"Point","coordinates":[-106.0943,40.6084]},"properties":{"s":21.4,"pub":false}},{"type":"Feature","geometry":{"type":"Point","coordinates":[-106.0868,40.3532]},"properties":{"s":14.3,"pub":true}},{"type":"Feature","geometry":{"type":"Point","coordinates":[-106.0868,40.359]},"properties":{"s":14.3,"pub":true}},{"type":"Feature","geometry":{"type":"Point","coordinates":[-106.0868,40.3648]},"properties":{"s":14.3,"pub":true}},{"type":"Feature","geometry":{"type":"Point","coordinates":[-106.0868,40.3706]},"properties":{"s":33.3,"pub":true}},{"type":"Feature","geometry":{"type":"Point","coordinates":[-106.0868,40.3764]},"properties":{"s":33.3,"pub":true}},{"type":"Feature","geometry":{"type":"Point","coordinates":[-106.0868,40.3822]},"properties":{"s":33.3,"pub":true}},{"type":"Feature","geometry":{"type":"Point","coordinates":[-106.0868,40.388]},"properties":{"s":33.3,"pub":true}},{"type":"Feature","geometry":{"type":"Point","coordinates":[-106.0868,40.3938]},"properties":{"s":33.3,"pub":true}},{"type":"Feature","geometry":{"type":"Point","coordinates":[-106.0868,40.3996]},"properties":{"s":33.3,"pub":true}},{"type":"Feature","geometry":{"type":"Point","coordinates":[-106.0868,40.4054]},"properties":{"s":33.3,"pub":false}},{"type":"Feature","geometry":{"type":"Point","coordinates":[-106.0868,40.4112]},"properties":{"s":33.3,"pub":false}},{"type":"Feature","geometry":{"type":"Point","coordinates":[-106.0868,40.417]},"properties":{"s":33.3,"pub":false}},{"type":"Feature","geometry":{"type":"Point","coordinates":[-106.0868,40.4228]},"properties":{"s":33.3,"pub":false}},{"type":"Feature","geometry":{"type":"Point","coordinates":[-106.0868,40.4286]},"properties":{"s":33.3,"pub":false}},{"type":"Feature","geometry":{"type":"Point","coordinates":[-106.0868,40.4344]},"properties":{"s":14.3,"pub":true}},{"type":"Feature","geometry":{"type":"Point","coordinates":[-106.0868,40.4402]},"properties":{"s":14.3,"pub":true}},{"type":"Feature","geometry":{"type":"Point","coordinates":[-106.0868,40.446]},"properties":{"s":21.4,"pub":true}},{"type":"Feature","geometry":{"type":"Point","coordinates":[-106.0868,40.4518]},"properties":{"s":21.4,"pub":true}},{"type":"Feature","geometry":{"type":"Point","coordinates":[-106.0868,40.4576]},"properties":{"s":21.4,"pub":true}},{"type":"Feature","geometry":{"type":"Point","coordinates":[-106.0868,40.4634]},"properties":{"s":21.4,"pub":true}},{"type":"Feature","geometry":{"type":"Point","coordinates":[-106.0868,40.4692]},"properties":{"s":21.4,"pub":true}},{"type":"Feature","geometry":{"type":"Point","coordinates":[-106.0868,40.475]},"properties":{"s":16.7,"pub":true}},{"type":"Feature","geometry":{"type":"Point","coordinates":[-106.0868,40.4808]},"properties":{"s":16.7,"pub":true}},{"type":"Feature","geometry":{"type":"Point","coordinates":[-106.0868,40.4866]},"properties":{"s":35.7,"pub":true}},{"type":"Feature","geometry":{"type":"Point","coordinates":[-106.0868,40.4924]},"properties":{"s":35.7,"pub":true}},{"type":"Feature","geometry":{"type":"Point","coordinates":[-106.0868,40.4982]},"properties":{"s":35.7,"pub":true}},{"type":"Feature","geometry":{"type":"Point","coordinates":[-106.0868,40.504]},"properties":{"s":16.7,"pub":true}},{"type":"Feature","geometry":{"type":"Point","coordinates":[-106.0868,40.5098]},"properties":{"s":16.7,"pub":true}},{"type":"Feature","geometry":{"type":"Point","coordinates":[-106.0868,40.5156]},"properties":{"s":16.7,"pub":true}},{"type":"Feature","geometry":{"type":"Point","coordinates":[-106.0868,40.5214]},"properties":{"s":16.7,"pub":true}},{"type":"Feature","geometry":{"type":"Point","coordinates":[-106.0868,40.5272]},"properties":{"s":16.7,"pub":true}},{"type":"Feature","geometry":{"type":"Point","coordinates":[-106.0868,40.533]},"properties":{"s":35.7,"pub":true}},{"type":"Feature","geometry":{"type":"Point","coordinates":[-106.0868,40.5388]},"properties":{"s":40.5,"pub":true}},{"type":"Feature","geometry":{"type":"Point","coordinates":[-106.0868,40.5446]},"properties":{"s":40.5,"pub":false}},{"type":"Feature","geometry":{"type":"Point","coordinates":[-106.0868,40.5504]},"properties":{"s":40.5,"pub":false}},{"type":"Feature","geometry":{"type":"Point","coordinates":[-106.0868,40.5562]},"properties":{"s":40.5,"pub":false}},{"type":"Feature","geometry":{"type":"Point","coordinates":[-106.0868,40.562]},"properties":{"s":40.5,"pub":false}},{"type":"Feature","geometry":{"type":"Point","coordinates":[-106.0868,40.5678]},"properties":{"s":40.5,"pub":false}},{"type":"Feature","geometry":{"type":"Point","coordinates":[-106.0868,40.5736]},"properties":{"s":40.5,"pub":false}},{"type":"Feature","geometry":{"type":"Point","coordinates":[-106.0868,40.5968]},"properties":{"s":26.2,"pub":false}},{"type":"Feature","geometry":{"type":"Point","coordinates":[-106.0868,40.6026]},"properties":{"s":26.2,"pub":false}},{"type":"Feature","geometry":{"type":"Point","coordinates":[-106.0793,40.3532]},"properties":{"s":14.3,"pub":true}},{"type":"Feature","geometry":{"type":"Point","coordinates":[-106.0793,40.359]},"properties":{"s":14.3,"pub":true}},{"type":"Feature","geometry":{"type":"Point","coordinates":[-106.0793,40.3648]},"properties":{"s":14.3,"pub":true}},{"type":"Feature","geometry":{"type":"Point","coordinates":[-106.0793,40.3706]},"properties":{"s":14.3,"pub":true}},{"type":"Feature","geometry":{"type":"Point","coordinates":[-106.0793,40.3764]},"properties":{"s":33.3,"pub":true}},{"type":"Feature","geometry":{"type":"Point","coordinates":[-106.0793,40.3822]},"properties":{"s":33.3,"pub":true}},{"type":"Feature","geometry":{"type":"Point","coordinates":[-106.0793,40.388]},"properties":{"s":33.3,"pub":true}},{"type":"Feature","geometry":{"type":"Point","coordinates":[-106.0793,40.3938]},"properties":{"s":33.3,"pub":true}},{"type":"Feature","geometry":{"type":"Point","coordinates":[-106.0793,40.3996]},"properties":{"s":33.3,"pub":true}},{"type":"Feature","geometry":{"type":"Point","coordinates":[-106.0793,40.4054]},"properties":{"s":33.3,"pub":false}},{"type":"Feature","geometry":{"type":"Point","coordinates":[-106.0793,40.4112]},"properties":{"s":33.3,"pub":true}},{"type":"Feature","geometry":{"type":"Point","coordinates":[-106.0793,40.417]},"properties":{"s":33.3,"pub":true}},{"type":"Feature","geometry":{"type":"Point","coordinates":[-106.0793,40.4228]},"properties":{"s":33.3,"pub":true}},{"type":"Feature","geometry":{"type":"Point","coordinates":[-106.0793,40.4286]},"properties":{"s":14.3,"pub":false}},{"type":"Feature","geometry":{"type":"Point","coordinates":[-106.0793,40.4344]},"properties":{"s":14.3,"pub":true}},{"type":"Feature","geometry":{"type":"Point","coordinates":[-106.0793,40.4402]},"properties":{"s":14.3,"pub":true}},{"type":"Feature","geometry":{"type":"Point","coordinates":[-106.0793,40.446]},"properties":{"s":21.4,"pub":true}},{"type":"Feature","geometry":{"type":"Point","coordinates":[-106.0793,40.4518]},"properties":{"s":21.4,"pub":true}},{"type":"Feature","geometry":{"type":"Point","coordinates":[-106.0793,40.4576]},"properties":{"s":21.4,"pub":true}},{"type":"Feature","geometry":{"type":"Point","coordinates":[-106.0793,40.4634]},"properties":{"s":21.4,"pub":true}},{"type":"Feature","geometry":{"type":"Point","coordinates":[-106.0793,40.4692]},"properties":{"s":16.7,"pub":true}},{"type":"Feature","geometry":{"type":"Point","coordinates":[-106.0793,40.475]},"properties":{"s":16.7,"pub":true}},{"type":"Feature","geometry":{"type":"Point","coordinates":[-106.0793,40.4808]},"properties":{"s":16.7,"pub":true}},{"type":"Feature","geometry":{"type":"Point","coordinates":[-106.0793,40.4866]},"properties":{"s":16.7,"pub":true}},{"type":"Feature","geometry":{"type":"Point","coordinates":[-106.0793,40.4924]},"properties":{"s":16.7,"pub":true}},{"type":"Feature","geometry":{"type":"Point","coordinates":[-106.0793,40.4982]},"properties":{"s":16.7,"pub":true}},{"type":"Feature","geometry":{"type":"Point","coordinates":[-106.0793,40.504]},"properties":{"s":16.7,"pub":true}},{"type":"Feature","geometry":{"type":"Point","coordinates":[-106.0793,40.5098]},"properties":{"s":16.7,"pub":true}},{"type":"Feature","geometry":{"type":"Point","coordinates":[-106.0793,40.5156]},"properties":{"s":16.7,"pub":true}},{"type":"Feature","geometry":{"type":"Point","coordinates":[-106.0793,40.5214]},"properties":{"s":16.7,"pub":true}},{"type":"Feature","geometry":{"type":"Point","coordinates":[-106.0793,40.5272]},"properties":{"s":16.7,"pub":true}},{"type":"Feature","geometry":{"type":"Point","coordinates":[-106.0793,40.533]},"properties":{"s":16.7,"pub":true}},{"type":"Feature","geometry":{"type":"Point","coordinates":[-106.0793,40.5388]},"properties":{"s":40.5,"pub":false}},{"type":"Feature","geometry":{"type":"Point","coordinates":[-106.0793,40.5446]},"properties":{"s":40.5,"pub":false}},{"type":"Feature","geometry":{"type":"Point","coordinates":[-106.0793,40.5504]},"properties":{"s":33.3,"pub":false}},{"type":"Feature","geometry":{"type":"Point","coordinates":[-106.0793,40.5562]},"properties":{"s":40.5,"pub":false}},{"type":"Feature","geometry":{"type":"Point","coordinates":[-106.0793,40.562]},"properties":{"s":40.5,"pub":false}},{"type":"Feature","geometry":{"type":"Point","coordinates":[-106.0793,40.5678]},"properties":{"s":40.5,"pub":false}},{"type":"Feature","geometry":{"type":"Point","coordinates":[-106.0793,40.5736]},"properties":{"s":40.5,"pub":false}},{"type":"Feature","geometry":{"type":"Point","coordinates":[-106.0793,40.5794]},"properties":{"s":26.2,"pub":false}},{"type":"Feature","geometry":{"type":"Point","coordinates":[-106.0793,40.5852]},"properties":{"s":26.2,"pub":false}},{"type":"Feature","geometry":{"type":"Point","coordinates":[-106.0793,40.591]},"properties":{"s":26.2,"pub":false}},{"type":"Feature","geometry":{"type":"Point","coordinates":[-106.0718,40.3532]},"properties":{"s":14.3,"pub":true}},{"type":"Feature","geometry":{"type":"Point","coordinates":[-106.0718,40.359]},"properties":{"s":14.3,"pub":true}},{"type":"Feature","geometry":{"type":"Point","coordinates":[-106.0718,40.3648]},"properties":{"s":14.3,"pub":true}},{"type":"Feature","geometry":{"type":"Point","coordinates":[-106.0718,40.3706]},"properties":{"s":14.3,"pub":true}},{"type":"Feature","geometry":{"type":"Point","coordinates":[-106.0718,40.3764]},"properties":{"s":14.3,"pub":true}},{"type":"Feature","geometry":{"type":"Point","coordinates":[-106.0718,40.3822]},"properties":{"s":14.3,"pub":true}},{"type":"Feature","geometry":{"type":"Point","coordinates":[-106.0718,40.388]},"properties":{"s":33.3,"pub":true}},{"type":"Feature","geometry":{"type":"Point","coordinates":[-106.0718,40.3938]},"properties":{"s":33.3,"pub":true}},{"type":"Feature","geometry":{"type":"Point","coordinates":[-106.0718,40.3996]},"properties":{"s":33.3,"pub":true}},{"type":"Feature","geometry":{"type":"Point","coordinates":[-106.0718,40.4054]},"properties":{"s":33.3,"pub":false}},{"type":"Feature","geometry":{"type":"Point","coordinates":[-106.0718,40.4112]},"properties":{"s":33.3,"pub":true}},{"type":"Feature","geometry":{"type":"Point","coordinates":[-106.0718,40.417]},"properties":{"s":33.3,"pub":true}},{"type":"Feature","geometry":{"type":"Point","coordinates":[-106.0718,40.4228]},"properties":{"s":33.3,"pub":false}},{"type":"Feature","geometry":{"type":"Point","coordinates":[-106.0718,40.4286]},"properties":{"s":14.3,"pub":true}},{"type":"Feature","geometry":{"type":"Point","coordinates":[-106.0718,40.4344]},"properties":{"s":14.3,"pub":true}},{"type":"Feature","geometry":{"type":"Point","coordinates":[-106.0718,40.4402]},"properties":{"s":14.3,"pub":true}},{"type":"Feature","geometry":{"type":"Point","coordinates":[-106.0718,40.446]},"properties":{"s":14.3,"pub":true}},{"type":"Feature","geometry":{"type":"Point","coordinates":[-106.0718,40.4518]},"properties":{"s":14.3,"pub":true}},{"type":"Feature","geometry":{"type":"Point","coordinates":[-106.0718,40.4576]},"properties":{"s":14.3,"pub":true}},{"type":"Feature","geometry":{"type":"Point","coordinates":[-106.0718,40.4634]},"properties":{"s":16.7,"pub":true}},{"type":"Feature","geometry":{"type":"Point","coordinates":[-106.0718,40.4692]},"properties":{"s":16.7,"pub":true}},{"type":"Feature","geometry":{"type":"Point","coordinates":[-106.0718,40.475]},"properties":{"s":16.7,"pub":true}},{"type":"Feature","geometry":{"type":"Point","coordinates":[-106.0718,40.4808]},"properties":{"s":16.7,"pub":true}},{"type":"Feature","geometry":{"type":"Point","coordinates":[-106.0718,40.4866]},"properties":{"s":16.7,"pub":true}},{"type":"Feature","geometry":{"type":"Point","coordinates":[-106.0718,40.4924]},"properties":{"s":16.7,"pub":true}},{"type":"Feature","geometry":{"type":"Point","coordinates":[-106.0718,40.4982]},"properties":{"s":16.7,"pub":true}},{"type":"Feature","geometry":{"type":"Point","coordinates":[-106.0718,40.504]},"properties":{"s":16.7,"pub":true}},{"type":"Feature","geometry":{"type":"Point","coordinates":[-106.0718,40.5098]},"properties":{"s":16.7,"pub":true}},{"type":"Feature","geometry":{"type":"Point","coordinates":[-106.0718,40.5156]},"properties":{"s":16.7,"pub":true}},{"type":"Feature","geometry":{"type":"Point","coordinates":[-106.0718,40.5214]},"properties":{"s":16.7,"pub":true}},{"type":"Feature","geometry":{"type":"Point","coordinates":[-106.0718,40.5272]},"properties":{"s":16.7,"pub":true}},{"type":"Feature","geometry":{"type":"Point","coordinates":[-106.0718,40.533]},"properties":{"s":21.4,"pub":true}},{"type":"Feature","geometry":{"type":"Point","coordinates":[-106.0718,40.5388]},"properties":{"s":40.5,"pub":false}},{"type":"Feature","geometry":{"type":"Point","coordinates":[-106.0718,40.5446]},"properties":{"s":33.3,"pub":false}},{"type":"Feature","geometry":{"type":"Point","coordinates":[-106.0718,40.5504]},"properties":{"s":33.3,"pub":false}},{"type":"Feature","geometry":{"type":"Point","coordinates":[-106.0718,40.5562]},"properties":{"s":33.3,"pub":false}},{"type":"Feature","geometry":{"type":"Point","coordinates":[-106.0718,40.562]},"properties":{"s":33.3,"pub":false}},{"type":"Feature","geometry":{"type":"Point","coordinates":[-106.0718,40.5678]},"properties":{"s":33.3,"pub":false}},{"type":"Feature","geometry":{"type":"Point","coordinates":[-106.0718,40.5736]},"properties":{"s":26.2,"pub":false}},{"type":"Feature","geometry":{"type":"Point","coordinates":[-106.0718,40.5794]},"properties":{"s":26.2,"pub":false}},{"type":"Feature","geometry":{"type":"Point","coordinates":[-106.0643,40.359]},"properties":{"s":14.3,"pub":true}},{"type":"Feature","geometry":{"type":"Point","coordinates":[-106.0643,40.3648]},"properties":{"s":14.3,"pub":true}},{"type":"Feature","geometry":{"type":"Point","coordinates":[-106.0643,40.3706]},"properties":{"s":14.3,"pub":true}},{"type":"Feature","geometry":{"type":"Point","coordinates":[-106.0643,40.3764]},"properties":{"s":14.3,"pub":true}},{"type":"Feature","geometry":{"type":"Point","coordinates":[-106.0643,40.3822]},"properties":{"s":14.3,"pub":true}},{"type":"Feature","geometry":{"type":"Point","coordinates":[-106.0643,40.388]},"properties":{"s":14.3,"pub":true}},{"type":"Feature","geometry":{"type":"Point","coordinates":[-106.0643,40.3938]},"properties":{"s":14.3,"pub":true}},{"type":"Feature","geometry":{"type":"Point","coordinates":[-106.0643,40.3996]},"properties":{"s":33.3,"pub":true}},{"type":"Feature","geometry":{"type":"Point","coordinates":[-106.0643,40.4054]},"properties":{"s":33.3,"pub":true}},{"type":"Feature","geometry":{"type":"Point","coordinates":[-106.0643,40.4112]},"properties":{"s":33.3,"pub":true}},{"type":"Feature","geometry":{"type":"Point","coordinates":[-106.0643,40.417]},"properties":{"s":33.3,"pub":true}},{"type":"Feature","geometry":{"type":"Point","coordinates":[-106.0643,40.4228]},"properties":{"s":33.3,"pub":true}},{"type":"Feature","geometry":{"type":"Point","coordinates":[-106.0643,40.4286]},"properties":{"s":14.3,"pub":true}},{"type":"Feature","geometry":{"type":"Point","coordinates":[-106.0643,40.4344]},"properties":{"s":14.3,"pub":true}},{"type":"Feature","geometry":{"type":"Point","coordinates":[-106.0643,40.4402]},"properties":{"s":14.3,"pub":true}},{"type":"Feature","geometry":{"type":"Point","coordinates":[-106.0643,40.446]},"properties":{"s":14.3,"pub":true}},{"type":"Feature","geometry":{"type":"Point","coordinates":[-106.0643,40.4518]},"properties":{"s":14.3,"pub":true}},{"type":"Feature","geometry":{"type":"Point","coordinates":[-106.0643,40.4576]},"properties":{"s":14.3,"pub":true}},{"type":"Feature","geometry":{"type":"Point","coordinates":[-106.0643,40.4634]},"properties":{"s":16.7,"pub":true}},{"type":"Feature","geometry":{"type":"Point","coordinates":[-106.0643,40.4692]},"properties":{"s":16.7,"pub":true}},{"type":"Feature","geometry":{"type":"Point","coordinates":[-106.0643,40.475]},"properties":{"s":16.7,"pub":true}},{"type":"Feature","geometry":{"type":"Point","coordinates":[-106.0643,40.4808]},"properties":{"s":16.7,"pub":true}},{"type":"Feature","geometry":{"type":"Point","coordinates":[-106.0643,40.4866]},"properties":{"s":16.7,"pub":true}},{"type":"Feature","geometry":{"type":"Point","coordinates":[-106.0643,40.4924]},"properties":{"s":14.3,"pub":true}},{"type":"Feature","geometry":{"type":"Point","coordinates":[-106.0643,40.4982]},"properties":{"s":14.3,"pub":true}},{"type":"Feature","geometry":{"type":"Point","coordinates":[-106.0643,40.504]},"properties":{"s":14.3,"pub":true}},{"type":"Feature","geometry":{"type":"Point","coordinates":[-106.0643,40.5098]},"properties":{"s":16.7,"pub":true}},{"type":"Feature","geometry":{"type":"Point","coordinates":[-106.0643,40.5156]},"properties":{"s":16.7,"pub":true}},{"type":"Feature","geometry":{"type":"Point","coordinates":[-106.0643,40.5214]},"properties":{"s":14.3,"pub":true}},{"type":"Feature","geometry":{"type":"Point","coordinates":[-106.0643,40.5272]},"properties":{"s":14.3,"pub":true}},{"type":"Feature","geometry":{"type":"Point","coordinates":[-106.0643,40.533]},"properties":{"s":14.3,"pub":false}},{"type":"Feature","geometry":{"type":"Point","coordinates":[-106.0643,40.5388]},"properties":{"s":33.3,"pub":false}},{"type":"Feature","geometry":{"type":"Point","coordinates":[-106.0643,40.5446]},"properties":{"s":33.3,"pub":false}},{"type":"Feature","geometry":{"type":"Point","coordinates":[-106.0643,40.5504]},"properties":{"s":33.3,"pub":false}},{"type":"Feature","geometry":{"type":"Point","coordinates":[-106.0643,40.5562]},"properties":{"s":33.3,"pub":false}},{"type":"Feature","geometry":{"type":"Point","coordinates":[-106.0643,40.562]},"properties":{"s":33.3,"pub":false}},{"type":"Feature","geometry":{"type":"Point","coordinates":[-106.0643,40.5678]},"properties":{"s":19.0,"pub":false}},{"type":"Feature","geometry":{"type":"Point","coordinates":[-106.0643,40.5736]},"properties":{"s":26.2,"pub":false}},{"type":"Feature","geometry":{"type":"Point","coordinates":[-106.0568,40.359]},"properties":{"s":14.3,"pub":true}},{"type":"Feature","geometry":{"type":"Point","coordinates":[-106.0568,40.3648]},"properties":{"s":14.3,"pub":true}},{"type":"Feature","geometry":{"type":"Point","coordinates":[-106.0568,40.3706]},"properties":{"s":14.3,"pub":true}},{"type":"Feature","geometry":{"type":"Point","coordinates":[-106.0568,40.3764]},"properties":{"s":14.3,"pub":true}},{"type":"Feature","geometry":{"type":"Point","coordinates":[-106.0568,40.3822]},"properties":{"s":14.3,"pub":true}},{"type":"Feature","geometry":{"type":"Point","coordinates":[-106.0568,40.388]},"properties":{"s":14.3,"pub":true}},{"type":"Feature","geometry":{"type":"Point","coordinates":[-106.0568,40.3938]},"properties":{"s":14.3,"pub":true}},{"type":"Feature","geometry":{"type":"Point","coordinates":[-106.0568,40.3996]},"properties":{"s":14.3,"pub":true}},{"type":"Feature","geometry":{"type":"Point","coordinates":[-106.0568,40.4054]},"properties":{"s":33.3,"pub":true}},{"type":"Feature","geometry":{"type":"Point","coordinates":[-106.0568,40.4112]},"properties":{"s":33.3,"pub":true}},{"type":"Feature","geometry":{"type":"Point","coordinates":[-106.0568,40.417]},"properties":{"s":33.3,"pub":true}},{"type":"Feature","geometry":{"type":"Point","coordinates":[-106.0568,40.4228]},"properties":{"s":14.3,"pub":true}},{"type":"Feature","geometry":{"type":"Point","coordinates":[-106.0568,40.4286]},"properties":{"s":14.3,"pub":true}},{"type":"Feature","geometry":{"type":"Point","coordinates":[-106.0568,40.4344]},"properties":{"s":14.3,"pub":true}},{"type":"Feature","geometry":{"type":"Point","coordinates":[-106.0568,40.4402]},"properties":{"s":14.3,"pub":true}},{"type":"Feature","geometry":{"type":"Point","coordinates":[-106.0568,40.446]},"properties":{"s":14.3,"pub":true}},{"type":"Feature","geometry":{"type":"Point","coordinates":[-106.0568,40.4518]},"properties":{"s":14.3,"pub":true}},{"type":"Feature","geometry":{"type":"Point","coordinates":[-106.0568,40.4576]},"properties":{"s":14.3,"pub":true}},{"type":"Feature","geometry":{"type":"Point","coordinates":[-106.0568,40.4634]},"properties":{"s":14.3,"pub":true}},{"type":"Feature","geometry":{"type":"Point","coordinates":[-106.0568,40.4692]},"properties":{"s":16.7,"pub":true}},{"type":"Feature","geometry":{"type":"Point","coordinates":[-106.0568,40.475]},"properties":{"s":16.7,"pub":true}},{"type":"Feature","geometry":{"type":"Point","coordinates":[-106.0568,40.4808]},"properties":{"s":14.3,"pub":true}},{"type":"Feature","geometry":{"type":"Point","coordinates":[-106.0568,40.4866]},"properties":{"s":14.3,"pub":true}},{"type":"Feature","geometry":{"type":"Point","coordinates":[-106.0568,40.4924]},"properties":{"s":14.3,"pub":true}},{"type":"Feature","geometry":{"type":"Point","coordinates":[-106.0568,40.4982]},"properties":{"s":14.3,"pub":true}},{"type":"Feature","geometry":{"type":"Point","coordinates":[-106.0568,40.504]},"properties":{"s":14.3,"pub":true}},{"type":"Feature","geometry":{"type":"Point","coordinates":[-106.0568,40.5098]},"properties":{"s":14.3,"pub":true}},{"type":"Feature","geometry":{"type":"Point","coordinates":[-106.0568,40.5156]},"properties":{"s":14.3,"pub":true}},{"type":"Feature","geometry":{"type":"Point","coordinates":[-106.0568,40.5214]},"properties":{"s":14.3,"pub":true}},{"type":"Feature","geometry":{"type":"Point","coordinates":[-106.0568,40.5272]},"properties":{"s":14.3,"pub":true}},{"type":"Feature","geometry":{"type":"Point","coordinates":[-106.0568,40.533]},"properties":{"s":33.3,"pub":false}},{"type":"Feature","geometry":{"type":"Point","coordinates":[-106.0568,40.5388]},"properties":{"s":33.3,"pub":false}},{"type":"Feature","geometry":{"type":"Point","coordinates":[-106.0568,40.5446]},"properties":{"s":33.3,"pub":false}},{"type":"Feature","geometry":{"type":"Point","coordinates":[-106.0568,40.5504]},"properties":{"s":33.3,"pub":false}},{"type":"Feature","geometry":{"type":"Point","coordinates":[-106.0493,40.3648]},"properties":{"s":14.3,"pub":true}},{"type":"Feature","geometry":{"type":"Point","coordinates":[-106.0493,40.3706]},"properties":{"s":14.3,"pub":true}},{"type":"Feature","geometry":{"type":"Point","coordinates":[-106.0493,40.3764]},"properties":{"s":14.3,"pub":true}},{"type":"Feature","geometry":{"type":"Point","coordinates":[-106.0493,40.3822]},"properties":{"s":14.3,"pub":true}},{"type":"Feature","geometry":{"type":"Point","coordinates":[-106.0493,40.388]},"properties":{"s":14.3,"pub":true}},{"type":"Feature","geometry":{"type":"Point","coordinates":[-106.0493,40.3938]},"properties":{"s":14.3,"pub":true}},{"type":"Feature","geometry":{"type":"Point","coordinates":[-106.0493,40.3996]},"properties":{"s":14.3,"pub":true}},{"type":"Feature","geometry":{"type":"Point","coordinates":[-106.0493,40.4054]},"properties":{"s":14.3,"pub":true}},{"type":"Feature","geometry":{"type":"Point","coordinates":[-106.0493,40.4112]},"properties":{"s":14.3,"pub":true}},{"type":"Feature","geometry":{"type":"Point","coordinates":[-106.0493,40.417]},"properties":{"s":14.3,"pub":true}},{"type":"Feature","geometry":{"type":"Point","coordinates":[-106.0493,40.4228]},"properties":{"s":14.3,"pub":true}},{"type":"Feature","geometry":{"type":"Point","coordinates":[-106.0493,40.4286]},"properties":{"s":14.3,"pub":true}},{"type":"Feature","geometry":{"type":"Point","coordinates":[-106.0493,40.4344]},"properties":{"s":14.3,"pub":true}},{"type":"Feature","geometry":{"type":"Point","coordinates":[-106.0493,40.4402]},"properties":{"s":14.3,"pub":true}},{"type":"Feature","geometry":{"type":"Point","coordinates":[-106.0493,40.446]},"properties":{"s":14.3,"pub":true}},{"type":"Feature","geometry":{"type":"Point","coordinates":[-106.0493,40.4518]},"properties":{"s":14.3,"pub":true}},{"type":"Feature","geometry":{"type":"Point","coordinates":[-106.0493,40.4576]},"properties":{"s":14.3,"pub":true}},{"type":"Feature","geometry":{"type":"Point","coordinates":[-106.0493,40.4634]},"properties":{"s":14.3,"pub":true}},{"type":"Feature","geometry":{"type":"Point","coordinates":[-106.0493,40.4692]},"properties":{"s":14.3,"pub":true}},{"type":"Feature","geometry":{"type":"Point","coordinates":[-106.0493,40.475]},"properties":{"s":14.3,"pub":true}},{"type":"Feature","geometry":{"type":"Point","coordinates":[-106.0493,40.4808]},"properties":{"s":14.3,"pub":true}},{"type":"Feature","geometry":{"type":"Point","coordinates":[-106.0493,40.4866]},"properties":{"s":14.3,"pub":true}},{"type":"Feature","geometry":{"type":"Point","coordinates":[-106.0493,40.4924]},"properties":{"s":14.3,"pub":true}},{"type":"Feature","geometry":{"type":"Point","coordinates":[-106.0493,40.4982]},"properties":{"s":14.3,"pub":true}},{"type":"Feature","geometry":{"type":"Point","coordinates":[-106.0493,40.504]},"properties":{"s":14.3,"pub":true}},{"type":"Feature","geometry":{"type":"Point","coordinates":[-106.0493,40.5098]},"properties":{"s":14.3,"pub":true}},{"type":"Feature","geometry":{"type":"Point","coordinates":[-106.0493,40.5156]},"properties":{"s":14.3,"pub":true}},{"type":"Feature","geometry":{"type":"Point","coordinates":[-106.0493,40.5214]},"properties":{"s":14.3,"pub":true}},{"type":"Feature","geometry":{"type":"Point","coordinates":[-106.0493,40.5272]},"properties":{"s":33.3,"pub":false}},{"type":"Feature","geometry":{"type":"Point","coordinates":[-106.0493,40.533]},"properties":{"s":33.3,"pub":false}},{"type":"Feature","geometry":{"type":"Point","coordinates":[-106.0493,40.5388]},"properties":{"s":33.3,"pub":false}},{"type":"Feature","geometry":{"type":"Point","coordinates":[-106.0493,40.5446]},"properties":{"s":33.3,"pub":false}},{"type":"Feature","geometry":{"type":"Point","coordinates":[-106.0493,40.5504]},"properties":{"s":33.3,"pub":false}},{"type":"Feature","geometry":{"type":"Point","coordinates":[-106.0418,40.3648]},"properties":{"s":14.3,"pub":true}},{"type":"Feature","geometry":{"type":"Point","coordinates":[-106.0418,40.3706]},"properties":{"s":14.3,"pub":true}},{"type":"Feature","geometry":{"type":"Point","coordinates":[-106.0418,40.3764]},"properties":{"s":14.3,"pub":true}},{"type":"Feature","geometry":{"type":"Point","coordinates":[-106.0418,40.3822]},"properties":{"s":14.3,"pub":true}},{"type":"Feature","geometry":{"type":"Point","coordinates":[-106.0418,40.388]},"properties":{"s":14.3,"pub":true}},{"type":"Feature","geometry":{"type":"Point","coordinates":[-106.0418,40.3938]},"properties":{"s":14.3,"pub":true}},{"type":"Feature","geometry":{"type":"Point","coordinates":[-106.0418,40.3996]},"properties":{"s":14.3,"pub":true}},{"type":"Feature","geometry":{"type":"Point","coordinates":[-106.0418,40.4054]},"properties":{"s":14.3,"pub":true}},{"type":"Feature","geometry":{"type":"Point","coordinates":[-106.0418,40.4112]},"properties":{"s":14.3,"pub":true}},{"type":"Feature","geometry":{"type":"Point","coordinates":[-106.0418,40.417]},"properties":{"s":14.3,"pub":true}},{"type":"Feature","geometry":{"type":"Point","coordinates":[-106.0418,40.4228]},"properties":{"s":14.3,"pub":true}},{"type":"Feature","geometry":{"type":"Point","coordinates":[-106.0418,40.4286]},"properties":{"s":14.3,"pub":true}},{"type":"Feature","geometry":{"type":"Point","coordinates":[-106.0418,40.4344]},"properties":{"s":14.3,"pub":true}},{"type":"Feature","geometry":{"type":"Point","coordinates":[-106.0418,40.4402]},"properties":{"s":14.3,"pub":true}},{"type":"Feature","geometry":{"type":"Point","coordinates":[-106.0418,40.446]},"properties":{"s":14.3,"pub":true}},{"type":"Feature","geometry":{"type":"Point","coordinates":[-106.0418,40.4518]},"properties":{"s":14.3,"pub":true}},{"type":"Feature","geometry":{"type":"Point","coordinates":[-106.0418,40.4576]},"properties":{"s":14.3,"pub":true}},{"type":"Feature","geometry":{"type":"Point","coordinates":[-106.0418,40.4634]},"properties":{"s":14.3,"pub":true}},{"type":"Feature","geometry":{"type":"Point","coordinates":[-106.0418,40.4692]},"properties":{"s":14.3,"pub":true}},{"type":"Feature","geometry":{"type":"Point","coordinates":[-106.0418,40.475]},"properties":{"s":14.3,"pub":true}},{"type":"Feature","geometry":{"type":"Point","coordinates":[-106.0418,40.4808]},"properties":{"s":14.3,"pub":true}},{"type":"Feature","geometry":{"type":"Point","coordinates":[-106.0418,40.4866]},"properties":{"s":14.3,"pub":true}},{"type":"Feature","geometry":{"type":"Point","coordinates":[-106.0418,40.4924]},"properties":{"s":14.3,"pub":true}},{"type":"Feature","geometry":{"type":"Point","coordinates":[-106.0418,40.4982]},"properties":{"s":14.3,"pub":true}},{"type":"Feature","geometry":{"type":"Point","coordinates":[-106.0418,40.504]},"properties":{"s":14.3,"pub":true}},{"type":"Feature","geometry":{"type":"Point","coordinates":[-106.0418,40.5098]},"properties":{"s":14.3,"pub":true}},{"type":"Feature","geometry":{"type":"Point","coordinates":[-106.0418,40.5156]},"properties":{"s":14.3,"pub":true}},{"type":"Feature","geometry":{"type":"Point","coordinates":[-106.0418,40.5214]},"properties":{"s":33.3,"pub":false}},{"type":"Feature","geometry":{"type":"Point","coordinates":[-106.0418,40.5272]},"properties":{"s":33.3,"pub":false}},{"type":"Feature","geometry":{"type":"Point","coordinates":[-106.0418,40.533]},"properties":{"s":33.3,"pub":false}},{"type":"Feature","geometry":{"type":"Point","coordinates":[-106.0418,40.5388]},"properties":{"s":33.3,"pub":false}},{"type":"Feature","geometry":{"type":"Point","coordinates":[-106.0418,40.5446]},"properties":{"s":33.3,"pub":false}},{"type":"Feature","geometry":{"type":"Point","coordinates":[-106.0418,40.5504]},"properties":{"s":33.3,"pub":false}},{"type":"Feature","geometry":{"type":"Point","coordinates":[-106.0343,40.3706]},"properties":{"s":14.3,"pub":true}},{"type":"Feature","geometry":{"type":"Point","coordinates":[-106.0343,40.3764]},"properties":{"s":14.3,"pub":true}},{"type":"Feature","geometry":{"type":"Point","coordinates":[-106.0343,40.3822]},"properties":{"s":14.3,"pub":true}},{"type":"Feature","geometry":{"type":"Point","coordinates":[-106.0343,40.388]},"properties":{"s":14.3,"pub":true}},{"type":"Feature","geometry":{"type":"Point","coordinates":[-106.0343,40.3938]},"properties":{"s":14.3,"pub":true}},{"type":"Feature","geometry":{"type":"Point","coordinates":[-106.0343,40.3996]},"properties":{"s":14.3,"pub":true}},{"type":"Feature","geometry":{"type":"Point","coordinates":[-106.0343,40.4054]},"properties":{"s":14.3,"pub":true}},{"type":"Feature","geometry":{"type":"Point","coordinates":[-106.0343,40.4112]},"properties":{"s":14.3,"pub":true}},{"type":"Feature","geometry":{"type":"Point","coordinates":[-106.0343,40.417]},"properties":{"s":14.3,"pub":true}},{"type":"Feature","geometry":{"type":"Point","coordinates":[-106.0343,40.4228]},"properties":{"s":14.3,"pub":true}},{"type":"Feature","geometry":{"type":"Point","coordinates":[-106.0343,40.4286]},"properties":{"s":14.3,"pub":true}},{"type":"Feature","geometry":{"type":"Point","coordinates":[-106.0343,40.4344]},"properties":{"s":14.3,"pub":true}},{"type":"Feature","geometry":{"type":"Point","coordinates":[-106.0343,40.4402]},"properties":{"s":14.3,"pub":true}},{"type":"Feature","geometry":{"type":"Point","coordinates":[-106.0343,40.446]},"properties":{"s":14.3,"pub":true}},{"type":"Feature","geometry":{"type":"Point","coordinates":[-106.0343,40.4518]},"properties":{"s":14.3,"pub":true}},{"type":"Feature","geometry":{"type":"Point","coordinates":[-106.0343,40.4576]},"properties":{"s":14.3,"pub":true}},{"type":"Feature","geometry":{"type":"Point","coordinates":[-106.0343,40.4634]},"properties":{"s":14.3,"pub":true}},{"type":"Feature","geometry":{"type":"Point","coordinates":[-106.0343,40.4692]},"properties":{"s":14.3,"pub":true}},{"type":"Feature","geometry":{"type":"Point","coordinates":[-106.0343,40.475]},"properties":{"s":14.3,"pub":true}},{"type":"Feature","geometry":{"type":"Point","coordinates":[-106.0343,40.4808]},"properties":{"s":14.3,"pub":true}},{"type":"Feature","geometry":{"type":"Point","coordinates":[-106.0343,40.4866]},"properties":{"s":14.3,"pub":true}},{"type":"Feature","geometry":{"type":"Point","coordinates":[-106.0343,40.4924]},"properties":{"s":14.3,"pub":true}},{"type":"Feature","geometry":{"type":"Point","coordinates":[-106.0343,40.4982]},"properties":{"s":14.3,"pub":true}},{"type":"Feature","geometry":{"type":"Point","coordinates":[-106.0343,40.504]},"properties":{"s":14.3,"pub":true}},{"type":"Feature","geometry":{"type":"Point","coordinates":[-106.0343,40.5098]},"properties":{"s":14.3,"pub":true}},{"type":"Feature","geometry":{"type":"Point","coordinates":[-106.0343,40.5156]},"properties":{"s":14.3,"pub":true}},{"type":"Feature","geometry":{"type":"Point","coordinates":[-106.0343,40.5214]},"properties":{"s":33.3,"pub":false}},{"type":"Feature","geometry":{"type":"Point","coordinates":[-106.0343,40.5272]},"properties":{"s":33.3,"pub":false}},{"type":"Feature","geometry":{"type":"Point","coordinates":[-106.0343,40.533]},"properties":{"s":33.3,"pub":false}},{"type":"Feature","geometry":{"type":"Point","coordinates":[-106.0268,40.3764]},"properties":{"s":14.3,"pub":true}},{"type":"Feature","geometry":{"type":"Point","coordinates":[-106.0268,40.3822]},"properties":{"s":14.3,"pub":true}},{"type":"Feature","geometry":{"type":"Point","coordinates":[-106.0268,40.388]},"properties":{"s":14.3,"pub":true}},{"type":"Feature","geometry":{"type":"Point","coordinates":[-106.0268,40.3938]},"properties":{"s":14.3,"pub":true}},{"type":"Feature","geometry":{"type":"Point","coordinates":[-106.0268,40.3996]},"properties":{"s":14.3,"pub":true}},{"type":"Feature","geometry":{"type":"Point","coordinates":[-106.0268,40.4054]},"properties":{"s":14.3,"pub":true}},{"type":"Feature","geometry":{"type":"Point","coordinates":[-106.0268,40.4112]},"properties":{"s":14.3,"pub":true}},{"type":"Feature","geometry":{"type":"Point","coordinates":[-106.0268,40.417]},"properties":{"s":14.3,"pub":true}},{"type":"Feature","geometry":{"type":"Point","coordinates":[-106.0268,40.4228]},"properties":{"s":14.3,"pub":true}},{"type":"Feature","geometry":{"type":"Point","coordinates":[-106.0268,40.4286]},"properties":{"s":14.3,"pub":true}},{"type":"Feature","geometry":{"type":"Point","coordinates":[-106.0268,40.4344]},"properties":{"s":14.3,"pub":true}},{"type":"Feature","geometry":{"type":"Point","coordinates":[-106.0268,40.4402]},"properties":{"s":14.3,"pub":true}},{"type":"Feature","geometry":{"type":"Point","coordinates":[-106.0268,40.446]},"properties":{"s":14.3,"pub":true}},{"type":"Feature","geometry":{"type":"Point","coordinates":[-106.0268,40.4518]},"properties":{"s":14.3,"pub":true}},{"type":"Feature","geometry":{"type":"Point","coordinates":[-106.0268,40.4576]},"properties":{"s":14.3,"pub":true}},{"type":"Feature","geometry":{"type":"Point","coordinates":[-106.0268,40.4634]},"properties":{"s":14.3,"pub":true}},{"type":"Feature","geometry":{"type":"Point","coordinates":[-106.0268,40.4692]},"properties":{"s":14.3,"pub":true}},{"type":"Feature","geometry":{"type":"Point","coordinates":[-106.0268,40.475]},"properties":{"s":14.3,"pub":true}},{"type":"Feature","geometry":{"type":"Point","coordinates":[-106.0268,40.4808]},"properties":{"s":14.3,"pub":true}},{"type":"Feature","geometry":{"type":"Point","coordinates":[-106.0268,40.4866]},"properties":{"s":14.3,"pub":true}},{"type":"Feature","geometry":{"type":"Point","coordinates":[-106.0268,40.4924]},"properties":{"s":14.3,"pub":true}},{"type":"Feature","geometry":{"type":"Point","coordinates":[-106.0268,40.4982]},"properties":{"s":14.3,"pub":true}},{"type":"Feature","geometry":{"type":"Point","coordinates":[-106.0268,40.504]},"properties":{"s":14.3,"pub":true}},{"type":"Feature","geometry":{"type":"Point","coordinates":[-106.0268,40.5098]},"properties":{"s":14.3,"pub":true}},{"type":"Feature","geometry":{"type":"Point","coordinates":[-106.0268,40.5156]},"properties":{"s":33.3,"pub":true}},{"type":"Feature","geometry":{"type":"Point","coordinates":[-106.0268,40.5214]},"properties":{"s":33.3,"pub":false}},{"type":"Feature","geometry":{"type":"Point","coordinates":[-106.0193,40.3764]},"properties":{"s":14.3,"pub":true}},{"type":"Feature","geometry":{"type":"Point","coordinates":[-106.0193,40.3822]},"properties":{"s":14.3,"pub":true}},{"type":"Feature","geometry":{"type":"Point","coordinates":[-106.0193,40.388]},"properties":{"s":14.3,"pub":true}},{"type":"Feature","geometry":{"type":"Point","coordinates":[-106.0193,40.3938]},"properties":{"s":14.3,"pub":true}},{"type":"Feature","geometry":{"type":"Point","coordinates":[-106.0193,40.3996]},"properties":{"s":14.3,"pub":true}},{"type":"Feature","geometry":{"type":"Point","coordinates":[-106.0193,40.4054]},"properties":{"s":14.3,"pub":true}},{"type":"Feature","geometry":{"type":"Point","coordinates":[-106.0193,40.4112]},"properties":{"s":14.3,"pub":true}},{"type":"Feature","geometry":{"type":"Point","coordinates":[-106.0193,40.417]},"properties":{"s":14.3,"pub":true}},{"type":"Feature","geometry":{"type":"Point","coordinates":[-106.0193,40.4228]},"properties":{"s":14.3,"pub":true}},{"type":"Feature","geometry":{"type":"Point","coordinates":[-106.0193,40.4286]},"properties":{"s":14.3,"pub":true}},{"type":"Feature","geometry":{"type":"Point","coordinates":[-106.0193,40.4344]},"properties":{"s":14.3,"pub":true}},{"type":"Feature","geometry":{"type":"Point","coordinates":[-106.0193,40.4402]},"properties":{"s":14.3,"pub":true}},{"type":"Feature","geometry":{"type":"Point","coordinates":[-106.0193,40.446]},"properties":{"s":14.3,"pub":true}},{"type":"Feature","geometry":{"type":"Point","coordinates":[-106.0193,40.4518]},"properties":{"s":14.3,"pub":true}},{"type":"Feature","geometry":{"type":"Point","coordinates":[-106.0193,40.4576]},"properties":{"s":14.3,"pub":true}},{"type":"Feature","geometry":{"type":"Point","coordinates":[-106.0193,40.4634]},"properties":{"s":14.3,"pub":true}},{"type":"Feature","geometry":{"type":"Point","coordinates":[-106.0193,40.4692]},"properties":{"s":14.3,"pub":true}},{"type":"Feature","geometry":{"type":"Point","coordinates":[-106.0193,40.475]},"properties":{"s":14.3,"pub":true}},{"type":"Feature","geometry":{"type":"Point","coordinates":[-106.0193,40.4808]},"properties":{"s":14.3,"pub":true}},{"type":"Feature","geometry":{"type":"Point","coordinates":[-106.0193,40.4866]},"properties":{"s":14.3,"pub":true}},{"type":"Feature","geometry":{"type":"Point","coordinates":[-106.0193,40.4924]},"properties":{"s":14.3,"pub":true}},{"type":"Feature","geometry":{"type":"Point","coordinates":[-106.0193,40.4982]},"properties":{"s":14.3,"pub":true}},{"type":"Feature","geometry":{"type":"Point","coordinates":[-106.0193,40.504]},"properties":{"s":14.3,"pub":true}},{"type":"Feature","geometry":{"type":"Point","coordinates":[-106.0193,40.5098]},"properties":{"s":14.3,"pub":true}},{"type":"Feature","geometry":{"type":"Point","coordinates":[-106.0193,40.5156]},"properties":{"s":14.3,"pub":true}},{"type":"Feature","geometry":{"type":"Point","coordinates":[-106.0118,40.3706]},"properties":{"s":14.3,"pub":true}},{"type":"Feature","geometry":{"type":"Point","coordinates":[-106.0118,40.3764]},"properties":{"s":14.3,"pub":true}},{"type":"Feature","geometry":{"type":"Point","coordinates":[-106.0118,40.3822]},"properties":{"s":14.3,"pub":true}},{"type":"Feature","geometry":{"type":"Point","coordinates":[-106.0118,40.388]},"properties":{"s":14.3,"pub":true}},{"type":"Feature","geometry":{"type":"Point","coordinates":[-106.0118,40.3938]},"properties":{"s":14.3,"pub":true}},{"type":"Feature","geometry":{"type":"Point","coordinates":[-106.0118,40.3996]},"properties":{"s":14.3,"pub":true}},{"type":"Feature","geometry":{"type":"Point","coordinates":[-106.0118,40.4054]},"properties":{"s":14.3,"pub":true}},{"type":"Feature","geometry":{"type":"Point","coordinates":[-106.0118,40.4112]},"properties":{"s":14.3,"pub":true}},{"type":"Feature","geometry":{"type":"Point","coordinates":[-106.0118,40.417]},"properties":{"s":14.3,"pub":true}},{"type":"Feature","geometry":{"type":"Point","coordinates":[-106.0118,40.4228]},"properties":{"s":14.3,"pub":true}},{"type":"Feature","geometry":{"type":"Point","coordinates":[-106.0118,40.4286]},"properties":{"s":14.3,"pub":true}},{"type":"Feature","geometry":{"type":"Point","coordinates":[-106.0118,40.4344]},"properties":{"s":14.3,"pub":true}},{"type":"Feature","geometry":{"type":"Point","coordinates":[-106.0118,40.4402]},"properties":{"s":14.3,"pub":true}},{"type":"Feature","geometry":{"type":"Point","coordinates":[-106.0118,40.446]},"properties":{"s":14.3,"pub":true}},{"type":"Feature","geometry":{"type":"Point","coordinates":[-106.0118,40.4518]},"properties":{"s":14.3,"pub":true}},{"type":"Feature","geometry":{"type":"Point","coordinates":[-106.0118,40.4576]},"properties":{"s":14.3,"pub":true}},{"type":"Feature","geometry":{"type":"Point","coordinates":[-106.0118,40.4634]},"properties":{"s":14.3,"pub":true}},{"type":"Feature","geometry":{"type":"Point","coordinates":[-106.0118,40.4692]},"properties":{"s":14.3,"pub":true}},{"type":"Feature","geometry":{"type":"Point","coordinates":[-106.0118,40.475]},"properties":{"s":14.3,"pub":true}},{"type":"Feature","geometry":{"type":"Point","coordinates":[-106.0118,40.4808]},"properties":{"s":14.3,"pub":true}},{"type":"Feature","geometry":{"type":"Point","coordinates":[-106.0118,40.4866]},"properties":{"s":14.3,"pub":true}},{"type":"Feature","geometry":{"type":"Point","coordinates":[-106.0118,40.4924]},"properties":{"s":14.3,"pub":true}},{"type":"Feature","geometry":{"type":"Point","coordinates":[-106.0118,40.4982]},"properties":{"s":14.3,"pub":true}},{"type":"Feature","geometry":{"type":"Point","coordinates":[-106.0118,40.504]},"properties":{"s":14.3,"pub":true}},{"type":"Feature","geometry":{"type":"Point","coordinates":[-106.0118,40.5098]},"properties":{"s":14.3,"pub":true}},{"type":"Feature","geometry":{"type":"Point","coordinates":[-106.0043,40.3648]},"properties":{"s":14.3,"pub":true}},{"type":"Feature","geometry":{"type":"Point","coordinates":[-106.0043,40.3706]},"properties":{"s":14.3,"pub":true}},{"type":"Feature","geometry":{"type":"Point","coordinates":[-106.0043,40.3764]},"properties":{"s":14.3,"pub":true}},{"type":"Feature","geometry":{"type":"Point","coordinates":[-106.0043,40.3822]},"properties":{"s":14.3,"pub":true}},{"type":"Feature","geometry":{"type":"Point","coordinates":[-106.0043,40.388]},"properties":{"s":14.3,"pub":true}},{"type":"Feature","geometry":{"type":"Point","coordinates":[-106.0043,40.3938]},"properties":{"s":14.3,"pub":true}},{"type":"Feature","geometry":{"type":"Point","coordinates":[-106.0043,40.3996]},"properties":{"s":14.3,"pub":true}},{"type":"Feature","geometry":{"type":"Point","coordinates":[-106.0043,40.4054]},"properties":{"s":14.3,"pub":true}},{"type":"Feature","geometry":{"type":"Point","coordinates":[-106.0043,40.4112]},"properties":{"s":14.3,"pub":true}},{"type":"Feature","geometry":{"type":"Point","coordinates":[-106.0043,40.417]},"properties":{"s":14.3,"pub":true}},{"type":"Feature","geometry":{"type":"Point","coordinates":[-106.0043,40.4228]},"properties":{"s":14.3,"pub":true}},{"type":"Feature","geometry":{"type":"Point","coordinates":[-106.0043,40.4286]},"properties":{"s":14.3,"pub":true}},{"type":"Feature","geometry":{"type":"Point","coordinates":[-106.0043,40.4344]},"properties":{"s":14.3,"pub":true}},{"type":"Feature","geometry":{"type":"Point","coordinates":[-106.0043,40.4402]},"properties":{"s":14.3,"pub":true}},{"type":"Feature","geometry":{"type":"Point","coordinates":[-106.0043,40.446]},"properties":{"s":14.3,"pub":true}},{"type":"Feature","geometry":{"type":"Point","coordinates":[-106.0043,40.4518]},"properties":{"s":14.3,"pub":true}},{"type":"Feature","geometry":{"type":"Point","coordinates":[-106.0043,40.4576]},"properties":{"s":14.3,"pub":true}},{"type":"Feature","geometry":{"type":"Point","coordinates":[-106.0043,40.4634]},"properties":{"s":14.3,"pub":true}},{"type":"Feature","geometry":{"type":"Point","coordinates":[-106.0043,40.4692]},"properties":{"s":14.3,"pub":true}},{"type":"Feature","geometry":{"type":"Point","coordinates":[-106.0043,40.475]},"properties":{"s":14.3,"pub":true}},{"type":"Feature","geometry":{"type":"Point","coordinates":[-106.0043,40.4808]},"properties":{"s":14.3,"pub":true}},{"type":"Feature","geometry":{"type":"Point","coordinates":[-106.0043,40.4866]},"properties":{"s":14.3,"pub":true}},{"type":"Feature","geometry":{"type":"Point","coordinates":[-106.0043,40.4924]},"properties":{"s":14.3,"pub":true}},{"type":"Feature","geometry":{"type":"Point","coordinates":[-106.0043,40.4982]},"properties":{"s":14.3,"pub":true}},{"type":"Feature","geometry":{"type":"Point","coordinates":[-106.0043,40.504]},"properties":{"s":14.3,"pub":true}},{"type":"Feature","geometry":{"type":"Point","coordinates":[-106.0043,40.5098]},"properties":{"s":14.3,"pub":true}},{"type":"Feature","geometry":{"type":"Point","coordinates":[-105.9968,40.3648]},"properties":{"s":14.3,"pub":true}},{"type":"Feature","geometry":{"type":"Point","coordinates":[-105.9968,40.3706]},"properties":{"s":14.3,"pub":true}},{"type":"Feature","geometry":{"type":"Point","coordinates":[-105.9968,40.3764]},"properties":{"s":14.3,"pub":true}},{"type":"Feature","geometry":{"type":"Point","coordinates":[-105.9968,40.3822]},"properties":{"s":14.3,"pub":true}},{"type":"Feature","geometry":{"type":"Point","coordinates":[-105.9968,40.388]},"properties":{"s":14.3,"pub":true}},{"type":"Feature","geometry":{"type":"Point","coordinates":[-105.9968,40.3938]},"properties":{"s":14.3,"pub":true}},{"type":"Feature","geometry":{"type":"Point","coordinates":[-105.9968,40.3996]},"properties":{"s":14.3,"pub":true}},{"type":"Feature","geometry":{"type":"Point","coordinates":[-105.9968,40.4054]},"properties":{"s":14.3,"pub":true}},{"type":"Feature","geometry":{"type":"Point","coordinates":[-105.9968,40.4112]},"properties":{"s":14.3,"pub":true}},{"type":"Feature","geometry":{"type":"Point","coordinates":[-105.9968,40.417]},"properties":{"s":14.3,"pub":true}},{"type":"Feature","geometry":{"type":"Point","coordinates":[-105.9968,40.4228]},"properties":{"s":14.3,"pub":true}},{"type":"Feature","geometry":{"type":"Point","coordinates":[-105.9968,40.4286]},"properties":{"s":14.3,"pub":true}},{"type":"Feature","geometry":{"type":"Point","coordinates":[-105.9968,40.4344]},"properties":{"s":14.3,"pub":true}},{"type":"Feature","geometry":{"type":"Point","coordinates":[-105.9968,40.4402]},"properties":{"s":14.3,"pub":true}},{"type":"Feature","geometry":{"type":"Point","coordinates":[-105.9968,40.446]},"properties":{"s":14.3,"pub":true}},{"type":"Feature","geometry":{"type":"Point","coordinates":[-105.9968,40.4518]},"properties":{"s":14.3,"pub":true}},{"type":"Feature","geometry":{"type":"Point","coordinates":[-105.9968,40.4576]},"properties":{"s":14.3,"pub":true}},{"type":"Feature","geometry":{"type":"Point","coordinates":[-105.9968,40.4634]},"properties":{"s":14.3,"pub":true}},{"type":"Feature","geometry":{"type":"Point","coordinates":[-105.9968,40.4692]},"properties":{"s":14.3,"pub":true}},{"type":"Feature","geometry":{"type":"Point","coordinates":[-105.9968,40.475]},"properties":{"s":14.3,"pub":true}},{"type":"Feature","geometry":{"type":"Point","coordinates":[-105.9968,40.4808]},"properties":{"s":14.3,"pub":true}},{"type":"Feature","geometry":{"type":"Point","coordinates":[-105.9968,40.4866]},"properties":{"s":14.3,"pub":true}},{"type":"Feature","geometry":{"type":"Point","coordinates":[-105.9968,40.4924]},"properties":{"s":14.3,"pub":true}},{"type":"Feature","geometry":{"type":"Point","coordinates":[-105.9968,40.4982]},"properties":{"s":14.3,"pub":true}},{"type":"Feature","geometry":{"type":"Point","coordinates":[-105.9968,40.504]},"properties":{"s":14.3,"pub":true}},{"type":"Feature","geometry":{"type":"Point","coordinates":[-105.9893,40.3648]},"properties":{"s":14.3,"pub":true}},{"type":"Feature","geometry":{"type":"Point","coordinates":[-105.9893,40.3706]},"properties":{"s":14.3,"pub":true}},{"type":"Feature","geometry":{"type":"Point","coordinates":[-105.9893,40.3764]},"properties":{"s":14.3,"pub":true}},{"type":"Feature","geometry":{"type":"Point","coordinates":[-105.9893,40.3822]},"properties":{"s":14.3,"pub":true}},{"type":"Feature","geometry":{"type":"Point","coordinates":[-105.9893,40.388]},"properties":{"s":14.3,"pub":true}},{"type":"Feature","geometry":{"type":"Point","coordinates":[-105.9893,40.3938]},"properties":{"s":14.3,"pub":true}},{"type":"Feature","geometry":{"type":"Point","coordinates":[-105.9893,40.3996]},"properties":{"s":14.3,"pub":true}},{"type":"Feature","geometry":{"type":"Point","coordinates":[-105.9893,40.4054]},"properties":{"s":14.3,"pub":true}},{"type":"Feature","geometry":{"type":"Point","coordinates":[-105.9893,40.4112]},"properties":{"s":14.3,"pub":true}},{"type":"Feature","geometry":{"type":"Point","coordinates":[-105.9893,40.417]},"properties":{"s":14.3,"pub":true}},{"type":"Feature","geometry":{"type":"Point","coordinates":[-105.9893,40.4228]},"properties":{"s":14.3,"pub":true}},{"type":"Feature","geometry":{"type":"Point","coordinates":[-105.9893,40.4286]},"properties":{"s":14.3,"pub":true}},{"type":"Feature","geometry":{"type":"Point","coordinates":[-105.9893,40.4344]},"properties":{"s":14.3,"pub":true}},{"type":"Feature","geometry":{"type":"Point","coordinates":[-105.9893,40.4402]},"properties":{"s":14.3,"pub":true}},{"type":"Feature","geometry":{"type":"Point","coordinates":[-105.9893,40.446]},"properties":{"s":14.3,"pub":true}},{"type":"Feature","geometry":{"type":"Point","coordinates":[-105.9893,40.4518]},"properties":{"s":14.3,"pub":true}},{"type":"Feature","geometry":{"type":"Point","coordinates":[-105.9893,40.4576]},"properties":{"s":14.3,"pub":true}},{"type":"Feature","geometry":{"type":"Point","coordinates":[-105.9893,40.4634]},"properties":{"s":14.3,"pub":true}},{"type":"Feature","geometry":{"type":"Point","coordinates":[-105.9893,40.4692]},"properties":{"s":14.3,"pub":true}},{"type":"Feature","geometry":{"type":"Point","coordinates":[-105.9893,40.475]},"properties":{"s":14.3,"pub":true}},{"type":"Feature","geometry":{"type":"Point","coordinates":[-105.9893,40.4808]},"properties":{"s":14.3,"pub":true}},{"type":"Feature","geometry":{"type":"Point","coordinates":[-105.9893,40.4866]},"properties":{"s":14.3,"pub":true}},{"type":"Feature","geometry":{"type":"Point","coordinates":[-105.9893,40.4924]},"properties":{"s":14.3,"pub":true}},{"type":"Feature","geometry":{"type":"Point","coordinates":[-105.9893,40.4982]},"properties":{"s":14.3,"pub":true}},{"type":"Feature","geometry":{"type":"Point","coordinates":[-105.9893,40.504]},"properties":{"s":14.3,"pub":true}},{"type":"Feature","geometry":{"type":"Point","coordinates":[-105.9818,40.3648]},"properties":{"s":14.3,"pub":true}},{"type":"Feature","geometry":{"type":"Point","coordinates":[-105.9818,40.3706]},"properties":{"s":14.3,"pub":true}},{"type":"Feature","geometry":{"type":"Point","coordinates":[-105.9818,40.3764]},"properties":{"s":14.3,"pub":true}},{"type":"Feature","geometry":{"type":"Point","coordinates":[-105.9818,40.3822]},"properties":{"s":14.3,"pub":true}},{"type":"Feature","geometry":{"type":"Point","coordinates":[-105.9818,40.388]},"properties":{"s":14.3,"pub":true}},{"type":"Feature","geometry":{"type":"Point","coordinates":[-105.9818,40.3938]},"properties":{"s":14.3,"pub":true}},{"type":"Feature","geometry":{"type":"Point","coordinates":[-105.9818,40.3996]},"properties":{"s":14.3,"pub":true}},{"type":"Feature","geometry":{"type":"Point","coordinates":[-105.9818,40.4054]},"properties":{"s":14.3,"pub":true}},{"type":"Feature","geometry":{"type":"Point","coordinates":[-105.9818,40.4112]},"properties":{"s":14.3,"pub":true}},{"type":"Feature","geometry":{"type":"Point","coordinates":[-105.9818,40.417]},"properties":{"s":14.3,"pub":true}},{"type":"Feature","geometry":{"type":"Point","coordinates":[-105.9818,40.4228]},"properties":{"s":14.3,"pub":true}},{"type":"Feature","geometry":{"type":"Point","coordinates":[-105.9818,40.4286]},"properties":{"s":14.3,"pub":true}},{"type":"Feature","geometry":{"type":"Point","coordinates":[-105.9818,40.4344]},"properties":{"s":14.3,"pub":true}},{"type":"Feature","geometry":{"type":"Point","coordinates":[-105.9818,40.4402]},"properties":{"s":14.3,"pub":true}},{"type":"Feature","geometry":{"type":"Point","coordinates":[-105.9818,40.446]},"properties":{"s":14.3,"pub":true}},{"type":"Feature","geometry":{"type":"Point","coordinates":[-105.9818,40.4518]},"properties":{"s":14.3,"pub":true}},{"type":"Feature","geometry":{"type":"Point","coordinates":[-105.9818,40.4576]},"properties":{"s":14.3,"pub":true}},{"type":"Feature","geometry":{"type":"Point","coordinates":[-105.9818,40.4634]},"properties":{"s":14.3,"pub":true}},{"type":"Feature","geometry":{"type":"Point","coordinates":[-105.9818,40.4692]},"properties":{"s":14.3,"pub":true}},{"type":"Feature","geometry":{"type":"Point","coordinates":[-105.9818,40.475]},"properties":{"s":14.3,"pub":true}},{"type":"Feature","geometry":{"type":"Point","coordinates":[-105.9818,40.4808]},"properties":{"s":14.3,"pub":true}},{"type":"Feature","geometry":{"type":"Point","coordinates":[-105.9818,40.4866]},"properties":{"s":14.3,"pub":true}},{"type":"Feature","geometry":{"type":"Point","coordinates":[-105.9818,40.4924]},"properties":{"s":14.3,"pub":true}},{"type":"Feature","geometry":{"type":"Point","coordinates":[-105.9818,40.4982]},"properties":{"s":14.3,"pub":true}},{"type":"Feature","geometry":{"type":"Point","coordinates":[-105.9818,40.504]},"properties":{"s":14.3,"pub":true}},{"type":"Feature","geometry":{"type":"Point","coordinates":[-105.9743,40.359]},"properties":{"s":14.3,"pub":true}},{"type":"Feature","geometry":{"type":"Point","coordinates":[-105.9743,40.3648]},"properties":{"s":14.3,"pub":true}},{"type":"Feature","geometry":{"type":"Point","coordinates":[-105.9743,40.3706]},"properties":{"s":14.3,"pub":true}},{"type":"Feature","geometry":{"type":"Point","coordinates":[-105.9743,40.3764]},"properties":{"s":14.3,"pub":true}},{"type":"Feature","geometry":{"type":"Point","coordinates":[-105.9743,40.3822]},"properties":{"s":14.3,"pub":true}},{"type":"Feature","geometry":{"type":"Point","coordinates":[-105.9743,40.388]},"properties":{"s":14.3,"pub":true}},{"type":"Feature","geometry":{"type":"Point","coordinates":[-105.9743,40.3938]},"properties":{"s":14.3,"pub":true}},{"type":"Feature","geometry":{"type":"Point","coordinates":[-105.9743,40.3996]},"properties":{"s":14.3,"pub":true}},{"type":"Feature","geometry":{"type":"Point","coordinates":[-105.9743,40.4054]},"properties":{"s":14.3,"pub":true}},{"type":"Feature","geometry":{"type":"Point","coordinates":[-105.9743,40.4112]},"properties":{"s":14.3,"pub":true}},{"type":"Feature","geometry":{"type":"Point","coordinates":[-105.9743,40.417]},"properties":{"s":14.3,"pub":true}},{"type":"Feature","geometry":{"type":"Point","coordinates":[-105.9743,40.4228]},"properties":{"s":14.3,"pub":true}},{"type":"Feature","geometry":{"type":"Point","coordinates":[-105.9743,40.4286]},"properties":{"s":14.3,"pub":true}},{"type":"Feature","geometry":{"type":"Point","coordinates":[-105.9743,40.4344]},"properties":{"s":14.3,"pub":true}},{"type":"Feature","geometry":{"type":"Point","coordinates":[-105.9743,40.4402]},"properties":{"s":14.3,"pub":true}},{"type":"Feature","geometry":{"type":"Point","coordinates":[-105.9743,40.446]},"properties":{"s":14.3,"pub":true}},{"type":"Feature","geometry":{"type":"Point","coordinates":[-105.9743,40.4518]},"properties":{"s":14.3,"pub":true}},{"type":"Feature","geometry":{"type":"Point","coordinates":[-105.9743,40.4576]},"properties":{"s":14.3,"pub":true}},{"type":"Feature","geometry":{"type":"Point","coordinates":[-105.9743,40.4634]},"properties":{"s":14.3,"pub":true}},{"type":"Feature","geometry":{"type":"Point","coordinates":[-105.9743,40.4692]},"properties":{"s":14.3,"pub":true}},{"type":"Feature","geometry":{"type":"Point","coordinates":[-105.9743,40.475]},"properties":{"s":14.3,"pub":true}},{"type":"Feature","geometry":{"type":"Point","coordinates":[-105.9743,40.4808]},"properties":{"s":14.3,"pub":true}},{"type":"Feature","geometry":{"type":"Point","coordinates":[-105.9743,40.4866]},"properties":{"s":14.3,"pub":true}},{"type":"Feature","geometry":{"type":"Point","coordinates":[-105.9743,40.4924]},"properties":{"s":14.3,"pub":true}},{"type":"Feature","geometry":{"type":"Point","coordinates":[-105.9743,40.4982]},"properties":{"s":14.3,"pub":true}},{"type":"Feature","geometry":{"type":"Point","coordinates":[-105.9743,40.504]},"properties":{"s":14.3,"pub":true}},{"type":"Feature","geometry":{"type":"Point","coordinates":[-105.9668,40.3532]},"properties":{"s":14.3,"pub":true}},{"type":"Feature","geometry":{"type":"Point","coordinates":[-105.9668,40.359]},"properties":{"s":14.3,"pub":true}},{"type":"Feature","geometry":{"type":"Point","coordinates":[-105.9668,40.3648]},"properties":{"s":14.3,"pub":true}},{"type":"Feature","geometry":{"type":"Point","coordinates":[-105.9668,40.3706]},"properties":{"s":14.3,"pub":true}},{"type":"Feature","geometry":{"type":"Point","coordinates":[-105.9668,40.3764]},"properties":{"s":14.3,"pub":true}},{"type":"Feature","geometry":{"type":"Point","coordinates":[-105.9668,40.3822]},"properties":{"s":14.3,"pub":true}},{"type":"Feature","geometry":{"type":"Point","coordinates":[-105.9668,40.388]},"properties":{"s":14.3,"pub":true}},{"type":"Feature","geometry":{"type":"Point","coordinates":[-105.9668,40.3938]},"properties":{"s":14.3,"pub":true}},{"type":"Feature","geometry":{"type":"Point","coordinates":[-105.9668,40.3996]},"properties":{"s":14.3,"pub":true}},{"type":"Feature","geometry":{"type":"Point","coordinates":[-105.9668,40.4054]},"properties":{"s":14.3,"pub":true}},{"type":"Feature","geometry":{"type":"Point","coordinates":[-105.9668,40.4112]},"properties":{"s":14.3,"pub":true}},{"type":"Feature","geometry":{"type":"Point","coordinates":[-105.9668,40.417]},"properties":{"s":14.3,"pub":true}},{"type":"Feature","geometry":{"type":"Point","coordinates":[-105.9668,40.4228]},"properties":{"s":14.3,"pub":true}},{"type":"Feature","geometry":{"type":"Point","coordinates":[-105.9668,40.4286]},"properties":{"s":14.3,"pub":true}},{"type":"Feature","geometry":{"type":"Point","coordinates":[-105.9668,40.4344]},"properties":{"s":42.9,"pub":true}},{"type":"Feature","geometry":{"type":"Point","coordinates":[-105.9668,40.4402]},"properties":{"s":42.9,"pub":true}},{"type":"Feature","geometry":{"type":"Point","coordinates":[-105.9668,40.446]},"properties":{"s":14.3,"pub":true}},{"type":"Feature","geometry":{"type":"Point","coordinates":[-105.9668,40.4518]},"properties":{"s":14.3,"pub":true}},{"type":"Feature","geometry":{"type":"Point","coordinates":[-105.9668,40.4576]},"properties":{"s":14.3,"pub":true}},{"type":"Feature","geometry":{"type":"Point","coordinates":[-105.9668,40.4634]},"properties":{"s":14.3,"pub":true}},{"type":"Feature","geometry":{"type":"Point","coordinates":[-105.9668,40.4692]},"properties":{"s":14.3,"pub":true}},{"type":"Feature","geometry":{"type":"Point","coordinates":[-105.9668,40.475]},"properties":{"s":14.3,"pub":true}},{"type":"Feature","geometry":{"type":"Point","coordinates":[-105.9668,40.4808]},"properties":{"s":14.3,"pub":true}},{"type":"Feature","geometry":{"type":"Point","coordinates":[-105.9668,40.4866]},"properties":{"s":14.3,"pub":true}},{"type":"Feature","geometry":{"type":"Point","coordinates":[-105.9668,40.4924]},"properties":{"s":14.3,"pub":true}},{"type":"Feature","geometry":{"type":"Point","coordinates":[-105.9668,40.4982]},"properties":{"s":14.3,"pub":true}},{"type":"Feature","geometry":{"type":"Point","coordinates":[-105.9593,40.3532]},"properties":{"s":14.3,"pub":true}},{"type":"Feature","geometry":{"type":"Point","coordinates":[-105.9593,40.359]},"properties":{"s":14.3,"pub":true}},{"type":"Feature","geometry":{"type":"Point","coordinates":[-105.9593,40.3648]},"properties":{"s":14.3,"pub":true}},{"type":"Feature","geometry":{"type":"Point","coordinates":[-105.9593,40.3706]},"properties":{"s":14.3,"pub":true}},{"type":"Feature","geometry":{"type":"Point","coordinates":[-105.9593,40.3764]},"properties":{"s":14.3,"pub":true}},{"type":"Feature","geometry":{"type":"Point","coordinates":[-105.9593,40.3822]},"properties":{"s":14.3,"pub":true}},{"type":"Feature","geometry":{"type":"Point","coordinates":[-105.9593,40.388]},"properties":{"s":14.3,"pub":true}},{"type":"Feature","geometry":{"type":"Point","coordinates":[-105.9593,40.3938]},"properties":{"s":14.3,"pub":true}},{"type":"Feature","geometry":{"type":"Point","coordinates":[-105.9593,40.3996]},"properties":{"s":14.3,"pub":true}},{"type":"Feature","geometry":{"type":"Point","coordinates":[-105.9593,40.4054]},"properties":{"s":14.3,"pub":true}},{"type":"Feature","geometry":{"type":"Point","coordinates":[-105.9593,40.4112]},"properties":{"s":14.3,"pub":true}},{"type":"Feature","geometry":{"type":"Point","coordinates":[-105.9593,40.417]},"properties":{"s":14.3,"pub":true}},{"type":"Feature","geometry":{"type":"Point","coordinates":[-105.9593,40.4228]},"properties":{"s":42.9,"pub":true}},{"type":"Feature","geometry":{"type":"Point","coordinates":[-105.9593,40.4286]},"properties":{"s":42.9,"pub":true}},{"type":"Feature","geometry":{"type":"Point","coordinates":[-105.9593,40.4344]},"properties":{"s":42.9,"pub":true}},{"type":"Feature","geometry":{"type":"Point","coordinates":[-105.9593,40.4402]},"properties":{"s":42.9,"pub":true}},{"type":"Feature","geometry":{"type":"Point","coordinates":[-105.9593,40.446]},"properties":{"s":14.3,"pub":true}},{"type":"Feature","geometry":{"type":"Point","coordinates":[-105.9593,40.4518]},"properties":{"s":14.3,"pub":true}},{"type":"Feature","geometry":{"type":"Point","coordinates":[-105.9593,40.4576]},"properties":{"s":14.3,"pub":true}},{"type":"Feature","geometry":{"type":"Point","coordinates":[-105.9593,40.4634]},"properties":{"s":14.3,"pub":true}},{"type":"Feature","geometry":{"type":"Point","coordinates":[-105.9593,40.4692]},"properties":{"s":14.3,"pub":true}},{"type":"Feature","geometry":{"type":"Point","coordinates":[-105.9593,40.475]},"properties":{"s":14.3,"pub":true}},{"type":"Feature","geometry":{"type":"Point","coordinates":[-105.9593,40.4808]},"properties":{"s":14.3,"pub":true}},{"type":"Feature","geometry":{"type":"Point","coordinates":[-105.9593,40.4866]},"properties":{"s":14.3,"pub":true}},{"type":"Feature","geometry":{"type":"Point","coordinates":[-105.9593,40.4924]},"properties":{"s":14.3,"pub":true}},{"type":"Feature","geometry":{"type":"Point","coordinates":[-105.9593,40.4982]},"properties":{"s":14.3,"pub":true}},{"type":"Feature","geometry":{"type":"Point","coordinates":[-105.9518,40.3648]},"properties":{"s":14.3,"pub":true}},{"type":"Feature","geometry":{"type":"Point","coordinates":[-105.9518,40.3706]},"properties":{"s":14.3,"pub":true}},{"type":"Feature","geometry":{"type":"Point","coordinates":[-105.9518,40.3764]},"properties":{"s":14.3,"pub":true}},{"type":"Feature","geometry":{"type":"Point","coordinates":[-105.9518,40.3822]},"properties":{"s":14.3,"pub":true}},{"type":"Feature","geometry":{"type":"Point","coordinates":[-105.9518,40.388]},"properties":{"s":14.3,"pub":true}},{"type":"Feature","geometry":{"type":"Point","coordinates":[-105.9518,40.3938]},"properties":{"s":14.3,"pub":true}},{"type":"Feature","geometry":{"type":"Point","coordinates":[-105.9518,40.3996]},"properties":{"s":14.3,"pub":true}},{"type":"Feature","geometry":{"type":"Point","coordinates":[-105.9518,40.4054]},"properties":{"s":14.3,"pub":true}},{"type":"Feature","geometry":{"type":"Point","coordinates":[-105.9518,40.4112]},"properties":{"s":14.3,"pub":true}},{"type":"Feature","geometry":{"type":"Point","coordinates":[-105.9518,40.417]},"properties":{"s":42.9,"pub":true}}]}