{"type":"FeatureCollection","features":[{"type":"Feature","geometry":{"type":"Point","coordinates":[-109.0425,40.8953]},"properties":{"s":30.0,"pub":true}},{"type":"Feature","geometry":{"type":"Point","coordinates":[-109.0425,40.9417]},"properties":{"s":60.0,"pub":true}},{"type":"Feature","geometry":{"type":"Point","coordinates":[-109.0425,40.9475]},"properties":{"s":60.0,"pub":true}},{"type":"Feature","geometry":{"type":"Point","coordinates":[-109.0425,40.9533]},"properties":{"s":60.0,"pub":true}},{"type":"Feature","geometry":{"type":"Point","coordinates":[-109.0425,40.9591]},"properties":{"s":60.0,"pub":false}},{"type":"Feature","geometry":{"type":"Point","coordinates":[-109.0425,40.9649]},"properties":{"s":86.7,"pub":false}},{"type":"Feature","geometry":{"type":"Point","coordinates":[-109.0425,40.9707]},"properties":{"s":86.7,"pub":false}},{"type":"Feature","geometry":{"type":"Point","coordinates":[-109.0425,40.9765]},"properties":{"s":86.7,"pub":false}},{"type":"Feature","geometry":{"type":"Point","coordinates":[-109.0425,40.9823]},"properties":{"s":86.7,"pub":false}},{"type":"Feature","geometry":{"type":"Point","coordinates":[-109.0425,40.9881]},"properties":{"s":90.0,"pub":false}},{"type":"Feature","geometry":{"type":"Point","coordinates":[-109.0425,40.9939]},"properties":{"s":90.0,"pub":false}},{"type":"Feature","geometry":{"type":"Point","coordinates":[-109.0425,40.9997]},"properties":{"s":90.0,"pub":true}},{"type":"Feature","geometry":{"type":"Point","coordinates":[-109.035,40.8895]},"properties":{"s":30.0,"pub":true}},{"type":"Feature","geometry":{"type":"Point","coordinates":[-109.035,40.8953]},"properties":{"s":30.0,"pub":true}},{"type":"Feature","geometry":{"type":"Point","coordinates":[-109.035,40.9417]},"properties":{"s":60.0,"pub":true}},{"type":"Feature","geometry":{"type":"Point","coordinates":[-109.035,40.9475]},"properties":{"s":60.0,"pub":true}},{"type":"Feature","geometry":{"type":"Point","coordinates":[-109.035,40.9533]},"properties":{"s":60.0,"pub":true}},{"type":"Feature","geometry":{"type":"Point","coordinates":[-109.035,40.9591]},"properties":{"s":60.0,"pub":false}},{"type":"Feature","geometry":{"type":"Point","coordinates":[-109.035,40.9649]},"properties":{"s":86.7,"pub":false}},{"type":"Feature","geometry":{"type":"Point","coordinates":[-109.035,40.9707]},"properties":{"s":86.7,"pub":false}},{"type":"Feature","geometry":{"type":"Point","coordinates":[-109.035,40.9765]},"properties":{"s":86.7,"pub":false}},{"type":"Feature","geometry":{"type":"Point","coordinates":[-109.035,40.9823]},"properties":{"s":90.0,"pub":false}},{"type":"Feature","geometry":{"type":"Point","coordinates":[-109.035,40.9881]},"properties":{"s":90.0,"pub":false}},{"type":"Feature","geometry":{"type":"Point","coordinates":[-109.035,40.9939]},"properties":{"s":90.0,"pub":false}},{"type":"Feature","geometry":{"type":"Point","coordinates":[-109.035,40.9997]},"properties":{"s":90.0,"pub":true}},{"type":"Feature","geometry":{"type":"Point","coordinates":[-109.0275,40.8837]},"properties":{"s":30.0,"pub":true}},{"type":"Feature","geometry":{"type":"Point","coordinates":[-109.0275,40.8895]},"properties":{"s":30.0,"pub":true}},{"type":"Feature","geometry":{"type":"Point","coordinates":[-109.0275,40.9359]},"properties":{"s":60.0,"pub":false}},{"type":"Feature","geometry":{"type":"Point","coordinates":[-109.0275,40.9417]},"properties":{"s":60.0,"pub":false}},{"type":"Feature","geometry":{"type":"Point","coordinates":[-109.0275,40.9475]},"properties":{"s":60.0,"pub":false}},{"type":"Feature","geometry":{"type":"Point","coordinates":[-109.0275,40.9533]},"properties":{"s":60.0,"pub":true}},{"type":"Feature","geometry":{"type":"Point","coordinates":[-109.0275,40.9591]},"properties":{"s":60.0,"pub":true}},{"type":"Feature","geometry":{"type":"Point","coordinates":[-109.0275,40.9649]},"properties":{"s":60.0,"pub":true}},{"type":"Feature","geometry":{"type":"Point","coordinates":[-109.0275,40.9707]},"properties":{"s":86.7,"pub":false}},{"type":"Feature","geometry":{"type":"Point","coordinates":[-109.0275,40.9765]},"properties":{"s":86.7,"pub":false}},{"type":"Feature","geometry":{"type":"Point","coordinates":[-109.0275,40.9823]},"properties":{"s":86.7,"pub":true}},{"type":"Feature","geometry":{"type":"Point","coordinates":[-109.0275,40.9881]},"properties":{"s":90.0,"pub":true}},{"type":"Feature","geometry":{"type":"Point","coordinates":[-109.0275,40.9939]},"properties":{"s":90.0,"pub":false}},{"type":"Feature","geometry":{"type":"Point","coordinates":[-109.0275,40.9997]},"properties":{"s":90.0,"pub":false}},{"type":"Feature","geometry":{"type":"Point","coordinates":[-109.02,40.8837]},"properties":{"s":30.0,"pub":true}},{"type":"Feature","geometry":{"type":"Point","coordinates":[-109.02,40.8895]},"properties":{"s":30.0,"pub":true}},{"type":"Feature","geometry":{"type":"Point","coordinates":[-109.02,40.9359]},"properties":{"s":63.3,"pub":false}},{"type":"Feature","geometry":{"type":"Point","coordinates":[-109.02,40.9417]},"properties":{"s":60.0,"pub":false}},{"type":"Feature","geometry":{"type":"Point","coordinates":[-109.02,40.9475]},"properties":{"s":60.0,"pub":false}},{"type":"Feature","geometry":{"type":"Point","coordinates":[-109.02,40.9533]},"properties":{"s":60.0,"pub":true}},{"type":"Feature","geometry":{"type":"Point","coordinates":[-109.02,40.9591]},"properties":{"s":60.0,"pub":true}},{"type":"Feature","geometry":{"type":"Point","coordinates":[-109.02,40.9649]},"properties":{"s":60.0,"pub":false}},{"type":"Feature","geometry":{"type":"Point","coordinates":[-109.02,40.9707]},"properties":{"s":86.7,"pub":false}},{"type":"Feature","geometry":{"type":"Point","coordinates":[-109.02,40.9765]},"properties":{"s":86.7,"pub":false}},{"type":"Feature","geometry":{"type":"Point","coordinates":[-109.02,40.9823]},"properties":{"s":86.7,"pub":true}},{"type":"Feature","geometry":{"type":"Point","coordinates":[-109.02,40.9881]},"properties":{"s":86.7,"pub":true}},{"type":"Feature","geometry":{"type":"Point","coordinates":[-109.02,40.9939]},"properties":{"s":86.7,"pub":false}},{"type":"Feature","geometry":{"type":"Point","coordinates":[-109.02,40.9997]},"properties":{"s":60.0,"pub":true}},{"type":"Feature","geometry":{"type":"Point","coordinates":[-109.0125,40.8837]},"properties":{"s":30.0,"pub":true}},{"type":"Feature","geometry":{"type":"Point","coordinates":[-109.0125,40.8895]},"properties":{"s":30.0,"pub":true}},{"type":"Feature","geometry":{"type":"Point","coordinates":[-109.0125,40.9359]},"properties":{"s":63.3,"pub":false}},{"type":"Feature","geometry":{"type":"Point","coordinates":[-109.0125,40.9417]},"properties":{"s":60.0,"pub":false}},{"type":"Feature","geometry":{"type":"Point","coordinates":[-109.0125,40.9475]},"properties":{"s":60.0,"pub":false}},{"type":"Feature","geometry":{"type":"Point","coordinates":[-109.0125,40.9533]},"properties":{"s":60.0,"pub":false}},{"type":"Feature","geometry":{"type":"Point","coordinates":[-109.0125,40.9591]},"properties":{"s":60.0,"pub":false}},{"type":"Feature","geometry":{"type":"Point","coordinates":[-109.0125,40.9649]},"properties":{"s":60.0,"pub":false}},{"type":"Feature","geometry":{"type":"Point","coordinates":[-109.0125,40.9707]},"properties":{"s":60.0,"pub":false}},{"type":"Feature","geometry":{"type":"Point","coordinates":[-109.0125,40.9765]},"properties":{"s":86.7,"pub":false}},{"type":"Feature","geometry":{"type":"Point","coordinates":[-109.0125,40.9823]},"properties":{"s":86.7,"pub":true}},{"type":"Feature","geometry":{"type":"Point","coordinates":[-109.0125,40.9881]},"properties":{"s":86.7,"pub":true}},{"type":"Feature","geometry":{"type":"Point","coordinates":[-109.0125,40.9939]},"properties":{"s":60.0,"pub":false}},{"type":"Feature","geometry":{"type":"Point","coordinates":[-109.0125,40.9997]},"properties":{"s":60.0,"pub":false}},{"type":"Feature","geometry":{"type":"Point","coordinates":[-109.005,40.8837]},"properties":{"s":30.0,"pub":true}},{"type":"Feature","geometry":{"type":"Point","coordinates":[-109.005,40.9359]},"properties":{"s":60.0,"pub":true}},{"type":"Feature","geometry":{"type":"Point","coordinates":[-109.005,40.9417]},"properties":{"s":60.0,"pub":false}},{"type":"Feature","geometry":{"type":"Point","coordinates":[-109.005,40.9475]},"properties":{"s":60.0,"pub":true}},{"type":"Feature","geometry":{"type":"Point","coordinates":[-109.005,40.9533]},"properties":{"s":60.0,"pub":false}},{"type":"Feature","geometry":{"type":"Point","coordinates":[-109.005,40.9591]},"properties":{"s":60.0,"pub":false}},{"type":"Feature","geometry":{"type":"Point","coordinates":[-109.005,40.9649]},"properties":{"s":60.0,"pub":false}},{"type":"Feature","geometry":{"type":"Point","coordinates":[-109.005,40.9707]},"properties":{"s":60.0,"pub":false}},{"type":"Feature","geometry":{"type":"Point","coordinates":[-109.005,40.9765]},"properties":{"s":60.0,"pub":true}},{"type":"Feature","geometry":{"type":"Point","coordinates":[-109.005,40.9823]},"properties":{"s":60.0,"pub":false}},{"type":"Feature","geometry":{"type":"Point","coordinates":[-109.005,40.9881]},"properties":{"s":60.0,"pub":false}},{"type":"Feature","geometry":{"type":"Point","coordinates":[-109.005,40.9939]},"properties":{"s":60.0,"pub":true}},{"type":"Feature","geometry":{"type":"Point","coordinates":[-109.005,40.9997]},"properties":{"s":60.0,"pub":true}},{"type":"Feature","geometry":{"type":"Point","coordinates":[-108.9975,40.8837]},"properties":{"s":30.0,"pub":true}},{"type":"Feature","geometry":{"type":"Point","coordinates":[-108.9975,40.9359]},"properties":{"s":60.0,"pub":true}},{"type":"Feature","geometry":{"type":"Point","coordinates":[-108.9975,40.9417]},"properties":{"s":60.0,"pub":false}},{"type":"Feature","geometry":{"type":"Point","coordinates":[-108.9975,40.9475]},"properties":{"s":60.0,"pub":true}},{"type":"Feature","geometry":{"type":"Point","coordinates":[-108.9975,40.9533]},"properties":{"s":60.0,"pub":false}},{"type":"Feature","geometry":{"type":"Point","coordinates":[-108.9975,40.9591]},"properties":{"s":60.0,"pub":false}},{"type":"Feature","geometry":{"type":"Point","coordinates":[-108.9975,40.9707]},"properties":{"s":60.0,"pub":false}},{"type":"Feature","geometry":{"type":"Point","coordinates":[-108.9975,40.9765]},"properties":{"s":60.0,"pub":true}},{"type":"Feature","geometry":{"type":"Point","coordinates":[-108.9975,40.9823]},"properties":{"s":60.0,"pub":false}},{"type":"Feature","geometry":{"type":"Point","coordinates":[-108.9975,40.9997]},"properties":{"s":60.0,"pub":true}},{"type":"Feature","geometry":{"type":"Point","coordinates":[-108.99,40.9359]},"properties":{"s":60.0,"pub":false}},{"type":"Feature","geometry":{"type":"Point","coordinates":[-108.99,40.9417]},"properties":{"s":60.0,"pub":true}},{"type":"Feature","geometry":{"type":"Point","coordinates":[-108.99,40.9475]},"properties":{"s":60.0,"pub":true}},{"type":"Feature","geometry":{"type":"Point","coordinates":[-108.99,40.9939]},"properties":{"s":60.0,"pub":true}},{"type":"Feature","geometry":{"type":"Point","coordinates":[-108.99,40.9997]},"properties":{"s":60.0,"pub":true}},{"type":"Feature","geometry":{"type":"Point","coordinates":[-108.9825,40.8779]},"properties":{"s":30.0,"pub":true}},{"type":"Feature","geometry":{"type":"Point","coordinates":[-108.9825,40.9765]},"properties":{"s":50.0,"pub":true}},{"type":"Feature","geometry":{"type":"Point","coordinates":[-108.9825,40.9823]},"properties":{"s":50.0,"pub":true}},{"type":"Feature","geometry":{"type":"Point","coordinates":[-108.9825,40.9881]},"properties":{"s":86.7,"pub":true}},{"type":"Feature","geometry":{"type":"Point","coordinates":[-108.9825,40.9939]},"properties":{"s":86.7,"pub":true}},{"type":"Feature","geometry":{"type":"Point","coordinates":[-108.9825,40.9997]},"properties":{"s":86.7,"pub":true}},{"type":"Feature","geometry":{"type":"Point","coordinates":[-108.975,40.8779]},"properties":{"s":30.0,"pub":true}},{"type":"Feature","geometry":{"type":"Point","coordinates":[-108.975,40.9707]},"properties":{"s":50.0,"pub":true}},{"type":"Feature","geometry":{"type":"Point","coordinates":[-108.975,40.9765]},"properties":{"s":50.0,"pub":true}},{"type":"Feature","geometry":{"type":"Point","coordinates":[-108.975,40.9823]},"properties":{"s":90.0,"pub":true}},{"type":"Feature","geometry":{"type":"Point","coordinates":[-108.975,40.9881]},"properties":{"s":90.0,"pub":true}},{"type":"Feature","geometry":{"type":"Point","coordinates":[-108.975,40.9939]},"properties":{"s":86.7,"pub":true}},{"type":"Feature","geometry":{"type":"Point","coordinates":[-108.975,40.9997]},"properties":{"s":86.7,"pub":true}},{"type":"Feature","geometry":{"type":"Point","coordinates":[-108.9675,40.8779]},"properties":{"s":30.0,"pub":true}},{"type":"Feature","geometry":{"type":"Point","coordinates":[-108.9675,40.9707]},"properties":{"s":90.0,"pub":true}},{"type":"Feature","geometry":{"type":"Point","coordinates":[-108.9675,40.9765]},"properties":{"s":90.0,"pub":true}},{"type":"Feature","geometry":{"type":"Point","coordinates":[-108.9675,40.9823]},"properties":{"s":86.7,"pub":true}},{"type":"Feature","geometry":{"type":"Point","coordinates":[-108.9675,40.9881]},"properties":{"s":86.7,"pub":true}},{"type":"Feature","geometry":{"type":"Point","coordinates":[-108.9675,40.9939]},"properties":{"s":86.7,"pub":true}},{"type":"Feature","geometry":{"type":"Point","coordinates":[-108.9675,40.9997]},"properties":{"s":86.7,"pub":true}},{"type":"Feature","geometry":{"type":"Point","coordinates":[-108.96,40.8721]},"properties":{"s":30.0,"pub":true}},{"type":"Feature","geometry":{"type":"Point","coordinates":[-108.96,40.9649]},"properties":{"s":63.3,"pub":true}},{"type":"Feature","geometry":{"type":"Point","coordinates":[-108.96,40.9707]},"properties":{"s":90.0,"pub":true}},{"type":"Feature","geometry":{"type":"Point","coordinates":[-108.96,40.9765]},"properties":{"s":86.7,"pub":true}},{"type":"Feature","geometry":{"type":"Point","coordinates":[-108.96,40.9823]},"properties":{"s":86.7,"pub":true}},{"type":"Feature","geometry":{"type":"Point","coordinates":[-108.96,40.9881]},"properties":{"s":86.7,"pub":true}},{"type":"Feature","geometry":{"type":"Point","coordinates":[-108.96,40.9939]},"properties":{"s":86.7,"pub":true}},{"type":"Feature","geometry":{"type":"Point","coordinates":[-108.96,40.9997]},"properties":{"s":86.7,"pub":true}},{"type":"Feature","geometry":{"type":"Point","coordinates":[-108.9525,40.8721]},"properties":{"s":30.0,"pub":true}},{"type":"Feature","geometry":{"type":"Point","coordinates":[-108.9525,40.9649]},"properties":{"s":90.0,"pub":true}},{"type":"Feature","geometry":{"type":"Point","coordinates":[-108.9525,40.9707]},"properties":{"s":90.0,"pub":true}},{"type":"Feature","geometry":{"type":"Point","coordinates":[-108.9525,40.9765]},"properties":{"s":86.7,"pub":true}},{"type":"Feature","geometry":{"type":"Point","coordinates":[-108.9525,40.9823]},"properties":{"s":86.7,"pub":true}},{"type":"Feature","geometry":{"type":"Point","coordinates":[-108.9525,40.9881]},"properties":{"s":86.7,"pub":true}},{"type":"Feature","geometry":{"type":"Point","coordinates":[-108.9525,40.9939]},"properties":{"s":86.7,"pub":true}},{"type":"Feature","geometry":{"type":"Point","coordinates":[-108.9525,40.9997]},"properties":{"s":86.7,"pub":true}},{"type":"Feature","geometry":{"type":"Point","coordinates":[-108.945,40.8663]},"properties":{"s":30.0,"pub":true}},{"type":"Feature","geometry":{"type":"Point","coordinates":[-108.945,40.9243]},"properties":{"s":53.3,"pub":true}},{"type":"Feature","geometry":{"type":"Point","coordinates":[-108.945,40.9301]},"properties":{"s":86.7,"pub":true}},{"type":"Feature","geometry":{"type":"Point","coordinates":[-108.945,40.9359]},"properties":{"s":60.0,"pub":true}},{"type":"Feature","geometry":{"type":"Point","coordinates":[-108.945,40.9649]},"properties":{"s":90.0,"pub":true}},{"type":"Feature","geometry":{"type":"Point","coordinates":[-108.945,40.9707]},"properties":{"s":90.0,"pub":true}},{"type":"Feature","geometry":{"type":"Point","coordinates":[-108.945,40.9765]},"properties":{"s":86.7,"pub":true}},{"type":"Feature","geometry":{"type":"Point","coordinates":[-108.945,40.9823]},"properties":{"s":86.7,"pub":true}},{"type":"Feature","geometry":{"type":"Point","coordinates":[-108.945,40.9881]},"properties":{"s":86.7,"pub":true}},{"type":"Feature","geometry":{"type":"Point","coordinates":[-108.945,40.9939]},"properties":{"s":86.7,"pub":true}},{"type":"Feature","geometry":{"type":"Point","coordinates":[-108.945,40.9997]},"properties":{"s":86.7,"pub":true}},{"type":"Feature","geometry":{"type":"Point","coordinates":[-108.9375,40.9185]},"properties":{"s":93.3,"pub":false}},{"type":"Feature","geometry":{"type":"Point","coordinates":[-108.9375,40.9243]},"properties":{"s":93.3,"pub":false}},{"type":"Feature","geometry":{"type":"Point","coordinates":[-108.9375,40.9301]},"properties":{"s":86.7,"pub":false}},{"type":"Feature","geometry":{"type":"Point","coordinates":[-108.9375,40.9359]},"properties":{"s":60.0,"pub":true}},{"type":"Feature","geometry":{"type":"Point","coordinates":[-108.9375,40.9649]},"properties":{"s":90.0,"pub":true}},{"type":"Feature","geometry":{"type":"Point","coordinates":[-108.9375,40.9707]},"properties":{"s":86.7,"pub":true}},{"type":"Feature","geometry":{"type":"Point","coordinates":[-108.9375,40.9765]},"properties":{"s":86.7,"pub":true}},{"type":"Feature","geometry":{"type":"Point","coordinates":[-108.9375,40.9823]},"properties":{"s":86.7,"pub":true}},{"type":"Feature","geometry":{"type":"Point","coordinates":[-108.9375,40.9881]},"properties":{"s":86.7,"pub":true}},{"type":"Feature","geometry":{"type":"Point","coordinates":[-108.9375,40.9939]},"properties":{"s":86.7,"pub":true}},{"type":"Feature","geometry":{"type":"Point","coordinates":[-108.9375,40.9997]},"properties":{"s":86.7,"pub":true}},{"type":"Feature","geometry":{"type":"Point","coordinates":[-108.93,40.9011]},"properties":{"s":63.3,"pub":true}},{"type":"Feature","geometry":{"type":"Point","coordinates":[-108.93,40.9069]},"properties":{"s":66.7,"pub":true}},{"type":"Feature","geometry":{"type":"Point","coordinates":[-108.93,40.9127]},"properties":{"s":66.7,"pub":true}},{"type":"Feature","geometry":{"type":"Point","coordinates":[-108.93,40.9185]},"properties":{"s":93.3,"pub":true}},{"type":"Feature","geometry":{"type":"Point","coordinates":[-108.93,40.9243]},"properties":{"s":93.3,"pub":true}},{"type":"Feature","geometry":{"type":"Point","coordinates":[-108.93,40.9301]},"properties":{"s":86.7,"pub":false}},{"type":"Feature","geometry":{"type":"Point","coordinates":[-108.93,40.9649]},"properties":{"s":90.0,"pub":true}},{"type":"Feature","geometry":{"type":"Point","coordinates":[-108.93,40.9707]},"properties":{"s":86.7,"pub":true}},{"type":"Feature","geometry":{"type":"Point","coordinates":[-108.93,40.9765]},"properties":{"s":86.7,"pub":true}},{"type":"Feature","geometry":{"type":"Point","coordinates":[-108.93,40.9823]},"properties":{"s":86.7,"pub":true}},{"type":"Feature","geometry":{"type":"Point","coordinates":[-108.93,40.9881]},"properties":{"s":90.0,"pub":true}},{"type":"Feature","geometry":{"type":"Point","coordinates":[-108.93,40.9939]},"properties":{"s":90.0,"pub":true}},{"type":"Feature","geometry":{"type":"Point","coordinates":[-108.93,40.9997]},"properties":{"s":90.0,"pub":true}},{"type":"Feature","geometry":{"type":"Point","coordinates":[-108.9225,40.8605]},"properties":{"s":30.0,"pub":true}},{"type":"Feature","geometry":{"type":"Point","coordinates":[-108.9225,40.8953]},"properties":{"s":63.3,"pub":true}},{"type":"Feature","geometry":{"type":"Point","coordinates":[-108.9225,40.9011]},"properties":{"s":63.3,"pub":true}},{"type":"Feature","geometry":{"type":"Point","coordinates":[-108.9225,40.9069]},"properties":{"s":90.0,"pub":true}},{"type":"Feature","geometry":{"type":"Point","coordinates":[-108.9225,40.9127]},"properties":{"s":63.3,"pub":true}},{"type":"Feature","geometry":{"type":"Point","coordinates":[-108.9225,40.9185]},"properties":{"s":93.3,"pub":true}},{"type":"Feature","geometry":{"type":"Point","coordinates":[-108.9225,40.9243]},"properties":{"s":93.3,"pub":true}},{"type":"Feature","geometry":{"type":"Point","coordinates":[-108.9225,40.9301]},"properties":{"s":90.0,"pub":false}},{"type":"Feature","geometry":{"type":"Point","coordinates":[-108.9225,40.9591]},"properties":{"s":63.3,"pub":true}},{"type":"Feature","geometry":{"type":"Point","coordinates":[-108.9225,40.9649]},"properties":{"s":63.3,"pub":true}},{"type":"Feature","geometry":{"type":"Point","coordinates":[-108.9225,40.9707]},"properties":{"s":63.3,"pub":true}},{"type":"Feature","geometry":{"type":"Point","coordinates":[-108.9225,40.9765]},"properties":{"s":90.0,"pub":true}},{"type":"Feature","geometry":{"type":"Point","coordinates":[-108.9225,40.9823]},"properties":{"s":86.7,"pub":true}},{"type":"Feature","geometry":{"type":"Point","coordinates":[-108.9225,40.9881]},"properties":{"s":90.0,"pub":true}},{"type":"Feature","geometry":{"type":"Point","coordinates":[-108.9225,40.9939]},"properties":{"s":90.0,"pub":true}},{"type":"Feature","geometry":{"type":"Point","coordinates":[-108.9225,40.9997]},"properties":{"s":90.0,"pub":true}},{"type":"Feature","geometry":{"type":"Point","coordinates":[-108.915,40.7851]},"properties":{"s":96.7,"pub":true}},{"type":"Feature","geometry":{"type":"Point","coordinates":[-108.915,40.7909]},"properties":{"s":96.7,"pub":true}},{"type":"Feature","geometry":{"type":"Point","coordinates":[-108.915,40.7967]},"properties":{"s":96.7,"pub":true}},{"type":"Feature","geometry":{"type":"Point","coordinates":[-108.915,40.8025]},"properties":{"s":96.7,"pub":true}},{"type":"Feature","geometry":{"type":"Point","coordinates":[-108.915,40.8547]},"properties":{"s":30.0,"pub":true}},{"type":"Feature","geometry":{"type":"Point","coordinates":[-108.915,40.8605]},"properties":{"s":30.0,"pub":true}},{"type":"Feature","geometry":{"type":"Point","coordinates":[-108.915,40.8663]},"properties":{"s":30.0,"pub":true}},{"type":"Feature","geometry":{"type":"Point","coordinates":[-108.915,40.8953]},"properties":{"s":66.7,"pub":false}},{"type":"Feature","geometry":{"type":"Point","coordinates":[-108.915,40.9011]},"properties":{"s":93.3,"pub":false}},{"type":"Feature","geometry":{"type":"Point","coordinates":[-108.915,40.9069]},"properties":{"s":93.3,"pub":true}},{"type":"Feature","geometry":{"type":"Point","coordinates":[-108.915,40.9127]},"properties":{"s":93.3,"pub":true}},{"type":"Feature","geometry":{"type":"Point","coordinates":[-108.915,40.9185]},"properties":{"s":93.3,"pub":true}},{"type":"Feature","geometry":{"type":"Point","coordinates":[-108.915,40.9243]},"properties":{"s":93.3,"pub":true}},{"type":"Feature","geometry":{"type":"Point","coordinates":[-108.915,40.9301]},"properties":{"s":66.7,"pub":true}},{"type":"Feature","geometry":{"type":"Point","coordinates":[-108.915,40.9533]},"properties":{"s":63.3,"pub":true}},{"type":"Feature","geometry":{"type":"Point","coordinates":[-108.915,40.9591]},"properties":{"s":60.0,"pub":false}},{"type":"Feature","geometry":{"type":"Point","coordinates":[-108.915,40.9649]},"properties":{"s":60.0,"pub":true}},{"type":"Feature","geometry":{"type":"Point","coordinates":[-108.915,40.9707]},"properties":{"s":90.0,"pub":true}},{"type":"Feature","geometry":{"type":"Point","coordinates":[-108.915,40.9765]},"properties":{"s":90.0,"pub":true}},{"type":"Feature","geometry":{"type":"Point","coordinates":[-108.915,40.9823]},"properties":{"s":90.0,"pub":true}},{"type":"Feature","geometry":{"type":"Point","coordinates":[-108.915,40.9881]},"properties":{"s":90.0,"pub":true}},{"type":"Feature","geometry":{"type":"Point","coordinates":[-108.915,40.9939]},"properties":{"s":90.0,"pub":true}},{"type":"Feature","geometry":{"type":"Point","coordinates":[-108.915,40.9997]},"properties":{"s":63.3,"pub":true}},{"type":"Feature","geometry":{"type":"Point","coordinates":[-108.9075,40.7851]},"properties":{"s":96.7,"pub":true}},{"type":"Feature","geometry":{"type":"Point","coordinates":[-108.9075,40.7909]},"properties":{"s":96.7,"pub":true}},{"type":"Feature","geometry":{"type":"Point","coordinates":[-108.9075,40.7967]},"properties":{"s":96.7,"pub":true}},{"type":"Feature","geometry":{"type":"Point","coordinates":[-108.9075,40.8025]},"properties":{"s":96.7,"pub":true}},{"type":"Feature","geometry":{"type":"Point","coordinates":[-108.9075,40.8489]},"properties":{"s":30.0,"pub":true}},{"type":"Feature","geometry":{"type":"Point","coordinates":[-108.9075,40.8547]},"properties":{"s":30.0,"pub":true}},{"type":"Feature","geometry":{"type":"Point","coordinates":[-108.9075,40.8605]},"properties":{"s":30.0,"pub":true}},{"type":"Feature","geometry":{"type":"Point","coordinates":[-108.9075,40.8663]},"properties":{"s":30.0,"pub":true}},{"type":"Feature","geometry":{"type":"Point","coordinates":[-108.9075,40.8895]},"properties":{"s":63.3,"pub":true}},{"type":"Feature","geometry":{"type":"Point","coordinates":[-108.9075,40.8953]},"properties":{"s":63.3,"pub":true}},{"type":"Feature","geometry":{"type":"Point","coordinates":[-108.9075,40.9011]},"properties":{"s":93.3,"pub":false}},{"type":"Feature","geometry":{"type":"Point","coordinates":[-108.9075,40.9069]},"properties":{"s":93.3,"pub":true}},{"type":"Feature","geometry":{"type":"Point","coordinates":[-108.9075,40.9127]},"properties":{"s":93.3,"pub":true}},{"type":"Feature","geometry":{"type":"Point","coordinates":[-108.9075,40.9185]},"properties":{"s":93.3,"pub":true}},{"type":"Feature","geometry":{"type":"Point","coordinates":[-108.9075,40.9243]},"properties":{"s":93.3,"pub":true}},{"type":"Feature","geometry":{"type":"Point","coordinates":[-108.9075,40.9301]},"properties":{"s":66.7,"pub":true}},{"type":"Feature","geometry":{"type":"Point","coordinates":[-108.9075,40.9475]},"properties":{"s":63.3,"pub":true}},{"type":"Feature","geometry":{"type":"Point","coordinates":[-108.9075,40.9533]},"properties":{"s":63.3,"pub":false}},{"type":"Feature","geometry":{"type":"Point","coordinates":[-108.9075,40.9591]},"properties":{"s":63.3,"pub":true}},{"type":"Feature","geometry":{"type":"Point","coordinates":[-108.9075,40.9649]},"properties":{"s":86.7,"pub":true}},{"type":"Feature","geometry":{"type":"Point","coordinates":[-108.9075,40.9707]},"properties":{"s":90.0,"pub":true}},{"type":"Feature","geometry":{"type":"Point","coordinates":[-108.9075,40.9765]},"properties":{"s":90.0,"pub":true}},{"type":"Feature","geometry":{"type":"Point","coordinates":[-108.9075,40.9823]},"properties":{"s":90.0,"pub":true}},{"type":"Feature","geometry":{"type":"Point","coordinates":[-108.9075,40.9881]},"properties":{"s":90.0,"pub":true}},{"type":"Feature","geometry":{"type":"Point","coordinates":[-108.9075,40.9939]},"properties":{"s":90.0,"pub":true}},{"type":"Feature","geometry":{"type":"Point","coordinates":[-108.9075,40.9997]},"properties":{"s":63.3,"pub":true}},{"type":"Feature","geometry":{"type":"Point","coordinates":[-108.9,40.7619]},"properties":{"s":96.7,"pub":true}},{"type":"Feature","geometry":{"type":"Point","coordinates":[-108.9,40.7677]},"properties":{"s":96.7,"pub":true}},{"type":"Feature","geometry":{"type":"Point","coordinates":[-108.9,40.7851]},"properties":{"s":96.7,"pub":true}},{"type":"Feature","geometry":{"type":"Point","coordinates":[-108.9,40.7909]},"properties":{"s":96.7,"pub":true}},{"type":"Feature","geometry":{"type":"Point","coordinates":[-108.9,40.8431]},"properties":{"s":30.0,"pub":true}},{"type":"Feature","geometry":{"type":"Point","coordinates":[-108.9,40.8489]},"properties":{"s":30.0,"pub":true}},{"type":"Feature","geometry":{"type":"Point","coordinates":[-108.9,40.8547]},"properties":{"s":30.0,"pub":true}},{"type":"Feature","geometry":{"type":"Point","coordinates":[-108.9,40.8605]},"properties":{"s":30.0,"pub":true}},{"type":"Feature","geometry":{"type":"Point","coordinates":[-108.9,40.8663]},"properties":{"s":30.0,"pub":true}},{"type":"Feature","geometry":{"type":"Point","coordinates":[-108.9,40.8721]},"properties":{"s":30.0,"pub":true}},{"type":"Feature","geometry":{"type":"Point","coordinates":[-108.9,40.8895]},"properties":{"s":63.3,"pub":true}},{"type":"Feature","geometry":{"type":"Point","coordinates":[-108.9,40.8953]},"properties":{"s":63.3,"pub":true}},{"type":"Feature","geometry":{"type":"Point","coordinates":[-108.9,40.9011]},"properties":{"s":90.0,"pub":true}},{"type":"Feature","geometry":{"type":"Point","coordinates":[-108.9,40.9069]},"properties":{"s":93.3,"pub":true}},{"type":"Feature","geometry":{"type":"Point","coordinates":[-108.9,40.9127]},"properties":{"s":93.3,"pub":true}},{"type":"Feature","geometry":{"type":"Point","coordinates":[-108.9,40.9185]},"properties":{"s":93.3,"pub":true}},{"type":"Feature","geometry":{"type":"Point","coordinates":[-108.9,40.9243]},"properties":{"s":93.3,"pub":true}},{"type":"Feature","geometry":{"type":"Point","coordinates":[-108.9,40.9301]},"properties":{"s":66.7,"pub":true}},{"type":"Feature","geometry":{"type":"Point","coordinates":[-108.9,40.9359]},"properties":{"s":66.7,"pub":true}},{"type":"Feature","geometry":{"type":"Point","coordinates":[-108.9,40.9417]},"properties":{"s":63.3,"pub":true}},{"type":"Feature","geometry":{"type":"Point","coordinates":[-108.9,40.9475]},"properties":{"s":90.0,"pub":true}},{"type":"Feature","geometry":{"type":"Point","coordinates":[-108.9,40.9533]},"properties":{"s":86.7,"pub":true}},{"type":"Feature","geometry":{"type":"Point","coordinates":[-108.9,40.9591]},"properties":{"s":90.0,"pub":true}},{"type":"Feature","geometry":{"type":"Point","coordinates":[-108.9,40.9649]},"properties":{"s":86.7,"pub":true}},{"type":"Feature","geometry":{"type":"Point","coordinates":[-108.9,40.9707]},"properties":{"s":90.0,"pub":true}},{"type":"Feature","geometry":{"type":"Point","coordinates":[-108.9,40.9765]},"properties":{"s":90.0,"pub":true}},{"type":"Feature","geometry":{"type":"Point","coordinates":[-108.9,40.9823]},"properties":{"s":90.0,"pub":true}},{"type":"Feature","geometry":{"type":"Point","coordinates":[-108.9,40.9881]},"properties":{"s":90.0,"pub":true}},{"type":"Feature","geometry":{"type":"Point","coordinates":[-108.9,40.9939]},"properties":{"s":90.0,"pub":true}},{"type":"Feature","geometry":{"type":"Point","coordinates":[-108.9,40.9997]},"properties":{"s":63.3,"pub":true}},{"type":"Feature","geometry":{"type":"Point","coordinates":[-108.8925,40.7619]},"properties":{"s":96.7,"pub":true}},{"type":"Feature","geometry":{"type":"Point","coordinates":[-108.8925,40.7677]},"properties":{"s":96.7,"pub":true}},{"type":"Feature","geometry":{"type":"Point","coordinates":[-108.8925,40.7735]},"properties":{"s":96.7,"pub":true}},{"type":"Feature","geometry":{"type":"Point","coordinates":[-108.8925,40.7793]},"properties":{"s":96.7,"pub":true}},{"type":"Feature","geometry":{"type":"Point","coordinates":[-108.8925,40.7851]},"properties":{"s":96.7,"pub":true}},{"type":"Feature","geometry":{"type":"Point","coordinates":[-108.8925,40.8373]},"properties":{"s":30.0,"pub":true}},{"type":"Feature","geometry":{"type":"Point","coordinates":[-108.8925,40.8431]},"properties":{"s":30.0,"pub":true}},{"type":"Feature","geometry":{"type":"Point","coordinates":[-108.8925,40.8489]},"properties":{"s":30.0,"pub":true}},{"type":"Feature","geometry":{"type":"Point","coordinates":[-108.8925,40.8547]},"properties":{"s":30.0,"pub":true}},{"type":"Feature","geometry":{"type":"Point","coordinates":[-108.8925,40.8605]},"properties":{"s":30.0,"pub":true}},{"type":"Feature","geometry":{"type":"Point","coordinates":[-108.8925,40.8663]},"properties":{"s":30.0,"pub":true}},{"type":"Feature","geometry":{"type":"Point","coordinates":[-108.8925,40.8721]},"properties":{"s":30.0,"pub":true}},{"type":"Feature","geometry":{"type":"Point","coordinates":[-108.8925,40.8837]},"properties":{"s":66.7,"pub":true}},{"type":"Feature","geometry":{"type":"Point","coordinates":[-108.8925,40.8895]},"properties":{"s":66.7,"pub":true}},{"type":"Feature","geometry":{"type":"Point","coordinates":[-108.8925,40.8953]},"properties":{"s":66.7,"pub":false}},{"type":"Feature","geometry":{"type":"Point","coordinates":[-108.8925,40.9011]},"properties":{"s":93.3,"pub":true}},{"type":"Feature","geometry":{"type":"Point","coordinates":[-108.8925,40.9069]},"properties":{"s":93.3,"pub":true}},{"type":"Feature","geometry":{"type":"Point","coordinates":[-108.8925,40.9127]},"properties":{"s":93.3,"pub":true}},{"type":"Feature","geometry":{"type":"Point","coordinates":[-108.8925,40.9185]},"properties":{"s":93.3,"pub":true}},{"type":"Feature","geometry":{"type":"Point","coordinates":[-108.8925,40.9243]},"properties":{"s":93.3,"pub":true}},{"type":"Feature","geometry":{"type":"Point","coordinates":[-108.8925,40.9301]},"properties":{"s":66.7,"pub":true}},{"type":"Feature","geometry":{"type":"Point","coordinates":[-108.8925,40.9359]},"properties":{"s":66.7,"pub":true}},{"type":"Feature","geometry":{"type":"Point","coordinates":[-108.8925,40.9417]},"properties":{"s":93.3,"pub":true}},{"type":"Feature","geometry":{"type":"Point","coordinates":[-108.8925,40.9475]},"properties":{"s":90.0,"pub":true}},{"type":"Feature","geometry":{"type":"Point","coordinates":[-108.8925,40.9533]},"properties":{"s":86.7,"pub":true}},{"type":"Feature","geometry":{"type":"Point","coordinates":[-108.8925,40.9591]},"properties":{"s":86.7,"pub":true}},{"type":"Feature","geometry":{"type":"Point","coordinates":[-108.8925,40.9649]},"properties":{"s":86.7,"pub":true}},{"type":"Feature","geometry":{"type":"Point","coordinates":[-108.8925,40.9707]},"properties":{"s":86.7,"pub":false}},{"type":"Feature","geometry":{"type":"Point","coordinates":[-108.8925,40.9765]},"properties":{"s":90.0,"pub":false}},{"type":"Feature","geometry":{"type":"Point","coordinates":[-108.8925,40.9823]},"properties":{"s":90.0,"pub":true}},{"type":"Feature","geometry":{"type":"Point","coordinates":[-108.8925,40.9881]},"properties":{"s":90.0,"pub":true}},{"type":"Feature","geometry":{"type":"Point","coordinates":[-108.8925,40.9939]},"properties":{"s":90.0,"pub":true}},{"type":"Feature","geometry":{"type":"Point","coordinates":[-108.885,40.7503]},"properties":{"s":100.0,"pub":true}},{"type":"Feature","geometry":{"type":"Point","coordinates":[-108.885,40.7619]},"properties":{"s":96.7,"pub":true}},{"type":"Feature","geometry":{"type":"Point","coordinates":[-108.885,40.7677]},"properties":{"s":96.7,"pub":true}},{"type":"Feature","geometry":{"type":"Point","coordinates":[-108.885,40.8315]},"properties":{"s":30.0,"pub":true}},{"type":"Feature","geometry":{"type":"Point","coordinates":[-108.885,40.8373]},"properties":{"s":30.0,"pub":true}},{"type":"Feature","geometry":{"type":"Point","coordinates":[-108.885,40.8431]},"properties":{"s":30.0,"pub":true}},{"type":"Feature","geometry":{"type":"Point","coordinates":[-108.885,40.8489]},"properties":{"s":30.0,"pub":true}},{"type":"Feature","geometry":{"type":"Point","coordinates":[-108.885,40.8547]},"properties":{"s":30.0,"pub":true}},{"type":"Feature","geometry":{"type":"Point","coordinates":[-108.885,40.8605]},"properties":{"s":30.0,"pub":true}},{"type":"Feature","geometry":{"type":"Point","coordinates":[-108.885,40.8663]},"properties":{"s":30.0,"pub":true}},{"type":"Feature","geometry":{"type":"Point","coordinates":[-108.885,40.8721]},"properties":{"s":30.0,"pub":true}},{"type":"Feature","geometry":{"type":"Point","coordinates":[-108.885,40.8779]},"properties":{"s":66.7,"pub":true}},{"type":"Feature","geometry":{"type":"Point","coordinates":[-108.885,40.8837]},"properties":{"s":66.7,"pub":true}},{"type":"Feature","geometry":{"type":"Point","coordinates":[-108.885,40.8895]},"properties":{"s":66.7,"pub":true}},{"type":"Feature","geometry":{"type":"Point","coordinates":[-108.885,40.8953]},"properties":{"s":66.7,"pub":false}},{"type":"Feature","geometry":{"type":"Point","coordinates":[-108.885,40.9011]},"properties":{"s":93.3,"pub":false}},{"type":"Feature","geometry":{"type":"Point","coordinates":[-108.885,40.9069]},"properties":{"s":93.3,"pub":true}},{"type":"Feature","geometry":{"type":"Point","coordinates":[-108.885,40.9127]},"properties":{"s":93.3,"pub":true}},{"type":"Feature","geometry":{"type":"Point","coordinates":[-108.885,40.9185]},"properties":{"s":93.3,"pub":true}},{"type":"Feature","geometry":{"type":"Point","coordinates":[-108.885,40.9243]},"properties":{"s":66.7,"pub":true}},{"type":"Feature","geometry":{"type":"Point","coordinates":[-108.885,40.9301]},"properties":{"s":66.7,"pub":true}},{"type":"Feature","geometry":{"type":"Point","coordinates":[-108.885,40.9359]},"properties":{"s":93.3,"pub":true}},{"type":"Feature","geometry":{"type":"Point","coordinates":[-108.885,40.9417]},"properties":{"s":93.3,"pub":true}},{"type":"Feature","geometry":{"type":"Point","coordinates":[-108.885,40.9475]},"properties":{"s":93.3,"pub":true}},{"type":"Feature","geometry":{"type":"Point","coordinates":[-108.885,40.9533]},"properties":{"s":86.7,"pub":true}},{"type":"Feature","geometry":{"type":"Point","coordinates":[-108.885,40.9591]},"properties":{"s":86.7,"pub":true}},{"type":"Feature","geometry":{"type":"Point","coordinates":[-108.885,40.9649]},"properties":{"s":86.7,"pub":true}},{"type":"Feature","geometry":{"type":"Point","coordinates":[-108.885,40.9707]},"properties":{"s":90.0,"pub":true}},{"type":"Feature","geometry":{"type":"Point","coordinates":[-108.885,40.9765]},"properties":{"s":90.0,"pub":false}},{"type":"Feature","geometry":{"type":"Point","coordinates":[-108.885,40.9823]},"properties":{"s":90.0,"pub":true}},{"type":"Feature","geometry":{"type":"Point","coordinates":[-108.885,40.9881]},"properties":{"s":90.0,"pub":true}},{"type":"Feature","geometry":{"type":"Point","coordinates":[-108.885,40.9939]},"properties":{"s":90.0,"pub":true}},{"type":"Feature","geometry":{"type":"Point","coordinates":[-108.8775,40.8257]},"properties":{"s":30.0,"pub":true}},{"type":"Feature","geometry":{"type":"Point","coordinates":[-108.8775,40.8315]},"properties":{"s":30.0,"pub":true}},{"type":"Feature","geometry":{"type":"Point","coordinates":[-108.8775,40.8373]},"properties":{"s":30.0,"pub":true}},{"type":"Feature","geometry":{"type":"Point","coordinates":[-108.8775,40.8431]},"properties":{"s":30.0,"pub":true}},{"type":"Feature","geometry":{"type":"Point","coordinates":[-108.8775,40.8489]},"properties":{"s":30.0,"pub":true}},{"type":"Feature","geometry":{"type":"Point","coordinates":[-108.8775,40.8547]},"properties":{"s":30.0,"pub":true}},{"type":"Feature","geometry":{"type":"Point","coordinates":[-108.8775,40.8605]},"properties":{"s":30.0,"pub":true}},{"type":"Feature","geometry":{"type":"Point","coordinates":[-108.8775,40.8663]},"properties":{"s":73.3,"pub":true}},{"type":"Feature","geometry":{"type":"Point","coordinates":[-108.8775,40.8721]},"properties":{"s":73.3,"pub":true}},{"type":"Feature","geometry":{"type":"Point","coordinates":[-108.8775,40.8779]},"properties":{"s":66.7,"pub":true}},{"type":"Feature","geometry":{"type":"Point","coordinates":[-108.8775,40.8837]},"properties":{"s":66.7,"pub":true}},{"type":"Feature","geometry":{"type":"Point","coordinates":[-108.8775,40.8895]},"properties":{"s":66.7,"pub":false}},{"type":"Feature","geometry":{"type":"Point","coordinates":[-108.8775,40.8953]},"properties":{"s":66.7,"pub":true}},{"type":"Feature","geometry":{"type":"Point","coordinates":[-108.8775,40.9011]},"properties":{"s":93.3,"pub":true}},{"type":"Feature","geometry":{"type":"Point","coordinates":[-108.8775,40.9069]},"properties":{"s":93.3,"pub":true}},{"type":"Feature","geometry":{"type":"Point","coordinates":[-108.8775,40.9127]},"properties":{"s":93.3,"pub":true}},{"type":"Feature","geometry":{"type":"Point","coordinates":[-108.8775,40.9185]},"properties":{"s":93.3,"pub":true}},{"type":"Feature","geometry":{"type":"Point","coordinates":[-108.8775,40.9243]},"properties":{"s":66.7,"pub":true}},{"type":"Feature","geometry":{"type":"Point","coordinates":[-108.8775,40.9301]},"properties":{"s":93.3,"pub":true}},{"type":"Feature","geometry":{"type":"Point","coordinates":[-108.8775,40.9359]},"properties":{"s":93.3,"pub":false}},{"type":"Feature","geometry":{"type":"Point","coordinates":[-108.8775,40.9417]},"properties":{"s":93.3,"pub":true}},{"type":"Feature","geometry":{"type":"Point","coordinates":[-108.8775,40.9475]},"properties":{"s":93.3,"pub":true}},{"type":"Feature","geometry":{"type":"Point","coordinates":[-108.8775,40.9533]},"properties":{"s":90.0,"pub":true}},{"type":"Feature","geometry":{"type":"Point","coordinates":[-108.8775,40.9591]},"properties":{"s":86.7,"pub":true}},{"type":"Feature","geometry":{"type":"Point","coordinates":[-108.8775,40.9649]},"properties":{"s":86.7,"pub":true}},{"type":"Feature","geometry":{"type":"Point","coordinates":[-108.8775,40.9707]},"properties":{"s":90.0,"pub":true}},{"type":"Feature","geometry":{"type":"Point","coordinates":[-108.8775,40.9765]},"properties":{"s":90.0,"pub":true}},{"type":"Feature","geometry":{"type":"Point","coordinates":[-108.8775,40.9823]},"properties":{"s":90.0,"pub":true}},{"type":"Feature","geometry":{"type":"Point","coordinates":[-108.8775,40.9881]},"properties":{"s":90.0,"pub":true}},{"type":"Feature","geometry":{"type":"Point","coordinates":[-108.8775,40.9939]},"properties":{"s":63.3,"pub":true}},{"type":"Feature","geometry":{"type":"Point","coordinates":[-108.87,40.8199]},"properties":{"s":70.0,"pub":true}},{"type":"Feature","geometry":{"type":"Point","coordinates":[-108.87,40.8257]},"properties":{"s":70.0,"pub":true}},{"type":"Feature","geometry":{"type":"Point","coordinates":[-108.87,40.8315]},"properties":{"s":70.0,"pub":true}},{"type":"Feature","geometry":{"type":"Point","coordinates":[-108.87,40.8373]},"properties":{"s":70.0,"pub":true}},{"type":"Feature","geometry":{"type":"Point","coordinates":[-108.87,40.8431]},"properties":{"s":70.0,"pub":true}},{"type":"Feature","geometry":{"type":"Point","coordinates":[-108.87,40.8489]},"properties":{"s":70.0,"pub":true}},{"type":"Feature","geometry":{"type":"Point","coordinates":[-108.87,40.8547]},"properties":{"s":70.0,"pub":true}},{"type":"Feature","geometry":{"type":"Point","coordinates":[-108.87,40.8605]},"properties":{"s":70.0,"pub":true}},{"type":"Feature","geometry":{"type":"Point","coordinates":[-108.87,40.8663]},"properties":{"s":73.3,"pub":true}},{"type":"Feature","geometry":{"type":"Point","coordinates":[-108.87,40.8721]},"properties":{"s":66.7,"pub":true}},{"type":"Feature","geometry":{"type":"Point","coordinates":[-108.87,40.8779]},"properties":{"s":66.7,"pub":true}},{"type":"Feature","geometry":{"type":"Point","coordinates":[-108.87,40.8837]},"properties":{"s":66.7,"pub":true}},{"type":"Feature","geometry":{"type":"Point","coordinates":[-108.87,40.8895]},"properties":{"s":66.7,"pub":true}},{"type":"Feature","geometry":{"type":"Point","coordinates":[-108.87,40.8953]},"properties":{"s":93.3,"pub":true}},{"type":"Feature","geometry":{"type":"Point","coordinates":[-108.87,40.9011]},"properties":{"s":93.3,"pub":true}},{"type":"Feature","geometry":{"type":"Point","coordinates":[-108.87,40.9069]},"properties":{"s":93.3,"pub":true}},{"type":"Feature","geometry":{"type":"Point","coordinates":[-108.87,40.9127]},"properties":{"s":93.3,"pub":true}},{"type":"Feature","geometry":{"type":"Point","coordinates":[-108.87,40.9185]},"properties":{"s":93.3,"pub":false}},{"type":"Feature","geometry":{"type":"Point","coordinates":[-108.87,40.9243]},"properties":{"s":66.7,"pub":true}},{"type":"Feature","geometry":{"type":"Point","coordinates":[-108.87,40.9301]},"properties":{"s":93.3,"pub":true}},{"type":"Feature","geometry":{"type":"Point","coordinates":[-108.87,40.9359]},"properties":{"s":93.3,"pub":true}},{"type":"Feature","geometry":{"type":"Point","coordinates":[-108.87,40.9417]},"properties":{"s":93.3,"pub":true}},{"type":"Feature","geometry":{"type":"Point","coordinates":[-108.87,40.9475]},"properties":{"s":93.3,"pub":true}},{"type":"Feature","geometry":{"type":"Point","coordinates":[-108.87,40.9533]},"properties":{"s":90.0,"pub":true}},{"type":"Feature","geometry":{"type":"Point","coordinates":[-108.87,40.9591]},"properties":{"s":90.0,"pub":true}},{"type":"Feature","geometry":{"type":"Point","coordinates":[-108.87,40.9649]},"properties":{"s":90.0,"pub":true}},{"type":"Feature","geometry":{"type":"Point","coordinates":[-108.87,40.9707]},"properties":{"s":90.0,"pub":true}},{"type":"Feature","geometry":{"type":"Point","coordinates":[-108.87,40.9765]},"properties":{"s":90.0,"pub":true}},{"type":"Feature","geometry":{"type":"Point","coordinates":[-108.87,40.9823]},"properties":{"s":90.0,"pub":true}},{"type":"Feature","geometry":{"type":"Point","coordinates":[-108.87,40.9881]},"properties":{"s":90.0,"pub":true}},{"type":"Feature","geometry":{"type":"Point","coordinates":[-108.87,40.9939]},"properties":{"s":30.0,"pub":true}},{"type":"Feature","geometry":{"type":"Point","coordinates":[-108.87,40.9997]},"properties":{"s":30.0,"pub":true}},{"type":"Feature","geometry":{"type":"Point","coordinates":[-108.8625,40.8199]},"properties":{"s":70.0,"pub":true}},{"type":"Feature","geometry":{"type":"Point","coordinates":[-108.8625,40.8257]},"properties":{"s":70.0,"pub":true}},{"type":"Feature","geometry":{"type":"Point","coordinates":[-108.8625,40.8315]},"properties":{"s":70.0,"pub":true}},{"type":"Feature","geometry":{"type":"Point","coordinates":[-108.8625,40.8373]},"properties":{"s":70.0,"pub":true}},{"type":"Feature","geometry":{"type":"Point","coordinates":[-108.8625,40.8431]},"properties":{"s":70.0,"pub":true}},{"type":"Feature","geometry":{"type":"Point","coordinates":[-108.8625,40.8489]},"properties":{"s":70.0,"pub":true}},{"type":"Feature","geometry":{"type":"Point","coordinates":[-108.8625,40.8547]},"properties":{"s":70.0,"pub":true}},{"type":"Feature","geometry":{"type":"Point","coordinates":[-108.8625,40.8605]},"properties":{"s":73.3,"pub":true}},{"type":"Feature","geometry":{"type":"Point","coordinates":[-108.8625,40.8663]},"properties":{"s":66.7,"pub":true}},{"type":"Feature","geometry":{"type":"Point","coordinates":[-108.8625,40.8721]},"properties":{"s":66.7,"pub":true}},{"type":"Feature","geometry":{"type":"Point","coordinates":[-108.8625,40.8779]},"properties":{"s":66.7,"pub":true}},{"type":"Feature","geometry":{"type":"Point","coordinates":[-108.8625,40.8837]},"properties":{"s":66.7,"pub":false}},{"type":"Feature","geometry":{"type":"Point","coordinates":[-108.8625,40.8895]},"properties":{"s":93.3,"pub":true}},{"type":"Feature","geometry":{"type":"Point","coordinates":[-108.8625,40.8953]},"properties":{"s":93.3,"pub":true}},{"type":"Feature","geometry":{"type":"Point","coordinates":[-108.8625,40.9011]},"properties":{"s":93.3,"pub":true}},{"type":"Feature","geometry":{"type":"Point","coordinates":[-108.8625,40.9069]},"properties":{"s":93.3,"pub":true}},{"type":"Feature","geometry":{"type":"Point","coordinates":[-108.8625,40.9127]},"properties":{"s":93.3,"pub":true}},{"type":"Feature","geometry":{"type":"Point","coordinates":[-108.8625,40.9185]},"properties":{"s":93.3,"pub":false}},{"type":"Feature","geometry":{"type":"Point","coordinates":[-108.8625,40.9243]},"properties":{"s":66.7,"pub":true}},{"type":"Feature","geometry":{"type":"Point","coordinates":[-108.8625,40.9301]},"properties":{"s":93.3,"pub":true}},{"type":"Feature","geometry":{"type":"Point","coordinates":[-108.8625,40.9359]},"properties":{"s":93.3,"pub":true}},{"type":"Feature","geometry":{"type":"Point","coordinates":[-108.8625,40.9417]},"properties":{"s":93.3,"pub":true}},{"type":"Feature","geometry":{"type":"Point","coordinates":[-108.8625,40.9475]},"properties":{"s":93.3,"pub":true}},{"type":"Feature","geometry":{"type":"Point","coordinates":[-108.8625,40.9533]},"properties":{"s":90.0,"pub":true}},{"type":"Feature","geometry":{"type":"Point","coordinates":[-108.8625,40.9591]},"properties":{"s":93.3,"pub":true}},{"type":"Feature","geometry":{"type":"Point","coordinates":[-108.8625,40.9649]},"properties":{"s":93.3,"pub":true}},{"type":"Feature","geometry":{"type":"Point","coordinates":[-108.8625,40.9707]},"properties":{"s":93.3,"pub":true}},{"type":"Feature","geometry":{"type":"Point","coordinates":[-108.8625,40.9765]},"properties":{"s":90.0,"pub":true}},{"type":"Feature","geometry":{"type":"Point","coordinates":[-108.8625,40.9823]},"properties":{"s":90.0,"pub":true}},{"type":"Feature","geometry":{"type":"Point","coordinates":[-108.8625,40.9881]},"properties":{"s":90.0,"pub":true}},{"type":"Feature","geometry":{"type":"Point","coordinates":[-108.8625,40.9939]},"properties":{"s":30.0,"pub":true}},{"type":"Feature","geometry":{"type":"Point","coordinates":[-108.8625,40.9997]},"properties":{"s":30.0,"pub":true}},{"type":"Feature","geometry":{"type":"Point","coordinates":[-108.855,40.8141]},"properties":{"s":70.0,"pub":true}},{"type":"Feature","geometry":{"type":"Point","coordinates":[-108.855,40.8199]},"properties":{"s":70.0,"pub":true}},{"type":"Feature","geometry":{"type":"Point","coordinates":[-108.855,40.8257]},"properties":{"s":96.7,"pub":true}},{"type":"Feature","geometry":{"type":"Point","coordinates":[-108.855,40.8315]},"properties":{"s":96.7,"pub":true}},{"type":"Feature","geometry":{"type":"Point","coordinates":[-108.855,40.8373]},"properties":{"s":96.7,"pub":true}},{"type":"Feature","geometry":{"type":"Point","coordinates":[-108.855,40.8431]},"properties":{"s":70.0,"pub":true}},{"type":"Feature","geometry":{"type":"Point","coordinates":[-108.855,40.8489]},"properties":{"s":70.0,"pub":true}},{"type":"Feature","geometry":{"type":"Point","coordinates":[-108.855,40.8547]},"properties":{"s":70.0,"pub":true}},{"type":"Feature","geometry":{"type":"Point","coordinates":[-108.855,40.8605]},"properties":{"s":66.7,"pub":true}},{"type":"Feature","geometry":{"type":"Point","coordinates":[-108.855,40.8663]},"properties":{"s":66.7,"pub":true}},{"type":"Feature","geometry":{"type":"Point","coordinates":[-108.855,40.8721]},"properties":{"s":66.7,"pub":true}},{"type":"Feature","geometry":{"type":"Point","coordinates":[-108.855,40.8779]},"properties":{"s":66.7,"pub":true}},{"type":"Feature","geometry":{"type":"Point","coordinates":[-108.855,40.8837]},"properties":{"s":93.3,"pub":true}},{"type":"Feature","geometry":{"type":"Point","coordinates":[-108.855,40.8895]},"properties":{"s":93.3,"pub":true}},{"type":"Feature","geometry":{"type":"Point","coordinates":[-108.855,40.8953]},"properties":{"s":93.3,"pub":true}},{"type":"Feature","geometry":{"type":"Point","coordinates":[-108.855,40.9011]},"properties":{"s":93.3,"pub":true}},{"type":"Feature","geometry":{"type":"Point","coordinates":[-108.855,40.9069]},"properties":{"s":93.3,"pub":true}},{"type":"Feature","geometry":{"type":"Point","coordinates":[-108.855,40.9127]},"properties":{"s":93.3,"pub":true}},{"type":"Feature","geometry":{"type":"Point","coordinates":[-108.855,40.9185]},"properties":{"s":93.3,"pub":false}},{"type":"Feature","geometry":{"type":"Point","coordinates":[-108.855,40.9243]},"properties":{"s":66.7,"pub":true}},{"type":"Feature","geometry":{"type":"Point","coordinates":[-108.855,40.9301]},"properties":{"s":93.3,"pub":true}},{"type":"Feature","geometry":{"type":"Point","coordinates":[-108.855,40.9359]},"properties":{"s":93.3,"pub":true}},{"type":"Feature","geometry":{"type":"Point","coordinates":[-108.855,40.9417]},"properties":{"s":93.3,"pub":true}},{"type":"Feature","geometry":{"type":"Point","coordinates":[-108.855,40.9475]},"properties":{"s":93.3,"pub":true}},{"type":"Feature","geometry":{"type":"Point","coordinates":[-108.855,40.9533]},"properties":{"s":93.3,"pub":true}},{"type":"Feature","geometry":{"type":"Point","coordinates":[-108.855,40.9591]},"properties":{"s":93.3,"pub":true}},{"type":"Feature","geometry":{"type":"Point","coordinates":[-108.855,40.9649]},"properties":{"s":93.3,"pub":true}},{"type":"Feature","geometry":{"type":"Point","coordinates":[-108.855,40.9707]},"properties":{"s":90.0,"pub":true}},{"type":"Feature","geometry":{"type":"Point","coordinates":[-108.855,40.9765]},"properties":{"s":90.0,"pub":true}},{"type":"Feature","geometry":{"type":"Point","coordinates":[-108.855,40.9823]},"properties":{"s":90.0,"pub":true}},{"type":"Feature","geometry":{"type":"Point","coordinates":[-108.8475,40.8025]},"properties":{"s":70.0,"pub":true}},{"type":"Feature","geometry":{"type":"Point","coordinates":[-108.8475,40.8083]},"properties":{"s":70.0,"pub":true}},{"type":"Feature","geometry":{"type":"Point","coordinates":[-108.8475,40.8141]},"properties":{"s":70.0,"pub":true}},{"type":"Feature","geometry":{"type":"Point","coordinates":[-108.8475,40.8199]},"properties":{"s":96.7,"pub":true}},{"type":"Feature","geometry":{"type":"Point","coordinates":[-108.8475,40.8257]},"properties":{"s":96.7,"pub":true}},{"type":"Feature","geometry":{"type":"Point","coordinates":[-108.8475,40.8315]},"properties":{"s":96.7,"pub":true}},{"type":"Feature","geometry":{"type":"Point","coordinates":[-108.8475,40.8373]},"properties":{"s":96.7,"pub":true}},{"type":"Feature","geometry":{"type":"Point","coordinates":[-108.8475,40.8431]},"properties":{"s":96.7,"pub":true}},{"type":"Feature","geometry":{"type":"Point","coordinates":[-108.8475,40.8489]},"properties":{"s":70.0,"pub":true}},{"type":"Feature","geometry":{"type":"Point","coordinates":[-108.8475,40.8547]},"properties":{"s":63.3,"pub":true}},{"type":"Feature","geometry":{"type":"Point","coordinates":[-108.8475,40.8605]},"properties":{"s":66.7,"pub":true}},{"type":"Feature","geometry":{"type":"Point","coordinates":[-108.8475,40.8663]},"properties":{"s":66.7,"pub":true}},{"type":"Feature","geometry":{"type":"Point","coordinates":[-108.8475,40.8721]},"properties":{"s":66.7,"pub":true}},{"type":"Feature","geometry":{"type":"Point","coordinates":[-108.8475,40.8779]},"properties":{"s":93.3,"pub":true}},{"type":"Feature","geometry":{"type":"Point","coordinates":[-108.8475,40.8837]},"properties":{"s":93.3,"pub":true}},{"type":"Feature","geometry":{"type":"Point","coordinates":[-108.8475,40.8895]},"properties":{"s":93.3,"pub":false}},{"type":"Feature","geometry":{"type":"Point","coordinates":[-108.8475,40.8953]},"properties":{"s":93.3,"pub":true}},{"type":"Feature","geometry":{"type":"Point","coordinates":[-108.8475,40.9011]},"properties":{"s":93.3,"pub":true}},{"type":"Feature","geometry":{"type":"Point","coordinates":[-108.8475,40.9069]},"properties":{"s":93.3,"pub":true}},{"type":"Feature","geometry":{"type":"Point","coordinates":[-108.8475,40.9127]},"properties":{"s":93.3,"pub":true}},{"type":"Feature","geometry":{"type":"Point","coordinates":[-108.8475,40.9185]},"properties":{"s":93.3,"pub":true}},{"type":"Feature","geometry":{"type":"Point","coordinates":[-108.8475,40.9243]},"properties":{"s":66.7,"pub":true}},{"type":"Feature","geometry":{"type":"Point","coordinates":[-108.8475,40.9301]},"properties":{"s":93.3,"pub":true}},{"type":"Feature","geometry":{"type":"Point","coordinates":[-108.8475,40.9359]},"properties":{"s":93.3,"pub":true}},{"type":"Feature","geometry":{"type":"Point","coordinates":[-108.8475,40.9417]},"properties":{"s":93.3,"pub":true}},{"type":"Feature","geometry":{"type":"Point","coordinates":[-108.8475,40.9475]},"properties":{"s":93.3,"pub":true}},{"type":"Feature","geometry":{"type":"Point","coordinates":[-108.8475,40.9533]},"properties":{"s":93.3,"pub":true}},{"type":"Feature","geometry":{"type":"Point","coordinates":[-108.8475,40.9591]},"properties":{"s":93.3,"pub":true}},{"type":"Feature","geometry":{"type":"Point","coordinates":[-108.8475,40.9649]},"properties":{"s":93.3,"pub":true}},{"type":"Feature","geometry":{"type":"Point","coordinates":[-108.8475,40.9707]},"properties":{"s":90.0,"pub":true}},{"type":"Feature","geometry":{"type":"Point","coordinates":[-108.8475,40.9765]},"properties":{"s":90.0,"pub":true}},{"type":"Feature","geometry":{"type":"Point","coordinates":[-108.8475,40.9823]},"properties":{"s":63.3,"pub":true}},{"type":"Feature","geometry":{"type":"Point","coordinates":[-108.84,40.7851]},"properties":{"s":70.0,"pub":true}},{"type":"Feature","geometry":{"type":"Point","coordinates":[-108.84,40.7909]},"properties":{"s":70.0,"pub":true}},{"type":"Feature","geometry":{"type":"Point","coordinates":[-108.84,40.7967]},"properties":{"s":70.0,"pub":true}},{"type":"Feature","geometry":{"type":"Point","coordinates":[-108.84,40.8025]},"properties":{"s":70.0,"pub":true}},{"type":"Feature","geometry":{"type":"Point","coordinates":[-108.84,40.8083]},"properties":{"s":70.0,"pub":true}},{"type":"Feature","geometry":{"type":"Point","coordinates":[-108.84,40.8141]},"properties":{"s":70.0,"pub":true}},{"type":"Feature","geometry":{"type":"Point","coordinates":[-108.84,40.8199]},"properties":{"s":96.7,"pub":true}},{"type":"Feature","geometry":{"type":"Point","coordinates":[-108.84,40.8257]},"properties":{"s":96.7,"pub":true}},{"type":"Feature","geometry":{"type":"Point","coordinates":[-108.84,40.8315]},"properties":{"s":96.7,"pub":true}},{"type":"Feature","geometry":{"type":"Point","coordinates":[-108.84,40.8373]},"properties":{"s":100.0,"pub":true}},{"type":"Feature","geometry":{"type":"Point","coordinates":[-108.84,40.8431]},"properties":{"s":73.3,"pub":true}},{"type":"Feature","geometry":{"type":"Point","coordinates":[-108.84,40.8489]},"properties":{"s":66.7,"pub":true}},{"type":"Feature","geometry":{"type":"Point","coordinates":[-108.84,40.8547]},"properties":{"s":66.7,"pub":true}},{"type":"Feature","geometry":{"type":"Point","coordinates":[-108.84,40.8605]},"properties":{"s":66.7,"pub":true}},{"type":"Feature","geometry":{"type":"Point","coordinates":[-108.84,40.8663]},"properties":{"s":66.7,"pub":true}},{"type":"Feature","geometry":{"type":"Point","coordinates":[-108.84,40.8721]},"properties":{"s":66.7,"pub":true}},{"type":"Feature","geometry":{"type":"Point","coordinates":[-108.84,40.8779]},"properties":{"s":93.3,"pub":true}},{"type":"Feature","geometry":{"type":"Point","coordinates":[-108.84,40.8837]},"properties":{"s":93.3,"pub":false}},{"type":"Feature","geometry":{"type":"Point","coordinates":[-108.84,40.8895]},"properties":{"s":93.3,"pub":true}},{"type":"Feature","geometry":{"type":"Point","coordinates":[-108.84,40.8953]},"properties":{"s":93.3,"pub":true}},{"type":"Feature","geometry":{"type":"Point","coordinates":[-108.84,40.9011]},"properties":{"s":93.3,"pub":true}},{"type":"Feature","geometry":{"type":"Point","coordinates":[-108.84,40.9069]},"properties":{"s":93.3,"pub":true}},{"type":"Feature","geometry":{"type":"Point","coordinates":[-108.84,40.9127]},"properties":{"s":93.3,"pub":true}},{"type":"Feature","geometry":{"type":"Point","coordinates":[-108.84,40.9185]},"properties":{"s":93.3,"pub":true}},{"type":"Feature","geometry":{"type":"Point","coordinates":[-108.84,40.9243]},"properties":{"s":66.7,"pub":true}},{"type":"Feature","geometry":{"type":"Point","coordinates":[-108.84,40.9301]},"properties":{"s":66.7,"pub":true}},{"type":"Feature","geometry":{"type":"Point","coordinates":[-108.84,40.9359]},"properties":{"s":93.3,"pub":true}},{"type":"Feature","geometry":{"type":"Point","coordinates":[-108.84,40.9417]},"properties":{"s":93.3,"pub":true}},{"type":"Feature","geometry":{"type":"Point","coordinates":[-108.84,40.9475]},"properties":{"s":93.3,"pub":true}},{"type":"Feature","geometry":{"type":"Point","coordinates":[-108.84,40.9533]},"properties":{"s":93.3,"pub":true}},{"type":"Feature","geometry":{"type":"Point","coordinates":[-108.84,40.9591]},"properties":{"s":93.3,"pub":true}},{"type":"Feature","geometry":{"type":"Point","coordinates":[-108.84,40.9649]},"properties":{"s":93.3,"pub":true}},{"type":"Feature","geometry":{"type":"Point","coordinates":[-108.84,40.9707]},"properties":{"s":93.3,"pub":true}},{"type":"Feature","geometry":{"type":"Point","coordinates":[-108.84,40.9765]},"properties":{"s":63.3,"pub":true}},{"type":"Feature","geometry":{"type":"Point","coordinates":[-108.8325,40.7851]},"properties":{"s":70.0,"pub":true}},{"type":"Feature","geometry":{"type":"Point","coordinates":[-108.8325,40.7909]},"properties":{"s":70.0,"pub":true}},{"type":"Feature","geometry":{"type":"Point","coordinates":[-108.8325,40.7967]},"properties":{"s":70.0,"pub":true}},{"type":"Feature","geometry":{"type":"Point","coordinates":[-108.8325,40.8025]},"properties":{"s":70.0,"pub":true}},{"type":"Feature","geometry":{"type":"Point","coordinates":[-108.8325,40.8083]},"properties":{"s":70.0,"pub":true}},{"type":"Feature","geometry":{"type":"Point","coordinates":[-108.8325,40.8141]},"properties":{"s":70.0,"pub":true}},{"type":"Feature","geometry":{"type":"Point","coordinates":[-108.8325,40.8199]},"properties":{"s":96.7,"pub":true}},{"type":"Feature","geometry":{"type":"Point","coordinates":[-108.8325,40.8257]},"properties":{"s":100.0,"pub":true}},{"type":"Feature","geometry":{"type":"Point","coordinates":[-108.8325,40.8315]},"properties":{"s":100.0,"pub":true}},{"type":"Feature","geometry":{"type":"Point","coordinates":[-108.8325,40.8373]},"properties":{"s":100.0,"pub":true}},{"type":"Feature","geometry":{"type":"Point","coordinates":[-108.8325,40.8431]},"properties":{"s":66.7,"pub":true}},{"type":"Feature","geometry":{"type":"Point","coordinates":[-108.8325,40.8489]},"properties":{"s":66.7,"pub":true}},{"type":"Feature","geometry":{"type":"Point","coordinates":[-108.8325,40.8547]},"properties":{"s":66.7,"pub":true}},{"type":"Feature","geometry":{"type":"Point","coordinates":[-108.8325,40.8605]},"properties":{"s":66.7,"pub":true}},{"type":"Feature","geometry":{"type":"Point","coordinates":[-108.8325,40.8663]},"properties":{"s":66.7,"pub":true}},{"type":"Feature","geometry":{"type":"Point","coordinates":[-108.8325,40.8721]},"properties":{"s":93.3,"pub":true}},{"type":"Feature","geometry":{"type":"Point","coordinates":[-108.8325,40.8779]},"properties":{"s":93.3,"pub":true}},{"type":"Feature","geometry":{"type":"Point","coordinates":[-108.8325,40.8837]},"properties":{"s":93.3,"pub":false}},{"type":"Feature","geometry":{"type":"Point","coordinates":[-108.8325,40.8895]},"properties":{"s":93.3,"pub":false}},{"type":"Feature","geometry":{"type":"Point","coordinates":[-108.8325,40.8953]},"properties":{"s":93.3,"pub":true}},{"type":"Feature","geometry":{"type":"Point","coordinates":[-108.8325,40.9011]},"properties":{"s":93.3,"pub":true}},{"type":"Feature","geometry":{"type":"Point","coordinates":[-108.8325,40.9069]},"properties":{"s":93.3,"pub":true}},{"type":"Feature","geometry":{"type":"Point","coordinates":[-108.8325,40.9127]},"properties":{"s":93.3,"pub":true}},{"type":"Feature","geometry":{"type":"Point","coordinates":[-108.8325,40.9185]},"properties":{"s":66.7,"pub":true}},{"type":"Feature","geometry":{"type":"Point","coordinates":[-108.8325,40.9301]},"properties":{"s":66.7,"pub":true}},{"type":"Feature","geometry":{"type":"Point","coordinates":[-108.8325,40.9359]},"properties":{"s":66.7,"pub":true}},{"type":"Feature","geometry":{"type":"Point","coordinates":[-108.8325,40.9417]},"properties":{"s":63.3,"pub":true}},{"type":"Feature","geometry":{"type":"Point","coordinates":[-108.8325,40.9475]},"properties":{"s":93.3,"pub":true}},{"type":"Feature","geometry":{"type":"Point","coordinates":[-108.8325,40.9533]},"properties":{"s":93.3,"pub":true}},{"type":"Feature","geometry":{"type":"Point","coordinates":[-108.8325,40.9591]},"properties":{"s":66.7,"pub":true}},{"type":"Feature","geometry":{"type":"Point","coordinates":[-108.8325,40.9649]},"properties":{"s":93.3,"pub":true}},{"type":"Feature","geometry":{"type":"Point","coordinates":[-108.8325,40.9707]},"properties":{"s":66.7,"pub":true}},{"type":"Feature","geometry":{"type":"Point","coordinates":[-108.8325,40.9765]},"properties":{"s":63.3,"pub":true}},{"type":"Feature","geometry":{"type":"Point","coordinates":[-108.825,40.7735]},"properties":{"s":70.0,"pub":true}},{"type":"Feature","geometry":{"type":"Point","coordinates":[-108.825,40.7793]},"properties":{"s":73.3,"pub":true}},{"type":"Feature","geometry":{"type":"Point","coordinates":[-108.825,40.7851]},"properties":{"s":70.0,"pub":true}},{"type":"Feature","geometry":{"type":"Point","coordinates":[-108.825,40.7909]},"properties":{"s":70.0,"pub":true}},{"type":"Feature","geometry":{"type":"Point","coordinates":[-108.825,40.7967]},"properties":{"s":70.0,"pub":true}},{"type":"Feature","geometry":{"type":"Point","coordinates":[-108.825,40.8025]},"properties":{"s":70.0,"pub":true}},{"type":"Feature","geometry":{"type":"Point","coordinates":[-108.825,40.8083]},"properties":{"s":70.0,"pub":true}},{"type":"Feature","geometry":{"type":"Point","coordinates":[-108.825,40.8141]},"properties":{"s":96.7,"pub":true}},{"type":"Feature","geometry":{"type":"Point","coordinates":[-108.825,40.8199]},"properties":{"s":100.0,"pub":true}},{"type":"Feature","geometry":{"type":"Point","coordinates":[-108.825,40.8257]},"properties":{"s":100.0,"pub":true}},{"type":"Feature","geometry":{"type":"Point","coordinates":[-108.825,40.8315]},"properties":{"s":100.0,"pub":true}},{"type":"Feature","geometry":{"type":"Point","coordinates":[-108.825,40.8373]},"properties":{"s":93.3,"pub":true}},{"type":"Feature","geometry":{"type":"Point","coordinates":[-108.825,40.8431]},"properties":{"s":66.7,"pub":true}},{"type":"Feature","geometry":{"type":"Point","coordinates":[-108.825,40.8489]},"properties":{"s":66.7,"pub":true}},{"type":"Feature","geometry":{"type":"Point","coordinates":[-108.825,40.8547]},"properties":{"s":66.7,"pub":true}},{"type":"Feature","geometry":{"type":"Point","coordinates":[-108.825,40.8605]},"properties":{"s":66.7,"pub":true}},{"type":"Feature","geometry":{"type":"Point","coordinates":[-108.825,40.8663]},"properties":{"s":66.7,"pub":true}},{"type":"Feature","geometry":{"type":"Point","coordinates":[-108.825,40.8721]},"properties":{"s":93.3,"pub":false}},{"type":"Feature","geometry":{"type":"Point","coordinates":[-108.825,40.8779]},"properties":{"s":93.3,"pub":true}},{"type":"Feature","geometry":{"type":"Point","coordinates":[-108.825,40.8837]},"properties":{"s":93.3,"pub":false}},{"type":"Feature","geometry":{"type":"Point","coordinates":[-108.825,40.8895]},"properties":{"s":93.3,"pub":true}},{"type":"Feature","geometry":{"type":"Point","coordinates":[-108.825,40.8953]},"properties":{"s":93.3,"pub":true}},{"type":"Feature","geometry":{"type":"Point","coordinates":[-108.825,40.9011]},"properties":{"s":93.3,"pub":true}},{"type":"Feature","geometry":{"type":"Point","coordinates":[-108.825,40.9069]},"properties":{"s":93.3,"pub":true}},{"type":"Feature","geometry":{"type":"Point","coordinates":[-108.825,40.9127]},"properties":{"s":66.7,"pub":true}},{"type":"Feature","geometry":{"type":"Point","coordinates":[-108.825,40.9533]},"properties":{"s":63.3,"pub":true}},{"type":"Feature","geometry":{"type":"Point","coordinates":[-108.825,40.9591]},"properties":{"s":66.7,"pub":true}},{"type":"Feature","geometry":{"type":"Point","coordinates":[-108.825,40.9649]},"properties":{"s":66.7,"pub":true}},{"type":"Feature","geometry":{"type":"Point","coordinates":[-108.825,40.9707]},"properties":{"s":63.3,"pub":true}},{"type":"Feature","geometry":{"type":"Point","coordinates":[-108.825,40.9765]},"properties":{"s":60.0,"pub":true}},{"type":"Feature","geometry":{"type":"Point","coordinates":[-108.8175,40.7677]},"properties":{"s":70.0,"pub":true}},{"type":"Feature","geometry":{"type":"Point","coordinates":[-108.8175,40.7735]},"properties":{"s":73.3,"pub":true}},{"type":"Feature","geometry":{"type":"Point","coordinates":[-108.8175,40.7793]},"properties":{"s":73.3,"pub":true}},{"type":"Feature","geometry":{"type":"Point","coordinates":[-108.8175,40.7851]},"properties":{"s":73.3,"pub":true}},{"type":"Feature","geometry":{"type":"Point","coordinates":[-108.8175,40.7909]},"properties":{"s":73.3,"pub":true}},{"type":"Feature","geometry":{"type":"Point","coordinates":[-108.8175,40.7967]},"properties":{"s":70.0,"pub":true}},{"type":"Feature","geometry":{"type":"Point","coordinates":[-108.8175,40.8025]},"properties":{"s":70.0,"pub":true}},{"type":"Feature","geometry":{"type":"Point","coordinates":[-108.8175,40.8083]},"properties":{"s":70.0,"pub":true}},{"type":"Feature","geometry":{"type":"Point","coordinates":[-108.8175,40.8141]},"properties":{"s":100.0,"pub":true}},{"type":"Feature","geometry":{"type":"Point","coordinates":[-108.8175,40.8199]},"properties":{"s":100.0,"pub":true}},{"type":"Feature","geometry":{"type":"Point","coordinates":[-108.8175,40.8257]},"properties":{"s":100.0,"pub":true}},{"type":"Feature","geometry":{"type":"Point","coordinates":[-108.8175,40.8315]},"properties":{"s":100.0,"pub":true}},{"type":"Feature","geometry":{"type":"Point","coordinates":[-108.8175,40.8373]},"properties":{"s":93.3,"pub":true}},{"type":"Feature","geometry":{"type":"Point","coordinates":[-108.8175,40.8431]},"properties":{"s":66.7,"pub":true}},{"type":"Feature","geometry":{"type":"Point","coordinates":[-108.8175,40.8489]},"properties":{"s":66.7,"pub":true}},{"type":"Feature","geometry":{"type":"Point","coordinates":[-108.8175,40.8547]},"properties":{"s":66.7,"pub":true}},{"type":"Feature","geometry":{"type":"Point","coordinates":[-108.8175,40.8605]},"properties":{"s":66.7,"pub":true}},{"type":"Feature","geometry":{"type":"Point","coordinates":[-108.8175,40.8663]},"properties":{"s":93.3,"pub":true}},{"type":"Feature","geometry":{"type":"Point","coordinates":[-108.8175,40.8721]},"properties":{"s":93.3,"pub":false}},{"type":"Feature","geometry":{"type":"Point","coordinates":[-108.8175,40.8779]},"properties":{"s":93.3,"pub":true}},{"type":"Feature","geometry":{"type":"Point","coordinates":[-108.8175,40.8837]},"properties":{"s":93.3,"pub":true}},{"type":"Feature","geometry":{"type":"Point","coordinates":[-108.8175,40.8895]},"properties":{"s":93.3,"pub":true}},{"type":"Feature","geometry":{"type":"Point","coordinates":[-108.8175,40.8953]},"properties":{"s":93.3,"pub":true}},{"type":"Feature","geometry":{"type":"Point","coordinates":[-108.8175,40.9011]},"properties":{"s":93.3,"pub":true}},{"type":"Feature","geometry":{"type":"Point","coordinates":[-108.8175,40.9069]},"properties":{"s":93.3,"pub":true}},{"type":"Feature","geometry":{"type":"Point","coordinates":[-108.8175,40.9591]},"properties":{"s":63.3,"pub":true}},{"type":"Feature","geometry":{"type":"Point","coordinates":[-108.8175,40.9649]},"properties":{"s":60.0,"pub":true}},{"type":"Feature","geometry":{"type":"Point","coordinates":[-108.8175,40.9707]},"properties":{"s":60.0,"pub":true}},{"type":"Feature","geometry":{"type":"Point","coordinates":[-108.81,40.7677]},"properties":{"s":70.0,"pub":true}},{"type":"Feature","geometry":{"type":"Point","coordinates":[-108.81,40.7735]},"properties":{"s":73.3,"pub":true}},{"type":"Feature","geometry":{"type":"Point","coordinates":[-108.81,40.7793]},"properties":{"s":73.3,"pub":true}},{"type":"Feature","geometry":{"type":"Point","coordinates":[-108.81,40.7851]},"properties":{"s":73.3,"pub":true}},{"type":"Feature","geometry":{"type":"Point","coordinates":[-108.81,40.7909]},"properties":{"s":73.3,"pub":true}},{"type":"Feature","geometry":{"type":"Point","coordinates":[-108.81,40.7967]},"properties":{"s":73.3,"pub":true}},{"type":"Feature","geometry":{"type":"Point","coordinates":[-108.81,40.8025]},"properties":{"s":70.0,"pub":true}},{"type":"Feature","geometry":{"type":"Point","coordinates":[-108.81,40.8083]},"properties":{"s":100.0,"pub":true}},{"type":"Feature","geometry":{"type":"Point","coordinates":[-108.81,40.8141]},"properties":{"s":100.0,"pub":true}},{"type":"Feature","geometry":{"type":"Point","coordinates":[-108.81,40.8199]},"properties":{"s":100.0,"pub":true}},{"type":"Feature","geometry":{"type":"Point","coordinates":[-108.81,40.8257]},"properties":{"s":100.0,"pub":true}},{"type":"Feature","geometry":{"type":"Point","coordinates":[-108.81,40.8315]},"properties":{"s":100.0,"pub":true}},{"type":"Feature","geometry":{"type":"Point","coordinates":[-108.81,40.8373]},"properties":{"s":66.7,"pub":true}},{"type":"Feature","geometry":{"type":"Point","coordinates":[-108.81,40.8431]},"properties":{"s":66.7,"pub":true}},{"type":"Feature","geometry":{"type":"Point","coordinates":[-108.81,40.8489]},"properties":{"s":66.7,"pub":true}},{"type":"Feature","geometry":{"type":"Point","coordinates":[-108.81,40.8547]},"properties":{"s":66.7,"pub":true}},{"type":"Feature","geometry":{"type":"Point","coordinates":[-108.81,40.8605]},"properties":{"s":93.3,"pub":true}},{"type":"Feature","geometry":{"type":"Point","coordinates":[-108.81,40.8663]},"properties":{"s":93.3,"pub":true}},{"type":"Feature","geometry":{"type":"Point","coordinates":[-108.81,40.8721]},"properties":{"s":93.3,"pub":false}},{"type":"Feature","geometry":{"type":"Point","coordinates":[-108.81,40.8779]},"properties":{"s":93.3,"pub":false}},{"type":"Feature","geometry":{"type":"Point","coordinates":[-108.81,40.8837]},"properties":{"s":93.3,"pub":false}},{"type":"Feature","geometry":{"type":"Point","coordinates":[-108.81,40.8895]},"properties":{"s":93.3,"pub":true}},{"type":"Feature","geometry":{"type":"Point","coordinates":[-108.81,40.8953]},"properties":{"s":93.3,"pub":true}},{"type":"Feature","geometry":{"type":"Point","coordinates":[-108.81,40.9011]},"properties":{"s":93.3,"pub":true}},{"type":"Feature","geometry":{"type":"Point","coordinates":[-108.81,40.9069]},"properties":{"s":66.7,"pub":true}},{"type":"Feature","geometry":{"type":"Point","coordinates":[-108.8025,40.7619]},"properties":{"s":70.0,"pub":true}},{"type":"Feature","geometry":{"type":"Point","coordinates":[-108.8025,40.7677]},"properties":{"s":70.0,"pub":true}},{"type":"Feature","geometry":{"type":"Point","coordinates":[-108.8025,40.7735]},"properties":{"s":70.0,"pub":true}},{"type":"Feature","geometry":{"type":"Point","coordinates":[-108.8025,40.7793]},"properties":{"s":70.0,"pub":true}},{"type":"Feature","geometry":{"type":"Point","coordinates":[-108.8025,40.7851]},"properties":{"s":70.0,"pub":true}},{"type":"Feature","geometry":{"type":"Point","coordinates":[-108.8025,40.7909]},"properties":{"s":73.3,"pub":true}},{"type":"Feature","geometry":{"type":"Point","coordinates":[-108.8025,40.7967]},"properties":{"s":73.3,"pub":true}},{"type":"Feature","geometry":{"type":"Point","coordinates":[-108.8025,40.8025]},"properties":{"s":96.7,"pub":true}},{"type":"Feature","geometry":{"type":"Point","coordinates":[-108.8025,40.8083]},"properties":{"s":100.0,"pub":true}},{"type":"Feature","geometry":{"type":"Point","coordinates":[-108.8025,40.8141]},"properties":{"s":100.0,"pub":true}},{"type":"Feature","geometry":{"type":"Point","coordinates":[-108.8025,40.8199]},"properties":{"s":100.0,"pub":true}},{"type":"Feature","geometry":{"type":"Point","coordinates":[-108.8025,40.8257]},"properties":{"s":100.0,"pub":true}},{"type":"Feature","geometry":{"type":"Point","coordinates":[-108.8025,40.8315]},"properties":{"s":73.3,"pub":true}},{"type":"Feature","geometry":{"type":"Point","coordinates":[-108.8025,40.8373]},"properties":{"s":66.7,"pub":true}},{"type":"Feature","geometry":{"type":"Point","coordinates":[-108.8025,40.8431]},"properties":{"s":66.7,"pub":true}},{"type":"Feature","geometry":{"type":"Point","coordinates":[-108.8025,40.8489]},"properties":{"s":66.7,"pub":true}},{"type":"Feature","geometry":{"type":"Point","coordinates":[-108.8025,40.8547]},"properties":{"s":66.7,"pub":true}},{"type":"Feature","geometry":{"type":"Point","coordinates":[-108.8025,40.8605]},"properties":{"s":93.3,"pub":true}},{"type":"Feature","geometry":{"type":"Point","coordinates":[-108.8025,40.8663]},"properties":{"s":93.3,"pub":true}},{"type":"Feature","geometry":{"type":"Point","coordinates":[-108.8025,40.8721]},"properties":{"s":93.3,"pub":false}},{"type":"Feature","geometry":{"type":"Point","coordinates":[-108.8025,40.8779]},"properties":{"s":93.3,"pub":false}},{"type":"Feature","geometry":{"type":"Point","coordinates":[-108.8025,40.8837]},"properties":{"s":93.3,"pub":false}},{"type":"Feature","geometry":{"type":"Point","coordinates":[-108.8025,40.8895]},"properties":{"s":66.7,"pub":true}},{"type":"Feature","geometry":{"type":"Point","coordinates":[-108.8025,40.8953]},"properties":{"s":66.7,"pub":true}},{"type":"Feature","geometry":{"type":"Point","coordinates":[-108.8025,40.9011]},"properties":{"s":66.7,"pub":true}},{"type":"Feature","geometry":{"type":"Point","coordinates":[-108.795,40.7619]},"properties":{"s":70.0,"pub":true}},{"type":"Feature","geometry":{"type":"Point","coordinates":[-108.795,40.7677]},"properties":{"s":70.0,"pub":true}},{"type":"Feature","geometry":{"type":"Point","coordinates":[-108.795,40.7735]},"properties":{"s":70.0,"pub":true}},{"type":"Feature","geometry":{"type":"Point","coordinates":[-108.795,40.7793]},"properties":{"s":70.0,"pub":true}},{"type":"Feature","geometry":{"type":"Point","coordinates":[-108.795,40.7851]},"properties":{"s":70.0,"pub":true}},{"type":"Feature","geometry":{"type":"Point","coordinates":[-108.795,40.7909]},"properties":{"s":96.7,"pub":true}},{"type":"Feature","geometry":{"type":"Point","coordinates":[-108.795,40.7967]},"properties":{"s":100.0,"pub":true}},{"type":"Feature","geometry":{"type":"Point","coordinates":[-108.795,40.8025]},"properties":{"s":100.0,"pub":true}},{"type":"Feature","geometry":{"type":"Point","coordinates":[-108.795,40.8083]},"properties":{"s":100.0,"pub":true}},{"type":"Feature","geometry":{"type":"Point","coordinates":[-108.795,40.8141]},"properties":{"s":100.0,"pub":true}},{"type":"Feature","geometry":{"type":"Point","coordinates":[-108.795,40.8199]},"properties":{"s":100.0,"pub":true}},{"type":"Feature","geometry":{"type":"Point","coordinates":[-108.795,40.8257]},"properties":{"s":73.3,"pub":true}},{"type":"Feature","geometry":{"type":"Point","coordinates":[-108.795,40.8315]},"properties":{"s":73.3,"pub":true}},{"type":"Feature","geometry":{"type":"Point","coordinates":[-108.795,40.8373]},"properties":{"s":66.7,"pub":true}},{"type":"Feature","geometry":{"type":"Point","coordinates":[-108.795,40.8431]},"properties":{"s":66.7,"pub":true}},{"type":"Feature","geometry":{"type":"Point","coordinates":[-108.795,40.8489]},"properties":{"s":66.7,"pub":true}},{"type":"Feature","geometry":{"type":"Point","coordinates":[-108.795,40.8547]},"properties":{"s":66.7,"pub":true}},{"type":"Feature","geometry":{"type":"Point","coordinates":[-108.795,40.8605]},"properties":{"s":93.3,"pub":true}},{"type":"Feature","geometry":{"type":"Point","coordinates":[-108.795,40.8663]},"properties":{"s":93.3,"pub":true}},{"type":"Feature","geometry":{"type":"Point","coordinates":[-108.795,40.8721]},"properties":{"s":93.3,"pub":true}},{"type":"Feature","geometry":{"type":"Point","coordinates":[-108.795,40.8779]},"properties":{"s":93.3,"pub":true}},{"type":"Feature","geometry":{"type":"Point","coordinates":[-108.795,40.8837]},"properties":{"s":93.3,"pub":true}},{"type":"Feature","geometry":{"type":"Point","coordinates":[-108.7875,40.7561]},"properties":{"s":30.0,"pub":true}},{"type":"Feature","geometry":{"type":"Point","coordinates":[-108.7875,40.7619]},"properties":{"s":30.0,"pub":true}},{"type":"Feature","geometry":{"type":"Point","coordinates":[-108.7875,40.7677]},"properties":{"s":70.0,"pub":true}},{"type":"Feature","geometry":{"type":"Point","coordinates":[-108.7875,40.7735]},"properties":{"s":70.0,"pub":true}},{"type":"Feature","geometry":{"type":"Point","coordinates":[-108.7875,40.7793]},"properties":{"s":70.0,"pub":true}},{"type":"Feature","geometry":{"type":"Point","coordinates":[-108.7875,40.7851]},"properties":{"s":70.0,"pub":true}},{"type":"Feature","geometry":{"type":"Point","coordinates":[-108.7875,40.7909]},"properties":{"s":96.7,"pub":true}},{"type":"Feature","geometry":{"type":"Point","coordinates":[-108.7875,40.7967]},"properties":{"s":96.7,"pub":true}},{"type":"Feature","geometry":{"type":"Point","coordinates":[-108.7875,40.8025]},"properties":{"s":96.7,"pub":true}},{"type":"Feature","geometry":{"type":"Point","coordinates":[-108.7875,40.8083]},"properties":{"s":96.7,"pub":true}},{"type":"Feature","geometry":{"type":"Point","coordinates":[-108.7875,40.8141]},"properties":{"s":100.0,"pub":true}},{"type":"Feature","geometry":{"type":"Point","coordinates":[-108.7875,40.8199]},"properties":{"s":100.0,"pub":true}},{"type":"Feature","geometry":{"type":"Point","coordinates":[-108.7875,40.8257]},"properties":{"s":73.3,"pub":true}},{"type":"Feature","geometry":{"type":"Point","coordinates":[-108.7875,40.8315]},"properties":{"s":73.3,"pub":true}},{"type":"Feature","geometry":{"type":"Point","coordinates":[-108.7875,40.8373]},"properties":{"s":66.7,"pub":true}},{"type":"Feature","geometry":{"type":"Point","coordinates":[-108.7875,40.8431]},"properties":{"s":66.7,"pub":true}},{"type":"Feature","geometry":{"type":"Point","coordinates":[-108.7875,40.8489]},"properties":{"s":66.7,"pub":true}},{"type":"Feature","geometry":{"type":"Point","coordinates":[-108.7875,40.8547]},"properties":{"s":93.3,"pub":true}},{"type":"Feature","geometry":{"type":"Point","coordinates":[-108.7875,40.8605]},"properties":{"s":93.3,"pub":true}},{"type":"Feature","geometry":{"type":"Point","coordinates":[-108.7875,40.8663]},"properties":{"s":93.3,"pub":true}},{"type":"Feature","geometry":{"type":"Point","coordinates":[-108.7875,40.8721]},"properties":{"s":93.3,"pub":true}},{"type":"Feature","geometry":{"type":"Point","coordinates":[-108.7875,40.8779]},"properties":{"s":93.3,"pub":true}},{"type":"Feature","geometry":{"type":"Point","coordinates":[-108.7875,40.8837]},"properties":{"s":66.7,"pub":true}},{"type":"Feature","geometry":{"type":"Point","coordinates":[-108.7875,40.9417]},"properties":{"s":63.3,"pub":true}},{"type":"Feature","geometry":{"type":"Point","coordinates":[-108.7875,40.9475]},"properties":{"s":63.3,"pub":true}},{"type":"Feature","geometry":{"type":"Point","coordinates":[-108.7875,40.9533]},"properties":{"s":63.3,"pub":true}},{"type":"Feature","geometry":{"type":"Point","coordinates":[-108.7875,40.9591]},"properties":{"s":63.3,"pub":true}},{"type":"Feature","geometry":{"type":"Point","coordinates":[-108.7875,40.9649]},"properties":{"s":63.3,"pub":true}},{"type":"Feature","geometry":{"type":"Point","coordinates":[-108.7875,40.9707]},"properties":{"s":63.3,"pub":true}},{"type":"Feature","geometry":{"type":"Point","coordinates":[-108.7875,40.9765]},"properties":{"s":63.3,"pub":true}},{"type":"Feature","geometry":{"type":"Point","coordinates":[-108.7875,40.9823]},"properties":{"s":63.3,"pub":true}},{"type":"Feature","geometry":{"type":"Point","coordinates":[-108.7875,40.9939]},"properties":{"s":63.3,"pub":true}},{"type":"Feature","geometry":{"type":"Point","coordinates":[-108.78,40.7561]},"properties":{"s":30.0,"pub":true}},{"type":"Feature","geometry":{"type":"Point","coordinates":[-108.78,40.7619]},"properties":{"s":30.0,"pub":true}},{"type":"Feature","geometry":{"type":"Point","coordinates":[-108.78,40.7677]},"properties":{"s":30.0,"pub":true}},{"type":"Feature","geometry":{"type":"Point","coordinates":[-108.78,40.7735]},"properties":{"s":30.0,"pub":true}},{"type":"Feature","geometry":{"type":"Point","coordinates":[-108.78,40.7793]},"properties":{"s":30.0,"pub":true}},{"type":"Feature","geometry":{"type":"Point","coordinates":[-108.78,40.7851]},"properties":{"s":30.0,"pub":true}},{"type":"Feature","geometry":{"type":"Point","coordinates":[-108.78,40.7909]},"properties":{"s":70.0,"pub":true}},{"type":"Feature","geometry":{"type":"Point","coordinates":[-108.78,40.7967]},"properties":{"s":96.7,"pub":true}},{"type":"Feature","geometry":{"type":"Point","coordinates":[-108.78,40.8025]},"properties":{"s":96.7,"pub":true}},{"type":"Feature","geometry":{"type":"Point","coordinates":[-108.78,40.8083]},"properties":{"s":96.7,"pub":true}},{"type":"Feature","geometry":{"type":"Point","coordinates":[-108.78,40.8141]},"properties":{"s":96.7,"pub":true}},{"type":"Feature","geometry":{"type":"Point","coordinates":[-108.78,40.8199]},"properties":{"s":100.0,"pub":true}},{"type":"Feature","geometry":{"type":"Point","coordinates":[-108.78,40.8257]},"properties":{"s":73.3,"pub":true}},{"type":"Feature","geometry":{"type":"Point","coordinates":[-108.78,40.8315]},"properties":{"s":73.3,"pub":true}},{"type":"Feature","geometry":{"type":"Point","coordinates":[-108.78,40.8373]},"properties":{"s":66.7,"pub":true}},{"type":"Feature","geometry":{"type":"Point","coordinates":[-108.78,40.8431]},"properties":{"s":66.7,"pub":true}},{"type":"Feature","geometry":{"type":"Point","coordinates":[-108.78,40.8489]},"properties":{"s":93.3,"pub":true}},{"type":"Feature","geometry":{"type":"Point","coordinates":[-108.78,40.8547]},"properties":{"s":93.3,"pub":true}},{"type":"Feature","geometry":{"type":"Point","coordinates":[-108.78,40.8605]},"properties":{"s":93.3,"pub":true}},{"type":"Feature","geometry":{"type":"Point","coordinates":[-108.78,40.8663]},"properties":{"s":93.3,"pub":true}},{"type":"Feature","geometry":{"type":"Point","coordinates":[-108.78,40.8721]},"properties":{"s":93.3,"pub":true}},{"type":"Feature","geometry":{"type":"Point","coordinates":[-108.78,40.8779]},"properties":{"s":93.3,"pub":true}},{"type":"Feature","geometry":{"type":"Point","coordinates":[-108.78,40.8837]},"properties":{"s":66.7,"pub":true}},{"type":"Feature","geometry":{"type":"Point","coordinates":[-108.78,40.9243]},"properties":{"s":63.3,"pub":true}},{"type":"Feature","geometry":{"type":"Point","coordinates":[-108.78,40.9301]},"properties":{"s":63.3,"pub":true}},{"type":"Feature","geometry":{"type":"Point","coordinates":[-108.78,40.9359]},"properties":{"s":63.3,"pub":true}},{"type":"Feature","geometry":{"type":"Point","coordinates":[-108.78,40.9417]},"properties":{"s":63.3,"pub":true}},{"type":"Feature","geometry":{"type":"Point","coordinates":[-108.78,40.9475]},"properties":{"s":63.3,"pub":true}},{"type":"Feature","geometry":{"type":"Point","coordinates":[-108.78,40.9533]},"properties":{"s":63.3,"pub":true}},{"type":"Feature","geometry":{"type":"Point","coordinates":[-108.78,40.9591]},"properties":{"s":63.3,"pub":true}},{"type":"Feature","geometry":{"type":"Point","coordinates":[-108.78,40.9649]},"properties":{"s":63.3,"pub":true}},{"type":"Feature","geometry":{"type":"Point","coordinates":[-108.78,40.9707]},"properties":{"s":63.3,"pub":true}},{"type":"Feature","geometry":{"type":"Point","coordinates":[-108.78,40.9765]},"properties":{"s":63.3,"pub":true}},{"type":"Feature","geometry":{"type":"Point","coordinates":[-108.78,40.9823]},"properties":{"s":63.3,"pub":true}},{"type":"Feature","geometry":{"type":"Point","coordinates":[-108.78,40.9881]},"properties":{"s":63.3,"pub":true}},{"type":"Feature","geometry":{"type":"Point","coordinates":[-108.78,40.9939]},"properties":{"s":63.3,"pub":true}},{"type":"Feature","geometry":{"type":"Point","coordinates":[-108.7725,40.7503]},"properties":{"s":30.0,"pub":true}},{"type":"Feature","geometry":{"type":"Point","coordinates":[-108.7725,40.7561]},"properties":{"s":30.0,"pub":true}},{"type":"Feature","geometry":{"type":"Point","coordinates":[-108.7725,40.7619]},"properties":{"s":30.0,"pub":true}},{"type":"Feature","geometry":{"type":"Point","coordinates":[-108.7725,40.7677]},"properties":{"s":30.0,"pub":true}},{"type":"Feature","geometry":{"type":"Point","coordinates":[-108.7725,40.7735]},"properties":{"s":30.0,"pub":true}},{"type":"Feature","geometry":{"type":"Point","coordinates":[-108.7725,40.7793]},"properties":{"s":30.0,"pub":true}},{"type":"Feature","geometry":{"type":"Point","coordinates":[-108.7725,40.7851]},"properties":{"s":30.0,"pub":true}},{"type":"Feature","geometry":{"type":"Point","coordinates":[-108.7725,40.7909]},"properties":{"s":30.0,"pub":true}},{"type":"Feature","geometry":{"type":"Point","coordinates":[-108.7725,40.7967]},"properties":{"s":70.0,"pub":true}},{"type":"Feature","geometry":{"type":"Point","coordinates":[-108.7725,40.8025]},"properties":{"s":96.7,"pub":true}},{"type":"Feature","geometry":{"type":"Point","coordinates":[-108.7725,40.8083]},"properties":{"s":96.7,"pub":true}},{"type":"Feature","geometry":{"type":"Point","coordinates":[-108.7725,40.8141]},"properties":{"s":96.7,"pub":true}},{"type":"Feature","geometry":{"type":"Point","coordinates":[-108.7725,40.8199]},"properties":{"s":100.0,"pub":true}},{"type":"Feature","geometry":{"type":"Point","coordinates":[-108.7725,40.8257]},"properties":{"s":73.3,"pub":true}},{"type":"Feature","geometry":{"type":"Point","coordinates":[-108.7725,40.8315]},"properties":{"s":66.7,"pub":true}},{"type":"Feature","geometry":{"type":"Point","coordinates":[-108.7725,40.8373]},"properties":{"s":66.7,"pub":true}},{"type":"Feature","geometry":{"type":"Point","coordinates":[-108.7725,40.8431]},"properties":{"s":93.3,"pub":true}},{"type":"Feature","geometry":{"type":"Point","coordinates":[-108.7725,40.8489]},"properties":{"s":93.3,"pub":true}},{"type":"Feature","geometry":{"type":"Point","coordinates":[-108.7725,40.8547]},"properties":{"s":93.3,"pub":true}},{"type":"Feature","geometry":{"type":"Point","coordinates":[-108.7725,40.8605]},"properties":{"s":93.3,"pub":true}},{"type":"Feature","geometry":{"type":"Point","coordinates":[-108.7725,40.8663]},"properties":{"s":93.3,"pub":true}},{"type":"Feature","geometry":{"type":"Point","coordinates":[-108.7725,40.8721]},"properties":{"s":93.3,"pub":true}},{"type":"Feature","geometry":{"type":"Point","coordinates":[-108.7725,40.8779]},"properties":{"s":66.7,"pub":true}},{"type":"Feature","geometry":{"type":"Point","coordinates":[-108.7725,40.8837]},"properties":{"s":66.7,"pub":true}},{"type":"Feature","geometry":{"type":"Point","coordinates":[-108.7725,40.9127]},"properties":{"s":66.7,"pub":true}},{"type":"Feature","geometry":{"type":"Point","coordinates":[-108.7725,40.9185]},"properties":{"s":63.3,"pub":false}},{"type":"Feature","geometry":{"type":"Point","coordinates":[-108.7725,40.9243]},"properties":{"s":63.3,"pub":true}},{"type":"Feature","geometry":{"type":"Point","coordinates":[-108.7725,40.9359]},"properties":{"s":63.3,"pub":true}},{"type":"Feature","geometry":{"type":"Point","coordinates":[-108.7725,40.9417]},"properties":{"s":63.3,"pub":true}},{"type":"Feature","geometry":{"type":"Point","coordinates":[-108.7725,40.9475]},"properties":{"s":63.3,"pub":true}},{"type":"Feature","geometry":{"type":"Point","coordinates":[-108.7725,40.9533]},"properties":{"s":63.3,"pub":true}},{"type":"Feature","geometry":{"type":"Point","coordinates":[-108.7725,40.9591]},"properties":{"s":63.3,"pub":true}},{"type":"Feature","geometry":{"type":"Point","coordinates":[-108.765,40.7445]},"properties":{"s":30.0,"pub":true}},{"type":"Feature","geometry":{"type":"Point","coordinates":[-108.765,40.7619]},"properties":{"s":30.0,"pub":true}},{"type":"Feature","geometry":{"type":"Point","coordinates":[-108.765,40.7677]},"properties":{"s":30.0,"pub":true}},{"type":"Feature","geometry":{"type":"Point","coordinates":[-108.765,40.7735]},"properties":{"s":30.0,"pub":true}},{"type":"Feature","geometry":{"type":"Point","coordinates":[-108.765,40.7793]},"properties":{"s":30.0,"pub":true}},{"type":"Feature","geometry":{"type":"Point","coordinates":[-108.765,40.7851]},"properties":{"s":30.0,"pub":true}},{"type":"Feature","geometry":{"type":"Point","coordinates":[-108.765,40.7909]},"properties":{"s":33.3,"pub":true}},{"type":"Feature","geometry":{"type":"Point","coordinates":[-108.765,40.7967]},"properties":{"s":33.3,"pub":true}},{"type":"Feature","geometry":{"type":"Point","coordinates":[-108.765,40.8025]},"properties":{"s":70.0,"pub":true}},{"type":"Feature","geometry":{"type":"Point","coordinates":[-108.765,40.8083]},"properties":{"s":96.7,"pub":true}},{"type":"Feature","geometry":{"type":"Point","coordinates":[-108.765,40.8141]},"properties":{"s":100.0,"pub":true}},{"type":"Feature","geometry":{"type":"Point","coordinates":[-108.765,40.8199]},"properties":{"s":100.0,"pub":true}},{"type":"Feature","geometry":{"type":"Point","coordinates":[-108.765,40.8257]},"properties":{"s":73.3,"pub":true}},{"type":"Feature","geometry":{"type":"Point","coordinates":[-108.765,40.8315]},"properties":{"s":66.7,"pub":true}},{"type":"Feature","geometry":{"type":"Point","coordinates":[-108.765,40.8373]},"properties":{"s":93.3,"pub":true}},{"type":"Feature","geometry":{"type":"Point","coordinates":[-108.765,40.8431]},"properties":{"s":93.3,"pub":true}},{"type":"Feature","geometry":{"type":"Point","coordinates":[-108.765,40.8489]},"properties":{"s":93.3,"pub":true}},{"type":"Feature","geometry":{"type":"Point","coordinates":[-108.765,40.8547]},"properties":{"s":93.3,"pub":true}},{"type":"Feature","geometry":{"type":"Point","coordinates":[-108.765,40.8605]},"properties":{"s":93.3,"pub":true}},{"type":"Feature","geometry":{"type":"Point","coordinates":[-108.765,40.8663]},"properties":{"s":66.7,"pub":true}},{"type":"Feature","geometry":{"type":"Point","coordinates":[-108.765,40.8721]},"properties":{"s":66.7,"pub":true}},{"type":"Feature","geometry":{"type":"Point","coordinates":[-108.765,40.8779]},"properties":{"s":66.7,"pub":true}},{"type":"Feature","geometry":{"type":"Point","coordinates":[-108.765,40.9011]},"properties":{"s":63.3,"pub":true}},{"type":"Feature","geometry":{"type":"Point","coordinates":[-108.765,40.9069]},"properties":{"s":63.3,"pub":true}},{"type":"Feature","geometry":{"type":"Point","coordinates":[-108.765,40.9127]},"properties":{"s":63.3,"pub":true}},{"type":"Feature","geometry":{"type":"Point","coordinates":[-108.765,40.9185]},"properties":{"s":63.3,"pub":false}},{"type":"Feature","geometry":{"type":"Point","coordinates":[-108.765,40.9243]},"properties":{"s":60.0,"pub":true}},{"type":"Feature","geometry":{"type":"Point","coordinates":[-108.7575,40.7677]},"properties":{"s":30.0,"pub":true}},{"type":"Feature","geometry":{"type":"Point","coordinates":[-108.7575,40.7735]},"properties":{"s":30.0,"pub":true}},{"type":"Feature","geometry":{"type":"Point","coordinates":[-108.7575,40.7793]},"properties":{"s":30.0,"pub":true}},{"type":"Feature","geometry":{"type":"Point","coordinates":[-108.7575,40.7851]},"properties":{"s":33.3,"pub":true}},{"type":"Feature","geometry":{"type":"Point","coordinates":[-108.7575,40.7909]},"properties":{"s":33.3,"pub":true}},{"type":"Feature","geometry":{"type":"Point","coordinates":[-108.7575,40.7967]},"properties":{"s":33.3,"pub":true}},{"type":"Feature","geometry":{"type":"Point","coordinates":[-108.7575,40.8025]},"properties":{"s":33.3,"pub":true}},{"type":"Feature","geometry":{"type":"Point","coordinates":[-108.7575,40.8083]},"properties":{"s":73.3,"pub":true}},{"type":"Feature","geometry":{"type":"Point","coordinates":[-108.7575,40.8141]},"properties":{"s":73.3,"pub":true}},{"type":"Feature","geometry":{"type":"Point","coordinates":[-108.7575,40.8199]},"properties":{"s":73.3,"pub":true}},{"type":"Feature","geometry":{"type":"Point","coordinates":[-108.7575,40.8257]},"properties":{"s":66.7,"pub":true}},{"type":"Feature","geometry":{"type":"Point","coordinates":[-108.7575,40.8315]},"properties":{"s":93.3,"pub":true}},{"type":"Feature","geometry":{"type":"Point","coordinates":[-108.7575,40.8373]},"properties":{"s":93.3,"pub":true}},{"type":"Feature","geometry":{"type":"Point","coordinates":[-108.7575,40.8431]},"properties":{"s":93.3,"pub":true}},{"type":"Feature","geometry":{"type":"Point","coordinates":[-108.7575,40.8489]},"properties":{"s":93.3,"pub":true}},{"type":"Feature","geometry":{"type":"Point","coordinates":[-108.7575,40.8547]},"properties":{"s":93.3,"pub":true}},{"type":"Feature","geometry":{"type":"Point","coordinates":[-108.7575,40.8605]},"properties":{"s":66.7,"pub":true}},{"type":"Feature","geometry":{"type":"Point","coordinates":[-108.7575,40.8663]},"properties":{"s":63.3,"pub":true}},{"type":"Feature","geometry":{"type":"Point","coordinates":[-108.7575,40.8895]},"properties":{"s":63.3,"pub":true}},{"type":"Feature","geometry":{"type":"Point","coordinates":[-108.7575,40.8953]},"properties":{"s":63.3,"pub":true}},{"type":"Feature","geometry":{"type":"Point","coordinates":[-108.7575,40.9011]},"properties":{"s":63.3,"pub":true}},{"type":"Feature","geometry":{"type":"Point","coordinates":[-108.7575,40.9069]},"properties":{"s":63.3,"pub":true}},{"type":"Feature","geometry":{"type":"Point","coordinates":[-108.7575,40.9127]},"properties":{"s":63.3,"pub":true}},{"type":"Feature","geometry":{"type":"Point","coordinates":[-108.7575,40.9185]},"properties":{"s":60.0,"pub":true}},{"type":"Feature","geometry":{"type":"Point","coordinates":[-108.75,40.7735]},"properties":{"s":30.0,"pub":true}},{"type":"Feature","geometry":{"type":"Point","coordinates":[-108.75,40.7793]},"properties":{"s":30.0,"pub":true}},{"type":"Feature","geometry":{"type":"Point","coordinates":[-108.75,40.7851]},"properties":{"s":33.3,"pub":true}},{"type":"Feature","geometry":{"type":"Point","coordinates":[-108.75,40.7909]},"properties":{"s":33.3,"pub":true}},{"type":"Feature","geometry":{"type":"Point","coordinates":[-108.75,40.7967]},"properties":{"s":33.3,"pub":true}},{"type":"Feature","geometry":{"type":"Point","coordinates":[-108.75,40.8025]},"properties":{"s":73.3,"pub":true}},{"type":"Feature","geometry":{"type":"Point","coordinates":[-108.75,40.8083]},"properties":{"s":73.3,"pub":true}},{"type":"Feature","geometry":{"type":"Point","coordinates":[-108.75,40.8141]},"properties":{"s":73.3,"pub":true}},{"type":"Feature","geometry":{"type":"Point","coordinates":[-108.75,40.8199]},"properties":{"s":66.7,"pub":true}},{"type":"Feature","geometry":{"type":"Point","coordinates":[-108.75,40.8257]},"properties":{"s":93.3,"pub":true}},{"type":"Feature","geometry":{"type":"Point","coordinates":[-108.75,40.8315]},"properties":{"s":93.3,"pub":true}},{"type":"Feature","geometry":{"type":"Point","coordinates":[-108.75,40.8373]},"properties":{"s":93.3,"pub":true}},{"type":"Feature","geometry":{"type":"Point","coordinates":[-108.75,40.8431]},"properties":{"s":93.3,"pub":true}},{"type":"Feature","geometry":{"type":"Point","coordinates":[-108.75,40.8489]},"properties":{"s":63.3,"pub":true}},{"type":"Feature","geometry":{"type":"Point","coordinates":[-108.75,40.8837]},"properties":{"s":63.3,"pub":true}},{"type":"Feature","geometry":{"type":"Point","coordinates":[-108.75,40.8895]},"properties":{"s":63.3,"pub":true}},{"type":"Feature","geometry":{"type":"Point","coordinates":[-108.75,40.8953]},"properties":{"s":63.3,"pub":true}},{"type":"Feature","geometry":{"type":"Point","coordinates":[-108.75,40.9069]},"properties":{"s":63.3,"pub":true}},{"type":"Feature","geometry":{"type":"Point","coordinates":[-108.75,40.9127]},"properties":{"s":63.3,"pub":true}},{"type":"Feature","geometry":{"type":"Point","coordinates":[-108.7425,40.7793]},"properties":{"s":30.0,"pub":true}},{"type":"Feature","geometry":{"type":"Point","coordinates":[-108.7425,40.7851]},"properties":{"s":30.0,"pub":true}},{"type":"Feature","geometry":{"type":"Point","coordinates":[-108.7425,40.7909]},"properties":{"s":30.0,"pub":true}},{"type":"Feature","geometry":{"type":"Point","coordinates":[-108.7425,40.7967]},"properties":{"s":33.3,"pub":true}},{"type":"Feature","geometry":{"type":"Point","coordinates":[-108.7425,40.8025]},"properties":{"s":73.3,"pub":true}},{"type":"Feature","geometry":{"type":"Point","coordinates":[-108.7425,40.8083]},"properties":{"s":73.3,"pub":true}},{"type":"Feature","geometry":{"type":"Point","coordinates":[-108.7425,40.8141]},"properties":{"s":66.7,"pub":true}},{"type":"Feature","geometry":{"type":"Point","coordinates":[-108.7425,40.8199]},"properties":{"s":66.7,"pub":true}},{"type":"Feature","geometry":{"type":"Point","coordinates":[-108.7425,40.8257]},"properties":{"s":66.7,"pub":true}},{"type":"Feature","geometry":{"type":"Point","coordinates":[-108.7425,40.8315]},"properties":{"s":63.3,"pub":true}},{"type":"Feature","geometry":{"type":"Point","coordinates":[-108.7425,40.8373]},"properties":{"s":63.3,"pub":true}},{"type":"Feature","geometry":{"type":"Point","coordinates":[-108.7425,40.8721]},"properties":{"s":63.3,"pub":true}},{"type":"Feature","geometry":{"type":"Point","coordinates":[-108.735,40.7909]},"properties":{"s":30.0,"pub":true}},{"type":"Feature","geometry":{"type":"Point","coordinates":[-108.735,40.7967]},"properties":{"s":70.0,"pub":true}},{"type":"Feature","geometry":{"type":"Point","coordinates":[-108.735,40.8025]},"properties":{"s":66.7,"pub":true}},{"type":"Feature","geometry":{"type":"Point","coordinates":[-108.735,40.8083]},"properties":{"s":66.7,"pub":true}},{"type":"Feature","geometry":{"type":"Point","coordinates":[-108.735,40.8141]},"properties":{"s":66.7,"pub":true}},{"type":"Feature","geometry":{"type":"Point","coordinates":[-108.735,40.8663]},"properties":{"s":63.3,"pub":true}},{"type":"Feature","geometry":{"type":"Point","coordinates":[-108.7275,40.7967]},"properties":{"s":63.3,"pub":true}},{"type":"Feature","geometry":{"type":"Point","coordinates":[-108.7275,40.8025]},"properties":{"s":63.3,"pub":true}},{"type":"Feature","geometry":{"type":"Point","coordinates":[-108.7275,40.8663]},"properties":{"s":63.3,"pub":true}}]}