{"type":"FeatureCollection","features":[{"type":"Feature","geometry":{"type":"Point","coordinates":[-107.1776,39.9297]},"properties":{"s":22.6,"pub":true}},{"type":"Feature","geometry":{"type":"Point","coordinates":[-107.1776,39.9355]},"properties":{"s":22.6,"pub":true}},{"type":"Feature","geometry":{"type":"Point","coordinates":[-107.1776,39.9413]},"properties":{"s":22.6,"pub":true}},{"type":"Feature","geometry":{"type":"Point","coordinates":[-107.1701,39.9355]},"properties":{"s":22.6,"pub":true}},{"type":"Feature","geometry":{"type":"Point","coordinates":[-107.1701,39.9413]},"properties":{"s":22.6,"pub":true}},{"type":"Feature","geometry":{"type":"Point","coordinates":[-107.1701,39.9471]},"properties":{"s":22.6,"pub":true}},{"type":"Feature","geometry":{"type":"Point","coordinates":[-107.1701,39.9529]},"properties":{"s":22.6,"pub":true}},{"type":"Feature","geometry":{"type":"Point","coordinates":[-107.1701,39.9587]},"properties":{"s":22.6,"pub":true}},{"type":"Feature","geometry":{"type":"Point","coordinates":[-107.1701,39.9645]},"properties":{"s":22.6,"pub":true}},{"type":"Feature","geometry":{"type":"Point","coordinates":[-107.1701,39.9703]},"properties":{"s":22.6,"pub":true}},{"type":"Feature","geometry":{"type":"Point","coordinates":[-107.1626,39.9413]},"properties":{"s":22.6,"pub":true}},{"type":"Feature","geometry":{"type":"Point","coordinates":[-107.1626,39.9471]},"properties":{"s":22.6,"pub":true}},{"type":"Feature","geometry":{"type":"Point","coordinates":[-107.1626,39.9529]},"properties":{"s":22.6,"pub":true}},{"type":"Feature","geometry":{"type":"Point","coordinates":[-107.1626,39.9587]},"properties":{"s":22.6,"pub":true}},{"type":"Feature","geometry":{"type":"Point","coordinates":[-107.1626,39.9645]},"properties":{"s":22.6,"pub":true}},{"type":"Feature","geometry":{"type":"Point","coordinates":[-107.1626,39.9703]},"properties":{"s":22.6,"pub":true}},{"type":"Feature","geometry":{"type":"Point","coordinates":[-107.1626,39.9761]},"properties":{"s":22.6,"pub":true}},{"type":"Feature","geometry":{"type":"Point","coordinates":[-107.1551,39.9413]},"properties":{"s":22.6,"pub":true}},{"type":"Feature","geometry":{"type":"Point","coordinates":[-107.1551,39.9471]},"properties":{"s":22.6,"pub":true}},{"type":"Feature","geometry":{"type":"Point","coordinates":[-107.1551,39.9529]},"properties":{"s":22.6,"pub":true}},{"type":"Feature","geometry":{"type":"Point","coordinates":[-107.1551,39.9587]},"properties":{"s":22.6,"pub":true}},{"type":"Feature","geometry":{"type":"Point","coordinates":[-107.1551,39.9645]},"properties":{"s":22.6,"pub":true}},{"type":"Feature","geometry":{"type":"Point","coordinates":[-107.1551,39.9703]},"properties":{"s":22.6,"pub":true}},{"type":"Feature","geometry":{"type":"Point","coordinates":[-107.1551,39.9761]},"properties":{"s":22.6,"pub":true}},{"type":"Feature","geometry":{"type":"Point","coordinates":[-107.1551,39.9819]},"properties":{"s":22.6,"pub":true}},{"type":"Feature","geometry":{"type":"Point","coordinates":[-107.1476,39.9471]},"properties":{"s":22.6,"pub":true}},{"type":"Feature","geometry":{"type":"Point","coordinates":[-107.1476,39.9529]},"properties":{"s":22.6,"pub":true}},{"type":"Feature","geometry":{"type":"Point","coordinates":[-107.1476,39.9587]},"properties":{"s":22.6,"pub":true}},{"type":"Feature","geometry":{"type":"Point","coordinates":[-107.1476,39.9645]},"properties":{"s":22.6,"pub":true}},{"type":"Feature","geometry":{"type":"Point","coordinates":[-107.1476,39.9703]},"properties":{"s":22.6,"pub":true}},{"type":"Feature","geometry":{"type":"Point","coordinates":[-107.1476,39.9761]},"properties":{"s":22.6,"pub":true}},{"type":"Feature","geometry":{"type":"Point","coordinates":[-107.1476,39.9819]},"properties":{"s":22.6,"pub":true}},{"type":"Feature","geometry":{"type":"Point","coordinates":[-107.1476,39.9877]},"properties":{"s":22.6,"pub":true}},{"type":"Feature","geometry":{"type":"Point","coordinates":[-107.1476,39.9935]},"properties":{"s":22.6,"pub":true}},{"type":"Feature","geometry":{"type":"Point","coordinates":[-107.1476,39.9993]},"properties":{"s":22.6,"pub":true}},{"type":"Feature","geometry":{"type":"Point","coordinates":[-107.1476,40.0051]},"properties":{"s":22.6,"pub":true}},{"type":"Feature","geometry":{"type":"Point","coordinates":[-107.1401,39.9471]},"properties":{"s":22.6,"pub":true}},{"type":"Feature","geometry":{"type":"Point","coordinates":[-107.1401,39.9529]},"properties":{"s":22.6,"pub":true}},{"type":"Feature","geometry":{"type":"Point","coordinates":[-107.1401,39.9587]},"properties":{"s":22.6,"pub":true}},{"type":"Feature","geometry":{"type":"Point","coordinates":[-107.1401,39.9645]},"properties":{"s":22.6,"pub":true}},{"type":"Feature","geometry":{"type":"Point","coordinates":[-107.1401,39.9703]},"properties":{"s":22.6,"pub":true}},{"type":"Feature","geometry":{"type":"Point","coordinates":[-107.1401,39.9761]},"properties":{"s":22.6,"pub":true}},{"type":"Feature","geometry":{"type":"Point","coordinates":[-107.1401,39.9819]},"properties":{"s":22.6,"pub":true}},{"type":"Feature","geometry":{"type":"Point","coordinates":[-107.1401,39.9877]},"properties":{"s":22.6,"pub":true}},{"type":"Feature","geometry":{"type":"Point","coordinates":[-107.1401,39.9935]},"properties":{"s":22.6,"pub":true}},{"type":"Feature","geometry":{"type":"Point","coordinates":[-107.1401,39.9993]},"properties":{"s":22.6,"pub":true}},{"type":"Feature","geometry":{"type":"Point","coordinates":[-107.1401,40.0051]},"properties":{"s":22.6,"pub":true}},{"type":"Feature","geometry":{"type":"Point","coordinates":[-107.1401,40.0109]},"properties":{"s":22.6,"pub":true}},{"type":"Feature","geometry":{"type":"Point","coordinates":[-107.1326,39.9471]},"properties":{"s":22.6,"pub":true}},{"type":"Feature","geometry":{"type":"Point","coordinates":[-107.1326,39.9529]},"properties":{"s":22.6,"pub":true}},{"type":"Feature","geometry":{"type":"Point","coordinates":[-107.1326,39.9587]},"properties":{"s":22.6,"pub":true}},{"type":"Feature","geometry":{"type":"Point","coordinates":[-107.1326,39.9645]},"properties":{"s":22.6,"pub":true}},{"type":"Feature","geometry":{"type":"Point","coordinates":[-107.1326,39.9703]},"properties":{"s":22.6,"pub":true}},{"type":"Feature","geometry":{"type":"Point","coordinates":[-107.1326,39.9761]},"properties":{"s":22.6,"pub":true}},{"type":"Feature","geometry":{"type":"Point","coordinates":[-107.1326,39.9819]},"properties":{"s":22.6,"pub":true}},{"type":"Feature","geometry":{"type":"Point","coordinates":[-107.1326,39.9877]},"properties":{"s":22.6,"pub":true}},{"type":"Feature","geometry":{"type":"Point","coordinates":[-107.1326,39.9935]},"properties":{"s":22.6,"pub":true}},{"type":"Feature","geometry":{"type":"Point","coordinates":[-107.1326,39.9993]},"properties":{"s":22.6,"pub":true}},{"type":"Feature","geometry":{"type":"Point","coordinates":[-107.1326,40.0051]},"properties":{"s":22.6,"pub":true}},{"type":"Feature","geometry":{"type":"Point","coordinates":[-107.1326,40.0109]},"properties":{"s":22.6,"pub":true}},{"type":"Feature","geometry":{"type":"Point","coordinates":[-107.1326,40.0167]},"properties":{"s":22.6,"pub":true}},{"type":"Feature","geometry":{"type":"Point","coordinates":[-107.1251,39.9413]},"properties":{"s":22.6,"pub":true}},{"type":"Feature","geometry":{"type":"Point","coordinates":[-107.1251,39.9471]},"properties":{"s":22.6,"pub":true}},{"type":"Feature","geometry":{"type":"Point","coordinates":[-107.1251,39.9529]},"properties":{"s":22.6,"pub":true}},{"type":"Feature","geometry":{"type":"Point","coordinates":[-107.1251,39.9587]},"properties":{"s":22.6,"pub":true}},{"type":"Feature","geometry":{"type":"Point","coordinates":[-107.1251,39.9645]},"properties":{"s":22.6,"pub":true}},{"type":"Feature","geometry":{"type":"Point","coordinates":[-107.1251,39.9703]},"properties":{"s":22.6,"pub":true}},{"type":"Feature","geometry":{"type":"Point","coordinates":[-107.1251,39.9761]},"properties":{"s":22.6,"pub":true}},{"type":"Feature","geometry":{"type":"Point","coordinates":[-107.1251,39.9819]},"properties":{"s":22.6,"pub":true}},{"type":"Feature","geometry":{"type":"Point","coordinates":[-107.1251,39.9877]},"properties":{"s":22.6,"pub":true}},{"type":"Feature","geometry":{"type":"Point","coordinates":[-107.1251,39.9935]},"properties":{"s":22.6,"pub":true}},{"type":"Feature","geometry":{"type":"Point","coordinates":[-107.1251,39.9993]},"properties":{"s":22.6,"pub":true}},{"type":"Feature","geometry":{"type":"Point","coordinates":[-107.1251,40.0051]},"properties":{"s":22.6,"pub":true}},{"type":"Feature","geometry":{"type":"Point","coordinates":[-107.1251,40.0109]},"properties":{"s":22.6,"pub":true}},{"type":"Feature","geometry":{"type":"Point","coordinates":[-107.1251,40.0167]},"properties":{"s":22.6,"pub":true}},{"type":"Feature","geometry":{"type":"Point","coordinates":[-107.1251,40.0225]},"properties":{"s":22.6,"pub":true}},{"type":"Feature","geometry":{"type":"Point","coordinates":[-107.1176,39.9413]},"properties":{"s":22.6,"pub":true}},{"type":"Feature","geometry":{"type":"Point","coordinates":[-107.1176,39.9471]},"properties":{"s":22.6,"pub":true}},{"type":"Feature","geometry":{"type":"Point","coordinates":[-107.1176,39.9529]},"properties":{"s":22.6,"pub":true}},{"type":"Feature","geometry":{"type":"Point","coordinates":[-107.1176,39.9587]},"properties":{"s":22.6,"pub":true}},{"type":"Feature","geometry":{"type":"Point","coordinates":[-107.1176,39.9645]},"properties":{"s":22.6,"pub":true}},{"type":"Feature","geometry":{"type":"Point","coordinates":[-107.1176,39.9703]},"properties":{"s":22.6,"pub":true}},{"type":"Feature","geometry":{"type":"Point","coordinates":[-107.1176,39.9761]},"properties":{"s":22.6,"pub":true}},{"type":"Feature","geometry":{"type":"Point","coordinates":[-107.1176,39.9819]},"properties":{"s":22.6,"pub":true}},{"type":"Feature","geometry":{"type":"Point","coordinates":[-107.1176,39.9877]},"properties":{"s":22.6,"pub":true}},{"type":"Feature","geometry":{"type":"Point","coordinates":[-107.1176,39.9935]},"properties":{"s":22.6,"pub":true}},{"type":"Feature","geometry":{"type":"Point","coordinates":[-107.1176,39.9993]},"properties":{"s":22.6,"pub":true}},{"type":"Feature","geometry":{"type":"Point","coordinates":[-107.1176,40.0051]},"properties":{"s":22.6,"pub":true}},{"type":"Feature","geometry":{"type":"Point","coordinates":[-107.1176,40.0109]},"properties":{"s":22.6,"pub":true}},{"type":"Feature","geometry":{"type":"Point","coordinates":[-107.1176,40.0167]},"properties":{"s":22.6,"pub":true}},{"type":"Feature","geometry":{"type":"Point","coordinates":[-107.1176,40.0225]},"properties":{"s":22.6,"pub":true}},{"type":"Feature","geometry":{"type":"Point","coordinates":[-107.1176,40.0283]},"properties":{"s":22.6,"pub":true}},{"type":"Feature","geometry":{"type":"Point","coordinates":[-107.1101,39.9413]},"properties":{"s":22.6,"pub":true}},{"type":"Feature","geometry":{"type":"Point","coordinates":[-107.1101,39.9471]},"properties":{"s":22.6,"pub":true}},{"type":"Feature","geometry":{"type":"Point","coordinates":[-107.1101,39.9529]},"properties":{"s":22.6,"pub":true}},{"type":"Feature","geometry":{"type":"Point","coordinates":[-107.1101,39.9587]},"properties":{"s":22.6,"pub":true}},{"type":"Feature","geometry":{"type":"Point","coordinates":[-107.1101,39.9645]},"properties":{"s":22.6,"pub":true}},{"type":"Feature","geometry":{"type":"Point","coordinates":[-107.1101,39.9703]},"properties":{"s":22.6,"pub":true}},{"type":"Feature","geometry":{"type":"Point","coordinates":[-107.1101,39.9761]},"properties":{"s":22.6,"pub":true}},{"type":"Feature","geometry":{"type":"Point","coordinates":[-107.1101,39.9819]},"properties":{"s":22.6,"pub":true}},{"type":"Feature","geometry":{"type":"Point","coordinates":[-107.1101,39.9877]},"properties":{"s":22.6,"pub":true}},{"type":"Feature","geometry":{"type":"Point","coordinates":[-107.1101,39.9935]},"properties":{"s":22.6,"pub":true}},{"type":"Feature","geometry":{"type":"Point","coordinates":[-107.1101,39.9993]},"properties":{"s":22.6,"pub":true}},{"type":"Feature","geometry":{"type":"Point","coordinates":[-107.1101,40.0051]},"properties":{"s":22.6,"pub":true}},{"type":"Feature","geometry":{"type":"Point","coordinates":[-107.1101,40.0109]},"properties":{"s":22.6,"pub":true}},{"type":"Feature","geometry":{"type":"Point","coordinates":[-107.1101,40.0167]},"properties":{"s":22.6,"pub":true}},{"type":"Feature","geometry":{"type":"Point","coordinates":[-107.1101,40.0225]},"properties":{"s":22.6,"pub":true}},{"type":"Feature","geometry":{"type":"Point","coordinates":[-107.1101,40.0283]},"properties":{"s":22.6,"pub":true}},{"type":"Feature","geometry":{"type":"Point","coordinates":[-107.1026,39.9413]},"properties":{"s":22.6,"pub":true}},{"type":"Feature","geometry":{"type":"Point","coordinates":[-107.1026,39.9471]},"properties":{"s":22.6,"pub":true}},{"type":"Feature","geometry":{"type":"Point","coordinates":[-107.1026,39.9529]},"properties":{"s":22.6,"pub":true}},{"type":"Feature","geometry":{"type":"Point","coordinates":[-107.1026,39.9587]},"properties":{"s":22.6,"pub":true}},{"type":"Feature","geometry":{"type":"Point","coordinates":[-107.1026,39.9645]},"properties":{"s":22.6,"pub":true}},{"type":"Feature","geometry":{"type":"Point","coordinates":[-107.1026,39.9703]},"properties":{"s":22.6,"pub":true}},{"type":"Feature","geometry":{"type":"Point","coordinates":[-107.1026,39.9761]},"properties":{"s":22.6,"pub":true}},{"type":"Feature","geometry":{"type":"Point","coordinates":[-107.1026,39.9819]},"properties":{"s":22.6,"pub":true}},{"type":"Feature","geometry":{"type":"Point","coordinates":[-107.1026,39.9877]},"properties":{"s":22.6,"pub":true}},{"type":"Feature","geometry":{"type":"Point","coordinates":[-107.1026,39.9935]},"properties":{"s":22.6,"pub":true}},{"type":"Feature","geometry":{"type":"Point","coordinates":[-107.1026,39.9993]},"properties":{"s":22.6,"pub":true}},{"type":"Feature","geometry":{"type":"Point","coordinates":[-107.1026,40.0051]},"properties":{"s":22.6,"pub":true}},{"type":"Feature","geometry":{"type":"Point","coordinates":[-107.1026,40.0109]},"properties":{"s":22.6,"pub":true}},{"type":"Feature","geometry":{"type":"Point","coordinates":[-107.1026,40.0167]},"properties":{"s":22.6,"pub":true}},{"type":"Feature","geometry":{"type":"Point","coordinates":[-107.1026,40.0225]},"properties":{"s":22.6,"pub":true}},{"type":"Feature","geometry":{"type":"Point","coordinates":[-107.1026,40.0283]},"properties":{"s":22.6,"pub":true}},{"type":"Feature","geometry":{"type":"Point","coordinates":[-107.1026,40.0341]},"properties":{"s":22.6,"pub":true}},{"type":"Feature","geometry":{"type":"Point","coordinates":[-107.0951,39.9413]},"properties":{"s":22.6,"pub":true}},{"type":"Feature","geometry":{"type":"Point","coordinates":[-107.0951,39.9471]},"properties":{"s":22.6,"pub":true}},{"type":"Feature","geometry":{"type":"Point","coordinates":[-107.0951,39.9529]},"properties":{"s":22.6,"pub":true}},{"type":"Feature","geometry":{"type":"Point","coordinates":[-107.0951,39.9587]},"properties":{"s":22.6,"pub":true}},{"type":"Feature","geometry":{"type":"Point","coordinates":[-107.0951,39.9645]},"properties":{"s":22.6,"pub":true}},{"type":"Feature","geometry":{"type":"Point","coordinates":[-107.0951,39.9703]},"properties":{"s":22.6,"pub":true}},{"type":"Feature","geometry":{"type":"Point","coordinates":[-107.0951,39.9761]},"properties":{"s":22.6,"pub":true}},{"type":"Feature","geometry":{"type":"Point","coordinates":[-107.0951,39.9819]},"properties":{"s":22.6,"pub":true}},{"type":"Feature","geometry":{"type":"Point","coordinates":[-107.0951,39.9877]},"properties":{"s":22.6,"pub":true}},{"type":"Feature","geometry":{"type":"Point","coordinates":[-107.0951,39.9935]},"properties":{"s":22.6,"pub":true}},{"type":"Feature","geometry":{"type":"Point","coordinates":[-107.0951,39.9993]},"properties":{"s":22.6,"pub":true}},{"type":"Feature","geometry":{"type":"Point","coordinates":[-107.0951,40.0051]},"properties":{"s":22.6,"pub":true}},{"type":"Feature","geometry":{"type":"Point","coordinates":[-107.0951,40.0109]},"properties":{"s":22.6,"pub":true}},{"type":"Feature","geometry":{"type":"Point","coordinates":[-107.0951,40.0167]},"properties":{"s":22.6,"pub":true}},{"type":"Feature","geometry":{"type":"Point","coordinates":[-107.0951,40.0225]},"properties":{"s":22.6,"pub":true}},{"type":"Feature","geometry":{"type":"Point","coordinates":[-107.0951,40.0283]},"properties":{"s":22.6,"pub":true}},{"type":"Feature","geometry":{"type":"Point","coordinates":[-107.0951,40.0341]},"properties":{"s":22.6,"pub":true}},{"type":"Feature","geometry":{"type":"Point","coordinates":[-107.0951,40.0399]},"properties":{"s":61.3,"pub":true}},{"type":"Feature","geometry":{"type":"Point","coordinates":[-107.0876,39.9413]},"properties":{"s":22.6,"pub":true}},{"type":"Feature","geometry":{"type":"Point","coordinates":[-107.0876,39.9471]},"properties":{"s":22.6,"pub":true}},{"type":"Feature","geometry":{"type":"Point","coordinates":[-107.0876,39.9529]},"properties":{"s":22.6,"pub":true}},{"type":"Feature","geometry":{"type":"Point","coordinates":[-107.0876,39.9587]},"properties":{"s":22.6,"pub":true}},{"type":"Feature","geometry":{"type":"Point","coordinates":[-107.0876,39.9645]},"properties":{"s":22.6,"pub":true}},{"type":"Feature","geometry":{"type":"Point","coordinates":[-107.0876,39.9703]},"properties":{"s":22.6,"pub":true}},{"type":"Feature","geometry":{"type":"Point","coordinates":[-107.0876,39.9761]},"properties":{"s":22.6,"pub":true}},{"type":"Feature","geometry":{"type":"Point","coordinates":[-107.0876,39.9819]},"properties":{"s":22.6,"pub":true}},{"type":"Feature","geometry":{"type":"Point","coordinates":[-107.0876,39.9877]},"properties":{"s":22.6,"pub":true}},{"type":"Feature","geometry":{"type":"Point","coordinates":[-107.0876,39.9935]},"properties":{"s":22.6,"pub":true}},{"type":"Feature","geometry":{"type":"Point","coordinates":[-107.0876,39.9993]},"properties":{"s":22.6,"pub":true}},{"type":"Feature","geometry":{"type":"Point","coordinates":[-107.0876,40.0051]},"properties":{"s":22.6,"pub":true}},{"type":"Feature","geometry":{"type":"Point","coordinates":[-107.0876,40.0109]},"properties":{"s":22.6,"pub":true}},{"type":"Feature","geometry":{"type":"Point","coordinates":[-107.0876,40.0167]},"properties":{"s":22.6,"pub":true}},{"type":"Feature","geometry":{"type":"Point","coordinates":[-107.0876,40.0225]},"properties":{"s":22.6,"pub":true}},{"type":"Feature","geometry":{"type":"Point","coordinates":[-107.0876,40.0283]},"properties":{"s":22.6,"pub":true}},{"type":"Feature","geometry":{"type":"Point","coordinates":[-107.0876,40.0341]},"properties":{"s":22.6,"pub":true}},{"type":"Feature","geometry":{"type":"Point","coordinates":[-107.0876,40.0399]},"properties":{"s":61.3,"pub":true}},{"type":"Feature","geometry":{"type":"Point","coordinates":[-107.0801,39.9355]},"properties":{"s":22.6,"pub":true}},{"type":"Feature","geometry":{"type":"Point","coordinates":[-107.0801,39.9413]},"properties":{"s":22.6,"pub":true}},{"type":"Feature","geometry":{"type":"Point","coordinates":[-107.0801,39.9471]},"properties":{"s":22.6,"pub":true}},{"type":"Feature","geometry":{"type":"Point","coordinates":[-107.0801,39.9529]},"properties":{"s":22.6,"pub":true}},{"type":"Feature","geometry":{"type":"Point","coordinates":[-107.0801,39.9587]},"properties":{"s":22.6,"pub":true}},{"type":"Feature","geometry":{"type":"Point","coordinates":[-107.0801,39.9645]},"properties":{"s":22.6,"pub":true}},{"type":"Feature","geometry":{"type":"Point","coordinates":[-107.0801,39.9703]},"properties":{"s":22.6,"pub":true}},{"type":"Feature","geometry":{"type":"Point","coordinates":[-107.0801,39.9761]},"properties":{"s":22.6,"pub":true}},{"type":"Feature","geometry":{"type":"Point","coordinates":[-107.0801,39.9819]},"properties":{"s":22.6,"pub":true}},{"type":"Feature","geometry":{"type":"Point","coordinates":[-107.0801,39.9877]},"properties":{"s":22.6,"pub":true}},{"type":"Feature","geometry":{"type":"Point","coordinates":[-107.0801,39.9935]},"properties":{"s":22.6,"pub":true}},{"type":"Feature","geometry":{"type":"Point","coordinates":[-107.0801,39.9993]},"properties":{"s":22.6,"pub":true}},{"type":"Feature","geometry":{"type":"Point","coordinates":[-107.0801,40.0051]},"properties":{"s":22.6,"pub":true}},{"type":"Feature","geometry":{"type":"Point","coordinates":[-107.0801,40.0109]},"properties":{"s":22.6,"pub":true}},{"type":"Feature","geometry":{"type":"Point","coordinates":[-107.0801,40.0167]},"properties":{"s":22.6,"pub":true}},{"type":"Feature","geometry":{"type":"Point","coordinates":[-107.0801,40.0225]},"properties":{"s":22.6,"pub":true}},{"type":"Feature","geometry":{"type":"Point","coordinates":[-107.0801,40.0283]},"properties":{"s":22.6,"pub":true}},{"type":"Feature","geometry":{"type":"Point","coordinates":[-107.0801,40.0341]},"properties":{"s":61.3,"pub":true}},{"type":"Feature","geometry":{"type":"Point","coordinates":[-107.0801,40.0399]},"properties":{"s":61.3,"pub":true}},{"type":"Feature","geometry":{"type":"Point","coordinates":[-107.0726,39.9355]},"properties":{"s":22.6,"pub":true}},{"type":"Feature","geometry":{"type":"Point","coordinates":[-107.0726,39.9413]},"properties":{"s":22.6,"pub":true}},{"type":"Feature","geometry":{"type":"Point","coordinates":[-107.0726,39.9471]},"properties":{"s":22.6,"pub":true}},{"type":"Feature","geometry":{"type":"Point","coordinates":[-107.0726,39.9529]},"properties":{"s":22.6,"pub":true}},{"type":"Feature","geometry":{"type":"Point","coordinates":[-107.0726,39.9587]},"properties":{"s":22.6,"pub":true}},{"type":"Feature","geometry":{"type":"Point","coordinates":[-107.0726,39.9645]},"properties":{"s":22.6,"pub":true}},{"type":"Feature","geometry":{"type":"Point","coordinates":[-107.0726,39.9703]},"properties":{"s":22.6,"pub":true}},{"type":"Feature","geometry":{"type":"Point","coordinates":[-107.0726,39.9761]},"properties":{"s":22.6,"pub":true}},{"type":"Feature","geometry":{"type":"Point","coordinates":[-107.0726,39.9819]},"properties":{"s":22.6,"pub":true}},{"type":"Feature","geometry":{"type":"Point","coordinates":[-107.0726,39.9877]},"properties":{"s":22.6,"pub":true}},{"type":"Feature","geometry":{"type":"Point","coordinates":[-107.0726,39.9935]},"properties":{"s":22.6,"pub":true}},{"type":"Feature","geometry":{"type":"Point","coordinates":[-107.0726,39.9993]},"properties":{"s":22.6,"pub":true}},{"type":"Feature","geometry":{"type":"Point","coordinates":[-107.0726,40.0051]},"properties":{"s":22.6,"pub":true}},{"type":"Feature","geometry":{"type":"Point","coordinates":[-107.0726,40.0109]},"properties":{"s":22.6,"pub":true}},{"type":"Feature","geometry":{"type":"Point","coordinates":[-107.0726,40.0167]},"properties":{"s":22.6,"pub":true}},{"type":"Feature","geometry":{"type":"Point","coordinates":[-107.0726,40.0225]},"properties":{"s":22.6,"pub":true}},{"type":"Feature","geometry":{"type":"Point","coordinates":[-107.0726,40.0283]},"properties":{"s":22.6,"pub":true}},{"type":"Feature","geometry":{"type":"Point","coordinates":[-107.0726,40.0341]},"properties":{"s":22.6,"pub":true}},{"type":"Feature","geometry":{"type":"Point","coordinates":[-107.0726,40.0399]},"properties":{"s":61.3,"pub":true}},{"type":"Feature","geometry":{"type":"Point","coordinates":[-107.0651,39.9297]},"properties":{"s":22.6,"pub":true}},{"type":"Feature","geometry":{"type":"Point","coordinates":[-107.0651,39.9355]},"properties":{"s":22.6,"pub":true}},{"type":"Feature","geometry":{"type":"Point","coordinates":[-107.0651,39.9413]},"properties":{"s":22.6,"pub":true}},{"type":"Feature","geometry":{"type":"Point","coordinates":[-107.0651,39.9471]},"properties":{"s":22.6,"pub":true}},{"type":"Feature","geometry":{"type":"Point","coordinates":[-107.0651,39.9529]},"properties":{"s":22.6,"pub":true}},{"type":"Feature","geometry":{"type":"Point","coordinates":[-107.0651,39.9587]},"properties":{"s":22.6,"pub":true}},{"type":"Feature","geometry":{"type":"Point","coordinates":[-107.0651,39.9645]},"properties":{"s":22.6,"pub":true}},{"type":"Feature","geometry":{"type":"Point","coordinates":[-107.0651,39.9703]},"properties":{"s":22.6,"pub":true}},{"type":"Feature","geometry":{"type":"Point","coordinates":[-107.0651,39.9761]},"properties":{"s":22.6,"pub":true}},{"type":"Feature","geometry":{"type":"Point","coordinates":[-107.0651,39.9819]},"properties":{"s":22.6,"pub":true}},{"type":"Feature","geometry":{"type":"Point","coordinates":[-107.0651,39.9877]},"properties":{"s":22.6,"pub":true}},{"type":"Feature","geometry":{"type":"Point","coordinates":[-107.0651,39.9935]},"properties":{"s":22.6,"pub":true}},{"type":"Feature","geometry":{"type":"Point","coordinates":[-107.0651,39.9993]},"properties":{"s":22.6,"pub":true}},{"type":"Feature","geometry":{"type":"Point","coordinates":[-107.0651,40.0051]},"properties":{"s":22.6,"pub":true}},{"type":"Feature","geometry":{"type":"Point","coordinates":[-107.0651,40.0109]},"properties":{"s":22.6,"pub":true}},{"type":"Feature","geometry":{"type":"Point","coordinates":[-107.0651,40.0167]},"properties":{"s":22.6,"pub":true}},{"type":"Feature","geometry":{"type":"Point","coordinates":[-107.0651,40.0225]},"properties":{"s":22.6,"pub":true}},{"type":"Feature","geometry":{"type":"Point","coordinates":[-107.0651,40.0283]},"properties":{"s":22.6,"pub":true}},{"type":"Feature","geometry":{"type":"Point","coordinates":[-107.0651,40.0341]},"properties":{"s":22.6,"pub":true}},{"type":"Feature","geometry":{"type":"Point","coordinates":[-107.0651,40.0399]},"properties":{"s":61.3,"pub":true}},{"type":"Feature","geometry":{"type":"Point","coordinates":[-107.0576,39.9239]},"properties":{"s":22.6,"pub":true}},{"type":"Feature","geometry":{"type":"Point","coordinates":[-107.0576,39.9297]},"properties":{"s":22.6,"pub":true}},{"type":"Feature","geometry":{"type":"Point","coordinates":[-107.0576,39.9355]},"properties":{"s":22.6,"pub":true}},{"type":"Feature","geometry":{"type":"Point","coordinates":[-107.0576,39.9413]},"properties":{"s":22.6,"pub":true}},{"type":"Feature","geometry":{"type":"Point","coordinates":[-107.0576,39.9471]},"properties":{"s":22.6,"pub":true}},{"type":"Feature","geometry":{"type":"Point","coordinates":[-107.0576,39.9529]},"properties":{"s":22.6,"pub":true}},{"type":"Feature","geometry":{"type":"Point","coordinates":[-107.0576,39.9587]},"properties":{"s":22.6,"pub":true}},{"type":"Feature","geometry":{"type":"Point","coordinates":[-107.0576,39.9645]},"properties":{"s":22.6,"pub":true}},{"type":"Feature","geometry":{"type":"Point","coordinates":[-107.0576,39.9703]},"properties":{"s":22.6,"pub":true}},{"type":"Feature","geometry":{"type":"Point","coordinates":[-107.0576,39.9761]},"properties":{"s":22.6,"pub":true}},{"type":"Feature","geometry":{"type":"Point","coordinates":[-107.0576,39.9819]},"properties":{"s":22.6,"pub":true}},{"type":"Feature","geometry":{"type":"Point","coordinates":[-107.0576,39.9877]},"properties":{"s":22.6,"pub":true}},{"type":"Feature","geometry":{"type":"Point","coordinates":[-107.0576,39.9935]},"properties":{"s":22.6,"pub":true}},{"type":"Feature","geometry":{"type":"Point","coordinates":[-107.0576,39.9993]},"properties":{"s":22.6,"pub":true}},{"type":"Feature","geometry":{"type":"Point","coordinates":[-107.0576,40.0051]},"properties":{"s":22.6,"pub":true}},{"type":"Feature","geometry":{"type":"Point","coordinates":[-107.0576,40.0109]},"properties":{"s":22.6,"pub":true}},{"type":"Feature","geometry":{"type":"Point","coordinates":[-107.0576,40.0167]},"properties":{"s":22.6,"pub":true}},{"type":"Feature","geometry":{"type":"Point","coordinates":[-107.0576,40.0225]},"properties":{"s":22.6,"pub":true}},{"type":"Feature","geometry":{"type":"Point","coordinates":[-107.0576,40.0283]},"properties":{"s":22.6,"pub":true}},{"type":"Feature","geometry":{"type":"Point","coordinates":[-107.0576,40.0341]},"properties":{"s":22.6,"pub":true}},{"type":"Feature","geometry":{"type":"Point","coordinates":[-107.0576,40.0399]},"properties":{"s":61.3,"pub":true}},{"type":"Feature","geometry":{"type":"Point","coordinates":[-107.0576,40.0457]},"properties":{"s":61.3,"pub":true}},{"type":"Feature","geometry":{"type":"Point","coordinates":[-107.0501,39.9181]},"properties":{"s":22.6,"pub":true}},{"type":"Feature","geometry":{"type":"Point","coordinates":[-107.0501,39.9239]},"properties":{"s":22.6,"pub":true}},{"type":"Feature","geometry":{"type":"Point","coordinates":[-107.0501,39.9297]},"properties":{"s":22.6,"pub":true}},{"type":"Feature","geometry":{"type":"Point","coordinates":[-107.0501,39.9355]},"properties":{"s":22.6,"pub":true}},{"type":"Feature","geometry":{"type":"Point","coordinates":[-107.0501,39.9413]},"properties":{"s":22.6,"pub":true}},{"type":"Feature","geometry":{"type":"Point","coordinates":[-107.0501,39.9471]},"properties":{"s":22.6,"pub":true}},{"type":"Feature","geometry":{"type":"Point","coordinates":[-107.0501,39.9529]},"properties":{"s":22.6,"pub":true}},{"type":"Feature","geometry":{"type":"Point","coordinates":[-107.0501,39.9587]},"properties":{"s":22.6,"pub":true}},{"type":"Feature","geometry":{"type":"Point","coordinates":[-107.0501,39.9645]},"properties":{"s":22.6,"pub":true}},{"type":"Feature","geometry":{"type":"Point","coordinates":[-107.0501,39.9703]},"properties":{"s":22.6,"pub":true}},{"type":"Feature","geometry":{"type":"Point","coordinates":[-107.0501,39.9761]},"properties":{"s":22.6,"pub":true}},{"type":"Feature","geometry":{"type":"Point","coordinates":[-107.0501,39.9819]},"properties":{"s":22.6,"pub":true}},{"type":"Feature","geometry":{"type":"Point","coordinates":[-107.0501,39.9877]},"properties":{"s":22.6,"pub":true}},{"type":"Feature","geometry":{"type":"Point","coordinates":[-107.0501,39.9935]},"properties":{"s":22.6,"pub":true}},{"type":"Feature","geometry":{"type":"Point","coordinates":[-107.0501,39.9993]},"properties":{"s":22.6,"pub":true}},{"type":"Feature","geometry":{"type":"Point","coordinates":[-107.0501,40.0051]},"properties":{"s":22.6,"pub":true}},{"type":"Feature","geometry":{"type":"Point","coordinates":[-107.0501,40.0109]},"properties":{"s":22.6,"pub":true}},{"type":"Feature","geometry":{"type":"Point","coordinates":[-107.0501,40.0167]},"properties":{"s":22.6,"pub":true}},{"type":"Feature","geometry":{"type":"Point","coordinates":[-107.0501,40.0225]},"properties":{"s":22.6,"pub":true}},{"type":"Feature","geometry":{"type":"Point","coordinates":[-107.0501,40.0283]},"properties":{"s":22.6,"pub":true}},{"type":"Feature","geometry":{"type":"Point","coordinates":[-107.0501,40.0341]},"properties":{"s":22.6,"pub":true}},{"type":"Feature","geometry":{"type":"Point","coordinates":[-107.0501,40.0399]},"properties":{"s":61.3,"pub":true}},{"type":"Feature","geometry":{"type":"Point","coordinates":[-107.0501,40.0457]},"properties":{"s":61.3,"pub":true}},{"type":"Feature","geometry":{"type":"Point","coordinates":[-107.0501,40.0515]},"properties":{"s":61.3,"pub":true}},{"type":"Feature","geometry":{"type":"Point","coordinates":[-107.0426,39.9181]},"properties":{"s":22.6,"pub":true}},{"type":"Feature","geometry":{"type":"Point","coordinates":[-107.0426,39.9239]},"properties":{"s":22.6,"pub":true}},{"type":"Feature","geometry":{"type":"Point","coordinates":[-107.0426,39.9297]},"properties":{"s":22.6,"pub":true}},{"type":"Feature","geometry":{"type":"Point","coordinates":[-107.0426,39.9355]},"properties":{"s":22.6,"pub":true}},{"type":"Feature","geometry":{"type":"Point","coordinates":[-107.0426,39.9413]},"properties":{"s":22.6,"pub":true}},{"type":"Feature","geometry":{"type":"Point","coordinates":[-107.0426,39.9471]},"properties":{"s":22.6,"pub":true}},{"type":"Feature","geometry":{"type":"Point","coordinates":[-107.0426,39.9529]},"properties":{"s":22.6,"pub":true}},{"type":"Feature","geometry":{"type":"Point","coordinates":[-107.0426,39.9587]},"properties":{"s":22.6,"pub":true}},{"type":"Feature","geometry":{"type":"Point","coordinates":[-107.0426,39.9645]},"properties":{"s":22.6,"pub":true}},{"type":"Feature","geometry":{"type":"Point","coordinates":[-107.0426,39.9703]},"properties":{"s":22.6,"pub":true}},{"type":"Feature","geometry":{"type":"Point","coordinates":[-107.0426,39.9761]},"properties":{"s":22.6,"pub":true}},{"type":"Feature","geometry":{"type":"Point","coordinates":[-107.0426,39.9819]},"properties":{"s":22.6,"pub":true}},{"type":"Feature","geometry":{"type":"Point","coordinates":[-107.0426,39.9877]},"properties":{"s":22.6,"pub":true}},{"type":"Feature","geometry":{"type":"Point","coordinates":[-107.0426,39.9935]},"properties":{"s":22.6,"pub":true}},{"type":"Feature","geometry":{"type":"Point","coordinates":[-107.0426,39.9993]},"properties":{"s":22.6,"pub":true}},{"type":"Feature","geometry":{"type":"Point","coordinates":[-107.0426,40.0051]},"properties":{"s":22.6,"pub":true}},{"type":"Feature","geometry":{"type":"Point","coordinates":[-107.0426,40.0109]},"properties":{"s":22.6,"pub":true}},{"type":"Feature","geometry":{"type":"Point","coordinates":[-107.0426,40.0167]},"properties":{"s":48.4,"pub":true}},{"type":"Feature","geometry":{"type":"Point","coordinates":[-107.0426,40.0225]},"properties":{"s":48.4,"pub":true}},{"type":"Feature","geometry":{"type":"Point","coordinates":[-107.0426,40.0283]},"properties":{"s":48.4,"pub":true}},{"type":"Feature","geometry":{"type":"Point","coordinates":[-107.0426,40.0341]},"properties":{"s":48.4,"pub":true}},{"type":"Feature","geometry":{"type":"Point","coordinates":[-107.0426,40.0399]},"properties":{"s":87.1,"pub":true}},{"type":"Feature","geometry":{"type":"Point","coordinates":[-107.0426,40.0457]},"properties":{"s":61.3,"pub":true}},{"type":"Feature","geometry":{"type":"Point","coordinates":[-107.0426,40.0515]},"properties":{"s":61.3,"pub":true}},{"type":"Feature","geometry":{"type":"Point","coordinates":[-107.0351,39.9123]},"properties":{"s":22.6,"pub":true}},{"type":"Feature","geometry":{"type":"Point","coordinates":[-107.0351,39.9181]},"properties":{"s":29.0,"pub":true}},{"type":"Feature","geometry":{"type":"Point","coordinates":[-107.0351,39.9239]},"properties":{"s":22.6,"pub":true}},{"type":"Feature","geometry":{"type":"Point","coordinates":[-107.0351,39.9297]},"properties":{"s":22.6,"pub":true}},{"type":"Feature","geometry":{"type":"Point","coordinates":[-107.0351,39.9355]},"properties":{"s":22.6,"pub":true}},{"type":"Feature","geometry":{"type":"Point","coordinates":[-107.0351,39.9413]},"properties":{"s":22.6,"pub":true}},{"type":"Feature","geometry":{"type":"Point","coordinates":[-107.0351,39.9471]},"properties":{"s":22.6,"pub":true}},{"type":"Feature","geometry":{"type":"Point","coordinates":[-107.0351,39.9529]},"properties":{"s":22.6,"pub":true}},{"type":"Feature","geometry":{"type":"Point","coordinates":[-107.0351,39.9587]},"properties":{"s":22.6,"pub":true}},{"type":"Feature","geometry":{"type":"Point","coordinates":[-107.0351,39.9645]},"properties":{"s":22.6,"pub":true}},{"type":"Feature","geometry":{"type":"Point","coordinates":[-107.0351,39.9703]},"properties":{"s":22.6,"pub":true}},{"type":"Feature","geometry":{"type":"Point","coordinates":[-107.0351,39.9761]},"properties":{"s":22.6,"pub":true}},{"type":"Feature","geometry":{"type":"Point","coordinates":[-107.0351,39.9819]},"properties":{"s":22.6,"pub":true}},{"type":"Feature","geometry":{"type":"Point","coordinates":[-107.0351,39.9877]},"properties":{"s":22.6,"pub":true}},{"type":"Feature","geometry":{"type":"Point","coordinates":[-107.0351,39.9935]},"properties":{"s":22.6,"pub":true}},{"type":"Feature","geometry":{"type":"Point","coordinates":[-107.0351,39.9993]},"properties":{"s":22.6,"pub":true}},{"type":"Feature","geometry":{"type":"Point","coordinates":[-107.0351,40.0051]},"properties":{"s":22.6,"pub":true}},{"type":"Feature","geometry":{"type":"Point","coordinates":[-107.0351,40.0109]},"properties":{"s":22.6,"pub":true}},{"type":"Feature","geometry":{"type":"Point","coordinates":[-107.0351,40.0167]},"properties":{"s":48.4,"pub":true}},{"type":"Feature","geometry":{"type":"Point","coordinates":[-107.0351,40.0225]},"properties":{"s":48.4,"pub":true}},{"type":"Feature","geometry":{"type":"Point","coordinates":[-107.0351,40.0283]},"properties":{"s":48.4,"pub":true}},{"type":"Feature","geometry":{"type":"Point","coordinates":[-107.0351,40.0341]},"properties":{"s":48.4,"pub":true}},{"type":"Feature","geometry":{"type":"Point","coordinates":[-107.0351,40.0399]},"properties":{"s":87.1,"pub":true}},{"type":"Feature","geometry":{"type":"Point","coordinates":[-107.0351,40.0457]},"properties":{"s":87.1,"pub":true}},{"type":"Feature","geometry":{"type":"Point","coordinates":[-107.0351,40.0515]},"properties":{"s":87.1,"pub":true}},{"type":"Feature","geometry":{"type":"Point","coordinates":[-107.0276,39.9123]},"properties":{"s":29.0,"pub":true}},{"type":"Feature","geometry":{"type":"Point","coordinates":[-107.0276,39.9181]},"properties":{"s":29.0,"pub":true}},{"type":"Feature","geometry":{"type":"Point","coordinates":[-107.0276,39.9239]},"properties":{"s":22.6,"pub":false}},{"type":"Feature","geometry":{"type":"Point","coordinates":[-107.0276,39.9297]},"properties":{"s":22.6,"pub":false}},{"type":"Feature","geometry":{"type":"Point","coordinates":[-107.0276,39.9355]},"properties":{"s":22.6,"pub":false}},{"type":"Feature","geometry":{"type":"Point","coordinates":[-107.0276,39.9413]},"properties":{"s":22.6,"pub":false}},{"type":"Feature","geometry":{"type":"Point","coordinates":[-107.0276,39.9471]},"properties":{"s":22.6,"pub":false}},{"type":"Feature","geometry":{"type":"Point","coordinates":[-107.0276,39.9529]},"properties":{"s":22.6,"pub":false}},{"type":"Feature","geometry":{"type":"Point","coordinates":[-107.0276,39.9587]},"properties":{"s":22.6,"pub":false}},{"type":"Feature","geometry":{"type":"Point","coordinates":[-107.0276,39.9645]},"properties":{"s":22.6,"pub":true}},{"type":"Feature","geometry":{"type":"Point","coordinates":[-107.0276,39.9703]},"properties":{"s":22.6,"pub":true}},{"type":"Feature","geometry":{"type":"Point","coordinates":[-107.0276,39.9761]},"properties":{"s":22.6,"pub":true}},{"type":"Feature","geometry":{"type":"Point","coordinates":[-107.0276,39.9819]},"properties":{"s":22.6,"pub":true}},{"type":"Feature","geometry":{"type":"Point","coordinates":[-107.0276,39.9877]},"properties":{"s":22.6,"pub":true}},{"type":"Feature","geometry":{"type":"Point","coordinates":[-107.0276,39.9935]},"properties":{"s":22.6,"pub":true}},{"type":"Feature","geometry":{"type":"Point","coordinates":[-107.0276,39.9993]},"properties":{"s":22.6,"pub":true}},{"type":"Feature","geometry":{"type":"Point","coordinates":[-107.0276,40.0051]},"properties":{"s":48.4,"pub":true}},{"type":"Feature","geometry":{"type":"Point","coordinates":[-107.0276,40.0109]},"properties":{"s":48.4,"pub":true}},{"type":"Feature","geometry":{"type":"Point","coordinates":[-107.0276,40.0167]},"properties":{"s":48.4,"pub":true}},{"type":"Feature","geometry":{"type":"Point","coordinates":[-107.0276,40.0225]},"properties":{"s":48.4,"pub":true}},{"type":"Feature","geometry":{"type":"Point","coordinates":[-107.0276,40.0283]},"properties":{"s":48.4,"pub":true}},{"type":"Feature","geometry":{"type":"Point","coordinates":[-107.0276,40.0341]},"properties":{"s":48.4,"pub":true}},{"type":"Feature","geometry":{"type":"Point","coordinates":[-107.0276,40.0399]},"properties":{"s":87.1,"pub":true}},{"type":"Feature","geometry":{"type":"Point","coordinates":[-107.0276,40.0457]},"properties":{"s":87.1,"pub":true}},{"type":"Feature","geometry":{"type":"Point","coordinates":[-107.0276,40.0515]},"properties":{"s":87.1,"pub":true}},{"type":"Feature","geometry":{"type":"Point","coordinates":[-107.0276,40.0573]},"properties":{"s":67.7,"pub":true}},{"type":"Feature","geometry":{"type":"Point","coordinates":[-107.0201,39.9123]},"properties":{"s":29.0,"pub":true}},{"type":"Feature","geometry":{"type":"Point","coordinates":[-107.0201,39.9181]},"properties":{"s":22.6,"pub":true}},{"type":"Feature","geometry":{"type":"Point","coordinates":[-107.0201,39.9239]},"properties":{"s":22.6,"pub":false}},{"type":"Feature","geometry":{"type":"Point","coordinates":[-107.0201,39.9297]},"properties":{"s":22.6,"pub":false}},{"type":"Feature","geometry":{"type":"Point","coordinates":[-107.0201,39.9355]},"properties":{"s":22.6,"pub":false}},{"type":"Feature","geometry":{"type":"Point","coordinates":[-107.0201,39.9413]},"properties":{"s":22.6,"pub":false}},{"type":"Feature","geometry":{"type":"Point","coordinates":[-107.0201,39.9471]},"properties":{"s":22.6,"pub":false}},{"type":"Feature","geometry":{"type":"Point","coordinates":[-107.0201,39.9529]},"properties":{"s":22.6,"pub":false}},{"type":"Feature","geometry":{"type":"Point","coordinates":[-107.0201,39.9587]},"properties":{"s":22.6,"pub":false}},{"type":"Feature","geometry":{"type":"Point","coordinates":[-107.0201,39.9645]},"properties":{"s":22.6,"pub":true}},{"type":"Feature","geometry":{"type":"Point","coordinates":[-107.0201,39.9703]},"properties":{"s":22.6,"pub":true}},{"type":"Feature","geometry":{"type":"Point","coordinates":[-107.0201,39.9761]},"properties":{"s":22.6,"pub":true}},{"type":"Feature","geometry":{"type":"Point","coordinates":[-107.0201,39.9819]},"properties":{"s":22.6,"pub":true}},{"type":"Feature","geometry":{"type":"Point","coordinates":[-107.0201,39.9877]},"properties":{"s":22.6,"pub":true}},{"type":"Feature","geometry":{"type":"Point","coordinates":[-107.0201,39.9935]},"properties":{"s":22.6,"pub":true}},{"type":"Feature","geometry":{"type":"Point","coordinates":[-107.0201,39.9993]},"properties":{"s":22.6,"pub":true}},{"type":"Feature","geometry":{"type":"Point","coordinates":[-107.0201,40.0051]},"properties":{"s":22.6,"pub":true}},{"type":"Feature","geometry":{"type":"Point","coordinates":[-107.0201,40.0109]},"properties":{"s":48.4,"pub":true}},{"type":"Feature","geometry":{"type":"Point","coordinates":[-107.0201,40.0167]},"properties":{"s":48.4,"pub":true}},{"type":"Feature","geometry":{"type":"Point","coordinates":[-107.0201,40.0225]},"properties":{"s":48.4,"pub":true}},{"type":"Feature","geometry":{"type":"Point","coordinates":[-107.0201,40.0283]},"properties":{"s":48.4,"pub":true}},{"type":"Feature","geometry":{"type":"Point","coordinates":[-107.0201,40.0341]},"properties":{"s":48.4,"pub":true}},{"type":"Feature","geometry":{"type":"Point","coordinates":[-107.0201,40.0399]},"properties":{"s":87.1,"pub":true}},{"type":"Feature","geometry":{"type":"Point","coordinates":[-107.0201,40.0457]},"properties":{"s":87.1,"pub":true}},{"type":"Feature","geometry":{"type":"Point","coordinates":[-107.0201,40.0515]},"properties":{"s":87.1,"pub":true}},{"type":"Feature","geometry":{"type":"Point","coordinates":[-107.0201,40.0573]},"properties":{"s":61.3,"pub":true}},{"type":"Feature","geometry":{"type":"Point","coordinates":[-107.0126,39.9297]},"properties":{"s":22.6,"pub":false}},{"type":"Feature","geometry":{"type":"Point","coordinates":[-107.0126,39.9355]},"properties":{"s":22.6,"pub":false}},{"type":"Feature","geometry":{"type":"Point","coordinates":[-107.0126,39.9413]},"properties":{"s":22.6,"pub":false}},{"type":"Feature","geometry":{"type":"Point","coordinates":[-107.0126,39.9471]},"properties":{"s":22.6,"pub":false}},{"type":"Feature","geometry":{"type":"Point","coordinates":[-107.0126,39.9529]},"properties":{"s":22.6,"pub":false}},{"type":"Feature","geometry":{"type":"Point","coordinates":[-107.0126,39.9587]},"properties":{"s":22.6,"pub":false}},{"type":"Feature","geometry":{"type":"Point","coordinates":[-107.0126,39.9645]},"properties":{"s":22.6,"pub":true}},{"type":"Feature","geometry":{"type":"Point","coordinates":[-107.0126,39.9703]},"properties":{"s":22.6,"pub":true}},{"type":"Feature","geometry":{"type":"Point","coordinates":[-107.0126,39.9761]},"properties":{"s":22.6,"pub":true}},{"type":"Feature","geometry":{"type":"Point","coordinates":[-107.0126,39.9819]},"properties":{"s":22.6,"pub":true}},{"type":"Feature","geometry":{"type":"Point","coordinates":[-107.0126,39.9877]},"properties":{"s":22.6,"pub":true}},{"type":"Feature","geometry":{"type":"Point","coordinates":[-107.0126,39.9935]},"properties":{"s":22.6,"pub":true}},{"type":"Feature","geometry":{"type":"Point","coordinates":[-107.0126,39.9993]},"properties":{"s":22.6,"pub":true}},{"type":"Feature","geometry":{"type":"Point","coordinates":[-107.0126,40.0051]},"properties":{"s":22.6,"pub":true}},{"type":"Feature","geometry":{"type":"Point","coordinates":[-107.0126,40.0109]},"properties":{"s":22.6,"pub":true}},{"type":"Feature","geometry":{"type":"Point","coordinates":[-107.0126,40.0167]},"properties":{"s":48.4,"pub":true}},{"type":"Feature","geometry":{"type":"Point","coordinates":[-107.0126,40.0225]},"properties":{"s":48.4,"pub":true}},{"type":"Feature","geometry":{"type":"Point","coordinates":[-107.0126,40.0283]},"properties":{"s":48.4,"pub":true}},{"type":"Feature","geometry":{"type":"Point","coordinates":[-107.0126,40.0341]},"properties":{"s":48.4,"pub":true}},{"type":"Feature","geometry":{"type":"Point","coordinates":[-107.0126,40.0399]},"properties":{"s":48.4,"pub":true}},{"type":"Feature","geometry":{"type":"Point","coordinates":[-107.0126,40.0457]},"properties":{"s":87.1,"pub":true}},{"type":"Feature","geometry":{"type":"Point","coordinates":[-107.0126,40.0515]},"properties":{"s":87.1,"pub":true}},{"type":"Feature","geometry":{"type":"Point","coordinates":[-107.0126,40.0573]},"properties":{"s":87.1,"pub":true}},{"type":"Feature","geometry":{"type":"Point","coordinates":[-107.0051,39.9413]},"properties":{"s":22.6,"pub":false}},{"type":"Feature","geometry":{"type":"Point","coordinates":[-107.0051,39.9471]},"properties":{"s":22.6,"pub":false}},{"type":"Feature","geometry":{"type":"Point","coordinates":[-107.0051,39.9529]},"properties":{"s":22.6,"pub":false}},{"type":"Feature","geometry":{"type":"Point","coordinates":[-107.0051,39.9587]},"properties":{"s":22.6,"pub":false}},{"type":"Feature","geometry":{"type":"Point","coordinates":[-107.0051,39.9645]},"properties":{"s":22.6,"pub":true}},{"type":"Feature","geometry":{"type":"Point","coordinates":[-107.0051,39.9703]},"properties":{"s":22.6,"pub":true}},{"type":"Feature","geometry":{"type":"Point","coordinates":[-107.0051,39.9761]},"properties":{"s":22.6,"pub":true}},{"type":"Feature","geometry":{"type":"Point","coordinates":[-107.0051,39.9819]},"properties":{"s":22.6,"pub":true}},{"type":"Feature","geometry":{"type":"Point","coordinates":[-107.0051,39.9877]},"properties":{"s":22.6,"pub":true}},{"type":"Feature","geometry":{"type":"Point","coordinates":[-107.0051,39.9935]},"properties":{"s":22.6,"pub":true}},{"type":"Feature","geometry":{"type":"Point","coordinates":[-107.0051,39.9993]},"properties":{"s":22.6,"pub":true}},{"type":"Feature","geometry":{"type":"Point","coordinates":[-107.0051,40.0051]},"properties":{"s":22.6,"pub":true}},{"type":"Feature","geometry":{"type":"Point","coordinates":[-107.0051,40.0109]},"properties":{"s":22.6,"pub":true}},{"type":"Feature","geometry":{"type":"Point","coordinates":[-107.0051,40.0167]},"properties":{"s":22.6,"pub":true}},{"type":"Feature","geometry":{"type":"Point","coordinates":[-107.0051,40.0225]},"properties":{"s":48.4,"pub":true}},{"type":"Feature","geometry":{"type":"Point","coordinates":[-107.0051,40.0283]},"properties":{"s":48.4,"pub":true}},{"type":"Feature","geometry":{"type":"Point","coordinates":[-107.0051,40.0341]},"properties":{"s":48.4,"pub":true}},{"type":"Feature","geometry":{"type":"Point","coordinates":[-107.0051,40.0399]},"properties":{"s":48.4,"pub":true}},{"type":"Feature","geometry":{"type":"Point","coordinates":[-107.0051,40.0457]},"properties":{"s":48.4,"pub":true}},{"type":"Feature","geometry":{"type":"Point","coordinates":[-107.0051,40.0515]},"properties":{"s":87.1,"pub":true}},{"type":"Feature","geometry":{"type":"Point","coordinates":[-107.0051,40.0573]},"properties":{"s":87.1,"pub":true}},{"type":"Feature","geometry":{"type":"Point","coordinates":[-107.0051,40.0631]},"properties":{"s":61.3,"pub":true}},{"type":"Feature","geometry":{"type":"Point","coordinates":[-106.9976,39.9529]},"properties":{"s":22.6,"pub":false}},{"type":"Feature","geometry":{"type":"Point","coordinates":[-106.9976,39.9587]},"properties":{"s":22.6,"pub":false}},{"type":"Feature","geometry":{"type":"Point","coordinates":[-106.9976,39.9645]},"properties":{"s":22.6,"pub":true}},{"type":"Feature","geometry":{"type":"Point","coordinates":[-106.9976,39.9703]},"properties":{"s":22.6,"pub":true}},{"type":"Feature","geometry":{"type":"Point","coordinates":[-106.9976,39.9761]},"properties":{"s":22.6,"pub":true}},{"type":"Feature","geometry":{"type":"Point","coordinates":[-106.9976,39.9819]},"properties":{"s":22.6,"pub":true}},{"type":"Feature","geometry":{"type":"Point","coordinates":[-106.9976,39.9877]},"properties":{"s":22.6,"pub":true}},{"type":"Feature","geometry":{"type":"Point","coordinates":[-106.9976,39.9935]},"properties":{"s":22.6,"pub":true}},{"type":"Feature","geometry":{"type":"Point","coordinates":[-106.9976,39.9993]},"properties":{"s":22.6,"pub":true}},{"type":"Feature","geometry":{"type":"Point","coordinates":[-106.9976,40.0051]},"properties":{"s":22.6,"pub":true}},{"type":"Feature","geometry":{"type":"Point","coordinates":[-106.9976,40.0109]},"properties":{"s":22.6,"pub":true}},{"type":"Feature","geometry":{"type":"Point","coordinates":[-106.9976,40.0167]},"properties":{"s":22.6,"pub":true}},{"type":"Feature","geometry":{"type":"Point","coordinates":[-106.9976,40.0225]},"properties":{"s":48.4,"pub":true}},{"type":"Feature","geometry":{"type":"Point","coordinates":[-106.9976,40.0283]},"properties":{"s":48.4,"pub":true}},{"type":"Feature","geometry":{"type":"Point","coordinates":[-106.9976,40.0341]},"properties":{"s":48.4,"pub":true}},{"type":"Feature","geometry":{"type":"Point","coordinates":[-106.9976,40.0399]},"properties":{"s":48.4,"pub":true}},{"type":"Feature","geometry":{"type":"Point","coordinates":[-106.9976,40.0457]},"properties":{"s":48.4,"pub":true}},{"type":"Feature","geometry":{"type":"Point","coordinates":[-106.9976,40.0515]},"properties":{"s":48.4,"pub":true}},{"type":"Feature","geometry":{"type":"Point","coordinates":[-106.9976,40.0573]},"properties":{"s":87.1,"pub":true}},{"type":"Feature","geometry":{"type":"Point","coordinates":[-106.9976,40.0631]},"properties":{"s":61.3,"pub":true}},{"type":"Feature","geometry":{"type":"Point","coordinates":[-106.9976,40.0689]},"properties":{"s":61.3,"pub":true}},{"type":"Feature","geometry":{"type":"Point","coordinates":[-106.9901,39.9587]},"properties":{"s":22.6,"pub":false}},{"type":"Feature","geometry":{"type":"Point","coordinates":[-106.9901,39.9645]},"properties":{"s":22.6,"pub":true}},{"type":"Feature","geometry":{"type":"Point","coordinates":[-106.9901,39.9703]},"properties":{"s":22.6,"pub":true}},{"type":"Feature","geometry":{"type":"Point","coordinates":[-106.9901,39.9761]},"properties":{"s":22.6,"pub":true}},{"type":"Feature","geometry":{"type":"Point","coordinates":[-106.9901,39.9819]},"properties":{"s":22.6,"pub":true}},{"type":"Feature","geometry":{"type":"Point","coordinates":[-106.9901,39.9877]},"properties":{"s":22.6,"pub":true}},{"type":"Feature","geometry":{"type":"Point","coordinates":[-106.9901,39.9935]},"properties":{"s":22.6,"pub":true}},{"type":"Feature","geometry":{"type":"Point","coordinates":[-106.9901,39.9993]},"properties":{"s":22.6,"pub":true}},{"type":"Feature","geometry":{"type":"Point","coordinates":[-106.9901,40.0051]},"properties":{"s":22.6,"pub":true}},{"type":"Feature","geometry":{"type":"Point","coordinates":[-106.9901,40.0109]},"properties":{"s":22.6,"pub":true}},{"type":"Feature","geometry":{"type":"Point","coordinates":[-106.9901,40.0167]},"properties":{"s":22.6,"pub":true}},{"type":"Feature","geometry":{"type":"Point","coordinates":[-106.9901,40.0225]},"properties":{"s":48.4,"pub":true}},{"type":"Feature","geometry":{"type":"Point","coordinates":[-106.9901,40.0283]},"properties":{"s":48.4,"pub":true}},{"type":"Feature","geometry":{"type":"Point","coordinates":[-106.9901,40.0341]},"properties":{"s":48.4,"pub":true}},{"type":"Feature","geometry":{"type":"Point","coordinates":[-106.9901,40.0399]},"properties":{"s":48.4,"pub":true}},{"type":"Feature","geometry":{"type":"Point","coordinates":[-106.9901,40.0457]},"properties":{"s":48.4,"pub":true}},{"type":"Feature","geometry":{"type":"Point","coordinates":[-106.9901,40.0515]},"properties":{"s":48.4,"pub":true}},{"type":"Feature","geometry":{"type":"Point","coordinates":[-106.9901,40.0573]},"properties":{"s":87.1,"pub":true}},{"type":"Feature","geometry":{"type":"Point","coordinates":[-106.9901,40.0631]},"properties":{"s":61.3,"pub":true}},{"type":"Feature","geometry":{"type":"Point","coordinates":[-106.9901,40.0689]},"properties":{"s":61.3,"pub":true}},{"type":"Feature","geometry":{"type":"Point","coordinates":[-106.9901,40.0747]},"properties":{"s":61.3,"pub":true}},{"type":"Feature","geometry":{"type":"Point","coordinates":[-106.9826,39.9761]},"properties":{"s":22.6,"pub":true}},{"type":"Feature","geometry":{"type":"Point","coordinates":[-106.9826,39.9819]},"properties":{"s":22.6,"pub":true}},{"type":"Feature","geometry":{"type":"Point","coordinates":[-106.9826,39.9877]},"properties":{"s":22.6,"pub":true}},{"type":"Feature","geometry":{"type":"Point","coordinates":[-106.9826,39.9935]},"properties":{"s":22.6,"pub":true}},{"type":"Feature","geometry":{"type":"Point","coordinates":[-106.9826,39.9993]},"properties":{"s":22.6,"pub":true}},{"type":"Feature","geometry":{"type":"Point","coordinates":[-106.9826,40.0051]},"properties":{"s":22.6,"pub":true}},{"type":"Feature","geometry":{"type":"Point","coordinates":[-106.9826,40.0109]},"properties":{"s":22.6,"pub":true}},{"type":"Feature","geometry":{"type":"Point","coordinates":[-106.9826,40.0167]},"properties":{"s":22.6,"pub":true}},{"type":"Feature","geometry":{"type":"Point","coordinates":[-106.9826,40.0225]},"properties":{"s":48.4,"pub":true}},{"type":"Feature","geometry":{"type":"Point","coordinates":[-106.9826,40.0283]},"properties":{"s":48.4,"pub":true}},{"type":"Feature","geometry":{"type":"Point","coordinates":[-106.9826,40.0341]},"properties":{"s":22.6,"pub":true}},{"type":"Feature","geometry":{"type":"Point","coordinates":[-106.9826,40.0399]},"properties":{"s":22.6,"pub":true}},{"type":"Feature","geometry":{"type":"Point","coordinates":[-106.9826,40.0457]},"properties":{"s":48.4,"pub":true}},{"type":"Feature","geometry":{"type":"Point","coordinates":[-106.9826,40.0515]},"properties":{"s":48.4,"pub":true}},{"type":"Feature","geometry":{"type":"Point","coordinates":[-106.9826,40.0573]},"properties":{"s":22.6,"pub":true}},{"type":"Feature","geometry":{"type":"Point","coordinates":[-106.9826,40.0631]},"properties":{"s":22.6,"pub":true}},{"type":"Feature","geometry":{"type":"Point","coordinates":[-106.9826,40.0689]},"properties":{"s":61.3,"pub":true}},{"type":"Feature","geometry":{"type":"Point","coordinates":[-106.9826,40.0747]},"properties":{"s":61.3,"pub":true}},{"type":"Feature","geometry":{"type":"Point","coordinates":[-106.9826,40.0805]},"properties":{"s":61.3,"pub":true}},{"type":"Feature","geometry":{"type":"Point","coordinates":[-106.9751,39.9935]},"properties":{"s":22.6,"pub":false}},{"type":"Feature","geometry":{"type":"Point","coordinates":[-106.9751,39.9993]},"properties":{"s":22.6,"pub":false}},{"type":"Feature","geometry":{"type":"Point","coordinates":[-106.9751,40.0051]},"properties":{"s":22.6,"pub":false}},{"type":"Feature","geometry":{"type":"Point","coordinates":[-106.9751,40.0109]},"properties":{"s":22.6,"pub":false}},{"type":"Feature","geometry":{"type":"Point","coordinates":[-106.9751,40.0167]},"properties":{"s":22.6,"pub":false}},{"type":"Feature","geometry":{"type":"Point","coordinates":[-106.9751,40.0225]},"properties":{"s":22.6,"pub":false}},{"type":"Feature","geometry":{"type":"Point","coordinates":[-106.9751,40.0283]},"properties":{"s":22.6,"pub":false}},{"type":"Feature","geometry":{"type":"Point","coordinates":[-106.9751,40.0341]},"properties":{"s":22.6,"pub":false}},{"type":"Feature","geometry":{"type":"Point","coordinates":[-106.9751,40.0399]},"properties":{"s":22.6,"pub":false}},{"type":"Feature","geometry":{"type":"Point","coordinates":[-106.9751,40.0457]},"properties":{"s":22.6,"pub":false}},{"type":"Feature","geometry":{"type":"Point","coordinates":[-106.9751,40.0515]},"properties":{"s":22.6,"pub":false}},{"type":"Feature","geometry":{"type":"Point","coordinates":[-106.9751,40.0573]},"properties":{"s":22.6,"pub":false}},{"type":"Feature","geometry":{"type":"Point","coordinates":[-106.9751,40.0631]},"properties":{"s":22.6,"pub":false}},{"type":"Feature","geometry":{"type":"Point","coordinates":[-106.9751,40.0689]},"properties":{"s":22.6,"pub":false}},{"type":"Feature","geometry":{"type":"Point","coordinates":[-106.9751,40.0747]},"properties":{"s":22.6,"pub":false}},{"type":"Feature","geometry":{"type":"Point","coordinates":[-106.9751,40.0805]},"properties":{"s":22.6,"pub":false}},{"type":"Feature","geometry":{"type":"Point","coordinates":[-106.9751,40.0863]},"properties":{"s":61.3,"pub":false}},{"type":"Feature","geometry":{"type":"Point","coordinates":[-106.9676,39.9877]},"properties":{"s":22.6,"pub":false}},{"type":"Feature","geometry":{"type":"Point","coordinates":[-106.9676,39.9935]},"properties":{"s":22.6,"pub":false}},{"type":"Feature","geometry":{"type":"Point","coordinates":[-106.9676,39.9993]},"properties":{"s":22.6,"pub":false}},{"type":"Feature","geometry":{"type":"Point","coordinates":[-106.9676,40.0051]},"properties":{"s":22.6,"pub":false}},{"type":"Feature","geometry":{"type":"Point","coordinates":[-106.9676,40.0109]},"properties":{"s":22.6,"pub":false}},{"type":"Feature","geometry":{"type":"Point","coordinates":[-106.9676,40.0167]},"properties":{"s":22.6,"pub":false}},{"type":"Feature","geometry":{"type":"Point","coordinates":[-106.9676,40.0225]},"properties":{"s":22.6,"pub":false}},{"type":"Feature","geometry":{"type":"Point","coordinates":[-106.9676,40.0283]},"properties":{"s":22.6,"pub":false}},{"type":"Feature","geometry":{"type":"Point","coordinates":[-106.9676,40.0341]},"properties":{"s":22.6,"pub":false}},{"type":"Feature","geometry":{"type":"Point","coordinates":[-106.9676,40.0399]},"properties":{"s":22.6,"pub":false}},{"type":"Feature","geometry":{"type":"Point","coordinates":[-106.9676,40.0457]},"properties":{"s":48.4,"pub":false}},{"type":"Feature","geometry":{"type":"Point","coordinates":[-106.9676,40.0515]},"properties":{"s":48.4,"pub":false}},{"type":"Feature","geometry":{"type":"Point","coordinates":[-106.9676,40.0573]},"properties":{"s":48.4,"pub":false}},{"type":"Feature","geometry":{"type":"Point","coordinates":[-106.9676,40.0631]},"properties":{"s":22.6,"pub":false}},{"type":"Feature","geometry":{"type":"Point","coordinates":[-106.9676,40.0689]},"properties":{"s":22.6,"pub":false}},{"type":"Feature","geometry":{"type":"Point","coordinates":[-106.9676,40.0747]},"properties":{"s":22.6,"pub":false}},{"type":"Feature","geometry":{"type":"Point","coordinates":[-106.9676,40.0805]},"properties":{"s":22.6,"pub":false}},{"type":"Feature","geometry":{"type":"Point","coordinates":[-106.9676,40.0863]},"properties":{"s":22.6,"pub":false}},{"type":"Feature","geometry":{"type":"Point","coordinates":[-106.9676,40.0921]},"properties":{"s":100.0,"pub":false}},{"type":"Feature","geometry":{"type":"Point","coordinates":[-106.9601,39.9877]},"properties":{"s":22.6,"pub":false}},{"type":"Feature","geometry":{"type":"Point","coordinates":[-106.9601,39.9935]},"properties":{"s":22.6,"pub":false}},{"type":"Feature","geometry":{"type":"Point","coordinates":[-106.9601,39.9993]},"properties":{"s":22.6,"pub":false}},{"type":"Feature","geometry":{"type":"Point","coordinates":[-106.9601,40.0051]},"properties":{"s":22.6,"pub":false}},{"type":"Feature","geometry":{"type":"Point","coordinates":[-106.9601,40.0109]},"properties":{"s":22.6,"pub":false}},{"type":"Feature","geometry":{"type":"Point","coordinates":[-106.9601,40.0167]},"properties":{"s":22.6,"pub":false}},{"type":"Feature","geometry":{"type":"Point","coordinates":[-106.9601,40.0225]},"properties":{"s":22.6,"pub":false}},{"type":"Feature","geometry":{"type":"Point","coordinates":[-106.9601,40.0283]},"properties":{"s":22.6,"pub":false}},{"type":"Feature","geometry":{"type":"Point","coordinates":[-106.9601,40.0341]},"properties":{"s":22.6,"pub":false}},{"type":"Feature","geometry":{"type":"Point","coordinates":[-106.9601,40.0399]},"properties":{"s":22.6,"pub":false}},{"type":"Feature","geometry":{"type":"Point","coordinates":[-106.9601,40.0457]},"properties":{"s":48.4,"pub":false}},{"type":"Feature","geometry":{"type":"Point","coordinates":[-106.9601,40.0515]},"properties":{"s":48.4,"pub":false}},{"type":"Feature","geometry":{"type":"Point","coordinates":[-106.9601,40.0573]},"properties":{"s":48.4,"pub":false}},{"type":"Feature","geometry":{"type":"Point","coordinates":[-106.9601,40.0631]},"properties":{"s":22.6,"pub":false}},{"type":"Feature","geometry":{"type":"Point","coordinates":[-106.9601,40.0689]},"properties":{"s":22.6,"pub":false}},{"type":"Feature","geometry":{"type":"Point","coordinates":[-106.9601,40.0747]},"properties":{"s":22.6,"pub":false}},{"type":"Feature","geometry":{"type":"Point","coordinates":[-106.9601,40.0805]},"properties":{"s":22.6,"pub":false}},{"type":"Feature","geometry":{"type":"Point","coordinates":[-106.9601,40.0863]},"properties":{"s":22.6,"pub":false}},{"type":"Feature","geometry":{"type":"Point","coordinates":[-106.9601,40.0921]},"properties":{"s":22.6,"pub":false}},{"type":"Feature","geometry":{"type":"Point","coordinates":[-106.9601,40.0979]},"properties":{"s":22.6,"pub":false}},{"type":"Feature","geometry":{"type":"Point","coordinates":[-106.9526,39.9819]},"properties":{"s":22.6,"pub":false}},{"type":"Feature","geometry":{"type":"Point","coordinates":[-106.9526,39.9877]},"properties":{"s":22.6,"pub":false}},{"type":"Feature","geometry":{"type":"Point","coordinates":[-106.9526,39.9935]},"properties":{"s":22.6,"pub":false}},{"type":"Feature","geometry":{"type":"Point","coordinates":[-106.9526,39.9993]},"properties":{"s":22.6,"pub":false}},{"type":"Feature","geometry":{"type":"Point","coordinates":[-106.9526,40.0051]},"properties":{"s":22.6,"pub":false}},{"type":"Feature","geometry":{"type":"Point","coordinates":[-106.9526,40.0109]},"properties":{"s":22.6,"pub":false}},{"type":"Feature","geometry":{"type":"Point","coordinates":[-106.9526,40.0167]},"properties":{"s":22.6,"pub":false}},{"type":"Feature","geometry":{"type":"Point","coordinates":[-106.9526,40.0225]},"properties":{"s":22.6,"pub":false}},{"type":"Feature","geometry":{"type":"Point","coordinates":[-106.9526,40.0283]},"properties":{"s":22.6,"pub":false}},{"type":"Feature","geometry":{"type":"Point","coordinates":[-106.9526,40.0341]},"properties":{"s":22.6,"pub":false}},{"type":"Feature","geometry":{"type":"Point","coordinates":[-106.9526,40.0399]},"properties":{"s":22.6,"pub":false}},{"type":"Feature","geometry":{"type":"Point","coordinates":[-106.9526,40.0457]},"properties":{"s":48.4,"pub":false}},{"type":"Feature","geometry":{"type":"Point","coordinates":[-106.9526,40.0515]},"properties":{"s":48.4,"pub":false}},{"type":"Feature","geometry":{"type":"Point","coordinates":[-106.9526,40.0573]},"properties":{"s":48.4,"pub":false}},{"type":"Feature","geometry":{"type":"Point","coordinates":[-106.9526,40.0631]},"properties":{"s":48.4,"pub":false}},{"type":"Feature","geometry":{"type":"Point","coordinates":[-106.9526,40.0689]},"properties":{"s":22.6,"pub":false}},{"type":"Feature","geometry":{"type":"Point","coordinates":[-106.9526,40.0747]},"properties":{"s":22.6,"pub":false}},{"type":"Feature","geometry":{"type":"Point","coordinates":[-106.9526,40.0805]},"properties":{"s":22.6,"pub":false}},{"type":"Feature","geometry":{"type":"Point","coordinates":[-106.9526,40.0863]},"properties":{"s":22.6,"pub":false}},{"type":"Feature","geometry":{"type":"Point","coordinates":[-106.9526,40.0921]},"properties":{"s":22.6,"pub":false}},{"type":"Feature","geometry":{"type":"Point","coordinates":[-106.9526,40.0979]},"properties":{"s":22.6,"pub":false}},{"type":"Feature","geometry":{"type":"Point","coordinates":[-106.9526,40.1037]},"properties":{"s":22.6,"pub":false}},{"type":"Feature","geometry":{"type":"Point","coordinates":[-106.9451,39.9703]},"properties":{"s":22.6,"pub":false}},{"type":"Feature","geometry":{"type":"Point","coordinates":[-106.9451,39.9761]},"properties":{"s":22.6,"pub":false}},{"type":"Feature","geometry":{"type":"Point","coordinates":[-106.9451,39.9819]},"properties":{"s":22.6,"pub":false}},{"type":"Feature","geometry":{"type":"Point","coordinates":[-106.9451,39.9877]},"properties":{"s":22.6,"pub":false}},{"type":"Feature","geometry":{"type":"Point","coordinates":[-106.9451,39.9935]},"properties":{"s":22.6,"pub":false}},{"type":"Feature","geometry":{"type":"Point","coordinates":[-106.9451,39.9993]},"properties":{"s":22.6,"pub":false}},{"type":"Feature","geometry":{"type":"Point","coordinates":[-106.9451,40.0051]},"properties":{"s":22.6,"pub":false}},{"type":"Feature","geometry":{"type":"Point","coordinates":[-106.9451,40.0109]},"properties":{"s":22.6,"pub":false}},{"type":"Feature","geometry":{"type":"Point","coordinates":[-106.9451,40.0167]},"properties":{"s":22.6,"pub":false}},{"type":"Feature","geometry":{"type":"Point","coordinates":[-106.9451,40.0225]},"properties":{"s":22.6,"pub":false}},{"type":"Feature","geometry":{"type":"Point","coordinates":[-106.9451,40.0283]},"properties":{"s":22.6,"pub":false}},{"type":"Feature","geometry":{"type":"Point","coordinates":[-106.9451,40.0341]},"properties":{"s":22.6,"pub":false}},{"type":"Feature","geometry":{"type":"Point","coordinates":[-106.9451,40.0399]},"properties":{"s":22.6,"pub":false}},{"type":"Feature","geometry":{"type":"Point","coordinates":[-106.9451,40.0457]},"properties":{"s":48.4,"pub":false}},{"type":"Feature","geometry":{"type":"Point","coordinates":[-106.9451,40.0515]},"properties":{"s":48.4,"pub":false}},{"type":"Feature","geometry":{"type":"Point","coordinates":[-106.9451,40.0573]},"properties":{"s":48.4,"pub":false}},{"type":"Feature","geometry":{"type":"Point","coordinates":[-106.9451,40.0631]},"properties":{"s":48.4,"pub":false}},{"type":"Feature","geometry":{"type":"Point","coordinates":[-106.9451,40.0689]},"properties":{"s":48.4,"pub":false}},{"type":"Feature","geometry":{"type":"Point","coordinates":[-106.9451,40.0747]},"properties":{"s":22.6,"pub":false}},{"type":"Feature","geometry":{"type":"Point","coordinates":[-106.9451,40.0805]},"properties":{"s":22.6,"pub":false}},{"type":"Feature","geometry":{"type":"Point","coordinates":[-106.9451,40.0863]},"properties":{"s":22.6,"pub":false}},{"type":"Feature","geometry":{"type":"Point","coordinates":[-106.9451,40.0921]},"properties":{"s":22.6,"pub":false}},{"type":"Feature","geometry":{"type":"Point","coordinates":[-106.9451,40.0979]},"properties":{"s":22.6,"pub":false}},{"type":"Feature","geometry":{"type":"Point","coordinates":[-106.9451,40.1037]},"properties":{"s":22.6,"pub":false}},{"type":"Feature","geometry":{"type":"Point","coordinates":[-106.9376,39.9587]},"properties":{"s":29.0,"pub":false}},{"type":"Feature","geometry":{"type":"Point","coordinates":[-106.9376,39.9645]},"properties":{"s":22.6,"pub":false}},{"type":"Feature","geometry":{"type":"Point","coordinates":[-106.9376,39.9703]},"properties":{"s":22.6,"pub":false}},{"type":"Feature","geometry":{"type":"Point","coordinates":[-106.9376,39.9761]},"properties":{"s":22.6,"pub":false}},{"type":"Feature","geometry":{"type":"Point","coordinates":[-106.9376,39.9819]},"properties":{"s":22.6,"pub":false}},{"type":"Feature","geometry":{"type":"Point","coordinates":[-106.9376,39.9877]},"properties":{"s":22.6,"pub":false}},{"type":"Feature","geometry":{"type":"Point","coordinates":[-106.9376,39.9935]},"properties":{"s":22.6,"pub":false}},{"type":"Feature","geometry":{"type":"Point","coordinates":[-106.9376,39.9993]},"properties":{"s":22.6,"pub":false}},{"type":"Feature","geometry":{"type":"Point","coordinates":[-106.9376,40.0051]},"properties":{"s":22.6,"pub":false}},{"type":"Feature","geometry":{"type":"Point","coordinates":[-106.9376,40.0109]},"properties":{"s":22.6,"pub":false}},{"type":"Feature","geometry":{"type":"Point","coordinates":[-106.9376,40.0167]},"properties":{"s":22.6,"pub":false}},{"type":"Feature","geometry":{"type":"Point","coordinates":[-106.9376,40.0225]},"properties":{"s":22.6,"pub":false}},{"type":"Feature","geometry":{"type":"Point","coordinates":[-106.9376,40.0283]},"properties":{"s":22.6,"pub":false}},{"type":"Feature","geometry":{"type":"Point","coordinates":[-106.9376,40.0341]},"properties":{"s":22.6,"pub":false}},{"type":"Feature","geometry":{"type":"Point","coordinates":[-106.9376,40.0399]},"properties":{"s":22.6,"pub":false}},{"type":"Feature","geometry":{"type":"Point","coordinates":[-106.9376,40.0457]},"properties":{"s":48.4,"pub":false}},{"type":"Feature","geometry":{"type":"Point","coordinates":[-106.9376,40.0515]},"properties":{"s":48.4,"pub":false}},{"type":"Feature","geometry":{"type":"Point","coordinates":[-106.9376,40.0573]},"properties":{"s":48.4,"pub":false}},{"type":"Feature","geometry":{"type":"Point","coordinates":[-106.9376,40.0631]},"properties":{"s":48.4,"pub":false}},{"type":"Feature","geometry":{"type":"Point","coordinates":[-106.9376,40.0689]},"properties":{"s":48.4,"pub":false}},{"type":"Feature","geometry":{"type":"Point","coordinates":[-106.9376,40.0747]},"properties":{"s":22.6,"pub":false}},{"type":"Feature","geometry":{"type":"Point","coordinates":[-106.9376,40.0805]},"properties":{"s":22.6,"pub":false}},{"type":"Feature","geometry":{"type":"Point","coordinates":[-106.9376,40.0863]},"properties":{"s":22.6,"pub":false}},{"type":"Feature","geometry":{"type":"Point","coordinates":[-106.9376,40.0921]},"properties":{"s":22.6,"pub":false}},{"type":"Feature","geometry":{"type":"Point","coordinates":[-106.9376,40.0979]},"properties":{"s":22.6,"pub":false}},{"type":"Feature","geometry":{"type":"Point","coordinates":[-106.9376,40.1037]},"properties":{"s":22.6,"pub":false}},{"type":"Feature","geometry":{"type":"Point","coordinates":[-106.9376,40.1095]},"properties":{"s":22.6,"pub":false}},{"type":"Feature","geometry":{"type":"Point","coordinates":[-106.9376,40.1153]},"properties":{"s":22.6,"pub":false}},{"type":"Feature","geometry":{"type":"Point","coordinates":[-106.9301,39.9529]},"properties":{"s":29.0,"pub":false}},{"type":"Feature","geometry":{"type":"Point","coordinates":[-106.9301,39.9587]},"properties":{"s":22.6,"pub":false}},{"type":"Feature","geometry":{"type":"Point","coordinates":[-106.9301,39.9645]},"properties":{"s":22.6,"pub":false}},{"type":"Feature","geometry":{"type":"Point","coordinates":[-106.9301,39.9703]},"properties":{"s":22.6,"pub":false}},{"type":"Feature","geometry":{"type":"Point","coordinates":[-106.9301,39.9761]},"properties":{"s":22.6,"pub":false}},{"type":"Feature","geometry":{"type":"Point","coordinates":[-106.9301,39.9819]},"properties":{"s":22.6,"pub":false}},{"type":"Feature","geometry":{"type":"Point","coordinates":[-106.9301,39.9877]},"properties":{"s":22.6,"pub":false}},{"type":"Feature","geometry":{"type":"Point","coordinates":[-106.9301,39.9935]},"properties":{"s":22.6,"pub":false}},{"type":"Feature","geometry":{"type":"Point","coordinates":[-106.9301,39.9993]},"properties":{"s":22.6,"pub":false}},{"type":"Feature","geometry":{"type":"Point","coordinates":[-106.9301,40.0051]},"properties":{"s":22.6,"pub":false}},{"type":"Feature","geometry":{"type":"Point","coordinates":[-106.9301,40.0109]},"properties":{"s":22.6,"pub":false}},{"type":"Feature","geometry":{"type":"Point","coordinates":[-106.9301,40.0167]},"properties":{"s":22.6,"pub":false}},{"type":"Feature","geometry":{"type":"Point","coordinates":[-106.9301,40.0225]},"properties":{"s":22.6,"pub":false}},{"type":"Feature","geometry":{"type":"Point","coordinates":[-106.9301,40.0283]},"properties":{"s":22.6,"pub":false}},{"type":"Feature","geometry":{"type":"Point","coordinates":[-106.9301,40.0341]},"properties":{"s":22.6,"pub":false}},{"type":"Feature","geometry":{"type":"Point","coordinates":[-106.9301,40.0399]},"properties":{"s":22.6,"pub":false}},{"type":"Feature","geometry":{"type":"Point","coordinates":[-106.9301,40.0457]},"properties":{"s":22.6,"pub":false}},{"type":"Feature","geometry":{"type":"Point","coordinates":[-106.9301,40.0515]},"properties":{"s":22.6,"pub":false}},{"type":"Feature","geometry":{"type":"Point","coordinates":[-106.9301,40.0573]},"properties":{"s":48.4,"pub":false}},{"type":"Feature","geometry":{"type":"Point","coordinates":[-106.9301,40.0631]},"properties":{"s":48.4,"pub":false}},{"type":"Feature","geometry":{"type":"Point","coordinates":[-106.9301,40.0689]},"properties":{"s":22.6,"pub":false}},{"type":"Feature","geometry":{"type":"Point","coordinates":[-106.9301,40.0747]},"properties":{"s":22.6,"pub":false}},{"type":"Feature","geometry":{"type":"Point","coordinates":[-106.9301,40.0805]},"properties":{"s":22.6,"pub":false}},{"type":"Feature","geometry":{"type":"Point","coordinates":[-106.9301,40.0863]},"properties":{"s":22.6,"pub":false}},{"type":"Feature","geometry":{"type":"Point","coordinates":[-106.9301,40.0921]},"properties":{"s":22.6,"pub":false}},{"type":"Feature","geometry":{"type":"Point","coordinates":[-106.9301,40.0979]},"properties":{"s":22.6,"pub":false}},{"type":"Feature","geometry":{"type":"Point","coordinates":[-106.9301,40.1037]},"properties":{"s":22.6,"pub":false}},{"type":"Feature","geometry":{"type":"Point","coordinates":[-106.9301,40.1095]},"properties":{"s":22.6,"pub":false}},{"type":"Feature","geometry":{"type":"Point","coordinates":[-106.9301,40.1153]},"properties":{"s":22.6,"pub":false}},{"type":"Feature","geometry":{"type":"Point","coordinates":[-106.9301,40.1211]},"properties":{"s":22.6,"pub":false}},{"type":"Feature","geometry":{"type":"Point","coordinates":[-106.9226,39.9471]},"properties":{"s":29.0,"pub":false}},{"type":"Feature","geometry":{"type":"Point","coordinates":[-106.9226,39.9529]},"properties":{"s":29.0,"pub":false}},{"type":"Feature","geometry":{"type":"Point","coordinates":[-106.9226,39.9587]},"properties":{"s":22.6,"pub":false}},{"type":"Feature","geometry":{"type":"Point","coordinates":[-106.9226,39.9645]},"properties":{"s":22.6,"pub":false}},{"type":"Feature","geometry":{"type":"Point","coordinates":[-106.9226,39.9703]},"properties":{"s":22.6,"pub":false}},{"type":"Feature","geometry":{"type":"Point","coordinates":[-106.9226,39.9761]},"properties":{"s":22.6,"pub":false}},{"type":"Feature","geometry":{"type":"Point","coordinates":[-106.9226,39.9819]},"properties":{"s":22.6,"pub":false}},{"type":"Feature","geometry":{"type":"Point","coordinates":[-106.9226,39.9877]},"properties":{"s":22.6,"pub":false}},{"type":"Feature","geometry":{"type":"Point","coordinates":[-106.9226,39.9935]},"properties":{"s":22.6,"pub":false}},{"type":"Feature","geometry":{"type":"Point","coordinates":[-106.9226,39.9993]},"properties":{"s":22.6,"pub":false}},{"type":"Feature","geometry":{"type":"Point","coordinates":[-106.9226,40.0051]},"properties":{"s":22.6,"pub":false}},{"type":"Feature","geometry":{"type":"Point","coordinates":[-106.9226,40.0109]},"properties":{"s":22.6,"pub":false}},{"type":"Feature","geometry":{"type":"Point","coordinates":[-106.9226,40.0167]},"properties":{"s":22.6,"pub":false}},{"type":"Feature","geometry":{"type":"Point","coordinates":[-106.9226,40.0225]},"properties":{"s":22.6,"pub":false}},{"type":"Feature","geometry":{"type":"Point","coordinates":[-106.9226,40.0283]},"properties":{"s":22.6,"pub":false}},{"type":"Feature","geometry":{"type":"Point","coordinates":[-106.9226,40.0341]},"properties":{"s":22.6,"pub":false}},{"type":"Feature","geometry":{"type":"Point","coordinates":[-106.9226,40.0399]},"properties":{"s":22.6,"pub":false}},{"type":"Feature","geometry":{"type":"Point","coordinates":[-106.9226,40.0457]},"properties":{"s":22.6,"pub":false}},{"type":"Feature","geometry":{"type":"Point","coordinates":[-106.9226,40.0515]},"properties":{"s":22.6,"pub":false}},{"type":"Feature","geometry":{"type":"Point","coordinates":[-106.9226,40.0573]},"properties":{"s":48.4,"pub":false}},{"type":"Feature","geometry":{"type":"Point","coordinates":[-106.9226,40.0631]},"properties":{"s":48.4,"pub":false}},{"type":"Feature","geometry":{"type":"Point","coordinates":[-106.9226,40.0689]},"properties":{"s":22.6,"pub":false}},{"type":"Feature","geometry":{"type":"Point","coordinates":[-106.9226,40.0747]},"properties":{"s":22.6,"pub":false}},{"type":"Feature","geometry":{"type":"Point","coordinates":[-106.9226,40.0805]},"properties":{"s":22.6,"pub":false}},{"type":"Feature","geometry":{"type":"Point","coordinates":[-106.9226,40.0863]},"properties":{"s":22.6,"pub":false}},{"type":"Feature","geometry":{"type":"Point","coordinates":[-106.9226,40.0921]},"properties":{"s":22.6,"pub":false}},{"type":"Feature","geometry":{"type":"Point","coordinates":[-106.9226,40.0979]},"properties":{"s":22.6,"pub":false}},{"type":"Feature","geometry":{"type":"Point","coordinates":[-106.9226,40.1037]},"properties":{"s":22.6,"pub":false}},{"type":"Feature","geometry":{"type":"Point","coordinates":[-106.9226,40.1095]},"properties":{"s":22.6,"pub":false}},{"type":"Feature","geometry":{"type":"Point","coordinates":[-106.9226,40.1153]},"properties":{"s":22.6,"pub":false}},{"type":"Feature","geometry":{"type":"Point","coordinates":[-106.9226,40.1211]},"properties":{"s":22.6,"pub":false}},{"type":"Feature","geometry":{"type":"Point","coordinates":[-106.9151,39.9413]},"properties":{"s":29.0,"pub":false}},{"type":"Feature","geometry":{"type":"Point","coordinates":[-106.9151,39.9471]},"properties":{"s":29.0,"pub":false}},{"type":"Feature","geometry":{"type":"Point","coordinates":[-106.9151,39.9529]},"properties":{"s":22.6,"pub":false}},{"type":"Feature","geometry":{"type":"Point","coordinates":[-106.9151,39.9587]},"properties":{"s":22.6,"pub":false}},{"type":"Feature","geometry":{"type":"Point","coordinates":[-106.9151,39.9645]},"properties":{"s":22.6,"pub":false}},{"type":"Feature","geometry":{"type":"Point","coordinates":[-106.9151,39.9703]},"properties":{"s":22.6,"pub":false}},{"type":"Feature","geometry":{"type":"Point","coordinates":[-106.9151,39.9761]},"properties":{"s":22.6,"pub":false}},{"type":"Feature","geometry":{"type":"Point","coordinates":[-106.9151,39.9819]},"properties":{"s":22.6,"pub":false}},{"type":"Feature","geometry":{"type":"Point","coordinates":[-106.9151,39.9877]},"properties":{"s":22.6,"pub":false}},{"type":"Feature","geometry":{"type":"Point","coordinates":[-106.9151,39.9935]},"properties":{"s":22.6,"pub":true}},{"type":"Feature","geometry":{"type":"Point","coordinates":[-106.9151,39.9993]},"properties":{"s":22.6,"pub":false}},{"type":"Feature","geometry":{"type":"Point","coordinates":[-106.9151,40.0051]},"properties":{"s":22.6,"pub":false}},{"type":"Feature","geometry":{"type":"Point","coordinates":[-106.9151,40.0109]},"properties":{"s":22.6,"pub":false}},{"type":"Feature","geometry":{"type":"Point","coordinates":[-106.9151,40.0167]},"properties":{"s":22.6,"pub":false}},{"type":"Feature","geometry":{"type":"Point","coordinates":[-106.9151,40.0225]},"properties":{"s":22.6,"pub":false}},{"type":"Feature","geometry":{"type":"Point","coordinates":[-106.9151,40.0283]},"properties":{"s":22.6,"pub":false}},{"type":"Feature","geometry":{"type":"Point","coordinates":[-106.9151,40.0341]},"properties":{"s":22.6,"pub":false}},{"type":"Feature","geometry":{"type":"Point","coordinates":[-106.9151,40.0399]},"properties":{"s":22.6,"pub":false}},{"type":"Feature","geometry":{"type":"Point","coordinates":[-106.9151,40.0457]},"properties":{"s":22.6,"pub":false}},{"type":"Feature","geometry":{"type":"Point","coordinates":[-106.9151,40.0515]},"properties":{"s":22.6,"pub":false}},{"type":"Feature","geometry":{"type":"Point","coordinates":[-106.9151,40.0573]},"properties":{"s":48.4,"pub":false}},{"type":"Feature","geometry":{"type":"Point","coordinates":[-106.9151,40.0631]},"properties":{"s":48.4,"pub":false}},{"type":"Feature","geometry":{"type":"Point","coordinates":[-106.9151,40.0689]},"properties":{"s":22.6,"pub":false}},{"type":"Feature","geometry":{"type":"Point","coordinates":[-106.9151,40.0747]},"properties":{"s":22.6,"pub":false}},{"type":"Feature","geometry":{"type":"Point","coordinates":[-106.9151,40.0805]},"properties":{"s":22.6,"pub":false}},{"type":"Feature","geometry":{"type":"Point","coordinates":[-106.9151,40.0863]},"properties":{"s":22.6,"pub":false}},{"type":"Feature","geometry":{"type":"Point","coordinates":[-106.9151,40.0921]},"properties":{"s":22.6,"pub":false}},{"type":"Feature","geometry":{"type":"Point","coordinates":[-106.9151,40.0979]},"properties":{"s":22.6,"pub":false}},{"type":"Feature","geometry":{"type":"Point","coordinates":[-106.9151,40.1037]},"properties":{"s":22.6,"pub":false}},{"type":"Feature","geometry":{"type":"Point","coordinates":[-106.9151,40.1095]},"properties":{"s":22.6,"pub":false}},{"type":"Feature","geometry":{"type":"Point","coordinates":[-106.9151,40.1153]},"properties":{"s":22.6,"pub":false}},{"type":"Feature","geometry":{"type":"Point","coordinates":[-106.9151,40.1211]},"properties":{"s":22.6,"pub":false}},{"type":"Feature","geometry":{"type":"Point","coordinates":[-106.9151,40.1269]},"properties":{"s":22.6,"pub":false}},{"type":"Feature","geometry":{"type":"Point","coordinates":[-106.9076,39.9355]},"properties":{"s":29.0,"pub":false}},{"type":"Feature","geometry":{"type":"Point","coordinates":[-106.9076,39.9413]},"properties":{"s":29.0,"pub":false}},{"type":"Feature","geometry":{"type":"Point","coordinates":[-106.9076,39.9471]},"properties":{"s":22.6,"pub":false}},{"type":"Feature","geometry":{"type":"Point","coordinates":[-106.9076,39.9529]},"properties":{"s":22.6,"pub":false}},{"type":"Feature","geometry":{"type":"Point","coordinates":[-106.9076,39.9587]},"properties":{"s":22.6,"pub":false}},{"type":"Feature","geometry":{"type":"Point","coordinates":[-106.9076,39.9645]},"properties":{"s":22.6,"pub":false}},{"type":"Feature","geometry":{"type":"Point","coordinates":[-106.9076,39.9703]},"properties":{"s":22.6,"pub":false}},{"type":"Feature","geometry":{"type":"Point","coordinates":[-106.9076,39.9761]},"properties":{"s":22.6,"pub":false}},{"type":"Feature","geometry":{"type":"Point","coordinates":[-106.9076,39.9819]},"properties":{"s":22.6,"pub":false}},{"type":"Feature","geometry":{"type":"Point","coordinates":[-106.9076,39.9877]},"properties":{"s":22.6,"pub":false}},{"type":"Feature","geometry":{"type":"Point","coordinates":[-106.9076,39.9935]},"properties":{"s":22.6,"pub":false}},{"type":"Feature","geometry":{"type":"Point","coordinates":[-106.9076,39.9993]},"properties":{"s":22.6,"pub":false}},{"type":"Feature","geometry":{"type":"Point","coordinates":[-106.9076,40.0051]},"properties":{"s":22.6,"pub":false}},{"type":"Feature","geometry":{"type":"Point","coordinates":[-106.9076,40.0109]},"properties":{"s":22.6,"pub":false}},{"type":"Feature","geometry":{"type":"Point","coordinates":[-106.9076,40.0167]},"properties":{"s":22.6,"pub":false}},{"type":"Feature","geometry":{"type":"Point","coordinates":[-106.9076,40.0225]},"properties":{"s":22.6,"pub":false}},{"type":"Feature","geometry":{"type":"Point","coordinates":[-106.9076,40.0283]},"properties":{"s":22.6,"pub":false}},{"type":"Feature","geometry":{"type":"Point","coordinates":[-106.9076,40.0341]},"properties":{"s":22.6,"pub":false}},{"type":"Feature","geometry":{"type":"Point","coordinates":[-106.9076,40.0399]},"properties":{"s":22.6,"pub":false}},{"type":"Feature","geometry":{"type":"Point","coordinates":[-106.9076,40.0457]},"properties":{"s":22.6,"pub":false}},{"type":"Feature","geometry":{"type":"Point","coordinates":[-106.9076,40.0515]},"properties":{"s":22.6,"pub":false}},{"type":"Feature","geometry":{"type":"Point","coordinates":[-106.9076,40.0573]},"properties":{"s":22.6,"pub":false}},{"type":"Feature","geometry":{"type":"Point","coordinates":[-106.9076,40.0631]},"properties":{"s":22.6,"pub":false}},{"type":"Feature","geometry":{"type":"Point","coordinates":[-106.9076,40.0689]},"properties":{"s":22.6,"pub":false}},{"type":"Feature","geometry":{"type":"Point","coordinates":[-106.9076,40.0747]},"properties":{"s":22.6,"pub":false}},{"type":"Feature","geometry":{"type":"Point","coordinates":[-106.9076,40.0805]},"properties":{"s":22.6,"pub":false}},{"type":"Feature","geometry":{"type":"Point","coordinates":[-106.9076,40.0863]},"properties":{"s":22.6,"pub":false}},{"type":"Feature","geometry":{"type":"Point","coordinates":[-106.9076,40.0921]},"properties":{"s":22.6,"pub":false}},{"type":"Feature","geometry":{"type":"Point","coordinates":[-106.9076,40.0979]},"properties":{"s":22.6,"pub":false}},{"type":"Feature","geometry":{"type":"Point","coordinates":[-106.9076,40.1037]},"properties":{"s":22.6,"pub":false}},{"type":"Feature","geometry":{"type":"Point","coordinates":[-106.9076,40.1095]},"properties":{"s":22.6,"pub":false}},{"type":"Feature","geometry":{"type":"Point","coordinates":[-106.9076,40.1153]},"properties":{"s":22.6,"pub":false}},{"type":"Feature","geometry":{"type":"Point","coordinates":[-106.9076,40.1211]},"properties":{"s":22.6,"pub":false}},{"type":"Feature","geometry":{"type":"Point","coordinates":[-106.9076,40.1269]},"properties":{"s":22.6,"pub":false}},{"type":"Feature","geometry":{"type":"Point","coordinates":[-106.9001,39.9297]},"properties":{"s":29.0,"pub":true}},{"type":"Feature","geometry":{"type":"Point","coordinates":[-106.9001,39.9355]},"properties":{"s":29.0,"pub":true}},{"type":"Feature","geometry":{"type":"Point","coordinates":[-106.9001,39.9413]},"properties":{"s":22.6,"pub":false}},{"type":"Feature","geometry":{"type":"Point","coordinates":[-106.9001,39.9471]},"properties":{"s":22.6,"pub":true}},{"type":"Feature","geometry":{"type":"Point","coordinates":[-106.9001,39.9529]},"properties":{"s":22.6,"pub":false}},{"type":"Feature","geometry":{"type":"Point","coordinates":[-106.9001,39.9587]},"properties":{"s":22.6,"pub":false}},{"type":"Feature","geometry":{"type":"Point","coordinates":[-106.9001,39.9645]},"properties":{"s":22.6,"pub":false}},{"type":"Feature","geometry":{"type":"Point","coordinates":[-106.9001,39.9703]},"properties":{"s":22.6,"pub":false}},{"type":"Feature","geometry":{"type":"Point","coordinates":[-106.9001,39.9761]},"properties":{"s":22.6,"pub":false}},{"type":"Feature","geometry":{"type":"Point","coordinates":[-106.9001,39.9819]},"properties":{"s":22.6,"pub":false}},{"type":"Feature","geometry":{"type":"Point","coordinates":[-106.9001,39.9877]},"properties":{"s":22.6,"pub":false}},{"type":"Feature","geometry":{"type":"Point","coordinates":[-106.9001,39.9935]},"properties":{"s":22.6,"pub":false}},{"type":"Feature","geometry":{"type":"Point","coordinates":[-106.9001,39.9993]},"properties":{"s":22.6,"pub":false}},{"type":"Feature","geometry":{"type":"Point","coordinates":[-106.9001,40.0051]},"properties":{"s":22.6,"pub":false}},{"type":"Feature","geometry":{"type":"Point","coordinates":[-106.9001,40.0109]},"properties":{"s":22.6,"pub":false}},{"type":"Feature","geometry":{"type":"Point","coordinates":[-106.9001,40.0167]},"properties":{"s":22.6,"pub":false}},{"type":"Feature","geometry":{"type":"Point","coordinates":[-106.9001,40.0225]},"properties":{"s":22.6,"pub":false}},{"type":"Feature","geometry":{"type":"Point","coordinates":[-106.9001,40.0283]},"properties":{"s":22.6,"pub":false}},{"type":"Feature","geometry":{"type":"Point","coordinates":[-106.9001,40.0341]},"properties":{"s":22.6,"pub":false}},{"type":"Feature","geometry":{"type":"Point","coordinates":[-106.9001,40.0399]},"properties":{"s":22.6,"pub":false}},{"type":"Feature","geometry":{"type":"Point","coordinates":[-106.9001,40.0457]},"properties":{"s":22.6,"pub":false}},{"type":"Feature","geometry":{"type":"Point","coordinates":[-106.9001,40.0515]},"properties":{"s":22.6,"pub":false}},{"type":"Feature","geometry":{"type":"Point","coordinates":[-106.9001,40.0573]},"properties":{"s":22.6,"pub":false}},{"type":"Feature","geometry":{"type":"Point","coordinates":[-106.9001,40.0631]},"properties":{"s":22.6,"pub":false}},{"type":"Feature","geometry":{"type":"Point","coordinates":[-106.9001,40.0689]},"properties":{"s":22.6,"pub":false}},{"type":"Feature","geometry":{"type":"Point","coordinates":[-106.9001,40.0747]},"properties":{"s":22.6,"pub":false}},{"type":"Feature","geometry":{"type":"Point","coordinates":[-106.9001,40.0805]},"properties":{"s":22.6,"pub":false}},{"type":"Feature","geometry":{"type":"Point","coordinates":[-106.9001,40.0863]},"properties":{"s":22.6,"pub":false}},{"type":"Feature","geometry":{"type":"Point","coordinates":[-106.9001,40.0921]},"properties":{"s":22.6,"pub":false}},{"type":"Feature","geometry":{"type":"Point","coordinates":[-106.9001,40.0979]},"properties":{"s":22.6,"pub":true}},{"type":"Feature","geometry":{"type":"Point","coordinates":[-106.9001,40.1037]},"properties":{"s":22.6,"pub":false}},{"type":"Feature","geometry":{"type":"Point","coordinates":[-106.9001,40.1095]},"properties":{"s":22.6,"pub":false}},{"type":"Feature","geometry":{"type":"Point","coordinates":[-106.9001,40.1153]},"properties":{"s":22.6,"pub":false}},{"type":"Feature","geometry":{"type":"Point","coordinates":[-106.9001,40.1211]},"properties":{"s":22.6,"pub":false}},{"type":"Feature","geometry":{"type":"Point","coordinates":[-106.9001,40.1269]},"properties":{"s":22.6,"pub":false}},{"type":"Feature","geometry":{"type":"Point","coordinates":[-106.9001,40.1327]},"properties":{"s":22.6,"pub":false}},{"type":"Feature","geometry":{"type":"Point","coordinates":[-106.9001,40.1385]},"properties":{"s":22.6,"pub":false}},{"type":"Feature","geometry":{"type":"Point","coordinates":[-106.9001,40.1443]},"properties":{"s":22.6,"pub":false}},{"type":"Feature","geometry":{"type":"Point","coordinates":[-106.8926,39.9239]},"properties":{"s":29.0,"pub":true}},{"type":"Feature","geometry":{"type":"Point","coordinates":[-106.8926,39.9297]},"properties":{"s":29.0,"pub":true}},{"type":"Feature","geometry":{"type":"Point","coordinates":[-106.8926,39.9355]},"properties":{"s":22.6,"pub":true}},{"type":"Feature","geometry":{"type":"Point","coordinates":[-106.8926,39.9413]},"properties":{"s":22.6,"pub":true}},{"type":"Feature","geometry":{"type":"Point","coordinates":[-106.8926,39.9471]},"properties":{"s":22.6,"pub":false}},{"type":"Feature","geometry":{"type":"Point","coordinates":[-106.8926,39.9529]},"properties":{"s":22.6,"pub":false}},{"type":"Feature","geometry":{"type":"Point","coordinates":[-106.8926,39.9587]},"properties":{"s":22.6,"pub":false}},{"type":"Feature","geometry":{"type":"Point","coordinates":[-106.8926,39.9645]},"properties":{"s":22.6,"pub":false}},{"type":"Feature","geometry":{"type":"Point","coordinates":[-106.8926,39.9703]},"properties":{"s":22.6,"pub":false}},{"type":"Feature","geometry":{"type":"Point","coordinates":[-106.8926,39.9761]},"properties":{"s":22.6,"pub":false}},{"type":"Feature","geometry":{"type":"Point","coordinates":[-106.8926,39.9819]},"properties":{"s":22.6,"pub":false}},{"type":"Feature","geometry":{"type":"Point","coordinates":[-106.8926,39.9877]},"properties":{"s":22.6,"pub":false}},{"type":"Feature","geometry":{"type":"Point","coordinates":[-106.8926,39.9935]},"properties":{"s":48.4,"pub":false}},{"type":"Feature","geometry":{"type":"Point","coordinates":[-106.8926,39.9993]},"properties":{"s":48.4,"pub":false}},{"type":"Feature","geometry":{"type":"Point","coordinates":[-106.8926,40.0051]},"properties":{"s":48.4,"pub":false}},{"type":"Feature","geometry":{"type":"Point","coordinates":[-106.8926,40.0109]},"properties":{"s":22.6,"pub":false}},{"type":"Feature","geometry":{"type":"Point","coordinates":[-106.8926,40.0167]},"properties":{"s":22.6,"pub":false}},{"type":"Feature","geometry":{"type":"Point","coordinates":[-106.8926,40.0225]},"properties":{"s":22.6,"pub":false}},{"type":"Feature","geometry":{"type":"Point","coordinates":[-106.8926,40.0283]},"properties":{"s":22.6,"pub":false}},{"type":"Feature","geometry":{"type":"Point","coordinates":[-106.8926,40.0341]},"properties":{"s":22.6,"pub":false}},{"type":"Feature","geometry":{"type":"Point","coordinates":[-106.8926,40.0399]},"properties":{"s":22.6,"pub":false}},{"type":"Feature","geometry":{"type":"Point","coordinates":[-106.8926,40.0457]},"properties":{"s":22.6,"pub":false}},{"type":"Feature","geometry":{"type":"Point","coordinates":[-106.8926,40.0515]},"properties":{"s":22.6,"pub":false}},{"type":"Feature","geometry":{"type":"Point","coordinates":[-106.8926,40.0573]},"properties":{"s":22.6,"pub":false}},{"type":"Feature","geometry":{"type":"Point","coordinates":[-106.8926,40.0631]},"properties":{"s":22.6,"pub":false}},{"type":"Feature","geometry":{"type":"Point","coordinates":[-106.8926,40.0689]},"properties":{"s":22.6,"pub":false}},{"type":"Feature","geometry":{"type":"Point","coordinates":[-106.8926,40.0747]},"properties":{"s":22.6,"pub":false}},{"type":"Feature","geometry":{"type":"Point","coordinates":[-106.8926,40.0805]},"properties":{"s":22.6,"pub":false}},{"type":"Feature","geometry":{"type":"Point","coordinates":[-106.8926,40.0863]},"properties":{"s":22.6,"pub":false}},{"type":"Feature","geometry":{"type":"Point","coordinates":[-106.8926,40.0921]},"properties":{"s":22.6,"pub":false}},{"type":"Feature","geometry":{"type":"Point","coordinates":[-106.8926,40.0979]},"properties":{"s":22.6,"pub":false}},{"type":"Feature","geometry":{"type":"Point","coordinates":[-106.8926,40.1037]},"properties":{"s":22.6,"pub":false}},{"type":"Feature","geometry":{"type":"Point","coordinates":[-106.8926,40.1095]},"properties":{"s":22.6,"pub":false}},{"type":"Feature","geometry":{"type":"Point","coordinates":[-106.8926,40.1153]},"properties":{"s":22.6,"pub":false}},{"type":"Feature","geometry":{"type":"Point","coordinates":[-106.8926,40.1211]},"properties":{"s":22.6,"pub":false}},{"type":"Feature","geometry":{"type":"Point","coordinates":[-106.8926,40.1269]},"properties":{"s":22.6,"pub":false}},{"type":"Feature","geometry":{"type":"Point","coordinates":[-106.8926,40.1327]},"properties":{"s":22.6,"pub":false}},{"type":"Feature","geometry":{"type":"Point","coordinates":[-106.8926,40.1385]},"properties":{"s":22.6,"pub":false}},{"type":"Feature","geometry":{"type":"Point","coordinates":[-106.8851,39.9181]},"properties":{"s":29.0,"pub":true}},{"type":"Feature","geometry":{"type":"Point","coordinates":[-106.8851,39.9239]},"properties":{"s":29.0,"pub":true}},{"type":"Feature","geometry":{"type":"Point","coordinates":[-106.8851,39.9297]},"properties":{"s":22.6,"pub":true}},{"type":"Feature","geometry":{"type":"Point","coordinates":[-106.8851,39.9355]},"properties":{"s":22.6,"pub":true}},{"type":"Feature","geometry":{"type":"Point","coordinates":[-106.8851,39.9413]},"properties":{"s":22.6,"pub":false}},{"type":"Feature","geometry":{"type":"Point","coordinates":[-106.8851,39.9471]},"properties":{"s":22.6,"pub":false}},{"type":"Feature","geometry":{"type":"Point","coordinates":[-106.8851,39.9529]},"properties":{"s":22.6,"pub":false}},{"type":"Feature","geometry":{"type":"Point","coordinates":[-106.8851,39.9587]},"properties":{"s":22.6,"pub":false}},{"type":"Feature","geometry":{"type":"Point","coordinates":[-106.8851,39.9645]},"properties":{"s":22.6,"pub":false}},{"type":"Feature","geometry":{"type":"Point","coordinates":[-106.8851,39.9703]},"properties":{"s":22.6,"pub":false}},{"type":"Feature","geometry":{"type":"Point","coordinates":[-106.8851,39.9761]},"properties":{"s":22.6,"pub":false}},{"type":"Feature","geometry":{"type":"Point","coordinates":[-106.8851,39.9819]},"properties":{"s":22.6,"pub":false}},{"type":"Feature","geometry":{"type":"Point","coordinates":[-106.8851,39.9877]},"properties":{"s":22.6,"pub":false}},{"type":"Feature","geometry":{"type":"Point","coordinates":[-106.8851,39.9935]},"properties":{"s":48.4,"pub":false}},{"type":"Feature","geometry":{"type":"Point","coordinates":[-106.8851,39.9993]},"properties":{"s":48.4,"pub":false}},{"type":"Feature","geometry":{"type":"Point","coordinates":[-106.8851,40.0051]},"properties":{"s":48.4,"pub":false}},{"type":"Feature","geometry":{"type":"Point","coordinates":[-106.8851,40.0109]},"properties":{"s":22.6,"pub":false}},{"type":"Feature","geometry":{"type":"Point","coordinates":[-106.8851,40.0167]},"properties":{"s":22.6,"pub":false}},{"type":"Feature","geometry":{"type":"Point","coordinates":[-106.8851,40.0225]},"properties":{"s":22.6,"pub":false}},{"type":"Feature","geometry":{"type":"Point","coordinates":[-106.8851,40.0283]},"properties":{"s":22.6,"pub":false}},{"type":"Feature","geometry":{"type":"Point","coordinates":[-106.8851,40.0341]},"properties":{"s":22.6,"pub":false}},{"type":"Feature","geometry":{"type":"Point","coordinates":[-106.8851,40.0399]},"properties":{"s":22.6,"pub":false}},{"type":"Feature","geometry":{"type":"Point","coordinates":[-106.8851,40.0457]},"properties":{"s":22.6,"pub":false}},{"type":"Feature","geometry":{"type":"Point","coordinates":[-106.8851,40.0515]},"properties":{"s":22.6,"pub":false}},{"type":"Feature","geometry":{"type":"Point","coordinates":[-106.8851,40.0573]},"properties":{"s":22.6,"pub":false}},{"type":"Feature","geometry":{"type":"Point","coordinates":[-106.8851,40.0631]},"properties":{"s":22.6,"pub":false}},{"type":"Feature","geometry":{"type":"Point","coordinates":[-106.8851,40.0689]},"properties":{"s":22.6,"pub":false}},{"type":"Feature","geometry":{"type":"Point","coordinates":[-106.8851,40.0747]},"properties":{"s":22.6,"pub":false}},{"type":"Feature","geometry":{"type":"Point","coordinates":[-106.8851,40.0805]},"properties":{"s":22.6,"pub":false}},{"type":"Feature","geometry":{"type":"Point","coordinates":[-106.8851,40.0863]},"properties":{"s":22.6,"pub":false}},{"type":"Feature","geometry":{"type":"Point","coordinates":[-106.8851,40.0921]},"properties":{"s":22.6,"pub":false}},{"type":"Feature","geometry":{"type":"Point","coordinates":[-106.8851,40.0979]},"properties":{"s":22.6,"pub":false}},{"type":"Feature","geometry":{"type":"Point","coordinates":[-106.8851,40.1037]},"properties":{"s":22.6,"pub":false}},{"type":"Feature","geometry":{"type":"Point","coordinates":[-106.8851,40.1095]},"properties":{"s":22.6,"pub":false}},{"type":"Feature","geometry":{"type":"Point","coordinates":[-106.8776,39.9123]},"properties":{"s":29.0,"pub":true}},{"type":"Feature","geometry":{"type":"Point","coordinates":[-106.8776,39.9181]},"properties":{"s":29.0,"pub":true}},{"type":"Feature","geometry":{"type":"Point","coordinates":[-106.8776,39.9239]},"properties":{"s":22.6,"pub":true}},{"type":"Feature","geometry":{"type":"Point","coordinates":[-106.8776,39.9297]},"properties":{"s":22.6,"pub":true}},{"type":"Feature","geometry":{"type":"Point","coordinates":[-106.8776,39.9355]},"properties":{"s":22.6,"pub":true}},{"type":"Feature","geometry":{"type":"Point","coordinates":[-106.8776,39.9413]},"properties":{"s":22.6,"pub":false}},{"type":"Feature","geometry":{"type":"Point","coordinates":[-106.8776,39.9471]},"properties":{"s":22.6,"pub":false}},{"type":"Feature","geometry":{"type":"Point","coordinates":[-106.8776,39.9529]},"properties":{"s":22.6,"pub":false}},{"type":"Feature","geometry":{"type":"Point","coordinates":[-106.8776,39.9587]},"properties":{"s":22.6,"pub":false}},{"type":"Feature","geometry":{"type":"Point","coordinates":[-106.8776,39.9645]},"properties":{"s":22.6,"pub":false}},{"type":"Feature","geometry":{"type":"Point","coordinates":[-106.8776,39.9703]},"properties":{"s":22.6,"pub":true}},{"type":"Feature","geometry":{"type":"Point","coordinates":[-106.8776,39.9761]},"properties":{"s":22.6,"pub":false}},{"type":"Feature","geometry":{"type":"Point","coordinates":[-106.8776,39.9819]},"properties":{"s":22.6,"pub":false}},{"type":"Feature","geometry":{"type":"Point","coordinates":[-106.8776,39.9877]},"properties":{"s":48.4,"pub":false}},{"type":"Feature","geometry":{"type":"Point","coordinates":[-106.8776,39.9935]},"properties":{"s":48.4,"pub":false}},{"type":"Feature","geometry":{"type":"Point","coordinates":[-106.8776,39.9993]},"properties":{"s":48.4,"pub":false}},{"type":"Feature","geometry":{"type":"Point","coordinates":[-106.8776,40.0051]},"properties":{"s":48.4,"pub":false}},{"type":"Feature","geometry":{"type":"Point","coordinates":[-106.8776,40.0109]},"properties":{"s":22.6,"pub":false}},{"type":"Feature","geometry":{"type":"Point","coordinates":[-106.8776,40.0167]},"properties":{"s":22.6,"pub":false}},{"type":"Feature","geometry":{"type":"Point","coordinates":[-106.8776,40.0225]},"properties":{"s":22.6,"pub":false}},{"type":"Feature","geometry":{"type":"Point","coordinates":[-106.8776,40.0283]},"properties":{"s":22.6,"pub":false}},{"type":"Feature","geometry":{"type":"Point","coordinates":[-106.8776,40.0341]},"properties":{"s":22.6,"pub":false}},{"type":"Feature","geometry":{"type":"Point","coordinates":[-106.8776,40.0399]},"properties":{"s":22.6,"pub":false}},{"type":"Feature","geometry":{"type":"Point","coordinates":[-106.8776,40.0457]},"properties":{"s":22.6,"pub":false}},{"type":"Feature","geometry":{"type":"Point","coordinates":[-106.8776,40.0515]},"properties":{"s":22.6,"pub":false}},{"type":"Feature","geometry":{"type":"Point","coordinates":[-106.8776,40.0573]},"properties":{"s":22.6,"pub":false}},{"type":"Feature","geometry":{"type":"Point","coordinates":[-106.8776,40.0631]},"properties":{"s":22.6,"pub":false}},{"type":"Feature","geometry":{"type":"Point","coordinates":[-106.8776,40.0689]},"properties":{"s":22.6,"pub":false}},{"type":"Feature","geometry":{"type":"Point","coordinates":[-106.8776,40.0747]},"properties":{"s":22.6,"pub":false}},{"type":"Feature","geometry":{"type":"Point","coordinates":[-106.8776,40.0805]},"properties":{"s":22.6,"pub":false}},{"type":"Feature","geometry":{"type":"Point","coordinates":[-106.8776,40.0863]},"properties":{"s":22.6,"pub":false}},{"type":"Feature","geometry":{"type":"Point","coordinates":[-106.8776,40.0921]},"properties":{"s":22.6,"pub":false}},{"type":"Feature","geometry":{"type":"Point","coordinates":[-106.8776,40.0979]},"properties":{"s":22.6,"pub":false}},{"type":"Feature","geometry":{"type":"Point","coordinates":[-106.8701,39.9065]},"properties":{"s":29.0,"pub":true}},{"type":"Feature","geometry":{"type":"Point","coordinates":[-106.8701,39.9123]},"properties":{"s":29.0,"pub":true}},{"type":"Feature","geometry":{"type":"Point","coordinates":[-106.8701,39.9181]},"properties":{"s":29.0,"pub":true}},{"type":"Feature","geometry":{"type":"Point","coordinates":[-106.8701,39.9239]},"properties":{"s":22.6,"pub":true}},{"type":"Feature","geometry":{"type":"Point","coordinates":[-106.8701,39.9297]},"properties":{"s":22.6,"pub":true}},{"type":"Feature","geometry":{"type":"Point","coordinates":[-106.8701,39.9355]},"properties":{"s":22.6,"pub":false}},{"type":"Feature","geometry":{"type":"Point","coordinates":[-106.8701,39.9413]},"properties":{"s":22.6,"pub":false}},{"type":"Feature","geometry":{"type":"Point","coordinates":[-106.8701,39.9471]},"properties":{"s":22.6,"pub":false}},{"type":"Feature","geometry":{"type":"Point","coordinates":[-106.8701,39.9529]},"properties":{"s":22.6,"pub":false}},{"type":"Feature","geometry":{"type":"Point","coordinates":[-106.8701,39.9587]},"properties":{"s":22.6,"pub":false}},{"type":"Feature","geometry":{"type":"Point","coordinates":[-106.8701,39.9645]},"properties":{"s":22.6,"pub":true}},{"type":"Feature","geometry":{"type":"Point","coordinates":[-106.8701,39.9703]},"properties":{"s":48.4,"pub":false}},{"type":"Feature","geometry":{"type":"Point","coordinates":[-106.8701,39.9761]},"properties":{"s":48.4,"pub":false}},{"type":"Feature","geometry":{"type":"Point","coordinates":[-106.8701,39.9819]},"properties":{"s":48.4,"pub":false}},{"type":"Feature","geometry":{"type":"Point","coordinates":[-106.8701,39.9877]},"properties":{"s":48.4,"pub":false}},{"type":"Feature","geometry":{"type":"Point","coordinates":[-106.8701,39.9935]},"properties":{"s":48.4,"pub":false}},{"type":"Feature","geometry":{"type":"Point","coordinates":[-106.8701,39.9993]},"properties":{"s":48.4,"pub":false}},{"type":"Feature","geometry":{"type":"Point","coordinates":[-106.8701,40.0051]},"properties":{"s":48.4,"pub":false}},{"type":"Feature","geometry":{"type":"Point","coordinates":[-106.8701,40.0109]},"properties":{"s":48.4,"pub":false}},{"type":"Feature","geometry":{"type":"Point","coordinates":[-106.8701,40.0167]},"properties":{"s":22.6,"pub":false}},{"type":"Feature","geometry":{"type":"Point","coordinates":[-106.8701,40.0225]},"properties":{"s":22.6,"pub":true}},{"type":"Feature","geometry":{"type":"Point","coordinates":[-106.8701,40.0283]},"properties":{"s":22.6,"pub":false}},{"type":"Feature","geometry":{"type":"Point","coordinates":[-106.8701,40.0341]},"properties":{"s":22.6,"pub":false}},{"type":"Feature","geometry":{"type":"Point","coordinates":[-106.8701,40.0399]},"properties":{"s":22.6,"pub":false}},{"type":"Feature","geometry":{"type":"Point","coordinates":[-106.8701,40.0457]},"properties":{"s":22.6,"pub":false}},{"type":"Feature","geometry":{"type":"Point","coordinates":[-106.8701,40.0515]},"properties":{"s":22.6,"pub":false}},{"type":"Feature","geometry":{"type":"Point","coordinates":[-106.8701,40.0573]},"properties":{"s":22.6,"pub":false}}]}