{"type":"FeatureCollection","features":[{"type":"Feature","geometry":{"type":"Point","coordinates":[-105.6869,39.9412]},"properties":{"s":62.1,"pub":true}},{"type":"Feature","geometry":{"type":"Point","coordinates":[-105.6869,39.947]},"properties":{"s":62.1,"pub":true}},{"type":"Feature","geometry":{"type":"Point","coordinates":[-105.6869,39.9528]},"properties":{"s":62.1,"pub":true}},{"type":"Feature","geometry":{"type":"Point","coordinates":[-105.6869,39.9644]},"properties":{"s":62.1,"pub":true}},{"type":"Feature","geometry":{"type":"Point","coordinates":[-105.6869,39.9702]},"properties":{"s":62.1,"pub":true}},{"type":"Feature","geometry":{"type":"Point","coordinates":[-105.6869,39.976]},"properties":{"s":62.1,"pub":true}},{"type":"Feature","geometry":{"type":"Point","coordinates":[-105.6869,39.9992]},"properties":{"s":62.1,"pub":true}},{"type":"Feature","geometry":{"type":"Point","coordinates":[-105.6869,40.005]},"properties":{"s":62.1,"pub":true}},{"type":"Feature","geometry":{"type":"Point","coordinates":[-105.6869,40.0108]},"properties":{"s":62.1,"pub":true}},{"type":"Feature","geometry":{"type":"Point","coordinates":[-105.6794,39.9354]},"properties":{"s":62.1,"pub":true}},{"type":"Feature","geometry":{"type":"Point","coordinates":[-105.6794,39.9412]},"properties":{"s":62.1,"pub":true}},{"type":"Feature","geometry":{"type":"Point","coordinates":[-105.6794,39.947]},"properties":{"s":62.1,"pub":true}},{"type":"Feature","geometry":{"type":"Point","coordinates":[-105.6794,39.9528]},"properties":{"s":62.1,"pub":true}},{"type":"Feature","geometry":{"type":"Point","coordinates":[-105.6794,39.9586]},"properties":{"s":93.1,"pub":true}},{"type":"Feature","geometry":{"type":"Point","coordinates":[-105.6794,39.9644]},"properties":{"s":65.5,"pub":true}},{"type":"Feature","geometry":{"type":"Point","coordinates":[-105.6794,39.9702]},"properties":{"s":62.1,"pub":true}},{"type":"Feature","geometry":{"type":"Point","coordinates":[-105.6794,39.976]},"properties":{"s":62.1,"pub":true}},{"type":"Feature","geometry":{"type":"Point","coordinates":[-105.6794,39.9818]},"properties":{"s":62.1,"pub":true}},{"type":"Feature","geometry":{"type":"Point","coordinates":[-105.6794,39.9876]},"properties":{"s":62.1,"pub":true}},{"type":"Feature","geometry":{"type":"Point","coordinates":[-105.6794,39.9934]},"properties":{"s":62.1,"pub":true}},{"type":"Feature","geometry":{"type":"Point","coordinates":[-105.6794,39.9992]},"properties":{"s":62.1,"pub":true}},{"type":"Feature","geometry":{"type":"Point","coordinates":[-105.6794,40.005]},"properties":{"s":62.1,"pub":true}},{"type":"Feature","geometry":{"type":"Point","coordinates":[-105.6794,40.0108]},"properties":{"s":62.1,"pub":true}},{"type":"Feature","geometry":{"type":"Point","coordinates":[-105.6719,39.9412]},"properties":{"s":62.1,"pub":true}},{"type":"Feature","geometry":{"type":"Point","coordinates":[-105.6719,39.947]},"properties":{"s":62.1,"pub":true}},{"type":"Feature","geometry":{"type":"Point","coordinates":[-105.6719,39.9528]},"properties":{"s":62.1,"pub":true}},{"type":"Feature","geometry":{"type":"Point","coordinates":[-105.6719,39.9586]},"properties":{"s":93.1,"pub":true}},{"type":"Feature","geometry":{"type":"Point","coordinates":[-105.6719,39.9644]},"properties":{"s":93.1,"pub":true}},{"type":"Feature","geometry":{"type":"Point","coordinates":[-105.6719,39.9702]},"properties":{"s":62.1,"pub":true}},{"type":"Feature","geometry":{"type":"Point","coordinates":[-105.6719,39.976]},"properties":{"s":62.1,"pub":true}},{"type":"Feature","geometry":{"type":"Point","coordinates":[-105.6719,39.9818]},"properties":{"s":62.1,"pub":true}},{"type":"Feature","geometry":{"type":"Point","coordinates":[-105.6719,39.9876]},"properties":{"s":62.1,"pub":true}},{"type":"Feature","geometry":{"type":"Point","coordinates":[-105.6719,39.9934]},"properties":{"s":62.1,"pub":true}},{"type":"Feature","geometry":{"type":"Point","coordinates":[-105.6719,39.9992]},"properties":{"s":62.1,"pub":true}},{"type":"Feature","geometry":{"type":"Point","coordinates":[-105.6719,40.005]},"properties":{"s":62.1,"pub":true}},{"type":"Feature","geometry":{"type":"Point","coordinates":[-105.6719,40.0108]},"properties":{"s":62.1,"pub":true}},{"type":"Feature","geometry":{"type":"Point","coordinates":[-105.6644,39.9296]},"properties":{"s":62.1,"pub":true}},{"type":"Feature","geometry":{"type":"Point","coordinates":[-105.6644,39.9354]},"properties":{"s":62.1,"pub":true}},{"type":"Feature","geometry":{"type":"Point","coordinates":[-105.6644,39.947]},"properties":{"s":62.1,"pub":true}},{"type":"Feature","geometry":{"type":"Point","coordinates":[-105.6644,39.9528]},"properties":{"s":62.1,"pub":true}},{"type":"Feature","geometry":{"type":"Point","coordinates":[-105.6644,39.9586]},"properties":{"s":65.5,"pub":true}},{"type":"Feature","geometry":{"type":"Point","coordinates":[-105.6644,39.9644]},"properties":{"s":93.1,"pub":true}},{"type":"Feature","geometry":{"type":"Point","coordinates":[-105.6644,39.9702]},"properties":{"s":62.1,"pub":true}},{"type":"Feature","geometry":{"type":"Point","coordinates":[-105.6644,39.976]},"properties":{"s":62.1,"pub":true}},{"type":"Feature","geometry":{"type":"Point","coordinates":[-105.6644,39.9818]},"properties":{"s":62.1,"pub":true}},{"type":"Feature","geometry":{"type":"Point","coordinates":[-105.6644,39.9876]},"properties":{"s":62.1,"pub":true}},{"type":"Feature","geometry":{"type":"Point","coordinates":[-105.6644,39.9934]},"properties":{"s":62.1,"pub":true}},{"type":"Feature","geometry":{"type":"Point","coordinates":[-105.6644,39.9992]},"properties":{"s":62.1,"pub":true}},{"type":"Feature","geometry":{"type":"Point","coordinates":[-105.6644,40.005]},"properties":{"s":62.1,"pub":true}},{"type":"Feature","geometry":{"type":"Point","coordinates":[-105.6644,40.0108]},"properties":{"s":62.1,"pub":true}},{"type":"Feature","geometry":{"type":"Point","coordinates":[-105.6569,39.9354]},"properties":{"s":62.1,"pub":true}},{"type":"Feature","geometry":{"type":"Point","coordinates":[-105.6569,39.9412]},"properties":{"s":62.1,"pub":true}},{"type":"Feature","geometry":{"type":"Point","coordinates":[-105.6569,39.947]},"properties":{"s":62.1,"pub":true}},{"type":"Feature","geometry":{"type":"Point","coordinates":[-105.6569,39.9528]},"properties":{"s":62.1,"pub":true}},{"type":"Feature","geometry":{"type":"Point","coordinates":[-105.6569,39.9586]},"properties":{"s":65.5,"pub":true}},{"type":"Feature","geometry":{"type":"Point","coordinates":[-105.6569,39.9644]},"properties":{"s":93.1,"pub":true}},{"type":"Feature","geometry":{"type":"Point","coordinates":[-105.6569,39.9702]},"properties":{"s":65.5,"pub":true}},{"type":"Feature","geometry":{"type":"Point","coordinates":[-105.6569,39.976]},"properties":{"s":65.5,"pub":true}},{"type":"Feature","geometry":{"type":"Point","coordinates":[-105.6569,39.9818]},"properties":{"s":65.5,"pub":true}},{"type":"Feature","geometry":{"type":"Point","coordinates":[-105.6569,39.9876]},"properties":{"s":62.1,"pub":true}},{"type":"Feature","geometry":{"type":"Point","coordinates":[-105.6569,39.9934]},"properties":{"s":62.1,"pub":true}},{"type":"Feature","geometry":{"type":"Point","coordinates":[-105.6569,39.9992]},"properties":{"s":62.1,"pub":true}},{"type":"Feature","geometry":{"type":"Point","coordinates":[-105.6569,40.005]},"properties":{"s":62.1,"pub":true}},{"type":"Feature","geometry":{"type":"Point","coordinates":[-105.6569,40.0108]},"properties":{"s":62.1,"pub":true}},{"type":"Feature","geometry":{"type":"Point","coordinates":[-105.6569,40.0166]},"properties":{"s":62.1,"pub":true}},{"type":"Feature","geometry":{"type":"Point","coordinates":[-105.6494,39.9296]},"properties":{"s":62.1,"pub":true}},{"type":"Feature","geometry":{"type":"Point","coordinates":[-105.6494,39.9354]},"properties":{"s":62.1,"pub":true}},{"type":"Feature","geometry":{"type":"Point","coordinates":[-105.6494,39.9412]},"properties":{"s":62.1,"pub":true}},{"type":"Feature","geometry":{"type":"Point","coordinates":[-105.6494,39.947]},"properties":{"s":62.1,"pub":true}},{"type":"Feature","geometry":{"type":"Point","coordinates":[-105.6494,39.9528]},"properties":{"s":62.1,"pub":true}},{"type":"Feature","geometry":{"type":"Point","coordinates":[-105.6494,39.9586]},"properties":{"s":65.5,"pub":true}},{"type":"Feature","geometry":{"type":"Point","coordinates":[-105.6494,39.9644]},"properties":{"s":65.5,"pub":true}},{"type":"Feature","geometry":{"type":"Point","coordinates":[-105.6494,39.9702]},"properties":{"s":65.5,"pub":true}},{"type":"Feature","geometry":{"type":"Point","coordinates":[-105.6494,39.976]},"properties":{"s":65.5,"pub":true}},{"type":"Feature","geometry":{"type":"Point","coordinates":[-105.6494,39.9818]},"properties":{"s":65.5,"pub":true}},{"type":"Feature","geometry":{"type":"Point","coordinates":[-105.6494,39.9876]},"properties":{"s":62.1,"pub":true}},{"type":"Feature","geometry":{"type":"Point","coordinates":[-105.6494,39.9934]},"properties":{"s":62.1,"pub":true}},{"type":"Feature","geometry":{"type":"Point","coordinates":[-105.6494,39.9992]},"properties":{"s":62.1,"pub":true}},{"type":"Feature","geometry":{"type":"Point","coordinates":[-105.6494,40.005]},"properties":{"s":62.1,"pub":true}},{"type":"Feature","geometry":{"type":"Point","coordinates":[-105.6494,40.0108]},"properties":{"s":62.1,"pub":true}},{"type":"Feature","geometry":{"type":"Point","coordinates":[-105.6494,40.0166]},"properties":{"s":62.1,"pub":false}},{"type":"Feature","geometry":{"type":"Point","coordinates":[-105.6494,40.0224]},"properties":{"s":62.1,"pub":false}},{"type":"Feature","geometry":{"type":"Point","coordinates":[-105.6494,40.0282]},"properties":{"s":62.1,"pub":true}},{"type":"Feature","geometry":{"type":"Point","coordinates":[-105.6494,40.0572]},"properties":{"s":62.1,"pub":true}},{"type":"Feature","geometry":{"type":"Point","coordinates":[-105.6419,39.9238]},"properties":{"s":62.1,"pub":true}},{"type":"Feature","geometry":{"type":"Point","coordinates":[-105.6419,39.9296]},"properties":{"s":62.1,"pub":true}},{"type":"Feature","geometry":{"type":"Point","coordinates":[-105.6419,39.9354]},"properties":{"s":62.1,"pub":true}},{"type":"Feature","geometry":{"type":"Point","coordinates":[-105.6419,39.9412]},"properties":{"s":62.1,"pub":true}},{"type":"Feature","geometry":{"type":"Point","coordinates":[-105.6419,39.947]},"properties":{"s":62.1,"pub":true}},{"type":"Feature","geometry":{"type":"Point","coordinates":[-105.6419,39.9528]},"properties":{"s":62.1,"pub":true}},{"type":"Feature","geometry":{"type":"Point","coordinates":[-105.6419,39.9586]},"properties":{"s":65.5,"pub":true}},{"type":"Feature","geometry":{"type":"Point","coordinates":[-105.6419,39.9644]},"properties":{"s":65.5,"pub":true}},{"type":"Feature","geometry":{"type":"Point","coordinates":[-105.6419,39.9702]},"properties":{"s":65.5,"pub":true}},{"type":"Feature","geometry":{"type":"Point","coordinates":[-105.6419,39.976]},"properties":{"s":65.5,"pub":true}},{"type":"Feature","geometry":{"type":"Point","coordinates":[-105.6419,39.9818]},"properties":{"s":65.5,"pub":true}},{"type":"Feature","geometry":{"type":"Point","coordinates":[-105.6419,39.9876]},"properties":{"s":62.1,"pub":true}},{"type":"Feature","geometry":{"type":"Point","coordinates":[-105.6419,39.9934]},"properties":{"s":62.1,"pub":true}},{"type":"Feature","geometry":{"type":"Point","coordinates":[-105.6419,39.9992]},"properties":{"s":62.1,"pub":true}},{"type":"Feature","geometry":{"type":"Point","coordinates":[-105.6419,40.005]},"properties":{"s":62.1,"pub":true}},{"type":"Feature","geometry":{"type":"Point","coordinates":[-105.6419,40.0108]},"properties":{"s":62.1,"pub":true}},{"type":"Feature","geometry":{"type":"Point","coordinates":[-105.6419,40.0166]},"properties":{"s":62.1,"pub":false}},{"type":"Feature","geometry":{"type":"Point","coordinates":[-105.6419,40.0224]},"properties":{"s":62.1,"pub":false}},{"type":"Feature","geometry":{"type":"Point","coordinates":[-105.6419,40.0282]},"properties":{"s":62.1,"pub":false}},{"type":"Feature","geometry":{"type":"Point","coordinates":[-105.6419,40.0514]},"properties":{"s":62.1,"pub":false}},{"type":"Feature","geometry":{"type":"Point","coordinates":[-105.6419,40.0572]},"properties":{"s":62.1,"pub":true}},{"type":"Feature","geometry":{"type":"Point","coordinates":[-105.6419,40.063]},"properties":{"s":62.1,"pub":true}},{"type":"Feature","geometry":{"type":"Point","coordinates":[-105.6344,39.9238]},"properties":{"s":62.1,"pub":true}},{"type":"Feature","geometry":{"type":"Point","coordinates":[-105.6344,39.9296]},"properties":{"s":62.1,"pub":true}},{"type":"Feature","geometry":{"type":"Point","coordinates":[-105.6344,39.9354]},"properties":{"s":62.1,"pub":true}},{"type":"Feature","geometry":{"type":"Point","coordinates":[-105.6344,39.9412]},"properties":{"s":62.1,"pub":true}},{"type":"Feature","geometry":{"type":"Point","coordinates":[-105.6344,39.947]},"properties":{"s":62.1,"pub":true}},{"type":"Feature","geometry":{"type":"Point","coordinates":[-105.6344,39.9528]},"properties":{"s":62.1,"pub":true}},{"type":"Feature","geometry":{"type":"Point","coordinates":[-105.6344,39.9586]},"properties":{"s":62.1,"pub":true}},{"type":"Feature","geometry":{"type":"Point","coordinates":[-105.6344,39.9644]},"properties":{"s":65.5,"pub":true}},{"type":"Feature","geometry":{"type":"Point","coordinates":[-105.6344,39.9702]},"properties":{"s":65.5,"pub":true}},{"type":"Feature","geometry":{"type":"Point","coordinates":[-105.6344,39.976]},"properties":{"s":65.5,"pub":true}},{"type":"Feature","geometry":{"type":"Point","coordinates":[-105.6344,39.9818]},"properties":{"s":65.5,"pub":true}},{"type":"Feature","geometry":{"type":"Point","coordinates":[-105.6344,39.9876]},"properties":{"s":62.1,"pub":true}},{"type":"Feature","geometry":{"type":"Point","coordinates":[-105.6344,39.9934]},"properties":{"s":62.1,"pub":true}},{"type":"Feature","geometry":{"type":"Point","coordinates":[-105.6344,39.9992]},"properties":{"s":89.7,"pub":true}},{"type":"Feature","geometry":{"type":"Point","coordinates":[-105.6344,40.005]},"properties":{"s":89.7,"pub":true}},{"type":"Feature","geometry":{"type":"Point","coordinates":[-105.6344,40.0108]},"properties":{"s":62.1,"pub":true}},{"type":"Feature","geometry":{"type":"Point","coordinates":[-105.6344,40.0166]},"properties":{"s":62.1,"pub":true}},{"type":"Feature","geometry":{"type":"Point","coordinates":[-105.6344,40.0224]},"properties":{"s":62.1,"pub":false}},{"type":"Feature","geometry":{"type":"Point","coordinates":[-105.6344,40.0282]},"properties":{"s":62.1,"pub":false}},{"type":"Feature","geometry":{"type":"Point","coordinates":[-105.6344,40.034]},"properties":{"s":62.1,"pub":false}},{"type":"Feature","geometry":{"type":"Point","coordinates":[-105.6344,40.0398]},"properties":{"s":62.1,"pub":false}},{"type":"Feature","geometry":{"type":"Point","coordinates":[-105.6344,40.0456]},"properties":{"s":62.1,"pub":false}},{"type":"Feature","geometry":{"type":"Point","coordinates":[-105.6344,40.0514]},"properties":{"s":62.1,"pub":false}},{"type":"Feature","geometry":{"type":"Point","coordinates":[-105.6344,40.0572]},"properties":{"s":62.1,"pub":true}},{"type":"Feature","geometry":{"type":"Point","coordinates":[-105.6344,40.063]},"properties":{"s":62.1,"pub":true}},{"type":"Feature","geometry":{"type":"Point","coordinates":[-105.6344,40.0688]},"properties":{"s":62.1,"pub":true}},{"type":"Feature","geometry":{"type":"Point","coordinates":[-105.6344,40.0746]},"properties":{"s":62.1,"pub":true}},{"type":"Feature","geometry":{"type":"Point","coordinates":[-105.6269,39.9296]},"properties":{"s":62.1,"pub":true}},{"type":"Feature","geometry":{"type":"Point","coordinates":[-105.6269,39.9354]},"properties":{"s":62.1,"pub":true}},{"type":"Feature","geometry":{"type":"Point","coordinates":[-105.6269,39.9412]},"properties":{"s":62.1,"pub":true}},{"type":"Feature","geometry":{"type":"Point","coordinates":[-105.6269,39.947]},"properties":{"s":62.1,"pub":true}},{"type":"Feature","geometry":{"type":"Point","coordinates":[-105.6269,39.9528]},"properties":{"s":62.1,"pub":true}},{"type":"Feature","geometry":{"type":"Point","coordinates":[-105.6269,39.9586]},"properties":{"s":62.1,"pub":true}},{"type":"Feature","geometry":{"type":"Point","coordinates":[-105.6269,39.9644]},"properties":{"s":65.5,"pub":true}},{"type":"Feature","geometry":{"type":"Point","coordinates":[-105.6269,39.9702]},"properties":{"s":65.5,"pub":true}},{"type":"Feature","geometry":{"type":"Point","coordinates":[-105.6269,39.976]},"properties":{"s":65.5,"pub":true}},{"type":"Feature","geometry":{"type":"Point","coordinates":[-105.6269,39.9818]},"properties":{"s":62.1,"pub":true}},{"type":"Feature","geometry":{"type":"Point","coordinates":[-105.6269,39.9876]},"properties":{"s":62.1,"pub":true}},{"type":"Feature","geometry":{"type":"Point","coordinates":[-105.6269,39.9934]},"properties":{"s":89.7,"pub":true}},{"type":"Feature","geometry":{"type":"Point","coordinates":[-105.6269,39.9992]},"properties":{"s":89.7,"pub":true}},{"type":"Feature","geometry":{"type":"Point","coordinates":[-105.6269,40.005]},"properties":{"s":89.7,"pub":true}},{"type":"Feature","geometry":{"type":"Point","coordinates":[-105.6269,40.0108]},"properties":{"s":62.1,"pub":true}},{"type":"Feature","geometry":{"type":"Point","coordinates":[-105.6269,40.0166]},"properties":{"s":62.1,"pub":true}},{"type":"Feature","geometry":{"type":"Point","coordinates":[-105.6269,40.0224]},"properties":{"s":62.1,"pub":false}},{"type":"Feature","geometry":{"type":"Point","coordinates":[-105.6269,40.0282]},"properties":{"s":62.1,"pub":false}},{"type":"Feature","geometry":{"type":"Point","coordinates":[-105.6269,40.034]},"properties":{"s":62.1,"pub":false}},{"type":"Feature","geometry":{"type":"Point","coordinates":[-105.6269,40.0398]},"properties":{"s":62.1,"pub":false}},{"type":"Feature","geometry":{"type":"Point","coordinates":[-105.6269,40.0456]},"properties":{"s":62.1,"pub":false}},{"type":"Feature","geometry":{"type":"Point","coordinates":[-105.6269,40.0514]},"properties":{"s":62.1,"pub":false}},{"type":"Feature","geometry":{"type":"Point","coordinates":[-105.6269,40.0572]},"properties":{"s":62.1,"pub":true}},{"type":"Feature","geometry":{"type":"Point","coordinates":[-105.6269,40.063]},"properties":{"s":62.1,"pub":true}},{"type":"Feature","geometry":{"type":"Point","coordinates":[-105.6269,40.0688]},"properties":{"s":62.1,"pub":true}},{"type":"Feature","geometry":{"type":"Point","coordinates":[-105.6269,40.0746]},"properties":{"s":62.1,"pub":true}},{"type":"Feature","geometry":{"type":"Point","coordinates":[-105.6269,40.0804]},"properties":{"s":62.1,"pub":true}},{"type":"Feature","geometry":{"type":"Point","coordinates":[-105.6194,39.9296]},"properties":{"s":62.1,"pub":true}},{"type":"Feature","geometry":{"type":"Point","coordinates":[-105.6194,39.9354]},"properties":{"s":62.1,"pub":true}},{"type":"Feature","geometry":{"type":"Point","coordinates":[-105.6194,39.9412]},"properties":{"s":89.7,"pub":true}},{"type":"Feature","geometry":{"type":"Point","coordinates":[-105.6194,39.947]},"properties":{"s":89.7,"pub":true}},{"type":"Feature","geometry":{"type":"Point","coordinates":[-105.6194,39.9528]},"properties":{"s":62.1,"pub":true}},{"type":"Feature","geometry":{"type":"Point","coordinates":[-105.6194,39.9586]},"properties":{"s":62.1,"pub":true}},{"type":"Feature","geometry":{"type":"Point","coordinates":[-105.6194,39.9644]},"properties":{"s":65.5,"pub":true}},{"type":"Feature","geometry":{"type":"Point","coordinates":[-105.6194,39.9702]},"properties":{"s":65.5,"pub":true}},{"type":"Feature","geometry":{"type":"Point","coordinates":[-105.6194,39.976]},"properties":{"s":65.5,"pub":true}},{"type":"Feature","geometry":{"type":"Point","coordinates":[-105.6194,39.9818]},"properties":{"s":62.1,"pub":true}},{"type":"Feature","geometry":{"type":"Point","coordinates":[-105.6194,39.9876]},"properties":{"s":89.7,"pub":true}},{"type":"Feature","geometry":{"type":"Point","coordinates":[-105.6194,39.9934]},"properties":{"s":89.7,"pub":true}},{"type":"Feature","geometry":{"type":"Point","coordinates":[-105.6194,39.9992]},"properties":{"s":89.7,"pub":true}},{"type":"Feature","geometry":{"type":"Point","coordinates":[-105.6194,40.005]},"properties":{"s":89.7,"pub":true}},{"type":"Feature","geometry":{"type":"Point","coordinates":[-105.6194,40.0108]},"properties":{"s":89.7,"pub":true}},{"type":"Feature","geometry":{"type":"Point","coordinates":[-105.6194,40.0166]},"properties":{"s":62.1,"pub":false}},{"type":"Feature","geometry":{"type":"Point","coordinates":[-105.6194,40.0224]},"properties":{"s":62.1,"pub":false}},{"type":"Feature","geometry":{"type":"Point","coordinates":[-105.6194,40.0282]},"properties":{"s":62.1,"pub":false}},{"type":"Feature","geometry":{"type":"Point","coordinates":[-105.6194,40.034]},"properties":{"s":62.1,"pub":false}},{"type":"Feature","geometry":{"type":"Point","coordinates":[-105.6194,40.0398]},"properties":{"s":62.1,"pub":false}},{"type":"Feature","geometry":{"type":"Point","coordinates":[-105.6194,40.0456]},"properties":{"s":62.1,"pub":false}},{"type":"Feature","geometry":{"type":"Point","coordinates":[-105.6194,40.0514]},"properties":{"s":62.1,"pub":false}},{"type":"Feature","geometry":{"type":"Point","coordinates":[-105.6194,40.0572]},"properties":{"s":62.1,"pub":false}},{"type":"Feature","geometry":{"type":"Point","coordinates":[-105.6194,40.063]},"properties":{"s":62.1,"pub":true}},{"type":"Feature","geometry":{"type":"Point","coordinates":[-105.6194,40.0688]},"properties":{"s":62.1,"pub":true}},{"type":"Feature","geometry":{"type":"Point","coordinates":[-105.6194,40.0746]},"properties":{"s":62.1,"pub":true}},{"type":"Feature","geometry":{"type":"Point","coordinates":[-105.6194,40.0804]},"properties":{"s":62.1,"pub":true}},{"type":"Feature","geometry":{"type":"Point","coordinates":[-105.6119,39.9238]},"properties":{"s":62.1,"pub":true}},{"type":"Feature","geometry":{"type":"Point","coordinates":[-105.6119,39.9296]},"properties":{"s":62.1,"pub":true}},{"type":"Feature","geometry":{"type":"Point","coordinates":[-105.6119,39.9354]},"properties":{"s":62.1,"pub":true}},{"type":"Feature","geometry":{"type":"Point","coordinates":[-105.6119,39.9412]},"properties":{"s":62.1,"pub":true}},{"type":"Feature","geometry":{"type":"Point","coordinates":[-105.6119,39.947]},"properties":{"s":62.1,"pub":true}},{"type":"Feature","geometry":{"type":"Point","coordinates":[-105.6119,39.9528]},"properties":{"s":62.1,"pub":true}},{"type":"Feature","geometry":{"type":"Point","coordinates":[-105.6119,39.9586]},"properties":{"s":62.1,"pub":true}},{"type":"Feature","geometry":{"type":"Point","coordinates":[-105.6119,39.9644]},"properties":{"s":65.5,"pub":true}},{"type":"Feature","geometry":{"type":"Point","coordinates":[-105.6119,39.9702]},"properties":{"s":65.5,"pub":true}},{"type":"Feature","geometry":{"type":"Point","coordinates":[-105.6119,39.976]},"properties":{"s":62.1,"pub":true}},{"type":"Feature","geometry":{"type":"Point","coordinates":[-105.6119,39.9818]},"properties":{"s":62.1,"pub":true}},{"type":"Feature","geometry":{"type":"Point","coordinates":[-105.6119,39.9876]},"properties":{"s":62.1,"pub":true}},{"type":"Feature","geometry":{"type":"Point","coordinates":[-105.6119,39.9934]},"properties":{"s":89.7,"pub":true}},{"type":"Feature","geometry":{"type":"Point","coordinates":[-105.6119,39.9992]},"properties":{"s":89.7,"pub":true}},{"type":"Feature","geometry":{"type":"Point","coordinates":[-105.6119,40.005]},"properties":{"s":89.7,"pub":true}},{"type":"Feature","geometry":{"type":"Point","coordinates":[-105.6119,40.0108]},"properties":{"s":89.7,"pub":true}},{"type":"Feature","geometry":{"type":"Point","coordinates":[-105.6119,40.0166]},"properties":{"s":89.7,"pub":false}},{"type":"Feature","geometry":{"type":"Point","coordinates":[-105.6119,40.0224]},"properties":{"s":89.7,"pub":false}},{"type":"Feature","geometry":{"type":"Point","coordinates":[-105.6119,40.0282]},"properties":{"s":62.1,"pub":false}},{"type":"Feature","geometry":{"type":"Point","coordinates":[-105.6119,40.034]},"properties":{"s":62.1,"pub":false}},{"type":"Feature","geometry":{"type":"Point","coordinates":[-105.6119,40.0398]},"properties":{"s":62.1,"pub":false}},{"type":"Feature","geometry":{"type":"Point","coordinates":[-105.6119,40.0456]},"properties":{"s":62.1,"pub":false}},{"type":"Feature","geometry":{"type":"Point","coordinates":[-105.6119,40.0514]},"properties":{"s":62.1,"pub":false}},{"type":"Feature","geometry":{"type":"Point","coordinates":[-105.6119,40.0572]},"properties":{"s":62.1,"pub":false}},{"type":"Feature","geometry":{"type":"Point","coordinates":[-105.6119,40.063]},"properties":{"s":62.1,"pub":true}},{"type":"Feature","geometry":{"type":"Point","coordinates":[-105.6119,40.0688]},"properties":{"s":62.1,"pub":true}},{"type":"Feature","geometry":{"type":"Point","coordinates":[-105.6119,40.0746]},"properties":{"s":62.1,"pub":true}},{"type":"Feature","geometry":{"type":"Point","coordinates":[-105.6044,39.9064]},"properties":{"s":65.5,"pub":true}},{"type":"Feature","geometry":{"type":"Point","coordinates":[-105.6044,39.9122]},"properties":{"s":65.5,"pub":true}},{"type":"Feature","geometry":{"type":"Point","coordinates":[-105.6044,39.9238]},"properties":{"s":62.1,"pub":true}},{"type":"Feature","geometry":{"type":"Point","coordinates":[-105.6044,39.9296]},"properties":{"s":62.1,"pub":true}},{"type":"Feature","geometry":{"type":"Point","coordinates":[-105.6044,39.9354]},"properties":{"s":62.1,"pub":true}},{"type":"Feature","geometry":{"type":"Point","coordinates":[-105.6044,39.9412]},"properties":{"s":62.1,"pub":true}},{"type":"Feature","geometry":{"type":"Point","coordinates":[-105.6044,39.947]},"properties":{"s":62.1,"pub":true}},{"type":"Feature","geometry":{"type":"Point","coordinates":[-105.6044,39.9528]},"properties":{"s":62.1,"pub":true}},{"type":"Feature","geometry":{"type":"Point","coordinates":[-105.6044,39.9586]},"properties":{"s":62.1,"pub":true}},{"type":"Feature","geometry":{"type":"Point","coordinates":[-105.6044,39.9644]},"properties":{"s":93.1,"pub":true}},{"type":"Feature","geometry":{"type":"Point","coordinates":[-105.6044,39.9702]},"properties":{"s":93.1,"pub":true}},{"type":"Feature","geometry":{"type":"Point","coordinates":[-105.6044,39.976]},"properties":{"s":62.1,"pub":true}},{"type":"Feature","geometry":{"type":"Point","coordinates":[-105.6044,39.9818]},"properties":{"s":62.1,"pub":true}},{"type":"Feature","geometry":{"type":"Point","coordinates":[-105.6044,39.9876]},"properties":{"s":62.1,"pub":true}},{"type":"Feature","geometry":{"type":"Point","coordinates":[-105.6044,39.9934]},"properties":{"s":89.7,"pub":true}},{"type":"Feature","geometry":{"type":"Point","coordinates":[-105.6044,39.9992]},"properties":{"s":89.7,"pub":true}},{"type":"Feature","geometry":{"type":"Point","coordinates":[-105.6044,40.005]},"properties":{"s":89.7,"pub":true}},{"type":"Feature","geometry":{"type":"Point","coordinates":[-105.6044,40.0108]},"properties":{"s":93.1,"pub":true}},{"type":"Feature","geometry":{"type":"Point","coordinates":[-105.6044,40.0166]},"properties":{"s":93.1,"pub":false}},{"type":"Feature","geometry":{"type":"Point","coordinates":[-105.6044,40.0224]},"properties":{"s":93.1,"pub":false}},{"type":"Feature","geometry":{"type":"Point","coordinates":[-105.6044,40.0282]},"properties":{"s":89.7,"pub":false}},{"type":"Feature","geometry":{"type":"Point","coordinates":[-105.6044,40.034]},"properties":{"s":62.1,"pub":false}},{"type":"Feature","geometry":{"type":"Point","coordinates":[-105.6044,40.0398]},"properties":{"s":62.1,"pub":false}},{"type":"Feature","geometry":{"type":"Point","coordinates":[-105.6044,40.0456]},"properties":{"s":65.5,"pub":false}},{"type":"Feature","geometry":{"type":"Point","coordinates":[-105.6044,40.0514]},"properties":{"s":62.1,"pub":false}},{"type":"Feature","geometry":{"type":"Point","coordinates":[-105.6044,40.0572]},"properties":{"s":62.1,"pub":false}},{"type":"Feature","geometry":{"type":"Point","coordinates":[-105.6044,40.063]},"properties":{"s":62.1,"pub":true}},{"type":"Feature","geometry":{"type":"Point","coordinates":[-105.6044,40.0688]},"properties":{"s":62.1,"pub":true}},{"type":"Feature","geometry":{"type":"Point","coordinates":[-105.6044,40.0746]},"properties":{"s":62.1,"pub":true}},{"type":"Feature","geometry":{"type":"Point","coordinates":[-105.5969,39.9064]},"properties":{"s":69.0,"pub":true}},{"type":"Feature","geometry":{"type":"Point","coordinates":[-105.5969,39.9122]},"properties":{"s":93.1,"pub":true}},{"type":"Feature","geometry":{"type":"Point","coordinates":[-105.5969,39.918]},"properties":{"s":24.1,"pub":true}},{"type":"Feature","geometry":{"type":"Point","coordinates":[-105.5969,39.9238]},"properties":{"s":62.1,"pub":true}},{"type":"Feature","geometry":{"type":"Point","coordinates":[-105.5969,39.9296]},"properties":{"s":62.1,"pub":true}},{"type":"Feature","geometry":{"type":"Point","coordinates":[-105.5969,39.9354]},"properties":{"s":62.1,"pub":true}},{"type":"Feature","geometry":{"type":"Point","coordinates":[-105.5969,39.9412]},"properties":{"s":62.1,"pub":true}},{"type":"Feature","geometry":{"type":"Point","coordinates":[-105.5969,39.947]},"properties":{"s":62.1,"pub":true}},{"type":"Feature","geometry":{"type":"Point","coordinates":[-105.5969,39.9528]},"properties":{"s":62.1,"pub":true}},{"type":"Feature","geometry":{"type":"Point","coordinates":[-105.5969,39.9586]},"properties":{"s":65.5,"pub":true}},{"type":"Feature","geometry":{"type":"Point","coordinates":[-105.5969,39.9644]},"properties":{"s":65.5,"pub":true}},{"type":"Feature","geometry":{"type":"Point","coordinates":[-105.5969,39.9702]},"properties":{"s":65.5,"pub":true}},{"type":"Feature","geometry":{"type":"Point","coordinates":[-105.5969,39.976]},"properties":{"s":62.1,"pub":true}},{"type":"Feature","geometry":{"type":"Point","coordinates":[-105.5969,39.9818]},"properties":{"s":62.1,"pub":true}},{"type":"Feature","geometry":{"type":"Point","coordinates":[-105.5969,39.9876]},"properties":{"s":62.1,"pub":true}},{"type":"Feature","geometry":{"type":"Point","coordinates":[-105.5969,39.9934]},"properties":{"s":62.1,"pub":true}},{"type":"Feature","geometry":{"type":"Point","coordinates":[-105.5969,39.9992]},"properties":{"s":89.7,"pub":true}},{"type":"Feature","geometry":{"type":"Point","coordinates":[-105.5969,40.005]},"properties":{"s":89.7,"pub":true}},{"type":"Feature","geometry":{"type":"Point","coordinates":[-105.5969,40.0108]},"properties":{"s":93.1,"pub":true}},{"type":"Feature","geometry":{"type":"Point","coordinates":[-105.5969,40.0166]},"properties":{"s":93.1,"pub":true}},{"type":"Feature","geometry":{"type":"Point","coordinates":[-105.5969,40.0224]},"properties":{"s":93.1,"pub":false}},{"type":"Feature","geometry":{"type":"Point","coordinates":[-105.5969,40.0282]},"properties":{"s":89.7,"pub":false}},{"type":"Feature","geometry":{"type":"Point","coordinates":[-105.5969,40.034]},"properties":{"s":89.7,"pub":false}},{"type":"Feature","geometry":{"type":"Point","coordinates":[-105.5969,40.0398]},"properties":{"s":93.1,"pub":false}},{"type":"Feature","geometry":{"type":"Point","coordinates":[-105.5969,40.0456]},"properties":{"s":93.1,"pub":false}},{"type":"Feature","geometry":{"type":"Point","coordinates":[-105.5969,40.0514]},"properties":{"s":62.1,"pub":false}},{"type":"Feature","geometry":{"type":"Point","coordinates":[-105.5969,40.0572]},"properties":{"s":62.1,"pub":false}},{"type":"Feature","geometry":{"type":"Point","coordinates":[-105.5969,40.063]},"properties":{"s":62.1,"pub":true}},{"type":"Feature","geometry":{"type":"Point","coordinates":[-105.5969,40.0688]},"properties":{"s":62.1,"pub":true}},{"type":"Feature","geometry":{"type":"Point","coordinates":[-105.5969,40.0746]},"properties":{"s":62.1,"pub":true}},{"type":"Feature","geometry":{"type":"Point","coordinates":[-105.5969,40.0804]},"properties":{"s":62.1,"pub":true}},{"type":"Feature","geometry":{"type":"Point","coordinates":[-105.5894,39.9064]},"properties":{"s":69.0,"pub":true}},{"type":"Feature","geometry":{"type":"Point","coordinates":[-105.5894,39.9122]},"properties":{"s":55.2,"pub":true}},{"type":"Feature","geometry":{"type":"Point","coordinates":[-105.5894,39.918]},"properties":{"s":24.1,"pub":true}},{"type":"Feature","geometry":{"type":"Point","coordinates":[-105.5894,39.9238]},"properties":{"s":24.1,"pub":true}},{"type":"Feature","geometry":{"type":"Point","coordinates":[-105.5894,39.9296]},"properties":{"s":62.1,"pub":true}},{"type":"Feature","geometry":{"type":"Point","coordinates":[-105.5894,39.9354]},"properties":{"s":62.1,"pub":true}},{"type":"Feature","geometry":{"type":"Point","coordinates":[-105.5894,39.9412]},"properties":{"s":62.1,"pub":true}},{"type":"Feature","geometry":{"type":"Point","coordinates":[-105.5894,39.947]},"properties":{"s":62.1,"pub":true}},{"type":"Feature","geometry":{"type":"Point","coordinates":[-105.5894,39.9528]},"properties":{"s":62.1,"pub":true}},{"type":"Feature","geometry":{"type":"Point","coordinates":[-105.5894,39.9586]},"properties":{"s":65.5,"pub":true}},{"type":"Feature","geometry":{"type":"Point","coordinates":[-105.5894,39.9644]},"properties":{"s":65.5,"pub":true}},{"type":"Feature","geometry":{"type":"Point","coordinates":[-105.5894,39.9702]},"properties":{"s":62.1,"pub":true}},{"type":"Feature","geometry":{"type":"Point","coordinates":[-105.5894,39.976]},"properties":{"s":62.1,"pub":true}},{"type":"Feature","geometry":{"type":"Point","coordinates":[-105.5894,39.9818]},"properties":{"s":62.1,"pub":true}},{"type":"Feature","geometry":{"type":"Point","coordinates":[-105.5894,39.9876]},"properties":{"s":62.1,"pub":true}},{"type":"Feature","geometry":{"type":"Point","coordinates":[-105.5894,39.9934]},"properties":{"s":62.1,"pub":true}},{"type":"Feature","geometry":{"type":"Point","coordinates":[-105.5894,39.9992]},"properties":{"s":62.1,"pub":true}},{"type":"Feature","geometry":{"type":"Point","coordinates":[-105.5894,40.005]},"properties":{"s":93.1,"pub":true}},{"type":"Feature","geometry":{"type":"Point","coordinates":[-105.5894,40.0108]},"properties":{"s":93.1,"pub":true}},{"type":"Feature","geometry":{"type":"Point","coordinates":[-105.5894,40.0166]},"properties":{"s":65.5,"pub":true}},{"type":"Feature","geometry":{"type":"Point","coordinates":[-105.5894,40.0224]},"properties":{"s":62.1,"pub":false}},{"type":"Feature","geometry":{"type":"Point","coordinates":[-105.5894,40.0282]},"properties":{"s":89.7,"pub":false}},{"type":"Feature","geometry":{"type":"Point","coordinates":[-105.5894,40.034]},"properties":{"s":93.1,"pub":false}},{"type":"Feature","geometry":{"type":"Point","coordinates":[-105.5894,40.0398]},"properties":{"s":93.1,"pub":false}},{"type":"Feature","geometry":{"type":"Point","coordinates":[-105.5894,40.0456]},"properties":{"s":51.7,"pub":true}},{"type":"Feature","geometry":{"type":"Point","coordinates":[-105.5894,40.0514]},"properties":{"s":24.1,"pub":true}},{"type":"Feature","geometry":{"type":"Point","coordinates":[-105.5894,40.0688]},"properties":{"s":62.1,"pub":true}},{"type":"Feature","geometry":{"type":"Point","coordinates":[-105.5894,40.0746]},"properties":{"s":62.1,"pub":true}},{"type":"Feature","geometry":{"type":"Point","coordinates":[-105.5819,39.9064]},"properties":{"s":27.6,"pub":true}},{"type":"Feature","geometry":{"type":"Point","coordinates":[-105.5819,39.9122]},"properties":{"s":27.6,"pub":true}},{"type":"Feature","geometry":{"type":"Point","coordinates":[-105.5819,39.918]},"properties":{"s":24.1,"pub":true}},{"type":"Feature","geometry":{"type":"Point","coordinates":[-105.5819,39.9238]},"properties":{"s":24.1,"pub":true}},{"type":"Feature","geometry":{"type":"Point","coordinates":[-105.5819,39.9296]},"properties":{"s":62.1,"pub":true}},{"type":"Feature","geometry":{"type":"Point","coordinates":[-105.5819,39.9354]},"properties":{"s":62.1,"pub":true}},{"type":"Feature","geometry":{"type":"Point","coordinates":[-105.5819,39.9412]},"properties":{"s":62.1,"pub":true}},{"type":"Feature","geometry":{"type":"Point","coordinates":[-105.5819,39.947]},"properties":{"s":62.1,"pub":true}},{"type":"Feature","geometry":{"type":"Point","coordinates":[-105.5819,39.9528]},"properties":{"s":24.1,"pub":true}},{"type":"Feature","geometry":{"type":"Point","coordinates":[-105.5819,39.9586]},"properties":{"s":65.5,"pub":true}},{"type":"Feature","geometry":{"type":"Point","coordinates":[-105.5819,39.9644]},"properties":{"s":65.5,"pub":true}},{"type":"Feature","geometry":{"type":"Point","coordinates":[-105.5819,39.9702]},"properties":{"s":62.1,"pub":true}},{"type":"Feature","geometry":{"type":"Point","coordinates":[-105.5819,39.9818]},"properties":{"s":62.1,"pub":true}},{"type":"Feature","geometry":{"type":"Point","coordinates":[-105.5819,39.9876]},"properties":{"s":62.1,"pub":true}},{"type":"Feature","geometry":{"type":"Point","coordinates":[-105.5819,39.9934]},"properties":{"s":62.1,"pub":true}},{"type":"Feature","geometry":{"type":"Point","coordinates":[-105.5819,39.9992]},"properties":{"s":62.1,"pub":true}},{"type":"Feature","geometry":{"type":"Point","coordinates":[-105.5819,40.005]},"properties":{"s":65.5,"pub":true}},{"type":"Feature","geometry":{"type":"Point","coordinates":[-105.5819,40.0108]},"properties":{"s":65.5,"pub":true}},{"type":"Feature","geometry":{"type":"Point","coordinates":[-105.5819,40.0166]},"properties":{"s":62.1,"pub":true}},{"type":"Feature","geometry":{"type":"Point","coordinates":[-105.5819,40.0224]},"properties":{"s":62.1,"pub":true}},{"type":"Feature","geometry":{"type":"Point","coordinates":[-105.5819,40.0282]},"properties":{"s":93.1,"pub":false}},{"type":"Feature","geometry":{"type":"Point","coordinates":[-105.5819,40.034]},"properties":{"s":93.1,"pub":false}},{"type":"Feature","geometry":{"type":"Point","coordinates":[-105.5819,40.0398]},"properties":{"s":93.1,"pub":true}},{"type":"Feature","geometry":{"type":"Point","coordinates":[-105.5819,40.0456]},"properties":{"s":51.7,"pub":true}},{"type":"Feature","geometry":{"type":"Point","coordinates":[-105.5819,40.0514]},"properties":{"s":51.7,"pub":true}},{"type":"Feature","geometry":{"type":"Point","coordinates":[-105.5819,40.0688]},"properties":{"s":62.1,"pub":true}},{"type":"Feature","geometry":{"type":"Point","coordinates":[-105.5819,40.0746]},"properties":{"s":62.1,"pub":true}},{"type":"Feature","geometry":{"type":"Point","coordinates":[-105.5744,39.9122]},"properties":{"s":27.6,"pub":true}},{"type":"Feature","geometry":{"type":"Point","coordinates":[-105.5744,39.918]},"properties":{"s":24.1,"pub":true}},{"type":"Feature","geometry":{"type":"Point","coordinates":[-105.5744,39.9238]},"properties":{"s":24.1,"pub":true}},{"type":"Feature","geometry":{"type":"Point","coordinates":[-105.5744,39.9296]},"properties":{"s":62.1,"pub":true}},{"type":"Feature","geometry":{"type":"Point","coordinates":[-105.5744,39.9354]},"properties":{"s":62.1,"pub":true}},{"type":"Feature","geometry":{"type":"Point","coordinates":[-105.5744,39.9412]},"properties":{"s":62.1,"pub":true}},{"type":"Feature","geometry":{"type":"Point","coordinates":[-105.5744,39.9528]},"properties":{"s":24.1,"pub":true}},{"type":"Feature","geometry":{"type":"Point","coordinates":[-105.5744,39.9586]},"properties":{"s":65.5,"pub":true}},{"type":"Feature","geometry":{"type":"Point","coordinates":[-105.5744,39.9644]},"properties":{"s":62.1,"pub":true}},{"type":"Feature","geometry":{"type":"Point","coordinates":[-105.5744,39.9876]},"properties":{"s":62.1,"pub":false}},{"type":"Feature","geometry":{"type":"Point","coordinates":[-105.5744,39.9934]},"properties":{"s":62.1,"pub":true}},{"type":"Feature","geometry":{"type":"Point","coordinates":[-105.5744,39.9992]},"properties":{"s":65.5,"pub":true}},{"type":"Feature","geometry":{"type":"Point","coordinates":[-105.5744,40.005]},"properties":{"s":65.5,"pub":true}},{"type":"Feature","geometry":{"type":"Point","coordinates":[-105.5744,40.0108]},"properties":{"s":62.1,"pub":true}},{"type":"Feature","geometry":{"type":"Point","coordinates":[-105.5744,40.0166]},"properties":{"s":62.1,"pub":true}},{"type":"Feature","geometry":{"type":"Point","coordinates":[-105.5744,40.0224]},"properties":{"s":62.1,"pub":true}},{"type":"Feature","geometry":{"type":"Point","coordinates":[-105.5744,40.0282]},"properties":{"s":65.5,"pub":false}},{"type":"Feature","geometry":{"type":"Point","coordinates":[-105.5744,40.034]},"properties":{"s":93.1,"pub":false}},{"type":"Feature","geometry":{"type":"Point","coordinates":[-105.5744,40.0398]},"properties":{"s":51.7,"pub":true}},{"type":"Feature","geometry":{"type":"Point","coordinates":[-105.5744,40.0456]},"properties":{"s":51.7,"pub":true}},{"type":"Feature","geometry":{"type":"Point","coordinates":[-105.5744,40.0514]},"properties":{"s":51.7,"pub":true}},{"type":"Feature","geometry":{"type":"Point","coordinates":[-105.5744,40.0572]},"properties":{"s":62.1,"pub":true}},{"type":"Feature","geometry":{"type":"Point","coordinates":[-105.5744,40.063]},"properties":{"s":62.1,"pub":true}},{"type":"Feature","geometry":{"type":"Point","coordinates":[-105.5744,40.0688]},"properties":{"s":62.1,"pub":true}},{"type":"Feature","geometry":{"type":"Point","coordinates":[-105.5744,40.0746]},"properties":{"s":62.1,"pub":true}},{"type":"Feature","geometry":{"type":"Point","coordinates":[-105.5669,39.9122]},"properties":{"s":27.6,"pub":true}},{"type":"Feature","geometry":{"type":"Point","coordinates":[-105.5669,39.918]},"properties":{"s":24.1,"pub":true}},{"type":"Feature","geometry":{"type":"Point","coordinates":[-105.5669,39.9238]},"properties":{"s":24.1,"pub":true}},{"type":"Feature","geometry":{"type":"Point","coordinates":[-105.5669,39.9296]},"properties":{"s":62.1,"pub":true}},{"type":"Feature","geometry":{"type":"Point","coordinates":[-105.5669,39.9354]},"properties":{"s":62.1,"pub":true}},{"type":"Feature","geometry":{"type":"Point","coordinates":[-105.5669,39.9412]},"properties":{"s":62.1,"pub":true}},{"type":"Feature","geometry":{"type":"Point","coordinates":[-105.5669,39.9528]},"properties":{"s":24.1,"pub":true}},{"type":"Feature","geometry":{"type":"Point","coordinates":[-105.5669,39.9586]},"properties":{"s":65.5,"pub":true}},{"type":"Feature","geometry":{"type":"Point","coordinates":[-105.5669,39.9876]},"properties":{"s":62.1,"pub":true}},{"type":"Feature","geometry":{"type":"Point","coordinates":[-105.5669,39.9934]},"properties":{"s":65.5,"pub":true}},{"type":"Feature","geometry":{"type":"Point","coordinates":[-105.5669,39.9992]},"properties":{"s":65.5,"pub":false}},{"type":"Feature","geometry":{"type":"Point","coordinates":[-105.5669,40.005]},"properties":{"s":65.5,"pub":true}},{"type":"Feature","geometry":{"type":"Point","coordinates":[-105.5669,40.0166]},"properties":{"s":62.1,"pub":false}},{"type":"Feature","geometry":{"type":"Point","coordinates":[-105.5669,40.0224]},"properties":{"s":65.5,"pub":false}},{"type":"Feature","geometry":{"type":"Point","coordinates":[-105.5669,40.0282]},"properties":{"s":65.5,"pub":false}},{"type":"Feature","geometry":{"type":"Point","coordinates":[-105.5669,40.034]},"properties":{"s":24.1,"pub":false}},{"type":"Feature","geometry":{"type":"Point","coordinates":[-105.5669,40.0398]},"properties":{"s":24.1,"pub":true}},{"type":"Feature","geometry":{"type":"Point","coordinates":[-105.5669,40.0456]},"properties":{"s":51.7,"pub":true}},{"type":"Feature","geometry":{"type":"Point","coordinates":[-105.5669,40.0514]},"properties":{"s":24.1,"pub":true}},{"type":"Feature","geometry":{"type":"Point","coordinates":[-105.5669,40.0572]},"properties":{"s":62.1,"pub":true}},{"type":"Feature","geometry":{"type":"Point","coordinates":[-105.5669,40.063]},"properties":{"s":89.7,"pub":true}},{"type":"Feature","geometry":{"type":"Point","coordinates":[-105.5669,40.0688]},"properties":{"s":89.7,"pub":true}},{"type":"Feature","geometry":{"type":"Point","coordinates":[-105.5669,40.0746]},"properties":{"s":89.7,"pub":true}},{"type":"Feature","geometry":{"type":"Point","coordinates":[-105.5594,39.9122]},"properties":{"s":27.6,"pub":true}},{"type":"Feature","geometry":{"type":"Point","coordinates":[-105.5594,39.918]},"properties":{"s":27.6,"pub":true}},{"type":"Feature","geometry":{"type":"Point","coordinates":[-105.5594,39.9238]},"properties":{"s":24.1,"pub":true}},{"type":"Feature","geometry":{"type":"Point","coordinates":[-105.5594,39.9296]},"properties":{"s":31.0,"pub":true}},{"type":"Feature","geometry":{"type":"Point","coordinates":[-105.5594,39.9354]},"properties":{"s":24.1,"pub":true}},{"type":"Feature","geometry":{"type":"Point","coordinates":[-105.5594,39.9412]},"properties":{"s":24.1,"pub":true}},{"type":"Feature","geometry":{"type":"Point","coordinates":[-105.5594,39.9528]},"properties":{"s":27.6,"pub":true}},{"type":"Feature","geometry":{"type":"Point","coordinates":[-105.5594,39.9586]},"properties":{"s":27.6,"pub":true}},{"type":"Feature","geometry":{"type":"Point","coordinates":[-105.5594,39.9644]},"properties":{"s":24.1,"pub":true}},{"type":"Feature","geometry":{"type":"Point","coordinates":[-105.5594,39.9702]},"properties":{"s":24.1,"pub":true}},{"type":"Feature","geometry":{"type":"Point","coordinates":[-105.5594,39.976]},"properties":{"s":24.1,"pub":true}},{"type":"Feature","geometry":{"type":"Point","coordinates":[-105.5594,39.9818]},"properties":{"s":24.1,"pub":true}},{"type":"Feature","geometry":{"type":"Point","coordinates":[-105.5594,39.9876]},"properties":{"s":27.6,"pub":false}},{"type":"Feature","geometry":{"type":"Point","coordinates":[-105.5594,39.9934]},"properties":{"s":69.0,"pub":true}},{"type":"Feature","geometry":{"type":"Point","coordinates":[-105.5594,39.9992]},"properties":{"s":69.0,"pub":true}},{"type":"Feature","geometry":{"type":"Point","coordinates":[-105.5594,40.005]},"properties":{"s":27.6,"pub":false}},{"type":"Feature","geometry":{"type":"Point","coordinates":[-105.5594,40.0108]},"properties":{"s":27.6,"pub":false}},{"type":"Feature","geometry":{"type":"Point","coordinates":[-105.5594,40.0166]},"properties":{"s":27.6,"pub":false}},{"type":"Feature","geometry":{"type":"Point","coordinates":[-105.5594,40.0224]},"properties":{"s":24.1,"pub":false}},{"type":"Feature","geometry":{"type":"Point","coordinates":[-105.5594,40.0282]},"properties":{"s":24.1,"pub":false}},{"type":"Feature","geometry":{"type":"Point","coordinates":[-105.5594,40.034]},"properties":{"s":24.1,"pub":true}},{"type":"Feature","geometry":{"type":"Point","coordinates":[-105.5594,40.0398]},"properties":{"s":24.1,"pub":true}},{"type":"Feature","geometry":{"type":"Point","coordinates":[-105.5594,40.0456]},"properties":{"s":24.1,"pub":true}},{"type":"Feature","geometry":{"type":"Point","coordinates":[-105.5594,40.0514]},"properties":{"s":24.1,"pub":true}},{"type":"Feature","geometry":{"type":"Point","coordinates":[-105.5594,40.0572]},"properties":{"s":62.1,"pub":true}},{"type":"Feature","geometry":{"type":"Point","coordinates":[-105.5594,40.063]},"properties":{"s":62.1,"pub":true}},{"type":"Feature","geometry":{"type":"Point","coordinates":[-105.5594,40.0688]},"properties":{"s":89.7,"pub":true}},{"type":"Feature","geometry":{"type":"Point","coordinates":[-105.5594,40.0746]},"properties":{"s":89.7,"pub":true}},{"type":"Feature","geometry":{"type":"Point","coordinates":[-105.5594,40.0804]},"properties":{"s":89.7,"pub":true}},{"type":"Feature","geometry":{"type":"Point","coordinates":[-105.5519,39.918]},"properties":{"s":34.5,"pub":true}},{"type":"Feature","geometry":{"type":"Point","coordinates":[-105.5519,39.9238]},"properties":{"s":34.5,"pub":true}},{"type":"Feature","geometry":{"type":"Point","coordinates":[-105.5519,39.9296]},"properties":{"s":31.0,"pub":true}},{"type":"Feature","geometry":{"type":"Point","coordinates":[-105.5519,39.9354]},"properties":{"s":24.1,"pub":true}},{"type":"Feature","geometry":{"type":"Point","coordinates":[-105.5519,39.9412]},"properties":{"s":24.1,"pub":true}},{"type":"Feature","geometry":{"type":"Point","coordinates":[-105.5519,39.947]},"properties":{"s":34.5,"pub":false}},{"type":"Feature","geometry":{"type":"Point","coordinates":[-105.5519,39.9528]},"properties":{"s":34.5,"pub":true}},{"type":"Feature","geometry":{"type":"Point","coordinates":[-105.5519,39.9586]},"properties":{"s":24.1,"pub":false}},{"type":"Feature","geometry":{"type":"Point","coordinates":[-105.5519,39.9644]},"properties":{"s":24.1,"pub":false}},{"type":"Feature","geometry":{"type":"Point","coordinates":[-105.5519,39.9702]},"properties":{"s":24.1,"pub":true}},{"type":"Feature","geometry":{"type":"Point","coordinates":[-105.5519,39.976]},"properties":{"s":24.1,"pub":false}},{"type":"Feature","geometry":{"type":"Point","coordinates":[-105.5519,39.9818]},"properties":{"s":24.1,"pub":true}},{"type":"Feature","geometry":{"type":"Point","coordinates":[-105.5519,39.9876]},"properties":{"s":27.6,"pub":false}},{"type":"Feature","geometry":{"type":"Point","coordinates":[-105.5519,39.9934]},"properties":{"s":27.6,"pub":true}},{"type":"Feature","geometry":{"type":"Point","coordinates":[-105.5519,39.9992]},"properties":{"s":27.6,"pub":true}},{"type":"Feature","geometry":{"type":"Point","coordinates":[-105.5519,40.005]},"properties":{"s":27.6,"pub":false}},{"type":"Feature","geometry":{"type":"Point","coordinates":[-105.5519,40.0108]},"properties":{"s":27.6,"pub":false}},{"type":"Feature","geometry":{"type":"Point","coordinates":[-105.5519,40.0166]},"properties":{"s":27.6,"pub":false}},{"type":"Feature","geometry":{"type":"Point","coordinates":[-105.5519,40.0224]},"properties":{"s":27.6,"pub":false}},{"type":"Feature","geometry":{"type":"Point","coordinates":[-105.5519,40.0282]},"properties":{"s":24.1,"pub":true}},{"type":"Feature","geometry":{"type":"Point","coordinates":[-105.5519,40.034]},"properties":{"s":24.1,"pub":true}},{"type":"Feature","geometry":{"type":"Point","coordinates":[-105.5519,40.0398]},"properties":{"s":24.1,"pub":true}},{"type":"Feature","geometry":{"type":"Point","coordinates":[-105.5519,40.0456]},"properties":{"s":24.1,"pub":true}},{"type":"Feature","geometry":{"type":"Point","coordinates":[-105.5519,40.0514]},"properties":{"s":24.1,"pub":true}},{"type":"Feature","geometry":{"type":"Point","coordinates":[-105.5519,40.063]},"properties":{"s":62.1,"pub":true}},{"type":"Feature","geometry":{"type":"Point","coordinates":[-105.5519,40.0688]},"properties":{"s":89.7,"pub":true}},{"type":"Feature","geometry":{"type":"Point","coordinates":[-105.5519,40.0746]},"properties":{"s":89.7,"pub":true}},{"type":"Feature","geometry":{"type":"Point","coordinates":[-105.5519,40.0804]},"properties":{"s":89.7,"pub":true}},{"type":"Feature","geometry":{"type":"Point","coordinates":[-105.5444,39.918]},"properties":{"s":34.5,"pub":true}},{"type":"Feature","geometry":{"type":"Point","coordinates":[-105.5444,39.9238]},"properties":{"s":34.5,"pub":true}},{"type":"Feature","geometry":{"type":"Point","coordinates":[-105.5444,39.9296]},"properties":{"s":34.5,"pub":true}},{"type":"Feature","geometry":{"type":"Point","coordinates":[-105.5444,39.9354]},"properties":{"s":34.5,"pub":true}},{"type":"Feature","geometry":{"type":"Point","coordinates":[-105.5444,39.9412]},"properties":{"s":24.1,"pub":true}},{"type":"Feature","geometry":{"type":"Point","coordinates":[-105.5444,39.947]},"properties":{"s":34.5,"pub":false}},{"type":"Feature","geometry":{"type":"Point","coordinates":[-105.5444,39.9528]},"properties":{"s":34.5,"pub":false}},{"type":"Feature","geometry":{"type":"Point","coordinates":[-105.5444,39.9586]},"properties":{"s":31.0,"pub":true}},{"type":"Feature","geometry":{"type":"Point","coordinates":[-105.5444,39.9644]},"properties":{"s":31.0,"pub":false}},{"type":"Feature","geometry":{"type":"Point","coordinates":[-105.5444,39.9702]},"properties":{"s":24.1,"pub":false}},{"type":"Feature","geometry":{"type":"Point","coordinates":[-105.5444,39.976]},"properties":{"s":24.1,"pub":true}},{"type":"Feature","geometry":{"type":"Point","coordinates":[-105.5444,39.9818]},"properties":{"s":24.1,"pub":true}},{"type":"Feature","geometry":{"type":"Point","coordinates":[-105.5444,39.9876]},"properties":{"s":55.2,"pub":false}},{"type":"Feature","geometry":{"type":"Point","coordinates":[-105.5444,39.9934]},"properties":{"s":55.2,"pub":false}},{"type":"Feature","geometry":{"type":"Point","coordinates":[-105.5444,39.9992]},"properties":{"s":55.2,"pub":false}},{"type":"Feature","geometry":{"type":"Point","coordinates":[-105.5444,40.005]},"properties":{"s":55.2,"pub":false}},{"type":"Feature","geometry":{"type":"Point","coordinates":[-105.5444,40.0108]},"properties":{"s":27.6,"pub":false}},{"type":"Feature","geometry":{"type":"Point","coordinates":[-105.5444,40.0166]},"properties":{"s":27.6,"pub":true}},{"type":"Feature","geometry":{"type":"Point","coordinates":[-105.5444,40.0224]},"properties":{"s":27.6,"pub":true}},{"type":"Feature","geometry":{"type":"Point","coordinates":[-105.5444,40.0282]},"properties":{"s":24.1,"pub":true}},{"type":"Feature","geometry":{"type":"Point","coordinates":[-105.5444,40.034]},"properties":{"s":24.1,"pub":true}},{"type":"Feature","geometry":{"type":"Point","coordinates":[-105.5444,40.0398]},"properties":{"s":24.1,"pub":true}},{"type":"Feature","geometry":{"type":"Point","coordinates":[-105.5444,40.0456]},"properties":{"s":24.1,"pub":true}},{"type":"Feature","geometry":{"type":"Point","coordinates":[-105.5444,40.0514]},"properties":{"s":24.1,"pub":true}},{"type":"Feature","geometry":{"type":"Point","coordinates":[-105.5444,40.0746]},"properties":{"s":62.1,"pub":true}},{"type":"Feature","geometry":{"type":"Point","coordinates":[-105.5444,40.0804]},"properties":{"s":89.7,"pub":true}},{"type":"Feature","geometry":{"type":"Point","coordinates":[-105.5369,39.918]},"properties":{"s":34.5,"pub":true}},{"type":"Feature","geometry":{"type":"Point","coordinates":[-105.5369,39.9238]},"properties":{"s":34.5,"pub":true}},{"type":"Feature","geometry":{"type":"Point","coordinates":[-105.5369,39.9296]},"properties":{"s":34.5,"pub":true}},{"type":"Feature","geometry":{"type":"Point","coordinates":[-105.5369,39.9354]},"properties":{"s":34.5,"pub":true}},{"type":"Feature","geometry":{"type":"Point","coordinates":[-105.5369,39.9412]},"properties":{"s":34.5,"pub":true}},{"type":"Feature","geometry":{"type":"Point","coordinates":[-105.5369,39.947]},"properties":{"s":34.5,"pub":true}},{"type":"Feature","geometry":{"type":"Point","coordinates":[-105.5369,39.9528]},"properties":{"s":34.5,"pub":false}},{"type":"Feature","geometry":{"type":"Point","coordinates":[-105.5369,39.9586]},"properties":{"s":58.6,"pub":false}},{"type":"Feature","geometry":{"type":"Point","coordinates":[-105.5369,39.9644]},"properties":{"s":31.0,"pub":false}},{"type":"Feature","geometry":{"type":"Point","coordinates":[-105.5369,39.9702]},"properties":{"s":24.1,"pub":false}},{"type":"Feature","geometry":{"type":"Point","coordinates":[-105.5369,39.976]},"properties":{"s":24.1,"pub":true}},{"type":"Feature","geometry":{"type":"Point","coordinates":[-105.5369,39.9818]},"properties":{"s":24.1,"pub":true}},{"type":"Feature","geometry":{"type":"Point","coordinates":[-105.5369,39.9876]},"properties":{"s":55.2,"pub":false}},{"type":"Feature","geometry":{"type":"Point","coordinates":[-105.5369,39.9934]},"properties":{"s":55.2,"pub":false}},{"type":"Feature","geometry":{"type":"Point","coordinates":[-105.5369,39.9992]},"properties":{"s":55.2,"pub":false}},{"type":"Feature","geometry":{"type":"Point","coordinates":[-105.5369,40.005]},"properties":{"s":55.2,"pub":false}},{"type":"Feature","geometry":{"type":"Point","coordinates":[-105.5369,40.0108]},"properties":{"s":55.2,"pub":false}},{"type":"Feature","geometry":{"type":"Point","coordinates":[-105.5369,40.0166]},"properties":{"s":27.6,"pub":true}},{"type":"Feature","geometry":{"type":"Point","coordinates":[-105.5369,40.0224]},"properties":{"s":27.6,"pub":true}},{"type":"Feature","geometry":{"type":"Point","coordinates":[-105.5369,40.0282]},"properties":{"s":27.6,"pub":true}},{"type":"Feature","geometry":{"type":"Point","coordinates":[-105.5369,40.034]},"properties":{"s":24.1,"pub":true}},{"type":"Feature","geometry":{"type":"Point","coordinates":[-105.5369,40.0398]},"properties":{"s":24.1,"pub":true}},{"type":"Feature","geometry":{"type":"Point","coordinates":[-105.5369,40.0804]},"properties":{"s":62.1,"pub":true}},{"type":"Feature","geometry":{"type":"Point","coordinates":[-105.5294,39.918]},"properties":{"s":27.6,"pub":false}},{"type":"Feature","geometry":{"type":"Point","coordinates":[-105.5294,39.9238]},"properties":{"s":34.5,"pub":true}},{"type":"Feature","geometry":{"type":"Point","coordinates":[-105.5294,39.9296]},"properties":{"s":34.5,"pub":true}},{"type":"Feature","geometry":{"type":"Point","coordinates":[-105.5294,39.9354]},"properties":{"s":34.5,"pub":true}},{"type":"Feature","geometry":{"type":"Point","coordinates":[-105.5294,39.9412]},"properties":{"s":34.5,"pub":true}},{"type":"Feature","geometry":{"type":"Point","coordinates":[-105.5294,39.947]},"properties":{"s":34.5,"pub":true}},{"type":"Feature","geometry":{"type":"Point","coordinates":[-105.5294,39.9528]},"properties":{"s":31.0,"pub":false}},{"type":"Feature","geometry":{"type":"Point","coordinates":[-105.5294,39.9586]},"properties":{"s":58.6,"pub":false}},{"type":"Feature","geometry":{"type":"Point","coordinates":[-105.5294,39.9644]},"properties":{"s":31.0,"pub":false}},{"type":"Feature","geometry":{"type":"Point","coordinates":[-105.5294,39.9702]},"properties":{"s":24.1,"pub":true}},{"type":"Feature","geometry":{"type":"Point","coordinates":[-105.5294,39.976]},"properties":{"s":24.1,"pub":false}},{"type":"Feature","geometry":{"type":"Point","coordinates":[-105.5294,39.9818]},"properties":{"s":24.1,"pub":false}},{"type":"Feature","geometry":{"type":"Point","coordinates":[-105.5294,39.9876]},"properties":{"s":55.2,"pub":false}},{"type":"Feature","geometry":{"type":"Point","coordinates":[-105.5294,39.9934]},"properties":{"s":55.2,"pub":false}},{"type":"Feature","geometry":{"type":"Point","coordinates":[-105.5294,39.9992]},"properties":{"s":55.2,"pub":false}},{"type":"Feature","geometry":{"type":"Point","coordinates":[-105.5294,40.005]},"properties":{"s":55.2,"pub":false}},{"type":"Feature","geometry":{"type":"Point","coordinates":[-105.5294,40.0108]},"properties":{"s":55.2,"pub":true}},{"type":"Feature","geometry":{"type":"Point","coordinates":[-105.5294,40.0166]},"properties":{"s":27.6,"pub":true}},{"type":"Feature","geometry":{"type":"Point","coordinates":[-105.5294,40.0224]},"properties":{"s":27.6,"pub":true}},{"type":"Feature","geometry":{"type":"Point","coordinates":[-105.5294,40.0282]},"properties":{"s":27.6,"pub":true}},{"type":"Feature","geometry":{"type":"Point","coordinates":[-105.5294,40.034]},"properties":{"s":27.6,"pub":true}},{"type":"Feature","geometry":{"type":"Point","coordinates":[-105.5219,39.918]},"properties":{"s":27.6,"pub":false}},{"type":"Feature","geometry":{"type":"Point","coordinates":[-105.5219,39.9238]},"properties":{"s":34.5,"pub":true}},{"type":"Feature","geometry":{"type":"Point","coordinates":[-105.5219,39.9296]},"properties":{"s":34.5,"pub":true}},{"type":"Feature","geometry":{"type":"Point","coordinates":[-105.5219,39.9354]},"properties":{"s":34.5,"pub":true}},{"type":"Feature","geometry":{"type":"Point","coordinates":[-105.5219,39.9412]},"properties":{"s":34.5,"pub":true}},{"type":"Feature","geometry":{"type":"Point","coordinates":[-105.5219,39.947]},"properties":{"s":34.5,"pub":true}},{"type":"Feature","geometry":{"type":"Point","coordinates":[-105.5219,39.9528]},"properties":{"s":31.0,"pub":true}},{"type":"Feature","geometry":{"type":"Point","coordinates":[-105.5219,39.9586]},"properties":{"s":31.0,"pub":false}},{"type":"Feature","geometry":{"type":"Point","coordinates":[-105.5219,39.9644]},"properties":{"s":24.1,"pub":false}},{"type":"Feature","geometry":{"type":"Point","coordinates":[-105.5219,39.9702]},"properties":{"s":24.1,"pub":false}},{"type":"Feature","geometry":{"type":"Point","coordinates":[-105.5219,39.976]},"properties":{"s":24.1,"pub":false}},{"type":"Feature","geometry":{"type":"Point","coordinates":[-105.5219,39.9818]},"properties":{"s":24.1,"pub":false}},{"type":"Feature","geometry":{"type":"Point","coordinates":[-105.5219,39.9876]},"properties":{"s":55.2,"pub":false}},{"type":"Feature","geometry":{"type":"Point","coordinates":[-105.5219,39.9934]},"properties":{"s":55.2,"pub":false}},{"type":"Feature","geometry":{"type":"Point","coordinates":[-105.5219,39.9992]},"properties":{"s":62.1,"pub":false}},{"type":"Feature","geometry":{"type":"Point","coordinates":[-105.5219,40.005]},"properties":{"s":62.1,"pub":false}},{"type":"Feature","geometry":{"type":"Point","coordinates":[-105.5219,40.0108]},"properties":{"s":55.2,"pub":true}},{"type":"Feature","geometry":{"type":"Point","coordinates":[-105.5219,40.0166]},"properties":{"s":27.6,"pub":true}},{"type":"Feature","geometry":{"type":"Point","coordinates":[-105.5219,40.0224]},"properties":{"s":27.6,"pub":true}},{"type":"Feature","geometry":{"type":"Point","coordinates":[-105.5219,40.0282]},"properties":{"s":24.1,"pub":true}},{"type":"Feature","geometry":{"type":"Point","coordinates":[-105.5144,39.918]},"properties":{"s":24.1,"pub":false}},{"type":"Feature","geometry":{"type":"Point","coordinates":[-105.5144,39.9238]},"properties":{"s":34.5,"pub":true}},{"type":"Feature","geometry":{"type":"Point","coordinates":[-105.5144,39.9296]},"properties":{"s":34.5,"pub":false}},{"type":"Feature","geometry":{"type":"Point","coordinates":[-105.5144,39.9354]},"properties":{"s":34.5,"pub":false}},{"type":"Feature","geometry":{"type":"Point","coordinates":[-105.5144,39.9412]},"properties":{"s":34.5,"pub":true}},{"type":"Feature","geometry":{"type":"Point","coordinates":[-105.5144,39.947]},"properties":{"s":34.5,"pub":true}},{"type":"Feature","geometry":{"type":"Point","coordinates":[-105.5144,39.9528]},"properties":{"s":31.0,"pub":true}},{"type":"Feature","geometry":{"type":"Point","coordinates":[-105.5144,39.9586]},"properties":{"s":24.1,"pub":false}},{"type":"Feature","geometry":{"type":"Point","coordinates":[-105.5144,39.9644]},"properties":{"s":24.1,"pub":false}},{"type":"Feature","geometry":{"type":"Point","coordinates":[-105.5144,39.9702]},"properties":{"s":24.1,"pub":false}},{"type":"Feature","geometry":{"type":"Point","coordinates":[-105.5144,39.976]},"properties":{"s":24.1,"pub":false}},{"type":"Feature","geometry":{"type":"Point","coordinates":[-105.5144,39.9818]},"properties":{"s":24.1,"pub":false}},{"type":"Feature","geometry":{"type":"Point","coordinates":[-105.5144,39.9876]},"properties":{"s":55.2,"pub":false}},{"type":"Feature","geometry":{"type":"Point","coordinates":[-105.5144,39.9934]},"properties":{"s":62.1,"pub":false}},{"type":"Feature","geometry":{"type":"Point","coordinates":[-105.5144,39.9992]},"properties":{"s":62.1,"pub":false}},{"type":"Feature","geometry":{"type":"Point","coordinates":[-105.5144,40.005]},"properties":{"s":62.1,"pub":false}},{"type":"Feature","geometry":{"type":"Point","coordinates":[-105.5144,40.0108]},"properties":{"s":62.1,"pub":false}},{"type":"Feature","geometry":{"type":"Point","coordinates":[-105.5144,40.0166]},"properties":{"s":34.5,"pub":true}},{"type":"Feature","geometry":{"type":"Point","coordinates":[-105.5069,39.918]},"properties":{"s":24.1,"pub":false}},{"type":"Feature","geometry":{"type":"Point","coordinates":[-105.5069,39.9238]},"properties":{"s":34.5,"pub":true}},{"type":"Feature","geometry":{"type":"Point","coordinates":[-105.5069,39.9296]},"properties":{"s":34.5,"pub":false}},{"type":"Feature","geometry":{"type":"Point","coordinates":[-105.5069,39.9354]},"properties":{"s":34.5,"pub":false}},{"type":"Feature","geometry":{"type":"Point","coordinates":[-105.5069,39.9412]},"properties":{"s":34.5,"pub":false}},{"type":"Feature","geometry":{"type":"Point","coordinates":[-105.5069,39.947]},"properties":{"s":34.5,"pub":true}},{"type":"Feature","geometry":{"type":"Point","coordinates":[-105.5069,39.9528]},"properties":{"s":31.0,"pub":true}},{"type":"Feature","geometry":{"type":"Point","coordinates":[-105.5069,39.9818]},"properties":{"s":24.1,"pub":false}},{"type":"Feature","geometry":{"type":"Point","coordinates":[-105.5069,39.9876]},"properties":{"s":27.6,"pub":false}},{"type":"Feature","geometry":{"type":"Point","coordinates":[-105.5069,39.9934]},"properties":{"s":62.1,"pub":false}},{"type":"Feature","geometry":{"type":"Point","coordinates":[-105.5069,39.9992]},"properties":{"s":62.1,"pub":false}},{"type":"Feature","geometry":{"type":"Point","coordinates":[-105.5069,40.005]},"properties":{"s":62.1,"pub":true}},{"type":"Feature","geometry":{"type":"Point","coordinates":[-105.5069,40.0108]},"properties":{"s":34.5,"pub":false}},{"type":"Feature","geometry":{"type":"Point","coordinates":[-105.4994,39.9412]},"properties":{"s":34.5,"pub":false}},{"type":"Feature","geometry":{"type":"Point","coordinates":[-105.4994,39.947]},"properties":{"s":34.5,"pub":false}},{"type":"Feature","geometry":{"type":"Point","coordinates":[-105.4994,39.9528]},"properties":{"s":31.0,"pub":true}},{"type":"Feature","geometry":{"type":"Point","coordinates":[-105.4994,39.9876]},"properties":{"s":34.5,"pub":false}},{"type":"Feature","geometry":{"type":"Point","coordinates":[-105.4994,39.9934]},"properties":{"s":34.5,"pub":false}},{"type":"Feature","geometry":{"type":"Point","coordinates":[-105.4919,39.947]},"properties":{"s":34.5,"pub":false}},{"type":"Feature","geometry":{"type":"Point","coordinates":[-105.4919,39.9528]},"properties":{"s":31.0,"pub":false}},{"type":"Feature","geometry":{"type":"Point","coordinates":[-105.4844,39.9412]},"properties":{"s":34.5,"pub":false}},{"type":"Feature","geometry":{"type":"Point","coordinates":[-105.4844,39.947]},"properties":{"s":34.5,"pub":false}},{"type":"Feature","geometry":{"type":"Point","coordinates":[-105.4844,39.9528]},"properties":{"s":34.5,"pub":false}},{"type":"Feature","geometry":{"type":"Point","coordinates":[-105.4769,39.9412]},"properties":{"s":34.5,"pub":false}},{"type":"Feature","geometry":{"type":"Point","coordinates":[-105.4769,39.947]},"properties":{"s":34.5,"pub":true}},{"type":"Feature","geometry":{"type":"Point","coordinates":[-105.4769,39.9528]},"properties":{"s":62.1,"pub":true}},{"type":"Feature","geometry":{"type":"Point","coordinates":[-105.4769,39.9586]},"properties":{"s":31.0,"pub":true}},{"type":"Feature","geometry":{"type":"Point","coordinates":[-105.4694,39.9354]},"properties":{"s":34.5,"pub":false}},{"type":"Feature","geometry":{"type":"Point","coordinates":[-105.4694,39.9412]},"properties":{"s":34.5,"pub":true}},{"type":"Feature","geometry":{"type":"Point","coordinates":[-105.4694,39.947]},"properties":{"s":62.1,"pub":true}},{"type":"Feature","geometry":{"type":"Point","coordinates":[-105.4694,39.9528]},"properties":{"s":62.1,"pub":false}},{"type":"Feature","geometry":{"type":"Point","coordinates":[-105.4694,39.9586]},"properties":{"s":31.0,"pub":true}},{"type":"Feature","geometry":{"type":"Point","coordinates":[-105.4619,39.9354]},"properties":{"s":31.0,"pub":false}},{"type":"Feature","geometry":{"type":"Point","coordinates":[-105.4619,39.9412]},"properties":{"s":34.5,"pub":false}},{"type":"Feature","geometry":{"type":"Point","coordinates":[-105.4619,39.947]},"properties":{"s":62.1,"pub":false}},{"type":"Feature","geometry":{"type":"Point","coordinates":[-105.4619,39.9528]},"properties":{"s":62.1,"pub":false}},{"type":"Feature","geometry":{"type":"Point","coordinates":[-105.4619,39.9586]},"properties":{"s":34.5,"pub":true}},{"type":"Feature","geometry":{"type":"Point","coordinates":[-105.4619,39.9644]},"properties":{"s":31.0,"pub":true}},{"type":"Feature","geometry":{"type":"Point","coordinates":[-105.4619,39.9702]},"properties":{"s":24.1,"pub":true}},{"type":"Feature","geometry":{"type":"Point","coordinates":[-105.4544,39.9354]},"properties":{"s":31.0,"pub":false}},{"type":"Feature","geometry":{"type":"Point","coordinates":[-105.4544,39.9412]},"properties":{"s":34.5,"pub":false}},{"type":"Feature","geometry":{"type":"Point","coordinates":[-105.4544,39.947]},"properties":{"s":62.1,"pub":false}},{"type":"Feature","geometry":{"type":"Point","coordinates":[-105.4544,39.9528]},"properties":{"s":62.1,"pub":false}},{"type":"Feature","geometry":{"type":"Point","coordinates":[-105.4544,39.9586]},"properties":{"s":62.1,"pub":true}},{"type":"Feature","geometry":{"type":"Point","coordinates":[-105.4544,39.9644]},"properties":{"s":34.5,"pub":true}},{"type":"Feature","geometry":{"type":"Point","coordinates":[-105.4544,39.9702]},"properties":{"s":31.0,"pub":true}},{"type":"Feature","geometry":{"type":"Point","coordinates":[-105.4469,39.9412]},"properties":{"s":34.5,"pub":false}},{"type":"Feature","geometry":{"type":"Point","coordinates":[-105.4469,39.947]},"properties":{"s":34.5,"pub":false}},{"type":"Feature","geometry":{"type":"Point","coordinates":[-105.4469,39.9528]},"properties":{"s":62.1,"pub":false}},{"type":"Feature","geometry":{"type":"Point","coordinates":[-105.4469,39.9586]},"properties":{"s":62.1,"pub":true}},{"type":"Feature","geometry":{"type":"Point","coordinates":[-105.4469,39.9644]},"properties":{"s":62.1,"pub":true}},{"type":"Feature","geometry":{"type":"Point","coordinates":[-105.4469,39.9702]},"properties":{"s":31.0,"pub":true}},{"type":"Feature","geometry":{"type":"Point","coordinates":[-105.4469,39.976]},"properties":{"s":31.0,"pub":false}},{"type":"Feature","geometry":{"type":"Point","coordinates":[-105.4394,39.9412]},"properties":{"s":34.5,"pub":false}},{"type":"Feature","geometry":{"type":"Point","coordinates":[-105.4394,39.947]},"properties":{"s":34.5,"pub":false}},{"type":"Feature","geometry":{"type":"Point","coordinates":[-105.4394,39.9528]},"properties":{"s":62.1,"pub":false}},{"type":"Feature","geometry":{"type":"Point","coordinates":[-105.4394,39.9586]},"properties":{"s":62.1,"pub":false}},{"type":"Feature","geometry":{"type":"Point","coordinates":[-105.4394,39.9644]},"properties":{"s":62.1,"pub":false}},{"type":"Feature","geometry":{"type":"Point","coordinates":[-105.4394,39.9702]},"properties":{"s":62.1,"pub":false}},{"type":"Feature","geometry":{"type":"Point","coordinates":[-105.4394,39.976]},"properties":{"s":31.0,"pub":false}},{"type":"Feature","geometry":{"type":"Point","coordinates":[-105.4319,39.9354]},"properties":{"s":27.6,"pub":false}},{"type":"Feature","geometry":{"type":"Point","coordinates":[-105.4319,39.9412]},"properties":{"s":34.5,"pub":false}},{"type":"Feature","geometry":{"type":"Point","coordinates":[-105.4319,39.947]},"properties":{"s":34.5,"pub":false}},{"type":"Feature","geometry":{"type":"Point","coordinates":[-105.4319,39.9528]},"properties":{"s":34.5,"pub":true}},{"type":"Feature","geometry":{"type":"Point","coordinates":[-105.4319,39.9586]},"properties":{"s":62.1,"pub":true}},{"type":"Feature","geometry":{"type":"Point","coordinates":[-105.4319,39.9644]},"properties":{"s":62.1,"pub":false}},{"type":"Feature","geometry":{"type":"Point","coordinates":[-105.4319,39.9702]},"properties":{"s":62.1,"pub":false}},{"type":"Feature","geometry":{"type":"Point","coordinates":[-105.4319,39.976]},"properties":{"s":31.0,"pub":false}},{"type":"Feature","geometry":{"type":"Point","coordinates":[-105.4319,39.9818]},"properties":{"s":24.1,"pub":false}},{"type":"Feature","geometry":{"type":"Point","coordinates":[-105.4244,39.9354]},"properties":{"s":24.1,"pub":false}},{"type":"Feature","geometry":{"type":"Point","coordinates":[-105.4244,39.9412]},"properties":{"s":34.5,"pub":false}},{"type":"Feature","geometry":{"type":"Point","coordinates":[-105.4244,39.947]},"properties":{"s":34.5,"pub":false}},{"type":"Feature","geometry":{"type":"Point","coordinates":[-105.4244,39.9528]},"properties":{"s":34.5,"pub":true}},{"type":"Feature","geometry":{"type":"Point","coordinates":[-105.4244,39.9586]},"properties":{"s":34.5,"pub":false}},{"type":"Feature","geometry":{"type":"Point","coordinates":[-105.4244,39.9644]},"properties":{"s":34.5,"pub":false}},{"type":"Feature","geometry":{"type":"Point","coordinates":[-105.4244,39.9702]},"properties":{"s":34.5,"pub":false}},{"type":"Feature","geometry":{"type":"Point","coordinates":[-105.4244,39.976]},"properties":{"s":34.5,"pub":false}},{"type":"Feature","geometry":{"type":"Point","coordinates":[-105.4244,39.9818]},"properties":{"s":31.0,"pub":true}},{"type":"Feature","geometry":{"type":"Point","coordinates":[-105.4169,39.9296]},"properties":{"s":24.1,"pub":false}},{"type":"Feature","geometry":{"type":"Point","coordinates":[-105.4169,39.9354]},"properties":{"s":24.1,"pub":true}},{"type":"Feature","geometry":{"type":"Point","coordinates":[-105.4169,39.9412]},"properties":{"s":34.5,"pub":true}},{"type":"Feature","geometry":{"type":"Point","coordinates":[-105.4169,39.947]},"properties":{"s":34.5,"pub":true}},{"type":"Feature","geometry":{"type":"Point","coordinates":[-105.4169,39.9528]},"properties":{"s":34.5,"pub":true}},{"type":"Feature","geometry":{"type":"Point","coordinates":[-105.4169,39.9586]},"properties":{"s":34.5,"pub":true}},{"type":"Feature","geometry":{"type":"Point","coordinates":[-105.4169,39.9644]},"properties":{"s":34.5,"pub":false}},{"type":"Feature","geometry":{"type":"Point","coordinates":[-105.4169,39.9702]},"properties":{"s":34.5,"pub":false}},{"type":"Feature","geometry":{"type":"Point","coordinates":[-105.4169,39.976]},"properties":{"s":34.5,"pub":false}},{"type":"Feature","geometry":{"type":"Point","coordinates":[-105.4169,39.9818]},"properties":{"s":31.0,"pub":true}},{"type":"Feature","geometry":{"type":"Point","coordinates":[-105.4169,39.9876]},"properties":{"s":31.0,"pub":false}},{"type":"Feature","geometry":{"type":"Point","coordinates":[-105.4094,39.9296]},"properties":{"s":24.1,"pub":true}},{"type":"Feature","geometry":{"type":"Point","coordinates":[-105.4094,39.9354]},"properties":{"s":24.1,"pub":true}},{"type":"Feature","geometry":{"type":"Point","coordinates":[-105.4094,39.9412]},"properties":{"s":34.5,"pub":true}},{"type":"Feature","geometry":{"type":"Point","coordinates":[-105.4094,39.947]},"properties":{"s":34.5,"pub":true}},{"type":"Feature","geometry":{"type":"Point","coordinates":[-105.4094,39.9528]},"properties":{"s":34.5,"pub":true}},{"type":"Feature","geometry":{"type":"Point","coordinates":[-105.4094,39.9586]},"properties":{"s":31.0,"pub":true}},{"type":"Feature","geometry":{"type":"Point","coordinates":[-105.4094,39.9644]},"properties":{"s":34.5,"pub":false}},{"type":"Feature","geometry":{"type":"Point","coordinates":[-105.4094,39.9702]},"properties":{"s":34.5,"pub":false}},{"type":"Feature","geometry":{"type":"Point","coordinates":[-105.4094,39.976]},"properties":{"s":34.5,"pub":false}},{"type":"Feature","geometry":{"type":"Point","coordinates":[-105.4094,39.9818]},"properties":{"s":58.6,"pub":false}},{"type":"Feature","geometry":{"type":"Point","coordinates":[-105.4094,39.9876]},"properties":{"s":31.0,"pub":true}},{"type":"Feature","geometry":{"type":"Point","coordinates":[-105.4019,39.9296]},"properties":{"s":24.1,"pub":true}},{"type":"Feature","geometry":{"type":"Point","coordinates":[-105.4019,39.9354]},"properties":{"s":24.1,"pub":true}},{"type":"Feature","geometry":{"type":"Point","coordinates":[-105.4019,39.9412]},"properties":{"s":24.1,"pub":true}},{"type":"Feature","geometry":{"type":"Point","coordinates":[-105.4019,39.947]},"properties":{"s":34.5,"pub":true}},{"type":"Feature","geometry":{"type":"Point","coordinates":[-105.4019,39.9528]},"properties":{"s":31.0,"pub":true}},{"type":"Feature","geometry":{"type":"Point","coordinates":[-105.4019,39.9586]},"properties":{"s":34.5,"pub":true}},{"type":"Feature","geometry":{"type":"Point","coordinates":[-105.4019,39.9644]},"properties":{"s":34.5,"pub":false}},{"type":"Feature","geometry":{"type":"Point","coordinates":[-105.4019,39.9702]},"properties":{"s":34.5,"pub":false}},{"type":"Feature","geometry":{"type":"Point","coordinates":[-105.4019,39.976]},"properties":{"s":62.1,"pub":false}},{"type":"Feature","geometry":{"type":"Point","coordinates":[-105.4019,39.9818]},"properties":{"s":58.6,"pub":false}},{"type":"Feature","geometry":{"type":"Point","coordinates":[-105.4019,39.9876]},"properties":{"s":31.0,"pub":false}},{"type":"Feature","geometry":{"type":"Point","coordinates":[-105.4019,39.9934]},"properties":{"s":31.0,"pub":true}},{"type":"Feature","geometry":{"type":"Point","coordinates":[-105.3944,39.9296]},"properties":{"s":24.1,"pub":true}},{"type":"Feature","geometry":{"type":"Point","coordinates":[-105.3944,39.9354]},"properties":{"s":31.0,"pub":true}},{"type":"Feature","geometry":{"type":"Point","coordinates":[-105.3944,39.9412]},"properties":{"s":31.0,"pub":true}},{"type":"Feature","geometry":{"type":"Point","coordinates":[-105.3944,39.947]},"properties":{"s":31.0,"pub":true}},{"type":"Feature","geometry":{"type":"Point","coordinates":[-105.3944,39.9528]},"properties":{"s":31.0,"pub":true}},{"type":"Feature","geometry":{"type":"Point","coordinates":[-105.3944,39.9586]},"properties":{"s":34.5,"pub":true}},{"type":"Feature","geometry":{"type":"Point","coordinates":[-105.3944,39.9644]},"properties":{"s":62.1,"pub":false}},{"type":"Feature","geometry":{"type":"Point","coordinates":[-105.3944,39.9702]},"properties":{"s":58.6,"pub":false}},{"type":"Feature","geometry":{"type":"Point","coordinates":[-105.3944,39.976]},"properties":{"s":62.1,"pub":true}},{"type":"Feature","geometry":{"type":"Point","coordinates":[-105.3944,39.9818]},"properties":{"s":31.0,"pub":true}},{"type":"Feature","geometry":{"type":"Point","coordinates":[-105.3944,39.9876]},"properties":{"s":31.0,"pub":true}},{"type":"Feature","geometry":{"type":"Point","coordinates":[-105.3944,39.9934]},"properties":{"s":31.0,"pub":true}},{"type":"Feature","geometry":{"type":"Point","coordinates":[-105.3869,39.9296]},"properties":{"s":24.1,"pub":false}},{"type":"Feature","geometry":{"type":"Point","coordinates":[-105.3869,39.9354]},"properties":{"s":31.0,"pub":true}},{"type":"Feature","geometry":{"type":"Point","coordinates":[-105.3869,39.9412]},"properties":{"s":31.0,"pub":true}},{"type":"Feature","geometry":{"type":"Point","coordinates":[-105.3869,39.947]},"properties":{"s":31.0,"pub":true}},{"type":"Feature","geometry":{"type":"Point","coordinates":[-105.3869,39.9528]},"properties":{"s":31.0,"pub":true}},{"type":"Feature","geometry":{"type":"Point","coordinates":[-105.3869,39.9586]},"properties":{"s":34.5,"pub":true}},{"type":"Feature","geometry":{"type":"Point","coordinates":[-105.3869,39.9644]},"properties":{"s":31.0,"pub":false}},{"type":"Feature","geometry":{"type":"Point","coordinates":[-105.3869,39.9702]},"properties":{"s":31.0,"pub":false}},{"type":"Feature","geometry":{"type":"Point","coordinates":[-105.3869,39.976]},"properties":{"s":31.0,"pub":true}},{"type":"Feature","geometry":{"type":"Point","coordinates":[-105.3869,39.9818]},"properties":{"s":31.0,"pub":true}},{"type":"Feature","geometry":{"type":"Point","coordinates":[-105.3869,39.9876]},"properties":{"s":31.0,"pub":true}},{"type":"Feature","geometry":{"type":"Point","coordinates":[-105.3869,39.9934]},"properties":{"s":24.1,"pub":true}},{"type":"Feature","geometry":{"type":"Point","coordinates":[-105.3794,39.9238]},"properties":{"s":24.1,"pub":false}},{"type":"Feature","geometry":{"type":"Point","coordinates":[-105.3794,39.9296]},"properties":{"s":31.0,"pub":false}},{"type":"Feature","geometry":{"type":"Point","coordinates":[-105.3794,39.9354]},"properties":{"s":31.0,"pub":true}},{"type":"Feature","geometry":{"type":"Point","coordinates":[-105.3794,39.9412]},"properties":{"s":31.0,"pub":true}},{"type":"Feature","geometry":{"type":"Point","coordinates":[-105.3794,39.947]},"properties":{"s":31.0,"pub":true}},{"type":"Feature","geometry":{"type":"Point","coordinates":[-105.3794,39.9528]},"properties":{"s":31.0,"pub":true}},{"type":"Feature","geometry":{"type":"Point","coordinates":[-105.3794,39.9586]},"properties":{"s":34.5,"pub":true}},{"type":"Feature","geometry":{"type":"Point","coordinates":[-105.3794,39.9644]},"properties":{"s":31.0,"pub":true}},{"type":"Feature","geometry":{"type":"Point","coordinates":[-105.3794,39.9702]},"properties":{"s":34.5,"pub":true}},{"type":"Feature","geometry":{"type":"Point","coordinates":[-105.3794,39.976]},"properties":{"s":31.0,"pub":true}},{"type":"Feature","geometry":{"type":"Point","coordinates":[-105.3794,39.9818]},"properties":{"s":31.0,"pub":true}},{"type":"Feature","geometry":{"type":"Point","coordinates":[-105.3794,39.9876]},"properties":{"s":24.1,"pub":true}},{"type":"Feature","geometry":{"type":"Point","coordinates":[-105.3794,39.9934]},"properties":{"s":24.1,"pub":true}},{"type":"Feature","geometry":{"type":"Point","coordinates":[-105.3719,39.9238]},"properties":{"s":24.1,"pub":false}},{"type":"Feature","geometry":{"type":"Point","coordinates":[-105.3719,39.9296]},"properties":{"s":31.0,"pub":false}},{"type":"Feature","geometry":{"type":"Point","coordinates":[-105.3719,39.9354]},"properties":{"s":31.0,"pub":true}},{"type":"Feature","geometry":{"type":"Point","coordinates":[-105.3719,39.9412]},"properties":{"s":31.0,"pub":true}},{"type":"Feature","geometry":{"type":"Point","coordinates":[-105.3719,39.947]},"properties":{"s":31.0,"pub":true}},{"type":"Feature","geometry":{"type":"Point","coordinates":[-105.3719,39.9528]},"properties":{"s":31.0,"pub":false}},{"type":"Feature","geometry":{"type":"Point","coordinates":[-105.3719,39.9586]},"properties":{"s":34.5,"pub":true}},{"type":"Feature","geometry":{"type":"Point","coordinates":[-105.3719,39.9644]},"properties":{"s":34.5,"pub":false}},{"type":"Feature","geometry":{"type":"Point","coordinates":[-105.3719,39.9702]},"properties":{"s":34.5,"pub":true}},{"type":"Feature","geometry":{"type":"Point","coordinates":[-105.3719,39.976]},"properties":{"s":31.0,"pub":true}},{"type":"Feature","geometry":{"type":"Point","coordinates":[-105.3719,39.9818]},"properties":{"s":24.1,"pub":true}},{"type":"Feature","geometry":{"type":"Point","coordinates":[-105.3719,39.9876]},"properties":{"s":24.1,"pub":true}},{"type":"Feature","geometry":{"type":"Point","coordinates":[-105.3719,39.9934]},"properties":{"s":24.1,"pub":false}},{"type":"Feature","geometry":{"type":"Point","coordinates":[-105.3644,39.9238]},"properties":{"s":24.1,"pub":false}},{"type":"Feature","geometry":{"type":"Point","coordinates":[-105.3644,39.9296]},"properties":{"s":31.0,"pub":false}},{"type":"Feature","geometry":{"type":"Point","coordinates":[-105.3644,39.9354]},"properties":{"s":31.0,"pub":true}},{"type":"Feature","geometry":{"type":"Point","coordinates":[-105.3644,39.9412]},"properties":{"s":31.0,"pub":true}},{"type":"Feature","geometry":{"type":"Point","coordinates":[-105.3644,39.947]},"properties":{"s":31.0,"pub":false}},{"type":"Feature","geometry":{"type":"Point","coordinates":[-105.3644,39.9528]},"properties":{"s":31.0,"pub":false}},{"type":"Feature","geometry":{"type":"Point","coordinates":[-105.3644,39.9586]},"properties":{"s":34.5,"pub":false}},{"type":"Feature","geometry":{"type":"Point","coordinates":[-105.3644,39.9644]},"properties":{"s":34.5,"pub":false}},{"type":"Feature","geometry":{"type":"Point","coordinates":[-105.3644,39.9702]},"properties":{"s":31.0,"pub":true}},{"type":"Feature","geometry":{"type":"Point","coordinates":[-105.3644,39.976]},"properties":{"s":31.0,"pub":true}},{"type":"Feature","geometry":{"type":"Point","coordinates":[-105.3644,39.9818]},"properties":{"s":24.1,"pub":true}},{"type":"Feature","geometry":{"type":"Point","coordinates":[-105.3644,39.9876]},"properties":{"s":24.1,"pub":true}},{"type":"Feature","geometry":{"type":"Point","coordinates":[-105.3644,39.9934]},"properties":{"s":24.1,"pub":false}},{"type":"Feature","geometry":{"type":"Point","coordinates":[-105.3569,39.918]},"properties":{"s":24.1,"pub":false}},{"type":"Feature","geometry":{"type":"Point","coordinates":[-105.3569,39.9238]},"properties":{"s":31.0,"pub":false}},{"type":"Feature","geometry":{"type":"Point","coordinates":[-105.3569,39.9296]},"properties":{"s":31.0,"pub":false}},{"type":"Feature","geometry":{"type":"Point","coordinates":[-105.3569,39.9354]},"properties":{"s":31.0,"pub":false}},{"type":"Feature","geometry":{"type":"Point","coordinates":[-105.3569,39.9412]},"properties":{"s":31.0,"pub":true}},{"type":"Feature","geometry":{"type":"Point","coordinates":[-105.3569,39.947]},"properties":{"s":31.0,"pub":false}},{"type":"Feature","geometry":{"type":"Point","coordinates":[-105.3569,39.9528]},"properties":{"s":31.0,"pub":false}},{"type":"Feature","geometry":{"type":"Point","coordinates":[-105.3569,39.9586]},"properties":{"s":34.5,"pub":false}},{"type":"Feature","geometry":{"type":"Point","coordinates":[-105.3569,39.9644]},"properties":{"s":34.5,"pub":false}},{"type":"Feature","geometry":{"type":"Point","coordinates":[-105.3569,39.9702]},"properties":{"s":31.0,"pub":true}},{"type":"Feature","geometry":{"type":"Point","coordinates":[-105.3569,39.976]},"properties":{"s":31.0,"pub":true}},{"type":"Feature","geometry":{"type":"Point","coordinates":[-105.3569,39.9818]},"properties":{"s":24.1,"pub":true}},{"type":"Feature","geometry":{"type":"Point","coordinates":[-105.3569,39.9876]},"properties":{"s":24.1,"pub":true}},{"type":"Feature","geometry":{"type":"Point","coordinates":[-105.3569,39.9934]},"properties":{"s":24.1,"pub":true}},{"type":"Feature","geometry":{"type":"Point","coordinates":[-105.3494,39.9122]},"properties":{"s":24.1,"pub":false}},{"type":"Feature","geometry":{"type":"Point","coordinates":[-105.3494,39.918]},"properties":{"s":24.1,"pub":false}},{"type":"Feature","geometry":{"type":"Point","coordinates":[-105.3494,39.9238]},"properties":{"s":31.0,"pub":false}},{"type":"Feature","geometry":{"type":"Point","coordinates":[-105.3494,39.9296]},"properties":{"s":31.0,"pub":false}},{"type":"Feature","geometry":{"type":"Point","coordinates":[-105.3494,39.9354]},"properties":{"s":31.0,"pub":false}},{"type":"Feature","geometry":{"type":"Point","coordinates":[-105.3494,39.9412]},"properties":{"s":31.0,"pub":false}},{"type":"Feature","geometry":{"type":"Point","coordinates":[-105.3494,39.947]},"properties":{"s":31.0,"pub":true}},{"type":"Feature","geometry":{"type":"Point","coordinates":[-105.3494,39.9528]},"properties":{"s":34.5,"pub":true}},{"type":"Feature","geometry":{"type":"Point","coordinates":[-105.3494,39.9586]},"properties":{"s":34.5,"pub":true}},{"type":"Feature","geometry":{"type":"Point","coordinates":[-105.3494,39.9644]},"properties":{"s":31.0,"pub":true}},{"type":"Feature","geometry":{"type":"Point","coordinates":[-105.3494,39.9702]},"properties":{"s":31.0,"pub":true}},{"type":"Feature","geometry":{"type":"Point","coordinates":[-105.3494,39.976]},"properties":{"s":31.0,"pub":true}},{"type":"Feature","geometry":{"type":"Point","coordinates":[-105.3494,39.9818]},"properties":{"s":24.1,"pub":true}},{"type":"Feature","geometry":{"type":"Point","coordinates":[-105.3494,39.9876]},"properties":{"s":24.1,"pub":true}},{"type":"Feature","geometry":{"type":"Point","coordinates":[-105.3494,39.9934]},"properties":{"s":24.1,"pub":true}},{"type":"Feature","geometry":{"type":"Point","coordinates":[-105.3419,39.9006]},"properties":{"s":24.1,"pub":false}},{"type":"Feature","geometry":{"type":"Point","coordinates":[-105.3419,39.9064]},"properties":{"s":24.1,"pub":false}},{"type":"Feature","geometry":{"type":"Point","coordinates":[-105.3419,39.9122]},"properties":{"s":24.1,"pub":false}},{"type":"Feature","geometry":{"type":"Point","coordinates":[-105.3419,39.918]},"properties":{"s":24.1,"pub":false}},{"type":"Feature","geometry":{"type":"Point","coordinates":[-105.3419,39.9238]},"properties":{"s":31.0,"pub":false}},{"type":"Feature","geometry":{"type":"Point","coordinates":[-105.3419,39.9296]},"properties":{"s":31.0,"pub":false}},{"type":"Feature","geometry":{"type":"Point","coordinates":[-105.3419,39.9354]},"properties":{"s":31.0,"pub":true}},{"type":"Feature","geometry":{"type":"Point","coordinates":[-105.3419,39.9412]},"properties":{"s":31.0,"pub":true}},{"type":"Feature","geometry":{"type":"Point","coordinates":[-105.3419,39.947]},"properties":{"s":34.5,"pub":true}},{"type":"Feature","geometry":{"type":"Point","coordinates":[-105.3419,39.9528]},"properties":{"s":34.5,"pub":true}},{"type":"Feature","geometry":{"type":"Point","coordinates":[-105.3419,39.9586]},"properties":{"s":31.0,"pub":true}},{"type":"Feature","geometry":{"type":"Point","coordinates":[-105.3419,39.9644]},"properties":{"s":31.0,"pub":true}},{"type":"Feature","geometry":{"type":"Point","coordinates":[-105.3419,39.9702]},"properties":{"s":31.0,"pub":true}},{"type":"Feature","geometry":{"type":"Point","coordinates":[-105.3419,39.976]},"properties":{"s":24.1,"pub":true}},{"type":"Feature","geometry":{"type":"Point","coordinates":[-105.3419,39.9818]},"properties":{"s":24.1,"pub":false}},{"type":"Feature","geometry":{"type":"Point","coordinates":[-105.3419,39.9876]},"properties":{"s":24.1,"pub":false}},{"type":"Feature","geometry":{"type":"Point","coordinates":[-105.3419,39.9934]},"properties":{"s":24.1,"pub":false}},{"type":"Feature","geometry":{"type":"Point","coordinates":[-105.3419,39.9992]},"properties":{"s":24.1,"pub":false}},{"type":"Feature","geometry":{"type":"Point","coordinates":[-105.3344,39.8948]},"properties":{"s":24.1,"pub":false}},{"type":"Feature","geometry":{"type":"Point","coordinates":[-105.3344,39.9006]},"properties":{"s":24.1,"pub":false}},{"type":"Feature","geometry":{"type":"Point","coordinates":[-105.3344,39.9064]},"properties":{"s":24.1,"pub":false}},{"type":"Feature","geometry":{"type":"Point","coordinates":[-105.3344,39.9122]},"properties":{"s":24.1,"pub":false}},{"type":"Feature","geometry":{"type":"Point","coordinates":[-105.3344,39.918]},"properties":{"s":24.1,"pub":false}},{"type":"Feature","geometry":{"type":"Point","coordinates":[-105.3344,39.9238]},"properties":{"s":31.0,"pub":true}},{"type":"Feature","geometry":{"type":"Point","coordinates":[-105.3344,39.9296]},"properties":{"s":31.0,"pub":true}},{"type":"Feature","geometry":{"type":"Point","coordinates":[-105.3344,39.9354]},"properties":{"s":31.0,"pub":true}},{"type":"Feature","geometry":{"type":"Point","coordinates":[-105.3344,39.9412]},"properties":{"s":31.0,"pub":true}},{"type":"Feature","geometry":{"type":"Point","coordinates":[-105.3344,39.947]},"properties":{"s":31.0,"pub":true}},{"type":"Feature","geometry":{"type":"Point","coordinates":[-105.3344,39.9528]},"properties":{"s":31.0,"pub":true}},{"type":"Feature","geometry":{"type":"Point","coordinates":[-105.3344,39.9586]},"properties":{"s":31.0,"pub":false}},{"type":"Feature","geometry":{"type":"Point","coordinates":[-105.3344,39.9644]},"properties":{"s":31.0,"pub":false}},{"type":"Feature","geometry":{"type":"Point","coordinates":[-105.3344,39.9702]},"properties":{"s":31.0,"pub":false}},{"type":"Feature","geometry":{"type":"Point","coordinates":[-105.3344,39.976]},"properties":{"s":24.1,"pub":false}},{"type":"Feature","geometry":{"type":"Point","coordinates":[-105.3344,39.9818]},"properties":{"s":24.1,"pub":false}},{"type":"Feature","geometry":{"type":"Point","coordinates":[-105.3344,39.9876]},"properties":{"s":24.1,"pub":false}},{"type":"Feature","geometry":{"type":"Point","coordinates":[-105.3344,39.9934]},"properties":{"s":24.1,"pub":false}},{"type":"Feature","geometry":{"type":"Point","coordinates":[-105.3269,39.889]},"properties":{"s":24.1,"pub":true}},{"type":"Feature","geometry":{"type":"Point","coordinates":[-105.3269,39.8948]},"properties":{"s":24.1,"pub":true}},{"type":"Feature","geometry":{"type":"Point","coordinates":[-105.3269,39.9006]},"properties":{"s":24.1,"pub":false}},{"type":"Feature","geometry":{"type":"Point","coordinates":[-105.3269,39.9064]},"properties":{"s":24.1,"pub":false}},{"type":"Feature","geometry":{"type":"Point","coordinates":[-105.3269,39.9122]},"properties":{"s":24.1,"pub":false}},{"type":"Feature","geometry":{"type":"Point","coordinates":[-105.3269,39.918]},"properties":{"s":24.1,"pub":false}},{"type":"Feature","geometry":{"type":"Point","coordinates":[-105.3269,39.9238]},"properties":{"s":31.0,"pub":true}},{"type":"Feature","geometry":{"type":"Point","coordinates":[-105.3269,39.9296]},"properties":{"s":31.0,"pub":true}},{"type":"Feature","geometry":{"type":"Point","coordinates":[-105.3269,39.9354]},"properties":{"s":31.0,"pub":true}},{"type":"Feature","geometry":{"type":"Point","coordinates":[-105.3269,39.9412]},"properties":{"s":31.0,"pub":true}},{"type":"Feature","geometry":{"type":"Point","coordinates":[-105.3269,39.947]},"properties":{"s":31.0,"pub":true}},{"type":"Feature","geometry":{"type":"Point","coordinates":[-105.3269,39.9528]},"properties":{"s":31.0,"pub":true}},{"type":"Feature","geometry":{"type":"Point","coordinates":[-105.3269,39.9586]},"properties":{"s":31.0,"pub":false}},{"type":"Feature","geometry":{"type":"Point","coordinates":[-105.3269,39.9644]},"properties":{"s":31.0,"pub":false}},{"type":"Feature","geometry":{"type":"Point","coordinates":[-105.3269,39.9702]},"properties":{"s":24.1,"pub":false}},{"type":"Feature","geometry":{"type":"Point","coordinates":[-105.3269,39.976]},"properties":{"s":24.1,"pub":false}},{"type":"Feature","geometry":{"type":"Point","coordinates":[-105.3269,39.9818]},"properties":{"s":24.1,"pub":false}},{"type":"Feature","geometry":{"type":"Point","coordinates":[-105.3269,39.9876]},"properties":{"s":24.1,"pub":false}},{"type":"Feature","geometry":{"type":"Point","coordinates":[-105.3269,39.9934]},"properties":{"s":24.1,"pub":false}},{"type":"Feature","geometry":{"type":"Point","coordinates":[-105.3194,39.8832]},"properties":{"s":24.1,"pub":false}},{"type":"Feature","geometry":{"type":"Point","coordinates":[-105.3194,39.889]},"properties":{"s":24.1,"pub":true}},{"type":"Feature","geometry":{"type":"Point","coordinates":[-105.3194,39.8948]},"properties":{"s":24.1,"pub":false}},{"type":"Feature","geometry":{"type":"Point","coordinates":[-105.3194,39.9006]},"properties":{"s":24.1,"pub":false}},{"type":"Feature","geometry":{"type":"Point","coordinates":[-105.3194,39.9064]},"properties":{"s":24.1,"pub":false}},{"type":"Feature","geometry":{"type":"Point","coordinates":[-105.3194,39.9122]},"properties":{"s":24.1,"pub":false}},{"type":"Feature","geometry":{"type":"Point","coordinates":[-105.3194,39.918]},"properties":{"s":31.0,"pub":false}},{"type":"Feature","geometry":{"type":"Point","coordinates":[-105.3194,39.9238]},"properties":{"s":31.0,"pub":false}},{"type":"Feature","geometry":{"type":"Point","coordinates":[-105.3194,39.9296]},"properties":{"s":31.0,"pub":true}},{"type":"Feature","geometry":{"type":"Point","coordinates":[-105.3194,39.9354]},"properties":{"s":31.0,"pub":true}},{"type":"Feature","geometry":{"type":"Point","coordinates":[-105.3194,39.9412]},"properties":{"s":31.0,"pub":true}},{"type":"Feature","geometry":{"type":"Point","coordinates":[-105.3194,39.947]},"properties":{"s":31.0,"pub":true}},{"type":"Feature","geometry":{"type":"Point","coordinates":[-105.3194,39.9528]},"properties":{"s":31.0,"pub":true}},{"type":"Feature","geometry":{"type":"Point","coordinates":[-105.3194,39.9586]},"properties":{"s":31.0,"pub":false}},{"type":"Feature","geometry":{"type":"Point","coordinates":[-105.3194,39.9644]},"properties":{"s":24.1,"pub":false}},{"type":"Feature","geometry":{"type":"Point","coordinates":[-105.3194,39.9702]},"properties":{"s":24.1,"pub":false}},{"type":"Feature","geometry":{"type":"Point","coordinates":[-105.3194,39.976]},"properties":{"s":24.1,"pub":false}},{"type":"Feature","geometry":{"type":"Point","coordinates":[-105.3194,39.9818]},"properties":{"s":24.1,"pub":false}},{"type":"Feature","geometry":{"type":"Point","coordinates":[-105.3194,39.9876]},"properties":{"s":24.1,"pub":true}},{"type":"Feature","geometry":{"type":"Point","coordinates":[-105.3119,39.8832]},"properties":{"s":24.1,"pub":false}},{"type":"Feature","geometry":{"type":"Point","coordinates":[-105.3119,39.889]},"properties":{"s":24.1,"pub":false}},{"type":"Feature","geometry":{"type":"Point","coordinates":[-105.3119,39.8948]},"properties":{"s":24.1,"pub":false}},{"type":"Feature","geometry":{"type":"Point","coordinates":[-105.3119,39.9006]},"properties":{"s":24.1,"pub":true}},{"type":"Feature","geometry":{"type":"Point","coordinates":[-105.3119,39.9064]},"properties":{"s":24.1,"pub":false}},{"type":"Feature","geometry":{"type":"Point","coordinates":[-105.3119,39.9122]},"properties":{"s":24.1,"pub":true}},{"type":"Feature","geometry":{"type":"Point","coordinates":[-105.3119,39.918]},"properties":{"s":31.0,"pub":true}},{"type":"Feature","geometry":{"type":"Point","coordinates":[-105.3119,39.9238]},"properties":{"s":31.0,"pub":true}},{"type":"Feature","geometry":{"type":"Point","coordinates":[-105.3119,39.9296]},"properties":{"s":31.0,"pub":true}},{"type":"Feature","geometry":{"type":"Point","coordinates":[-105.3119,39.9354]},"properties":{"s":31.0,"pub":true}},{"type":"Feature","geometry":{"type":"Point","coordinates":[-105.3119,39.9412]},"properties":{"s":31.0,"pub":true}},{"type":"Feature","geometry":{"type":"Point","coordinates":[-105.3119,39.947]},"properties":{"s":24.1,"pub":true}},{"type":"Feature","geometry":{"type":"Point","coordinates":[-105.3119,39.9528]},"properties":{"s":24.1,"pub":true}},{"type":"Feature","geometry":{"type":"Point","coordinates":[-105.3119,39.9586]},"properties":{"s":24.1,"pub":true}},{"type":"Feature","geometry":{"type":"Point","coordinates":[-105.3119,39.9644]},"properties":{"s":24.1,"pub":false}},{"type":"Feature","geometry":{"type":"Point","coordinates":[-105.3044,39.889]},"properties":{"s":24.1,"pub":false}},{"type":"Feature","geometry":{"type":"Point","coordinates":[-105.3044,39.8948]},"properties":{"s":24.1,"pub":false}},{"type":"Feature","geometry":{"type":"Point","coordinates":[-105.3044,39.9006]},"properties":{"s":24.1,"pub":false}},{"type":"Feature","geometry":{"type":"Point","coordinates":[-105.3044,39.9064]},"properties":{"s":24.1,"pub":false}},{"type":"Feature","geometry":{"type":"Point","coordinates":[-105.3044,39.9122]},"properties":{"s":24.1,"pub":true}},{"type":"Feature","geometry":{"type":"Point","coordinates":[-105.3044,39.918]},"properties":{"s":24.1,"pub":true}},{"type":"Feature","geometry":{"type":"Point","coordinates":[-105.3044,39.9238]},"properties":{"s":24.1,"pub":true}},{"type":"Feature","geometry":{"type":"Point","coordinates":[-105.3044,39.9296]},"properties":{"s":31.0,"pub":true}},{"type":"Feature","geometry":{"type":"Point","coordinates":[-105.3044,39.9354]},"properties":{"s":31.0,"pub":true}},{"type":"Feature","geometry":{"type":"Point","coordinates":[-105.3044,39.9412]},"properties":{"s":24.1,"pub":true}},{"type":"Feature","geometry":{"type":"Point","coordinates":[-105.2969,39.8832]},"properties":{"s":24.1,"pub":false}},{"type":"Feature","geometry":{"type":"Point","coordinates":[-105.2969,39.889]},"properties":{"s":24.1,"pub":false}},{"type":"Feature","geometry":{"type":"Point","coordinates":[-105.2969,39.8948]},"properties":{"s":24.1,"pub":false}},{"type":"Feature","geometry":{"type":"Point","coordinates":[-105.2969,39.9006]},"properties":{"s":24.1,"pub":false}},{"type":"Feature","geometry":{"type":"Point","coordinates":[-105.2969,39.9064]},"properties":{"s":24.1,"pub":false}},{"type":"Feature","geometry":{"type":"Point","coordinates":[-105.2969,39.9122]},"properties":{"s":24.1,"pub":true}},{"type":"Feature","geometry":{"type":"Point","coordinates":[-105.2969,39.918]},"properties":{"s":24.1,"pub":false}},{"type":"Feature","geometry":{"type":"Point","coordinates":[-105.2969,39.9238]},"properties":{"s":24.1,"pub":true}},{"type":"Feature","geometry":{"type":"Point","coordinates":[-105.2969,39.9296]},"properties":{"s":24.1,"pub":true}},{"type":"Feature","geometry":{"type":"Point","coordinates":[-105.2969,39.9354]},"properties":{"s":24.1,"pub":true}},{"type":"Feature","geometry":{"type":"Point","coordinates":[-105.2894,39.8832]},"properties":{"s":24.1,"pub":false}},{"type":"Feature","geometry":{"type":"Point","coordinates":[-105.2894,39.889]},"properties":{"s":24.1,"pub":false}},{"type":"Feature","geometry":{"type":"Point","coordinates":[-105.2894,39.8948]},"properties":{"s":24.1,"pub":false}},{"type":"Feature","geometry":{"type":"Point","coordinates":[-105.2894,39.9006]},"properties":{"s":24.1,"pub":false}},{"type":"Feature","geometry":{"type":"Point","coordinates":[-105.2894,39.9064]},"properties":{"s":24.1,"pub":false}},{"type":"Feature","geometry":{"type":"Point","coordinates":[-105.2894,39.9122]},"properties":{"s":24.1,"pub":false}},{"type":"Feature","geometry":{"type":"Point","coordinates":[-105.2894,39.918]},"properties":{"s":24.1,"pub":true}},{"type":"Feature","geometry":{"type":"Point","coordinates":[-105.2894,39.9238]},"properties":{"s":24.1,"pub":true}},{"type":"Feature","geometry":{"type":"Point","coordinates":[-105.2894,39.9296]},"properties":{"s":24.1,"pub":true}},{"type":"Feature","geometry":{"type":"Point","coordinates":[-105.2894,39.9354]},"properties":{"s":24.1,"pub":true}},{"type":"Feature","geometry":{"type":"Point","coordinates":[-105.2819,39.8832]},"properties":{"s":100.0,"pub":false}},{"type":"Feature","geometry":{"type":"Point","coordinates":[-105.2819,39.889]},"properties":{"s":100.0,"pub":false}},{"type":"Feature","geometry":{"type":"Point","coordinates":[-105.2819,39.8948]},"properties":{"s":100.0,"pub":false}},{"type":"Feature","geometry":{"type":"Point","coordinates":[-105.2819,39.9006]},"properties":{"s":31.0,"pub":false}},{"type":"Feature","geometry":{"type":"Point","coordinates":[-105.2819,39.9064]},"properties":{"s":100.0,"pub":false}},{"type":"Feature","geometry":{"type":"Point","coordinates":[-105.2819,39.9122]},"properties":{"s":100.0,"pub":false}},{"type":"Feature","geometry":{"type":"Point","coordinates":[-105.2819,39.918]},"properties":{"s":100.0,"pub":true}},{"type":"Feature","geometry":{"type":"Point","coordinates":[-105.2819,39.9238]},"properties":{"s":93.1,"pub":true}},{"type":"Feature","geometry":{"type":"Point","coordinates":[-105.2819,39.9296]},"properties":{"s":24.1,"pub":true}},{"type":"Feature","geometry":{"type":"Point","coordinates":[-105.2819,39.9354]},"properties":{"s":24.1,"pub":true}},{"type":"Feature","geometry":{"type":"Point","coordinates":[-105.2744,39.8774]},"properties":{"s":100.0,"pub":false}},{"type":"Feature","geometry":{"type":"Point","coordinates":[-105.2744,39.8832]},"properties":{"s":100.0,"pub":false}},{"type":"Feature","geometry":{"type":"Point","coordinates":[-105.2744,39.889]},"properties":{"s":100.0,"pub":false}},{"type":"Feature","geometry":{"type":"Point","coordinates":[-105.2744,39.8948]},"properties":{"s":100.0,"pub":false}},{"type":"Feature","geometry":{"type":"Point","coordinates":[-105.2744,39.9006]},"properties":{"s":100.0,"pub":false}},{"type":"Feature","geometry":{"type":"Point","coordinates":[-105.2744,39.9064]},"properties":{"s":100.0,"pub":false}},{"type":"Feature","geometry":{"type":"Point","coordinates":[-105.2744,39.9122]},"properties":{"s":100.0,"pub":false}},{"type":"Feature","geometry":{"type":"Point","coordinates":[-105.2744,39.918]},"properties":{"s":100.0,"pub":false}},{"type":"Feature","geometry":{"type":"Point","coordinates":[-105.2744,39.9238]},"properties":{"s":93.1,"pub":false}},{"type":"Feature","geometry":{"type":"Point","coordinates":[-105.2744,39.9296]},"properties":{"s":24.1,"pub":false}},{"type":"Feature","geometry":{"type":"Point","coordinates":[-105.2744,39.9354]},"properties":{"s":24.1,"pub":true}},{"type":"Feature","geometry":{"type":"Point","coordinates":[-105.2669,39.8774]},"properties":{"s":100.0,"pub":false}},{"type":"Feature","geometry":{"type":"Point","coordinates":[-105.2669,39.8832]},"properties":{"s":100.0,"pub":false}},{"type":"Feature","geometry":{"type":"Point","coordinates":[-105.2669,39.889]},"properties":{"s":100.0,"pub":false}},{"type":"Feature","geometry":{"type":"Point","coordinates":[-105.2669,39.8948]},"properties":{"s":100.0,"pub":false}},{"type":"Feature","geometry":{"type":"Point","coordinates":[-105.2669,39.9006]},"properties":{"s":100.0,"pub":false}},{"type":"Feature","geometry":{"type":"Point","coordinates":[-105.2669,39.9064]},"properties":{"s":100.0,"pub":false}},{"type":"Feature","geometry":{"type":"Point","coordinates":[-105.2669,39.9122]},"properties":{"s":100.0,"pub":false}},{"type":"Feature","geometry":{"type":"Point","coordinates":[-105.2669,39.918]},"properties":{"s":100.0,"pub":false}},{"type":"Feature","geometry":{"type":"Point","coordinates":[-105.2669,39.9238]},"properties":{"s":100.0,"pub":false}},{"type":"Feature","geometry":{"type":"Point","coordinates":[-105.2669,39.9296]},"properties":{"s":24.1,"pub":false}},{"type":"Feature","geometry":{"type":"Point","coordinates":[-105.2669,39.9354]},"properties":{"s":24.1,"pub":false}},{"type":"Feature","geometry":{"type":"Point","coordinates":[-105.2594,39.8716]},"properties":{"s":51.7,"pub":false}},{"type":"Feature","geometry":{"type":"Point","coordinates":[-105.2594,39.8774]},"properties":{"s":100.0,"pub":false}},{"type":"Feature","geometry":{"type":"Point","coordinates":[-105.2594,39.8832]},"properties":{"s":100.0,"pub":false}}]}