{"type":"FeatureCollection","features":[{"type":"Feature","geometry":{"type":"Point","coordinates":[-107.8839,40.4994]},"properties":{"s":22.2,"pub":false}},{"type":"Feature","geometry":{"type":"Point","coordinates":[-107.8839,40.5052]},"properties":{"s":22.2,"pub":true}},{"type":"Feature","geometry":{"type":"Point","coordinates":[-107.8839,40.511]},"properties":{"s":22.2,"pub":true}},{"type":"Feature","geometry":{"type":"Point","coordinates":[-107.8839,40.5168]},"properties":{"s":22.2,"pub":false}},{"type":"Feature","geometry":{"type":"Point","coordinates":[-107.8764,40.4994]},"properties":{"s":22.2,"pub":false}},{"type":"Feature","geometry":{"type":"Point","coordinates":[-107.8764,40.5052]},"properties":{"s":22.2,"pub":false}},{"type":"Feature","geometry":{"type":"Point","coordinates":[-107.8764,40.511]},"properties":{"s":22.2,"pub":false}},{"type":"Feature","geometry":{"type":"Point","coordinates":[-107.8764,40.5168]},"properties":{"s":22.2,"pub":false}},{"type":"Feature","geometry":{"type":"Point","coordinates":[-107.8764,40.5226]},"properties":{"s":22.2,"pub":false}},{"type":"Feature","geometry":{"type":"Point","coordinates":[-107.8764,40.5574]},"properties":{"s":22.2,"pub":false}},{"type":"Feature","geometry":{"type":"Point","coordinates":[-107.8764,40.5632]},"properties":{"s":22.2,"pub":false}},{"type":"Feature","geometry":{"type":"Point","coordinates":[-107.8689,40.4936]},"properties":{"s":22.2,"pub":false}},{"type":"Feature","geometry":{"type":"Point","coordinates":[-107.8689,40.4994]},"properties":{"s":22.2,"pub":false}},{"type":"Feature","geometry":{"type":"Point","coordinates":[-107.8689,40.5052]},"properties":{"s":22.2,"pub":false}},{"type":"Feature","geometry":{"type":"Point","coordinates":[-107.8689,40.511]},"properties":{"s":22.2,"pub":false}},{"type":"Feature","geometry":{"type":"Point","coordinates":[-107.8689,40.5168]},"properties":{"s":22.2,"pub":false}},{"type":"Feature","geometry":{"type":"Point","coordinates":[-107.8689,40.5226]},"properties":{"s":22.2,"pub":false}},{"type":"Feature","geometry":{"type":"Point","coordinates":[-107.8689,40.5284]},"properties":{"s":22.2,"pub":false}},{"type":"Feature","geometry":{"type":"Point","coordinates":[-107.8689,40.5574]},"properties":{"s":22.2,"pub":false}},{"type":"Feature","geometry":{"type":"Point","coordinates":[-107.8689,40.5632]},"properties":{"s":22.2,"pub":false}},{"type":"Feature","geometry":{"type":"Point","coordinates":[-107.8689,40.569]},"properties":{"s":22.2,"pub":false}},{"type":"Feature","geometry":{"type":"Point","coordinates":[-107.8614,40.4936]},"properties":{"s":22.2,"pub":false}},{"type":"Feature","geometry":{"type":"Point","coordinates":[-107.8614,40.4994]},"properties":{"s":22.2,"pub":false}},{"type":"Feature","geometry":{"type":"Point","coordinates":[-107.8614,40.5052]},"properties":{"s":22.2,"pub":false}},{"type":"Feature","geometry":{"type":"Point","coordinates":[-107.8614,40.511]},"properties":{"s":22.2,"pub":false}},{"type":"Feature","geometry":{"type":"Point","coordinates":[-107.8614,40.5168]},"properties":{"s":22.2,"pub":false}},{"type":"Feature","geometry":{"type":"Point","coordinates":[-107.8614,40.5226]},"properties":{"s":22.2,"pub":false}},{"type":"Feature","geometry":{"type":"Point","coordinates":[-107.8614,40.5284]},"properties":{"s":22.2,"pub":false}},{"type":"Feature","geometry":{"type":"Point","coordinates":[-107.8614,40.5632]},"properties":{"s":22.2,"pub":false}},{"type":"Feature","geometry":{"type":"Point","coordinates":[-107.8614,40.569]},"properties":{"s":22.2,"pub":false}},{"type":"Feature","geometry":{"type":"Point","coordinates":[-107.8614,40.5748]},"properties":{"s":22.2,"pub":false}},{"type":"Feature","geometry":{"type":"Point","coordinates":[-107.8614,40.5806]},"properties":{"s":22.2,"pub":false}},{"type":"Feature","geometry":{"type":"Point","coordinates":[-107.8614,40.5864]},"properties":{"s":22.2,"pub":false}},{"type":"Feature","geometry":{"type":"Point","coordinates":[-107.8614,40.5922]},"properties":{"s":22.2,"pub":false}},{"type":"Feature","geometry":{"type":"Point","coordinates":[-107.8539,40.4878]},"properties":{"s":22.2,"pub":false}},{"type":"Feature","geometry":{"type":"Point","coordinates":[-107.8539,40.4936]},"properties":{"s":22.2,"pub":false}},{"type":"Feature","geometry":{"type":"Point","coordinates":[-107.8539,40.4994]},"properties":{"s":22.2,"pub":false}},{"type":"Feature","geometry":{"type":"Point","coordinates":[-107.8539,40.5052]},"properties":{"s":22.2,"pub":false}},{"type":"Feature","geometry":{"type":"Point","coordinates":[-107.8539,40.511]},"properties":{"s":22.2,"pub":false}},{"type":"Feature","geometry":{"type":"Point","coordinates":[-107.8539,40.5168]},"properties":{"s":22.2,"pub":false}},{"type":"Feature","geometry":{"type":"Point","coordinates":[-107.8539,40.5226]},"properties":{"s":22.2,"pub":false}},{"type":"Feature","geometry":{"type":"Point","coordinates":[-107.8539,40.5284]},"properties":{"s":22.2,"pub":false}},{"type":"Feature","geometry":{"type":"Point","coordinates":[-107.8539,40.5632]},"properties":{"s":22.2,"pub":false}},{"type":"Feature","geometry":{"type":"Point","coordinates":[-107.8539,40.569]},"properties":{"s":22.2,"pub":false}},{"type":"Feature","geometry":{"type":"Point","coordinates":[-107.8539,40.5748]},"properties":{"s":22.2,"pub":false}},{"type":"Feature","geometry":{"type":"Point","coordinates":[-107.8539,40.5806]},"properties":{"s":22.2,"pub":false}},{"type":"Feature","geometry":{"type":"Point","coordinates":[-107.8539,40.5864]},"properties":{"s":22.2,"pub":false}},{"type":"Feature","geometry":{"type":"Point","coordinates":[-107.8539,40.5922]},"properties":{"s":22.2,"pub":false}},{"type":"Feature","geometry":{"type":"Point","coordinates":[-107.8539,40.598]},"properties":{"s":22.2,"pub":false}},{"type":"Feature","geometry":{"type":"Point","coordinates":[-107.8464,40.4356]},"properties":{"s":50.0,"pub":true}},{"type":"Feature","geometry":{"type":"Point","coordinates":[-107.8464,40.4878]},"properties":{"s":22.2,"pub":false}},{"type":"Feature","geometry":{"type":"Point","coordinates":[-107.8464,40.4936]},"properties":{"s":22.2,"pub":false}},{"type":"Feature","geometry":{"type":"Point","coordinates":[-107.8464,40.4994]},"properties":{"s":22.2,"pub":false}},{"type":"Feature","geometry":{"type":"Point","coordinates":[-107.8464,40.5052]},"properties":{"s":22.2,"pub":false}},{"type":"Feature","geometry":{"type":"Point","coordinates":[-107.8464,40.511]},"properties":{"s":22.2,"pub":true}},{"type":"Feature","geometry":{"type":"Point","coordinates":[-107.8464,40.5168]},"properties":{"s":22.2,"pub":true}},{"type":"Feature","geometry":{"type":"Point","coordinates":[-107.8464,40.5226]},"properties":{"s":22.2,"pub":false}},{"type":"Feature","geometry":{"type":"Point","coordinates":[-107.8464,40.5284]},"properties":{"s":22.2,"pub":false}},{"type":"Feature","geometry":{"type":"Point","coordinates":[-107.8464,40.5632]},"properties":{"s":22.2,"pub":false}},{"type":"Feature","geometry":{"type":"Point","coordinates":[-107.8464,40.569]},"properties":{"s":22.2,"pub":false}},{"type":"Feature","geometry":{"type":"Point","coordinates":[-107.8464,40.5748]},"properties":{"s":22.2,"pub":false}},{"type":"Feature","geometry":{"type":"Point","coordinates":[-107.8464,40.5806]},"properties":{"s":22.2,"pub":false}},{"type":"Feature","geometry":{"type":"Point","coordinates":[-107.8464,40.5864]},"properties":{"s":22.2,"pub":false}},{"type":"Feature","geometry":{"type":"Point","coordinates":[-107.8464,40.5922]},"properties":{"s":22.2,"pub":false}},{"type":"Feature","geometry":{"type":"Point","coordinates":[-107.8464,40.598]},"properties":{"s":22.2,"pub":true}},{"type":"Feature","geometry":{"type":"Point","coordinates":[-107.8464,40.6038]},"properties":{"s":22.2,"pub":true}},{"type":"Feature","geometry":{"type":"Point","coordinates":[-107.8464,40.6096]},"properties":{"s":22.2,"pub":true}},{"type":"Feature","geometry":{"type":"Point","coordinates":[-107.8389,40.4356]},"properties":{"s":50.0,"pub":true}},{"type":"Feature","geometry":{"type":"Point","coordinates":[-107.8389,40.4414]},"properties":{"s":50.0,"pub":true}},{"type":"Feature","geometry":{"type":"Point","coordinates":[-107.8389,40.482]},"properties":{"s":22.2,"pub":false}},{"type":"Feature","geometry":{"type":"Point","coordinates":[-107.8389,40.4878]},"properties":{"s":22.2,"pub":false}},{"type":"Feature","geometry":{"type":"Point","coordinates":[-107.8389,40.4936]},"properties":{"s":22.2,"pub":false}},{"type":"Feature","geometry":{"type":"Point","coordinates":[-107.8389,40.4994]},"properties":{"s":22.2,"pub":false}},{"type":"Feature","geometry":{"type":"Point","coordinates":[-107.8389,40.5052]},"properties":{"s":22.2,"pub":false}},{"type":"Feature","geometry":{"type":"Point","coordinates":[-107.8389,40.511]},"properties":{"s":22.2,"pub":false}},{"type":"Feature","geometry":{"type":"Point","coordinates":[-107.8389,40.5168]},"properties":{"s":22.2,"pub":false}},{"type":"Feature","geometry":{"type":"Point","coordinates":[-107.8389,40.5226]},"properties":{"s":22.2,"pub":false}},{"type":"Feature","geometry":{"type":"Point","coordinates":[-107.8389,40.5284]},"properties":{"s":22.2,"pub":false}},{"type":"Feature","geometry":{"type":"Point","coordinates":[-107.8389,40.569]},"properties":{"s":22.2,"pub":false}},{"type":"Feature","geometry":{"type":"Point","coordinates":[-107.8389,40.5748]},"properties":{"s":22.2,"pub":false}},{"type":"Feature","geometry":{"type":"Point","coordinates":[-107.8389,40.5806]},"properties":{"s":22.2,"pub":false}},{"type":"Feature","geometry":{"type":"Point","coordinates":[-107.8389,40.5864]},"properties":{"s":22.2,"pub":false}},{"type":"Feature","geometry":{"type":"Point","coordinates":[-107.8389,40.5922]},"properties":{"s":22.2,"pub":false}},{"type":"Feature","geometry":{"type":"Point","coordinates":[-107.8389,40.598]},"properties":{"s":22.2,"pub":false}},{"type":"Feature","geometry":{"type":"Point","coordinates":[-107.8389,40.6038]},"properties":{"s":22.2,"pub":false}},{"type":"Feature","geometry":{"type":"Point","coordinates":[-107.8389,40.6096]},"properties":{"s":22.2,"pub":false}},{"type":"Feature","geometry":{"type":"Point","coordinates":[-107.8389,40.6154]},"properties":{"s":22.2,"pub":true}},{"type":"Feature","geometry":{"type":"Point","coordinates":[-107.8314,40.424]},"properties":{"s":50.0,"pub":true}},{"type":"Feature","geometry":{"type":"Point","coordinates":[-107.8314,40.4298]},"properties":{"s":50.0,"pub":true}},{"type":"Feature","geometry":{"type":"Point","coordinates":[-107.8314,40.4356]},"properties":{"s":50.0,"pub":true}},{"type":"Feature","geometry":{"type":"Point","coordinates":[-107.8314,40.4414]},"properties":{"s":50.0,"pub":true}},{"type":"Feature","geometry":{"type":"Point","coordinates":[-107.8314,40.4472]},"properties":{"s":50.0,"pub":true}},{"type":"Feature","geometry":{"type":"Point","coordinates":[-107.8314,40.482]},"properties":{"s":22.2,"pub":false}},{"type":"Feature","geometry":{"type":"Point","coordinates":[-107.8314,40.4878]},"properties":{"s":22.2,"pub":false}},{"type":"Feature","geometry":{"type":"Point","coordinates":[-107.8314,40.4936]},"properties":{"s":22.2,"pub":false}},{"type":"Feature","geometry":{"type":"Point","coordinates":[-107.8314,40.4994]},"properties":{"s":22.2,"pub":false}},{"type":"Feature","geometry":{"type":"Point","coordinates":[-107.8314,40.5052]},"properties":{"s":22.2,"pub":false}},{"type":"Feature","geometry":{"type":"Point","coordinates":[-107.8314,40.511]},"properties":{"s":22.2,"pub":true}},{"type":"Feature","geometry":{"type":"Point","coordinates":[-107.8314,40.5168]},"properties":{"s":22.2,"pub":true}},{"type":"Feature","geometry":{"type":"Point","coordinates":[-107.8314,40.5226]},"properties":{"s":22.2,"pub":true}},{"type":"Feature","geometry":{"type":"Point","coordinates":[-107.8314,40.569]},"properties":{"s":22.2,"pub":false}},{"type":"Feature","geometry":{"type":"Point","coordinates":[-107.8314,40.5748]},"properties":{"s":22.2,"pub":false}},{"type":"Feature","geometry":{"type":"Point","coordinates":[-107.8314,40.5806]},"properties":{"s":22.2,"pub":false}},{"type":"Feature","geometry":{"type":"Point","coordinates":[-107.8314,40.5864]},"properties":{"s":22.2,"pub":false}},{"type":"Feature","geometry":{"type":"Point","coordinates":[-107.8314,40.5922]},"properties":{"s":22.2,"pub":false}},{"type":"Feature","geometry":{"type":"Point","coordinates":[-107.8314,40.598]},"properties":{"s":22.2,"pub":false}},{"type":"Feature","geometry":{"type":"Point","coordinates":[-107.8314,40.6038]},"properties":{"s":22.2,"pub":false}},{"type":"Feature","geometry":{"type":"Point","coordinates":[-107.8314,40.6096]},"properties":{"s":22.2,"pub":false}},{"type":"Feature","geometry":{"type":"Point","coordinates":[-107.8314,40.6154]},"properties":{"s":22.2,"pub":false}},{"type":"Feature","geometry":{"type":"Point","coordinates":[-107.8314,40.6212]},"properties":{"s":22.2,"pub":false}},{"type":"Feature","geometry":{"type":"Point","coordinates":[-107.8314,40.627]},"properties":{"s":22.2,"pub":false}},{"type":"Feature","geometry":{"type":"Point","coordinates":[-107.8239,40.4298]},"properties":{"s":50.0,"pub":true}},{"type":"Feature","geometry":{"type":"Point","coordinates":[-107.8239,40.4356]},"properties":{"s":50.0,"pub":true}},{"type":"Feature","geometry":{"type":"Point","coordinates":[-107.8239,40.4414]},"properties":{"s":50.0,"pub":false}},{"type":"Feature","geometry":{"type":"Point","coordinates":[-107.8239,40.4472]},"properties":{"s":50.0,"pub":false}},{"type":"Feature","geometry":{"type":"Point","coordinates":[-107.8239,40.4588]},"properties":{"s":22.2,"pub":false}},{"type":"Feature","geometry":{"type":"Point","coordinates":[-107.8239,40.4646]},"properties":{"s":22.2,"pub":true}},{"type":"Feature","geometry":{"type":"Point","coordinates":[-107.8239,40.4704]},"properties":{"s":22.2,"pub":true}},{"type":"Feature","geometry":{"type":"Point","coordinates":[-107.8239,40.4762]},"properties":{"s":22.2,"pub":true}},{"type":"Feature","geometry":{"type":"Point","coordinates":[-107.8239,40.482]},"properties":{"s":22.2,"pub":false}},{"type":"Feature","geometry":{"type":"Point","coordinates":[-107.8239,40.4878]},"properties":{"s":22.2,"pub":false}},{"type":"Feature","geometry":{"type":"Point","coordinates":[-107.8239,40.4936]},"properties":{"s":22.2,"pub":false}},{"type":"Feature","geometry":{"type":"Point","coordinates":[-107.8239,40.4994]},"properties":{"s":22.2,"pub":false}},{"type":"Feature","geometry":{"type":"Point","coordinates":[-107.8239,40.5052]},"properties":{"s":22.2,"pub":false}},{"type":"Feature","geometry":{"type":"Point","coordinates":[-107.8239,40.511]},"properties":{"s":22.2,"pub":false}},{"type":"Feature","geometry":{"type":"Point","coordinates":[-107.8239,40.5168]},"properties":{"s":22.2,"pub":false}},{"type":"Feature","geometry":{"type":"Point","coordinates":[-107.8239,40.5226]},"properties":{"s":22.2,"pub":false}},{"type":"Feature","geometry":{"type":"Point","coordinates":[-107.8239,40.569]},"properties":{"s":22.2,"pub":false}},{"type":"Feature","geometry":{"type":"Point","coordinates":[-107.8239,40.5748]},"properties":{"s":22.2,"pub":true}},{"type":"Feature","geometry":{"type":"Point","coordinates":[-107.8239,40.5806]},"properties":{"s":22.2,"pub":false}},{"type":"Feature","geometry":{"type":"Point","coordinates":[-107.8239,40.5864]},"properties":{"s":22.2,"pub":false}},{"type":"Feature","geometry":{"type":"Point","coordinates":[-107.8239,40.5922]},"properties":{"s":22.2,"pub":false}},{"type":"Feature","geometry":{"type":"Point","coordinates":[-107.8239,40.598]},"properties":{"s":22.2,"pub":false}},{"type":"Feature","geometry":{"type":"Point","coordinates":[-107.8239,40.6038]},"properties":{"s":22.2,"pub":true}},{"type":"Feature","geometry":{"type":"Point","coordinates":[-107.8239,40.6096]},"properties":{"s":22.2,"pub":false}},{"type":"Feature","geometry":{"type":"Point","coordinates":[-107.8239,40.6154]},"properties":{"s":22.2,"pub":false}},{"type":"Feature","geometry":{"type":"Point","coordinates":[-107.8239,40.6212]},"properties":{"s":22.2,"pub":false}},{"type":"Feature","geometry":{"type":"Point","coordinates":[-107.8239,40.627]},"properties":{"s":22.2,"pub":false}},{"type":"Feature","geometry":{"type":"Point","coordinates":[-107.8164,40.4356]},"properties":{"s":50.0,"pub":true}},{"type":"Feature","geometry":{"type":"Point","coordinates":[-107.8164,40.4414]},"properties":{"s":50.0,"pub":false}},{"type":"Feature","geometry":{"type":"Point","coordinates":[-107.8164,40.4472]},"properties":{"s":22.2,"pub":false}},{"type":"Feature","geometry":{"type":"Point","coordinates":[-107.8164,40.453]},"properties":{"s":22.2,"pub":false}},{"type":"Feature","geometry":{"type":"Point","coordinates":[-107.8164,40.4588]},"properties":{"s":22.2,"pub":false}},{"type":"Feature","geometry":{"type":"Point","coordinates":[-107.8164,40.4646]},"properties":{"s":22.2,"pub":true}},{"type":"Feature","geometry":{"type":"Point","coordinates":[-107.8164,40.4704]},"properties":{"s":22.2,"pub":true}},{"type":"Feature","geometry":{"type":"Point","coordinates":[-107.8164,40.4762]},"properties":{"s":22.2,"pub":true}},{"type":"Feature","geometry":{"type":"Point","coordinates":[-107.8164,40.482]},"properties":{"s":22.2,"pub":false}},{"type":"Feature","geometry":{"type":"Point","coordinates":[-107.8164,40.4878]},"properties":{"s":22.2,"pub":false}},{"type":"Feature","geometry":{"type":"Point","coordinates":[-107.8164,40.4936]},"properties":{"s":22.2,"pub":false}},{"type":"Feature","geometry":{"type":"Point","coordinates":[-107.8164,40.4994]},"properties":{"s":22.2,"pub":false}},{"type":"Feature","geometry":{"type":"Point","coordinates":[-107.8164,40.5052]},"properties":{"s":22.2,"pub":false}},{"type":"Feature","geometry":{"type":"Point","coordinates":[-107.8164,40.511]},"properties":{"s":22.2,"pub":false}},{"type":"Feature","geometry":{"type":"Point","coordinates":[-107.8164,40.5168]},"properties":{"s":22.2,"pub":false}},{"type":"Feature","geometry":{"type":"Point","coordinates":[-107.8164,40.5226]},"properties":{"s":22.2,"pub":false}},{"type":"Feature","geometry":{"type":"Point","coordinates":[-107.8164,40.569]},"properties":{"s":22.2,"pub":true}},{"type":"Feature","geometry":{"type":"Point","coordinates":[-107.8164,40.5748]},"properties":{"s":22.2,"pub":false}},{"type":"Feature","geometry":{"type":"Point","coordinates":[-107.8164,40.5806]},"properties":{"s":22.2,"pub":false}},{"type":"Feature","geometry":{"type":"Point","coordinates":[-107.8164,40.5864]},"properties":{"s":22.2,"pub":false}},{"type":"Feature","geometry":{"type":"Point","coordinates":[-107.8164,40.5922]},"properties":{"s":22.2,"pub":false}},{"type":"Feature","geometry":{"type":"Point","coordinates":[-107.8164,40.598]},"properties":{"s":22.2,"pub":false}},{"type":"Feature","geometry":{"type":"Point","coordinates":[-107.8164,40.6038]},"properties":{"s":22.2,"pub":false}},{"type":"Feature","geometry":{"type":"Point","coordinates":[-107.8164,40.6096]},"properties":{"s":22.2,"pub":true}},{"type":"Feature","geometry":{"type":"Point","coordinates":[-107.8164,40.6154]},"properties":{"s":22.2,"pub":false}},{"type":"Feature","geometry":{"type":"Point","coordinates":[-107.8164,40.6212]},"properties":{"s":22.2,"pub":false}},{"type":"Feature","geometry":{"type":"Point","coordinates":[-107.8164,40.627]},"properties":{"s":22.2,"pub":false}},{"type":"Feature","geometry":{"type":"Point","coordinates":[-107.8164,40.6328]},"properties":{"s":22.2,"pub":false}},{"type":"Feature","geometry":{"type":"Point","coordinates":[-107.8164,40.6386]},"properties":{"s":22.2,"pub":false}},{"type":"Feature","geometry":{"type":"Point","coordinates":[-107.8089,40.4356]},"properties":{"s":50.0,"pub":true}},{"type":"Feature","geometry":{"type":"Point","coordinates":[-107.8089,40.4414]},"properties":{"s":55.6,"pub":false}},{"type":"Feature","geometry":{"type":"Point","coordinates":[-107.8089,40.4472]},"properties":{"s":22.2,"pub":false}},{"type":"Feature","geometry":{"type":"Point","coordinates":[-107.8089,40.453]},"properties":{"s":22.2,"pub":false}},{"type":"Feature","geometry":{"type":"Point","coordinates":[-107.8089,40.4588]},"properties":{"s":22.2,"pub":false}},{"type":"Feature","geometry":{"type":"Point","coordinates":[-107.8089,40.4646]},"properties":{"s":22.2,"pub":false}},{"type":"Feature","geometry":{"type":"Point","coordinates":[-107.8089,40.4704]},"properties":{"s":22.2,"pub":false}},{"type":"Feature","geometry":{"type":"Point","coordinates":[-107.8089,40.4762]},"properties":{"s":22.2,"pub":true}},{"type":"Feature","geometry":{"type":"Point","coordinates":[-107.8089,40.482]},"properties":{"s":22.2,"pub":true}},{"type":"Feature","geometry":{"type":"Point","coordinates":[-107.8089,40.4878]},"properties":{"s":22.2,"pub":false}},{"type":"Feature","geometry":{"type":"Point","coordinates":[-107.8089,40.4936]},"properties":{"s":22.2,"pub":false}},{"type":"Feature","geometry":{"type":"Point","coordinates":[-107.8089,40.4994]},"properties":{"s":22.2,"pub":false}},{"type":"Feature","geometry":{"type":"Point","coordinates":[-107.8089,40.5052]},"properties":{"s":22.2,"pub":false}},{"type":"Feature","geometry":{"type":"Point","coordinates":[-107.8089,40.511]},"properties":{"s":22.2,"pub":false}},{"type":"Feature","geometry":{"type":"Point","coordinates":[-107.8089,40.5168]},"properties":{"s":22.2,"pub":false}},{"type":"Feature","geometry":{"type":"Point","coordinates":[-107.8089,40.5226]},"properties":{"s":22.2,"pub":false}},{"type":"Feature","geometry":{"type":"Point","coordinates":[-107.8089,40.569]},"properties":{"s":22.2,"pub":false}},{"type":"Feature","geometry":{"type":"Point","coordinates":[-107.8089,40.5748]},"properties":{"s":22.2,"pub":false}},{"type":"Feature","geometry":{"type":"Point","coordinates":[-107.8089,40.5806]},"properties":{"s":22.2,"pub":false}},{"type":"Feature","geometry":{"type":"Point","coordinates":[-107.8089,40.5864]},"properties":{"s":22.2,"pub":false}},{"type":"Feature","geometry":{"type":"Point","coordinates":[-107.8089,40.5922]},"properties":{"s":22.2,"pub":false}},{"type":"Feature","geometry":{"type":"Point","coordinates":[-107.8089,40.598]},"properties":{"s":22.2,"pub":false}},{"type":"Feature","geometry":{"type":"Point","coordinates":[-107.8089,40.6038]},"properties":{"s":22.2,"pub":false}},{"type":"Feature","geometry":{"type":"Point","coordinates":[-107.8089,40.6096]},"properties":{"s":22.2,"pub":true}},{"type":"Feature","geometry":{"type":"Point","coordinates":[-107.8089,40.6154]},"properties":{"s":22.2,"pub":true}},{"type":"Feature","geometry":{"type":"Point","coordinates":[-107.8089,40.6212]},"properties":{"s":22.2,"pub":false}},{"type":"Feature","geometry":{"type":"Point","coordinates":[-107.8089,40.627]},"properties":{"s":22.2,"pub":false}},{"type":"Feature","geometry":{"type":"Point","coordinates":[-107.8089,40.6328]},"properties":{"s":22.2,"pub":false}},{"type":"Feature","geometry":{"type":"Point","coordinates":[-107.8089,40.6386]},"properties":{"s":22.2,"pub":false}},{"type":"Feature","geometry":{"type":"Point","coordinates":[-107.8089,40.6444]},"properties":{"s":22.2,"pub":false}},{"type":"Feature","geometry":{"type":"Point","coordinates":[-107.8089,40.6502]},"properties":{"s":22.2,"pub":true}},{"type":"Feature","geometry":{"type":"Point","coordinates":[-107.8089,40.656]},"properties":{"s":22.2,"pub":false}},{"type":"Feature","geometry":{"type":"Point","coordinates":[-107.8089,40.6618]},"properties":{"s":22.2,"pub":false}},{"type":"Feature","geometry":{"type":"Point","coordinates":[-107.8089,40.6676]},"properties":{"s":22.2,"pub":false}},{"type":"Feature","geometry":{"type":"Point","coordinates":[-107.8089,40.6734]},"properties":{"s":22.2,"pub":false}},{"type":"Feature","geometry":{"type":"Point","coordinates":[-107.8089,40.6792]},"properties":{"s":22.2,"pub":false}},{"type":"Feature","geometry":{"type":"Point","coordinates":[-107.8014,40.4124]},"properties":{"s":50.0,"pub":true}},{"type":"Feature","geometry":{"type":"Point","coordinates":[-107.8014,40.4298]},"properties":{"s":50.0,"pub":true}},{"type":"Feature","geometry":{"type":"Point","coordinates":[-107.8014,40.4356]},"properties":{"s":55.6,"pub":true}},{"type":"Feature","geometry":{"type":"Point","coordinates":[-107.8014,40.4414]},"properties":{"s":22.2,"pub":false}},{"type":"Feature","geometry":{"type":"Point","coordinates":[-107.8014,40.4472]},"properties":{"s":22.2,"pub":false}},{"type":"Feature","geometry":{"type":"Point","coordinates":[-107.8014,40.453]},"properties":{"s":22.2,"pub":false}},{"type":"Feature","geometry":{"type":"Point","coordinates":[-107.8014,40.4588]},"properties":{"s":22.2,"pub":false}},{"type":"Feature","geometry":{"type":"Point","coordinates":[-107.8014,40.4646]},"properties":{"s":22.2,"pub":false}},{"type":"Feature","geometry":{"type":"Point","coordinates":[-107.8014,40.4704]},"properties":{"s":22.2,"pub":false}},{"type":"Feature","geometry":{"type":"Point","coordinates":[-107.8014,40.4762]},"properties":{"s":22.2,"pub":false}},{"type":"Feature","geometry":{"type":"Point","coordinates":[-107.8014,40.482]},"properties":{"s":22.2,"pub":true}},{"type":"Feature","geometry":{"type":"Point","coordinates":[-107.8014,40.4878]},"properties":{"s":22.2,"pub":false}},{"type":"Feature","geometry":{"type":"Point","coordinates":[-107.8014,40.4936]},"properties":{"s":22.2,"pub":false}},{"type":"Feature","geometry":{"type":"Point","coordinates":[-107.8014,40.4994]},"properties":{"s":22.2,"pub":false}},{"type":"Feature","geometry":{"type":"Point","coordinates":[-107.8014,40.5052]},"properties":{"s":22.2,"pub":false}},{"type":"Feature","geometry":{"type":"Point","coordinates":[-107.8014,40.511]},"properties":{"s":22.2,"pub":false}},{"type":"Feature","geometry":{"type":"Point","coordinates":[-107.8014,40.5168]},"properties":{"s":22.2,"pub":false}},{"type":"Feature","geometry":{"type":"Point","coordinates":[-107.8014,40.569]},"properties":{"s":22.2,"pub":false}},{"type":"Feature","geometry":{"type":"Point","coordinates":[-107.8014,40.5748]},"properties":{"s":22.2,"pub":false}},{"type":"Feature","geometry":{"type":"Point","coordinates":[-107.8014,40.5806]},"properties":{"s":22.2,"pub":false}},{"type":"Feature","geometry":{"type":"Point","coordinates":[-107.8014,40.5864]},"properties":{"s":22.2,"pub":false}},{"type":"Feature","geometry":{"type":"Point","coordinates":[-107.8014,40.5922]},"properties":{"s":22.2,"pub":false}},{"type":"Feature","geometry":{"type":"Point","coordinates":[-107.8014,40.598]},"properties":{"s":22.2,"pub":false}},{"type":"Feature","geometry":{"type":"Point","coordinates":[-107.8014,40.6038]},"properties":{"s":22.2,"pub":false}},{"type":"Feature","geometry":{"type":"Point","coordinates":[-107.8014,40.6096]},"properties":{"s":22.2,"pub":true}},{"type":"Feature","geometry":{"type":"Point","coordinates":[-107.8014,40.6154]},"properties":{"s":22.2,"pub":true}},{"type":"Feature","geometry":{"type":"Point","coordinates":[-107.8014,40.6212]},"properties":{"s":22.2,"pub":false}},{"type":"Feature","geometry":{"type":"Point","coordinates":[-107.8014,40.627]},"properties":{"s":22.2,"pub":false}},{"type":"Feature","geometry":{"type":"Point","coordinates":[-107.8014,40.6328]},"properties":{"s":22.2,"pub":false}},{"type":"Feature","geometry":{"type":"Point","coordinates":[-107.8014,40.6386]},"properties":{"s":22.2,"pub":false}},{"type":"Feature","geometry":{"type":"Point","coordinates":[-107.8014,40.6444]},"properties":{"s":22.2,"pub":false}},{"type":"Feature","geometry":{"type":"Point","coordinates":[-107.8014,40.6502]},"properties":{"s":22.2,"pub":false}},{"type":"Feature","geometry":{"type":"Point","coordinates":[-107.8014,40.656]},"properties":{"s":22.2,"pub":false}},{"type":"Feature","geometry":{"type":"Point","coordinates":[-107.8014,40.6618]},"properties":{"s":22.2,"pub":false}},{"type":"Feature","geometry":{"type":"Point","coordinates":[-107.8014,40.6676]},"properties":{"s":22.2,"pub":false}},{"type":"Feature","geometry":{"type":"Point","coordinates":[-107.8014,40.6734]},"properties":{"s":22.2,"pub":false}},{"type":"Feature","geometry":{"type":"Point","coordinates":[-107.8014,40.6792]},"properties":{"s":22.2,"pub":false}},{"type":"Feature","geometry":{"type":"Point","coordinates":[-107.8014,40.685]},"properties":{"s":22.2,"pub":false}},{"type":"Feature","geometry":{"type":"Point","coordinates":[-107.7939,40.4124]},"properties":{"s":50.0,"pub":true}},{"type":"Feature","geometry":{"type":"Point","coordinates":[-107.7939,40.4182]},"properties":{"s":50.0,"pub":true}},{"type":"Feature","geometry":{"type":"Point","coordinates":[-107.7939,40.424]},"properties":{"s":50.0,"pub":true}},{"type":"Feature","geometry":{"type":"Point","coordinates":[-107.7939,40.4298]},"properties":{"s":50.0,"pub":true}},{"type":"Feature","geometry":{"type":"Point","coordinates":[-107.7939,40.4356]},"properties":{"s":55.6,"pub":true}},{"type":"Feature","geometry":{"type":"Point","coordinates":[-107.7939,40.4414]},"properties":{"s":22.2,"pub":true}},{"type":"Feature","geometry":{"type":"Point","coordinates":[-107.7939,40.4472]},"properties":{"s":22.2,"pub":true}},{"type":"Feature","geometry":{"type":"Point","coordinates":[-107.7939,40.453]},"properties":{"s":22.2,"pub":false}},{"type":"Feature","geometry":{"type":"Point","coordinates":[-107.7939,40.4588]},"properties":{"s":22.2,"pub":false}},{"type":"Feature","geometry":{"type":"Point","coordinates":[-107.7939,40.4646]},"properties":{"s":22.2,"pub":false}},{"type":"Feature","geometry":{"type":"Point","coordinates":[-107.7939,40.4704]},"properties":{"s":22.2,"pub":false}},{"type":"Feature","geometry":{"type":"Point","coordinates":[-107.7939,40.4762]},"properties":{"s":22.2,"pub":false}},{"type":"Feature","geometry":{"type":"Point","coordinates":[-107.7939,40.482]},"properties":{"s":22.2,"pub":true}},{"type":"Feature","geometry":{"type":"Point","coordinates":[-107.7939,40.4878]},"properties":{"s":22.2,"pub":false}},{"type":"Feature","geometry":{"type":"Point","coordinates":[-107.7939,40.4936]},"properties":{"s":22.2,"pub":false}},{"type":"Feature","geometry":{"type":"Point","coordinates":[-107.7939,40.4994]},"properties":{"s":22.2,"pub":false}},{"type":"Feature","geometry":{"type":"Point","coordinates":[-107.7939,40.5052]},"properties":{"s":22.2,"pub":false}},{"type":"Feature","geometry":{"type":"Point","coordinates":[-107.7939,40.511]},"properties":{"s":22.2,"pub":false}},{"type":"Feature","geometry":{"type":"Point","coordinates":[-107.7939,40.5168]},"properties":{"s":22.2,"pub":false}},{"type":"Feature","geometry":{"type":"Point","coordinates":[-107.7939,40.5748]},"properties":{"s":22.2,"pub":false}},{"type":"Feature","geometry":{"type":"Point","coordinates":[-107.7939,40.5806]},"properties":{"s":22.2,"pub":false}},{"type":"Feature","geometry":{"type":"Point","coordinates":[-107.7939,40.5864]},"properties":{"s":22.2,"pub":false}},{"type":"Feature","geometry":{"type":"Point","coordinates":[-107.7939,40.5922]},"properties":{"s":22.2,"pub":false}},{"type":"Feature","geometry":{"type":"Point","coordinates":[-107.7939,40.598]},"properties":{"s":22.2,"pub":false}},{"type":"Feature","geometry":{"type":"Point","coordinates":[-107.7939,40.6038]},"properties":{"s":22.2,"pub":false}},{"type":"Feature","geometry":{"type":"Point","coordinates":[-107.7939,40.6096]},"properties":{"s":22.2,"pub":true}},{"type":"Feature","geometry":{"type":"Point","coordinates":[-107.7939,40.6154]},"properties":{"s":22.2,"pub":false}},{"type":"Feature","geometry":{"type":"Point","coordinates":[-107.7939,40.6212]},"properties":{"s":22.2,"pub":false}},{"type":"Feature","geometry":{"type":"Point","coordinates":[-107.7939,40.627]},"properties":{"s":22.2,"pub":false}},{"type":"Feature","geometry":{"type":"Point","coordinates":[-107.7939,40.6328]},"properties":{"s":22.2,"pub":false}},{"type":"Feature","geometry":{"type":"Point","coordinates":[-107.7939,40.6386]},"properties":{"s":22.2,"pub":false}},{"type":"Feature","geometry":{"type":"Point","coordinates":[-107.7939,40.6444]},"properties":{"s":22.2,"pub":false}},{"type":"Feature","geometry":{"type":"Point","coordinates":[-107.7939,40.6502]},"properties":{"s":22.2,"pub":false}},{"type":"Feature","geometry":{"type":"Point","coordinates":[-107.7939,40.656]},"properties":{"s":22.2,"pub":false}},{"type":"Feature","geometry":{"type":"Point","coordinates":[-107.7939,40.6618]},"properties":{"s":22.2,"pub":false}},{"type":"Feature","geometry":{"type":"Point","coordinates":[-107.7939,40.6676]},"properties":{"s":22.2,"pub":false}},{"type":"Feature","geometry":{"type":"Point","coordinates":[-107.7939,40.6734]},"properties":{"s":22.2,"pub":false}},{"type":"Feature","geometry":{"type":"Point","coordinates":[-107.7939,40.6792]},"properties":{"s":22.2,"pub":false}},{"type":"Feature","geometry":{"type":"Point","coordinates":[-107.7939,40.685]},"properties":{"s":22.2,"pub":false}},{"type":"Feature","geometry":{"type":"Point","coordinates":[-107.7939,40.6908]},"properties":{"s":22.2,"pub":false}},{"type":"Feature","geometry":{"type":"Point","coordinates":[-107.7939,40.6966]},"properties":{"s":22.2,"pub":false}},{"type":"Feature","geometry":{"type":"Point","coordinates":[-107.7939,40.7024]},"properties":{"s":22.2,"pub":true}},{"type":"Feature","geometry":{"type":"Point","coordinates":[-107.7864,40.4182]},"properties":{"s":50.0,"pub":true}},{"type":"Feature","geometry":{"type":"Point","coordinates":[-107.7864,40.424]},"properties":{"s":50.0,"pub":true}},{"type":"Feature","geometry":{"type":"Point","coordinates":[-107.7864,40.4298]},"properties":{"s":55.6,"pub":true}},{"type":"Feature","geometry":{"type":"Point","coordinates":[-107.7864,40.4356]},"properties":{"s":22.2,"pub":true}},{"type":"Feature","geometry":{"type":"Point","coordinates":[-107.7864,40.4414]},"properties":{"s":22.2,"pub":true}},{"type":"Feature","geometry":{"type":"Point","coordinates":[-107.7864,40.4472]},"properties":{"s":22.2,"pub":true}},{"type":"Feature","geometry":{"type":"Point","coordinates":[-107.7864,40.453]},"properties":{"s":22.2,"pub":true}},{"type":"Feature","geometry":{"type":"Point","coordinates":[-107.7864,40.4588]},"properties":{"s":22.2,"pub":false}},{"type":"Feature","geometry":{"type":"Point","coordinates":[-107.7864,40.4646]},"properties":{"s":22.2,"pub":false}},{"type":"Feature","geometry":{"type":"Point","coordinates":[-107.7864,40.4704]},"properties":{"s":22.2,"pub":false}},{"type":"Feature","geometry":{"type":"Point","coordinates":[-107.7864,40.4762]},"properties":{"s":22.2,"pub":false}},{"type":"Feature","geometry":{"type":"Point","coordinates":[-107.7864,40.482]},"properties":{"s":22.2,"pub":true}},{"type":"Feature","geometry":{"type":"Point","coordinates":[-107.7864,40.4878]},"properties":{"s":22.2,"pub":false}},{"type":"Feature","geometry":{"type":"Point","coordinates":[-107.7864,40.4936]},"properties":{"s":22.2,"pub":false}},{"type":"Feature","geometry":{"type":"Point","coordinates":[-107.7864,40.4994]},"properties":{"s":22.2,"pub":false}},{"type":"Feature","geometry":{"type":"Point","coordinates":[-107.7864,40.5052]},"properties":{"s":22.2,"pub":false}},{"type":"Feature","geometry":{"type":"Point","coordinates":[-107.7864,40.511]},"properties":{"s":22.2,"pub":true}},{"type":"Feature","geometry":{"type":"Point","coordinates":[-107.7864,40.5168]},"properties":{"s":22.2,"pub":true}},{"type":"Feature","geometry":{"type":"Point","coordinates":[-107.7864,40.5748]},"properties":{"s":22.2,"pub":false}},{"type":"Feature","geometry":{"type":"Point","coordinates":[-107.7864,40.5806]},"properties":{"s":22.2,"pub":false}},{"type":"Feature","geometry":{"type":"Point","coordinates":[-107.7864,40.5864]},"properties":{"s":22.2,"pub":false}},{"type":"Feature","geometry":{"type":"Point","coordinates":[-107.7864,40.5922]},"properties":{"s":22.2,"pub":false}},{"type":"Feature","geometry":{"type":"Point","coordinates":[-107.7864,40.598]},"properties":{"s":22.2,"pub":true}},{"type":"Feature","geometry":{"type":"Point","coordinates":[-107.7864,40.6038]},"properties":{"s":22.2,"pub":true}},{"type":"Feature","geometry":{"type":"Point","coordinates":[-107.7864,40.6096]},"properties":{"s":22.2,"pub":true}},{"type":"Feature","geometry":{"type":"Point","coordinates":[-107.7864,40.6154]},"properties":{"s":22.2,"pub":false}},{"type":"Feature","geometry":{"type":"Point","coordinates":[-107.7864,40.6212]},"properties":{"s":22.2,"pub":false}},{"type":"Feature","geometry":{"type":"Point","coordinates":[-107.7864,40.627]},"properties":{"s":22.2,"pub":false}},{"type":"Feature","geometry":{"type":"Point","coordinates":[-107.7864,40.6328]},"properties":{"s":22.2,"pub":false}},{"type":"Feature","geometry":{"type":"Point","coordinates":[-107.7864,40.6386]},"properties":{"s":22.2,"pub":false}},{"type":"Feature","geometry":{"type":"Point","coordinates":[-107.7864,40.6444]},"properties":{"s":22.2,"pub":false}},{"type":"Feature","geometry":{"type":"Point","coordinates":[-107.7864,40.6502]},"properties":{"s":22.2,"pub":false}},{"type":"Feature","geometry":{"type":"Point","coordinates":[-107.7864,40.656]},"properties":{"s":22.2,"pub":false}},{"type":"Feature","geometry":{"type":"Point","coordinates":[-107.7864,40.6618]},"properties":{"s":22.2,"pub":false}},{"type":"Feature","geometry":{"type":"Point","coordinates":[-107.7864,40.6676]},"properties":{"s":22.2,"pub":false}},{"type":"Feature","geometry":{"type":"Point","coordinates":[-107.7864,40.6734]},"properties":{"s":22.2,"pub":false}},{"type":"Feature","geometry":{"type":"Point","coordinates":[-107.7864,40.6792]},"properties":{"s":22.2,"pub":false}},{"type":"Feature","geometry":{"type":"Point","coordinates":[-107.7864,40.685]},"properties":{"s":22.2,"pub":false}},{"type":"Feature","geometry":{"type":"Point","coordinates":[-107.7864,40.6908]},"properties":{"s":22.2,"pub":true}},{"type":"Feature","geometry":{"type":"Point","coordinates":[-107.7864,40.6966]},"properties":{"s":22.2,"pub":true}},{"type":"Feature","geometry":{"type":"Point","coordinates":[-107.7864,40.7024]},"properties":{"s":22.2,"pub":true}},{"type":"Feature","geometry":{"type":"Point","coordinates":[-107.7864,40.7082]},"properties":{"s":22.2,"pub":false}},{"type":"Feature","geometry":{"type":"Point","coordinates":[-107.7864,40.714]},"properties":{"s":22.2,"pub":false}},{"type":"Feature","geometry":{"type":"Point","coordinates":[-107.7789,40.4182]},"properties":{"s":50.0,"pub":true}},{"type":"Feature","geometry":{"type":"Point","coordinates":[-107.7789,40.424]},"properties":{"s":55.6,"pub":true}},{"type":"Feature","geometry":{"type":"Point","coordinates":[-107.7789,40.4298]},"properties":{"s":22.2,"pub":true}},{"type":"Feature","geometry":{"type":"Point","coordinates":[-107.7789,40.4356]},"properties":{"s":22.2,"pub":true}},{"type":"Feature","geometry":{"type":"Point","coordinates":[-107.7789,40.4414]},"properties":{"s":22.2,"pub":true}},{"type":"Feature","geometry":{"type":"Point","coordinates":[-107.7789,40.4472]},"properties":{"s":22.2,"pub":false}},{"type":"Feature","geometry":{"type":"Point","coordinates":[-107.7789,40.453]},"properties":{"s":22.2,"pub":true}},{"type":"Feature","geometry":{"type":"Point","coordinates":[-107.7789,40.4588]},"properties":{"s":22.2,"pub":false}},{"type":"Feature","geometry":{"type":"Point","coordinates":[-107.7789,40.4646]},"properties":{"s":22.2,"pub":false}},{"type":"Feature","geometry":{"type":"Point","coordinates":[-107.7789,40.4704]},"properties":{"s":22.2,"pub":false}},{"type":"Feature","geometry":{"type":"Point","coordinates":[-107.7789,40.4762]},"properties":{"s":22.2,"pub":false}},{"type":"Feature","geometry":{"type":"Point","coordinates":[-107.7789,40.482]},"properties":{"s":22.2,"pub":false}},{"type":"Feature","geometry":{"type":"Point","coordinates":[-107.7789,40.4878]},"properties":{"s":22.2,"pub":false}},{"type":"Feature","geometry":{"type":"Point","coordinates":[-107.7789,40.4936]},"properties":{"s":22.2,"pub":false}},{"type":"Feature","geometry":{"type":"Point","coordinates":[-107.7789,40.4994]},"properties":{"s":22.2,"pub":false}},{"type":"Feature","geometry":{"type":"Point","coordinates":[-107.7789,40.5052]},"properties":{"s":22.2,"pub":false}},{"type":"Feature","geometry":{"type":"Point","coordinates":[-107.7789,40.511]},"properties":{"s":22.2,"pub":true}},{"type":"Feature","geometry":{"type":"Point","coordinates":[-107.7789,40.5748]},"properties":{"s":22.2,"pub":false}},{"type":"Feature","geometry":{"type":"Point","coordinates":[-107.7789,40.5806]},"properties":{"s":22.2,"pub":false}},{"type":"Feature","geometry":{"type":"Point","coordinates":[-107.7789,40.5864]},"properties":{"s":22.2,"pub":false}},{"type":"Feature","geometry":{"type":"Point","coordinates":[-107.7789,40.5922]},"properties":{"s":22.2,"pub":false}},{"type":"Feature","geometry":{"type":"Point","coordinates":[-107.7789,40.598]},"properties":{"s":22.2,"pub":true}},{"type":"Feature","geometry":{"type":"Point","coordinates":[-107.7789,40.6038]},"properties":{"s":22.2,"pub":true}},{"type":"Feature","geometry":{"type":"Point","coordinates":[-107.7789,40.6096]},"properties":{"s":22.2,"pub":false}},{"type":"Feature","geometry":{"type":"Point","coordinates":[-107.7789,40.6154]},"properties":{"s":22.2,"pub":false}},{"type":"Feature","geometry":{"type":"Point","coordinates":[-107.7789,40.6212]},"properties":{"s":22.2,"pub":false}},{"type":"Feature","geometry":{"type":"Point","coordinates":[-107.7789,40.627]},"properties":{"s":22.2,"pub":false}},{"type":"Feature","geometry":{"type":"Point","coordinates":[-107.7789,40.6328]},"properties":{"s":22.2,"pub":false}},{"type":"Feature","geometry":{"type":"Point","coordinates":[-107.7789,40.6386]},"properties":{"s":22.2,"pub":false}},{"type":"Feature","geometry":{"type":"Point","coordinates":[-107.7789,40.6444]},"properties":{"s":22.2,"pub":false}},{"type":"Feature","geometry":{"type":"Point","coordinates":[-107.7789,40.6502]},"properties":{"s":22.2,"pub":false}},{"type":"Feature","geometry":{"type":"Point","coordinates":[-107.7789,40.656]},"properties":{"s":22.2,"pub":false}},{"type":"Feature","geometry":{"type":"Point","coordinates":[-107.7789,40.6618]},"properties":{"s":22.2,"pub":false}},{"type":"Feature","geometry":{"type":"Point","coordinates":[-107.7789,40.6676]},"properties":{"s":22.2,"pub":false}},{"type":"Feature","geometry":{"type":"Point","coordinates":[-107.7789,40.6734]},"properties":{"s":22.2,"pub":false}},{"type":"Feature","geometry":{"type":"Point","coordinates":[-107.7789,40.6792]},"properties":{"s":22.2,"pub":false}},{"type":"Feature","geometry":{"type":"Point","coordinates":[-107.7789,40.685]},"properties":{"s":22.2,"pub":false}},{"type":"Feature","geometry":{"type":"Point","coordinates":[-107.7789,40.6908]},"properties":{"s":22.2,"pub":true}},{"type":"Feature","geometry":{"type":"Point","coordinates":[-107.7789,40.6966]},"properties":{"s":22.2,"pub":true}},{"type":"Feature","geometry":{"type":"Point","coordinates":[-107.7789,40.7024]},"properties":{"s":22.2,"pub":true}},{"type":"Feature","geometry":{"type":"Point","coordinates":[-107.7789,40.7082]},"properties":{"s":22.2,"pub":false}},{"type":"Feature","geometry":{"type":"Point","coordinates":[-107.7789,40.714]},"properties":{"s":22.2,"pub":false}},{"type":"Feature","geometry":{"type":"Point","coordinates":[-107.7789,40.7198]},"properties":{"s":22.2,"pub":false}},{"type":"Feature","geometry":{"type":"Point","coordinates":[-107.7714,40.424]},"properties":{"s":22.2,"pub":true}},{"type":"Feature","geometry":{"type":"Point","coordinates":[-107.7714,40.4298]},"properties":{"s":22.2,"pub":false}},{"type":"Feature","geometry":{"type":"Point","coordinates":[-107.7714,40.4356]},"properties":{"s":22.2,"pub":false}},{"type":"Feature","geometry":{"type":"Point","coordinates":[-107.7714,40.4414]},"properties":{"s":22.2,"pub":false}},{"type":"Feature","geometry":{"type":"Point","coordinates":[-107.7714,40.4472]},"properties":{"s":22.2,"pub":false}},{"type":"Feature","geometry":{"type":"Point","coordinates":[-107.7714,40.453]},"properties":{"s":22.2,"pub":false}},{"type":"Feature","geometry":{"type":"Point","coordinates":[-107.7714,40.4588]},"properties":{"s":22.2,"pub":false}},{"type":"Feature","geometry":{"type":"Point","coordinates":[-107.7714,40.4646]},"properties":{"s":22.2,"pub":false}},{"type":"Feature","geometry":{"type":"Point","coordinates":[-107.7714,40.4704]},"properties":{"s":22.2,"pub":false}},{"type":"Feature","geometry":{"type":"Point","coordinates":[-107.7714,40.4762]},"properties":{"s":22.2,"pub":false}},{"type":"Feature","geometry":{"type":"Point","coordinates":[-107.7714,40.482]},"properties":{"s":22.2,"pub":false}},{"type":"Feature","geometry":{"type":"Point","coordinates":[-107.7714,40.4878]},"properties":{"s":22.2,"pub":false}},{"type":"Feature","geometry":{"type":"Point","coordinates":[-107.7714,40.4936]},"properties":{"s":22.2,"pub":false}},{"type":"Feature","geometry":{"type":"Point","coordinates":[-107.7714,40.4994]},"properties":{"s":22.2,"pub":false}},{"type":"Feature","geometry":{"type":"Point","coordinates":[-107.7714,40.5052]},"properties":{"s":22.2,"pub":false}},{"type":"Feature","geometry":{"type":"Point","coordinates":[-107.7714,40.5748]},"properties":{"s":22.2,"pub":false}},{"type":"Feature","geometry":{"type":"Point","coordinates":[-107.7714,40.5806]},"properties":{"s":22.2,"pub":false}},{"type":"Feature","geometry":{"type":"Point","coordinates":[-107.7714,40.5864]},"properties":{"s":22.2,"pub":false}},{"type":"Feature","geometry":{"type":"Point","coordinates":[-107.7714,40.5922]},"properties":{"s":22.2,"pub":false}},{"type":"Feature","geometry":{"type":"Point","coordinates":[-107.7714,40.598]},"properties":{"s":22.2,"pub":false}},{"type":"Feature","geometry":{"type":"Point","coordinates":[-107.7714,40.6038]},"properties":{"s":22.2,"pub":false}},{"type":"Feature","geometry":{"type":"Point","coordinates":[-107.7714,40.6096]},"properties":{"s":22.2,"pub":false}},{"type":"Feature","geometry":{"type":"Point","coordinates":[-107.7714,40.6154]},"properties":{"s":22.2,"pub":false}},{"type":"Feature","geometry":{"type":"Point","coordinates":[-107.7714,40.6212]},"properties":{"s":22.2,"pub":false}},{"type":"Feature","geometry":{"type":"Point","coordinates":[-107.7714,40.627]},"properties":{"s":22.2,"pub":false}},{"type":"Feature","geometry":{"type":"Point","coordinates":[-107.7714,40.6328]},"properties":{"s":22.2,"pub":false}},{"type":"Feature","geometry":{"type":"Point","coordinates":[-107.7714,40.6386]},"properties":{"s":22.2,"pub":false}},{"type":"Feature","geometry":{"type":"Point","coordinates":[-107.7714,40.6444]},"properties":{"s":22.2,"pub":false}},{"type":"Feature","geometry":{"type":"Point","coordinates":[-107.7714,40.6502]},"properties":{"s":22.2,"pub":false}},{"type":"Feature","geometry":{"type":"Point","coordinates":[-107.7714,40.656]},"properties":{"s":22.2,"pub":false}},{"type":"Feature","geometry":{"type":"Point","coordinates":[-107.7714,40.6618]},"properties":{"s":22.2,"pub":false}},{"type":"Feature","geometry":{"type":"Point","coordinates":[-107.7714,40.6676]},"properties":{"s":22.2,"pub":false}},{"type":"Feature","geometry":{"type":"Point","coordinates":[-107.7714,40.6734]},"properties":{"s":22.2,"pub":false}},{"type":"Feature","geometry":{"type":"Point","coordinates":[-107.7714,40.6792]},"properties":{"s":22.2,"pub":false}},{"type":"Feature","geometry":{"type":"Point","coordinates":[-107.7714,40.685]},"properties":{"s":22.2,"pub":false}},{"type":"Feature","geometry":{"type":"Point","coordinates":[-107.7714,40.6908]},"properties":{"s":22.2,"pub":false}},{"type":"Feature","geometry":{"type":"Point","coordinates":[-107.7714,40.6966]},"properties":{"s":22.2,"pub":false}},{"type":"Feature","geometry":{"type":"Point","coordinates":[-107.7714,40.7024]},"properties":{"s":22.2,"pub":false}},{"type":"Feature","geometry":{"type":"Point","coordinates":[-107.7714,40.7082]},"properties":{"s":22.2,"pub":false}},{"type":"Feature","geometry":{"type":"Point","coordinates":[-107.7714,40.714]},"properties":{"s":22.2,"pub":false}},{"type":"Feature","geometry":{"type":"Point","coordinates":[-107.7714,40.7198]},"properties":{"s":22.2,"pub":false}},{"type":"Feature","geometry":{"type":"Point","coordinates":[-107.7714,40.7256]},"properties":{"s":22.2,"pub":false}},{"type":"Feature","geometry":{"type":"Point","coordinates":[-107.7639,40.4008]},"properties":{"s":50.0,"pub":true}},{"type":"Feature","geometry":{"type":"Point","coordinates":[-107.7639,40.4066]},"properties":{"s":50.0,"pub":false}},{"type":"Feature","geometry":{"type":"Point","coordinates":[-107.7639,40.4124]},"properties":{"s":50.0,"pub":false}},{"type":"Feature","geometry":{"type":"Point","coordinates":[-107.7639,40.424]},"properties":{"s":22.2,"pub":true}},{"type":"Feature","geometry":{"type":"Point","coordinates":[-107.7639,40.4298]},"properties":{"s":22.2,"pub":false}},{"type":"Feature","geometry":{"type":"Point","coordinates":[-107.7639,40.4356]},"properties":{"s":22.2,"pub":false}},{"type":"Feature","geometry":{"type":"Point","coordinates":[-107.7639,40.4414]},"properties":{"s":22.2,"pub":false}},{"type":"Feature","geometry":{"type":"Point","coordinates":[-107.7639,40.4472]},"properties":{"s":22.2,"pub":false}},{"type":"Feature","geometry":{"type":"Point","coordinates":[-107.7639,40.453]},"properties":{"s":22.2,"pub":false}},{"type":"Feature","geometry":{"type":"Point","coordinates":[-107.7639,40.4588]},"properties":{"s":22.2,"pub":false}},{"type":"Feature","geometry":{"type":"Point","coordinates":[-107.7639,40.4646]},"properties":{"s":22.2,"pub":false}},{"type":"Feature","geometry":{"type":"Point","coordinates":[-107.7639,40.4704]},"properties":{"s":22.2,"pub":false}},{"type":"Feature","geometry":{"type":"Point","coordinates":[-107.7639,40.4762]},"properties":{"s":22.2,"pub":false}},{"type":"Feature","geometry":{"type":"Point","coordinates":[-107.7639,40.482]},"properties":{"s":22.2,"pub":false}},{"type":"Feature","geometry":{"type":"Point","coordinates":[-107.7639,40.4878]},"properties":{"s":22.2,"pub":false}},{"type":"Feature","geometry":{"type":"Point","coordinates":[-107.7639,40.4936]},"properties":{"s":22.2,"pub":false}},{"type":"Feature","geometry":{"type":"Point","coordinates":[-107.7639,40.4994]},"properties":{"s":22.2,"pub":false}},{"type":"Feature","geometry":{"type":"Point","coordinates":[-107.7639,40.5806]},"properties":{"s":22.2,"pub":false}},{"type":"Feature","geometry":{"type":"Point","coordinates":[-107.7639,40.5864]},"properties":{"s":22.2,"pub":false}},{"type":"Feature","geometry":{"type":"Point","coordinates":[-107.7639,40.5922]},"properties":{"s":22.2,"pub":false}},{"type":"Feature","geometry":{"type":"Point","coordinates":[-107.7639,40.598]},"properties":{"s":22.2,"pub":false}},{"type":"Feature","geometry":{"type":"Point","coordinates":[-107.7639,40.6038]},"properties":{"s":22.2,"pub":false}},{"type":"Feature","geometry":{"type":"Point","coordinates":[-107.7639,40.6096]},"properties":{"s":22.2,"pub":false}},{"type":"Feature","geometry":{"type":"Point","coordinates":[-107.7639,40.6154]},"properties":{"s":22.2,"pub":false}},{"type":"Feature","geometry":{"type":"Point","coordinates":[-107.7639,40.6212]},"properties":{"s":22.2,"pub":false}},{"type":"Feature","geometry":{"type":"Point","coordinates":[-107.7639,40.627]},"properties":{"s":22.2,"pub":false}},{"type":"Feature","geometry":{"type":"Point","coordinates":[-107.7639,40.6328]},"properties":{"s":22.2,"pub":false}},{"type":"Feature","geometry":{"type":"Point","coordinates":[-107.7639,40.6386]},"properties":{"s":22.2,"pub":false}},{"type":"Feature","geometry":{"type":"Point","coordinates":[-107.7639,40.6444]},"properties":{"s":22.2,"pub":false}},{"type":"Feature","geometry":{"type":"Point","coordinates":[-107.7639,40.6502]},"properties":{"s":22.2,"pub":false}},{"type":"Feature","geometry":{"type":"Point","coordinates":[-107.7639,40.656]},"properties":{"s":22.2,"pub":false}},{"type":"Feature","geometry":{"type":"Point","coordinates":[-107.7639,40.6618]},"properties":{"s":22.2,"pub":false}},{"type":"Feature","geometry":{"type":"Point","coordinates":[-107.7639,40.6676]},"properties":{"s":22.2,"pub":false}},{"type":"Feature","geometry":{"type":"Point","coordinates":[-107.7639,40.6734]},"properties":{"s":22.2,"pub":false}},{"type":"Feature","geometry":{"type":"Point","coordinates":[-107.7639,40.6792]},"properties":{"s":22.2,"pub":false}},{"type":"Feature","geometry":{"type":"Point","coordinates":[-107.7639,40.685]},"properties":{"s":22.2,"pub":false}},{"type":"Feature","geometry":{"type":"Point","coordinates":[-107.7639,40.6908]},"properties":{"s":22.2,"pub":false}},{"type":"Feature","geometry":{"type":"Point","coordinates":[-107.7639,40.6966]},"properties":{"s":22.2,"pub":false}},{"type":"Feature","geometry":{"type":"Point","coordinates":[-107.7639,40.7024]},"properties":{"s":22.2,"pub":false}},{"type":"Feature","geometry":{"type":"Point","coordinates":[-107.7639,40.7082]},"properties":{"s":22.2,"pub":false}},{"type":"Feature","geometry":{"type":"Point","coordinates":[-107.7639,40.714]},"properties":{"s":22.2,"pub":false}},{"type":"Feature","geometry":{"type":"Point","coordinates":[-107.7639,40.7198]},"properties":{"s":22.2,"pub":false}},{"type":"Feature","geometry":{"type":"Point","coordinates":[-107.7639,40.7256]},"properties":{"s":22.2,"pub":false}},{"type":"Feature","geometry":{"type":"Point","coordinates":[-107.7639,40.7314]},"properties":{"s":22.2,"pub":false}},{"type":"Feature","geometry":{"type":"Point","coordinates":[-107.7639,40.7372]},"properties":{"s":22.2,"pub":false}},{"type":"Feature","geometry":{"type":"Point","coordinates":[-107.7564,40.4008]},"properties":{"s":50.0,"pub":true}},{"type":"Feature","geometry":{"type":"Point","coordinates":[-107.7564,40.4066]},"properties":{"s":50.0,"pub":false}},{"type":"Feature","geometry":{"type":"Point","coordinates":[-107.7564,40.4124]},"properties":{"s":50.0,"pub":false}},{"type":"Feature","geometry":{"type":"Point","coordinates":[-107.7564,40.424]},"properties":{"s":22.2,"pub":true}},{"type":"Feature","geometry":{"type":"Point","coordinates":[-107.7564,40.4298]},"properties":{"s":22.2,"pub":true}},{"type":"Feature","geometry":{"type":"Point","coordinates":[-107.7564,40.4356]},"properties":{"s":22.2,"pub":false}},{"type":"Feature","geometry":{"type":"Point","coordinates":[-107.7564,40.4414]},"properties":{"s":22.2,"pub":false}},{"type":"Feature","geometry":{"type":"Point","coordinates":[-107.7564,40.4472]},"properties":{"s":22.2,"pub":false}},{"type":"Feature","geometry":{"type":"Point","coordinates":[-107.7564,40.453]},"properties":{"s":22.2,"pub":true}},{"type":"Feature","geometry":{"type":"Point","coordinates":[-107.7564,40.4588]},"properties":{"s":22.2,"pub":false}},{"type":"Feature","geometry":{"type":"Point","coordinates":[-107.7564,40.4646]},"properties":{"s":22.2,"pub":false}},{"type":"Feature","geometry":{"type":"Point","coordinates":[-107.7564,40.4704]},"properties":{"s":22.2,"pub":false}},{"type":"Feature","geometry":{"type":"Point","coordinates":[-107.7564,40.4762]},"properties":{"s":22.2,"pub":false}},{"type":"Feature","geometry":{"type":"Point","coordinates":[-107.7564,40.482]},"properties":{"s":22.2,"pub":false}},{"type":"Feature","geometry":{"type":"Point","coordinates":[-107.7564,40.4878]},"properties":{"s":22.2,"pub":false}},{"type":"Feature","geometry":{"type":"Point","coordinates":[-107.7564,40.4936]},"properties":{"s":22.2,"pub":false}},{"type":"Feature","geometry":{"type":"Point","coordinates":[-107.7564,40.4994]},"properties":{"s":22.2,"pub":false}},{"type":"Feature","geometry":{"type":"Point","coordinates":[-107.7564,40.5806]},"properties":{"s":22.2,"pub":true}},{"type":"Feature","geometry":{"type":"Point","coordinates":[-107.7564,40.5864]},"properties":{"s":22.2,"pub":false}},{"type":"Feature","geometry":{"type":"Point","coordinates":[-107.7564,40.5922]},"properties":{"s":22.2,"pub":false}},{"type":"Feature","geometry":{"type":"Point","coordinates":[-107.7564,40.598]},"properties":{"s":22.2,"pub":false}},{"type":"Feature","geometry":{"type":"Point","coordinates":[-107.7564,40.6038]},"properties":{"s":22.2,"pub":false}},{"type":"Feature","geometry":{"type":"Point","coordinates":[-107.7564,40.6096]},"properties":{"s":22.2,"pub":false}},{"type":"Feature","geometry":{"type":"Point","coordinates":[-107.7564,40.6154]},"properties":{"s":22.2,"pub":false}},{"type":"Feature","geometry":{"type":"Point","coordinates":[-107.7564,40.6212]},"properties":{"s":22.2,"pub":false}},{"type":"Feature","geometry":{"type":"Point","coordinates":[-107.7564,40.627]},"properties":{"s":22.2,"pub":false}},{"type":"Feature","geometry":{"type":"Point","coordinates":[-107.7564,40.6328]},"properties":{"s":22.2,"pub":false}},{"type":"Feature","geometry":{"type":"Point","coordinates":[-107.7564,40.6386]},"properties":{"s":22.2,"pub":false}},{"type":"Feature","geometry":{"type":"Point","coordinates":[-107.7564,40.6444]},"properties":{"s":22.2,"pub":false}},{"type":"Feature","geometry":{"type":"Point","coordinates":[-107.7564,40.6502]},"properties":{"s":22.2,"pub":false}},{"type":"Feature","geometry":{"type":"Point","coordinates":[-107.7564,40.656]},"properties":{"s":22.2,"pub":false}},{"type":"Feature","geometry":{"type":"Point","coordinates":[-107.7564,40.6618]},"properties":{"s":22.2,"pub":false}},{"type":"Feature","geometry":{"type":"Point","coordinates":[-107.7564,40.6676]},"properties":{"s":22.2,"pub":false}},{"type":"Feature","geometry":{"type":"Point","coordinates":[-107.7564,40.6734]},"properties":{"s":22.2,"pub":false}},{"type":"Feature","geometry":{"type":"Point","coordinates":[-107.7564,40.6792]},"properties":{"s":22.2,"pub":false}},{"type":"Feature","geometry":{"type":"Point","coordinates":[-107.7564,40.685]},"properties":{"s":22.2,"pub":false}},{"type":"Feature","geometry":{"type":"Point","coordinates":[-107.7564,40.6908]},"properties":{"s":22.2,"pub":false}},{"type":"Feature","geometry":{"type":"Point","coordinates":[-107.7564,40.6966]},"properties":{"s":22.2,"pub":false}},{"type":"Feature","geometry":{"type":"Point","coordinates":[-107.7564,40.7024]},"properties":{"s":22.2,"pub":false}},{"type":"Feature","geometry":{"type":"Point","coordinates":[-107.7564,40.7082]},"properties":{"s":22.2,"pub":false}},{"type":"Feature","geometry":{"type":"Point","coordinates":[-107.7564,40.714]},"properties":{"s":22.2,"pub":false}},{"type":"Feature","geometry":{"type":"Point","coordinates":[-107.7564,40.7198]},"properties":{"s":22.2,"pub":false}},{"type":"Feature","geometry":{"type":"Point","coordinates":[-107.7564,40.7256]},"properties":{"s":22.2,"pub":true}},{"type":"Feature","geometry":{"type":"Point","coordinates":[-107.7564,40.7314]},"properties":{"s":22.2,"pub":false}},{"type":"Feature","geometry":{"type":"Point","coordinates":[-107.7489,40.4066]},"properties":{"s":50.0,"pub":true}},{"type":"Feature","geometry":{"type":"Point","coordinates":[-107.7489,40.4124]},"properties":{"s":50.0,"pub":false}},{"type":"Feature","geometry":{"type":"Point","coordinates":[-107.7489,40.424]},"properties":{"s":22.2,"pub":false}},{"type":"Feature","geometry":{"type":"Point","coordinates":[-107.7489,40.4298]},"properties":{"s":22.2,"pub":false}},{"type":"Feature","geometry":{"type":"Point","coordinates":[-107.7489,40.4356]},"properties":{"s":22.2,"pub":false}},{"type":"Feature","geometry":{"type":"Point","coordinates":[-107.7489,40.4414]},"properties":{"s":22.2,"pub":true}},{"type":"Feature","geometry":{"type":"Point","coordinates":[-107.7489,40.4472]},"properties":{"s":22.2,"pub":true}},{"type":"Feature","geometry":{"type":"Point","coordinates":[-107.7489,40.453]},"properties":{"s":22.2,"pub":true}},{"type":"Feature","geometry":{"type":"Point","coordinates":[-107.7489,40.4588]},"properties":{"s":22.2,"pub":false}},{"type":"Feature","geometry":{"type":"Point","coordinates":[-107.7489,40.4646]},"properties":{"s":22.2,"pub":false}},{"type":"Feature","geometry":{"type":"Point","coordinates":[-107.7489,40.4704]},"properties":{"s":22.2,"pub":false}},{"type":"Feature","geometry":{"type":"Point","coordinates":[-107.7489,40.4762]},"properties":{"s":22.2,"pub":false}},{"type":"Feature","geometry":{"type":"Point","coordinates":[-107.7489,40.482]},"properties":{"s":22.2,"pub":false}},{"type":"Feature","geometry":{"type":"Point","coordinates":[-107.7489,40.4878]},"properties":{"s":22.2,"pub":false}},{"type":"Feature","geometry":{"type":"Point","coordinates":[-107.7489,40.4936]},"properties":{"s":22.2,"pub":false}},{"type":"Feature","geometry":{"type":"Point","coordinates":[-107.7489,40.5864]},"properties":{"s":22.2,"pub":false}},{"type":"Feature","geometry":{"type":"Point","coordinates":[-107.7489,40.5922]},"properties":{"s":22.2,"pub":false}},{"type":"Feature","geometry":{"type":"Point","coordinates":[-107.7489,40.598]},"properties":{"s":22.2,"pub":false}},{"type":"Feature","geometry":{"type":"Point","coordinates":[-107.7489,40.6038]},"properties":{"s":22.2,"pub":false}},{"type":"Feature","geometry":{"type":"Point","coordinates":[-107.7489,40.6096]},"properties":{"s":22.2,"pub":false}},{"type":"Feature","geometry":{"type":"Point","coordinates":[-107.7489,40.6154]},"properties":{"s":22.2,"pub":false}},{"type":"Feature","geometry":{"type":"Point","coordinates":[-107.7489,40.6212]},"properties":{"s":22.2,"pub":false}},{"type":"Feature","geometry":{"type":"Point","coordinates":[-107.7489,40.627]},"properties":{"s":22.2,"pub":false}},{"type":"Feature","geometry":{"type":"Point","coordinates":[-107.7489,40.6328]},"properties":{"s":22.2,"pub":false}},{"type":"Feature","geometry":{"type":"Point","coordinates":[-107.7489,40.6386]},"properties":{"s":22.2,"pub":false}},{"type":"Feature","geometry":{"type":"Point","coordinates":[-107.7489,40.6444]},"properties":{"s":22.2,"pub":false}},{"type":"Feature","geometry":{"type":"Point","coordinates":[-107.7489,40.6502]},"properties":{"s":22.2,"pub":false}},{"type":"Feature","geometry":{"type":"Point","coordinates":[-107.7489,40.656]},"properties":{"s":22.2,"pub":false}},{"type":"Feature","geometry":{"type":"Point","coordinates":[-107.7489,40.6618]},"properties":{"s":22.2,"pub":false}},{"type":"Feature","geometry":{"type":"Point","coordinates":[-107.7489,40.6676]},"properties":{"s":22.2,"pub":false}},{"type":"Feature","geometry":{"type":"Point","coordinates":[-107.7489,40.6734]},"properties":{"s":22.2,"pub":false}},{"type":"Feature","geometry":{"type":"Point","coordinates":[-107.7489,40.6792]},"properties":{"s":22.2,"pub":false}},{"type":"Feature","geometry":{"type":"Point","coordinates":[-107.7489,40.685]},"properties":{"s":22.2,"pub":false}},{"type":"Feature","geometry":{"type":"Point","coordinates":[-107.7489,40.6908]},"properties":{"s":22.2,"pub":false}},{"type":"Feature","geometry":{"type":"Point","coordinates":[-107.7489,40.6966]},"properties":{"s":22.2,"pub":false}},{"type":"Feature","geometry":{"type":"Point","coordinates":[-107.7489,40.7024]},"properties":{"s":22.2,"pub":false}},{"type":"Feature","geometry":{"type":"Point","coordinates":[-107.7489,40.7082]},"properties":{"s":22.2,"pub":false}},{"type":"Feature","geometry":{"type":"Point","coordinates":[-107.7489,40.714]},"properties":{"s":22.2,"pub":false}},{"type":"Feature","geometry":{"type":"Point","coordinates":[-107.7489,40.7198]},"properties":{"s":22.2,"pub":false}},{"type":"Feature","geometry":{"type":"Point","coordinates":[-107.7489,40.7256]},"properties":{"s":22.2,"pub":false}},{"type":"Feature","geometry":{"type":"Point","coordinates":[-107.7414,40.4066]},"properties":{"s":50.0,"pub":true}},{"type":"Feature","geometry":{"type":"Point","coordinates":[-107.7414,40.4182]},"properties":{"s":22.2,"pub":false}},{"type":"Feature","geometry":{"type":"Point","coordinates":[-107.7414,40.424]},"properties":{"s":22.2,"pub":false}},{"type":"Feature","geometry":{"type":"Point","coordinates":[-107.7414,40.4298]},"properties":{"s":22.2,"pub":false}},{"type":"Feature","geometry":{"type":"Point","coordinates":[-107.7414,40.4356]},"properties":{"s":22.2,"pub":true}},{"type":"Feature","geometry":{"type":"Point","coordinates":[-107.7414,40.4414]},"properties":{"s":22.2,"pub":false}},{"type":"Feature","geometry":{"type":"Point","coordinates":[-107.7414,40.4472]},"properties":{"s":22.2,"pub":false}},{"type":"Feature","geometry":{"type":"Point","coordinates":[-107.7414,40.453]},"properties":{"s":22.2,"pub":false}},{"type":"Feature","geometry":{"type":"Point","coordinates":[-107.7414,40.4588]},"properties":{"s":22.2,"pub":false}},{"type":"Feature","geometry":{"type":"Point","coordinates":[-107.7414,40.4646]},"properties":{"s":22.2,"pub":false}},{"type":"Feature","geometry":{"type":"Point","coordinates":[-107.7414,40.4704]},"properties":{"s":22.2,"pub":false}},{"type":"Feature","geometry":{"type":"Point","coordinates":[-107.7414,40.4762]},"properties":{"s":22.2,"pub":false}},{"type":"Feature","geometry":{"type":"Point","coordinates":[-107.7414,40.482]},"properties":{"s":22.2,"pub":false}},{"type":"Feature","geometry":{"type":"Point","coordinates":[-107.7414,40.4878]},"properties":{"s":22.2,"pub":false}},{"type":"Feature","geometry":{"type":"Point","coordinates":[-107.7414,40.5806]},"properties":{"s":22.2,"pub":true}},{"type":"Feature","geometry":{"type":"Point","coordinates":[-107.7414,40.5864]},"properties":{"s":22.2,"pub":true}},{"type":"Feature","geometry":{"type":"Point","coordinates":[-107.7414,40.5922]},"properties":{"s":22.2,"pub":false}},{"type":"Feature","geometry":{"type":"Point","coordinates":[-107.7414,40.598]},"properties":{"s":22.2,"pub":false}},{"type":"Feature","geometry":{"type":"Point","coordinates":[-107.7414,40.6038]},"properties":{"s":22.2,"pub":false}},{"type":"Feature","geometry":{"type":"Point","coordinates":[-107.7414,40.6096]},"properties":{"s":22.2,"pub":false}},{"type":"Feature","geometry":{"type":"Point","coordinates":[-107.7414,40.6154]},"properties":{"s":22.2,"pub":false}},{"type":"Feature","geometry":{"type":"Point","coordinates":[-107.7414,40.6212]},"properties":{"s":22.2,"pub":false}},{"type":"Feature","geometry":{"type":"Point","coordinates":[-107.7414,40.627]},"properties":{"s":22.2,"pub":false}},{"type":"Feature","geometry":{"type":"Point","coordinates":[-107.7414,40.6328]},"properties":{"s":22.2,"pub":true}},{"type":"Feature","geometry":{"type":"Point","coordinates":[-107.7414,40.6386]},"properties":{"s":22.2,"pub":true}},{"type":"Feature","geometry":{"type":"Point","coordinates":[-107.7414,40.6444]},"properties":{"s":22.2,"pub":false}},{"type":"Feature","geometry":{"type":"Point","coordinates":[-107.7414,40.6502]},"properties":{"s":22.2,"pub":false}},{"type":"Feature","geometry":{"type":"Point","coordinates":[-107.7414,40.656]},"properties":{"s":22.2,"pub":false}},{"type":"Feature","geometry":{"type":"Point","coordinates":[-107.7414,40.6618]},"properties":{"s":22.2,"pub":false}},{"type":"Feature","geometry":{"type":"Point","coordinates":[-107.7414,40.6676]},"properties":{"s":22.2,"pub":false}},{"type":"Feature","geometry":{"type":"Point","coordinates":[-107.7414,40.6734]},"properties":{"s":22.2,"pub":false}},{"type":"Feature","geometry":{"type":"Point","coordinates":[-107.7414,40.6792]},"properties":{"s":22.2,"pub":false}},{"type":"Feature","geometry":{"type":"Point","coordinates":[-107.7414,40.685]},"properties":{"s":22.2,"pub":false}},{"type":"Feature","geometry":{"type":"Point","coordinates":[-107.7414,40.6908]},"properties":{"s":22.2,"pub":false}},{"type":"Feature","geometry":{"type":"Point","coordinates":[-107.7414,40.6966]},"properties":{"s":22.2,"pub":false}},{"type":"Feature","geometry":{"type":"Point","coordinates":[-107.7414,40.7024]},"properties":{"s":22.2,"pub":false}},{"type":"Feature","geometry":{"type":"Point","coordinates":[-107.7414,40.7082]},"properties":{"s":22.2,"pub":false}},{"type":"Feature","geometry":{"type":"Point","coordinates":[-107.7414,40.714]},"properties":{"s":22.2,"pub":false}},{"type":"Feature","geometry":{"type":"Point","coordinates":[-107.7414,40.7198]},"properties":{"s":22.2,"pub":false}},{"type":"Feature","geometry":{"type":"Point","coordinates":[-107.7414,40.7256]},"properties":{"s":22.2,"pub":false}},{"type":"Feature","geometry":{"type":"Point","coordinates":[-107.7339,40.4066]},"properties":{"s":50.0,"pub":true}},{"type":"Feature","geometry":{"type":"Point","coordinates":[-107.7339,40.4124]},"properties":{"s":22.2,"pub":false}},{"type":"Feature","geometry":{"type":"Point","coordinates":[-107.7339,40.4182]},"properties":{"s":22.2,"pub":false}},{"type":"Feature","geometry":{"type":"Point","coordinates":[-107.7339,40.424]},"properties":{"s":22.2,"pub":false}},{"type":"Feature","geometry":{"type":"Point","coordinates":[-107.7339,40.4298]},"properties":{"s":22.2,"pub":false}},{"type":"Feature","geometry":{"type":"Point","coordinates":[-107.7339,40.4356]},"properties":{"s":22.2,"pub":false}},{"type":"Feature","geometry":{"type":"Point","coordinates":[-107.7339,40.4414]},"properties":{"s":22.2,"pub":false}},{"type":"Feature","geometry":{"type":"Point","coordinates":[-107.7339,40.4472]},"properties":{"s":22.2,"pub":false}},{"type":"Feature","geometry":{"type":"Point","coordinates":[-107.7339,40.453]},"properties":{"s":22.2,"pub":false}},{"type":"Feature","geometry":{"type":"Point","coordinates":[-107.7339,40.4588]},"properties":{"s":22.2,"pub":false}},{"type":"Feature","geometry":{"type":"Point","coordinates":[-107.7339,40.4646]},"properties":{"s":22.2,"pub":true}},{"type":"Feature","geometry":{"type":"Point","coordinates":[-107.7339,40.4704]},"properties":{"s":22.2,"pub":true}},{"type":"Feature","geometry":{"type":"Point","coordinates":[-107.7339,40.4762]},"properties":{"s":22.2,"pub":true}},{"type":"Feature","geometry":{"type":"Point","coordinates":[-107.7339,40.482]},"properties":{"s":22.2,"pub":false}},{"type":"Feature","geometry":{"type":"Point","coordinates":[-107.7339,40.5806]},"properties":{"s":22.2,"pub":false}},{"type":"Feature","geometry":{"type":"Point","coordinates":[-107.7339,40.5864]},"properties":{"s":22.2,"pub":false}},{"type":"Feature","geometry":{"type":"Point","coordinates":[-107.7339,40.5922]},"properties":{"s":22.2,"pub":false}},{"type":"Feature","geometry":{"type":"Point","coordinates":[-107.7339,40.598]},"properties":{"s":22.2,"pub":true}},{"type":"Feature","geometry":{"type":"Point","coordinates":[-107.7339,40.6038]},"properties":{"s":22.2,"pub":false}},{"type":"Feature","geometry":{"type":"Point","coordinates":[-107.7339,40.6096]},"properties":{"s":22.2,"pub":false}},{"type":"Feature","geometry":{"type":"Point","coordinates":[-107.7339,40.6154]},"properties":{"s":22.2,"pub":false}},{"type":"Feature","geometry":{"type":"Point","coordinates":[-107.7339,40.6212]},"properties":{"s":22.2,"pub":false}},{"type":"Feature","geometry":{"type":"Point","coordinates":[-107.7339,40.627]},"properties":{"s":22.2,"pub":false}},{"type":"Feature","geometry":{"type":"Point","coordinates":[-107.7339,40.6328]},"properties":{"s":22.2,"pub":false}},{"type":"Feature","geometry":{"type":"Point","coordinates":[-107.7339,40.6386]},"properties":{"s":22.2,"pub":true}},{"type":"Feature","geometry":{"type":"Point","coordinates":[-107.7339,40.6444]},"properties":{"s":22.2,"pub":true}},{"type":"Feature","geometry":{"type":"Point","coordinates":[-107.7339,40.6502]},"properties":{"s":22.2,"pub":true}},{"type":"Feature","geometry":{"type":"Point","coordinates":[-107.7339,40.656]},"properties":{"s":22.2,"pub":false}},{"type":"Feature","geometry":{"type":"Point","coordinates":[-107.7339,40.6618]},"properties":{"s":22.2,"pub":false}},{"type":"Feature","geometry":{"type":"Point","coordinates":[-107.7339,40.6676]},"properties":{"s":22.2,"pub":false}},{"type":"Feature","geometry":{"type":"Point","coordinates":[-107.7339,40.6734]},"properties":{"s":22.2,"pub":false}},{"type":"Feature","geometry":{"type":"Point","coordinates":[-107.7339,40.6792]},"properties":{"s":22.2,"pub":false}},{"type":"Feature","geometry":{"type":"Point","coordinates":[-107.7339,40.685]},"properties":{"s":22.2,"pub":false}},{"type":"Feature","geometry":{"type":"Point","coordinates":[-107.7339,40.6908]},"properties":{"s":22.2,"pub":false}},{"type":"Feature","geometry":{"type":"Point","coordinates":[-107.7339,40.6966]},"properties":{"s":22.2,"pub":false}},{"type":"Feature","geometry":{"type":"Point","coordinates":[-107.7339,40.7024]},"properties":{"s":22.2,"pub":false}},{"type":"Feature","geometry":{"type":"Point","coordinates":[-107.7339,40.7082]},"properties":{"s":22.2,"pub":false}},{"type":"Feature","geometry":{"type":"Point","coordinates":[-107.7339,40.714]},"properties":{"s":22.2,"pub":false}},{"type":"Feature","geometry":{"type":"Point","coordinates":[-107.7339,40.7198]},"properties":{"s":22.2,"pub":false}},{"type":"Feature","geometry":{"type":"Point","coordinates":[-107.7339,40.7256]},"properties":{"s":22.2,"pub":false}},{"type":"Feature","geometry":{"type":"Point","coordinates":[-107.7264,40.4066]},"properties":{"s":100.0,"pub":true}},{"type":"Feature","geometry":{"type":"Point","coordinates":[-107.7264,40.4124]},"properties":{"s":22.2,"pub":false}},{"type":"Feature","geometry":{"type":"Point","coordinates":[-107.7264,40.4182]},"properties":{"s":22.2,"pub":false}},{"type":"Feature","geometry":{"type":"Point","coordinates":[-107.7264,40.424]},"properties":{"s":22.2,"pub":false}},{"type":"Feature","geometry":{"type":"Point","coordinates":[-107.7264,40.4298]},"properties":{"s":22.2,"pub":false}},{"type":"Feature","geometry":{"type":"Point","coordinates":[-107.7264,40.4356]},"properties":{"s":22.2,"pub":false}},{"type":"Feature","geometry":{"type":"Point","coordinates":[-107.7264,40.4414]},"properties":{"s":22.2,"pub":false}},{"type":"Feature","geometry":{"type":"Point","coordinates":[-107.7264,40.4472]},"properties":{"s":22.2,"pub":false}},{"type":"Feature","geometry":{"type":"Point","coordinates":[-107.7264,40.453]},"properties":{"s":22.2,"pub":false}},{"type":"Feature","geometry":{"type":"Point","coordinates":[-107.7264,40.4588]},"properties":{"s":22.2,"pub":false}},{"type":"Feature","geometry":{"type":"Point","coordinates":[-107.7264,40.4646]},"properties":{"s":22.2,"pub":true}},{"type":"Feature","geometry":{"type":"Point","coordinates":[-107.7264,40.4704]},"properties":{"s":22.2,"pub":true}},{"type":"Feature","geometry":{"type":"Point","coordinates":[-107.7264,40.4762]},"properties":{"s":22.2,"pub":true}},{"type":"Feature","geometry":{"type":"Point","coordinates":[-107.7264,40.5226]},"properties":{"s":22.2,"pub":false}},{"type":"Feature","geometry":{"type":"Point","coordinates":[-107.7264,40.5806]},"properties":{"s":22.2,"pub":false}},{"type":"Feature","geometry":{"type":"Point","coordinates":[-107.7264,40.5864]},"properties":{"s":22.2,"pub":false}},{"type":"Feature","geometry":{"type":"Point","coordinates":[-107.7264,40.5922]},"properties":{"s":22.2,"pub":false}},{"type":"Feature","geometry":{"type":"Point","coordinates":[-107.7264,40.598]},"properties":{"s":22.2,"pub":false}},{"type":"Feature","geometry":{"type":"Point","coordinates":[-107.7264,40.6038]},"properties":{"s":22.2,"pub":false}},{"type":"Feature","geometry":{"type":"Point","coordinates":[-107.7264,40.6096]},"properties":{"s":22.2,"pub":false}},{"type":"Feature","geometry":{"type":"Point","coordinates":[-107.7264,40.6154]},"properties":{"s":22.2,"pub":false}},{"type":"Feature","geometry":{"type":"Point","coordinates":[-107.7264,40.6212]},"properties":{"s":22.2,"pub":false}},{"type":"Feature","geometry":{"type":"Point","coordinates":[-107.7264,40.627]},"properties":{"s":22.2,"pub":false}},{"type":"Feature","geometry":{"type":"Point","coordinates":[-107.7264,40.6328]},"properties":{"s":22.2,"pub":false}},{"type":"Feature","geometry":{"type":"Point","coordinates":[-107.7264,40.6386]},"properties":{"s":22.2,"pub":true}},{"type":"Feature","geometry":{"type":"Point","coordinates":[-107.7264,40.6444]},"properties":{"s":22.2,"pub":true}},{"type":"Feature","geometry":{"type":"Point","coordinates":[-107.7264,40.6502]},"properties":{"s":22.2,"pub":true}},{"type":"Feature","geometry":{"type":"Point","coordinates":[-107.7264,40.656]},"properties":{"s":22.2,"pub":false}},{"type":"Feature","geometry":{"type":"Point","coordinates":[-107.7264,40.6618]},"properties":{"s":22.2,"pub":false}},{"type":"Feature","geometry":{"type":"Point","coordinates":[-107.7264,40.6676]},"properties":{"s":22.2,"pub":false}},{"type":"Feature","geometry":{"type":"Point","coordinates":[-107.7264,40.6734]},"properties":{"s":22.2,"pub":false}},{"type":"Feature","geometry":{"type":"Point","coordinates":[-107.7264,40.6792]},"properties":{"s":22.2,"pub":false}},{"type":"Feature","geometry":{"type":"Point","coordinates":[-107.7264,40.685]},"properties":{"s":22.2,"pub":false}},{"type":"Feature","geometry":{"type":"Point","coordinates":[-107.7264,40.6908]},"properties":{"s":22.2,"pub":false}},{"type":"Feature","geometry":{"type":"Point","coordinates":[-107.7264,40.6966]},"properties":{"s":22.2,"pub":false}},{"type":"Feature","geometry":{"type":"Point","coordinates":[-107.7264,40.7024]},"properties":{"s":22.2,"pub":false}},{"type":"Feature","geometry":{"type":"Point","coordinates":[-107.7264,40.7082]},"properties":{"s":22.2,"pub":false}},{"type":"Feature","geometry":{"type":"Point","coordinates":[-107.7264,40.714]},"properties":{"s":22.2,"pub":false}},{"type":"Feature","geometry":{"type":"Point","coordinates":[-107.7264,40.7198]},"properties":{"s":22.2,"pub":false}},{"type":"Feature","geometry":{"type":"Point","coordinates":[-107.7264,40.7256]},"properties":{"s":22.2,"pub":false}},{"type":"Feature","geometry":{"type":"Point","coordinates":[-107.7189,40.4066]},"properties":{"s":100.0,"pub":true}},{"type":"Feature","geometry":{"type":"Point","coordinates":[-107.7189,40.4124]},"properties":{"s":22.2,"pub":true}},{"type":"Feature","geometry":{"type":"Point","coordinates":[-107.7189,40.4182]},"properties":{"s":22.2,"pub":true}},{"type":"Feature","geometry":{"type":"Point","coordinates":[-107.7189,40.424]},"properties":{"s":22.2,"pub":true}},{"type":"Feature","geometry":{"type":"Point","coordinates":[-107.7189,40.4298]},"properties":{"s":22.2,"pub":false}},{"type":"Feature","geometry":{"type":"Point","coordinates":[-107.7189,40.4356]},"properties":{"s":22.2,"pub":false}},{"type":"Feature","geometry":{"type":"Point","coordinates":[-107.7189,40.4414]},"properties":{"s":22.2,"pub":false}},{"type":"Feature","geometry":{"type":"Point","coordinates":[-107.7189,40.4472]},"properties":{"s":22.2,"pub":false}},{"type":"Feature","geometry":{"type":"Point","coordinates":[-107.7189,40.453]},"properties":{"s":22.2,"pub":false}},{"type":"Feature","geometry":{"type":"Point","coordinates":[-107.7189,40.4588]},"properties":{"s":22.2,"pub":false}},{"type":"Feature","geometry":{"type":"Point","coordinates":[-107.7189,40.4646]},"properties":{"s":22.2,"pub":true}},{"type":"Feature","geometry":{"type":"Point","coordinates":[-107.7189,40.4704]},"properties":{"s":22.2,"pub":true}},{"type":"Feature","geometry":{"type":"Point","coordinates":[-107.7189,40.5168]},"properties":{"s":22.2,"pub":false}},{"type":"Feature","geometry":{"type":"Point","coordinates":[-107.7189,40.5226]},"properties":{"s":22.2,"pub":false}},{"type":"Feature","geometry":{"type":"Point","coordinates":[-107.7189,40.5284]},"properties":{"s":22.2,"pub":false}},{"type":"Feature","geometry":{"type":"Point","coordinates":[-107.7189,40.5864]},"properties":{"s":22.2,"pub":false}},{"type":"Feature","geometry":{"type":"Point","coordinates":[-107.7189,40.5922]},"properties":{"s":22.2,"pub":true}},{"type":"Feature","geometry":{"type":"Point","coordinates":[-107.7189,40.598]},"properties":{"s":22.2,"pub":false}},{"type":"Feature","geometry":{"type":"Point","coordinates":[-107.7189,40.6038]},"properties":{"s":22.2,"pub":false}},{"type":"Feature","geometry":{"type":"Point","coordinates":[-107.7189,40.6096]},"properties":{"s":22.2,"pub":false}},{"type":"Feature","geometry":{"type":"Point","coordinates":[-107.7189,40.6154]},"properties":{"s":22.2,"pub":false}},{"type":"Feature","geometry":{"type":"Point","coordinates":[-107.7189,40.6212]},"properties":{"s":22.2,"pub":false}},{"type":"Feature","geometry":{"type":"Point","coordinates":[-107.7189,40.627]},"properties":{"s":22.2,"pub":false}},{"type":"Feature","geometry":{"type":"Point","coordinates":[-107.7189,40.6328]},"properties":{"s":22.2,"pub":false}},{"type":"Feature","geometry":{"type":"Point","coordinates":[-107.7189,40.6386]},"properties":{"s":22.2,"pub":true}},{"type":"Feature","geometry":{"type":"Point","coordinates":[-107.7189,40.6444]},"properties":{"s":22.2,"pub":true}},{"type":"Feature","geometry":{"type":"Point","coordinates":[-107.7189,40.6502]},"properties":{"s":22.2,"pub":true}},{"type":"Feature","geometry":{"type":"Point","coordinates":[-107.7189,40.656]},"properties":{"s":22.2,"pub":false}},{"type":"Feature","geometry":{"type":"Point","coordinates":[-107.7189,40.6618]},"properties":{"s":22.2,"pub":false}},{"type":"Feature","geometry":{"type":"Point","coordinates":[-107.7189,40.6676]},"properties":{"s":22.2,"pub":false}},{"type":"Feature","geometry":{"type":"Point","coordinates":[-107.7189,40.6734]},"properties":{"s":22.2,"pub":false}},{"type":"Feature","geometry":{"type":"Point","coordinates":[-107.7189,40.6792]},"properties":{"s":22.2,"pub":false}},{"type":"Feature","geometry":{"type":"Point","coordinates":[-107.7189,40.685]},"properties":{"s":22.2,"pub":false}},{"type":"Feature","geometry":{"type":"Point","coordinates":[-107.7189,40.6908]},"properties":{"s":22.2,"pub":false}},{"type":"Feature","geometry":{"type":"Point","coordinates":[-107.7189,40.6966]},"properties":{"s":22.2,"pub":false}},{"type":"Feature","geometry":{"type":"Point","coordinates":[-107.7189,40.7024]},"properties":{"s":22.2,"pub":false}},{"type":"Feature","geometry":{"type":"Point","coordinates":[-107.7189,40.7082]},"properties":{"s":22.2,"pub":false}},{"type":"Feature","geometry":{"type":"Point","coordinates":[-107.7189,40.714]},"properties":{"s":22.2,"pub":false}},{"type":"Feature","geometry":{"type":"Point","coordinates":[-107.7189,40.7198]},"properties":{"s":22.2,"pub":false}},{"type":"Feature","geometry":{"type":"Point","coordinates":[-107.7189,40.7256]},"properties":{"s":22.2,"pub":false}},{"type":"Feature","geometry":{"type":"Point","coordinates":[-107.7114,40.4124]},"properties":{"s":22.2,"pub":false}},{"type":"Feature","geometry":{"type":"Point","coordinates":[-107.7114,40.4182]},"properties":{"s":22.2,"pub":false}},{"type":"Feature","geometry":{"type":"Point","coordinates":[-107.7114,40.424]},"properties":{"s":22.2,"pub":false}},{"type":"Feature","geometry":{"type":"Point","coordinates":[-107.7114,40.4298]},"properties":{"s":22.2,"pub":false}},{"type":"Feature","geometry":{"type":"Point","coordinates":[-107.7114,40.4356]},"properties":{"s":22.2,"pub":false}},{"type":"Feature","geometry":{"type":"Point","coordinates":[-107.7114,40.4414]},"properties":{"s":22.2,"pub":false}},{"type":"Feature","geometry":{"type":"Point","coordinates":[-107.7114,40.4472]},"properties":{"s":22.2,"pub":false}},{"type":"Feature","geometry":{"type":"Point","coordinates":[-107.7114,40.453]},"properties":{"s":22.2,"pub":false}},{"type":"Feature","geometry":{"type":"Point","coordinates":[-107.7114,40.4588]},"properties":{"s":22.2,"pub":false}},{"type":"Feature","geometry":{"type":"Point","coordinates":[-107.7114,40.4646]},"properties":{"s":22.2,"pub":false}},{"type":"Feature","geometry":{"type":"Point","coordinates":[-107.7114,40.4704]},"properties":{"s":22.2,"pub":false}},{"type":"Feature","geometry":{"type":"Point","coordinates":[-107.7114,40.511]},"properties":{"s":22.2,"pub":true}},{"type":"Feature","geometry":{"type":"Point","coordinates":[-107.7114,40.5168]},"properties":{"s":22.2,"pub":false}},{"type":"Feature","geometry":{"type":"Point","coordinates":[-107.7114,40.5226]},"properties":{"s":22.2,"pub":false}},{"type":"Feature","geometry":{"type":"Point","coordinates":[-107.7114,40.5284]},"properties":{"s":22.2,"pub":false}},{"type":"Feature","geometry":{"type":"Point","coordinates":[-107.7114,40.5342]},"properties":{"s":22.2,"pub":false}},{"type":"Feature","geometry":{"type":"Point","coordinates":[-107.7114,40.5922]},"properties":{"s":22.2,"pub":false}},{"type":"Feature","geometry":{"type":"Point","coordinates":[-107.7114,40.598]},"properties":{"s":22.2,"pub":true}},{"type":"Feature","geometry":{"type":"Point","coordinates":[-107.7114,40.6038]},"properties":{"s":22.2,"pub":true}},{"type":"Feature","geometry":{"type":"Point","coordinates":[-107.7114,40.6096]},"properties":{"s":22.2,"pub":false}},{"type":"Feature","geometry":{"type":"Point","coordinates":[-107.7114,40.6154]},"properties":{"s":22.2,"pub":false}},{"type":"Feature","geometry":{"type":"Point","coordinates":[-107.7114,40.6212]},"properties":{"s":22.2,"pub":false}},{"type":"Feature","geometry":{"type":"Point","coordinates":[-107.7114,40.627]},"properties":{"s":22.2,"pub":false}},{"type":"Feature","geometry":{"type":"Point","coordinates":[-107.7114,40.6328]},"properties":{"s":22.2,"pub":false}},{"type":"Feature","geometry":{"type":"Point","coordinates":[-107.7114,40.6386]},"properties":{"s":22.2,"pub":false}},{"type":"Feature","geometry":{"type":"Point","coordinates":[-107.7114,40.6444]},"properties":{"s":22.2,"pub":false}},{"type":"Feature","geometry":{"type":"Point","coordinates":[-107.7114,40.6502]},"properties":{"s":22.2,"pub":false}},{"type":"Feature","geometry":{"type":"Point","coordinates":[-107.7114,40.656]},"properties":{"s":22.2,"pub":false}},{"type":"Feature","geometry":{"type":"Point","coordinates":[-107.7114,40.6618]},"properties":{"s":22.2,"pub":false}},{"type":"Feature","geometry":{"type":"Point","coordinates":[-107.7114,40.6676]},"properties":{"s":22.2,"pub":false}},{"type":"Feature","geometry":{"type":"Point","coordinates":[-107.7114,40.6734]},"properties":{"s":22.2,"pub":false}},{"type":"Feature","geometry":{"type":"Point","coordinates":[-107.7114,40.6792]},"properties":{"s":22.2,"pub":false}},{"type":"Feature","geometry":{"type":"Point","coordinates":[-107.7114,40.685]},"properties":{"s":22.2,"pub":false}},{"type":"Feature","geometry":{"type":"Point","coordinates":[-107.7114,40.6908]},"properties":{"s":22.2,"pub":true}},{"type":"Feature","geometry":{"type":"Point","coordinates":[-107.7114,40.6966]},"properties":{"s":22.2,"pub":true}},{"type":"Feature","geometry":{"type":"Point","coordinates":[-107.7114,40.7024]},"properties":{"s":22.2,"pub":true}},{"type":"Feature","geometry":{"type":"Point","coordinates":[-107.7114,40.7082]},"properties":{"s":22.2,"pub":true}},{"type":"Feature","geometry":{"type":"Point","coordinates":[-107.7114,40.714]},"properties":{"s":22.2,"pub":false}},{"type":"Feature","geometry":{"type":"Point","coordinates":[-107.7114,40.7198]},"properties":{"s":22.2,"pub":false}},{"type":"Feature","geometry":{"type":"Point","coordinates":[-107.7114,40.7256]},"properties":{"s":22.2,"pub":false}},{"type":"Feature","geometry":{"type":"Point","coordinates":[-107.7039,40.424]},"properties":{"s":22.2,"pub":false}},{"type":"Feature","geometry":{"type":"Point","coordinates":[-107.7039,40.4298]},"properties":{"s":22.2,"pub":false}},{"type":"Feature","geometry":{"type":"Point","coordinates":[-107.7039,40.4356]},"properties":{"s":22.2,"pub":false}},{"type":"Feature","geometry":{"type":"Point","coordinates":[-107.7039,40.4414]},"properties":{"s":22.2,"pub":false}},{"type":"Feature","geometry":{"type":"Point","coordinates":[-107.7039,40.4472]},"properties":{"s":22.2,"pub":false}},{"type":"Feature","geometry":{"type":"Point","coordinates":[-107.7039,40.453]},"properties":{"s":22.2,"pub":false}},{"type":"Feature","geometry":{"type":"Point","coordinates":[-107.7039,40.4588]},"properties":{"s":22.2,"pub":false}},{"type":"Feature","geometry":{"type":"Point","coordinates":[-107.7039,40.4646]},"properties":{"s":22.2,"pub":false}},{"type":"Feature","geometry":{"type":"Point","coordinates":[-107.7039,40.5052]},"properties":{"s":22.2,"pub":false}},{"type":"Feature","geometry":{"type":"Point","coordinates":[-107.7039,40.511]},"properties":{"s":22.2,"pub":false}},{"type":"Feature","geometry":{"type":"Point","coordinates":[-107.7039,40.5168]},"properties":{"s":22.2,"pub":false}},{"type":"Feature","geometry":{"type":"Point","coordinates":[-107.7039,40.5226]},"properties":{"s":22.2,"pub":false}},{"type":"Feature","geometry":{"type":"Point","coordinates":[-107.7039,40.5284]},"properties":{"s":22.2,"pub":false}},{"type":"Feature","geometry":{"type":"Point","coordinates":[-107.7039,40.5342]},"properties":{"s":22.2,"pub":false}},{"type":"Feature","geometry":{"type":"Point","coordinates":[-107.7039,40.598]},"properties":{"s":22.2,"pub":false}},{"type":"Feature","geometry":{"type":"Point","coordinates":[-107.7039,40.6038]},"properties":{"s":22.2,"pub":true}},{"type":"Feature","geometry":{"type":"Point","coordinates":[-107.7039,40.6096]},"properties":{"s":22.2,"pub":false}},{"type":"Feature","geometry":{"type":"Point","coordinates":[-107.7039,40.6154]},"properties":{"s":22.2,"pub":false}},{"type":"Feature","geometry":{"type":"Point","coordinates":[-107.7039,40.6212]},"properties":{"s":22.2,"pub":false}},{"type":"Feature","geometry":{"type":"Point","coordinates":[-107.7039,40.627]},"properties":{"s":22.2,"pub":false}},{"type":"Feature","geometry":{"type":"Point","coordinates":[-107.7039,40.6328]},"properties":{"s":22.2,"pub":false}},{"type":"Feature","geometry":{"type":"Point","coordinates":[-107.7039,40.6386]},"properties":{"s":22.2,"pub":false}},{"type":"Feature","geometry":{"type":"Point","coordinates":[-107.7039,40.6444]},"properties":{"s":22.2,"pub":false}},{"type":"Feature","geometry":{"type":"Point","coordinates":[-107.7039,40.6502]},"properties":{"s":22.2,"pub":false}},{"type":"Feature","geometry":{"type":"Point","coordinates":[-107.7039,40.656]},"properties":{"s":22.2,"pub":false}},{"type":"Feature","geometry":{"type":"Point","coordinates":[-107.7039,40.6618]},"properties":{"s":22.2,"pub":false}},{"type":"Feature","geometry":{"type":"Point","coordinates":[-107.7039,40.6676]},"properties":{"s":22.2,"pub":false}},{"type":"Feature","geometry":{"type":"Point","coordinates":[-107.7039,40.6734]},"properties":{"s":22.2,"pub":false}},{"type":"Feature","geometry":{"type":"Point","coordinates":[-107.7039,40.6792]},"properties":{"s":22.2,"pub":false}},{"type":"Feature","geometry":{"type":"Point","coordinates":[-107.7039,40.685]},"properties":{"s":22.2,"pub":true}},{"type":"Feature","geometry":{"type":"Point","coordinates":[-107.7039,40.6908]},"properties":{"s":22.2,"pub":true}},{"type":"Feature","geometry":{"type":"Point","coordinates":[-107.7039,40.6966]},"properties":{"s":22.2,"pub":true}},{"type":"Feature","geometry":{"type":"Point","coordinates":[-107.7039,40.7024]},"properties":{"s":22.2,"pub":true}},{"type":"Feature","geometry":{"type":"Point","coordinates":[-107.7039,40.7082]},"properties":{"s":22.2,"pub":true}},{"type":"Feature","geometry":{"type":"Point","coordinates":[-107.7039,40.714]},"properties":{"s":22.2,"pub":true}},{"type":"Feature","geometry":{"type":"Point","coordinates":[-107.7039,40.7198]},"properties":{"s":22.2,"pub":true}},{"type":"Feature","geometry":{"type":"Point","coordinates":[-107.6964,40.424]},"properties":{"s":22.2,"pub":false}},{"type":"Feature","geometry":{"type":"Point","coordinates":[-107.6964,40.4298]},"properties":{"s":22.2,"pub":false}},{"type":"Feature","geometry":{"type":"Point","coordinates":[-107.6964,40.4356]},"properties":{"s":22.2,"pub":false}},{"type":"Feature","geometry":{"type":"Point","coordinates":[-107.6964,40.4414]},"properties":{"s":22.2,"pub":false}},{"type":"Feature","geometry":{"type":"Point","coordinates":[-107.6964,40.4472]},"properties":{"s":22.2,"pub":false}},{"type":"Feature","geometry":{"type":"Point","coordinates":[-107.6964,40.453]},"properties":{"s":22.2,"pub":false}},{"type":"Feature","geometry":{"type":"Point","coordinates":[-107.6964,40.4588]},"properties":{"s":22.2,"pub":false}},{"type":"Feature","geometry":{"type":"Point","coordinates":[-107.6964,40.4994]},"properties":{"s":22.2,"pub":false}},{"type":"Feature","geometry":{"type":"Point","coordinates":[-107.6964,40.5052]},"properties":{"s":22.2,"pub":false}},{"type":"Feature","geometry":{"type":"Point","coordinates":[-107.6964,40.511]},"properties":{"s":22.2,"pub":false}},{"type":"Feature","geometry":{"type":"Point","coordinates":[-107.6964,40.5168]},"properties":{"s":22.2,"pub":false}},{"type":"Feature","geometry":{"type":"Point","coordinates":[-107.6964,40.5226]},"properties":{"s":22.2,"pub":false}},{"type":"Feature","geometry":{"type":"Point","coordinates":[-107.6964,40.5284]},"properties":{"s":22.2,"pub":false}},{"type":"Feature","geometry":{"type":"Point","coordinates":[-107.6964,40.5342]},"properties":{"s":22.2,"pub":false}},{"type":"Feature","geometry":{"type":"Point","coordinates":[-107.6964,40.54]},"properties":{"s":22.2,"pub":false}},{"type":"Feature","geometry":{"type":"Point","coordinates":[-107.6964,40.6038]},"properties":{"s":22.2,"pub":true}},{"type":"Feature","geometry":{"type":"Point","coordinates":[-107.6964,40.6096]},"properties":{"s":22.2,"pub":false}},{"type":"Feature","geometry":{"type":"Point","coordinates":[-107.6964,40.6154]},"properties":{"s":22.2,"pub":false}},{"type":"Feature","geometry":{"type":"Point","coordinates":[-107.6964,40.6212]},"properties":{"s":22.2,"pub":false}},{"type":"Feature","geometry":{"type":"Point","coordinates":[-107.6964,40.627]},"properties":{"s":22.2,"pub":false}},{"type":"Feature","geometry":{"type":"Point","coordinates":[-107.6964,40.6328]},"properties":{"s":22.2,"pub":false}},{"type":"Feature","geometry":{"type":"Point","coordinates":[-107.6964,40.6386]},"properties":{"s":22.2,"pub":false}},{"type":"Feature","geometry":{"type":"Point","coordinates":[-107.6964,40.6444]},"properties":{"s":22.2,"pub":true}},{"type":"Feature","geometry":{"type":"Point","coordinates":[-107.6964,40.6502]},"properties":{"s":22.2,"pub":false}},{"type":"Feature","geometry":{"type":"Point","coordinates":[-107.6964,40.656]},"properties":{"s":22.2,"pub":false}},{"type":"Feature","geometry":{"type":"Point","coordinates":[-107.6964,40.6618]},"properties":{"s":22.2,"pub":false}},{"type":"Feature","geometry":{"type":"Point","coordinates":[-107.6964,40.6676]},"properties":{"s":22.2,"pub":false}},{"type":"Feature","geometry":{"type":"Point","coordinates":[-107.6964,40.6734]},"properties":{"s":22.2,"pub":false}},{"type":"Feature","geometry":{"type":"Point","coordinates":[-107.6964,40.6792]},"properties":{"s":22.2,"pub":false}},{"type":"Feature","geometry":{"type":"Point","coordinates":[-107.6964,40.685]},"properties":{"s":22.2,"pub":false}},{"type":"Feature","geometry":{"type":"Point","coordinates":[-107.6964,40.6908]},"properties":{"s":22.2,"pub":true}},{"type":"Feature","geometry":{"type":"Point","coordinates":[-107.6964,40.6966]},"properties":{"s":22.2,"pub":true}},{"type":"Feature","geometry":{"type":"Point","coordinates":[-107.6964,40.7024]},"properties":{"s":22.2,"pub":true}},{"type":"Feature","geometry":{"type":"Point","coordinates":[-107.6964,40.7082]},"properties":{"s":22.2,"pub":true}},{"type":"Feature","geometry":{"type":"Point","coordinates":[-107.6964,40.714]},"properties":{"s":22.2,"pub":true}},{"type":"Feature","geometry":{"type":"Point","coordinates":[-107.6964,40.7198]},"properties":{"s":22.2,"pub":true}},{"type":"Feature","geometry":{"type":"Point","coordinates":[-107.6889,40.4124]},"properties":{"s":55.6,"pub":false}},{"type":"Feature","geometry":{"type":"Point","coordinates":[-107.6889,40.4182]},"properties":{"s":22.2,"pub":false}},{"type":"Feature","geometry":{"type":"Point","coordinates":[-107.6889,40.424]},"properties":{"s":22.2,"pub":false}},{"type":"Feature","geometry":{"type":"Point","coordinates":[-107.6889,40.4298]},"properties":{"s":22.2,"pub":true}},{"type":"Feature","geometry":{"type":"Point","coordinates":[-107.6889,40.4356]},"properties":{"s":22.2,"pub":false}},{"type":"Feature","geometry":{"type":"Point","coordinates":[-107.6889,40.4414]},"properties":{"s":22.2,"pub":false}},{"type":"Feature","geometry":{"type":"Point","coordinates":[-107.6889,40.4472]},"properties":{"s":22.2,"pub":false}},{"type":"Feature","geometry":{"type":"Point","coordinates":[-107.6889,40.453]},"properties":{"s":22.2,"pub":false}},{"type":"Feature","geometry":{"type":"Point","coordinates":[-107.6889,40.4588]},"properties":{"s":22.2,"pub":true}},{"type":"Feature","geometry":{"type":"Point","coordinates":[-107.6889,40.4936]},"properties":{"s":22.2,"pub":false}},{"type":"Feature","geometry":{"type":"Point","coordinates":[-107.6889,40.4994]},"properties":{"s":22.2,"pub":false}},{"type":"Feature","geometry":{"type":"Point","coordinates":[-107.6889,40.5052]},"properties":{"s":22.2,"pub":false}},{"type":"Feature","geometry":{"type":"Point","coordinates":[-107.6889,40.511]},"properties":{"s":22.2,"pub":false}},{"type":"Feature","geometry":{"type":"Point","coordinates":[-107.6889,40.5168]},"properties":{"s":22.2,"pub":false}},{"type":"Feature","geometry":{"type":"Point","coordinates":[-107.6889,40.5226]},"properties":{"s":22.2,"pub":false}},{"type":"Feature","geometry":{"type":"Point","coordinates":[-107.6889,40.5284]},"properties":{"s":22.2,"pub":false}},{"type":"Feature","geometry":{"type":"Point","coordinates":[-107.6889,40.5342]},"properties":{"s":22.2,"pub":false}},{"type":"Feature","geometry":{"type":"Point","coordinates":[-107.6889,40.54]},"properties":{"s":22.2,"pub":false}},{"type":"Feature","geometry":{"type":"Point","coordinates":[-107.6889,40.6038]},"properties":{"s":22.2,"pub":false}},{"type":"Feature","geometry":{"type":"Point","coordinates":[-107.6889,40.6096]},"properties":{"s":22.2,"pub":false}},{"type":"Feature","geometry":{"type":"Point","coordinates":[-107.6889,40.6154]},"properties":{"s":22.2,"pub":false}},{"type":"Feature","geometry":{"type":"Point","coordinates":[-107.6889,40.6212]},"properties":{"s":22.2,"pub":false}},{"type":"Feature","geometry":{"type":"Point","coordinates":[-107.6889,40.627]},"properties":{"s":22.2,"pub":false}},{"type":"Feature","geometry":{"type":"Point","coordinates":[-107.6889,40.6328]},"properties":{"s":22.2,"pub":false}},{"type":"Feature","geometry":{"type":"Point","coordinates":[-107.6889,40.6386]},"properties":{"s":22.2,"pub":true}},{"type":"Feature","geometry":{"type":"Point","coordinates":[-107.6889,40.6444]},"properties":{"s":22.2,"pub":true}},{"type":"Feature","geometry":{"type":"Point","coordinates":[-107.6889,40.6502]},"properties":{"s":22.2,"pub":false}},{"type":"Feature","geometry":{"type":"Point","coordinates":[-107.6889,40.656]},"properties":{"s":22.2,"pub":false}},{"type":"Feature","geometry":{"type":"Point","coordinates":[-107.6889,40.6618]},"properties":{"s":22.2,"pub":false}},{"type":"Feature","geometry":{"type":"Point","coordinates":[-107.6889,40.6676]},"properties":{"s":22.2,"pub":false}},{"type":"Feature","geometry":{"type":"Point","coordinates":[-107.6889,40.6734]},"properties":{"s":22.2,"pub":false}},{"type":"Feature","geometry":{"type":"Point","coordinates":[-107.6889,40.6792]},"properties":{"s":22.2,"pub":false}},{"type":"Feature","geometry":{"type":"Point","coordinates":[-107.6889,40.685]},"properties":{"s":22.2,"pub":false}},{"type":"Feature","geometry":{"type":"Point","coordinates":[-107.6889,40.6908]},"properties":{"s":22.2,"pub":true}},{"type":"Feature","geometry":{"type":"Point","coordinates":[-107.6889,40.6966]},"properties":{"s":22.2,"pub":true}},{"type":"Feature","geometry":{"type":"Point","coordinates":[-107.6889,40.7024]},"properties":{"s":22.2,"pub":true}},{"type":"Feature","geometry":{"type":"Point","coordinates":[-107.6889,40.7082]},"properties":{"s":22.2,"pub":true}},{"type":"Feature","geometry":{"type":"Point","coordinates":[-107.6889,40.714]},"properties":{"s":22.2,"pub":true}},{"type":"Feature","geometry":{"type":"Point","coordinates":[-107.6814,40.4066]},"properties":{"s":100.0,"pub":false}},{"type":"Feature","geometry":{"type":"Point","coordinates":[-107.6814,40.4124]},"properties":{"s":55.6,"pub":false}},{"type":"Feature","geometry":{"type":"Point","coordinates":[-107.6814,40.4182]},"properties":{"s":22.2,"pub":false}},{"type":"Feature","geometry":{"type":"Point","coordinates":[-107.6814,40.424]},"properties":{"s":22.2,"pub":false}},{"type":"Feature","geometry":{"type":"Point","coordinates":[-107.6814,40.4298]},"properties":{"s":22.2,"pub":false}},{"type":"Feature","geometry":{"type":"Point","coordinates":[-107.6814,40.4356]},"properties":{"s":22.2,"pub":false}},{"type":"Feature","geometry":{"type":"Point","coordinates":[-107.6814,40.4414]},"properties":{"s":22.2,"pub":false}},{"type":"Feature","geometry":{"type":"Point","coordinates":[-107.6814,40.4472]},"properties":{"s":22.2,"pub":false}},{"type":"Feature","geometry":{"type":"Point","coordinates":[-107.6814,40.453]},"properties":{"s":22.2,"pub":false}},{"type":"Feature","geometry":{"type":"Point","coordinates":[-107.6814,40.4936]},"properties":{"s":22.2,"pub":false}},{"type":"Feature","geometry":{"type":"Point","coordinates":[-107.6814,40.4994]},"properties":{"s":22.2,"pub":false}},{"type":"Feature","geometry":{"type":"Point","coordinates":[-107.6814,40.5052]},"properties":{"s":22.2,"pub":false}},{"type":"Feature","geometry":{"type":"Point","coordinates":[-107.6814,40.511]},"properties":{"s":22.2,"pub":false}},{"type":"Feature","geometry":{"type":"Point","coordinates":[-107.6814,40.5168]},"properties":{"s":22.2,"pub":false}},{"type":"Feature","geometry":{"type":"Point","coordinates":[-107.6814,40.5226]},"properties":{"s":22.2,"pub":false}},{"type":"Feature","geometry":{"type":"Point","coordinates":[-107.6814,40.5284]},"properties":{"s":22.2,"pub":false}},{"type":"Feature","geometry":{"type":"Point","coordinates":[-107.6814,40.5342]},"properties":{"s":22.2,"pub":false}},{"type":"Feature","geometry":{"type":"Point","coordinates":[-107.6814,40.54]},"properties":{"s":22.2,"pub":false}},{"type":"Feature","geometry":{"type":"Point","coordinates":[-107.6814,40.6038]},"properties":{"s":22.2,"pub":false}},{"type":"Feature","geometry":{"type":"Point","coordinates":[-107.6814,40.6096]},"properties":{"s":22.2,"pub":true}},{"type":"Feature","geometry":{"type":"Point","coordinates":[-107.6814,40.6154]},"properties":{"s":22.2,"pub":false}},{"type":"Feature","geometry":{"type":"Point","coordinates":[-107.6814,40.6212]},"properties":{"s":22.2,"pub":false}},{"type":"Feature","geometry":{"type":"Point","coordinates":[-107.6814,40.627]},"properties":{"s":22.2,"pub":false}},{"type":"Feature","geometry":{"type":"Point","coordinates":[-107.6814,40.6328]},"properties":{"s":22.2,"pub":false}},{"type":"Feature","geometry":{"type":"Point","coordinates":[-107.6814,40.6386]},"properties":{"s":22.2,"pub":true}},{"type":"Feature","geometry":{"type":"Point","coordinates":[-107.6814,40.6444]},"properties":{"s":22.2,"pub":true}},{"type":"Feature","geometry":{"type":"Point","coordinates":[-107.6814,40.6502]},"properties":{"s":22.2,"pub":false}},{"type":"Feature","geometry":{"type":"Point","coordinates":[-107.6814,40.656]},"properties":{"s":22.2,"pub":false}},{"type":"Feature","geometry":{"type":"Point","coordinates":[-107.6814,40.6618]},"properties":{"s":22.2,"pub":false}},{"type":"Feature","geometry":{"type":"Point","coordinates":[-107.6814,40.6676]},"properties":{"s":22.2,"pub":false}},{"type":"Feature","geometry":{"type":"Point","coordinates":[-107.6814,40.6734]},"properties":{"s":22.2,"pub":false}},{"type":"Feature","geometry":{"type":"Point","coordinates":[-107.6814,40.6792]},"properties":{"s":22.2,"pub":false}},{"type":"Feature","geometry":{"type":"Point","coordinates":[-107.6814,40.685]},"properties":{"s":22.2,"pub":false}},{"type":"Feature","geometry":{"type":"Point","coordinates":[-107.6814,40.6908]},"properties":{"s":22.2,"pub":false}},{"type":"Feature","geometry":{"type":"Point","coordinates":[-107.6814,40.6966]},"properties":{"s":22.2,"pub":false}},{"type":"Feature","geometry":{"type":"Point","coordinates":[-107.6814,40.7024]},"properties":{"s":22.2,"pub":false}},{"type":"Feature","geometry":{"type":"Point","coordinates":[-107.6814,40.7082]},"properties":{"s":22.2,"pub":true}},{"type":"Feature","geometry":{"type":"Point","coordinates":[-107.6739,40.4066]},"properties":{"s":55.6,"pub":true}},{"type":"Feature","geometry":{"type":"Point","coordinates":[-107.6739,40.424]},"properties":{"s":22.2,"pub":false}},{"type":"Feature","geometry":{"type":"Point","coordinates":[-107.6739,40.4298]},"properties":{"s":22.2,"pub":false}},{"type":"Feature","geometry":{"type":"Point","coordinates":[-107.6739,40.4356]},"properties":{"s":22.2,"pub":false}},{"type":"Feature","geometry":{"type":"Point","coordinates":[-107.6739,40.4414]},"properties":{"s":22.2,"pub":false}},{"type":"Feature","geometry":{"type":"Point","coordinates":[-107.6739,40.4472]},"properties":{"s":22.2,"pub":false}},{"type":"Feature","geometry":{"type":"Point","coordinates":[-107.6739,40.4878]},"properties":{"s":22.2,"pub":false}},{"type":"Feature","geometry":{"type":"Point","coordinates":[-107.6739,40.4936]},"properties":{"s":22.2,"pub":false}},{"type":"Feature","geometry":{"type":"Point","coordinates":[-107.6739,40.4994]},"properties":{"s":22.2,"pub":false}},{"type":"Feature","geometry":{"type":"Point","coordinates":[-107.6739,40.5052]},"properties":{"s":22.2,"pub":false}},{"type":"Feature","geometry":{"type":"Point","coordinates":[-107.6739,40.511]},"properties":{"s":22.2,"pub":false}},{"type":"Feature","geometry":{"type":"Point","coordinates":[-107.6739,40.5168]},"properties":{"s":22.2,"pub":false}},{"type":"Feature","geometry":{"type":"Point","coordinates":[-107.6739,40.5226]},"properties":{"s":22.2,"pub":false}}]}