{"type":"FeatureCollection","features":[{"type":"Feature","geometry":{"type":"Point","coordinates":[-108.665,39.5833]},"properties":{"s":25.9,"pub":true}},{"type":"Feature","geometry":{"type":"Point","coordinates":[-108.665,39.6007]},"properties":{"s":25.9,"pub":true}},{"type":"Feature","geometry":{"type":"Point","coordinates":[-108.665,39.6065]},"properties":{"s":25.9,"pub":true}},{"type":"Feature","geometry":{"type":"Point","coordinates":[-108.665,39.6123]},"properties":{"s":25.9,"pub":true}},{"type":"Feature","geometry":{"type":"Point","coordinates":[-108.6575,39.5717]},"properties":{"s":25.9,"pub":true}},{"type":"Feature","geometry":{"type":"Point","coordinates":[-108.6575,39.5775]},"properties":{"s":25.9,"pub":true}},{"type":"Feature","geometry":{"type":"Point","coordinates":[-108.6575,39.5833]},"properties":{"s":25.9,"pub":true}},{"type":"Feature","geometry":{"type":"Point","coordinates":[-108.6575,39.5891]},"properties":{"s":25.9,"pub":true}},{"type":"Feature","geometry":{"type":"Point","coordinates":[-108.6575,39.5949]},"properties":{"s":25.9,"pub":true}},{"type":"Feature","geometry":{"type":"Point","coordinates":[-108.6575,39.6007]},"properties":{"s":25.9,"pub":true}},{"type":"Feature","geometry":{"type":"Point","coordinates":[-108.6575,39.6065]},"properties":{"s":25.9,"pub":true}},{"type":"Feature","geometry":{"type":"Point","coordinates":[-108.6575,39.6123]},"properties":{"s":25.9,"pub":true}},{"type":"Feature","geometry":{"type":"Point","coordinates":[-108.6575,39.6181]},"properties":{"s":25.9,"pub":true}},{"type":"Feature","geometry":{"type":"Point","coordinates":[-108.65,39.5659]},"properties":{"s":25.9,"pub":true}},{"type":"Feature","geometry":{"type":"Point","coordinates":[-108.65,39.5717]},"properties":{"s":55.6,"pub":true}},{"type":"Feature","geometry":{"type":"Point","coordinates":[-108.65,39.5775]},"properties":{"s":55.6,"pub":true}},{"type":"Feature","geometry":{"type":"Point","coordinates":[-108.65,39.5833]},"properties":{"s":25.9,"pub":true}},{"type":"Feature","geometry":{"type":"Point","coordinates":[-108.65,39.5891]},"properties":{"s":25.9,"pub":true}},{"type":"Feature","geometry":{"type":"Point","coordinates":[-108.65,39.5949]},"properties":{"s":25.9,"pub":true}},{"type":"Feature","geometry":{"type":"Point","coordinates":[-108.65,39.6007]},"properties":{"s":25.9,"pub":false}},{"type":"Feature","geometry":{"type":"Point","coordinates":[-108.65,39.6065]},"properties":{"s":25.9,"pub":true}},{"type":"Feature","geometry":{"type":"Point","coordinates":[-108.65,39.6123]},"properties":{"s":25.9,"pub":true}},{"type":"Feature","geometry":{"type":"Point","coordinates":[-108.65,39.6181]},"properties":{"s":25.9,"pub":true}},{"type":"Feature","geometry":{"type":"Point","coordinates":[-108.65,39.6239]},"properties":{"s":51.9,"pub":false}},{"type":"Feature","geometry":{"type":"Point","coordinates":[-108.65,39.6297]},"properties":{"s":96.3,"pub":false}},{"type":"Feature","geometry":{"type":"Point","coordinates":[-108.65,39.6355]},"properties":{"s":66.7,"pub":false}},{"type":"Feature","geometry":{"type":"Point","coordinates":[-108.65,39.6413]},"properties":{"s":66.7,"pub":true}},{"type":"Feature","geometry":{"type":"Point","coordinates":[-108.65,39.6471]},"properties":{"s":66.7,"pub":false}},{"type":"Feature","geometry":{"type":"Point","coordinates":[-108.65,39.6529]},"properties":{"s":66.7,"pub":false}},{"type":"Feature","geometry":{"type":"Point","coordinates":[-108.6425,39.5543]},"properties":{"s":25.9,"pub":true}},{"type":"Feature","geometry":{"type":"Point","coordinates":[-108.6425,39.5601]},"properties":{"s":25.9,"pub":true}},{"type":"Feature","geometry":{"type":"Point","coordinates":[-108.6425,39.5659]},"properties":{"s":55.6,"pub":true}},{"type":"Feature","geometry":{"type":"Point","coordinates":[-108.6425,39.5717]},"properties":{"s":55.6,"pub":true}},{"type":"Feature","geometry":{"type":"Point","coordinates":[-108.6425,39.5775]},"properties":{"s":55.6,"pub":true}},{"type":"Feature","geometry":{"type":"Point","coordinates":[-108.6425,39.5833]},"properties":{"s":55.6,"pub":true}},{"type":"Feature","geometry":{"type":"Point","coordinates":[-108.6425,39.5891]},"properties":{"s":55.6,"pub":true}},{"type":"Feature","geometry":{"type":"Point","coordinates":[-108.6425,39.5949]},"properties":{"s":25.9,"pub":true}},{"type":"Feature","geometry":{"type":"Point","coordinates":[-108.6425,39.6007]},"properties":{"s":25.9,"pub":false}},{"type":"Feature","geometry":{"type":"Point","coordinates":[-108.6425,39.6065]},"properties":{"s":25.9,"pub":true}},{"type":"Feature","geometry":{"type":"Point","coordinates":[-108.6425,39.6123]},"properties":{"s":25.9,"pub":true}},{"type":"Feature","geometry":{"type":"Point","coordinates":[-108.6425,39.6181]},"properties":{"s":51.9,"pub":false}},{"type":"Feature","geometry":{"type":"Point","coordinates":[-108.6425,39.6239]},"properties":{"s":51.9,"pub":false}},{"type":"Feature","geometry":{"type":"Point","coordinates":[-108.6425,39.6297]},"properties":{"s":96.3,"pub":false}},{"type":"Feature","geometry":{"type":"Point","coordinates":[-108.6425,39.6355]},"properties":{"s":66.7,"pub":true}},{"type":"Feature","geometry":{"type":"Point","coordinates":[-108.6425,39.6413]},"properties":{"s":66.7,"pub":true}},{"type":"Feature","geometry":{"type":"Point","coordinates":[-108.6425,39.6471]},"properties":{"s":66.7,"pub":true}},{"type":"Feature","geometry":{"type":"Point","coordinates":[-108.6425,39.6529]},"properties":{"s":66.7,"pub":false}},{"type":"Feature","geometry":{"type":"Point","coordinates":[-108.635,39.5427]},"properties":{"s":25.9,"pub":true}},{"type":"Feature","geometry":{"type":"Point","coordinates":[-108.635,39.5485]},"properties":{"s":25.9,"pub":true}},{"type":"Feature","geometry":{"type":"Point","coordinates":[-108.635,39.5543]},"properties":{"s":25.9,"pub":true}},{"type":"Feature","geometry":{"type":"Point","coordinates":[-108.635,39.5601]},"properties":{"s":55.6,"pub":true}},{"type":"Feature","geometry":{"type":"Point","coordinates":[-108.635,39.5659]},"properties":{"s":55.6,"pub":true}},{"type":"Feature","geometry":{"type":"Point","coordinates":[-108.635,39.5717]},"properties":{"s":55.6,"pub":true}},{"type":"Feature","geometry":{"type":"Point","coordinates":[-108.635,39.5775]},"properties":{"s":55.6,"pub":false}},{"type":"Feature","geometry":{"type":"Point","coordinates":[-108.635,39.5833]},"properties":{"s":55.6,"pub":false}},{"type":"Feature","geometry":{"type":"Point","coordinates":[-108.635,39.5891]},"properties":{"s":55.6,"pub":false}},{"type":"Feature","geometry":{"type":"Point","coordinates":[-108.635,39.5949]},"properties":{"s":55.6,"pub":false}},{"type":"Feature","geometry":{"type":"Point","coordinates":[-108.635,39.6007]},"properties":{"s":25.9,"pub":true}},{"type":"Feature","geometry":{"type":"Point","coordinates":[-108.635,39.6181]},"properties":{"s":51.9,"pub":false}},{"type":"Feature","geometry":{"type":"Point","coordinates":[-108.635,39.6239]},"properties":{"s":51.9,"pub":false}},{"type":"Feature","geometry":{"type":"Point","coordinates":[-108.635,39.6297]},"properties":{"s":51.9,"pub":true}},{"type":"Feature","geometry":{"type":"Point","coordinates":[-108.635,39.6355]},"properties":{"s":66.7,"pub":true}},{"type":"Feature","geometry":{"type":"Point","coordinates":[-108.635,39.6413]},"properties":{"s":66.7,"pub":true}},{"type":"Feature","geometry":{"type":"Point","coordinates":[-108.635,39.6471]},"properties":{"s":66.7,"pub":true}},{"type":"Feature","geometry":{"type":"Point","coordinates":[-108.635,39.6529]},"properties":{"s":66.7,"pub":false}},{"type":"Feature","geometry":{"type":"Point","coordinates":[-108.6275,39.5369]},"properties":{"s":25.9,"pub":true}},{"type":"Feature","geometry":{"type":"Point","coordinates":[-108.6275,39.5427]},"properties":{"s":25.9,"pub":true}},{"type":"Feature","geometry":{"type":"Point","coordinates":[-108.6275,39.5485]},"properties":{"s":25.9,"pub":true}},{"type":"Feature","geometry":{"type":"Point","coordinates":[-108.6275,39.5543]},"properties":{"s":25.9,"pub":true}},{"type":"Feature","geometry":{"type":"Point","coordinates":[-108.6275,39.5601]},"properties":{"s":55.6,"pub":false}},{"type":"Feature","geometry":{"type":"Point","coordinates":[-108.6275,39.5659]},"properties":{"s":55.6,"pub":true}},{"type":"Feature","geometry":{"type":"Point","coordinates":[-108.6275,39.5717]},"properties":{"s":25.9,"pub":false}},{"type":"Feature","geometry":{"type":"Point","coordinates":[-108.6275,39.6123]},"properties":{"s":51.9,"pub":false}},{"type":"Feature","geometry":{"type":"Point","coordinates":[-108.6275,39.6181]},"properties":{"s":51.9,"pub":false}},{"type":"Feature","geometry":{"type":"Point","coordinates":[-108.6275,39.6239]},"properties":{"s":51.9,"pub":false}},{"type":"Feature","geometry":{"type":"Point","coordinates":[-108.6275,39.6355]},"properties":{"s":66.7,"pub":true}},{"type":"Feature","geometry":{"type":"Point","coordinates":[-108.6275,39.6413]},"properties":{"s":66.7,"pub":true}},{"type":"Feature","geometry":{"type":"Point","coordinates":[-108.6275,39.6471]},"properties":{"s":66.7,"pub":true}},{"type":"Feature","geometry":{"type":"Point","coordinates":[-108.6275,39.6529]},"properties":{"s":66.7,"pub":false}},{"type":"Feature","geometry":{"type":"Point","coordinates":[-108.62,39.5311]},"properties":{"s":25.9,"pub":true}},{"type":"Feature","geometry":{"type":"Point","coordinates":[-108.62,39.5369]},"properties":{"s":25.9,"pub":true}},{"type":"Feature","geometry":{"type":"Point","coordinates":[-108.62,39.5427]},"properties":{"s":25.9,"pub":true}},{"type":"Feature","geometry":{"type":"Point","coordinates":[-108.62,39.5485]},"properties":{"s":25.9,"pub":true}},{"type":"Feature","geometry":{"type":"Point","coordinates":[-108.62,39.5543]},"properties":{"s":25.9,"pub":true}},{"type":"Feature","geometry":{"type":"Point","coordinates":[-108.62,39.5601]},"properties":{"s":25.9,"pub":true}},{"type":"Feature","geometry":{"type":"Point","coordinates":[-108.62,39.6007]},"properties":{"s":51.9,"pub":false}},{"type":"Feature","geometry":{"type":"Point","coordinates":[-108.62,39.6065]},"properties":{"s":51.9,"pub":false}},{"type":"Feature","geometry":{"type":"Point","coordinates":[-108.62,39.6123]},"properties":{"s":51.9,"pub":false}},{"type":"Feature","geometry":{"type":"Point","coordinates":[-108.62,39.6181]},"properties":{"s":51.9,"pub":true}},{"type":"Feature","geometry":{"type":"Point","coordinates":[-108.62,39.6355]},"properties":{"s":66.7,"pub":true}},{"type":"Feature","geometry":{"type":"Point","coordinates":[-108.62,39.6413]},"properties":{"s":66.7,"pub":true}},{"type":"Feature","geometry":{"type":"Point","coordinates":[-108.62,39.6471]},"properties":{"s":66.7,"pub":true}},{"type":"Feature","geometry":{"type":"Point","coordinates":[-108.62,39.6529]},"properties":{"s":66.7,"pub":false}},{"type":"Feature","geometry":{"type":"Point","coordinates":[-108.62,39.6587]},"properties":{"s":66.7,"pub":false}},{"type":"Feature","geometry":{"type":"Point","coordinates":[-108.62,39.6645]},"properties":{"s":96.3,"pub":false}},{"type":"Feature","geometry":{"type":"Point","coordinates":[-108.6125,39.4093]},"properties":{"s":51.9,"pub":true}},{"type":"Feature","geometry":{"type":"Point","coordinates":[-108.6125,39.5253]},"properties":{"s":25.9,"pub":true}},{"type":"Feature","geometry":{"type":"Point","coordinates":[-108.6125,39.5311]},"properties":{"s":25.9,"pub":true}},{"type":"Feature","geometry":{"type":"Point","coordinates":[-108.6125,39.5369]},"properties":{"s":25.9,"pub":true}},{"type":"Feature","geometry":{"type":"Point","coordinates":[-108.6125,39.5427]},"properties":{"s":25.9,"pub":true}},{"type":"Feature","geometry":{"type":"Point","coordinates":[-108.6125,39.5485]},"properties":{"s":25.9,"pub":true}},{"type":"Feature","geometry":{"type":"Point","coordinates":[-108.6125,39.5543]},"properties":{"s":25.9,"pub":true}},{"type":"Feature","geometry":{"type":"Point","coordinates":[-108.6125,39.6355]},"properties":{"s":66.7,"pub":true}},{"type":"Feature","geometry":{"type":"Point","coordinates":[-108.6125,39.6413]},"properties":{"s":66.7,"pub":true}},{"type":"Feature","geometry":{"type":"Point","coordinates":[-108.6125,39.6471]},"properties":{"s":96.3,"pub":true}},{"type":"Feature","geometry":{"type":"Point","coordinates":[-108.6125,39.6529]},"properties":{"s":66.7,"pub":false}},{"type":"Feature","geometry":{"type":"Point","coordinates":[-108.6125,39.6587]},"properties":{"s":66.7,"pub":false}},{"type":"Feature","geometry":{"type":"Point","coordinates":[-108.6125,39.6645]},"properties":{"s":66.7,"pub":true}},{"type":"Feature","geometry":{"type":"Point","coordinates":[-108.605,39.4035]},"properties":{"s":51.9,"pub":true}},{"type":"Feature","geometry":{"type":"Point","coordinates":[-108.605,39.4093]},"properties":{"s":55.6,"pub":true}},{"type":"Feature","geometry":{"type":"Point","coordinates":[-108.605,39.4151]},"properties":{"s":55.6,"pub":true}},{"type":"Feature","geometry":{"type":"Point","coordinates":[-108.605,39.4209]},"properties":{"s":25.9,"pub":true}},{"type":"Feature","geometry":{"type":"Point","coordinates":[-108.605,39.4267]},"properties":{"s":25.9,"pub":true}},{"type":"Feature","geometry":{"type":"Point","coordinates":[-108.605,39.5137]},"properties":{"s":25.9,"pub":true}},{"type":"Feature","geometry":{"type":"Point","coordinates":[-108.605,39.5195]},"properties":{"s":25.9,"pub":true}},{"type":"Feature","geometry":{"type":"Point","coordinates":[-108.605,39.5253]},"properties":{"s":25.9,"pub":true}},{"type":"Feature","geometry":{"type":"Point","coordinates":[-108.605,39.5311]},"properties":{"s":25.9,"pub":true}},{"type":"Feature","geometry":{"type":"Point","coordinates":[-108.605,39.5369]},"properties":{"s":25.9,"pub":true}},{"type":"Feature","geometry":{"type":"Point","coordinates":[-108.605,39.5427]},"properties":{"s":25.9,"pub":true}},{"type":"Feature","geometry":{"type":"Point","coordinates":[-108.605,39.5485]},"properties":{"s":25.9,"pub":true}},{"type":"Feature","geometry":{"type":"Point","coordinates":[-108.605,39.5543]},"properties":{"s":25.9,"pub":true}},{"type":"Feature","geometry":{"type":"Point","coordinates":[-108.605,39.6355]},"properties":{"s":66.7,"pub":true}},{"type":"Feature","geometry":{"type":"Point","coordinates":[-108.605,39.6413]},"properties":{"s":96.3,"pub":true}},{"type":"Feature","geometry":{"type":"Point","coordinates":[-108.605,39.6471]},"properties":{"s":96.3,"pub":true}},{"type":"Feature","geometry":{"type":"Point","coordinates":[-108.605,39.6529]},"properties":{"s":96.3,"pub":false}},{"type":"Feature","geometry":{"type":"Point","coordinates":[-108.605,39.6587]},"properties":{"s":66.7,"pub":false}},{"type":"Feature","geometry":{"type":"Point","coordinates":[-108.605,39.6645]},"properties":{"s":66.7,"pub":true}},{"type":"Feature","geometry":{"type":"Point","coordinates":[-108.605,39.6703]},"properties":{"s":66.7,"pub":true}},{"type":"Feature","geometry":{"type":"Point","coordinates":[-108.5975,39.4035]},"properties":{"s":51.9,"pub":true}},{"type":"Feature","geometry":{"type":"Point","coordinates":[-108.5975,39.4093]},"properties":{"s":51.9,"pub":true}},{"type":"Feature","geometry":{"type":"Point","coordinates":[-108.5975,39.4151]},"properties":{"s":55.6,"pub":true}},{"type":"Feature","geometry":{"type":"Point","coordinates":[-108.5975,39.4209]},"properties":{"s":55.6,"pub":true}},{"type":"Feature","geometry":{"type":"Point","coordinates":[-108.5975,39.4267]},"properties":{"s":25.9,"pub":true}},{"type":"Feature","geometry":{"type":"Point","coordinates":[-108.5975,39.4325]},"properties":{"s":25.9,"pub":true}},{"type":"Feature","geometry":{"type":"Point","coordinates":[-108.5975,39.4383]},"properties":{"s":25.9,"pub":true}},{"type":"Feature","geometry":{"type":"Point","coordinates":[-108.5975,39.4615]},"properties":{"s":25.9,"pub":false}},{"type":"Feature","geometry":{"type":"Point","coordinates":[-108.5975,39.4673]},"properties":{"s":25.9,"pub":false}},{"type":"Feature","geometry":{"type":"Point","coordinates":[-108.5975,39.4731]},"properties":{"s":55.6,"pub":true}},{"type":"Feature","geometry":{"type":"Point","coordinates":[-108.5975,39.4789]},"properties":{"s":55.6,"pub":true}},{"type":"Feature","geometry":{"type":"Point","coordinates":[-108.5975,39.4847]},"properties":{"s":55.6,"pub":false}},{"type":"Feature","geometry":{"type":"Point","coordinates":[-108.5975,39.4905]},"properties":{"s":55.6,"pub":false}},{"type":"Feature","geometry":{"type":"Point","coordinates":[-108.5975,39.4963]},"properties":{"s":55.6,"pub":false}},{"type":"Feature","geometry":{"type":"Point","coordinates":[-108.5975,39.5021]},"properties":{"s":25.9,"pub":true}},{"type":"Feature","geometry":{"type":"Point","coordinates":[-108.5975,39.5079]},"properties":{"s":25.9,"pub":true}},{"type":"Feature","geometry":{"type":"Point","coordinates":[-108.5975,39.5137]},"properties":{"s":25.9,"pub":true}},{"type":"Feature","geometry":{"type":"Point","coordinates":[-108.5975,39.5195]},"properties":{"s":25.9,"pub":true}},{"type":"Feature","geometry":{"type":"Point","coordinates":[-108.5975,39.5253]},"properties":{"s":25.9,"pub":true}},{"type":"Feature","geometry":{"type":"Point","coordinates":[-108.5975,39.5311]},"properties":{"s":25.9,"pub":true}},{"type":"Feature","geometry":{"type":"Point","coordinates":[-108.5975,39.5369]},"properties":{"s":25.9,"pub":true}},{"type":"Feature","geometry":{"type":"Point","coordinates":[-108.5975,39.5427]},"properties":{"s":25.9,"pub":true}},{"type":"Feature","geometry":{"type":"Point","coordinates":[-108.5975,39.5485]},"properties":{"s":25.9,"pub":true}},{"type":"Feature","geometry":{"type":"Point","coordinates":[-108.5975,39.6355]},"properties":{"s":66.7,"pub":true}},{"type":"Feature","geometry":{"type":"Point","coordinates":[-108.5975,39.6413]},"properties":{"s":66.7,"pub":true}},{"type":"Feature","geometry":{"type":"Point","coordinates":[-108.5975,39.6471]},"properties":{"s":100.0,"pub":true}},{"type":"Feature","geometry":{"type":"Point","coordinates":[-108.5975,39.6529]},"properties":{"s":100.0,"pub":true}},{"type":"Feature","geometry":{"type":"Point","coordinates":[-108.5975,39.6587]},"properties":{"s":66.7,"pub":true}},{"type":"Feature","geometry":{"type":"Point","coordinates":[-108.5975,39.6645]},"properties":{"s":66.7,"pub":true}},{"type":"Feature","geometry":{"type":"Point","coordinates":[-108.5975,39.6703]},"properties":{"s":66.7,"pub":true}},{"type":"Feature","geometry":{"type":"Point","coordinates":[-108.59,39.4093]},"properties":{"s":51.9,"pub":true}},{"type":"Feature","geometry":{"type":"Point","coordinates":[-108.59,39.4151]},"properties":{"s":51.9,"pub":true}},{"type":"Feature","geometry":{"type":"Point","coordinates":[-108.59,39.4209]},"properties":{"s":55.6,"pub":true}},{"type":"Feature","geometry":{"type":"Point","coordinates":[-108.59,39.4267]},"properties":{"s":25.9,"pub":true}},{"type":"Feature","geometry":{"type":"Point","coordinates":[-108.59,39.4325]},"properties":{"s":25.9,"pub":true}},{"type":"Feature","geometry":{"type":"Point","coordinates":[-108.59,39.4383]},"properties":{"s":25.9,"pub":true}},{"type":"Feature","geometry":{"type":"Point","coordinates":[-108.59,39.4441]},"properties":{"s":25.9,"pub":true}},{"type":"Feature","geometry":{"type":"Point","coordinates":[-108.59,39.4615]},"properties":{"s":25.9,"pub":false}},{"type":"Feature","geometry":{"type":"Point","coordinates":[-108.59,39.4673]},"properties":{"s":25.9,"pub":false}},{"type":"Feature","geometry":{"type":"Point","coordinates":[-108.59,39.4731]},"properties":{"s":55.6,"pub":false}},{"type":"Feature","geometry":{"type":"Point","coordinates":[-108.59,39.4789]},"properties":{"s":55.6,"pub":false}},{"type":"Feature","geometry":{"type":"Point","coordinates":[-108.59,39.4847]},"properties":{"s":55.6,"pub":true}},{"type":"Feature","geometry":{"type":"Point","coordinates":[-108.59,39.4905]},"properties":{"s":55.6,"pub":true}},{"type":"Feature","geometry":{"type":"Point","coordinates":[-108.59,39.4963]},"properties":{"s":25.9,"pub":true}},{"type":"Feature","geometry":{"type":"Point","coordinates":[-108.59,39.5021]},"properties":{"s":25.9,"pub":true}},{"type":"Feature","geometry":{"type":"Point","coordinates":[-108.59,39.5079]},"properties":{"s":25.9,"pub":true}},{"type":"Feature","geometry":{"type":"Point","coordinates":[-108.59,39.5137]},"properties":{"s":25.9,"pub":true}},{"type":"Feature","geometry":{"type":"Point","coordinates":[-108.59,39.5195]},"properties":{"s":25.9,"pub":true}},{"type":"Feature","geometry":{"type":"Point","coordinates":[-108.59,39.5253]},"properties":{"s":25.9,"pub":true}},{"type":"Feature","geometry":{"type":"Point","coordinates":[-108.59,39.5311]},"properties":{"s":25.9,"pub":true}},{"type":"Feature","geometry":{"type":"Point","coordinates":[-108.59,39.5369]},"properties":{"s":25.9,"pub":true}},{"type":"Feature","geometry":{"type":"Point","coordinates":[-108.59,39.5427]},"properties":{"s":25.9,"pub":true}},{"type":"Feature","geometry":{"type":"Point","coordinates":[-108.59,39.6355]},"properties":{"s":66.7,"pub":true}},{"type":"Feature","geometry":{"type":"Point","coordinates":[-108.59,39.6413]},"properties":{"s":66.7,"pub":true}},{"type":"Feature","geometry":{"type":"Point","coordinates":[-108.59,39.6471]},"properties":{"s":100.0,"pub":true}},{"type":"Feature","geometry":{"type":"Point","coordinates":[-108.59,39.6529]},"properties":{"s":100.0,"pub":true}},{"type":"Feature","geometry":{"type":"Point","coordinates":[-108.59,39.6587]},"properties":{"s":66.7,"pub":true}},{"type":"Feature","geometry":{"type":"Point","coordinates":[-108.59,39.6645]},"properties":{"s":66.7,"pub":true}},{"type":"Feature","geometry":{"type":"Point","coordinates":[-108.59,39.6703]},"properties":{"s":66.7,"pub":true}},{"type":"Feature","geometry":{"type":"Point","coordinates":[-108.5825,39.4093]},"properties":{"s":51.9,"pub":true}},{"type":"Feature","geometry":{"type":"Point","coordinates":[-108.5825,39.4267]},"properties":{"s":55.6,"pub":true}},{"type":"Feature","geometry":{"type":"Point","coordinates":[-108.5825,39.4325]},"properties":{"s":25.9,"pub":true}},{"type":"Feature","geometry":{"type":"Point","coordinates":[-108.5825,39.4383]},"properties":{"s":25.9,"pub":true}},{"type":"Feature","geometry":{"type":"Point","coordinates":[-108.5825,39.4441]},"properties":{"s":25.9,"pub":true}},{"type":"Feature","geometry":{"type":"Point","coordinates":[-108.5825,39.4499]},"properties":{"s":25.9,"pub":true}},{"type":"Feature","geometry":{"type":"Point","coordinates":[-108.5825,39.4557]},"properties":{"s":25.9,"pub":true}},{"type":"Feature","geometry":{"type":"Point","coordinates":[-108.5825,39.4615]},"properties":{"s":25.9,"pub":true}},{"type":"Feature","geometry":{"type":"Point","coordinates":[-108.5825,39.4673]},"properties":{"s":55.6,"pub":false}},{"type":"Feature","geometry":{"type":"Point","coordinates":[-108.5825,39.4731]},"properties":{"s":55.6,"pub":false}},{"type":"Feature","geometry":{"type":"Point","coordinates":[-108.5825,39.4789]},"properties":{"s":55.6,"pub":false}},{"type":"Feature","geometry":{"type":"Point","coordinates":[-108.5825,39.4847]},"properties":{"s":55.6,"pub":false}},{"type":"Feature","geometry":{"type":"Point","coordinates":[-108.5825,39.4905]},"properties":{"s":25.9,"pub":false}},{"type":"Feature","geometry":{"type":"Point","coordinates":[-108.5825,39.4963]},"properties":{"s":25.9,"pub":false}},{"type":"Feature","geometry":{"type":"Point","coordinates":[-108.5825,39.5021]},"properties":{"s":25.9,"pub":true}},{"type":"Feature","geometry":{"type":"Point","coordinates":[-108.5825,39.5079]},"properties":{"s":25.9,"pub":true}},{"type":"Feature","geometry":{"type":"Point","coordinates":[-108.5825,39.5137]},"properties":{"s":25.9,"pub":true}},{"type":"Feature","geometry":{"type":"Point","coordinates":[-108.5825,39.5195]},"properties":{"s":25.9,"pub":true}},{"type":"Feature","geometry":{"type":"Point","coordinates":[-108.5825,39.5253]},"properties":{"s":25.9,"pub":true}},{"type":"Feature","geometry":{"type":"Point","coordinates":[-108.5825,39.5311]},"properties":{"s":29.6,"pub":true}},{"type":"Feature","geometry":{"type":"Point","coordinates":[-108.5825,39.5369]},"properties":{"s":29.6,"pub":true}},{"type":"Feature","geometry":{"type":"Point","coordinates":[-108.5825,39.5427]},"properties":{"s":25.9,"pub":true}},{"type":"Feature","geometry":{"type":"Point","coordinates":[-108.5825,39.6297]},"properties":{"s":66.7,"pub":true}},{"type":"Feature","geometry":{"type":"Point","coordinates":[-108.5825,39.6355]},"properties":{"s":66.7,"pub":true}},{"type":"Feature","geometry":{"type":"Point","coordinates":[-108.5825,39.6413]},"properties":{"s":66.7,"pub":true}},{"type":"Feature","geometry":{"type":"Point","coordinates":[-108.5825,39.6471]},"properties":{"s":100.0,"pub":true}},{"type":"Feature","geometry":{"type":"Point","coordinates":[-108.5825,39.6529]},"properties":{"s":70.4,"pub":true}},{"type":"Feature","geometry":{"type":"Point","coordinates":[-108.5825,39.6587]},"properties":{"s":66.7,"pub":true}},{"type":"Feature","geometry":{"type":"Point","coordinates":[-108.5825,39.6645]},"properties":{"s":66.7,"pub":true}},{"type":"Feature","geometry":{"type":"Point","coordinates":[-108.5825,39.6703]},"properties":{"s":70.4,"pub":true}},{"type":"Feature","geometry":{"type":"Point","coordinates":[-108.5825,39.6761]},"properties":{"s":66.7,"pub":true}},{"type":"Feature","geometry":{"type":"Point","coordinates":[-108.575,39.4267]},"properties":{"s":25.9,"pub":true}},{"type":"Feature","geometry":{"type":"Point","coordinates":[-108.575,39.4325]},"properties":{"s":25.9,"pub":true}},{"type":"Feature","geometry":{"type":"Point","coordinates":[-108.575,39.4383]},"properties":{"s":25.9,"pub":true}},{"type":"Feature","geometry":{"type":"Point","coordinates":[-108.575,39.4441]},"properties":{"s":25.9,"pub":true}},{"type":"Feature","geometry":{"type":"Point","coordinates":[-108.575,39.4499]},"properties":{"s":25.9,"pub":true}},{"type":"Feature","geometry":{"type":"Point","coordinates":[-108.575,39.4557]},"properties":{"s":25.9,"pub":false}},{"type":"Feature","geometry":{"type":"Point","coordinates":[-108.575,39.4615]},"properties":{"s":25.9,"pub":true}},{"type":"Feature","geometry":{"type":"Point","coordinates":[-108.575,39.4673]},"properties":{"s":25.9,"pub":true}},{"type":"Feature","geometry":{"type":"Point","coordinates":[-108.575,39.4731]},"properties":{"s":25.9,"pub":false}},{"type":"Feature","geometry":{"type":"Point","coordinates":[-108.575,39.4789]},"properties":{"s":55.6,"pub":true}},{"type":"Feature","geometry":{"type":"Point","coordinates":[-108.575,39.4847]},"properties":{"s":25.9,"pub":true}},{"type":"Feature","geometry":{"type":"Point","coordinates":[-108.575,39.4905]},"properties":{"s":25.9,"pub":true}},{"type":"Feature","geometry":{"type":"Point","coordinates":[-108.575,39.4963]},"properties":{"s":25.9,"pub":false}},{"type":"Feature","geometry":{"type":"Point","coordinates":[-108.575,39.5021]},"properties":{"s":25.9,"pub":false}},{"type":"Feature","geometry":{"type":"Point","coordinates":[-108.575,39.5079]},"properties":{"s":25.9,"pub":false}},{"type":"Feature","geometry":{"type":"Point","coordinates":[-108.575,39.5137]},"properties":{"s":25.9,"pub":true}},{"type":"Feature","geometry":{"type":"Point","coordinates":[-108.575,39.5195]},"properties":{"s":29.6,"pub":true}},{"type":"Feature","geometry":{"type":"Point","coordinates":[-108.575,39.5253]},"properties":{"s":29.6,"pub":true}},{"type":"Feature","geometry":{"type":"Point","coordinates":[-108.575,39.5311]},"properties":{"s":29.6,"pub":true}},{"type":"Feature","geometry":{"type":"Point","coordinates":[-108.575,39.5369]},"properties":{"s":25.9,"pub":true}},{"type":"Feature","geometry":{"type":"Point","coordinates":[-108.575,39.5543]},"properties":{"s":25.9,"pub":true}},{"type":"Feature","geometry":{"type":"Point","coordinates":[-108.575,39.5601]},"properties":{"s":25.9,"pub":true}},{"type":"Feature","geometry":{"type":"Point","coordinates":[-108.575,39.6239]},"properties":{"s":66.7,"pub":true}},{"type":"Feature","geometry":{"type":"Point","coordinates":[-108.575,39.6297]},"properties":{"s":66.7,"pub":true}},{"type":"Feature","geometry":{"type":"Point","coordinates":[-108.575,39.6355]},"properties":{"s":66.7,"pub":true}},{"type":"Feature","geometry":{"type":"Point","coordinates":[-108.575,39.6413]},"properties":{"s":66.7,"pub":true}},{"type":"Feature","geometry":{"type":"Point","coordinates":[-108.575,39.6471]},"properties":{"s":70.4,"pub":true}},{"type":"Feature","geometry":{"type":"Point","coordinates":[-108.575,39.6529]},"properties":{"s":66.7,"pub":true}},{"type":"Feature","geometry":{"type":"Point","coordinates":[-108.575,39.6587]},"properties":{"s":66.7,"pub":true}},{"type":"Feature","geometry":{"type":"Point","coordinates":[-108.575,39.6645]},"properties":{"s":70.4,"pub":true}},{"type":"Feature","geometry":{"type":"Point","coordinates":[-108.575,39.6703]},"properties":{"s":70.4,"pub":true}},{"type":"Feature","geometry":{"type":"Point","coordinates":[-108.575,39.6761]},"properties":{"s":66.7,"pub":true}},{"type":"Feature","geometry":{"type":"Point","coordinates":[-108.575,39.6819]},"properties":{"s":66.7,"pub":true}},{"type":"Feature","geometry":{"type":"Point","coordinates":[-108.5675,39.3803]},"properties":{"s":51.9,"pub":true}},{"type":"Feature","geometry":{"type":"Point","coordinates":[-108.5675,39.3861]},"properties":{"s":51.9,"pub":true}},{"type":"Feature","geometry":{"type":"Point","coordinates":[-108.5675,39.4325]},"properties":{"s":25.9,"pub":true}},{"type":"Feature","geometry":{"type":"Point","coordinates":[-108.5675,39.4383]},"properties":{"s":25.9,"pub":true}},{"type":"Feature","geometry":{"type":"Point","coordinates":[-108.5675,39.4441]},"properties":{"s":25.9,"pub":true}},{"type":"Feature","geometry":{"type":"Point","coordinates":[-108.5675,39.4499]},"properties":{"s":25.9,"pub":true}},{"type":"Feature","geometry":{"type":"Point","coordinates":[-108.5675,39.4557]},"properties":{"s":25.9,"pub":true}},{"type":"Feature","geometry":{"type":"Point","coordinates":[-108.5675,39.4615]},"properties":{"s":25.9,"pub":true}},{"type":"Feature","geometry":{"type":"Point","coordinates":[-108.5675,39.4673]},"properties":{"s":25.9,"pub":true}},{"type":"Feature","geometry":{"type":"Point","coordinates":[-108.5675,39.4731]},"properties":{"s":25.9,"pub":true}},{"type":"Feature","geometry":{"type":"Point","coordinates":[-108.5675,39.4789]},"properties":{"s":55.6,"pub":true}},{"type":"Feature","geometry":{"type":"Point","coordinates":[-108.5675,39.4847]},"properties":{"s":25.9,"pub":true}},{"type":"Feature","geometry":{"type":"Point","coordinates":[-108.5675,39.4905]},"properties":{"s":25.9,"pub":true}},{"type":"Feature","geometry":{"type":"Point","coordinates":[-108.5675,39.4963]},"properties":{"s":25.9,"pub":false}},{"type":"Feature","geometry":{"type":"Point","coordinates":[-108.5675,39.5021]},"properties":{"s":25.9,"pub":false}},{"type":"Feature","geometry":{"type":"Point","coordinates":[-108.5675,39.5079]},"properties":{"s":29.6,"pub":false}},{"type":"Feature","geometry":{"type":"Point","coordinates":[-108.5675,39.5137]},"properties":{"s":29.6,"pub":true}},{"type":"Feature","geometry":{"type":"Point","coordinates":[-108.5675,39.5195]},"properties":{"s":29.6,"pub":true}},{"type":"Feature","geometry":{"type":"Point","coordinates":[-108.5675,39.5253]},"properties":{"s":25.9,"pub":true}},{"type":"Feature","geometry":{"type":"Point","coordinates":[-108.5675,39.5485]},"properties":{"s":25.9,"pub":true}},{"type":"Feature","geometry":{"type":"Point","coordinates":[-108.5675,39.5543]},"properties":{"s":25.9,"pub":true}},{"type":"Feature","geometry":{"type":"Point","coordinates":[-108.5675,39.5601]},"properties":{"s":25.9,"pub":true}},{"type":"Feature","geometry":{"type":"Point","coordinates":[-108.5675,39.6239]},"properties":{"s":66.7,"pub":true}},{"type":"Feature","geometry":{"type":"Point","coordinates":[-108.5675,39.6297]},"properties":{"s":66.7,"pub":false}},{"type":"Feature","geometry":{"type":"Point","coordinates":[-108.5675,39.6355]},"properties":{"s":66.7,"pub":false}},{"type":"Feature","geometry":{"type":"Point","coordinates":[-108.5675,39.6413]},"properties":{"s":66.7,"pub":false}},{"type":"Feature","geometry":{"type":"Point","coordinates":[-108.5675,39.6471]},"properties":{"s":70.4,"pub":false}},{"type":"Feature","geometry":{"type":"Point","coordinates":[-108.5675,39.6529]},"properties":{"s":70.4,"pub":true}},{"type":"Feature","geometry":{"type":"Point","coordinates":[-108.5675,39.6587]},"properties":{"s":70.4,"pub":true}},{"type":"Feature","geometry":{"type":"Point","coordinates":[-108.5675,39.6645]},"properties":{"s":70.4,"pub":true}},{"type":"Feature","geometry":{"type":"Point","coordinates":[-108.5675,39.6703]},"properties":{"s":66.7,"pub":true}},{"type":"Feature","geometry":{"type":"Point","coordinates":[-108.5675,39.6761]},"properties":{"s":66.7,"pub":true}},{"type":"Feature","geometry":{"type":"Point","coordinates":[-108.5675,39.6819]},"properties":{"s":66.7,"pub":true}},{"type":"Feature","geometry":{"type":"Point","coordinates":[-108.5675,39.6877]},"properties":{"s":96.3,"pub":true}},{"type":"Feature","geometry":{"type":"Point","coordinates":[-108.56,39.3803]},"properties":{"s":51.9,"pub":true}},{"type":"Feature","geometry":{"type":"Point","coordinates":[-108.56,39.4267]},"properties":{"s":25.9,"pub":true}},{"type":"Feature","geometry":{"type":"Point","coordinates":[-108.56,39.4325]},"properties":{"s":25.9,"pub":true}},{"type":"Feature","geometry":{"type":"Point","coordinates":[-108.56,39.4383]},"properties":{"s":25.9,"pub":true}},{"type":"Feature","geometry":{"type":"Point","coordinates":[-108.56,39.4441]},"properties":{"s":25.9,"pub":true}},{"type":"Feature","geometry":{"type":"Point","coordinates":[-108.56,39.4499]},"properties":{"s":25.9,"pub":true}},{"type":"Feature","geometry":{"type":"Point","coordinates":[-108.56,39.4557]},"properties":{"s":25.9,"pub":true}},{"type":"Feature","geometry":{"type":"Point","coordinates":[-108.56,39.4615]},"properties":{"s":25.9,"pub":false}},{"type":"Feature","geometry":{"type":"Point","coordinates":[-108.56,39.4673]},"properties":{"s":25.9,"pub":true}},{"type":"Feature","geometry":{"type":"Point","coordinates":[-108.56,39.4731]},"properties":{"s":55.6,"pub":true}},{"type":"Feature","geometry":{"type":"Point","coordinates":[-108.56,39.4789]},"properties":{"s":55.6,"pub":true}},{"type":"Feature","geometry":{"type":"Point","coordinates":[-108.56,39.4847]},"properties":{"s":55.6,"pub":true}},{"type":"Feature","geometry":{"type":"Point","coordinates":[-108.56,39.4905]},"properties":{"s":25.9,"pub":true}},{"type":"Feature","geometry":{"type":"Point","coordinates":[-108.56,39.4963]},"properties":{"s":25.9,"pub":false}},{"type":"Feature","geometry":{"type":"Point","coordinates":[-108.56,39.5021]},"properties":{"s":33.3,"pub":false}},{"type":"Feature","geometry":{"type":"Point","coordinates":[-108.56,39.5079]},"properties":{"s":37.0,"pub":false}},{"type":"Feature","geometry":{"type":"Point","coordinates":[-108.56,39.5137]},"properties":{"s":25.9,"pub":true}},{"type":"Feature","geometry":{"type":"Point","coordinates":[-108.56,39.5195]},"properties":{"s":25.9,"pub":true}},{"type":"Feature","geometry":{"type":"Point","coordinates":[-108.56,39.5369]},"properties":{"s":25.9,"pub":true}},{"type":"Feature","geometry":{"type":"Point","coordinates":[-108.56,39.5427]},"properties":{"s":25.9,"pub":true}},{"type":"Feature","geometry":{"type":"Point","coordinates":[-108.56,39.5485]},"properties":{"s":25.9,"pub":true}},{"type":"Feature","geometry":{"type":"Point","coordinates":[-108.56,39.5543]},"properties":{"s":25.9,"pub":true}},{"type":"Feature","geometry":{"type":"Point","coordinates":[-108.56,39.5601]},"properties":{"s":25.9,"pub":true}},{"type":"Feature","geometry":{"type":"Point","coordinates":[-108.56,39.5659]},"properties":{"s":25.9,"pub":true}},{"type":"Feature","geometry":{"type":"Point","coordinates":[-108.56,39.6297]},"properties":{"s":66.7,"pub":false}},{"type":"Feature","geometry":{"type":"Point","coordinates":[-108.56,39.6355]},"properties":{"s":66.7,"pub":false}},{"type":"Feature","geometry":{"type":"Point","coordinates":[-108.56,39.6413]},"properties":{"s":70.4,"pub":false}},{"type":"Feature","geometry":{"type":"Point","coordinates":[-108.56,39.6471]},"properties":{"s":70.4,"pub":false}},{"type":"Feature","geometry":{"type":"Point","coordinates":[-108.56,39.6529]},"properties":{"s":70.4,"pub":true}},{"type":"Feature","geometry":{"type":"Point","coordinates":[-108.56,39.6587]},"properties":{"s":70.4,"pub":true}},{"type":"Feature","geometry":{"type":"Point","coordinates":[-108.56,39.6645]},"properties":{"s":66.7,"pub":true}},{"type":"Feature","geometry":{"type":"Point","coordinates":[-108.56,39.6703]},"properties":{"s":66.7,"pub":true}},{"type":"Feature","geometry":{"type":"Point","coordinates":[-108.56,39.6761]},"properties":{"s":66.7,"pub":true}},{"type":"Feature","geometry":{"type":"Point","coordinates":[-108.56,39.6819]},"properties":{"s":66.7,"pub":true}},{"type":"Feature","geometry":{"type":"Point","coordinates":[-108.5525,39.3745]},"properties":{"s":51.9,"pub":true}},{"type":"Feature","geometry":{"type":"Point","coordinates":[-108.5525,39.3803]},"properties":{"s":51.9,"pub":true}},{"type":"Feature","geometry":{"type":"Point","coordinates":[-108.5525,39.3861]},"properties":{"s":51.9,"pub":true}},{"type":"Feature","geometry":{"type":"Point","coordinates":[-108.5525,39.3919]},"properties":{"s":25.9,"pub":true}},{"type":"Feature","geometry":{"type":"Point","coordinates":[-108.5525,39.3977]},"properties":{"s":25.9,"pub":true}},{"type":"Feature","geometry":{"type":"Point","coordinates":[-108.5525,39.4035]},"properties":{"s":25.9,"pub":true}},{"type":"Feature","geometry":{"type":"Point","coordinates":[-108.5525,39.4209]},"properties":{"s":25.9,"pub":true}},{"type":"Feature","geometry":{"type":"Point","coordinates":[-108.5525,39.4267]},"properties":{"s":25.9,"pub":true}},{"type":"Feature","geometry":{"type":"Point","coordinates":[-108.5525,39.4325]},"properties":{"s":25.9,"pub":true}},{"type":"Feature","geometry":{"type":"Point","coordinates":[-108.5525,39.4383]},"properties":{"s":25.9,"pub":true}},{"type":"Feature","geometry":{"type":"Point","coordinates":[-108.5525,39.4441]},"properties":{"s":25.9,"pub":true}},{"type":"Feature","geometry":{"type":"Point","coordinates":[-108.5525,39.4499]},"properties":{"s":25.9,"pub":true}},{"type":"Feature","geometry":{"type":"Point","coordinates":[-108.5525,39.4557]},"properties":{"s":25.9,"pub":true}},{"type":"Feature","geometry":{"type":"Point","coordinates":[-108.5525,39.4615]},"properties":{"s":25.9,"pub":false}},{"type":"Feature","geometry":{"type":"Point","coordinates":[-108.5525,39.4673]},"properties":{"s":25.9,"pub":true}},{"type":"Feature","geometry":{"type":"Point","coordinates":[-108.5525,39.4731]},"properties":{"s":25.9,"pub":true}},{"type":"Feature","geometry":{"type":"Point","coordinates":[-108.5525,39.4789]},"properties":{"s":55.6,"pub":true}},{"type":"Feature","geometry":{"type":"Point","coordinates":[-108.5525,39.4847]},"properties":{"s":55.6,"pub":true}},{"type":"Feature","geometry":{"type":"Point","coordinates":[-108.5525,39.4905]},"properties":{"s":25.9,"pub":true}},{"type":"Feature","geometry":{"type":"Point","coordinates":[-108.5525,39.4963]},"properties":{"s":25.9,"pub":false}},{"type":"Feature","geometry":{"type":"Point","coordinates":[-108.5525,39.5021]},"properties":{"s":37.0,"pub":true}},{"type":"Feature","geometry":{"type":"Point","coordinates":[-108.5525,39.5079]},"properties":{"s":37.0,"pub":true}},{"type":"Feature","geometry":{"type":"Point","coordinates":[-108.5525,39.5137]},"properties":{"s":33.3,"pub":true}},{"type":"Feature","geometry":{"type":"Point","coordinates":[-108.5525,39.5195]},"properties":{"s":25.9,"pub":true}},{"type":"Feature","geometry":{"type":"Point","coordinates":[-108.5525,39.5311]},"properties":{"s":25.9,"pub":true}},{"type":"Feature","geometry":{"type":"Point","coordinates":[-108.5525,39.5369]},"properties":{"s":25.9,"pub":true}},{"type":"Feature","geometry":{"type":"Point","coordinates":[-108.5525,39.5427]},"properties":{"s":25.9,"pub":true}},{"type":"Feature","geometry":{"type":"Point","coordinates":[-108.5525,39.5485]},"properties":{"s":25.9,"pub":true}},{"type":"Feature","geometry":{"type":"Point","coordinates":[-108.5525,39.5543]},"properties":{"s":25.9,"pub":true}},{"type":"Feature","geometry":{"type":"Point","coordinates":[-108.5525,39.5601]},"properties":{"s":25.9,"pub":true}},{"type":"Feature","geometry":{"type":"Point","coordinates":[-108.5525,39.6065]},"properties":{"s":25.9,"pub":false}},{"type":"Feature","geometry":{"type":"Point","coordinates":[-108.5525,39.6123]},"properties":{"s":25.9,"pub":false}},{"type":"Feature","geometry":{"type":"Point","coordinates":[-108.5525,39.6181]},"properties":{"s":25.9,"pub":false}},{"type":"Feature","geometry":{"type":"Point","coordinates":[-108.5525,39.6239]},"properties":{"s":25.9,"pub":false}},{"type":"Feature","geometry":{"type":"Point","coordinates":[-108.5525,39.6297]},"properties":{"s":70.4,"pub":false}},{"type":"Feature","geometry":{"type":"Point","coordinates":[-108.5525,39.6355]},"properties":{"s":70.4,"pub":false}},{"type":"Feature","geometry":{"type":"Point","coordinates":[-108.5525,39.6413]},"properties":{"s":70.4,"pub":false}},{"type":"Feature","geometry":{"type":"Point","coordinates":[-108.5525,39.6471]},"properties":{"s":70.4,"pub":false}},{"type":"Feature","geometry":{"type":"Point","coordinates":[-108.5525,39.6529]},"properties":{"s":70.4,"pub":true}},{"type":"Feature","geometry":{"type":"Point","coordinates":[-108.5525,39.6587]},"properties":{"s":66.7,"pub":true}},{"type":"Feature","geometry":{"type":"Point","coordinates":[-108.5525,39.6645]},"properties":{"s":66.7,"pub":true}},{"type":"Feature","geometry":{"type":"Point","coordinates":[-108.5525,39.6703]},"properties":{"s":66.7,"pub":true}},{"type":"Feature","geometry":{"type":"Point","coordinates":[-108.5525,39.6761]},"properties":{"s":66.7,"pub":true}},{"type":"Feature","geometry":{"type":"Point","coordinates":[-108.5525,39.6819]},"properties":{"s":66.7,"pub":true}},{"type":"Feature","geometry":{"type":"Point","coordinates":[-108.5525,39.6877]},"properties":{"s":96.3,"pub":true}},{"type":"Feature","geometry":{"type":"Point","coordinates":[-108.545,39.2701]},"properties":{"s":55.6,"pub":true}},{"type":"Feature","geometry":{"type":"Point","coordinates":[-108.545,39.2933]},"properties":{"s":55.6,"pub":true}},{"type":"Feature","geometry":{"type":"Point","coordinates":[-108.545,39.3745]},"properties":{"s":51.9,"pub":true}},{"type":"Feature","geometry":{"type":"Point","coordinates":[-108.545,39.3803]},"properties":{"s":51.9,"pub":true}},{"type":"Feature","geometry":{"type":"Point","coordinates":[-108.545,39.3861]},"properties":{"s":51.9,"pub":true}},{"type":"Feature","geometry":{"type":"Point","coordinates":[-108.545,39.3919]},"properties":{"s":25.9,"pub":true}},{"type":"Feature","geometry":{"type":"Point","coordinates":[-108.545,39.3977]},"properties":{"s":25.9,"pub":true}},{"type":"Feature","geometry":{"type":"Point","coordinates":[-108.545,39.4035]},"properties":{"s":25.9,"pub":true}},{"type":"Feature","geometry":{"type":"Point","coordinates":[-108.545,39.4209]},"properties":{"s":25.9,"pub":true}},{"type":"Feature","geometry":{"type":"Point","coordinates":[-108.545,39.4267]},"properties":{"s":25.9,"pub":true}},{"type":"Feature","geometry":{"type":"Point","coordinates":[-108.545,39.4325]},"properties":{"s":25.9,"pub":true}},{"type":"Feature","geometry":{"type":"Point","coordinates":[-108.545,39.4383]},"properties":{"s":25.9,"pub":true}},{"type":"Feature","geometry":{"type":"Point","coordinates":[-108.545,39.4441]},"properties":{"s":25.9,"pub":true}},{"type":"Feature","geometry":{"type":"Point","coordinates":[-108.545,39.4499]},"properties":{"s":25.9,"pub":true}},{"type":"Feature","geometry":{"type":"Point","coordinates":[-108.545,39.4557]},"properties":{"s":25.9,"pub":true}},{"type":"Feature","geometry":{"type":"Point","coordinates":[-108.545,39.4615]},"properties":{"s":25.9,"pub":false}},{"type":"Feature","geometry":{"type":"Point","coordinates":[-108.545,39.4673]},"properties":{"s":25.9,"pub":true}},{"type":"Feature","geometry":{"type":"Point","coordinates":[-108.545,39.4731]},"properties":{"s":25.9,"pub":true}},{"type":"Feature","geometry":{"type":"Point","coordinates":[-108.545,39.4789]},"properties":{"s":55.6,"pub":true}},{"type":"Feature","geometry":{"type":"Point","coordinates":[-108.545,39.4847]},"properties":{"s":55.6,"pub":false}},{"type":"Feature","geometry":{"type":"Point","coordinates":[-108.545,39.4905]},"properties":{"s":25.9,"pub":false}},{"type":"Feature","geometry":{"type":"Point","coordinates":[-108.545,39.4963]},"properties":{"s":25.9,"pub":false}},{"type":"Feature","geometry":{"type":"Point","coordinates":[-108.545,39.5021]},"properties":{"s":25.9,"pub":true}},{"type":"Feature","geometry":{"type":"Point","coordinates":[-108.545,39.5079]},"properties":{"s":37.0,"pub":true}},{"type":"Feature","geometry":{"type":"Point","coordinates":[-108.545,39.5137]},"properties":{"s":33.3,"pub":true}},{"type":"Feature","geometry":{"type":"Point","coordinates":[-108.545,39.5195]},"properties":{"s":33.3,"pub":true}},{"type":"Feature","geometry":{"type":"Point","coordinates":[-108.545,39.5253]},"properties":{"s":33.3,"pub":true}},{"type":"Feature","geometry":{"type":"Point","coordinates":[-108.545,39.5311]},"properties":{"s":25.9,"pub":true}},{"type":"Feature","geometry":{"type":"Point","coordinates":[-108.545,39.5369]},"properties":{"s":25.9,"pub":true}},{"type":"Feature","geometry":{"type":"Point","coordinates":[-108.545,39.5427]},"properties":{"s":25.9,"pub":true}},{"type":"Feature","geometry":{"type":"Point","coordinates":[-108.545,39.5485]},"properties":{"s":25.9,"pub":true}},{"type":"Feature","geometry":{"type":"Point","coordinates":[-108.545,39.5543]},"properties":{"s":25.9,"pub":true}},{"type":"Feature","geometry":{"type":"Point","coordinates":[-108.545,39.5601]},"properties":{"s":25.9,"pub":true}},{"type":"Feature","geometry":{"type":"Point","coordinates":[-108.545,39.5891]},"properties":{"s":25.9,"pub":false}},{"type":"Feature","geometry":{"type":"Point","coordinates":[-108.545,39.5949]},"properties":{"s":25.9,"pub":false}},{"type":"Feature","geometry":{"type":"Point","coordinates":[-108.545,39.6007]},"properties":{"s":25.9,"pub":false}},{"type":"Feature","geometry":{"type":"Point","coordinates":[-108.545,39.6065]},"properties":{"s":25.9,"pub":false}},{"type":"Feature","geometry":{"type":"Point","coordinates":[-108.545,39.6123]},"properties":{"s":25.9,"pub":false}},{"type":"Feature","geometry":{"type":"Point","coordinates":[-108.545,39.6181]},"properties":{"s":25.9,"pub":false}},{"type":"Feature","geometry":{"type":"Point","coordinates":[-108.545,39.6239]},"properties":{"s":25.9,"pub":false}},{"type":"Feature","geometry":{"type":"Point","coordinates":[-108.545,39.6297]},"properties":{"s":70.4,"pub":false}},{"type":"Feature","geometry":{"type":"Point","coordinates":[-108.545,39.6355]},"properties":{"s":70.4,"pub":false}},{"type":"Feature","geometry":{"type":"Point","coordinates":[-108.545,39.6413]},"properties":{"s":70.4,"pub":false}},{"type":"Feature","geometry":{"type":"Point","coordinates":[-108.545,39.6471]},"properties":{"s":70.4,"pub":false}},{"type":"Feature","geometry":{"type":"Point","coordinates":[-108.545,39.6529]},"properties":{"s":66.7,"pub":true}},{"type":"Feature","geometry":{"type":"Point","coordinates":[-108.545,39.6587]},"properties":{"s":66.7,"pub":true}},{"type":"Feature","geometry":{"type":"Point","coordinates":[-108.545,39.6645]},"properties":{"s":66.7,"pub":true}},{"type":"Feature","geometry":{"type":"Point","coordinates":[-108.545,39.6703]},"properties":{"s":66.7,"pub":true}},{"type":"Feature","geometry":{"type":"Point","coordinates":[-108.545,39.6761]},"properties":{"s":66.7,"pub":true}},{"type":"Feature","geometry":{"type":"Point","coordinates":[-108.545,39.6819]},"properties":{"s":66.7,"pub":false}},{"type":"Feature","geometry":{"type":"Point","coordinates":[-108.545,39.6877]},"properties":{"s":66.7,"pub":false}},{"type":"Feature","geometry":{"type":"Point","coordinates":[-108.5375,39.2701]},"properties":{"s":55.6,"pub":true}},{"type":"Feature","geometry":{"type":"Point","coordinates":[-108.5375,39.2759]},"properties":{"s":55.6,"pub":true}},{"type":"Feature","geometry":{"type":"Point","coordinates":[-108.5375,39.2817]},"properties":{"s":55.6,"pub":true}},{"type":"Feature","geometry":{"type":"Point","coordinates":[-108.5375,39.2875]},"properties":{"s":55.6,"pub":true}},{"type":"Feature","geometry":{"type":"Point","coordinates":[-108.5375,39.2933]},"properties":{"s":55.6,"pub":true}},{"type":"Feature","geometry":{"type":"Point","coordinates":[-108.5375,39.2991]},"properties":{"s":55.6,"pub":true}},{"type":"Feature","geometry":{"type":"Point","coordinates":[-108.5375,39.3629]},"properties":{"s":51.9,"pub":true}},{"type":"Feature","geometry":{"type":"Point","coordinates":[-108.5375,39.3687]},"properties":{"s":51.9,"pub":true}},{"type":"Feature","geometry":{"type":"Point","coordinates":[-108.5375,39.3745]},"properties":{"s":51.9,"pub":true}},{"type":"Feature","geometry":{"type":"Point","coordinates":[-108.5375,39.3803]},"properties":{"s":51.9,"pub":true}},{"type":"Feature","geometry":{"type":"Point","coordinates":[-108.5375,39.3861]},"properties":{"s":51.9,"pub":true}},{"type":"Feature","geometry":{"type":"Point","coordinates":[-108.5375,39.3919]},"properties":{"s":25.9,"pub":true}},{"type":"Feature","geometry":{"type":"Point","coordinates":[-108.5375,39.3977]},"properties":{"s":25.9,"pub":true}},{"type":"Feature","geometry":{"type":"Point","coordinates":[-108.5375,39.4035]},"properties":{"s":25.9,"pub":true}},{"type":"Feature","geometry":{"type":"Point","coordinates":[-108.5375,39.4209]},"properties":{"s":25.9,"pub":true}},{"type":"Feature","geometry":{"type":"Point","coordinates":[-108.5375,39.4267]},"properties":{"s":25.9,"pub":true}},{"type":"Feature","geometry":{"type":"Point","coordinates":[-108.5375,39.4325]},"properties":{"s":25.9,"pub":true}},{"type":"Feature","geometry":{"type":"Point","coordinates":[-108.5375,39.4383]},"properties":{"s":25.9,"pub":true}},{"type":"Feature","geometry":{"type":"Point","coordinates":[-108.5375,39.4441]},"properties":{"s":25.9,"pub":true}},{"type":"Feature","geometry":{"type":"Point","coordinates":[-108.5375,39.4499]},"properties":{"s":25.9,"pub":true}},{"type":"Feature","geometry":{"type":"Point","coordinates":[-108.5375,39.4557]},"properties":{"s":25.9,"pub":true}},{"type":"Feature","geometry":{"type":"Point","coordinates":[-108.5375,39.4615]},"properties":{"s":25.9,"pub":false}},{"type":"Feature","geometry":{"type":"Point","coordinates":[-108.5375,39.4673]},"properties":{"s":25.9,"pub":false}},{"type":"Feature","geometry":{"type":"Point","coordinates":[-108.5375,39.4731]},"properties":{"s":25.9,"pub":false}},{"type":"Feature","geometry":{"type":"Point","coordinates":[-108.5375,39.4789]},"properties":{"s":25.9,"pub":false}},{"type":"Feature","geometry":{"type":"Point","coordinates":[-108.5375,39.4847]},"properties":{"s":25.9,"pub":false}},{"type":"Feature","geometry":{"type":"Point","coordinates":[-108.5375,39.4905]},"properties":{"s":25.9,"pub":false}},{"type":"Feature","geometry":{"type":"Point","coordinates":[-108.5375,39.4963]},"properties":{"s":25.9,"pub":false}},{"type":"Feature","geometry":{"type":"Point","coordinates":[-108.5375,39.5021]},"properties":{"s":25.9,"pub":true}},{"type":"Feature","geometry":{"type":"Point","coordinates":[-108.5375,39.5079]},"properties":{"s":37.0,"pub":true}},{"type":"Feature","geometry":{"type":"Point","coordinates":[-108.5375,39.5137]},"properties":{"s":37.0,"pub":true}},{"type":"Feature","geometry":{"type":"Point","coordinates":[-108.5375,39.5195]},"properties":{"s":33.3,"pub":true}},{"type":"Feature","geometry":{"type":"Point","coordinates":[-108.5375,39.5253]},"properties":{"s":33.3,"pub":true}},{"type":"Feature","geometry":{"type":"Point","coordinates":[-108.5375,39.5311]},"properties":{"s":25.9,"pub":true}},{"type":"Feature","geometry":{"type":"Point","coordinates":[-108.5375,39.5369]},"properties":{"s":25.9,"pub":true}},{"type":"Feature","geometry":{"type":"Point","coordinates":[-108.5375,39.5427]},"properties":{"s":25.9,"pub":true}},{"type":"Feature","geometry":{"type":"Point","coordinates":[-108.5375,39.5485]},"properties":{"s":25.9,"pub":true}},{"type":"Feature","geometry":{"type":"Point","coordinates":[-108.5375,39.5543]},"properties":{"s":25.9,"pub":true}},{"type":"Feature","geometry":{"type":"Point","coordinates":[-108.5375,39.5601]},"properties":{"s":25.9,"pub":true}},{"type":"Feature","geometry":{"type":"Point","coordinates":[-108.5375,39.5833]},"properties":{"s":25.9,"pub":false}},{"type":"Feature","geometry":{"type":"Point","coordinates":[-108.5375,39.5891]},"properties":{"s":25.9,"pub":true}},{"type":"Feature","geometry":{"type":"Point","coordinates":[-108.5375,39.5949]},"properties":{"s":25.9,"pub":false}},{"type":"Feature","geometry":{"type":"Point","coordinates":[-108.5375,39.6007]},"properties":{"s":25.9,"pub":false}},{"type":"Feature","geometry":{"type":"Point","coordinates":[-108.5375,39.6065]},"properties":{"s":25.9,"pub":true}},{"type":"Feature","geometry":{"type":"Point","coordinates":[-108.5375,39.6123]},"properties":{"s":25.9,"pub":false}},{"type":"Feature","geometry":{"type":"Point","coordinates":[-108.5375,39.6181]},"properties":{"s":25.9,"pub":false}},{"type":"Feature","geometry":{"type":"Point","coordinates":[-108.5375,39.6239]},"properties":{"s":25.9,"pub":false}},{"type":"Feature","geometry":{"type":"Point","coordinates":[-108.5375,39.6297]},"properties":{"s":70.4,"pub":false}},{"type":"Feature","geometry":{"type":"Point","coordinates":[-108.5375,39.6355]},"properties":{"s":70.4,"pub":false}},{"type":"Feature","geometry":{"type":"Point","coordinates":[-108.5375,39.6413]},"properties":{"s":70.4,"pub":false}},{"type":"Feature","geometry":{"type":"Point","coordinates":[-108.5375,39.6471]},"properties":{"s":70.4,"pub":false}},{"type":"Feature","geometry":{"type":"Point","coordinates":[-108.5375,39.6529]},"properties":{"s":66.7,"pub":true}},{"type":"Feature","geometry":{"type":"Point","coordinates":[-108.5375,39.6587]},"properties":{"s":66.7,"pub":true}},{"type":"Feature","geometry":{"type":"Point","coordinates":[-108.5375,39.6645]},"properties":{"s":66.7,"pub":true}},{"type":"Feature","geometry":{"type":"Point","coordinates":[-108.5375,39.6703]},"properties":{"s":66.7,"pub":true}},{"type":"Feature","geometry":{"type":"Point","coordinates":[-108.5375,39.6761]},"properties":{"s":66.7,"pub":true}},{"type":"Feature","geometry":{"type":"Point","coordinates":[-108.5375,39.6819]},"properties":{"s":66.7,"pub":false}},{"type":"Feature","geometry":{"type":"Point","coordinates":[-108.5375,39.6877]},"properties":{"s":66.7,"pub":false}},{"type":"Feature","geometry":{"type":"Point","coordinates":[-108.5375,39.6935]},"properties":{"s":66.7,"pub":false}},{"type":"Feature","geometry":{"type":"Point","coordinates":[-108.53,39.2643]},"properties":{"s":48.1,"pub":true}},{"type":"Feature","geometry":{"type":"Point","coordinates":[-108.53,39.2701]},"properties":{"s":55.6,"pub":true}},{"type":"Feature","geometry":{"type":"Point","coordinates":[-108.53,39.2759]},"properties":{"s":55.6,"pub":true}},{"type":"Feature","geometry":{"type":"Point","coordinates":[-108.53,39.2817]},"properties":{"s":55.6,"pub":true}},{"type":"Feature","geometry":{"type":"Point","coordinates":[-108.53,39.2875]},"properties":{"s":55.6,"pub":true}},{"type":"Feature","geometry":{"type":"Point","coordinates":[-108.53,39.2933]},"properties":{"s":55.6,"pub":true}},{"type":"Feature","geometry":{"type":"Point","coordinates":[-108.53,39.2991]},"properties":{"s":55.6,"pub":true}},{"type":"Feature","geometry":{"type":"Point","coordinates":[-108.53,39.3687]},"properties":{"s":51.9,"pub":true}},{"type":"Feature","geometry":{"type":"Point","coordinates":[-108.53,39.3745]},"properties":{"s":51.9,"pub":true}},{"type":"Feature","geometry":{"type":"Point","coordinates":[-108.53,39.3803]},"properties":{"s":51.9,"pub":true}},{"type":"Feature","geometry":{"type":"Point","coordinates":[-108.53,39.3919]},"properties":{"s":25.9,"pub":true}},{"type":"Feature","geometry":{"type":"Point","coordinates":[-108.53,39.3977]},"properties":{"s":25.9,"pub":true}},{"type":"Feature","geometry":{"type":"Point","coordinates":[-108.53,39.4035]},"properties":{"s":25.9,"pub":true}},{"type":"Feature","geometry":{"type":"Point","coordinates":[-108.53,39.4093]},"properties":{"s":25.9,"pub":true}},{"type":"Feature","geometry":{"type":"Point","coordinates":[-108.53,39.4209]},"properties":{"s":25.9,"pub":true}},{"type":"Feature","geometry":{"type":"Point","coordinates":[-108.53,39.4267]},"properties":{"s":25.9,"pub":true}},{"type":"Feature","geometry":{"type":"Point","coordinates":[-108.53,39.4325]},"properties":{"s":25.9,"pub":true}},{"type":"Feature","geometry":{"type":"Point","coordinates":[-108.53,39.4383]},"properties":{"s":25.9,"pub":true}},{"type":"Feature","geometry":{"type":"Point","coordinates":[-108.53,39.4441]},"properties":{"s":25.9,"pub":true}},{"type":"Feature","geometry":{"type":"Point","coordinates":[-108.53,39.4499]},"properties":{"s":25.9,"pub":true}},{"type":"Feature","geometry":{"type":"Point","coordinates":[-108.53,39.4557]},"properties":{"s":25.9,"pub":true}},{"type":"Feature","geometry":{"type":"Point","coordinates":[-108.53,39.4615]},"properties":{"s":25.9,"pub":false}},{"type":"Feature","geometry":{"type":"Point","coordinates":[-108.53,39.4673]},"properties":{"s":25.9,"pub":false}},{"type":"Feature","geometry":{"type":"Point","coordinates":[-108.53,39.4731]},"properties":{"s":25.9,"pub":false}},{"type":"Feature","geometry":{"type":"Point","coordinates":[-108.53,39.4789]},"properties":{"s":25.9,"pub":false}},{"type":"Feature","geometry":{"type":"Point","coordinates":[-108.53,39.4847]},"properties":{"s":25.9,"pub":false}},{"type":"Feature","geometry":{"type":"Point","coordinates":[-108.53,39.4905]},"properties":{"s":25.9,"pub":false}},{"type":"Feature","geometry":{"type":"Point","coordinates":[-108.53,39.4963]},"properties":{"s":25.9,"pub":false}},{"type":"Feature","geometry":{"type":"Point","coordinates":[-108.53,39.5021]},"properties":{"s":33.3,"pub":true}},{"type":"Feature","geometry":{"type":"Point","coordinates":[-108.53,39.5079]},"properties":{"s":37.0,"pub":true}},{"type":"Feature","geometry":{"type":"Point","coordinates":[-108.53,39.5137]},"properties":{"s":33.3,"pub":true}},{"type":"Feature","geometry":{"type":"Point","coordinates":[-108.53,39.5195]},"properties":{"s":25.9,"pub":false}},{"type":"Feature","geometry":{"type":"Point","coordinates":[-108.53,39.5253]},"properties":{"s":25.9,"pub":false}},{"type":"Feature","geometry":{"type":"Point","coordinates":[-108.53,39.5311]},"properties":{"s":25.9,"pub":true}},{"type":"Feature","geometry":{"type":"Point","coordinates":[-108.53,39.5369]},"properties":{"s":25.9,"pub":true}},{"type":"Feature","geometry":{"type":"Point","coordinates":[-108.53,39.5427]},"properties":{"s":25.9,"pub":true}},{"type":"Feature","geometry":{"type":"Point","coordinates":[-108.53,39.5485]},"properties":{"s":25.9,"pub":true}},{"type":"Feature","geometry":{"type":"Point","coordinates":[-108.53,39.5543]},"properties":{"s":25.9,"pub":true}},{"type":"Feature","geometry":{"type":"Point","coordinates":[-108.53,39.5601]},"properties":{"s":25.9,"pub":true}},{"type":"Feature","geometry":{"type":"Point","coordinates":[-108.53,39.5659]},"properties":{"s":25.9,"pub":true}},{"type":"Feature","geometry":{"type":"Point","coordinates":[-108.53,39.5833]},"properties":{"s":25.9,"pub":true}},{"type":"Feature","geometry":{"type":"Point","coordinates":[-108.53,39.5891]},"properties":{"s":25.9,"pub":true}},{"type":"Feature","geometry":{"type":"Point","coordinates":[-108.53,39.5949]},"properties":{"s":25.9,"pub":false}},{"type":"Feature","geometry":{"type":"Point","coordinates":[-108.53,39.6007]},"properties":{"s":25.9,"pub":false}},{"type":"Feature","geometry":{"type":"Point","coordinates":[-108.53,39.6065]},"properties":{"s":25.9,"pub":false}},{"type":"Feature","geometry":{"type":"Point","coordinates":[-108.53,39.6123]},"properties":{"s":25.9,"pub":false}},{"type":"Feature","geometry":{"type":"Point","coordinates":[-108.53,39.6181]},"properties":{"s":25.9,"pub":false}},{"type":"Feature","geometry":{"type":"Point","coordinates":[-108.53,39.6239]},"properties":{"s":70.4,"pub":false}},{"type":"Feature","geometry":{"type":"Point","coordinates":[-108.53,39.6297]},"properties":{"s":70.4,"pub":false}},{"type":"Feature","geometry":{"type":"Point","coordinates":[-108.53,39.6355]},"properties":{"s":70.4,"pub":false}},{"type":"Feature","geometry":{"type":"Point","coordinates":[-108.53,39.6413]},"properties":{"s":70.4,"pub":false}},{"type":"Feature","geometry":{"type":"Point","coordinates":[-108.53,39.6471]},"properties":{"s":70.4,"pub":false}},{"type":"Feature","geometry":{"type":"Point","coordinates":[-108.53,39.6529]},"properties":{"s":66.7,"pub":true}},{"type":"Feature","geometry":{"type":"Point","coordinates":[-108.53,39.6587]},"properties":{"s":66.7,"pub":true}},{"type":"Feature","geometry":{"type":"Point","coordinates":[-108.53,39.6645]},"properties":{"s":66.7,"pub":true}},{"type":"Feature","geometry":{"type":"Point","coordinates":[-108.53,39.6703]},"properties":{"s":66.7,"pub":true}},{"type":"Feature","geometry":{"type":"Point","coordinates":[-108.53,39.6761]},"properties":{"s":66.7,"pub":true}},{"type":"Feature","geometry":{"type":"Point","coordinates":[-108.53,39.6819]},"properties":{"s":66.7,"pub":false}},{"type":"Feature","geometry":{"type":"Point","coordinates":[-108.53,39.6877]},"properties":{"s":66.7,"pub":false}},{"type":"Feature","geometry":{"type":"Point","coordinates":[-108.5225,39.2585]},"properties":{"s":44.4,"pub":true}},{"type":"Feature","geometry":{"type":"Point","coordinates":[-108.5225,39.2643]},"properties":{"s":48.1,"pub":true}},{"type":"Feature","geometry":{"type":"Point","coordinates":[-108.5225,39.2701]},"properties":{"s":48.1,"pub":true}},{"type":"Feature","geometry":{"type":"Point","coordinates":[-108.5225,39.2759]},"properties":{"s":55.6,"pub":true}},{"type":"Feature","geometry":{"type":"Point","coordinates":[-108.5225,39.2817]},"properties":{"s":55.6,"pub":true}},{"type":"Feature","geometry":{"type":"Point","coordinates":[-108.5225,39.2875]},"properties":{"s":55.6,"pub":true}},{"type":"Feature","geometry":{"type":"Point","coordinates":[-108.5225,39.2933]},"properties":{"s":55.6,"pub":true}},{"type":"Feature","geometry":{"type":"Point","coordinates":[-108.5225,39.2991]},"properties":{"s":55.6,"pub":true}},{"type":"Feature","geometry":{"type":"Point","coordinates":[-108.5225,39.3165]},"properties":{"s":33.3,"pub":true}},{"type":"Feature","geometry":{"type":"Point","coordinates":[-108.5225,39.3803]},"properties":{"s":51.9,"pub":true}},{"type":"Feature","geometry":{"type":"Point","coordinates":[-108.5225,39.3919]},"properties":{"s":25.9,"pub":true}},{"type":"Feature","geometry":{"type":"Point","coordinates":[-108.5225,39.3977]},"properties":{"s":25.9,"pub":true}},{"type":"Feature","geometry":{"type":"Point","coordinates":[-108.5225,39.4035]},"properties":{"s":25.9,"pub":true}},{"type":"Feature","geometry":{"type":"Point","coordinates":[-108.5225,39.4093]},"properties":{"s":29.6,"pub":true}},{"type":"Feature","geometry":{"type":"Point","coordinates":[-108.5225,39.4151]},"properties":{"s":25.9,"pub":true}},{"type":"Feature","geometry":{"type":"Point","coordinates":[-108.5225,39.4209]},"properties":{"s":25.9,"pub":true}},{"type":"Feature","geometry":{"type":"Point","coordinates":[-108.5225,39.4267]},"properties":{"s":25.9,"pub":true}},{"type":"Feature","geometry":{"type":"Point","coordinates":[-108.5225,39.4325]},"properties":{"s":25.9,"pub":true}},{"type":"Feature","geometry":{"type":"Point","coordinates":[-108.5225,39.4383]},"properties":{"s":25.9,"pub":true}},{"type":"Feature","geometry":{"type":"Point","coordinates":[-108.5225,39.4441]},"properties":{"s":25.9,"pub":true}},{"type":"Feature","geometry":{"type":"Point","coordinates":[-108.5225,39.4499]},"properties":{"s":25.9,"pub":true}},{"type":"Feature","geometry":{"type":"Point","coordinates":[-108.5225,39.4557]},"properties":{"s":25.9,"pub":true}},{"type":"Feature","geometry":{"type":"Point","coordinates":[-108.5225,39.4615]},"properties":{"s":25.9,"pub":false}},{"type":"Feature","geometry":{"type":"Point","coordinates":[-108.5225,39.4673]},"properties":{"s":25.9,"pub":false}},{"type":"Feature","geometry":{"type":"Point","coordinates":[-108.5225,39.4731]},"properties":{"s":25.9,"pub":false}},{"type":"Feature","geometry":{"type":"Point","coordinates":[-108.5225,39.4789]},"properties":{"s":25.9,"pub":false}},{"type":"Feature","geometry":{"type":"Point","coordinates":[-108.5225,39.4847]},"properties":{"s":25.9,"pub":false}},{"type":"Feature","geometry":{"type":"Point","coordinates":[-108.5225,39.4905]},"properties":{"s":25.9,"pub":false}},{"type":"Feature","geometry":{"type":"Point","coordinates":[-108.5225,39.4963]},"properties":{"s":25.9,"pub":false}},{"type":"Feature","geometry":{"type":"Point","coordinates":[-108.5225,39.5021]},"properties":{"s":33.3,"pub":true}},{"type":"Feature","geometry":{"type":"Point","coordinates":[-108.5225,39.5079]},"properties":{"s":37.0,"pub":true}},{"type":"Feature","geometry":{"type":"Point","coordinates":[-108.5225,39.5137]},"properties":{"s":33.3,"pub":true}},{"type":"Feature","geometry":{"type":"Point","coordinates":[-108.5225,39.5195]},"properties":{"s":25.9,"pub":false}},{"type":"Feature","geometry":{"type":"Point","coordinates":[-108.5225,39.5253]},"properties":{"s":25.9,"pub":false}},{"type":"Feature","geometry":{"type":"Point","coordinates":[-108.5225,39.5311]},"properties":{"s":25.9,"pub":true}},{"type":"Feature","geometry":{"type":"Point","coordinates":[-108.5225,39.5369]},"properties":{"s":25.9,"pub":true}},{"type":"Feature","geometry":{"type":"Point","coordinates":[-108.5225,39.5427]},"properties":{"s":25.9,"pub":true}},{"type":"Feature","geometry":{"type":"Point","coordinates":[-108.5225,39.5485]},"properties":{"s":25.9,"pub":true}},{"type":"Feature","geometry":{"type":"Point","coordinates":[-108.5225,39.5543]},"properties":{"s":25.9,"pub":true}},{"type":"Feature","geometry":{"type":"Point","coordinates":[-108.5225,39.5601]},"properties":{"s":25.9,"pub":true}},{"type":"Feature","geometry":{"type":"Point","coordinates":[-108.5225,39.5775]},"properties":{"s":25.9,"pub":false}},{"type":"Feature","geometry":{"type":"Point","coordinates":[-108.5225,39.5833]},"properties":{"s":25.9,"pub":true}},{"type":"Feature","geometry":{"type":"Point","coordinates":[-108.5225,39.5891]},"properties":{"s":25.9,"pub":true}},{"type":"Feature","geometry":{"type":"Point","coordinates":[-108.5225,39.5949]},"properties":{"s":25.9,"pub":false}},{"type":"Feature","geometry":{"type":"Point","coordinates":[-108.5225,39.6007]},"properties":{"s":25.9,"pub":false}},{"type":"Feature","geometry":{"type":"Point","coordinates":[-108.5225,39.6065]},"properties":{"s":55.6,"pub":false}},{"type":"Feature","geometry":{"type":"Point","coordinates":[-108.5225,39.6123]},"properties":{"s":25.9,"pub":true}},{"type":"Feature","geometry":{"type":"Point","coordinates":[-108.5225,39.6181]},"properties":{"s":70.4,"pub":false}},{"type":"Feature","geometry":{"type":"Point","coordinates":[-108.5225,39.6239]},"properties":{"s":70.4,"pub":false}},{"type":"Feature","geometry":{"type":"Point","coordinates":[-108.5225,39.6297]},"properties":{"s":70.4,"pub":false}},{"type":"Feature","geometry":{"type":"Point","coordinates":[-108.5225,39.6355]},"properties":{"s":70.4,"pub":false}},{"type":"Feature","geometry":{"type":"Point","coordinates":[-108.5225,39.6413]},"properties":{"s":70.4,"pub":false}},{"type":"Feature","geometry":{"type":"Point","coordinates":[-108.5225,39.6471]},"properties":{"s":70.4,"pub":false}},{"type":"Feature","geometry":{"type":"Point","coordinates":[-108.5225,39.6529]},"properties":{"s":66.7,"pub":true}},{"type":"Feature","geometry":{"type":"Point","coordinates":[-108.5225,39.6587]},"properties":{"s":66.7,"pub":true}},{"type":"Feature","geometry":{"type":"Point","coordinates":[-108.5225,39.6645]},"properties":{"s":66.7,"pub":true}},{"type":"Feature","geometry":{"type":"Point","coordinates":[-108.5225,39.6703]},"properties":{"s":66.7,"pub":true}},{"type":"Feature","geometry":{"type":"Point","coordinates":[-108.5225,39.6761]},"properties":{"s":66.7,"pub":true}},{"type":"Feature","geometry":{"type":"Point","coordinates":[-108.5225,39.6819]},"properties":{"s":66.7,"pub":false}},{"type":"Feature","geometry":{"type":"Point","coordinates":[-108.5225,39.6877]},"properties":{"s":66.7,"pub":false}},{"type":"Feature","geometry":{"type":"Point","coordinates":[-108.515,39.2527]},"properties":{"s":48.1,"pub":true}},{"type":"Feature","geometry":{"type":"Point","coordinates":[-108.515,39.2585]},"properties":{"s":48.1,"pub":true}},{"type":"Feature","geometry":{"type":"Point","coordinates":[-108.515,39.2643]},"properties":{"s":48.1,"pub":true}},{"type":"Feature","geometry":{"type":"Point","coordinates":[-108.515,39.2701]},"properties":{"s":48.1,"pub":true}},{"type":"Feature","geometry":{"type":"Point","coordinates":[-108.515,39.2759]},"properties":{"s":55.6,"pub":true}},{"type":"Feature","geometry":{"type":"Point","coordinates":[-108.515,39.2817]},"properties":{"s":55.6,"pub":true}},{"type":"Feature","geometry":{"type":"Point","coordinates":[-108.515,39.2875]},"properties":{"s":55.6,"pub":true}},{"type":"Feature","geometry":{"type":"Point","coordinates":[-108.515,39.2933]},"properties":{"s":55.6,"pub":true}},{"type":"Feature","geometry":{"type":"Point","coordinates":[-108.515,39.2991]},"properties":{"s":55.6,"pub":true}},{"type":"Feature","geometry":{"type":"Point","coordinates":[-108.515,39.3049]},"properties":{"s":55.6,"pub":true}},{"type":"Feature","geometry":{"type":"Point","coordinates":[-108.515,39.3165]},"properties":{"s":33.3,"pub":true}},{"type":"Feature","geometry":{"type":"Point","coordinates":[-108.515,39.3223]},"properties":{"s":25.9,"pub":true}},{"type":"Feature","geometry":{"type":"Point","coordinates":[-108.515,39.3919]},"properties":{"s":25.9,"pub":true}},{"type":"Feature","geometry":{"type":"Point","coordinates":[-108.515,39.3977]},"properties":{"s":25.9,"pub":true}},{"type":"Feature","geometry":{"type":"Point","coordinates":[-108.515,39.4035]},"properties":{"s":25.9,"pub":true}},{"type":"Feature","geometry":{"type":"Point","coordinates":[-108.515,39.4093]},"properties":{"s":25.9,"pub":true}},{"type":"Feature","geometry":{"type":"Point","coordinates":[-108.515,39.4151]},"properties":{"s":37.0,"pub":true}},{"type":"Feature","geometry":{"type":"Point","coordinates":[-108.515,39.4209]},"properties":{"s":33.3,"pub":true}},{"type":"Feature","geometry":{"type":"Point","coordinates":[-108.515,39.4267]},"properties":{"s":37.0,"pub":true}},{"type":"Feature","geometry":{"type":"Point","coordinates":[-108.515,39.4325]},"properties":{"s":25.9,"pub":true}},{"type":"Feature","geometry":{"type":"Point","coordinates":[-108.515,39.4383]},"properties":{"s":25.9,"pub":true}},{"type":"Feature","geometry":{"type":"Point","coordinates":[-108.515,39.4441]},"properties":{"s":25.9,"pub":true}},{"type":"Feature","geometry":{"type":"Point","coordinates":[-108.515,39.4499]},"properties":{"s":25.9,"pub":true}},{"type":"Feature","geometry":{"type":"Point","coordinates":[-108.515,39.4557]},"properties":{"s":33.3,"pub":true}},{"type":"Feature","geometry":{"type":"Point","coordinates":[-108.515,39.4615]},"properties":{"s":25.9,"pub":false}},{"type":"Feature","geometry":{"type":"Point","coordinates":[-108.515,39.4673]},"properties":{"s":25.9,"pub":false}},{"type":"Feature","geometry":{"type":"Point","coordinates":[-108.515,39.4731]},"properties":{"s":25.9,"pub":false}},{"type":"Feature","geometry":{"type":"Point","coordinates":[-108.515,39.4789]},"properties":{"s":25.9,"pub":false}},{"type":"Feature","geometry":{"type":"Point","coordinates":[-108.515,39.4847]},"properties":{"s":25.9,"pub":false}},{"type":"Feature","geometry":{"type":"Point","coordinates":[-108.515,39.4905]},"properties":{"s":25.9,"pub":false}},{"type":"Feature","geometry":{"type":"Point","coordinates":[-108.515,39.4963]},"properties":{"s":25.9,"pub":false}},{"type":"Feature","geometry":{"type":"Point","coordinates":[-108.515,39.5021]},"properties":{"s":33.3,"pub":true}},{"type":"Feature","geometry":{"type":"Point","coordinates":[-108.515,39.5079]},"properties":{"s":37.0,"pub":true}},{"type":"Feature","geometry":{"type":"Point","coordinates":[-108.515,39.5137]},"properties":{"s":33.3,"pub":true}},{"type":"Feature","geometry":{"type":"Point","coordinates":[-108.515,39.5195]},"properties":{"s":25.9,"pub":false}},{"type":"Feature","geometry":{"type":"Point","coordinates":[-108.515,39.5253]},"properties":{"s":25.9,"pub":false}},{"type":"Feature","geometry":{"type":"Point","coordinates":[-108.515,39.5311]},"properties":{"s":25.9,"pub":true}},{"type":"Feature","geometry":{"type":"Point","coordinates":[-108.515,39.5369]},"properties":{"s":25.9,"pub":true}},{"type":"Feature","geometry":{"type":"Point","coordinates":[-108.515,39.5427]},"properties":{"s":25.9,"pub":true}},{"type":"Feature","geometry":{"type":"Point","coordinates":[-108.515,39.5485]},"properties":{"s":25.9,"pub":true}},{"type":"Feature","geometry":{"type":"Point","coordinates":[-108.515,39.5543]},"properties":{"s":25.9,"pub":true}},{"type":"Feature","geometry":{"type":"Point","coordinates":[-108.515,39.5601]},"properties":{"s":33.3,"pub":true}},{"type":"Feature","geometry":{"type":"Point","coordinates":[-108.515,39.5717]},"properties":{"s":25.9,"pub":true}},{"type":"Feature","geometry":{"type":"Point","coordinates":[-108.515,39.5775]},"properties":{"s":25.9,"pub":false}},{"type":"Feature","geometry":{"type":"Point","coordinates":[-108.515,39.5833]},"properties":{"s":25.9,"pub":true}},{"type":"Feature","geometry":{"type":"Point","coordinates":[-108.515,39.5891]},"properties":{"s":25.9,"pub":false}},{"type":"Feature","geometry":{"type":"Point","coordinates":[-108.515,39.5949]},"properties":{"s":25.9,"pub":false}},{"type":"Feature","geometry":{"type":"Point","coordinates":[-108.515,39.6007]},"properties":{"s":55.6,"pub":false}},{"type":"Feature","geometry":{"type":"Point","coordinates":[-108.515,39.6065]},"properties":{"s":55.6,"pub":true}},{"type":"Feature","geometry":{"type":"Point","coordinates":[-108.515,39.6123]},"properties":{"s":77.8,"pub":true}},{"type":"Feature","geometry":{"type":"Point","coordinates":[-108.515,39.6181]},"properties":{"s":77.8,"pub":false}},{"type":"Feature","geometry":{"type":"Point","coordinates":[-108.515,39.6239]},"properties":{"s":70.4,"pub":false}},{"type":"Feature","geometry":{"type":"Point","coordinates":[-108.515,39.6297]},"properties":{"s":70.4,"pub":false}},{"type":"Feature","geometry":{"type":"Point","coordinates":[-108.515,39.6355]},"properties":{"s":70.4,"pub":false}},{"type":"Feature","geometry":{"type":"Point","coordinates":[-108.515,39.6413]},"properties":{"s":70.4,"pub":false}},{"type":"Feature","geometry":{"type":"Point","coordinates":[-108.515,39.6471]},"properties":{"s":66.7,"pub":false}},{"type":"Feature","geometry":{"type":"Point","coordinates":[-108.515,39.6529]},"properties":{"s":96.3,"pub":true}},{"type":"Feature","geometry":{"type":"Point","coordinates":[-108.515,39.6587]},"properties":{"s":96.3,"pub":true}},{"type":"Feature","geometry":{"type":"Point","coordinates":[-108.515,39.6645]},"properties":{"s":96.3,"pub":true}},{"type":"Feature","geometry":{"type":"Point","coordinates":[-108.515,39.6703]},"properties":{"s":96.3,"pub":false}},{"type":"Feature","geometry":{"type":"Point","coordinates":[-108.515,39.6761]},"properties":{"s":96.3,"pub":false}},{"type":"Feature","geometry":{"type":"Point","coordinates":[-108.515,39.6819]},"properties":{"s":96.3,"pub":false}},{"type":"Feature","geometry":{"type":"Point","coordinates":[-108.515,39.6877]},"properties":{"s":96.3,"pub":false}},{"type":"Feature","geometry":{"type":"Point","coordinates":[-108.5075,39.2353]},"properties":{"s":44.4,"pub":true}},{"type":"Feature","geometry":{"type":"Point","coordinates":[-108.5075,39.2411]},"properties":{"s":44.4,"pub":true}},{"type":"Feature","geometry":{"type":"Point","coordinates":[-108.5075,39.2469]},"properties":{"s":48.1,"pub":true}},{"type":"Feature","geometry":{"type":"Point","coordinates":[-108.5075,39.2527]},"properties":{"s":48.1,"pub":true}},{"type":"Feature","geometry":{"type":"Point","coordinates":[-108.5075,39.2585]},"properties":{"s":48.1,"pub":true}},{"type":"Feature","geometry":{"type":"Point","coordinates":[-108.5075,39.2643]},"properties":{"s":48.1,"pub":true}},{"type":"Feature","geometry":{"type":"Point","coordinates":[-108.5075,39.2701]},"properties":{"s":48.1,"pub":true}},{"type":"Feature","geometry":{"type":"Point","coordinates":[-108.5075,39.2759]},"properties":{"s":48.1,"pub":true}},{"type":"Feature","geometry":{"type":"Point","coordinates":[-108.5075,39.2817]},"properties":{"s":55.6,"pub":true}},{"type":"Feature","geometry":{"type":"Point","coordinates":[-108.5075,39.2875]},"properties":{"s":55.6,"pub":true}},{"type":"Feature","geometry":{"type":"Point","coordinates":[-108.5075,39.2933]},"properties":{"s":55.6,"pub":true}},{"type":"Feature","geometry":{"type":"Point","coordinates":[-108.5075,39.2991]},"properties":{"s":55.6,"pub":true}},{"type":"Feature","geometry":{"type":"Point","coordinates":[-108.5075,39.3049]},"properties":{"s":55.6,"pub":true}},{"type":"Feature","geometry":{"type":"Point","coordinates":[-108.5075,39.3107]},"properties":{"s":33.3,"pub":true}},{"type":"Feature","geometry":{"type":"Point","coordinates":[-108.5075,39.3165]},"properties":{"s":33.3,"pub":true}},{"type":"Feature","geometry":{"type":"Point","coordinates":[-108.5075,39.3223]},"properties":{"s":33.3,"pub":true}},{"type":"Feature","geometry":{"type":"Point","coordinates":[-108.5075,39.3919]},"properties":{"s":25.9,"pub":true}},{"type":"Feature","geometry":{"type":"Point","coordinates":[-108.5075,39.3977]},"properties":{"s":25.9,"pub":true}},{"type":"Feature","geometry":{"type":"Point","coordinates":[-108.5075,39.4035]},"properties":{"s":25.9,"pub":true}},{"type":"Feature","geometry":{"type":"Point","coordinates":[-108.5075,39.4093]},"properties":{"s":25.9,"pub":true}},{"type":"Feature","geometry":{"type":"Point","coordinates":[-108.5075,39.4151]},"properties":{"s":37.0,"pub":true}},{"type":"Feature","geometry":{"type":"Point","coordinates":[-108.5075,39.4209]},"properties":{"s":37.0,"pub":true}},{"type":"Feature","geometry":{"type":"Point","coordinates":[-108.5075,39.4267]},"properties":{"s":33.3,"pub":true}},{"type":"Feature","geometry":{"type":"Point","coordinates":[-108.5075,39.4325]},"properties":{"s":25.9,"pub":true}},{"type":"Feature","geometry":{"type":"Point","coordinates":[-108.5075,39.4383]},"properties":{"s":25.9,"pub":true}},{"type":"Feature","geometry":{"type":"Point","coordinates":[-108.5075,39.4441]},"properties":{"s":25.9,"pub":true}},{"type":"Feature","geometry":{"type":"Point","coordinates":[-108.5075,39.4499]},"properties":{"s":33.3,"pub":true}},{"type":"Feature","geometry":{"type":"Point","coordinates":[-108.5075,39.4557]},"properties":{"s":33.3,"pub":true}},{"type":"Feature","geometry":{"type":"Point","coordinates":[-108.5075,39.4615]},"properties":{"s":33.3,"pub":false}},{"type":"Feature","geometry":{"type":"Point","coordinates":[-108.5075,39.4673]},"properties":{"s":33.3,"pub":false}},{"type":"Feature","geometry":{"type":"Point","coordinates":[-108.5075,39.4731]},"properties":{"s":33.3,"pub":false}},{"type":"Feature","geometry":{"type":"Point","coordinates":[-108.5075,39.4789]},"properties":{"s":25.9,"pub":false}},{"type":"Feature","geometry":{"type":"Point","coordinates":[-108.5075,39.4847]},"properties":{"s":25.9,"pub":false}},{"type":"Feature","geometry":{"type":"Point","coordinates":[-108.5075,39.4905]},"properties":{"s":25.9,"pub":false}},{"type":"Feature","geometry":{"type":"Point","coordinates":[-108.5075,39.4963]},"properties":{"s":25.9,"pub":false}},{"type":"Feature","geometry":{"type":"Point","coordinates":[-108.5075,39.5021]},"properties":{"s":33.3,"pub":true}},{"type":"Feature","geometry":{"type":"Point","coordinates":[-108.5075,39.5079]},"properties":{"s":37.0,"pub":true}},{"type":"Feature","geometry":{"type":"Point","coordinates":[-108.5075,39.5137]},"properties":{"s":33.3,"pub":true}},{"type":"Feature","geometry":{"type":"Point","coordinates":[-108.5075,39.5195]},"properties":{"s":25.9,"pub":false}},{"type":"Feature","geometry":{"type":"Point","coordinates":[-108.5075,39.5253]},"properties":{"s":25.9,"pub":false}},{"type":"Feature","geometry":{"type":"Point","coordinates":[-108.5075,39.5311]},"properties":{"s":25.9,"pub":true}},{"type":"Feature","geometry":{"type":"Point","coordinates":[-108.5075,39.5369]},"properties":{"s":25.9,"pub":true}},{"type":"Feature","geometry":{"type":"Point","coordinates":[-108.5075,39.5427]},"properties":{"s":25.9,"pub":true}},{"type":"Feature","geometry":{"type":"Point","coordinates":[-108.5075,39.5485]},"properties":{"s":25.9,"pub":true}},{"type":"Feature","geometry":{"type":"Point","coordinates":[-108.5075,39.5543]},"properties":{"s":33.3,"pub":true}},{"type":"Feature","geometry":{"type":"Point","coordinates":[-108.5075,39.5601]},"properties":{"s":33.3,"pub":true}},{"type":"Feature","geometry":{"type":"Point","coordinates":[-108.5075,39.5659]},"properties":{"s":25.9,"pub":true}},{"type":"Feature","geometry":{"type":"Point","coordinates":[-108.5075,39.5717]},"properties":{"s":25.9,"pub":false}},{"type":"Feature","geometry":{"type":"Point","coordinates":[-108.5075,39.5775]},"properties":{"s":25.9,"pub":true}},{"type":"Feature","geometry":{"type":"Point","coordinates":[-108.5075,39.5833]},"properties":{"s":25.9,"pub":false}},{"type":"Feature","geometry":{"type":"Point","coordinates":[-108.5075,39.5891]},"properties":{"s":55.6,"pub":false}},{"type":"Feature","geometry":{"type":"Point","coordinates":[-108.5075,39.5949]},"properties":{"s":55.6,"pub":false}},{"type":"Feature","geometry":{"type":"Point","coordinates":[-108.5075,39.6007]},"properties":{"s":55.6,"pub":false}},{"type":"Feature","geometry":{"type":"Point","coordinates":[-108.5075,39.6123]},"properties":{"s":77.8,"pub":false}},{"type":"Feature","geometry":{"type":"Point","coordinates":[-108.5075,39.6181]},"properties":{"s":70.4,"pub":false}},{"type":"Feature","geometry":{"type":"Point","coordinates":[-108.5075,39.6239]},"properties":{"s":70.4,"pub":false}},{"type":"Feature","geometry":{"type":"Point","coordinates":[-108.5075,39.6297]},"properties":{"s":70.4,"pub":false}},{"type":"Feature","geometry":{"type":"Point","coordinates":[-108.5075,39.6355]},"properties":{"s":100.0,"pub":false}},{"type":"Feature","geometry":{"type":"Point","coordinates":[-108.5075,39.6413]},"properties":{"s":100.0,"pub":false}},{"type":"Feature","geometry":{"type":"Point","coordinates":[-108.5075,39.6471]},"properties":{"s":96.3,"pub":false}},{"type":"Feature","geometry":{"type":"Point","coordinates":[-108.5075,39.6529]},"properties":{"s":96.3,"pub":true}},{"type":"Feature","geometry":{"type":"Point","coordinates":[-108.5075,39.6587]},"properties":{"s":96.3,"pub":true}},{"type":"Feature","geometry":{"type":"Point","coordinates":[-108.5075,39.6645]},"properties":{"s":96.3,"pub":true}},{"type":"Feature","geometry":{"type":"Point","coordinates":[-108.5075,39.6703]},"properties":{"s":96.3,"pub":false}},{"type":"Feature","geometry":{"type":"Point","coordinates":[-108.5075,39.6761]},"properties":{"s":96.3,"pub":false}},{"type":"Feature","geometry":{"type":"Point","coordinates":[-108.5075,39.6819]},"properties":{"s":96.3,"pub":false}},{"type":"Feature","geometry":{"type":"Point","coordinates":[-108.5075,39.6877]},"properties":{"s":96.3,"pub":false}},{"type":"Feature","geometry":{"type":"Point","coordinates":[-108.5,39.2353]},"properties":{"s":48.1,"pub":true}},{"type":"Feature","geometry":{"type":"Point","coordinates":[-108.5,39.2411]},"properties":{"s":48.1,"pub":true}},{"type":"Feature","geometry":{"type":"Point","coordinates":[-108.5,39.2469]},"properties":{"s":48.1,"pub":true}},{"type":"Feature","geometry":{"type":"Point","coordinates":[-108.5,39.2527]},"properties":{"s":48.1,"pub":true}},{"type":"Feature","geometry":{"type":"Point","coordinates":[-108.5,39.2585]},"properties":{"s":48.1,"pub":true}},{"type":"Feature","geometry":{"type":"Point","coordinates":[-108.5,39.2643]},"properties":{"s":48.1,"pub":true}},{"type":"Feature","geometry":{"type":"Point","coordinates":[-108.5,39.2701]},"properties":{"s":48.1,"pub":true}},{"type":"Feature","geometry":{"type":"Point","coordinates":[-108.5,39.2759]},"properties":{"s":48.1,"pub":true}},{"type":"Feature","geometry":{"type":"Point","coordinates":[-108.5,39.2817]},"properties":{"s":48.1,"pub":true}},{"type":"Feature","geometry":{"type":"Point","coordinates":[-108.5,39.2875]},"properties":{"s":48.1,"pub":true}},{"type":"Feature","geometry":{"type":"Point","coordinates":[-108.5,39.2933]},"properties":{"s":48.1,"pub":true}},{"type":"Feature","geometry":{"type":"Point","coordinates":[-108.5,39.2991]},"properties":{"s":55.6,"pub":true}},{"type":"Feature","geometry":{"type":"Point","coordinates":[-108.5,39.3049]},"properties":{"s":55.6,"pub":true}},{"type":"Feature","geometry":{"type":"Point","coordinates":[-108.5,39.3107]},"properties":{"s":33.3,"pub":true}},{"type":"Feature","geometry":{"type":"Point","coordinates":[-108.5,39.3165]},"properties":{"s":33.3,"pub":true}},{"type":"Feature","geometry":{"type":"Point","coordinates":[-108.5,39.3223]},"properties":{"s":33.3,"pub":true}},{"type":"Feature","geometry":{"type":"Point","coordinates":[-108.5,39.3919]},"properties":{"s":25.9,"pub":true}},{"type":"Feature","geometry":{"type":"Point","coordinates":[-108.5,39.3977]},"properties":{"s":33.3,"pub":true}},{"type":"Feature","geometry":{"type":"Point","coordinates":[-108.5,39.4035]},"properties":{"s":33.3,"pub":true}},{"type":"Feature","geometry":{"type":"Point","coordinates":[-108.5,39.4093]},"properties":{"s":33.3,"pub":true}},{"type":"Feature","geometry":{"type":"Point","coordinates":[-108.5,39.4151]},"properties":{"s":37.0,"pub":true}},{"type":"Feature","geometry":{"type":"Point","coordinates":[-108.5,39.4209]},"properties":{"s":33.3,"pub":true}},{"type":"Feature","geometry":{"type":"Point","coordinates":[-108.5,39.4267]},"properties":{"s":25.9,"pub":true}},{"type":"Feature","geometry":{"type":"Point","coordinates":[-108.5,39.4325]},"properties":{"s":25.9,"pub":true}},{"type":"Feature","geometry":{"type":"Point","coordinates":[-108.5,39.4383]},"properties":{"s":25.9,"pub":true}},{"type":"Feature","geometry":{"type":"Point","coordinates":[-108.5,39.4441]},"properties":{"s":25.9,"pub":true}},{"type":"Feature","geometry":{"type":"Point","coordinates":[-108.5,39.4499]},"properties":{"s":33.3,"pub":true}},{"type":"Feature","geometry":{"type":"Point","coordinates":[-108.5,39.4557]},"properties":{"s":33.3,"pub":true}},{"type":"Feature","geometry":{"type":"Point","coordinates":[-108.5,39.4615]},"properties":{"s":37.0,"pub":false}},{"type":"Feature","geometry":{"type":"Point","coordinates":[-108.5,39.4673]},"properties":{"s":33.3,"pub":false}},{"type":"Feature","geometry":{"type":"Point","coordinates":[-108.5,39.4731]},"properties":{"s":25.9,"pub":false}},{"type":"Feature","geometry":{"type":"Point","coordinates":[-108.5,39.4789]},"properties":{"s":25.9,"pub":false}},{"type":"Feature","geometry":{"type":"Point","coordinates":[-108.5,39.4847]},"properties":{"s":25.9,"pub":false}},{"type":"Feature","geometry":{"type":"Point","coordinates":[-108.5,39.4905]},"properties":{"s":25.9,"pub":false}},{"type":"Feature","geometry":{"type":"Point","coordinates":[-108.5,39.4963]},"properties":{"s":25.9,"pub":false}},{"type":"Feature","geometry":{"type":"Point","coordinates":[-108.5,39.5021]},"properties":{"s":33.3,"pub":true}},{"type":"Feature","geometry":{"type":"Point","coordinates":[-108.5,39.5079]},"properties":{"s":37.0,"pub":true}},{"type":"Feature","geometry":{"type":"Point","coordinates":[-108.5,39.5137]},"properties":{"s":33.3,"pub":true}},{"type":"Feature","geometry":{"type":"Point","coordinates":[-108.5,39.5195]},"properties":{"s":25.9,"pub":false}},{"type":"Feature","geometry":{"type":"Point","coordinates":[-108.5,39.5253]},"properties":{"s":25.9,"pub":false}},{"type":"Feature","geometry":{"type":"Point","coordinates":[-108.5,39.5311]},"properties":{"s":25.9,"pub":true}},{"type":"Feature","geometry":{"type":"Point","coordinates":[-108.5,39.5369]},"properties":{"s":25.9,"pub":true}},{"type":"Feature","geometry":{"type":"Point","coordinates":[-108.5,39.5427]},"properties":{"s":25.9,"pub":true}},{"type":"Feature","geometry":{"type":"Point","coordinates":[-108.5,39.5485]},"properties":{"s":25.9,"pub":true}},{"type":"Feature","geometry":{"type":"Point","coordinates":[-108.5,39.5543]},"properties":{"s":33.3,"pub":true}},{"type":"Feature","geometry":{"type":"Point","coordinates":[-108.5,39.5601]},"properties":{"s":33.3,"pub":false}},{"type":"Feature","geometry":{"type":"Point","coordinates":[-108.5,39.5659]},"properties":{"s":25.9,"pub":true}},{"type":"Feature","geometry":{"type":"Point","coordinates":[-108.5,39.5717]},"properties":{"s":25.9,"pub":false}},{"type":"Feature","geometry":{"type":"Point","coordinates":[-108.5,39.5775]},"properties":{"s":25.9,"pub":false}},{"type":"Feature","geometry":{"type":"Point","coordinates":[-108.5,39.5833]},"properties":{"s":25.9,"pub":false}},{"type":"Feature","geometry":{"type":"Point","coordinates":[-108.5,39.5891]},"properties":{"s":55.6,"pub":false}},{"type":"Feature","geometry":{"type":"Point","coordinates":[-108.5,39.5949]},"properties":{"s":55.6,"pub":false}},{"type":"Feature","geometry":{"type":"Point","coordinates":[-108.5,39.6007]},"properties":{"s":33.3,"pub":false}},{"type":"Feature","geometry":{"type":"Point","coordinates":[-108.5,39.6181]},"properties":{"s":70.4,"pub":false}},{"type":"Feature","geometry":{"type":"Point","coordinates":[-108.5,39.6239]},"properties":{"s":70.4,"pub":false}},{"type":"Feature","geometry":{"type":"Point","coordinates":[-108.5,39.6297]},"properties":{"s":100.0,"pub":false}},{"type":"Feature","geometry":{"type":"Point","coordinates":[-108.5,39.6355]},"properties":{"s":100.0,"pub":false}},{"type":"Feature","geometry":{"type":"Point","coordinates":[-108.5,39.6413]},"properties":{"s":100.0,"pub":false}},{"type":"Feature","geometry":{"type":"Point","coordinates":[-108.5,39.6471]},"properties":{"s":96.3,"pub":false}},{"type":"Feature","geometry":{"type":"Point","coordinates":[-108.5,39.6529]},"properties":{"s":96.3,"pub":true}},{"type":"Feature","geometry":{"type":"Point","coordinates":[-108.5,39.6587]},"properties":{"s":96.3,"pub":true}},{"type":"Feature","geometry":{"type":"Point","coordinates":[-108.5,39.6645]},"properties":{"s":96.3,"pub":true}},{"type":"Feature","geometry":{"type":"Point","coordinates":[-108.5,39.6703]},"properties":{"s":96.3,"pub":false}},{"type":"Feature","geometry":{"type":"Point","coordinates":[-108.5,39.6761]},"properties":{"s":96.3,"pub":false}},{"type":"Feature","geometry":{"type":"Point","coordinates":[-108.5,39.6819]},"properties":{"s":96.3,"pub":false}},{"type":"Feature","geometry":{"type":"Point","coordinates":[-108.5,39.6877]},"properties":{"s":96.3,"pub":false}},{"type":"Feature","geometry":{"type":"Point","coordinates":[-108.4925,39.2237]},"properties":{"s":44.4,"pub":true}},{"type":"Feature","geometry":{"type":"Point","coordinates":[-108.4925,39.2295]},"properties":{"s":48.1,"pub":true}},{"type":"Feature","geometry":{"type":"Point","coordinates":[-108.4925,39.2353]},"properties":{"s":48.1,"pub":true}},{"type":"Feature","geometry":{"type":"Point","coordinates":[-108.4925,39.2411]},"properties":{"s":48.1,"pub":true}},{"type":"Feature","geometry":{"type":"Point","coordinates":[-108.4925,39.2469]},"properties":{"s":48.1,"pub":true}},{"type":"Feature","geometry":{"type":"Point","coordinates":[-108.4925,39.2527]},"properties":{"s":48.1,"pub":true}},{"type":"Feature","geometry":{"type":"Point","coordinates":[-108.4925,39.2585]},"properties":{"s":48.1,"pub":true}},{"type":"Feature","geometry":{"type":"Point","coordinates":[-108.4925,39.2643]},"properties":{"s":48.1,"pub":true}},{"type":"Feature","geometry":{"type":"Point","coordinates":[-108.4925,39.2701]},"properties":{"s":48.1,"pub":true}},{"type":"Feature","geometry":{"type":"Point","coordinates":[-108.4925,39.2759]},"properties":{"s":77.8,"pub":true}},{"type":"Feature","geometry":{"type":"Point","coordinates":[-108.4925,39.2817]},"properties":{"s":77.8,"pub":true}},{"type":"Feature","geometry":{"type":"Point","coordinates":[-108.4925,39.2875]},"properties":{"s":77.8,"pub":true}},{"type":"Feature","geometry":{"type":"Point","coordinates":[-108.4925,39.2933]},"properties":{"s":48.1,"pub":true}},{"type":"Feature","geometry":{"type":"Point","coordinates":[-108.4925,39.2991]},"properties":{"s":48.1,"pub":true}},{"type":"Feature","geometry":{"type":"Point","coordinates":[-108.4925,39.3049]},"properties":{"s":48.1,"pub":true}},{"type":"Feature","geometry":{"type":"Point","coordinates":[-108.4925,39.3165]},"properties":{"s":33.3,"pub":true}},{"type":"Feature","geometry":{"type":"Point","coordinates":[-108.4925,39.3223]},"properties":{"s":33.3,"pub":true}},{"type":"Feature","geometry":{"type":"Point","coordinates":[-108.4925,39.3281]},"properties":{"s":33.3,"pub":true}},{"type":"Feature","geometry":{"type":"Point","coordinates":[-108.4925,39.3919]},"properties":{"s":25.9,"pub":true}},{"type":"Feature","geometry":{"type":"Point","coordinates":[-108.4925,39.3977]},"properties":{"s":33.3,"pub":true}},{"type":"Feature","geometry":{"type":"Point","coordinates":[-108.4925,39.4035]},"properties":{"s":33.3,"pub":true}},{"type":"Feature","geometry":{"type":"Point","coordinates":[-108.4925,39.4093]},"properties":{"s":33.3,"pub":true}},{"type":"Feature","geometry":{"type":"Point","coordinates":[-108.4925,39.4151]},"properties":{"s":37.0,"pub":true}},{"type":"Feature","geometry":{"type":"Point","coordinates":[-108.4925,39.4209]},"properties":{"s":33.3,"pub":true}},{"type":"Feature","geometry":{"type":"Point","coordinates":[-108.4925,39.4267]},"properties":{"s":25.9,"pub":true}},{"type":"Feature","geometry":{"type":"Point","coordinates":[-108.4925,39.4325]},"properties":{"s":25.9,"pub":true}},{"type":"Feature","geometry":{"type":"Point","coordinates":[-108.4925,39.4383]},"properties":{"s":25.9,"pub":true}},{"type":"Feature","geometry":{"type":"Point","coordinates":[-108.4925,39.4441]},"properties":{"s":25.9,"pub":true}},{"type":"Feature","geometry":{"type":"Point","coordinates":[-108.4925,39.4499]},"properties":{"s":33.3,"pub":true}},{"type":"Feature","geometry":{"type":"Point","coordinates":[-108.4925,39.4557]},"properties":{"s":33.3,"pub":true}},{"type":"Feature","geometry":{"type":"Point","coordinates":[-108.4925,39.4615]},"properties":{"s":37.0,"pub":false}},{"type":"Feature","geometry":{"type":"Point","coordinates":[-108.4925,39.4673]},"properties":{"s":33.3,"pub":false}},{"type":"Feature","geometry":{"type":"Point","coordinates":[-108.4925,39.4731]},"properties":{"s":25.9,"pub":false}},{"type":"Feature","geometry":{"type":"Point","coordinates":[-108.4925,39.4789]},"properties":{"s":25.9,"pub":false}},{"type":"Feature","geometry":{"type":"Point","coordinates":[-108.4925,39.4847]},"properties":{"s":25.9,"pub":false}},{"type":"Feature","geometry":{"type":"Point","coordinates":[-108.4925,39.4905]},"properties":{"s":25.9,"pub":false}},{"type":"Feature","geometry":{"type":"Point","coordinates":[-108.4925,39.4963]},"properties":{"s":25.9,"pub":false}},{"type":"Feature","geometry":{"type":"Point","coordinates":[-108.4925,39.5021]},"properties":{"s":33.3,"pub":true}},{"type":"Feature","geometry":{"type":"Point","coordinates":[-108.4925,39.5079]},"properties":{"s":33.3,"pub":true}},{"type":"Feature","geometry":{"type":"Point","coordinates":[-108.4925,39.5137]},"properties":{"s":33.3,"pub":true}},{"type":"Feature","geometry":{"type":"Point","coordinates":[-108.4925,39.5195]},"properties":{"s":33.3,"pub":true}},{"type":"Feature","geometry":{"type":"Point","coordinates":[-108.4925,39.5253]},"properties":{"s":25.9,"pub":false}},{"type":"Feature","geometry":{"type":"Point","coordinates":[-108.4925,39.5311]},"properties":{"s":25.9,"pub":false}},{"type":"Feature","geometry":{"type":"Point","coordinates":[-108.4925,39.5369]},"properties":{"s":25.9,"pub":true}},{"type":"Feature","geometry":{"type":"Point","coordinates":[-108.4925,39.5601]},"properties":{"s":33.3,"pub":false}},{"type":"Feature","geometry":{"type":"Point","coordinates":[-108.4925,39.5659]},"properties":{"s":25.9,"pub":false}},{"type":"Feature","geometry":{"type":"Point","coordinates":[-108.4925,39.5717]},"properties":{"s":25.9,"pub":false}},{"type":"Feature","geometry":{"type":"Point","coordinates":[-108.4925,39.5775]},"properties":{"s":25.9,"pub":false}},{"type":"Feature","geometry":{"type":"Point","coordinates":[-108.4925,39.5833]},"properties":{"s":25.9,"pub":false}},{"type":"Feature","geometry":{"type":"Point","coordinates":[-108.4925,39.5891]},"properties":{"s":55.6,"pub":false}},{"type":"Feature","geometry":{"type":"Point","coordinates":[-108.4925,39.5949]},"properties":{"s":33.3,"pub":false}},{"type":"Feature","geometry":{"type":"Point","coordinates":[-108.4925,39.6181]},"properties":{"s":70.4,"pub":false}},{"type":"Feature","geometry":{"type":"Point","coordinates":[-108.4925,39.6239]},"properties":{"s":100.0,"pub":false}},{"type":"Feature","geometry":{"type":"Point","coordinates":[-108.4925,39.6297]},"properties":{"s":100.0,"pub":false}},{"type":"Feature","geometry":{"type":"Point","coordinates":[-108.4925,39.6355]},"properties":{"s":100.0,"pub":false}},{"type":"Feature","geometry":{"type":"Point","coordinates":[-108.4925,39.6413]},"properties":{"s":96.3,"pub":false}},{"type":"Feature","geometry":{"type":"Point","coordinates":[-108.4925,39.6471]},"properties":{"s":96.3,"pub":false}},{"type":"Feature","geometry":{"type":"Point","coordinates":[-108.4925,39.6529]},"properties":{"s":96.3,"pub":false}},{"type":"Feature","geometry":{"type":"Point","coordinates":[-108.4925,39.6587]},"properties":{"s":96.3,"pub":false}},{"type":"Feature","geometry":{"type":"Point","coordinates":[-108.4925,39.6645]},"properties":{"s":96.3,"pub":false}},{"type":"Feature","geometry":{"type":"Point","coordinates":[-108.4925,39.6703]},"properties":{"s":96.3,"pub":false}},{"type":"Feature","geometry":{"type":"Point","coordinates":[-108.4925,39.6761]},"properties":{"s":96.3,"pub":false}},{"type":"Feature","geometry":{"type":"Point","coordinates":[-108.4925,39.6819]},"properties":{"s":96.3,"pub":false}},{"type":"Feature","geometry":{"type":"Point","coordinates":[-108.4925,39.6877]},"properties":{"s":96.3,"pub":false}},{"type":"Feature","geometry":{"type":"Point","coordinates":[-108.485,39.2179]},"properties":{"s":48.1,"pub":true}},{"type":"Feature","geometry":{"type":"Point","coordinates":[-108.485,39.2237]},"properties":{"s":48.1,"pub":true}},{"type":"Feature","geometry":{"type":"Point","coordinates":[-108.485,39.2295]},"properties":{"s":48.1,"pub":true}},{"type":"Feature","geometry":{"type":"Point","coordinates":[-108.485,39.2353]},"properties":{"s":48.1,"pub":true}},{"type":"Feature","geometry":{"type":"Point","coordinates":[-108.485,39.2411]},"properties":{"s":48.1,"pub":true}},{"type":"Feature","geometry":{"type":"Point","coordinates":[-108.485,39.2469]},"properties":{"s":48.1,"pub":true}},{"type":"Feature","geometry":{"type":"Point","coordinates":[-108.485,39.2527]},"properties":{"s":48.1,"pub":true}},{"type":"Feature","geometry":{"type":"Point","coordinates":[-108.485,39.2585]},"properties":{"s":48.1,"pub":true}},{"type":"Feature","geometry":{"type":"Point","coordinates":[-108.485,39.2643]},"properties":{"s":48.1,"pub":true}},{"type":"Feature","geometry":{"type":"Point","coordinates":[-108.485,39.2701]},"properties":{"s":48.1,"pub":true}},{"type":"Feature","geometry":{"type":"Point","coordinates":[-108.485,39.2759]},"properties":{"s":77.8,"pub":true}},{"type":"Feature","geometry":{"type":"Point","coordinates":[-108.485,39.2817]},"properties":{"s":77.8,"pub":true}},{"type":"Feature","geometry":{"type":"Point","coordinates":[-108.485,39.2875]},"properties":{"s":77.8,"pub":true}},{"type":"Feature","geometry":{"type":"Point","coordinates":[-108.485,39.2933]},"properties":{"s":48.1,"pub":true}},{"type":"Feature","geometry":{"type":"Point","coordinates":[-108.485,39.2991]},"properties":{"s":48.1,"pub":true}},{"type":"Feature","geometry":{"type":"Point","coordinates":[-108.485,39.3049]},"properties":{"s":48.1,"pub":true}},{"type":"Feature","geometry":{"type":"Point","coordinates":[-108.485,39.3165]},"properties":{"s":33.3,"pub":true}},{"type":"Feature","geometry":{"type":"Point","coordinates":[-108.485,39.3223]},"properties":{"s":33.3,"pub":true}},{"type":"Feature","geometry":{"type":"Point","coordinates":[-108.485,39.3281]},"properties":{"s":33.3,"pub":true}},{"type":"Feature","geometry":{"type":"Point","coordinates":[-108.485,39.3339]},"properties":{"s":25.9,"pub":true}},{"type":"Feature","geometry":{"type":"Point","coordinates":[-108.485,39.3919]},"properties":{"s":25.9,"pub":true}},{"type":"Feature","geometry":{"type":"Point","coordinates":[-108.485,39.3977]},"properties":{"s":33.3,"pub":true}},{"type":"Feature","geometry":{"type":"Point","coordinates":[-108.485,39.4035]},"properties":{"s":33.3,"pub":true}},{"type":"Feature","geometry":{"type":"Point","coordinates":[-108.485,39.4093]},"properties":{"s":33.3,"pub":true}},{"type":"Feature","geometry":{"type":"Point","coordinates":[-108.485,39.4151]},"properties":{"s":37.0,"pub":true}},{"type":"Feature","geometry":{"type":"Point","coordinates":[-108.485,39.4209]},"properties":{"s":33.3,"pub":true}},{"type":"Feature","geometry":{"type":"Point","coordinates":[-108.485,39.4267]},"properties":{"s":25.9,"pub":true}},{"type":"Feature","geometry":{"type":"Point","coordinates":[-108.485,39.4325]},"properties":{"s":25.9,"pub":true}},{"type":"Feature","geometry":{"type":"Point","coordinates":[-108.485,39.4383]},"properties":{"s":25.9,"pub":true}},{"type":"Feature","geometry":{"type":"Point","coordinates":[-108.485,39.4441]},"properties":{"s":25.9,"pub":true}},{"type":"Feature","geometry":{"type":"Point","coordinates":[-108.485,39.4499]},"properties":{"s":33.3,"pub":true}},{"type":"Feature","geometry":{"type":"Point","coordinates":[-108.485,39.4557]},"properties":{"s":33.3,"pub":true}},{"type":"Feature","geometry":{"type":"Point","coordinates":[-108.485,39.4615]},"properties":{"s":37.0,"pub":false}},{"type":"Feature","geometry":{"type":"Point","coordinates":[-108.485,39.4673]},"properties":{"s":33.3,"pub":false}},{"type":"Feature","geometry":{"type":"Point","coordinates":[-108.485,39.4731]},"properties":{"s":25.9,"pub":false}},{"type":"Feature","geometry":{"type":"Point","coordinates":[-108.485,39.4789]},"properties":{"s":25.9,"pub":false}},{"type":"Feature","geometry":{"type":"Point","coordinates":[-108.485,39.4847]},"properties":{"s":25.9,"pub":false}},{"type":"Feature","geometry":{"type":"Point","coordinates":[-108.485,39.4905]},"properties":{"s":25.9,"pub":false}},{"type":"Feature","geometry":{"type":"Point","coordinates":[-108.485,39.4963]},"properties":{"s":25.9,"pub":false}},{"type":"Feature","geometry":{"type":"Point","coordinates":[-108.485,39.5021]},"properties":{"s":33.3,"pub":true}},{"type":"Feature","geometry":{"type":"Point","coordinates":[-108.485,39.5079]},"properties":{"s":33.3,"pub":true}},{"type":"Feature","geometry":{"type":"Point","coordinates":[-108.485,39.5253]},"properties":{"s":25.9,"pub":false}},{"type":"Feature","geometry":{"type":"Point","coordinates":[-108.485,39.5601]},"properties":{"s":33.3,"pub":true}},{"type":"Feature","geometry":{"type":"Point","coordinates":[-108.485,39.5659]},"properties":{"s":25.9,"pub":false}},{"type":"Feature","geometry":{"type":"Point","coordinates":[-108.485,39.5717]},"properties":{"s":25.9,"pub":false}},{"type":"Feature","geometry":{"type":"Point","coordinates":[-108.485,39.5775]},"properties":{"s":55.6,"pub":false}},{"type":"Feature","geometry":{"type":"Point","coordinates":[-108.485,39.5833]},"properties":{"s":55.6,"pub":false}}]}