{"type":"FeatureCollection","features":[{"type":"Feature","geometry":{"type":"Point","coordinates":[-108.2854,39.6128]},"properties":{"s":64.3,"pub":false}},{"type":"Feature","geometry":{"type":"Point","coordinates":[-108.2854,39.6186]},"properties":{"s":64.3,"pub":false}},{"type":"Feature","geometry":{"type":"Point","coordinates":[-108.2854,39.6244]},"properties":{"s":92.9,"pub":false}},{"type":"Feature","geometry":{"type":"Point","coordinates":[-108.2779,39.6128]},"properties":{"s":64.3,"pub":false}},{"type":"Feature","geometry":{"type":"Point","coordinates":[-108.2779,39.6186]},"properties":{"s":64.3,"pub":false}},{"type":"Feature","geometry":{"type":"Point","coordinates":[-108.2779,39.6244]},"properties":{"s":64.3,"pub":false}},{"type":"Feature","geometry":{"type":"Point","coordinates":[-108.2779,39.6302]},"properties":{"s":64.3,"pub":false}},{"type":"Feature","geometry":{"type":"Point","coordinates":[-108.2779,39.636]},"properties":{"s":64.3,"pub":false}},{"type":"Feature","geometry":{"type":"Point","coordinates":[-108.2704,39.607]},"properties":{"s":64.3,"pub":false}},{"type":"Feature","geometry":{"type":"Point","coordinates":[-108.2704,39.6128]},"properties":{"s":64.3,"pub":false}},{"type":"Feature","geometry":{"type":"Point","coordinates":[-108.2704,39.6186]},"properties":{"s":64.3,"pub":false}},{"type":"Feature","geometry":{"type":"Point","coordinates":[-108.2704,39.6244]},"properties":{"s":64.3,"pub":false}},{"type":"Feature","geometry":{"type":"Point","coordinates":[-108.2704,39.6302]},"properties":{"s":64.3,"pub":false}},{"type":"Feature","geometry":{"type":"Point","coordinates":[-108.2704,39.636]},"properties":{"s":64.3,"pub":false}},{"type":"Feature","geometry":{"type":"Point","coordinates":[-108.2704,39.6418]},"properties":{"s":64.3,"pub":false}},{"type":"Feature","geometry":{"type":"Point","coordinates":[-108.2704,39.6476]},"properties":{"s":92.9,"pub":false}},{"type":"Feature","geometry":{"type":"Point","coordinates":[-108.2629,39.607]},"properties":{"s":64.3,"pub":false}},{"type":"Feature","geometry":{"type":"Point","coordinates":[-108.2629,39.6128]},"properties":{"s":64.3,"pub":false}},{"type":"Feature","geometry":{"type":"Point","coordinates":[-108.2629,39.6186]},"properties":{"s":92.9,"pub":false}},{"type":"Feature","geometry":{"type":"Point","coordinates":[-108.2629,39.6244]},"properties":{"s":92.9,"pub":false}},{"type":"Feature","geometry":{"type":"Point","coordinates":[-108.2629,39.6302]},"properties":{"s":64.3,"pub":false}},{"type":"Feature","geometry":{"type":"Point","coordinates":[-108.2629,39.636]},"properties":{"s":64.3,"pub":false}},{"type":"Feature","geometry":{"type":"Point","coordinates":[-108.2629,39.6418]},"properties":{"s":64.3,"pub":false}},{"type":"Feature","geometry":{"type":"Point","coordinates":[-108.2629,39.6476]},"properties":{"s":64.3,"pub":false}},{"type":"Feature","geometry":{"type":"Point","coordinates":[-108.2554,39.5954]},"properties":{"s":21.4,"pub":false}},{"type":"Feature","geometry":{"type":"Point","coordinates":[-108.2554,39.6012]},"properties":{"s":64.3,"pub":false}},{"type":"Feature","geometry":{"type":"Point","coordinates":[-108.2554,39.607]},"properties":{"s":64.3,"pub":false}},{"type":"Feature","geometry":{"type":"Point","coordinates":[-108.2554,39.6128]},"properties":{"s":64.3,"pub":false}},{"type":"Feature","geometry":{"type":"Point","coordinates":[-108.2554,39.6186]},"properties":{"s":92.9,"pub":false}},{"type":"Feature","geometry":{"type":"Point","coordinates":[-108.2554,39.6244]},"properties":{"s":92.9,"pub":false}},{"type":"Feature","geometry":{"type":"Point","coordinates":[-108.2554,39.6302]},"properties":{"s":92.9,"pub":false}},{"type":"Feature","geometry":{"type":"Point","coordinates":[-108.2554,39.636]},"properties":{"s":64.3,"pub":false}},{"type":"Feature","geometry":{"type":"Point","coordinates":[-108.2554,39.6418]},"properties":{"s":64.3,"pub":false}},{"type":"Feature","geometry":{"type":"Point","coordinates":[-108.2554,39.6476]},"properties":{"s":64.3,"pub":false}},{"type":"Feature","geometry":{"type":"Point","coordinates":[-108.2479,39.5954]},"properties":{"s":64.3,"pub":false}},{"type":"Feature","geometry":{"type":"Point","coordinates":[-108.2479,39.6012]},"properties":{"s":64.3,"pub":false}},{"type":"Feature","geometry":{"type":"Point","coordinates":[-108.2479,39.607]},"properties":{"s":92.9,"pub":false}},{"type":"Feature","geometry":{"type":"Point","coordinates":[-108.2479,39.6128]},"properties":{"s":96.4,"pub":false}},{"type":"Feature","geometry":{"type":"Point","coordinates":[-108.2479,39.6186]},"properties":{"s":96.4,"pub":false}},{"type":"Feature","geometry":{"type":"Point","coordinates":[-108.2479,39.6244]},"properties":{"s":92.9,"pub":false}},{"type":"Feature","geometry":{"type":"Point","coordinates":[-108.2479,39.6302]},"properties":{"s":92.9,"pub":false}},{"type":"Feature","geometry":{"type":"Point","coordinates":[-108.2479,39.636]},"properties":{"s":64.3,"pub":false}},{"type":"Feature","geometry":{"type":"Point","coordinates":[-108.2479,39.6418]},"properties":{"s":21.4,"pub":false}},{"type":"Feature","geometry":{"type":"Point","coordinates":[-108.2479,39.6476]},"properties":{"s":64.3,"pub":false}},{"type":"Feature","geometry":{"type":"Point","coordinates":[-108.2479,39.6534]},"properties":{"s":64.3,"pub":false}},{"type":"Feature","geometry":{"type":"Point","coordinates":[-108.2404,39.5896]},"properties":{"s":64.3,"pub":false}},{"type":"Feature","geometry":{"type":"Point","coordinates":[-108.2404,39.5954]},"properties":{"s":64.3,"pub":false}},{"type":"Feature","geometry":{"type":"Point","coordinates":[-108.2404,39.6012]},"properties":{"s":67.9,"pub":false}},{"type":"Feature","geometry":{"type":"Point","coordinates":[-108.2404,39.607]},"properties":{"s":96.4,"pub":false}},{"type":"Feature","geometry":{"type":"Point","coordinates":[-108.2404,39.6128]},"properties":{"s":96.4,"pub":false}},{"type":"Feature","geometry":{"type":"Point","coordinates":[-108.2404,39.6186]},"properties":{"s":53.6,"pub":false}},{"type":"Feature","geometry":{"type":"Point","coordinates":[-108.2404,39.6244]},"properties":{"s":53.6,"pub":false}},{"type":"Feature","geometry":{"type":"Point","coordinates":[-108.2404,39.6302]},"properties":{"s":50.0,"pub":false}},{"type":"Feature","geometry":{"type":"Point","coordinates":[-108.2404,39.636]},"properties":{"s":50.0,"pub":false}},{"type":"Feature","geometry":{"type":"Point","coordinates":[-108.2404,39.6418]},"properties":{"s":21.4,"pub":false}},{"type":"Feature","geometry":{"type":"Point","coordinates":[-108.2404,39.6476]},"properties":{"s":64.3,"pub":false}},{"type":"Feature","geometry":{"type":"Point","coordinates":[-108.2404,39.6534]},"properties":{"s":64.3,"pub":false}},{"type":"Feature","geometry":{"type":"Point","coordinates":[-108.2329,39.5664]},"properties":{"s":64.3,"pub":false}},{"type":"Feature","geometry":{"type":"Point","coordinates":[-108.2329,39.5722]},"properties":{"s":64.3,"pub":false}},{"type":"Feature","geometry":{"type":"Point","coordinates":[-108.2329,39.578]},"properties":{"s":64.3,"pub":false}},{"type":"Feature","geometry":{"type":"Point","coordinates":[-108.2329,39.5838]},"properties":{"s":64.3,"pub":false}},{"type":"Feature","geometry":{"type":"Point","coordinates":[-108.2329,39.5896]},"properties":{"s":64.3,"pub":false}},{"type":"Feature","geometry":{"type":"Point","coordinates":[-108.2329,39.5954]},"properties":{"s":96.4,"pub":false}},{"type":"Feature","geometry":{"type":"Point","coordinates":[-108.2329,39.6012]},"properties":{"s":96.4,"pub":false}},{"type":"Feature","geometry":{"type":"Point","coordinates":[-108.2329,39.607]},"properties":{"s":96.4,"pub":false}},{"type":"Feature","geometry":{"type":"Point","coordinates":[-108.2329,39.6128]},"properties":{"s":96.4,"pub":false}},{"type":"Feature","geometry":{"type":"Point","coordinates":[-108.2329,39.6186]},"properties":{"s":53.6,"pub":false}},{"type":"Feature","geometry":{"type":"Point","coordinates":[-108.2329,39.6244]},"properties":{"s":53.6,"pub":false}},{"type":"Feature","geometry":{"type":"Point","coordinates":[-108.2329,39.6302]},"properties":{"s":50.0,"pub":false}},{"type":"Feature","geometry":{"type":"Point","coordinates":[-108.2329,39.636]},"properties":{"s":50.0,"pub":false}},{"type":"Feature","geometry":{"type":"Point","coordinates":[-108.2329,39.6418]},"properties":{"s":21.4,"pub":false}},{"type":"Feature","geometry":{"type":"Point","coordinates":[-108.2329,39.6476]},"properties":{"s":64.3,"pub":false}},{"type":"Feature","geometry":{"type":"Point","coordinates":[-108.2329,39.6534]},"properties":{"s":64.3,"pub":false}},{"type":"Feature","geometry":{"type":"Point","coordinates":[-108.2254,39.5548]},"properties":{"s":21.4,"pub":false}},{"type":"Feature","geometry":{"type":"Point","coordinates":[-108.2254,39.5606]},"properties":{"s":64.3,"pub":true}},{"type":"Feature","geometry":{"type":"Point","coordinates":[-108.2254,39.5664]},"properties":{"s":64.3,"pub":false}},{"type":"Feature","geometry":{"type":"Point","coordinates":[-108.2254,39.5722]},"properties":{"s":64.3,"pub":false}},{"type":"Feature","geometry":{"type":"Point","coordinates":[-108.2254,39.578]},"properties":{"s":64.3,"pub":false}},{"type":"Feature","geometry":{"type":"Point","coordinates":[-108.2254,39.5838]},"properties":{"s":64.3,"pub":false}},{"type":"Feature","geometry":{"type":"Point","coordinates":[-108.2254,39.5896]},"properties":{"s":64.3,"pub":false}},{"type":"Feature","geometry":{"type":"Point","coordinates":[-108.2254,39.5954]},"properties":{"s":67.9,"pub":false}},{"type":"Feature","geometry":{"type":"Point","coordinates":[-108.2254,39.6012]},"properties":{"s":96.4,"pub":false}},{"type":"Feature","geometry":{"type":"Point","coordinates":[-108.2254,39.607]},"properties":{"s":96.4,"pub":false}},{"type":"Feature","geometry":{"type":"Point","coordinates":[-108.2254,39.6128]},"properties":{"s":96.4,"pub":false}},{"type":"Feature","geometry":{"type":"Point","coordinates":[-108.2254,39.6186]},"properties":{"s":53.6,"pub":false}},{"type":"Feature","geometry":{"type":"Point","coordinates":[-108.2254,39.6244]},"properties":{"s":53.6,"pub":false}},{"type":"Feature","geometry":{"type":"Point","coordinates":[-108.2254,39.6302]},"properties":{"s":53.6,"pub":false}},{"type":"Feature","geometry":{"type":"Point","coordinates":[-108.2254,39.636]},"properties":{"s":50.0,"pub":false}},{"type":"Feature","geometry":{"type":"Point","coordinates":[-108.2254,39.6418]},"properties":{"s":64.3,"pub":false}},{"type":"Feature","geometry":{"type":"Point","coordinates":[-108.2254,39.6476]},"properties":{"s":64.3,"pub":false}},{"type":"Feature","geometry":{"type":"Point","coordinates":[-108.2179,39.5606]},"properties":{"s":64.3,"pub":true}},{"type":"Feature","geometry":{"type":"Point","coordinates":[-108.2179,39.5664]},"properties":{"s":64.3,"pub":false}},{"type":"Feature","geometry":{"type":"Point","coordinates":[-108.2179,39.5722]},"properties":{"s":64.3,"pub":false}},{"type":"Feature","geometry":{"type":"Point","coordinates":[-108.2179,39.578]},"properties":{"s":92.9,"pub":false}},{"type":"Feature","geometry":{"type":"Point","coordinates":[-108.2179,39.5838]},"properties":{"s":64.3,"pub":false}},{"type":"Feature","geometry":{"type":"Point","coordinates":[-108.2179,39.5896]},"properties":{"s":92.9,"pub":false}},{"type":"Feature","geometry":{"type":"Point","coordinates":[-108.2179,39.5954]},"properties":{"s":67.9,"pub":false}},{"type":"Feature","geometry":{"type":"Point","coordinates":[-108.2179,39.6012]},"properties":{"s":67.9,"pub":false}},{"type":"Feature","geometry":{"type":"Point","coordinates":[-108.2179,39.607]},"properties":{"s":96.4,"pub":false}},{"type":"Feature","geometry":{"type":"Point","coordinates":[-108.2179,39.6128]},"properties":{"s":96.4,"pub":false}},{"type":"Feature","geometry":{"type":"Point","coordinates":[-108.2179,39.6186]},"properties":{"s":96.4,"pub":false}},{"type":"Feature","geometry":{"type":"Point","coordinates":[-108.2179,39.6244]},"properties":{"s":53.6,"pub":false}},{"type":"Feature","geometry":{"type":"Point","coordinates":[-108.2179,39.6302]},"properties":{"s":53.6,"pub":false}},{"type":"Feature","geometry":{"type":"Point","coordinates":[-108.2179,39.636]},"properties":{"s":50.0,"pub":false}},{"type":"Feature","geometry":{"type":"Point","coordinates":[-108.2179,39.6418]},"properties":{"s":64.3,"pub":false}},{"type":"Feature","geometry":{"type":"Point","coordinates":[-108.2179,39.6476]},"properties":{"s":64.3,"pub":false}},{"type":"Feature","geometry":{"type":"Point","coordinates":[-108.2179,39.6534]},"properties":{"s":64.3,"pub":false}},{"type":"Feature","geometry":{"type":"Point","coordinates":[-108.2104,39.5548]},"properties":{"s":64.3,"pub":false}},{"type":"Feature","geometry":{"type":"Point","coordinates":[-108.2104,39.5606]},"properties":{"s":64.3,"pub":false}},{"type":"Feature","geometry":{"type":"Point","coordinates":[-108.2104,39.5664]},"properties":{"s":64.3,"pub":false}},{"type":"Feature","geometry":{"type":"Point","coordinates":[-108.2104,39.5722]},"properties":{"s":92.9,"pub":false}},{"type":"Feature","geometry":{"type":"Point","coordinates":[-108.2104,39.578]},"properties":{"s":92.9,"pub":false}},{"type":"Feature","geometry":{"type":"Point","coordinates":[-108.2104,39.5838]},"properties":{"s":92.9,"pub":false}},{"type":"Feature","geometry":{"type":"Point","coordinates":[-108.2104,39.5896]},"properties":{"s":96.4,"pub":false}},{"type":"Feature","geometry":{"type":"Point","coordinates":[-108.2104,39.5954]},"properties":{"s":67.9,"pub":false}},{"type":"Feature","geometry":{"type":"Point","coordinates":[-108.2104,39.6012]},"properties":{"s":67.9,"pub":false}},{"type":"Feature","geometry":{"type":"Point","coordinates":[-108.2104,39.607]},"properties":{"s":67.9,"pub":false}},{"type":"Feature","geometry":{"type":"Point","coordinates":[-108.2104,39.6128]},"properties":{"s":67.9,"pub":true}},{"type":"Feature","geometry":{"type":"Point","coordinates":[-108.2104,39.6186]},"properties":{"s":96.4,"pub":false}},{"type":"Feature","geometry":{"type":"Point","coordinates":[-108.2104,39.6244]},"properties":{"s":96.4,"pub":true}},{"type":"Feature","geometry":{"type":"Point","coordinates":[-108.2104,39.6302]},"properties":{"s":53.6,"pub":false}},{"type":"Feature","geometry":{"type":"Point","coordinates":[-108.2104,39.636]},"properties":{"s":53.6,"pub":true}},{"type":"Feature","geometry":{"type":"Point","coordinates":[-108.2104,39.6418]},"properties":{"s":64.3,"pub":true}},{"type":"Feature","geometry":{"type":"Point","coordinates":[-108.2104,39.6476]},"properties":{"s":64.3,"pub":true}},{"type":"Feature","geometry":{"type":"Point","coordinates":[-108.2029,39.5258]},"properties":{"s":67.9,"pub":false}},{"type":"Feature","geometry":{"type":"Point","coordinates":[-108.2029,39.5316]},"properties":{"s":64.3,"pub":false}},{"type":"Feature","geometry":{"type":"Point","coordinates":[-108.2029,39.5374]},"properties":{"s":64.3,"pub":false}},{"type":"Feature","geometry":{"type":"Point","coordinates":[-108.2029,39.5432]},"properties":{"s":64.3,"pub":false}},{"type":"Feature","geometry":{"type":"Point","coordinates":[-108.2029,39.549]},"properties":{"s":64.3,"pub":false}},{"type":"Feature","geometry":{"type":"Point","coordinates":[-108.2029,39.5548]},"properties":{"s":64.3,"pub":false}},{"type":"Feature","geometry":{"type":"Point","coordinates":[-108.2029,39.5606]},"properties":{"s":64.3,"pub":false}},{"type":"Feature","geometry":{"type":"Point","coordinates":[-108.2029,39.5664]},"properties":{"s":64.3,"pub":false}},{"type":"Feature","geometry":{"type":"Point","coordinates":[-108.2029,39.5722]},"properties":{"s":92.9,"pub":false}},{"type":"Feature","geometry":{"type":"Point","coordinates":[-108.2029,39.578]},"properties":{"s":92.9,"pub":false}},{"type":"Feature","geometry":{"type":"Point","coordinates":[-108.2029,39.5838]},"properties":{"s":92.9,"pub":false}},{"type":"Feature","geometry":{"type":"Point","coordinates":[-108.2029,39.5896]},"properties":{"s":96.4,"pub":false}},{"type":"Feature","geometry":{"type":"Point","coordinates":[-108.2029,39.5954]},"properties":{"s":67.9,"pub":false}},{"type":"Feature","geometry":{"type":"Point","coordinates":[-108.2029,39.6012]},"properties":{"s":67.9,"pub":false}},{"type":"Feature","geometry":{"type":"Point","coordinates":[-108.2029,39.607]},"properties":{"s":67.9,"pub":false}},{"type":"Feature","geometry":{"type":"Point","coordinates":[-108.2029,39.6128]},"properties":{"s":67.9,"pub":true}},{"type":"Feature","geometry":{"type":"Point","coordinates":[-108.2029,39.6186]},"properties":{"s":67.9,"pub":false}},{"type":"Feature","geometry":{"type":"Point","coordinates":[-108.2029,39.6244]},"properties":{"s":96.4,"pub":true}},{"type":"Feature","geometry":{"type":"Point","coordinates":[-108.2029,39.6302]},"properties":{"s":53.6,"pub":false}},{"type":"Feature","geometry":{"type":"Point","coordinates":[-108.2029,39.636]},"properties":{"s":25.0,"pub":true}},{"type":"Feature","geometry":{"type":"Point","coordinates":[-108.2029,39.6418]},"properties":{"s":64.3,"pub":true}},{"type":"Feature","geometry":{"type":"Point","coordinates":[-108.1954,39.5142]},"properties":{"s":67.9,"pub":false}},{"type":"Feature","geometry":{"type":"Point","coordinates":[-108.1954,39.52]},"properties":{"s":67.9,"pub":false}},{"type":"Feature","geometry":{"type":"Point","coordinates":[-108.1954,39.5258]},"properties":{"s":67.9,"pub":false}},{"type":"Feature","geometry":{"type":"Point","coordinates":[-108.1954,39.5316]},"properties":{"s":64.3,"pub":false}},{"type":"Feature","geometry":{"type":"Point","coordinates":[-108.1954,39.5374]},"properties":{"s":64.3,"pub":false}},{"type":"Feature","geometry":{"type":"Point","coordinates":[-108.1954,39.5432]},"properties":{"s":64.3,"pub":false}},{"type":"Feature","geometry":{"type":"Point","coordinates":[-108.1954,39.549]},"properties":{"s":64.3,"pub":false}},{"type":"Feature","geometry":{"type":"Point","coordinates":[-108.1954,39.5548]},"properties":{"s":64.3,"pub":false}},{"type":"Feature","geometry":{"type":"Point","coordinates":[-108.1954,39.5606]},"properties":{"s":64.3,"pub":false}},{"type":"Feature","geometry":{"type":"Point","coordinates":[-108.1954,39.5664]},"properties":{"s":64.3,"pub":false}},{"type":"Feature","geometry":{"type":"Point","coordinates":[-108.1954,39.5722]},"properties":{"s":92.9,"pub":false}},{"type":"Feature","geometry":{"type":"Point","coordinates":[-108.1954,39.578]},"properties":{"s":92.9,"pub":false}},{"type":"Feature","geometry":{"type":"Point","coordinates":[-108.1954,39.5838]},"properties":{"s":92.9,"pub":false}},{"type":"Feature","geometry":{"type":"Point","coordinates":[-108.1954,39.5896]},"properties":{"s":96.4,"pub":false}},{"type":"Feature","geometry":{"type":"Point","coordinates":[-108.1954,39.5954]},"properties":{"s":67.9,"pub":false}},{"type":"Feature","geometry":{"type":"Point","coordinates":[-108.1954,39.6012]},"properties":{"s":67.9,"pub":false}},{"type":"Feature","geometry":{"type":"Point","coordinates":[-108.1954,39.607]},"properties":{"s":67.9,"pub":false}},{"type":"Feature","geometry":{"type":"Point","coordinates":[-108.1954,39.6128]},"properties":{"s":67.9,"pub":true}},{"type":"Feature","geometry":{"type":"Point","coordinates":[-108.1954,39.6186]},"properties":{"s":67.9,"pub":false}},{"type":"Feature","geometry":{"type":"Point","coordinates":[-108.1954,39.6244]},"properties":{"s":96.4,"pub":false}},{"type":"Feature","geometry":{"type":"Point","coordinates":[-108.1954,39.6302]},"properties":{"s":96.4,"pub":false}},{"type":"Feature","geometry":{"type":"Point","coordinates":[-108.1954,39.636]},"properties":{"s":25.0,"pub":false}},{"type":"Feature","geometry":{"type":"Point","coordinates":[-108.1954,39.6418]},"properties":{"s":67.9,"pub":false}},{"type":"Feature","geometry":{"type":"Point","coordinates":[-108.1879,39.5084]},"properties":{"s":67.9,"pub":false}},{"type":"Feature","geometry":{"type":"Point","coordinates":[-108.1879,39.5142]},"properties":{"s":67.9,"pub":false}},{"type":"Feature","geometry":{"type":"Point","coordinates":[-108.1879,39.52]},"properties":{"s":67.9,"pub":false}},{"type":"Feature","geometry":{"type":"Point","coordinates":[-108.1879,39.5258]},"properties":{"s":67.9,"pub":false}},{"type":"Feature","geometry":{"type":"Point","coordinates":[-108.1879,39.5316]},"properties":{"s":64.3,"pub":false}},{"type":"Feature","geometry":{"type":"Point","coordinates":[-108.1879,39.5374]},"properties":{"s":64.3,"pub":false}},{"type":"Feature","geometry":{"type":"Point","coordinates":[-108.1879,39.5432]},"properties":{"s":92.9,"pub":false}},{"type":"Feature","geometry":{"type":"Point","coordinates":[-108.1879,39.549]},"properties":{"s":92.9,"pub":false}},{"type":"Feature","geometry":{"type":"Point","coordinates":[-108.1879,39.5548]},"properties":{"s":92.9,"pub":false}},{"type":"Feature","geometry":{"type":"Point","coordinates":[-108.1879,39.5606]},"properties":{"s":92.9,"pub":false}},{"type":"Feature","geometry":{"type":"Point","coordinates":[-108.1879,39.5664]},"properties":{"s":64.3,"pub":false}},{"type":"Feature","geometry":{"type":"Point","coordinates":[-108.1879,39.5722]},"properties":{"s":64.3,"pub":false}},{"type":"Feature","geometry":{"type":"Point","coordinates":[-108.1879,39.578]},"properties":{"s":92.9,"pub":false}},{"type":"Feature","geometry":{"type":"Point","coordinates":[-108.1879,39.5838]},"properties":{"s":96.4,"pub":false}},{"type":"Feature","geometry":{"type":"Point","coordinates":[-108.1879,39.5896]},"properties":{"s":96.4,"pub":false}},{"type":"Feature","geometry":{"type":"Point","coordinates":[-108.1879,39.5954]},"properties":{"s":96.4,"pub":false}},{"type":"Feature","geometry":{"type":"Point","coordinates":[-108.1879,39.6012]},"properties":{"s":67.9,"pub":false}},{"type":"Feature","geometry":{"type":"Point","coordinates":[-108.1879,39.607]},"properties":{"s":67.9,"pub":false}},{"type":"Feature","geometry":{"type":"Point","coordinates":[-108.1879,39.6128]},"properties":{"s":67.9,"pub":false}},{"type":"Feature","geometry":{"type":"Point","coordinates":[-108.1879,39.6186]},"properties":{"s":67.9,"pub":false}},{"type":"Feature","geometry":{"type":"Point","coordinates":[-108.1879,39.6244]},"properties":{"s":67.9,"pub":false}},{"type":"Feature","geometry":{"type":"Point","coordinates":[-108.1879,39.6302]},"properties":{"s":96.4,"pub":false}},{"type":"Feature","geometry":{"type":"Point","coordinates":[-108.1879,39.636]},"properties":{"s":25.0,"pub":false}},{"type":"Feature","geometry":{"type":"Point","coordinates":[-108.1879,39.6418]},"properties":{"s":67.9,"pub":false}},{"type":"Feature","geometry":{"type":"Point","coordinates":[-108.1879,39.6476]},"properties":{"s":67.9,"pub":false}},{"type":"Feature","geometry":{"type":"Point","coordinates":[-108.1804,39.462]},"properties":{"s":25.0,"pub":false}},{"type":"Feature","geometry":{"type":"Point","coordinates":[-108.1804,39.5026]},"properties":{"s":67.9,"pub":false}},{"type":"Feature","geometry":{"type":"Point","coordinates":[-108.1804,39.5084]},"properties":{"s":67.9,"pub":false}},{"type":"Feature","geometry":{"type":"Point","coordinates":[-108.1804,39.5142]},"properties":{"s":67.9,"pub":false}},{"type":"Feature","geometry":{"type":"Point","coordinates":[-108.1804,39.52]},"properties":{"s":67.9,"pub":false}},{"type":"Feature","geometry":{"type":"Point","coordinates":[-108.1804,39.5258]},"properties":{"s":67.9,"pub":false}},{"type":"Feature","geometry":{"type":"Point","coordinates":[-108.1804,39.5316]},"properties":{"s":64.3,"pub":false}},{"type":"Feature","geometry":{"type":"Point","coordinates":[-108.1804,39.5374]},"properties":{"s":64.3,"pub":false}},{"type":"Feature","geometry":{"type":"Point","coordinates":[-108.1804,39.5432]},"properties":{"s":92.9,"pub":false}},{"type":"Feature","geometry":{"type":"Point","coordinates":[-108.1804,39.549]},"properties":{"s":92.9,"pub":false}},{"type":"Feature","geometry":{"type":"Point","coordinates":[-108.1804,39.5548]},"properties":{"s":92.9,"pub":false}},{"type":"Feature","geometry":{"type":"Point","coordinates":[-108.1804,39.5606]},"properties":{"s":92.9,"pub":false}},{"type":"Feature","geometry":{"type":"Point","coordinates":[-108.1804,39.5664]},"properties":{"s":92.9,"pub":false}},{"type":"Feature","geometry":{"type":"Point","coordinates":[-108.1804,39.5722]},"properties":{"s":64.3,"pub":false}},{"type":"Feature","geometry":{"type":"Point","coordinates":[-108.1804,39.578]},"properties":{"s":64.3,"pub":false}},{"type":"Feature","geometry":{"type":"Point","coordinates":[-108.1804,39.5838]},"properties":{"s":96.4,"pub":false}},{"type":"Feature","geometry":{"type":"Point","coordinates":[-108.1804,39.5896]},"properties":{"s":96.4,"pub":false}},{"type":"Feature","geometry":{"type":"Point","coordinates":[-108.1804,39.5954]},"properties":{"s":96.4,"pub":false}},{"type":"Feature","geometry":{"type":"Point","coordinates":[-108.1804,39.6012]},"properties":{"s":67.9,"pub":false}},{"type":"Feature","geometry":{"type":"Point","coordinates":[-108.1804,39.607]},"properties":{"s":67.9,"pub":false}},{"type":"Feature","geometry":{"type":"Point","coordinates":[-108.1804,39.6128]},"properties":{"s":67.9,"pub":false}},{"type":"Feature","geometry":{"type":"Point","coordinates":[-108.1804,39.6186]},"properties":{"s":67.9,"pub":false}},{"type":"Feature","geometry":{"type":"Point","coordinates":[-108.1804,39.6244]},"properties":{"s":67.9,"pub":false}},{"type":"Feature","geometry":{"type":"Point","coordinates":[-108.1804,39.6302]},"properties":{"s":67.9,"pub":false}},{"type":"Feature","geometry":{"type":"Point","coordinates":[-108.1804,39.636]},"properties":{"s":25.0,"pub":false}},{"type":"Feature","geometry":{"type":"Point","coordinates":[-108.1804,39.6418]},"properties":{"s":67.9,"pub":false}},{"type":"Feature","geometry":{"type":"Point","coordinates":[-108.1804,39.6476]},"properties":{"s":67.9,"pub":false}},{"type":"Feature","geometry":{"type":"Point","coordinates":[-108.1729,39.4446]},"properties":{"s":25.0,"pub":true}},{"type":"Feature","geometry":{"type":"Point","coordinates":[-108.1729,39.4504]},"properties":{"s":25.0,"pub":true}},{"type":"Feature","geometry":{"type":"Point","coordinates":[-108.1729,39.4562]},"properties":{"s":25.0,"pub":false}},{"type":"Feature","geometry":{"type":"Point","coordinates":[-108.1729,39.462]},"properties":{"s":25.0,"pub":false}},{"type":"Feature","geometry":{"type":"Point","coordinates":[-108.1729,39.4678]},"properties":{"s":25.0,"pub":false}},{"type":"Feature","geometry":{"type":"Point","coordinates":[-108.1729,39.4736]},"properties":{"s":25.0,"pub":false}},{"type":"Feature","geometry":{"type":"Point","coordinates":[-108.1729,39.4794]},"properties":{"s":67.9,"pub":false}},{"type":"Feature","geometry":{"type":"Point","coordinates":[-108.1729,39.4852]},"properties":{"s":67.9,"pub":false}},{"type":"Feature","geometry":{"type":"Point","coordinates":[-108.1729,39.491]},"properties":{"s":67.9,"pub":false}},{"type":"Feature","geometry":{"type":"Point","coordinates":[-108.1729,39.4968]},"properties":{"s":67.9,"pub":false}},{"type":"Feature","geometry":{"type":"Point","coordinates":[-108.1729,39.5026]},"properties":{"s":67.9,"pub":false}},{"type":"Feature","geometry":{"type":"Point","coordinates":[-108.1729,39.5084]},"properties":{"s":67.9,"pub":false}},{"type":"Feature","geometry":{"type":"Point","coordinates":[-108.1729,39.5142]},"properties":{"s":67.9,"pub":false}},{"type":"Feature","geometry":{"type":"Point","coordinates":[-108.1729,39.52]},"properties":{"s":67.9,"pub":false}},{"type":"Feature","geometry":{"type":"Point","coordinates":[-108.1729,39.5258]},"properties":{"s":25.0,"pub":false}},{"type":"Feature","geometry":{"type":"Point","coordinates":[-108.1729,39.5374]},"properties":{"s":64.3,"pub":false}},{"type":"Feature","geometry":{"type":"Point","coordinates":[-108.1729,39.5432]},"properties":{"s":92.9,"pub":false}},{"type":"Feature","geometry":{"type":"Point","coordinates":[-108.1729,39.549]},"properties":{"s":92.9,"pub":false}},{"type":"Feature","geometry":{"type":"Point","coordinates":[-108.1729,39.5548]},"properties":{"s":92.9,"pub":false}},{"type":"Feature","geometry":{"type":"Point","coordinates":[-108.1729,39.5606]},"properties":{"s":92.9,"pub":false}},{"type":"Feature","geometry":{"type":"Point","coordinates":[-108.1729,39.5664]},"properties":{"s":92.9,"pub":false}},{"type":"Feature","geometry":{"type":"Point","coordinates":[-108.1729,39.5722]},"properties":{"s":92.9,"pub":false}},{"type":"Feature","geometry":{"type":"Point","coordinates":[-108.1729,39.578]},"properties":{"s":67.9,"pub":false}},{"type":"Feature","geometry":{"type":"Point","coordinates":[-108.1729,39.5838]},"properties":{"s":67.9,"pub":false}},{"type":"Feature","geometry":{"type":"Point","coordinates":[-108.1729,39.5896]},"properties":{"s":96.4,"pub":false}},{"type":"Feature","geometry":{"type":"Point","coordinates":[-108.1729,39.5954]},"properties":{"s":53.6,"pub":false}},{"type":"Feature","geometry":{"type":"Point","coordinates":[-108.1729,39.6012]},"properties":{"s":67.9,"pub":false}},{"type":"Feature","geometry":{"type":"Point","coordinates":[-108.1729,39.607]},"properties":{"s":67.9,"pub":false}},{"type":"Feature","geometry":{"type":"Point","coordinates":[-108.1729,39.6128]},"properties":{"s":67.9,"pub":false}},{"type":"Feature","geometry":{"type":"Point","coordinates":[-108.1729,39.6186]},"properties":{"s":67.9,"pub":false}},{"type":"Feature","geometry":{"type":"Point","coordinates":[-108.1729,39.6244]},"properties":{"s":67.9,"pub":false}},{"type":"Feature","geometry":{"type":"Point","coordinates":[-108.1729,39.6302]},"properties":{"s":67.9,"pub":false}},{"type":"Feature","geometry":{"type":"Point","coordinates":[-108.1729,39.636]},"properties":{"s":25.0,"pub":false}},{"type":"Feature","geometry":{"type":"Point","coordinates":[-108.1729,39.6418]},"properties":{"s":67.9,"pub":false}},{"type":"Feature","geometry":{"type":"Point","coordinates":[-108.1729,39.6476]},"properties":{"s":67.9,"pub":false}},{"type":"Feature","geometry":{"type":"Point","coordinates":[-108.1654,39.4388]},"properties":{"s":25.0,"pub":true}},{"type":"Feature","geometry":{"type":"Point","coordinates":[-108.1654,39.4446]},"properties":{"s":25.0,"pub":true}},{"type":"Feature","geometry":{"type":"Point","coordinates":[-108.1654,39.4504]},"properties":{"s":25.0,"pub":true}},{"type":"Feature","geometry":{"type":"Point","coordinates":[-108.1654,39.4562]},"properties":{"s":25.0,"pub":false}},{"type":"Feature","geometry":{"type":"Point","coordinates":[-108.1654,39.4736]},"properties":{"s":25.0,"pub":false}},{"type":"Feature","geometry":{"type":"Point","coordinates":[-108.1654,39.4794]},"properties":{"s":25.0,"pub":false}},{"type":"Feature","geometry":{"type":"Point","coordinates":[-108.1654,39.4852]},"properties":{"s":67.9,"pub":false}},{"type":"Feature","geometry":{"type":"Point","coordinates":[-108.1654,39.491]},"properties":{"s":67.9,"pub":false}},{"type":"Feature","geometry":{"type":"Point","coordinates":[-108.1654,39.4968]},"properties":{"s":67.9,"pub":false}},{"type":"Feature","geometry":{"type":"Point","coordinates":[-108.1654,39.5026]},"properties":{"s":25.0,"pub":false}},{"type":"Feature","geometry":{"type":"Point","coordinates":[-108.1654,39.5142]},"properties":{"s":25.0,"pub":false}},{"type":"Feature","geometry":{"type":"Point","coordinates":[-108.1654,39.52]},"properties":{"s":67.9,"pub":false}},{"type":"Feature","geometry":{"type":"Point","coordinates":[-108.1654,39.5432]},"properties":{"s":64.3,"pub":false}},{"type":"Feature","geometry":{"type":"Point","coordinates":[-108.1654,39.549]},"properties":{"s":92.9,"pub":false}},{"type":"Feature","geometry":{"type":"Point","coordinates":[-108.1654,39.5548]},"properties":{"s":92.9,"pub":false}},{"type":"Feature","geometry":{"type":"Point","coordinates":[-108.1654,39.5606]},"properties":{"s":92.9,"pub":false}},{"type":"Feature","geometry":{"type":"Point","coordinates":[-108.1654,39.5664]},"properties":{"s":92.9,"pub":false}},{"type":"Feature","geometry":{"type":"Point","coordinates":[-108.1654,39.5722]},"properties":{"s":92.9,"pub":false}},{"type":"Feature","geometry":{"type":"Point","coordinates":[-108.1654,39.578]},"properties":{"s":25.0,"pub":false}},{"type":"Feature","geometry":{"type":"Point","coordinates":[-108.1654,39.5838]},"properties":{"s":67.9,"pub":false}},{"type":"Feature","geometry":{"type":"Point","coordinates":[-108.1654,39.5896]},"properties":{"s":96.4,"pub":false}},{"type":"Feature","geometry":{"type":"Point","coordinates":[-108.1654,39.5954]},"properties":{"s":25.0,"pub":false}},{"type":"Feature","geometry":{"type":"Point","coordinates":[-108.1654,39.6012]},"properties":{"s":25.0,"pub":false}},{"type":"Feature","geometry":{"type":"Point","coordinates":[-108.1654,39.607]},"properties":{"s":67.9,"pub":false}},{"type":"Feature","geometry":{"type":"Point","coordinates":[-108.1654,39.6128]},"properties":{"s":67.9,"pub":false}},{"type":"Feature","geometry":{"type":"Point","coordinates":[-108.1654,39.6186]},"properties":{"s":67.9,"pub":false}},{"type":"Feature","geometry":{"type":"Point","coordinates":[-108.1654,39.6244]},"properties":{"s":67.9,"pub":false}},{"type":"Feature","geometry":{"type":"Point","coordinates":[-108.1654,39.6302]},"properties":{"s":67.9,"pub":false}},{"type":"Feature","geometry":{"type":"Point","coordinates":[-108.1654,39.636]},"properties":{"s":25.0,"pub":false}},{"type":"Feature","geometry":{"type":"Point","coordinates":[-108.1654,39.6418]},"properties":{"s":67.9,"pub":false}},{"type":"Feature","geometry":{"type":"Point","coordinates":[-108.1654,39.6476]},"properties":{"s":67.9,"pub":false}},{"type":"Feature","geometry":{"type":"Point","coordinates":[-108.1654,39.6534]},"properties":{"s":67.9,"pub":false}},{"type":"Feature","geometry":{"type":"Point","coordinates":[-108.1579,39.433]},"properties":{"s":25.0,"pub":false}},{"type":"Feature","geometry":{"type":"Point","coordinates":[-108.1579,39.4388]},"properties":{"s":25.0,"pub":false}},{"type":"Feature","geometry":{"type":"Point","coordinates":[-108.1579,39.4446]},"properties":{"s":25.0,"pub":true}},{"type":"Feature","geometry":{"type":"Point","coordinates":[-108.1579,39.4504]},"properties":{"s":25.0,"pub":true}},{"type":"Feature","geometry":{"type":"Point","coordinates":[-108.1579,39.549]},"properties":{"s":64.3,"pub":false}},{"type":"Feature","geometry":{"type":"Point","coordinates":[-108.1579,39.5548]},"properties":{"s":92.9,"pub":false}},{"type":"Feature","geometry":{"type":"Point","coordinates":[-108.1579,39.5606]},"properties":{"s":92.9,"pub":false}},{"type":"Feature","geometry":{"type":"Point","coordinates":[-108.1579,39.5664]},"properties":{"s":92.9,"pub":true}},{"type":"Feature","geometry":{"type":"Point","coordinates":[-108.1579,39.5722]},"properties":{"s":92.9,"pub":false}},{"type":"Feature","geometry":{"type":"Point","coordinates":[-108.1579,39.578]},"properties":{"s":53.6,"pub":false}},{"type":"Feature","geometry":{"type":"Point","coordinates":[-108.1579,39.5838]},"properties":{"s":67.9,"pub":false}},{"type":"Feature","geometry":{"type":"Point","coordinates":[-108.1579,39.5896]},"properties":{"s":67.9,"pub":false}},{"type":"Feature","geometry":{"type":"Point","coordinates":[-108.1579,39.5954]},"properties":{"s":25.0,"pub":false}},{"type":"Feature","geometry":{"type":"Point","coordinates":[-108.1579,39.6012]},"properties":{"s":25.0,"pub":false}},{"type":"Feature","geometry":{"type":"Point","coordinates":[-108.1579,39.607]},"properties":{"s":67.9,"pub":false}},{"type":"Feature","geometry":{"type":"Point","coordinates":[-108.1579,39.6128]},"properties":{"s":67.9,"pub":false}},{"type":"Feature","geometry":{"type":"Point","coordinates":[-108.1579,39.6186]},"properties":{"s":67.9,"pub":false}},{"type":"Feature","geometry":{"type":"Point","coordinates":[-108.1579,39.636]},"properties":{"s":67.9,"pub":false}},{"type":"Feature","geometry":{"type":"Point","coordinates":[-108.1579,39.6418]},"properties":{"s":67.9,"pub":false}},{"type":"Feature","geometry":{"type":"Point","coordinates":[-108.1579,39.6476]},"properties":{"s":67.9,"pub":false}},{"type":"Feature","geometry":{"type":"Point","coordinates":[-108.1579,39.6534]},"properties":{"s":67.9,"pub":false}},{"type":"Feature","geometry":{"type":"Point","coordinates":[-108.1504,39.433]},"properties":{"s":25.0,"pub":false}},{"type":"Feature","geometry":{"type":"Point","coordinates":[-108.1504,39.4446]},"properties":{"s":25.0,"pub":true}},{"type":"Feature","geometry":{"type":"Point","coordinates":[-108.1504,39.4504]},"properties":{"s":25.0,"pub":true}},{"type":"Feature","geometry":{"type":"Point","coordinates":[-108.1504,39.4562]},"properties":{"s":25.0,"pub":false}},{"type":"Feature","geometry":{"type":"Point","coordinates":[-108.1504,39.549]},"properties":{"s":64.3,"pub":false}},{"type":"Feature","geometry":{"type":"Point","coordinates":[-108.1504,39.5548]},"properties":{"s":64.3,"pub":false}},{"type":"Feature","geometry":{"type":"Point","coordinates":[-108.1504,39.5606]},"properties":{"s":64.3,"pub":false}},{"type":"Feature","geometry":{"type":"Point","coordinates":[-108.1504,39.5664]},"properties":{"s":96.4,"pub":false}},{"type":"Feature","geometry":{"type":"Point","coordinates":[-108.1504,39.5722]},"properties":{"s":96.4,"pub":false}},{"type":"Feature","geometry":{"type":"Point","coordinates":[-108.1504,39.578]},"properties":{"s":96.4,"pub":false}},{"type":"Feature","geometry":{"type":"Point","coordinates":[-108.1504,39.5838]},"properties":{"s":53.6,"pub":false}},{"type":"Feature","geometry":{"type":"Point","coordinates":[-108.1504,39.5896]},"properties":{"s":67.9,"pub":false}},{"type":"Feature","geometry":{"type":"Point","coordinates":[-108.1504,39.5954]},"properties":{"s":67.9,"pub":false}},{"type":"Feature","geometry":{"type":"Point","coordinates":[-108.1504,39.636]},"properties":{"s":67.9,"pub":false}},{"type":"Feature","geometry":{"type":"Point","coordinates":[-108.1504,39.6418]},"properties":{"s":67.9,"pub":false}},{"type":"Feature","geometry":{"type":"Point","coordinates":[-108.1504,39.6476]},"properties":{"s":67.9,"pub":false}},{"type":"Feature","geometry":{"type":"Point","coordinates":[-108.1429,39.549]},"properties":{"s":21.4,"pub":false}},{"type":"Feature","geometry":{"type":"Point","coordinates":[-108.1429,39.5548]},"properties":{"s":64.3,"pub":false}},{"type":"Feature","geometry":{"type":"Point","coordinates":[-108.1429,39.5606]},"properties":{"s":64.3,"pub":false}},{"type":"Feature","geometry":{"type":"Point","coordinates":[-108.1429,39.5664]},"properties":{"s":67.9,"pub":false}},{"type":"Feature","geometry":{"type":"Point","coordinates":[-108.1429,39.5722]},"properties":{"s":67.9,"pub":false}},{"type":"Feature","geometry":{"type":"Point","coordinates":[-108.1429,39.578]},"properties":{"s":96.4,"pub":false}},{"type":"Feature","geometry":{"type":"Point","coordinates":[-108.1429,39.5838]},"properties":{"s":25.0,"pub":false}},{"type":"Feature","geometry":{"type":"Point","coordinates":[-108.1429,39.5896]},"properties":{"s":25.0,"pub":false}},{"type":"Feature","geometry":{"type":"Point","coordinates":[-108.1429,39.6302]},"properties":{"s":67.9,"pub":false}},{"type":"Feature","geometry":{"type":"Point","coordinates":[-108.1429,39.636]},"properties":{"s":67.9,"pub":false}},{"type":"Feature","geometry":{"type":"Point","coordinates":[-108.1429,39.6418]},"properties":{"s":67.9,"pub":false}},{"type":"Feature","geometry":{"type":"Point","coordinates":[-108.1429,39.6476]},"properties":{"s":67.9,"pub":false}},{"type":"Feature","geometry":{"type":"Point","coordinates":[-108.1429,39.6534]},"properties":{"s":67.9,"pub":false}},{"type":"Feature","geometry":{"type":"Point","coordinates":[-108.1429,39.6592]},"properties":{"s":67.9,"pub":false}},{"type":"Feature","geometry":{"type":"Point","coordinates":[-108.1354,39.433]},"properties":{"s":21.4,"pub":false}},{"type":"Feature","geometry":{"type":"Point","coordinates":[-108.1354,39.5142]},"properties":{"s":10.7,"pub":false}},{"type":"Feature","geometry":{"type":"Point","coordinates":[-108.1354,39.52]},"properties":{"s":10.7,"pub":false}},{"type":"Feature","geometry":{"type":"Point","coordinates":[-108.1354,39.5258]},"properties":{"s":10.7,"pub":false}},{"type":"Feature","geometry":{"type":"Point","coordinates":[-108.1354,39.5548]},"properties":{"s":21.4,"pub":false}},{"type":"Feature","geometry":{"type":"Point","coordinates":[-108.1354,39.5606]},"properties":{"s":21.4,"pub":false}},{"type":"Feature","geometry":{"type":"Point","coordinates":[-108.1354,39.5664]},"properties":{"s":67.9,"pub":false}},{"type":"Feature","geometry":{"type":"Point","coordinates":[-108.1354,39.5722]},"properties":{"s":67.9,"pub":false}},{"type":"Feature","geometry":{"type":"Point","coordinates":[-108.1354,39.578]},"properties":{"s":67.9,"pub":false}},{"type":"Feature","geometry":{"type":"Point","coordinates":[-108.1354,39.6244]},"properties":{"s":67.9,"pub":false}},{"type":"Feature","geometry":{"type":"Point","coordinates":[-108.1354,39.6302]},"properties":{"s":67.9,"pub":false}},{"type":"Feature","geometry":{"type":"Point","coordinates":[-108.1354,39.636]},"properties":{"s":67.9,"pub":false}},{"type":"Feature","geometry":{"type":"Point","coordinates":[-108.1354,39.6418]},"properties":{"s":67.9,"pub":false}},{"type":"Feature","geometry":{"type":"Point","coordinates":[-108.1354,39.6476]},"properties":{"s":67.9,"pub":false}},{"type":"Feature","geometry":{"type":"Point","coordinates":[-108.1354,39.6534]},"properties":{"s":67.9,"pub":false}},{"type":"Feature","geometry":{"type":"Point","coordinates":[-108.1354,39.6592]},"properties":{"s":67.9,"pub":false}},{"type":"Feature","geometry":{"type":"Point","coordinates":[-108.1354,39.665]},"properties":{"s":67.9,"pub":false}},{"type":"Feature","geometry":{"type":"Point","coordinates":[-108.1354,39.6708]},"properties":{"s":67.9,"pub":false}},{"type":"Feature","geometry":{"type":"Point","coordinates":[-108.1279,39.4272]},"properties":{"s":25.0,"pub":false}},{"type":"Feature","geometry":{"type":"Point","coordinates":[-108.1279,39.433]},"properties":{"s":21.4,"pub":false}},{"type":"Feature","geometry":{"type":"Point","coordinates":[-108.1279,39.4388]},"properties":{"s":21.4,"pub":false}},{"type":"Feature","geometry":{"type":"Point","coordinates":[-108.1279,39.4968]},"properties":{"s":10.7,"pub":false}},{"type":"Feature","geometry":{"type":"Point","coordinates":[-108.1279,39.5026]},"properties":{"s":10.7,"pub":false}},{"type":"Feature","geometry":{"type":"Point","coordinates":[-108.1279,39.5084]},"properties":{"s":10.7,"pub":false}},{"type":"Feature","geometry":{"type":"Point","coordinates":[-108.1279,39.5142]},"properties":{"s":10.7,"pub":false}},{"type":"Feature","geometry":{"type":"Point","coordinates":[-108.1279,39.5258]},"properties":{"s":10.7,"pub":false}},{"type":"Feature","geometry":{"type":"Point","coordinates":[-108.1279,39.5316]},"properties":{"s":10.7,"pub":false}},{"type":"Feature","geometry":{"type":"Point","coordinates":[-108.1279,39.5374]},"properties":{"s":10.7,"pub":false}},{"type":"Feature","geometry":{"type":"Point","coordinates":[-108.1279,39.5896]},"properties":{"s":14.3,"pub":false}},{"type":"Feature","geometry":{"type":"Point","coordinates":[-108.1279,39.6244]},"properties":{"s":67.9,"pub":false}},{"type":"Feature","geometry":{"type":"Point","coordinates":[-108.1279,39.6302]},"properties":{"s":67.9,"pub":false}},{"type":"Feature","geometry":{"type":"Point","coordinates":[-108.1279,39.636]},"properties":{"s":67.9,"pub":false}},{"type":"Feature","geometry":{"type":"Point","coordinates":[-108.1279,39.6418]},"properties":{"s":67.9,"pub":false}},{"type":"Feature","geometry":{"type":"Point","coordinates":[-108.1279,39.6476]},"properties":{"s":96.4,"pub":false}},{"type":"Feature","geometry":{"type":"Point","coordinates":[-108.1279,39.6534]},"properties":{"s":67.9,"pub":false}},{"type":"Feature","geometry":{"type":"Point","coordinates":[-108.1279,39.6592]},"properties":{"s":67.9,"pub":false}},{"type":"Feature","geometry":{"type":"Point","coordinates":[-108.1279,39.665]},"properties":{"s":67.9,"pub":false}},{"type":"Feature","geometry":{"type":"Point","coordinates":[-108.1279,39.6708]},"properties":{"s":67.9,"pub":false}},{"type":"Feature","geometry":{"type":"Point","coordinates":[-108.1204,39.491]},"properties":{"s":10.7,"pub":false}},{"type":"Feature","geometry":{"type":"Point","coordinates":[-108.1204,39.4968]},"properties":{"s":10.7,"pub":false}},{"type":"Feature","geometry":{"type":"Point","coordinates":[-108.1204,39.5432]},"properties":{"s":10.7,"pub":false}},{"type":"Feature","geometry":{"type":"Point","coordinates":[-108.1204,39.549]},"properties":{"s":10.7,"pub":false}},{"type":"Feature","geometry":{"type":"Point","coordinates":[-108.1204,39.6244]},"properties":{"s":25.0,"pub":false}},{"type":"Feature","geometry":{"type":"Point","coordinates":[-108.1204,39.6302]},"properties":{"s":96.4,"pub":false}},{"type":"Feature","geometry":{"type":"Point","coordinates":[-108.1204,39.636]},"properties":{"s":96.4,"pub":false}},{"type":"Feature","geometry":{"type":"Point","coordinates":[-108.1204,39.6418]},"properties":{"s":96.4,"pub":false}},{"type":"Feature","geometry":{"type":"Point","coordinates":[-108.1204,39.6476]},"properties":{"s":96.4,"pub":false}},{"type":"Feature","geometry":{"type":"Point","coordinates":[-108.1204,39.6534]},"properties":{"s":67.9,"pub":false}},{"type":"Feature","geometry":{"type":"Point","coordinates":[-108.1204,39.6592]},"properties":{"s":67.9,"pub":false}},{"type":"Feature","geometry":{"type":"Point","coordinates":[-108.1204,39.665]},"properties":{"s":67.9,"pub":false}},{"type":"Feature","geometry":{"type":"Point","coordinates":[-108.1204,39.6708]},"properties":{"s":67.9,"pub":false}},{"type":"Feature","geometry":{"type":"Point","coordinates":[-108.1129,39.4852]},"properties":{"s":10.7,"pub":false}},{"type":"Feature","geometry":{"type":"Point","coordinates":[-108.1129,39.5606]},"properties":{"s":14.3,"pub":false}},{"type":"Feature","geometry":{"type":"Point","coordinates":[-108.1129,39.5664]},"properties":{"s":14.3,"pub":false}},{"type":"Feature","geometry":{"type":"Point","coordinates":[-108.1129,39.5722]},"properties":{"s":14.3,"pub":false}},{"type":"Feature","geometry":{"type":"Point","coordinates":[-108.1129,39.5838]},"properties":{"s":14.3,"pub":false}},{"type":"Feature","geometry":{"type":"Point","coordinates":[-108.1129,39.6186]},"properties":{"s":25.0,"pub":false}},{"type":"Feature","geometry":{"type":"Point","coordinates":[-108.1129,39.6244]},"properties":{"s":25.0,"pub":false}},{"type":"Feature","geometry":{"type":"Point","coordinates":[-108.1129,39.6302]},"properties":{"s":100.0,"pub":false}},{"type":"Feature","geometry":{"type":"Point","coordinates":[-108.1129,39.636]},"properties":{"s":100.0,"pub":false}},{"type":"Feature","geometry":{"type":"Point","coordinates":[-108.1129,39.6418]},"properties":{"s":96.4,"pub":false}},{"type":"Feature","geometry":{"type":"Point","coordinates":[-108.1129,39.6476]},"properties":{"s":96.4,"pub":false}},{"type":"Feature","geometry":{"type":"Point","coordinates":[-108.1129,39.6534]},"properties":{"s":96.4,"pub":false}},{"type":"Feature","geometry":{"type":"Point","coordinates":[-108.1129,39.6592]},"properties":{"s":67.9,"pub":false}},{"type":"Feature","geometry":{"type":"Point","coordinates":[-108.1129,39.665]},"properties":{"s":67.9,"pub":false}},{"type":"Feature","geometry":{"type":"Point","coordinates":[-108.1054,39.4794]},"properties":{"s":10.7,"pub":false}},{"type":"Feature","geometry":{"type":"Point","coordinates":[-108.1054,39.4852]},"properties":{"s":10.7,"pub":false}},{"type":"Feature","geometry":{"type":"Point","coordinates":[-108.1054,39.578]},"properties":{"s":14.3,"pub":false}},{"type":"Feature","geometry":{"type":"Point","coordinates":[-108.1054,39.5838]},"properties":{"s":14.3,"pub":false}},{"type":"Feature","geometry":{"type":"Point","coordinates":[-108.1054,39.6186]},"properties":{"s":28.6,"pub":false}},{"type":"Feature","geometry":{"type":"Point","coordinates":[-108.1054,39.6244]},"properties":{"s":28.6,"pub":false}},{"type":"Feature","geometry":{"type":"Point","coordinates":[-108.1054,39.6302]},"properties":{"s":100.0,"pub":false}},{"type":"Feature","geometry":{"type":"Point","coordinates":[-108.1054,39.636]},"properties":{"s":100.0,"pub":false}},{"type":"Feature","geometry":{"type":"Point","coordinates":[-108.1054,39.6418]},"properties":{"s":96.4,"pub":false}},{"type":"Feature","geometry":{"type":"Point","coordinates":[-108.1054,39.6476]},"properties":{"s":96.4,"pub":false}},{"type":"Feature","geometry":{"type":"Point","coordinates":[-108.1054,39.6534]},"properties":{"s":96.4,"pub":false}},{"type":"Feature","geometry":{"type":"Point","coordinates":[-108.1054,39.6592]},"properties":{"s":96.4,"pub":false}},{"type":"Feature","geometry":{"type":"Point","coordinates":[-108.0979,39.4794]},"properties":{"s":10.7,"pub":false}},{"type":"Feature","geometry":{"type":"Point","coordinates":[-108.0979,39.52]},"properties":{"s":25.0,"pub":false}},{"type":"Feature","geometry":{"type":"Point","coordinates":[-108.0979,39.5258]},"properties":{"s":25.0,"pub":false}},{"type":"Feature","geometry":{"type":"Point","coordinates":[-108.0979,39.5316]},"properties":{"s":25.0,"pub":false}},{"type":"Feature","geometry":{"type":"Point","coordinates":[-108.0979,39.5374]},"properties":{"s":25.0,"pub":false}},{"type":"Feature","geometry":{"type":"Point","coordinates":[-108.0979,39.578]},"properties":{"s":10.7,"pub":false}},{"type":"Feature","geometry":{"type":"Point","coordinates":[-108.0979,39.6244]},"properties":{"s":25.0,"pub":false}},{"type":"Feature","geometry":{"type":"Point","coordinates":[-108.0979,39.6302]},"properties":{"s":96.4,"pub":false}},{"type":"Feature","geometry":{"type":"Point","coordinates":[-108.0979,39.636]},"properties":{"s":96.4,"pub":false}},{"type":"Feature","geometry":{"type":"Point","coordinates":[-108.0979,39.6418]},"properties":{"s":96.4,"pub":false}},{"type":"Feature","geometry":{"type":"Point","coordinates":[-108.0979,39.6476]},"properties":{"s":96.4,"pub":false}},{"type":"Feature","geometry":{"type":"Point","coordinates":[-108.0979,39.6534]},"properties":{"s":96.4,"pub":false}},{"type":"Feature","geometry":{"type":"Point","coordinates":[-108.0979,39.6592]},"properties":{"s":96.4,"pub":false}},{"type":"Feature","geometry":{"type":"Point","coordinates":[-108.0979,39.665]},"properties":{"s":96.4,"pub":false}},{"type":"Feature","geometry":{"type":"Point","coordinates":[-108.0979,39.6708]},"properties":{"s":96.4,"pub":false}},{"type":"Feature","geometry":{"type":"Point","coordinates":[-108.0904,39.4736]},"properties":{"s":10.7,"pub":false}},{"type":"Feature","geometry":{"type":"Point","coordinates":[-108.0904,39.52]},"properties":{"s":25.0,"pub":false}},{"type":"Feature","geometry":{"type":"Point","coordinates":[-108.0904,39.5258]},"properties":{"s":25.0,"pub":false}},{"type":"Feature","geometry":{"type":"Point","coordinates":[-108.0904,39.5316]},"properties":{"s":25.0,"pub":false}},{"type":"Feature","geometry":{"type":"Point","coordinates":[-108.0904,39.5374]},"properties":{"s":25.0,"pub":false}},{"type":"Feature","geometry":{"type":"Point","coordinates":[-108.0904,39.5432]},"properties":{"s":25.0,"pub":false}},{"type":"Feature","geometry":{"type":"Point","coordinates":[-108.0904,39.549]},"properties":{"s":25.0,"pub":false}},{"type":"Feature","geometry":{"type":"Point","coordinates":[-108.0904,39.5548]},"properties":{"s":25.0,"pub":false}},{"type":"Feature","geometry":{"type":"Point","coordinates":[-108.0904,39.5606]},"properties":{"s":25.0,"pub":false}},{"type":"Feature","geometry":{"type":"Point","coordinates":[-108.0904,39.5664]},"properties":{"s":25.0,"pub":false}},{"type":"Feature","geometry":{"type":"Point","coordinates":[-108.0904,39.5722]},"properties":{"s":25.0,"pub":false}},{"type":"Feature","geometry":{"type":"Point","coordinates":[-108.0904,39.5954]},"properties":{"s":67.9,"pub":false}},{"type":"Feature","geometry":{"type":"Point","coordinates":[-108.0904,39.6012]},"properties":{"s":67.9,"pub":false}},{"type":"Feature","geometry":{"type":"Point","coordinates":[-108.0904,39.6244]},"properties":{"s":25.0,"pub":false}},{"type":"Feature","geometry":{"type":"Point","coordinates":[-108.0904,39.6302]},"properties":{"s":96.4,"pub":false}},{"type":"Feature","geometry":{"type":"Point","coordinates":[-108.0904,39.636]},"properties":{"s":96.4,"pub":false}},{"type":"Feature","geometry":{"type":"Point","coordinates":[-108.0904,39.6418]},"properties":{"s":96.4,"pub":false}},{"type":"Feature","geometry":{"type":"Point","coordinates":[-108.0904,39.6476]},"properties":{"s":96.4,"pub":false}},{"type":"Feature","geometry":{"type":"Point","coordinates":[-108.0904,39.6534]},"properties":{"s":96.4,"pub":false}},{"type":"Feature","geometry":{"type":"Point","coordinates":[-108.0904,39.6592]},"properties":{"s":96.4,"pub":false}},{"type":"Feature","geometry":{"type":"Point","coordinates":[-108.0904,39.665]},"properties":{"s":96.4,"pub":false}},{"type":"Feature","geometry":{"type":"Point","coordinates":[-108.0904,39.6708]},"properties":{"s":96.4,"pub":false}},{"type":"Feature","geometry":{"type":"Point","coordinates":[-108.0829,39.4678]},"properties":{"s":10.7,"pub":false}},{"type":"Feature","geometry":{"type":"Point","coordinates":[-108.0829,39.4736]},"properties":{"s":10.7,"pub":false}},{"type":"Feature","geometry":{"type":"Point","coordinates":[-108.0829,39.5258]},"properties":{"s":25.0,"pub":false}},{"type":"Feature","geometry":{"type":"Point","coordinates":[-108.0829,39.5316]},"properties":{"s":25.0,"pub":false}},{"type":"Feature","geometry":{"type":"Point","coordinates":[-108.0829,39.5374]},"properties":{"s":25.0,"pub":false}},{"type":"Feature","geometry":{"type":"Point","coordinates":[-108.0829,39.5432]},"properties":{"s":25.0,"pub":false}},{"type":"Feature","geometry":{"type":"Point","coordinates":[-108.0829,39.549]},"properties":{"s":25.0,"pub":false}},{"type":"Feature","geometry":{"type":"Point","coordinates":[-108.0829,39.5548]},"properties":{"s":25.0,"pub":false}},{"type":"Feature","geometry":{"type":"Point","coordinates":[-108.0829,39.5606]},"properties":{"s":25.0,"pub":false}},{"type":"Feature","geometry":{"type":"Point","coordinates":[-108.0829,39.5664]},"properties":{"s":25.0,"pub":false}},{"type":"Feature","geometry":{"type":"Point","coordinates":[-108.0829,39.5722]},"properties":{"s":25.0,"pub":false}},{"type":"Feature","geometry":{"type":"Point","coordinates":[-108.0829,39.5954]},"properties":{"s":67.9,"pub":false}},{"type":"Feature","geometry":{"type":"Point","coordinates":[-108.0829,39.6012]},"properties":{"s":67.9,"pub":false}},{"type":"Feature","geometry":{"type":"Point","coordinates":[-108.0829,39.6244]},"properties":{"s":25.0,"pub":false}},{"type":"Feature","geometry":{"type":"Point","coordinates":[-108.0829,39.6302]},"properties":{"s":25.0,"pub":false}},{"type":"Feature","geometry":{"type":"Point","coordinates":[-108.0829,39.636]},"properties":{"s":96.4,"pub":false}},{"type":"Feature","geometry":{"type":"Point","coordinates":[-108.0829,39.6418]},"properties":{"s":96.4,"pub":false}},{"type":"Feature","geometry":{"type":"Point","coordinates":[-108.0829,39.6476]},"properties":{"s":96.4,"pub":false}},{"type":"Feature","geometry":{"type":"Point","coordinates":[-108.0829,39.6534]},"properties":{"s":96.4,"pub":false}},{"type":"Feature","geometry":{"type":"Point","coordinates":[-108.0829,39.6592]},"properties":{"s":96.4,"pub":false}},{"type":"Feature","geometry":{"type":"Point","coordinates":[-108.0829,39.665]},"properties":{"s":96.4,"pub":false}},{"type":"Feature","geometry":{"type":"Point","coordinates":[-108.0829,39.6708]},"properties":{"s":96.4,"pub":false}},{"type":"Feature","geometry":{"type":"Point","coordinates":[-108.0754,39.4156]},"properties":{"s":75.0,"pub":false}},{"type":"Feature","geometry":{"type":"Point","coordinates":[-108.0754,39.462]},"properties":{"s":10.7,"pub":false}},{"type":"Feature","geometry":{"type":"Point","coordinates":[-108.0754,39.4678]},"properties":{"s":10.7,"pub":false}},{"type":"Feature","geometry":{"type":"Point","coordinates":[-108.0754,39.5258]},"properties":{"s":25.0,"pub":false}},{"type":"Feature","geometry":{"type":"Point","coordinates":[-108.0754,39.5316]},"properties":{"s":25.0,"pub":false}},{"type":"Feature","geometry":{"type":"Point","coordinates":[-108.0754,39.5374]},"properties":{"s":96.4,"pub":false}},{"type":"Feature","geometry":{"type":"Point","coordinates":[-108.0754,39.5432]},"properties":{"s":96.4,"pub":false}},{"type":"Feature","geometry":{"type":"Point","coordinates":[-108.0754,39.549]},"properties":{"s":25.0,"pub":false}},{"type":"Feature","geometry":{"type":"Point","coordinates":[-108.0754,39.5548]},"properties":{"s":96.4,"pub":false}},{"type":"Feature","geometry":{"type":"Point","coordinates":[-108.0754,39.5606]},"properties":{"s":25.0,"pub":false}},{"type":"Feature","geometry":{"type":"Point","coordinates":[-108.0754,39.5664]},"properties":{"s":25.0,"pub":false}},{"type":"Feature","geometry":{"type":"Point","coordinates":[-108.0754,39.5722]},"properties":{"s":25.0,"pub":false}},{"type":"Feature","geometry":{"type":"Point","coordinates":[-108.0754,39.578]},"properties":{"s":25.0,"pub":false}},{"type":"Feature","geometry":{"type":"Point","coordinates":[-108.0754,39.6012]},"properties":{"s":67.9,"pub":false}},{"type":"Feature","geometry":{"type":"Point","coordinates":[-108.0754,39.607]},"properties":{"s":67.9,"pub":false}},{"type":"Feature","geometry":{"type":"Point","coordinates":[-108.0754,39.6186]},"properties":{"s":25.0,"pub":false}},{"type":"Feature","geometry":{"type":"Point","coordinates":[-108.0754,39.6244]},"properties":{"s":25.0,"pub":false}},{"type":"Feature","geometry":{"type":"Point","coordinates":[-108.0754,39.6302]},"properties":{"s":25.0,"pub":false}},{"type":"Feature","geometry":{"type":"Point","coordinates":[-108.0754,39.636]},"properties":{"s":96.4,"pub":false}},{"type":"Feature","geometry":{"type":"Point","coordinates":[-108.0754,39.6418]},"properties":{"s":96.4,"pub":false}},{"type":"Feature","geometry":{"type":"Point","coordinates":[-108.0754,39.6476]},"properties":{"s":96.4,"pub":false}},{"type":"Feature","geometry":{"type":"Point","coordinates":[-108.0754,39.6534]},"properties":{"s":96.4,"pub":false}},{"type":"Feature","geometry":{"type":"Point","coordinates":[-108.0754,39.6592]},"properties":{"s":96.4,"pub":false}},{"type":"Feature","geometry":{"type":"Point","coordinates":[-108.0754,39.665]},"properties":{"s":96.4,"pub":false}},{"type":"Feature","geometry":{"type":"Point","coordinates":[-108.0754,39.6708]},"properties":{"s":96.4,"pub":false}},{"type":"Feature","geometry":{"type":"Point","coordinates":[-108.0754,39.6766]},"properties":{"s":96.4,"pub":false}},{"type":"Feature","geometry":{"type":"Point","coordinates":[-108.0679,39.462]},"properties":{"s":10.7,"pub":false}},{"type":"Feature","geometry":{"type":"Point","coordinates":[-108.0679,39.4678]},"properties":{"s":10.7,"pub":false}},{"type":"Feature","geometry":{"type":"Point","coordinates":[-108.0679,39.4736]},"properties":{"s":10.7,"pub":false}},{"type":"Feature","geometry":{"type":"Point","coordinates":[-108.0679,39.5258]},"properties":{"s":25.0,"pub":false}},{"type":"Feature","geometry":{"type":"Point","coordinates":[-108.0679,39.5316]},"properties":{"s":25.0,"pub":false}},{"type":"Feature","geometry":{"type":"Point","coordinates":[-108.0679,39.5374]},"properties":{"s":96.4,"pub":false}},{"type":"Feature","geometry":{"type":"Point","coordinates":[-108.0679,39.5432]},"properties":{"s":96.4,"pub":false}},{"type":"Feature","geometry":{"type":"Point","coordinates":[-108.0679,39.549]},"properties":{"s":96.4,"pub":false}},{"type":"Feature","geometry":{"type":"Point","coordinates":[-108.0679,39.5548]},"properties":{"s":96.4,"pub":false}},{"type":"Feature","geometry":{"type":"Point","coordinates":[-108.0679,39.5606]},"properties":{"s":96.4,"pub":false}},{"type":"Feature","geometry":{"type":"Point","coordinates":[-108.0679,39.5664]},"properties":{"s":96.4,"pub":false}},{"type":"Feature","geometry":{"type":"Point","coordinates":[-108.0679,39.5722]},"properties":{"s":25.0,"pub":false}},{"type":"Feature","geometry":{"type":"Point","coordinates":[-108.0679,39.578]},"properties":{"s":25.0,"pub":false}},{"type":"Feature","geometry":{"type":"Point","coordinates":[-108.0679,39.6012]},"properties":{"s":67.9,"pub":false}},{"type":"Feature","geometry":{"type":"Point","coordinates":[-108.0679,39.607]},"properties":{"s":67.9,"pub":false}},{"type":"Feature","geometry":{"type":"Point","coordinates":[-108.0679,39.6186]},"properties":{"s":25.0,"pub":false}},{"type":"Feature","geometry":{"type":"Point","coordinates":[-108.0679,39.6244]},"properties":{"s":25.0,"pub":false}},{"type":"Feature","geometry":{"type":"Point","coordinates":[-108.0679,39.6302]},"properties":{"s":96.4,"pub":false}},{"type":"Feature","geometry":{"type":"Point","coordinates":[-108.0679,39.636]},"properties":{"s":96.4,"pub":true}},{"type":"Feature","geometry":{"type":"Point","coordinates":[-108.0679,39.6418]},"properties":{"s":96.4,"pub":true}},{"type":"Feature","geometry":{"type":"Point","coordinates":[-108.0679,39.6476]},"properties":{"s":96.4,"pub":false}},{"type":"Feature","geometry":{"type":"Point","coordinates":[-108.0679,39.6534]},"properties":{"s":96.4,"pub":false}},{"type":"Feature","geometry":{"type":"Point","coordinates":[-108.0679,39.6592]},"properties":{"s":96.4,"pub":false}},{"type":"Feature","geometry":{"type":"Point","coordinates":[-108.0679,39.665]},"properties":{"s":96.4,"pub":false}},{"type":"Feature","geometry":{"type":"Point","coordinates":[-108.0604,39.4272]},"properties":{"s":75.0,"pub":false}},{"type":"Feature","geometry":{"type":"Point","coordinates":[-108.0604,39.462]},"properties":{"s":10.7,"pub":false}},{"type":"Feature","geometry":{"type":"Point","coordinates":[-108.0604,39.4678]},"properties":{"s":10.7,"pub":false}},{"type":"Feature","geometry":{"type":"Point","coordinates":[-108.0604,39.4736]},"properties":{"s":10.7,"pub":false}},{"type":"Feature","geometry":{"type":"Point","coordinates":[-108.0604,39.5142]},"properties":{"s":25.0,"pub":false}},{"type":"Feature","geometry":{"type":"Point","coordinates":[-108.0604,39.52]},"properties":{"s":25.0,"pub":false}},{"type":"Feature","geometry":{"type":"Point","coordinates":[-108.0604,39.5258]},"properties":{"s":25.0,"pub":false}},{"type":"Feature","geometry":{"type":"Point","coordinates":[-108.0604,39.5316]},"properties":{"s":96.4,"pub":false}},{"type":"Feature","geometry":{"type":"Point","coordinates":[-108.0604,39.5374]},"properties":{"s":96.4,"pub":false}},{"type":"Feature","geometry":{"type":"Point","coordinates":[-108.0604,39.5432]},"properties":{"s":96.4,"pub":false}},{"type":"Feature","geometry":{"type":"Point","coordinates":[-108.0604,39.549]},"properties":{"s":96.4,"pub":false}},{"type":"Feature","geometry":{"type":"Point","coordinates":[-108.0604,39.5548]},"properties":{"s":96.4,"pub":false}},{"type":"Feature","geometry":{"type":"Point","coordinates":[-108.0604,39.5606]},"properties":{"s":96.4,"pub":false}},{"type":"Feature","geometry":{"type":"Point","coordinates":[-108.0604,39.5664]},"properties":{"s":96.4,"pub":false}},{"type":"Feature","geometry":{"type":"Point","coordinates":[-108.0604,39.5722]},"properties":{"s":25.0,"pub":false}},{"type":"Feature","geometry":{"type":"Point","coordinates":[-108.0604,39.578]},"properties":{"s":25.0,"pub":false}},{"type":"Feature","geometry":{"type":"Point","coordinates":[-108.0604,39.6012]},"properties":{"s":67.9,"pub":false}},{"type":"Feature","geometry":{"type":"Point","coordinates":[-108.0604,39.607]},"properties":{"s":67.9,"pub":false}},{"type":"Feature","geometry":{"type":"Point","coordinates":[-108.0604,39.6128]},"properties":{"s":67.9,"pub":false}},{"type":"Feature","geometry":{"type":"Point","coordinates":[-108.0604,39.6186]},"properties":{"s":25.0,"pub":false}},{"type":"Feature","geometry":{"type":"Point","coordinates":[-108.0604,39.6244]},"properties":{"s":25.0,"pub":false}},{"type":"Feature","geometry":{"type":"Point","coordinates":[-108.0604,39.6302]},"properties":{"s":96.4,"pub":false}},{"type":"Feature","geometry":{"type":"Point","coordinates":[-108.0604,39.636]},"properties":{"s":96.4,"pub":true}},{"type":"Feature","geometry":{"type":"Point","coordinates":[-108.0604,39.6418]},"properties":{"s":96.4,"pub":true}},{"type":"Feature","geometry":{"type":"Point","coordinates":[-108.0604,39.6476]},"properties":{"s":96.4,"pub":false}},{"type":"Feature","geometry":{"type":"Point","coordinates":[-108.0604,39.6534]},"properties":{"s":96.4,"pub":false}},{"type":"Feature","geometry":{"type":"Point","coordinates":[-108.0604,39.6592]},"properties":{"s":96.4,"pub":false}},{"type":"Feature","geometry":{"type":"Point","coordinates":[-108.0604,39.665]},"properties":{"s":96.4,"pub":false}},{"type":"Feature","geometry":{"type":"Point","coordinates":[-108.0529,39.4736]},"properties":{"s":10.7,"pub":true}},{"type":"Feature","geometry":{"type":"Point","coordinates":[-108.0529,39.52]},"properties":{"s":25.0,"pub":false}},{"type":"Feature","geometry":{"type":"Point","coordinates":[-108.0529,39.5258]},"properties":{"s":25.0,"pub":false}},{"type":"Feature","geometry":{"type":"Point","coordinates":[-108.0529,39.5316]},"properties":{"s":25.0,"pub":false}},{"type":"Feature","geometry":{"type":"Point","coordinates":[-108.0529,39.5374]},"properties":{"s":96.4,"pub":false}},{"type":"Feature","geometry":{"type":"Point","coordinates":[-108.0529,39.5432]},"properties":{"s":96.4,"pub":false}},{"type":"Feature","geometry":{"type":"Point","coordinates":[-108.0529,39.549]},"properties":{"s":96.4,"pub":false}},{"type":"Feature","geometry":{"type":"Point","coordinates":[-108.0529,39.5548]},"properties":{"s":96.4,"pub":false}},{"type":"Feature","geometry":{"type":"Point","coordinates":[-108.0529,39.5606]},"properties":{"s":96.4,"pub":false}},{"type":"Feature","geometry":{"type":"Point","coordinates":[-108.0529,39.5664]},"properties":{"s":96.4,"pub":false}},{"type":"Feature","geometry":{"type":"Point","coordinates":[-108.0529,39.5722]},"properties":{"s":25.0,"pub":false}},{"type":"Feature","geometry":{"type":"Point","coordinates":[-108.0529,39.578]},"properties":{"s":25.0,"pub":false}},{"type":"Feature","geometry":{"type":"Point","coordinates":[-108.0529,39.6012]},"properties":{"s":25.0,"pub":false}},{"type":"Feature","geometry":{"type":"Point","coordinates":[-108.0529,39.607]},"properties":{"s":67.9,"pub":false}},{"type":"Feature","geometry":{"type":"Point","coordinates":[-108.0529,39.6128]},"properties":{"s":67.9,"pub":false}},{"type":"Feature","geometry":{"type":"Point","coordinates":[-108.0529,39.6186]},"properties":{"s":25.0,"pub":false}},{"type":"Feature","geometry":{"type":"Point","coordinates":[-108.0529,39.6244]},"properties":{"s":96.4,"pub":false}},{"type":"Feature","geometry":{"type":"Point","coordinates":[-108.0529,39.6302]},"properties":{"s":96.4,"pub":false}},{"type":"Feature","geometry":{"type":"Point","coordinates":[-108.0529,39.636]},"properties":{"s":96.4,"pub":true}},{"type":"Feature","geometry":{"type":"Point","coordinates":[-108.0529,39.6418]},"properties":{"s":96.4,"pub":true}},{"type":"Feature","geometry":{"type":"Point","coordinates":[-108.0529,39.6476]},"properties":{"s":96.4,"pub":false}},{"type":"Feature","geometry":{"type":"Point","coordinates":[-108.0529,39.6534]},"properties":{"s":96.4,"pub":false}},{"type":"Feature","geometry":{"type":"Point","coordinates":[-108.0454,39.52]},"properties":{"s":25.0,"pub":false}},{"type":"Feature","geometry":{"type":"Point","coordinates":[-108.0454,39.5258]},"properties":{"s":25.0,"pub":false}},{"type":"Feature","geometry":{"type":"Point","coordinates":[-108.0454,39.5316]},"properties":{"s":25.0,"pub":false}},{"type":"Feature","geometry":{"type":"Point","coordinates":[-108.0454,39.5374]},"properties":{"s":96.4,"pub":false}},{"type":"Feature","geometry":{"type":"Point","coordinates":[-108.0454,39.5432]},"properties":{"s":96.4,"pub":true}},{"type":"Feature","geometry":{"type":"Point","coordinates":[-108.0454,39.549]},"properties":{"s":96.4,"pub":true}},{"type":"Feature","geometry":{"type":"Point","coordinates":[-108.0454,39.5548]},"properties":{"s":96.4,"pub":true}},{"type":"Feature","geometry":{"type":"Point","coordinates":[-108.0454,39.5606]},"properties":{"s":96.4,"pub":true}},{"type":"Feature","geometry":{"type":"Point","coordinates":[-108.0454,39.5664]},"properties":{"s":96.4,"pub":false}},{"type":"Feature","geometry":{"type":"Point","coordinates":[-108.0454,39.5722]},"properties":{"s":96.4,"pub":false}},{"type":"Feature","geometry":{"type":"Point","coordinates":[-108.0454,39.578]},"properties":{"s":25.0,"pub":false}},{"type":"Feature","geometry":{"type":"Point","coordinates":[-108.0454,39.607]},"properties":{"s":67.9,"pub":false}},{"type":"Feature","geometry":{"type":"Point","coordinates":[-108.0454,39.6128]},"properties":{"s":67.9,"pub":false}},{"type":"Feature","geometry":{"type":"Point","coordinates":[-108.0454,39.6186]},"properties":{"s":96.4,"pub":false}},{"type":"Feature","geometry":{"type":"Point","coordinates":[-108.0454,39.6244]},"properties":{"s":96.4,"pub":false}},{"type":"Feature","geometry":{"type":"Point","coordinates":[-108.0454,39.6302]},"properties":{"s":96.4,"pub":false}},{"type":"Feature","geometry":{"type":"Point","coordinates":[-108.0454,39.636]},"properties":{"s":96.4,"pub":false}},{"type":"Feature","geometry":{"type":"Point","coordinates":[-108.0454,39.6418]},"properties":{"s":96.4,"pub":false}},{"type":"Feature","geometry":{"type":"Point","coordinates":[-108.0454,39.6476]},"properties":{"s":96.4,"pub":false}},{"type":"Feature","geometry":{"type":"Point","coordinates":[-108.0454,39.6534]},"properties":{"s":96.4,"pub":false}},{"type":"Feature","geometry":{"type":"Point","coordinates":[-108.0379,39.5142]},"properties":{"s":25.0,"pub":false}},{"type":"Feature","geometry":{"type":"Point","coordinates":[-108.0379,39.52]},"properties":{"s":25.0,"pub":false}},{"type":"Feature","geometry":{"type":"Point","coordinates":[-108.0379,39.5258]},"properties":{"s":25.0,"pub":false}},{"type":"Feature","geometry":{"type":"Point","coordinates":[-108.0379,39.5316]},"properties":{"s":25.0,"pub":false}},{"type":"Feature","geometry":{"type":"Point","coordinates":[-108.0379,39.5374]},"properties":{"s":96.4,"pub":false}},{"type":"Feature","geometry":{"type":"Point","coordinates":[-108.0379,39.5432]},"properties":{"s":96.4,"pub":true}},{"type":"Feature","geometry":{"type":"Point","coordinates":[-108.0379,39.549]},"properties":{"s":96.4,"pub":true}},{"type":"Feature","geometry":{"type":"Point","coordinates":[-108.0379,39.5548]},"properties":{"s":96.4,"pub":true}},{"type":"Feature","geometry":{"type":"Point","coordinates":[-108.0379,39.5606]},"properties":{"s":96.4,"pub":true}},{"type":"Feature","geometry":{"type":"Point","coordinates":[-108.0379,39.5664]},"properties":{"s":96.4,"pub":false}},{"type":"Feature","geometry":{"type":"Point","coordinates":[-108.0379,39.5722]},"properties":{"s":25.0,"pub":false}},{"type":"Feature","geometry":{"type":"Point","coordinates":[-108.0379,39.607]},"properties":{"s":67.9,"pub":false}},{"type":"Feature","geometry":{"type":"Point","coordinates":[-108.0379,39.6128]},"properties":{"s":67.9,"pub":false}},{"type":"Feature","geometry":{"type":"Point","coordinates":[-108.0379,39.6186]},"properties":{"s":96.4,"pub":false}},{"type":"Feature","geometry":{"type":"Point","coordinates":[-108.0379,39.6244]},"properties":{"s":96.4,"pub":false}},{"type":"Feature","geometry":{"type":"Point","coordinates":[-108.0379,39.6302]},"properties":{"s":96.4,"pub":false}},{"type":"Feature","geometry":{"type":"Point","coordinates":[-108.0379,39.636]},"properties":{"s":96.4,"pub":false}},{"type":"Feature","geometry":{"type":"Point","coordinates":[-108.0379,39.6418]},"properties":{"s":96.4,"pub":false}},{"type":"Feature","geometry":{"type":"Point","coordinates":[-108.0379,39.6476]},"properties":{"s":96.4,"pub":true}},{"type":"Feature","geometry":{"type":"Point","coordinates":[-108.0379,39.6534]},"properties":{"s":96.4,"pub":false}},{"type":"Feature","geometry":{"type":"Point","coordinates":[-108.0379,39.6592]},"properties":{"s":96.4,"pub":false}},{"type":"Feature","geometry":{"type":"Point","coordinates":[-108.0304,39.5142]},"properties":{"s":25.0,"pub":false}},{"type":"Feature","geometry":{"type":"Point","coordinates":[-108.0304,39.52]},"properties":{"s":25.0,"pub":false}},{"type":"Feature","geometry":{"type":"Point","coordinates":[-108.0304,39.5258]},"properties":{"s":25.0,"pub":false}},{"type":"Feature","geometry":{"type":"Point","coordinates":[-108.0304,39.5316]},"properties":{"s":25.0,"pub":false}},{"type":"Feature","geometry":{"type":"Point","coordinates":[-108.0304,39.5374]},"properties":{"s":96.4,"pub":false}},{"type":"Feature","geometry":{"type":"Point","coordinates":[-108.0304,39.5432]},"properties":{"s":96.4,"pub":false}},{"type":"Feature","geometry":{"type":"Point","coordinates":[-108.0304,39.549]},"properties":{"s":96.4,"pub":true}},{"type":"Feature","geometry":{"type":"Point","coordinates":[-108.0304,39.5548]},"properties":{"s":96.4,"pub":true}},{"type":"Feature","geometry":{"type":"Point","coordinates":[-108.0304,39.5606]},"properties":{"s":96.4,"pub":true}},{"type":"Feature","geometry":{"type":"Point","coordinates":[-108.0304,39.5664]},"properties":{"s":25.0,"pub":true}},{"type":"Feature","geometry":{"type":"Point","coordinates":[-108.0304,39.6012]},"properties":{"s":67.9,"pub":true}},{"type":"Feature","geometry":{"type":"Point","coordinates":[-108.0304,39.607]},"properties":{"s":67.9,"pub":true}},{"type":"Feature","geometry":{"type":"Point","coordinates":[-108.0304,39.6128]},"properties":{"s":96.4,"pub":true}},{"type":"Feature","geometry":{"type":"Point","coordinates":[-108.0304,39.6186]},"properties":{"s":96.4,"pub":true}},{"type":"Feature","geometry":{"type":"Point","coordinates":[-108.0304,39.6244]},"properties":{"s":96.4,"pub":true}},{"type":"Feature","geometry":{"type":"Point","coordinates":[-108.0304,39.6302]},"properties":{"s":96.4,"pub":true}},{"type":"Feature","geometry":{"type":"Point","coordinates":[-108.0304,39.636]},"properties":{"s":96.4,"pub":true}},{"type":"Feature","geometry":{"type":"Point","coordinates":[-108.0304,39.6418]},"properties":{"s":96.4,"pub":true}},{"type":"Feature","geometry":{"type":"Point","coordinates":[-108.0304,39.6476]},"properties":{"s":96.4,"pub":true}},{"type":"Feature","geometry":{"type":"Point","coordinates":[-108.0304,39.6534]},"properties":{"s":96.4,"pub":true}},{"type":"Feature","geometry":{"type":"Point","coordinates":[-108.0304,39.6592]},"properties":{"s":96.4,"pub":false}},{"type":"Feature","geometry":{"type":"Point","coordinates":[-108.0229,39.4678]},"properties":{"s":71.4,"pub":false}},{"type":"Feature","geometry":{"type":"Point","coordinates":[-108.0229,39.4736]},"properties":{"s":10.7,"pub":false}},{"type":"Feature","geometry":{"type":"Point","coordinates":[-108.0229,39.4794]},"properties":{"s":10.7,"pub":false}},{"type":"Feature","geometry":{"type":"Point","coordinates":[-108.0229,39.5258]},"properties":{"s":25.0,"pub":false}},{"type":"Feature","geometry":{"type":"Point","coordinates":[-108.0229,39.5316]},"properties":{"s":25.0,"pub":false}},{"type":"Feature","geometry":{"type":"Point","coordinates":[-108.0229,39.5374]},"properties":{"s":25.0,"pub":false}},{"type":"Feature","geometry":{"type":"Point","coordinates":[-108.0229,39.5432]},"properties":{"s":96.4,"pub":false}},{"type":"Feature","geometry":{"type":"Point","coordinates":[-108.0229,39.549]},"properties":{"s":96.4,"pub":true}},{"type":"Feature","geometry":{"type":"Point","coordinates":[-108.0229,39.5548]},"properties":{"s":96.4,"pub":true}},{"type":"Feature","geometry":{"type":"Point","coordinates":[-108.0229,39.5606]},"properties":{"s":25.0,"pub":true}},{"type":"Feature","geometry":{"type":"Point","coordinates":[-108.0229,39.5838]},"properties":{"s":67.9,"pub":true}},{"type":"Feature","geometry":{"type":"Point","coordinates":[-108.0229,39.5896]},"properties":{"s":67.9,"pub":true}},{"type":"Feature","geometry":{"type":"Point","coordinates":[-108.0229,39.5954]},"properties":{"s":67.9,"pub":true}},{"type":"Feature","geometry":{"type":"Point","coordinates":[-108.0229,39.6012]},"properties":{"s":67.9,"pub":true}},{"type":"Feature","geometry":{"type":"Point","coordinates":[-108.0229,39.607]},"properties":{"s":96.4,"pub":true}},{"type":"Feature","geometry":{"type":"Point","coordinates":[-108.0229,39.6128]},"properties":{"s":96.4,"pub":true}},{"type":"Feature","geometry":{"type":"Point","coordinates":[-108.0229,39.6186]},"properties":{"s":96.4,"pub":true}},{"type":"Feature","geometry":{"type":"Point","coordinates":[-108.0229,39.6244]},"properties":{"s":96.4,"pub":true}},{"type":"Feature","geometry":{"type":"Point","coordinates":[-108.0229,39.6302]},"properties":{"s":96.4,"pub":true}},{"type":"Feature","geometry":{"type":"Point","coordinates":[-108.0229,39.636]},"properties":{"s":96.4,"pub":true}},{"type":"Feature","geometry":{"type":"Point","coordinates":[-108.0229,39.6418]},"properties":{"s":96.4,"pub":true}},{"type":"Feature","geometry":{"type":"Point","coordinates":[-108.0229,39.6476]},"properties":{"s":96.4,"pub":true}},{"type":"Feature","geometry":{"type":"Point","coordinates":[-108.0229,39.6534]},"properties":{"s":96.4,"pub":true}},{"type":"Feature","geometry":{"type":"Point","coordinates":[-108.0229,39.6592]},"properties":{"s":96.4,"pub":false}},{"type":"Feature","geometry":{"type":"Point","coordinates":[-108.0154,39.4736]},"properties":{"s":10.7,"pub":false}},{"type":"Feature","geometry":{"type":"Point","coordinates":[-108.0154,39.4794]},"properties":{"s":10.7,"pub":false}},{"type":"Feature","geometry":{"type":"Point","coordinates":[-108.0154,39.4852]},"properties":{"s":10.7,"pub":true}},{"type":"Feature","geometry":{"type":"Point","coordinates":[-108.0154,39.5316]},"properties":{"s":25.0,"pub":false}},{"type":"Feature","geometry":{"type":"Point","coordinates":[-108.0154,39.5374]},"properties":{"s":25.0,"pub":false}},{"type":"Feature","geometry":{"type":"Point","coordinates":[-108.0154,39.5432]},"properties":{"s":96.4,"pub":false}},{"type":"Feature","geometry":{"type":"Point","coordinates":[-108.0154,39.549]},"properties":{"s":96.4,"pub":true}},{"type":"Feature","geometry":{"type":"Point","coordinates":[-108.0154,39.5548]},"properties":{"s":96.4,"pub":true}},{"type":"Feature","geometry":{"type":"Point","coordinates":[-108.0154,39.5606]},"properties":{"s":25.0,"pub":true}},{"type":"Feature","geometry":{"type":"Point","coordinates":[-108.0154,39.5722]},"properties":{"s":25.0,"pub":true}},{"type":"Feature","geometry":{"type":"Point","coordinates":[-108.0154,39.578]},"properties":{"s":67.9,"pub":true}},{"type":"Feature","geometry":{"type":"Point","coordinates":[-108.0154,39.5838]},"properties":{"s":67.9,"pub":true}},{"type":"Feature","geometry":{"type":"Point","coordinates":[-108.0154,39.5896]},"properties":{"s":67.9,"pub":true}},{"type":"Feature","geometry":{"type":"Point","coordinates":[-108.0154,39.5954]},"properties":{"s":67.9,"pub":true}},{"type":"Feature","geometry":{"type":"Point","coordinates":[-108.0154,39.6012]},"properties":{"s":67.9,"pub":true}},{"type":"Feature","geometry":{"type":"Point","coordinates":[-108.0154,39.607]},"properties":{"s":96.4,"pub":true}},{"type":"Feature","geometry":{"type":"Point","coordinates":[-108.0154,39.6128]},"properties":{"s":96.4,"pub":true}},{"type":"Feature","geometry":{"type":"Point","coordinates":[-108.0154,39.6186]},"properties":{"s":96.4,"pub":true}},{"type":"Feature","geometry":{"type":"Point","coordinates":[-108.0154,39.6244]},"properties":{"s":96.4,"pub":true}},{"type":"Feature","geometry":{"type":"Point","coordinates":[-108.0154,39.6302]},"properties":{"s":96.4,"pub":true}},{"type":"Feature","geometry":{"type":"Point","coordinates":[-108.0154,39.636]},"properties":{"s":96.4,"pub":true}},{"type":"Feature","geometry":{"type":"Point","coordinates":[-108.0154,39.6418]},"properties":{"s":96.4,"pub":true}},{"type":"Feature","geometry":{"type":"Point","coordinates":[-108.0154,39.6476]},"properties":{"s":96.4,"pub":true}},{"type":"Feature","geometry":{"type":"Point","coordinates":[-108.0154,39.6534]},"properties":{"s":96.4,"pub":true}},{"type":"Feature","geometry":{"type":"Point","coordinates":[-108.0079,39.4736]},"properties":{"s":10.7,"pub":false}},{"type":"Feature","geometry":{"type":"Point","coordinates":[-108.0079,39.4794]},"properties":{"s":10.7,"pub":false}},{"type":"Feature","geometry":{"type":"Point","coordinates":[-108.0079,39.4852]},"properties":{"s":10.7,"pub":false}},{"type":"Feature","geometry":{"type":"Point","coordinates":[-108.0079,39.5316]},"properties":{"s":25.0,"pub":false}},{"type":"Feature","geometry":{"type":"Point","coordinates":[-108.0079,39.5374]},"properties":{"s":25.0,"pub":false}},{"type":"Feature","geometry":{"type":"Point","coordinates":[-108.0079,39.5432]},"properties":{"s":96.4,"pub":false}},{"type":"Feature","geometry":{"type":"Point","coordinates":[-108.0079,39.549]},"properties":{"s":96.4,"pub":true}},{"type":"Feature","geometry":{"type":"Point","coordinates":[-108.0079,39.5548]},"properties":{"s":96.4,"pub":true}},{"type":"Feature","geometry":{"type":"Point","coordinates":[-108.0079,39.5606]},"properties":{"s":25.0,"pub":true}},{"type":"Feature","geometry":{"type":"Point","coordinates":[-108.0079,39.5664]},"properties":{"s":67.9,"pub":true}},{"type":"Feature","geometry":{"type":"Point","coordinates":[-108.0079,39.5722]},"properties":{"s":25.0,"pub":true}},{"type":"Feature","geometry":{"type":"Point","coordinates":[-108.0079,39.578]},"properties":{"s":25.0,"pub":true}},{"type":"Feature","geometry":{"type":"Point","coordinates":[-108.0079,39.5838]},"properties":{"s":67.9,"pub":true}},{"type":"Feature","geometry":{"type":"Point","coordinates":[-108.0079,39.5896]},"properties":{"s":67.9,"pub":true}},{"type":"Feature","geometry":{"type":"Point","coordinates":[-108.0079,39.5954]},"properties":{"s":67.9,"pub":true}},{"type":"Feature","geometry":{"type":"Point","coordinates":[-108.0079,39.6012]},"properties":{"s":67.9,"pub":true}},{"type":"Feature","geometry":{"type":"Point","coordinates":[-108.0079,39.607]},"properties":{"s":96.4,"pub":true}},{"type":"Feature","geometry":{"type":"Point","coordinates":[-108.0079,39.6128]},"properties":{"s":96.4,"pub":true}},{"type":"Feature","geometry":{"type":"Point","coordinates":[-108.0079,39.6186]},"properties":{"s":96.4,"pub":true}},{"type":"Feature","geometry":{"type":"Point","coordinates":[-108.0079,39.6244]},"properties":{"s":96.4,"pub":true}},{"type":"Feature","geometry":{"type":"Point","coordinates":[-108.0079,39.6302]},"properties":{"s":96.4,"pub":true}},{"type":"Feature","geometry":{"type":"Point","coordinates":[-108.0079,39.636]},"properties":{"s":96.4,"pub":true}},{"type":"Feature","geometry":{"type":"Point","coordinates":[-108.0079,39.6418]},"properties":{"s":96.4,"pub":true}},{"type":"Feature","geometry":{"type":"Point","coordinates":[-108.0079,39.6476]},"properties":{"s":96.4,"pub":true}},{"type":"Feature","geometry":{"type":"Point","coordinates":[-108.0004,39.4794]},"properties":{"s":10.7,"pub":false}},{"type":"Feature","geometry":{"type":"Point","coordinates":[-108.0004,39.4852]},"properties":{"s":10.7,"pub":false}},{"type":"Feature","geometry":{"type":"Point","coordinates":[-108.0004,39.5316]},"properties":{"s":25.0,"pub":false}},{"type":"Feature","geometry":{"type":"Point","coordinates":[-108.0004,39.5374]},"properties":{"s":25.0,"pub":false}},{"type":"Feature","geometry":{"type":"Point","coordinates":[-108.0004,39.5432]},"properties":{"s":96.4,"pub":false}},{"type":"Feature","geometry":{"type":"Point","coordinates":[-108.0004,39.549]},"properties":{"s":96.4,"pub":true}},{"type":"Feature","geometry":{"type":"Point","coordinates":[-108.0004,39.5548]},"properties":{"s":96.4,"pub":true}},{"type":"Feature","geometry":{"type":"Point","coordinates":[-108.0004,39.5606]},"properties":{"s":96.4,"pub":true}},{"type":"Feature","geometry":{"type":"Point","coordinates":[-108.0004,39.5664]},"properties":{"s":67.9,"pub":true}},{"type":"Feature","geometry":{"type":"Point","coordinates":[-108.0004,39.5722]},"properties":{"s":67.9,"pub":true}},{"type":"Feature","geometry":{"type":"Point","coordinates":[-108.0004,39.578]},"properties":{"s":25.0,"pub":true}},{"type":"Feature","geometry":{"type":"Point","coordinates":[-108.0004,39.5838]},"properties":{"s":67.9,"pub":true}},{"type":"Feature","geometry":{"type":"Point","coordinates":[-108.0004,39.5896]},"properties":{"s":67.9,"pub":true}},{"type":"Feature","geometry":{"type":"Point","coordinates":[-108.0004,39.5954]},"properties":{"s":67.9,"pub":true}},{"type":"Feature","geometry":{"type":"Point","coordinates":[-108.0004,39.6012]},"properties":{"s":67.9,"pub":true}},{"type":"Feature","geometry":{"type":"Point","coordinates":[-108.0004,39.607]},"properties":{"s":96.4,"pub":true}},{"type":"Feature","geometry":{"type":"Point","coordinates":[-108.0004,39.6128]},"properties":{"s":96.4,"pub":true}},{"type":"Feature","geometry":{"type":"Point","coordinates":[-108.0004,39.6186]},"properties":{"s":96.4,"pub":true}},{"type":"Feature","geometry":{"type":"Point","coordinates":[-108.0004,39.6244]},"properties":{"s":96.4,"pub":true}},{"type":"Feature","geometry":{"type":"Point","coordinates":[-108.0004,39.6302]},"properties":{"s":96.4,"pub":true}},{"type":"Feature","geometry":{"type":"Point","coordinates":[-108.0004,39.636]},"properties":{"s":96.4,"pub":true}},{"type":"Feature","geometry":{"type":"Point","coordinates":[-108.0004,39.6418]},"properties":{"s":96.4,"pub":true}},{"type":"Feature","geometry":{"type":"Point","coordinates":[-108.0004,39.6476]},"properties":{"s":96.4,"pub":true}},{"type":"Feature","geometry":{"type":"Point","coordinates":[-107.9929,39.4736]},"properties":{"s":82.1,"pub":false}},{"type":"Feature","geometry":{"type":"Point","coordinates":[-107.9929,39.4794]},"properties":{"s":10.7,"pub":false}},{"type":"Feature","geometry":{"type":"Point","coordinates":[-107.9929,39.4852]},"properties":{"s":10.7,"pub":false}},{"type":"Feature","geometry":{"type":"Point","coordinates":[-107.9929,39.5374]},"properties":{"s":25.0,"pub":false}},{"type":"Feature","geometry":{"type":"Point","coordinates":[-107.9929,39.5432]},"properties":{"s":96.4,"pub":false}},{"type":"Feature","geometry":{"type":"Point","coordinates":[-107.9929,39.549]},"properties":{"s":96.4,"pub":true}},{"type":"Feature","geometry":{"type":"Point","coordinates":[-107.9929,39.5548]},"properties":{"s":96.4,"pub":true}},{"type":"Feature","geometry":{"type":"Point","coordinates":[-107.9929,39.5606]},"properties":{"s":96.4,"pub":true}},{"type":"Feature","geometry":{"type":"Point","coordinates":[-107.9929,39.5664]},"properties":{"s":96.4,"pub":true}},{"type":"Feature","geometry":{"type":"Point","coordinates":[-107.9929,39.5722]},"properties":{"s":67.9,"pub":true}},{"type":"Feature","geometry":{"type":"Point","coordinates":[-107.9929,39.578]},"properties":{"s":25.0,"pub":true}},{"type":"Feature","geometry":{"type":"Point","coordinates":[-107.9929,39.5838]},"properties":{"s":67.9,"pub":true}},{"type":"Feature","geometry":{"type":"Point","coordinates":[-107.9929,39.5896]},"properties":{"s":67.9,"pub":true}},{"type":"Feature","geometry":{"type":"Point","coordinates":[-107.9929,39.5954]},"properties":{"s":96.4,"pub":true}},{"type":"Feature","geometry":{"type":"Point","coordinates":[-107.9929,39.6012]},"properties":{"s":96.4,"pub":true}},{"type":"Feature","geometry":{"type":"Point","coordinates":[-107.9929,39.607]},"properties":{"s":96.4,"pub":true}},{"type":"Feature","geometry":{"type":"Point","coordinates":[-107.9929,39.6128]},"properties":{"s":96.4,"pub":true}},{"type":"Feature","geometry":{"type":"Point","coordinates":[-107.9929,39.6186]},"properties":{"s":96.4,"pub":true}},{"type":"Feature","geometry":{"type":"Point","coordinates":[-107.9929,39.6244]},"properties":{"s":96.4,"pub":true}},{"type":"Feature","geometry":{"type":"Point","coordinates":[-107.9929,39.6302]},"properties":{"s":96.4,"pub":true}},{"type":"Feature","geometry":{"type":"Point","coordinates":[-107.9929,39.636]},"properties":{"s":96.4,"pub":true}},{"type":"Feature","geometry":{"type":"Point","coordinates":[-107.9929,39.6418]},"properties":{"s":96.4,"pub":true}},{"type":"Feature","geometry":{"type":"Point","coordinates":[-107.9854,39.4736]},"properties":{"s":10.7,"pub":false}},{"type":"Feature","geometry":{"type":"Point","coordinates":[-107.9854,39.4794]},"properties":{"s":10.7,"pub":false}},{"type":"Feature","geometry":{"type":"Point","coordinates":[-107.9854,39.4852]},"properties":{"s":10.7,"pub":false}},{"type":"Feature","geometry":{"type":"Point","coordinates":[-107.9854,39.5374]},"properties":{"s":25.0,"pub":false}},{"type":"Feature","geometry":{"type":"Point","coordinates":[-107.9854,39.5432]},"properties":{"s":96.4,"pub":false}},{"type":"Feature","geometry":{"type":"Point","coordinates":[-107.9854,39.549]},"properties":{"s":96.4,"pub":true}},{"type":"Feature","geometry":{"type":"Point","coordinates":[-107.9854,39.5548]},"properties":{"s":96.4,"pub":true}},{"type":"Feature","geometry":{"type":"Point","coordinates":[-107.9854,39.5606]},"properties":{"s":96.4,"pub":true}},{"type":"Feature","geometry":{"type":"Point","coordinates":[-107.9854,39.5664]},"properties":{"s":96.4,"pub":true}},{"type":"Feature","geometry":{"type":"Point","coordinates":[-107.9854,39.5722]},"properties":{"s":67.9,"pub":true}},{"type":"Feature","geometry":{"type":"Point","coordinates":[-107.9854,39.578]},"properties":{"s":67.9,"pub":true}},{"type":"Feature","geometry":{"type":"Point","coordinates":[-107.9854,39.5838]},"properties":{"s":67.9,"pub":true}},{"type":"Feature","geometry":{"type":"Point","coordinates":[-107.9854,39.5896]},"properties":{"s":67.9,"pub":true}},{"type":"Feature","geometry":{"type":"Point","coordinates":[-107.9854,39.5954]},"properties":{"s":96.4,"pub":true}},{"type":"Feature","geometry":{"type":"Point","coordinates":[-107.9854,39.6012]},"properties":{"s":96.4,"pub":true}},{"type":"Feature","geometry":{"type":"Point","coordinates":[-107.9854,39.607]},"properties":{"s":96.4,"pub":true}},{"type":"Feature","geometry":{"type":"Point","coordinates":[-107.9854,39.6128]},"properties":{"s":96.4,"pub":true}},{"type":"Feature","geometry":{"type":"Point","coordinates":[-107.9854,39.6186]},"properties":{"s":96.4,"pub":true}},{"type":"Feature","geometry":{"type":"Point","coordinates":[-107.9854,39.6244]},"properties":{"s":96.4,"pub":true}},{"type":"Feature","geometry":{"type":"Point","coordinates":[-107.9854,39.6302]},"properties":{"s":96.4,"pub":true}},{"type":"Feature","geometry":{"type":"Point","coordinates":[-107.9854,39.636]},"properties":{"s":96.4,"pub":true}},{"type":"Feature","geometry":{"type":"Point","coordinates":[-107.9854,39.6418]},"properties":{"s":96.4,"pub":true}},{"type":"Feature","geometry":{"type":"Point","coordinates":[-107.9779,39.4736]},"properties":{"s":10.7,"pub":false}},{"type":"Feature","geometry":{"type":"Point","coordinates":[-107.9779,39.4794]},"properties":{"s":10.7,"pub":false}},{"type":"Feature","geometry":{"type":"Point","coordinates":[-107.9779,39.4852]},"properties":{"s":10.7,"pub":false}},{"type":"Feature","geometry":{"type":"Point","coordinates":[-107.9779,39.491]},"properties":{"s":10.7,"pub":true}},{"type":"Feature","geometry":{"type":"Point","coordinates":[-107.9779,39.52]},"properties":{"s":25.0,"pub":false}},{"type":"Feature","geometry":{"type":"Point","coordinates":[-107.9779,39.5258]},"properties":{"s":25.0,"pub":false}},{"type":"Feature","geometry":{"type":"Point","coordinates":[-107.9779,39.5316]},"properties":{"s":25.0,"pub":false}},{"type":"Feature","geometry":{"type":"Point","coordinates":[-107.9779,39.5374]},"properties":{"s":25.0,"pub":false}},{"type":"Feature","geometry":{"type":"Point","coordinates":[-107.9779,39.5432]},"properties":{"s":96.4,"pub":false}},{"type":"Feature","geometry":{"type":"Point","coordinates":[-107.9779,39.549]},"properties":{"s":96.4,"pub":true}},{"type":"Feature","geometry":{"type":"Point","coordinates":[-107.9779,39.5548]},"properties":{"s":96.4,"pub":true}},{"type":"Feature","geometry":{"type":"Point","coordinates":[-107.9779,39.5606]},"properties":{"s":96.4,"pub":true}},{"type":"Feature","geometry":{"type":"Point","coordinates":[-107.9779,39.5664]},"properties":{"s":96.4,"pub":true}},{"type":"Feature","geometry":{"type":"Point","coordinates":[-107.9779,39.5722]},"properties":{"s":96.4,"pub":true}},{"type":"Feature","geometry":{"type":"Point","coordinates":[-107.9779,39.578]},"properties":{"s":67.9,"pub":true}},{"type":"Feature","geometry":{"type":"Point","coordinates":[-107.9779,39.5838]},"properties":{"s":67.9,"pub":true}},{"type":"Feature","geometry":{"type":"Point","coordinates":[-107.9779,39.5896]},"properties":{"s":67.9,"pub":true}},{"type":"Feature","geometry":{"type":"Point","coordinates":[-107.9779,39.5954]},"properties":{"s":96.4,"pub":true}},{"type":"Feature","geometry":{"type":"Point","coordinates":[-107.9779,39.6012]},"properties":{"s":96.4,"pub":true}},{"type":"Feature","geometry":{"type":"Point","coordinates":[-107.9779,39.607]},"properties":{"s":96.4,"pub":true}},{"type":"Feature","geometry":{"type":"Point","coordinates":[-107.9779,39.6128]},"properties":{"s":96.4,"pub":true}},{"type":"Feature","geometry":{"type":"Point","coordinates":[-107.9779,39.6186]},"properties":{"s":96.4,"pub":true}},{"type":"Feature","geometry":{"type":"Point","coordinates":[-107.9779,39.6244]},"properties":{"s":96.4,"pub":true}},{"type":"Feature","geometry":{"type":"Point","coordinates":[-107.9779,39.6302]},"properties":{"s":96.4,"pub":true}},{"type":"Feature","geometry":{"type":"Point","coordinates":[-107.9779,39.636]},"properties":{"s":96.4,"pub":true}},{"type":"Feature","geometry":{"type":"Point","coordinates":[-107.9779,39.6418]},"properties":{"s":96.4,"pub":true}},{"type":"Feature","geometry":{"type":"Point","coordinates":[-107.9704,39.4794]},"properties":{"s":10.7,"pub":false}},{"type":"Feature","geometry":{"type":"Point","coordinates":[-107.9704,39.4852]},"properties":{"s":10.7,"pub":false}},{"type":"Feature","geometry":{"type":"Point","coordinates":[-107.9704,39.491]},"properties":{"s":10.7,"pub":false}},{"type":"Feature","geometry":{"type":"Point","coordinates":[-107.9704,39.5258]},"properties":{"s":25.0,"pub":false}},{"type":"Feature","geometry":{"type":"Point","coordinates":[-107.9704,39.5316]},"properties":{"s":25.0,"pub":false}},{"type":"Feature","geometry":{"type":"Point","coordinates":[-107.9704,39.5374]},"properties":{"s":25.0,"pub":false}},{"type":"Feature","geometry":{"type":"Point","coordinates":[-107.9704,39.5432]},"properties":{"s":96.4,"pub":false}},{"type":"Feature","geometry":{"type":"Point","coordinates":[-107.9704,39.549]},"properties":{"s":96.4,"pub":true}},{"type":"Feature","geometry":{"type":"Point","coordinates":[-107.9704,39.5548]},"properties":{"s":96.4,"pub":true}},{"type":"Feature","geometry":{"type":"Point","coordinates":[-107.9704,39.5606]},"properties":{"s":96.4,"pub":true}},{"type":"Feature","geometry":{"type":"Point","coordinates":[-107.9704,39.5664]},"properties":{"s":96.4,"pub":true}},{"type":"Feature","geometry":{"type":"Point","coordinates":[-107.9704,39.5722]},"properties":{"s":96.4,"pub":true}},{"type":"Feature","geometry":{"type":"Point","coordinates":[-107.9704,39.578]},"properties":{"s":67.9,"pub":true}},{"type":"Feature","geometry":{"type":"Point","coordinates":[-107.9704,39.5838]},"properties":{"s":96.4,"pub":true}},{"type":"Feature","geometry":{"type":"Point","coordinates":[-107.9704,39.5896]},"properties":{"s":96.4,"pub":true}},{"type":"Feature","geometry":{"type":"Point","coordinates":[-107.9704,39.5954]},"properties":{"s":96.4,"pub":true}},{"type":"Feature","geometry":{"type":"Point","coordinates":[-107.9704,39.6012]},"properties":{"s":96.4,"pub":true}},{"type":"Feature","geometry":{"type":"Point","coordinates":[-107.9704,39.607]},"properties":{"s":96.4,"pub":true}},{"type":"Feature","geometry":{"type":"Point","coordinates":[-107.9704,39.6128]},"properties":{"s":96.4,"pub":true}},{"type":"Feature","geometry":{"type":"Point","coordinates":[-107.9704,39.6186]},"properties":{"s":96.4,"pub":true}},{"type":"Feature","geometry":{"type":"Point","coordinates":[-107.9704,39.6244]},"properties":{"s":96.4,"pub":true}},{"type":"Feature","geometry":{"type":"Point","coordinates":[-107.9704,39.6302]},"properties":{"s":96.4,"pub":true}},{"type":"Feature","geometry":{"type":"Point","coordinates":[-107.9704,39.636]},"properties":{"s":96.4,"pub":true}},{"type":"Feature","geometry":{"type":"Point","coordinates":[-107.9704,39.6418]},"properties":{"s":96.4,"pub":true}},{"type":"Feature","geometry":{"type":"Point","coordinates":[-107.9629,39.4794]},"properties":{"s":10.7,"pub":false}},{"type":"Feature","geometry":{"type":"Point","coordinates":[-107.9629,39.4852]},"properties":{"s":10.7,"pub":false}},{"type":"Feature","geometry":{"type":"Point","coordinates":[-107.9629,39.491]},"properties":{"s":10.7,"pub":true}},{"type":"Feature","geometry":{"type":"Point","coordinates":[-107.9629,39.5258]},"properties":{"s":25.0,"pub":false}},{"type":"Feature","geometry":{"type":"Point","coordinates":[-107.9629,39.5316]},"properties":{"s":25.0,"pub":false}},{"type":"Feature","geometry":{"type":"Point","coordinates":[-107.9629,39.5374]},"properties":{"s":25.0,"pub":false}},{"type":"Feature","geometry":{"type":"Point","coordinates":[-107.9629,39.5432]},"properties":{"s":25.0,"pub":false}},{"type":"Feature","geometry":{"type":"Point","coordinates":[-107.9629,39.549]},"properties":{"s":96.4,"pub":true}},{"type":"Feature","geometry":{"type":"Point","coordinates":[-107.9629,39.5548]},"properties":{"s":96.4,"pub":true}},{"type":"Feature","geometry":{"type":"Point","coordinates":[-107.9629,39.5606]},"properties":{"s":96.4,"pub":true}},{"type":"Feature","geometry":{"type":"Point","coordinates":[-107.9629,39.5664]},"properties":{"s":96.4,"pub":true}},{"type":"Feature","geometry":{"type":"Point","coordinates":[-107.9629,39.5722]},"properties":{"s":96.4,"pub":true}},{"type":"Feature","geometry":{"type":"Point","coordinates":[-107.9629,39.578]},"properties":{"s":96.4,"pub":true}},{"type":"Feature","geometry":{"type":"Point","coordinates":[-107.9629,39.5838]},"properties":{"s":96.4,"pub":true}},{"type":"Feature","geometry":{"type":"Point","coordinates":[-107.9629,39.5896]},"properties":{"s":96.4,"pub":true}},{"type":"Feature","geometry":{"type":"Point","coordinates":[-107.9629,39.5954]},"properties":{"s":96.4,"pub":true}},{"type":"Feature","geometry":{"type":"Point","coordinates":[-107.9629,39.6012]},"properties":{"s":96.4,"pub":true}},{"type":"Feature","geometry":{"type":"Point","coordinates":[-107.9629,39.607]},"properties":{"s":96.4,"pub":true}},{"type":"Feature","geometry":{"type":"Point","coordinates":[-107.9629,39.6128]},"properties":{"s":96.4,"pub":true}},{"type":"Feature","geometry":{"type":"Point","coordinates":[-107.9629,39.6186]},"properties":{"s":96.4,"pub":true}},{"type":"Feature","geometry":{"type":"Point","coordinates":[-107.9629,39.6244]},"properties":{"s":96.4,"pub":true}},{"type":"Feature","geometry":{"type":"Point","coordinates":[-107.9629,39.6302]},"properties":{"s":96.4,"pub":true}},{"type":"Feature","geometry":{"type":"Point","coordinates":[-107.9629,39.636]},"properties":{"s":96.4,"pub":true}},{"type":"Feature","geometry":{"type":"Point","coordinates":[-107.9629,39.6418]},"properties":{"s":96.4,"pub":true}},{"type":"Feature","geometry":{"type":"Point","coordinates":[-107.9629,39.6476]},"properties":{"s":96.4,"pub":true}},{"type":"Feature","geometry":{"type":"Point","coordinates":[-107.9554,39.4852]},"properties":{"s":10.7,"pub":false}},{"type":"Feature","geometry":{"type":"Point","coordinates":[-107.9554,39.491]},"properties":{"s":10.7,"pub":false}},{"type":"Feature","geometry":{"type":"Point","coordinates":[-107.9554,39.5374]},"properties":{"s":25.0,"pub":false}},{"type":"Feature","geometry":{"type":"Point","coordinates":[-107.9554,39.5432]},"properties":{"s":25.0,"pub":false}},{"type":"Feature","geometry":{"type":"Point","coordinates":[-107.9554,39.549]},"properties":{"s":96.4,"pub":true}},{"type":"Feature","geometry":{"type":"Point","coordinates":[-107.9554,39.5548]},"properties":{"s":96.4,"pub":true}},{"type":"Feature","geometry":{"type":"Point","coordinates":[-107.9554,39.5606]},"properties":{"s":96.4,"pub":true}},{"type":"Feature","geometry":{"type":"Point","coordinates":[-107.9554,39.5664]},"properties":{"s":96.4,"pub":true}},{"type":"Feature","geometry":{"type":"Point","coordinates":[-107.9554,39.5722]},"properties":{"s":96.4,"pub":true}},{"type":"Feature","geometry":{"type":"Point","coordinates":[-107.9554,39.578]},"properties":{"s":96.4,"pub":true}},{"type":"Feature","geometry":{"type":"Point","coordinates":[-107.9554,39.5838]},"properties":{"s":96.4,"pub":true}},{"type":"Feature","geometry":{"type":"Point","coordinates":[-107.9554,39.5896]},"properties":{"s":96.4,"pub":true}},{"type":"Feature","geometry":{"type":"Point","coordinates":[-107.9554,39.5954]},"properties":{"s":96.4,"pub":true}},{"type":"Feature","geometry":{"type":"Point","coordinates":[-107.9554,39.6012]},"properties":{"s":96.4,"pub":true}},{"type":"Feature","geometry":{"type":"Point","coordinates":[-107.9554,39.607]},"properties":{"s":96.4,"pub":true}},{"type":"Feature","geometry":{"type":"Point","coordinates":[-107.9554,39.6128]},"properties":{"s":96.4,"pub":true}},{"type":"Feature","geometry":{"type":"Point","coordinates":[-107.9554,39.6186]},"properties":{"s":96.4,"pub":true}},{"type":"Feature","geometry":{"type":"Point","coordinates":[-107.9554,39.6244]},"properties":{"s":96.4,"pub":true}},{"type":"Feature","geometry":{"type":"Point","coordinates":[-107.9554,39.6302]},"properties":{"s":96.4,"pub":true}},{"type":"Feature","geometry":{"type":"Point","coordinates":[-107.9554,39.636]},"properties":{"s":96.4,"pub":true}},{"type":"Feature","geometry":{"type":"Point","coordinates":[-107.9554,39.6418]},"properties":{"s":96.4,"pub":true}},{"type":"Feature","geometry":{"type":"Point","coordinates":[-107.9554,39.6476]},"properties":{"s":96.4,"pub":true}},{"type":"Feature","geometry":{"type":"Point","coordinates":[-107.9479,39.491]},"properties":{"s":10.7,"pub":false}},{"type":"Feature","geometry":{"type":"Point","coordinates":[-107.9479,39.4968]},"properties":{"s":10.7,"pub":false}},{"type":"Feature","geometry":{"type":"Point","coordinates":[-107.9479,39.5432]},"properties":{"s":25.0,"pub":true}},{"type":"Feature","geometry":{"type":"Point","coordinates":[-107.9479,39.549]},"properties":{"s":25.0,"pub":true}},{"type":"Feature","geometry":{"type":"Point","coordinates":[-107.9479,39.5548]},"properties":{"s":96.4,"pub":true}},{"type":"Feature","geometry":{"type":"Point","coordinates":[-107.9479,39.5606]},"properties":{"s":96.4,"pub":true}},{"type":"Feature","geometry":{"type":"Point","coordinates":[-107.9479,39.5664]},"properties":{"s":96.4,"pub":true}},{"type":"Feature","geometry":{"type":"Point","coordinates":[-107.9479,39.5722]},"properties":{"s":96.4,"pub":true}},{"type":"Feature","geometry":{"type":"Point","coordinates":[-107.9479,39.578]},"properties":{"s":96.4,"pub":true}},{"type":"Feature","geometry":{"type":"Point","coordinates":[-107.9479,39.5838]},"properties":{"s":96.4,"pub":true}},{"type":"Feature","geometry":{"type":"Point","coordinates":[-107.9479,39.5896]},"properties":{"s":96.4,"pub":true}},{"type":"Feature","geometry":{"type":"Point","coordinates":[-107.9479,39.5954]},"properties":{"s":96.4,"pub":true}},{"type":"Feature","geometry":{"type":"Point","coordinates":[-107.9479,39.6012]},"properties":{"s":96.4,"pub":true}},{"type":"Feature","geometry":{"type":"Point","coordinates":[-107.9479,39.607]},"properties":{"s":96.4,"pub":true}},{"type":"Feature","geometry":{"type":"Point","coordinates":[-107.9479,39.6128]},"properties":{"s":96.4,"pub":true}},{"type":"Feature","geometry":{"type":"Point","coordinates":[-107.9479,39.6186]},"properties":{"s":96.4,"pub":true}},{"type":"Feature","geometry":{"type":"Point","coordinates":[-107.9479,39.6244]},"properties":{"s":96.4,"pub":true}},{"type":"Feature","geometry":{"type":"Point","coordinates":[-107.9479,39.6302]},"properties":{"s":96.4,"pub":true}},{"type":"Feature","geometry":{"type":"Point","coordinates":[-107.9479,39.636]},"properties":{"s":96.4,"pub":true}},{"type":"Feature","geometry":{"type":"Point","coordinates":[-107.9479,39.6418]},"properties":{"s":96.4,"pub":true}},{"type":"Feature","geometry":{"type":"Point","coordinates":[-107.9479,39.6476]},"properties":{"s":96.4,"pub":true}},{"type":"Feature","geometry":{"type":"Point","coordinates":[-107.9404,39.4968]},"properties":{"s":10.7,"pub":false}},{"type":"Feature","geometry":{"type":"Point","coordinates":[-107.9404,39.549]},"properties":{"s":25.0,"pub":true}},{"type":"Feature","geometry":{"type":"Point","coordinates":[-107.9404,39.5548]},"properties":{"s":25.0,"pub":true}},{"type":"Feature","geometry":{"type":"Point","coordinates":[-107.9404,39.5606]},"properties":{"s":96.4,"pub":true}},{"type":"Feature","geometry":{"type":"Point","coordinates":[-107.9404,39.5664]},"properties":{"s":96.4,"pub":true}},{"type":"Feature","geometry":{"type":"Point","coordinates":[-107.9404,39.5722]},"properties":{"s":96.4,"pub":true}},{"type":"Feature","geometry":{"type":"Point","coordinates":[-107.9404,39.578]},"properties":{"s":96.4,"pub":true}}]}