{"type":"FeatureCollection","features":[{"type":"Feature","geometry":{"type":"Point","coordinates":[-107.9284,39.6941]},"properties":{"s":17.9,"pub":false}},{"type":"Feature","geometry":{"type":"Point","coordinates":[-107.9284,39.6999]},"properties":{"s":17.9,"pub":false}},{"type":"Feature","geometry":{"type":"Point","coordinates":[-107.9284,39.7057]},"properties":{"s":17.9,"pub":false}},{"type":"Feature","geometry":{"type":"Point","coordinates":[-107.9209,39.6883]},"properties":{"s":17.9,"pub":true}},{"type":"Feature","geometry":{"type":"Point","coordinates":[-107.9209,39.6941]},"properties":{"s":17.9,"pub":true}},{"type":"Feature","geometry":{"type":"Point","coordinates":[-107.9209,39.6999]},"properties":{"s":17.9,"pub":false}},{"type":"Feature","geometry":{"type":"Point","coordinates":[-107.9209,39.7057]},"properties":{"s":17.9,"pub":false}},{"type":"Feature","geometry":{"type":"Point","coordinates":[-107.9209,39.7115]},"properties":{"s":17.9,"pub":false}},{"type":"Feature","geometry":{"type":"Point","coordinates":[-107.9134,39.6825]},"properties":{"s":17.9,"pub":true}},{"type":"Feature","geometry":{"type":"Point","coordinates":[-107.9134,39.6883]},"properties":{"s":17.9,"pub":true}},{"type":"Feature","geometry":{"type":"Point","coordinates":[-107.9134,39.6941]},"properties":{"s":17.9,"pub":true}},{"type":"Feature","geometry":{"type":"Point","coordinates":[-107.9134,39.6999]},"properties":{"s":17.9,"pub":false}},{"type":"Feature","geometry":{"type":"Point","coordinates":[-107.9134,39.7057]},"properties":{"s":17.9,"pub":false}},{"type":"Feature","geometry":{"type":"Point","coordinates":[-107.9134,39.7115]},"properties":{"s":17.9,"pub":true}},{"type":"Feature","geometry":{"type":"Point","coordinates":[-107.9134,39.7173]},"properties":{"s":17.9,"pub":true}},{"type":"Feature","geometry":{"type":"Point","coordinates":[-107.9134,39.7231]},"properties":{"s":17.9,"pub":true}},{"type":"Feature","geometry":{"type":"Point","coordinates":[-107.9059,39.6941]},"properties":{"s":17.9,"pub":true}},{"type":"Feature","geometry":{"type":"Point","coordinates":[-107.9059,39.6999]},"properties":{"s":17.9,"pub":false}},{"type":"Feature","geometry":{"type":"Point","coordinates":[-107.9059,39.7057]},"properties":{"s":17.9,"pub":false}},{"type":"Feature","geometry":{"type":"Point","coordinates":[-107.9059,39.7115]},"properties":{"s":17.9,"pub":true}},{"type":"Feature","geometry":{"type":"Point","coordinates":[-107.9059,39.7173]},"properties":{"s":17.9,"pub":true}},{"type":"Feature","geometry":{"type":"Point","coordinates":[-107.9059,39.7231]},"properties":{"s":17.9,"pub":true}},{"type":"Feature","geometry":{"type":"Point","coordinates":[-107.9059,39.7289]},"properties":{"s":17.9,"pub":true}},{"type":"Feature","geometry":{"type":"Point","coordinates":[-107.8984,39.6999]},"properties":{"s":17.9,"pub":true}},{"type":"Feature","geometry":{"type":"Point","coordinates":[-107.8984,39.7057]},"properties":{"s":17.9,"pub":true}},{"type":"Feature","geometry":{"type":"Point","coordinates":[-107.8984,39.7115]},"properties":{"s":17.9,"pub":true}},{"type":"Feature","geometry":{"type":"Point","coordinates":[-107.8984,39.7173]},"properties":{"s":17.9,"pub":false}},{"type":"Feature","geometry":{"type":"Point","coordinates":[-107.8984,39.7231]},"properties":{"s":17.9,"pub":false}},{"type":"Feature","geometry":{"type":"Point","coordinates":[-107.8984,39.7289]},"properties":{"s":17.9,"pub":false}},{"type":"Feature","geometry":{"type":"Point","coordinates":[-107.8984,39.7347]},"properties":{"s":17.9,"pub":false}},{"type":"Feature","geometry":{"type":"Point","coordinates":[-107.8984,39.7405]},"properties":{"s":17.9,"pub":false}},{"type":"Feature","geometry":{"type":"Point","coordinates":[-107.8909,39.6999]},"properties":{"s":17.9,"pub":false}},{"type":"Feature","geometry":{"type":"Point","coordinates":[-107.8909,39.7057]},"properties":{"s":17.9,"pub":false}},{"type":"Feature","geometry":{"type":"Point","coordinates":[-107.8909,39.7115]},"properties":{"s":17.9,"pub":false}},{"type":"Feature","geometry":{"type":"Point","coordinates":[-107.8909,39.7173]},"properties":{"s":17.9,"pub":false}},{"type":"Feature","geometry":{"type":"Point","coordinates":[-107.8909,39.7231]},"properties":{"s":17.9,"pub":false}},{"type":"Feature","geometry":{"type":"Point","coordinates":[-107.8909,39.7289]},"properties":{"s":17.9,"pub":false}},{"type":"Feature","geometry":{"type":"Point","coordinates":[-107.8909,39.7347]},"properties":{"s":17.9,"pub":false}},{"type":"Feature","geometry":{"type":"Point","coordinates":[-107.8909,39.7405]},"properties":{"s":17.9,"pub":false}},{"type":"Feature","geometry":{"type":"Point","coordinates":[-107.8909,39.7463]},"properties":{"s":17.9,"pub":false}},{"type":"Feature","geometry":{"type":"Point","coordinates":[-107.8834,39.6999]},"properties":{"s":17.9,"pub":false}},{"type":"Feature","geometry":{"type":"Point","coordinates":[-107.8834,39.7057]},"properties":{"s":17.9,"pub":false}},{"type":"Feature","geometry":{"type":"Point","coordinates":[-107.8834,39.7115]},"properties":{"s":17.9,"pub":false}},{"type":"Feature","geometry":{"type":"Point","coordinates":[-107.8834,39.7173]},"properties":{"s":17.9,"pub":false}},{"type":"Feature","geometry":{"type":"Point","coordinates":[-107.8834,39.7231]},"properties":{"s":17.9,"pub":false}},{"type":"Feature","geometry":{"type":"Point","coordinates":[-107.8834,39.7289]},"properties":{"s":17.9,"pub":true}},{"type":"Feature","geometry":{"type":"Point","coordinates":[-107.8834,39.7347]},"properties":{"s":17.9,"pub":false}},{"type":"Feature","geometry":{"type":"Point","coordinates":[-107.8834,39.7405]},"properties":{"s":17.9,"pub":false}},{"type":"Feature","geometry":{"type":"Point","coordinates":[-107.8834,39.7463]},"properties":{"s":17.9,"pub":false}},{"type":"Feature","geometry":{"type":"Point","coordinates":[-107.8759,39.7057]},"properties":{"s":17.9,"pub":false}},{"type":"Feature","geometry":{"type":"Point","coordinates":[-107.8759,39.7115]},"properties":{"s":17.9,"pub":true}},{"type":"Feature","geometry":{"type":"Point","coordinates":[-107.8759,39.7173]},"properties":{"s":17.9,"pub":false}},{"type":"Feature","geometry":{"type":"Point","coordinates":[-107.8759,39.7231]},"properties":{"s":17.9,"pub":false}},{"type":"Feature","geometry":{"type":"Point","coordinates":[-107.8759,39.7289]},"properties":{"s":17.9,"pub":false}},{"type":"Feature","geometry":{"type":"Point","coordinates":[-107.8759,39.7347]},"properties":{"s":17.9,"pub":false}},{"type":"Feature","geometry":{"type":"Point","coordinates":[-107.8759,39.7405]},"properties":{"s":48.7,"pub":false}},{"type":"Feature","geometry":{"type":"Point","coordinates":[-107.8759,39.7463]},"properties":{"s":17.9,"pub":false}},{"type":"Feature","geometry":{"type":"Point","coordinates":[-107.8759,39.7521]},"properties":{"s":17.9,"pub":false}},{"type":"Feature","geometry":{"type":"Point","coordinates":[-107.8759,39.7579]},"properties":{"s":17.9,"pub":false}},{"type":"Feature","geometry":{"type":"Point","coordinates":[-107.8684,39.7115]},"properties":{"s":17.9,"pub":true}},{"type":"Feature","geometry":{"type":"Point","coordinates":[-107.8684,39.7173]},"properties":{"s":17.9,"pub":true}},{"type":"Feature","geometry":{"type":"Point","coordinates":[-107.8684,39.7231]},"properties":{"s":17.9,"pub":false}},{"type":"Feature","geometry":{"type":"Point","coordinates":[-107.8684,39.7289]},"properties":{"s":17.9,"pub":false}},{"type":"Feature","geometry":{"type":"Point","coordinates":[-107.8684,39.7347]},"properties":{"s":48.7,"pub":false}},{"type":"Feature","geometry":{"type":"Point","coordinates":[-107.8684,39.7405]},"properties":{"s":48.7,"pub":false}},{"type":"Feature","geometry":{"type":"Point","coordinates":[-107.8684,39.7463]},"properties":{"s":48.7,"pub":true}},{"type":"Feature","geometry":{"type":"Point","coordinates":[-107.8684,39.7521]},"properties":{"s":48.7,"pub":true}},{"type":"Feature","geometry":{"type":"Point","coordinates":[-107.8684,39.7579]},"properties":{"s":48.7,"pub":false}},{"type":"Feature","geometry":{"type":"Point","coordinates":[-107.8684,39.7637]},"properties":{"s":17.9,"pub":false}},{"type":"Feature","geometry":{"type":"Point","coordinates":[-107.8609,39.7115]},"properties":{"s":17.9,"pub":true}},{"type":"Feature","geometry":{"type":"Point","coordinates":[-107.8609,39.7173]},"properties":{"s":17.9,"pub":true}},{"type":"Feature","geometry":{"type":"Point","coordinates":[-107.8609,39.7231]},"properties":{"s":17.9,"pub":true}},{"type":"Feature","geometry":{"type":"Point","coordinates":[-107.8609,39.7289]},"properties":{"s":17.9,"pub":false}},{"type":"Feature","geometry":{"type":"Point","coordinates":[-107.8609,39.7347]},"properties":{"s":48.7,"pub":true}},{"type":"Feature","geometry":{"type":"Point","coordinates":[-107.8609,39.7405]},"properties":{"s":48.7,"pub":true}},{"type":"Feature","geometry":{"type":"Point","coordinates":[-107.8609,39.7463]},"properties":{"s":79.5,"pub":true}},{"type":"Feature","geometry":{"type":"Point","coordinates":[-107.8609,39.7521]},"properties":{"s":79.5,"pub":true}},{"type":"Feature","geometry":{"type":"Point","coordinates":[-107.8609,39.7579]},"properties":{"s":48.7,"pub":false}},{"type":"Feature","geometry":{"type":"Point","coordinates":[-107.8609,39.7637]},"properties":{"s":48.7,"pub":false}},{"type":"Feature","geometry":{"type":"Point","coordinates":[-107.8534,39.7115]},"properties":{"s":17.9,"pub":true}},{"type":"Feature","geometry":{"type":"Point","coordinates":[-107.8534,39.7173]},"properties":{"s":17.9,"pub":true}},{"type":"Feature","geometry":{"type":"Point","coordinates":[-107.8534,39.7231]},"properties":{"s":17.9,"pub":true}},{"type":"Feature","geometry":{"type":"Point","coordinates":[-107.8534,39.7289]},"properties":{"s":17.9,"pub":true}},{"type":"Feature","geometry":{"type":"Point","coordinates":[-107.8534,39.7347]},"properties":{"s":69.2,"pub":true}},{"type":"Feature","geometry":{"type":"Point","coordinates":[-107.8534,39.7405]},"properties":{"s":79.5,"pub":true}},{"type":"Feature","geometry":{"type":"Point","coordinates":[-107.8534,39.7463]},"properties":{"s":79.5,"pub":true}},{"type":"Feature","geometry":{"type":"Point","coordinates":[-107.8534,39.7521]},"properties":{"s":48.7,"pub":false}},{"type":"Feature","geometry":{"type":"Point","coordinates":[-107.8534,39.7579]},"properties":{"s":48.7,"pub":false}},{"type":"Feature","geometry":{"type":"Point","coordinates":[-107.8534,39.7637]},"properties":{"s":48.7,"pub":false}},{"type":"Feature","geometry":{"type":"Point","coordinates":[-107.8459,39.7115]},"properties":{"s":17.9,"pub":false}},{"type":"Feature","geometry":{"type":"Point","coordinates":[-107.8459,39.7173]},"properties":{"s":17.9,"pub":true}},{"type":"Feature","geometry":{"type":"Point","coordinates":[-107.8459,39.7231]},"properties":{"s":17.9,"pub":true}},{"type":"Feature","geometry":{"type":"Point","coordinates":[-107.8459,39.7289]},"properties":{"s":17.9,"pub":true}},{"type":"Feature","geometry":{"type":"Point","coordinates":[-107.8459,39.7347]},"properties":{"s":100.0,"pub":true}},{"type":"Feature","geometry":{"type":"Point","coordinates":[-107.8459,39.7405]},"properties":{"s":100.0,"pub":true}},{"type":"Feature","geometry":{"type":"Point","coordinates":[-107.8459,39.7463]},"properties":{"s":100.0,"pub":true}},{"type":"Feature","geometry":{"type":"Point","coordinates":[-107.8459,39.7521]},"properties":{"s":69.2,"pub":false}},{"type":"Feature","geometry":{"type":"Point","coordinates":[-107.8459,39.7579]},"properties":{"s":48.7,"pub":false}},{"type":"Feature","geometry":{"type":"Point","coordinates":[-107.8459,39.7637]},"properties":{"s":48.7,"pub":false}},{"type":"Feature","geometry":{"type":"Point","coordinates":[-107.8459,39.7695]},"properties":{"s":48.7,"pub":true}},{"type":"Feature","geometry":{"type":"Point","coordinates":[-107.8459,39.7753]},"properties":{"s":48.7,"pub":true}},{"type":"Feature","geometry":{"type":"Point","coordinates":[-107.8384,39.7115]},"properties":{"s":17.9,"pub":false}},{"type":"Feature","geometry":{"type":"Point","coordinates":[-107.8384,39.7173]},"properties":{"s":48.7,"pub":false}},{"type":"Feature","geometry":{"type":"Point","coordinates":[-107.8384,39.7231]},"properties":{"s":48.7,"pub":false}},{"type":"Feature","geometry":{"type":"Point","coordinates":[-107.8384,39.7289]},"properties":{"s":79.5,"pub":false}},{"type":"Feature","geometry":{"type":"Point","coordinates":[-107.8384,39.7347]},"properties":{"s":100.0,"pub":false}},{"type":"Feature","geometry":{"type":"Point","coordinates":[-107.8384,39.7405]},"properties":{"s":100.0,"pub":true}},{"type":"Feature","geometry":{"type":"Point","coordinates":[-107.8384,39.7463]},"properties":{"s":100.0,"pub":true}},{"type":"Feature","geometry":{"type":"Point","coordinates":[-107.8384,39.7521]},"properties":{"s":69.2,"pub":true}},{"type":"Feature","geometry":{"type":"Point","coordinates":[-107.8384,39.7579]},"properties":{"s":69.2,"pub":true}},{"type":"Feature","geometry":{"type":"Point","coordinates":[-107.8384,39.7637]},"properties":{"s":48.7,"pub":true}},{"type":"Feature","geometry":{"type":"Point","coordinates":[-107.8384,39.7695]},"properties":{"s":48.7,"pub":true}},{"type":"Feature","geometry":{"type":"Point","coordinates":[-107.8384,39.7753]},"properties":{"s":48.7,"pub":true}},{"type":"Feature","geometry":{"type":"Point","coordinates":[-107.8309,39.7115]},"properties":{"s":48.7,"pub":false}},{"type":"Feature","geometry":{"type":"Point","coordinates":[-107.8309,39.7173]},"properties":{"s":48.7,"pub":false}},{"type":"Feature","geometry":{"type":"Point","coordinates":[-107.8309,39.7231]},"properties":{"s":79.5,"pub":false}},{"type":"Feature","geometry":{"type":"Point","coordinates":[-107.8309,39.7289]},"properties":{"s":79.5,"pub":false}},{"type":"Feature","geometry":{"type":"Point","coordinates":[-107.8309,39.7347]},"properties":{"s":100.0,"pub":false}},{"type":"Feature","geometry":{"type":"Point","coordinates":[-107.8309,39.7405]},"properties":{"s":100.0,"pub":true}},{"type":"Feature","geometry":{"type":"Point","coordinates":[-107.8309,39.7463]},"properties":{"s":100.0,"pub":true}},{"type":"Feature","geometry":{"type":"Point","coordinates":[-107.8309,39.7521]},"properties":{"s":69.2,"pub":true}},{"type":"Feature","geometry":{"type":"Point","coordinates":[-107.8309,39.7579]},"properties":{"s":69.2,"pub":true}},{"type":"Feature","geometry":{"type":"Point","coordinates":[-107.8309,39.7637]},"properties":{"s":48.7,"pub":true}},{"type":"Feature","geometry":{"type":"Point","coordinates":[-107.8309,39.7695]},"properties":{"s":48.7,"pub":true}},{"type":"Feature","geometry":{"type":"Point","coordinates":[-107.8309,39.7753]},"properties":{"s":48.7,"pub":true}},{"type":"Feature","geometry":{"type":"Point","coordinates":[-107.8234,39.7057]},"properties":{"s":33.3,"pub":false}},{"type":"Feature","geometry":{"type":"Point","coordinates":[-107.8234,39.7115]},"properties":{"s":48.7,"pub":false}},{"type":"Feature","geometry":{"type":"Point","coordinates":[-107.8234,39.7173]},"properties":{"s":48.7,"pub":false}},{"type":"Feature","geometry":{"type":"Point","coordinates":[-107.8234,39.7231]},"properties":{"s":100.0,"pub":false}},{"type":"Feature","geometry":{"type":"Point","coordinates":[-107.8234,39.7289]},"properties":{"s":100.0,"pub":false}},{"type":"Feature","geometry":{"type":"Point","coordinates":[-107.8234,39.7347]},"properties":{"s":100.0,"pub":false}},{"type":"Feature","geometry":{"type":"Point","coordinates":[-107.8234,39.7405]},"properties":{"s":100.0,"pub":true}},{"type":"Feature","geometry":{"type":"Point","coordinates":[-107.8234,39.7463]},"properties":{"s":69.2,"pub":true}},{"type":"Feature","geometry":{"type":"Point","coordinates":[-107.8234,39.7521]},"properties":{"s":69.2,"pub":true}},{"type":"Feature","geometry":{"type":"Point","coordinates":[-107.8234,39.7579]},"properties":{"s":69.2,"pub":true}},{"type":"Feature","geometry":{"type":"Point","coordinates":[-107.8234,39.7637]},"properties":{"s":69.2,"pub":true}},{"type":"Feature","geometry":{"type":"Point","coordinates":[-107.8234,39.7695]},"properties":{"s":69.2,"pub":true}},{"type":"Feature","geometry":{"type":"Point","coordinates":[-107.8159,39.7057]},"properties":{"s":33.3,"pub":true}},{"type":"Feature","geometry":{"type":"Point","coordinates":[-107.8159,39.7115]},"properties":{"s":17.9,"pub":true}},{"type":"Feature","geometry":{"type":"Point","coordinates":[-107.8159,39.7173]},"properties":{"s":17.9,"pub":true}},{"type":"Feature","geometry":{"type":"Point","coordinates":[-107.8159,39.7231]},"properties":{"s":69.2,"pub":true}},{"type":"Feature","geometry":{"type":"Point","coordinates":[-107.8159,39.7289]},"properties":{"s":100.0,"pub":false}},{"type":"Feature","geometry":{"type":"Point","coordinates":[-107.8159,39.7347]},"properties":{"s":100.0,"pub":false}},{"type":"Feature","geometry":{"type":"Point","coordinates":[-107.8159,39.7405]},"properties":{"s":69.2,"pub":true}},{"type":"Feature","geometry":{"type":"Point","coordinates":[-107.8159,39.7463]},"properties":{"s":69.2,"pub":true}},{"type":"Feature","geometry":{"type":"Point","coordinates":[-107.8159,39.7521]},"properties":{"s":69.2,"pub":true}},{"type":"Feature","geometry":{"type":"Point","coordinates":[-107.8159,39.7579]},"properties":{"s":69.2,"pub":true}},{"type":"Feature","geometry":{"type":"Point","coordinates":[-107.8159,39.7637]},"properties":{"s":69.2,"pub":true}},{"type":"Feature","geometry":{"type":"Point","coordinates":[-107.8159,39.7695]},"properties":{"s":69.2,"pub":true}},{"type":"Feature","geometry":{"type":"Point","coordinates":[-107.8159,39.7753]},"properties":{"s":48.7,"pub":true}},{"type":"Feature","geometry":{"type":"Point","coordinates":[-107.8084,39.7057]},"properties":{"s":17.9,"pub":true}},{"type":"Feature","geometry":{"type":"Point","coordinates":[-107.8084,39.7115]},"properties":{"s":17.9,"pub":true}},{"type":"Feature","geometry":{"type":"Point","coordinates":[-107.8084,39.7173]},"properties":{"s":17.9,"pub":true}},{"type":"Feature","geometry":{"type":"Point","coordinates":[-107.8084,39.7231]},"properties":{"s":48.7,"pub":true}},{"type":"Feature","geometry":{"type":"Point","coordinates":[-107.8084,39.7289]},"properties":{"s":69.2,"pub":true}},{"type":"Feature","geometry":{"type":"Point","coordinates":[-107.8084,39.7347]},"properties":{"s":69.2,"pub":true}},{"type":"Feature","geometry":{"type":"Point","coordinates":[-107.8084,39.7405]},"properties":{"s":38.5,"pub":true}},{"type":"Feature","geometry":{"type":"Point","coordinates":[-107.8084,39.7463]},"properties":{"s":38.5,"pub":true}},{"type":"Feature","geometry":{"type":"Point","coordinates":[-107.8084,39.7521]},"properties":{"s":69.2,"pub":true}},{"type":"Feature","geometry":{"type":"Point","coordinates":[-107.8084,39.7579]},"properties":{"s":69.2,"pub":true}},{"type":"Feature","geometry":{"type":"Point","coordinates":[-107.8084,39.7637]},"properties":{"s":69.2,"pub":true}},{"type":"Feature","geometry":{"type":"Point","coordinates":[-107.8084,39.7695]},"properties":{"s":48.7,"pub":true}},{"type":"Feature","geometry":{"type":"Point","coordinates":[-107.8084,39.7753]},"properties":{"s":48.7,"pub":true}},{"type":"Feature","geometry":{"type":"Point","coordinates":[-107.8084,39.7811]},"properties":{"s":48.7,"pub":true}},{"type":"Feature","geometry":{"type":"Point","coordinates":[-107.8084,39.7869]},"properties":{"s":48.7,"pub":true}},{"type":"Feature","geometry":{"type":"Point","coordinates":[-107.8084,39.7927]},"properties":{"s":48.7,"pub":true}},{"type":"Feature","geometry":{"type":"Point","coordinates":[-107.8009,39.7115]},"properties":{"s":17.9,"pub":true}},{"type":"Feature","geometry":{"type":"Point","coordinates":[-107.8009,39.7173]},"properties":{"s":17.9,"pub":true}},{"type":"Feature","geometry":{"type":"Point","coordinates":[-107.8009,39.7231]},"properties":{"s":17.9,"pub":true}},{"type":"Feature","geometry":{"type":"Point","coordinates":[-107.8009,39.7289]},"properties":{"s":17.9,"pub":true}},{"type":"Feature","geometry":{"type":"Point","coordinates":[-107.8009,39.7347]},"properties":{"s":38.5,"pub":true}},{"type":"Feature","geometry":{"type":"Point","coordinates":[-107.8009,39.7405]},"properties":{"s":38.5,"pub":true}},{"type":"Feature","geometry":{"type":"Point","coordinates":[-107.8009,39.7463]},"properties":{"s":38.5,"pub":true}},{"type":"Feature","geometry":{"type":"Point","coordinates":[-107.8009,39.7521]},"properties":{"s":69.2,"pub":true}},{"type":"Feature","geometry":{"type":"Point","coordinates":[-107.8009,39.7579]},"properties":{"s":69.2,"pub":true}},{"type":"Feature","geometry":{"type":"Point","coordinates":[-107.8009,39.7637]},"properties":{"s":69.2,"pub":true}},{"type":"Feature","geometry":{"type":"Point","coordinates":[-107.8009,39.7695]},"properties":{"s":48.7,"pub":true}},{"type":"Feature","geometry":{"type":"Point","coordinates":[-107.8009,39.7753]},"properties":{"s":48.7,"pub":true}},{"type":"Feature","geometry":{"type":"Point","coordinates":[-107.8009,39.7811]},"properties":{"s":48.7,"pub":true}},{"type":"Feature","geometry":{"type":"Point","coordinates":[-107.8009,39.7869]},"properties":{"s":48.7,"pub":true}},{"type":"Feature","geometry":{"type":"Point","coordinates":[-107.8009,39.7927]},"properties":{"s":48.7,"pub":true}},{"type":"Feature","geometry":{"type":"Point","coordinates":[-107.7934,39.7115]},"properties":{"s":17.9,"pub":true}},{"type":"Feature","geometry":{"type":"Point","coordinates":[-107.7934,39.7173]},"properties":{"s":17.9,"pub":true}},{"type":"Feature","geometry":{"type":"Point","coordinates":[-107.7934,39.7231]},"properties":{"s":17.9,"pub":true}},{"type":"Feature","geometry":{"type":"Point","coordinates":[-107.7934,39.7289]},"properties":{"s":38.5,"pub":true}},{"type":"Feature","geometry":{"type":"Point","coordinates":[-107.7934,39.7347]},"properties":{"s":38.5,"pub":true}},{"type":"Feature","geometry":{"type":"Point","coordinates":[-107.7934,39.7405]},"properties":{"s":38.5,"pub":true}},{"type":"Feature","geometry":{"type":"Point","coordinates":[-107.7934,39.7463]},"properties":{"s":69.2,"pub":true}},{"type":"Feature","geometry":{"type":"Point","coordinates":[-107.7934,39.7521]},"properties":{"s":69.2,"pub":true}},{"type":"Feature","geometry":{"type":"Point","coordinates":[-107.7934,39.7579]},"properties":{"s":69.2,"pub":true}},{"type":"Feature","geometry":{"type":"Point","coordinates":[-107.7934,39.7637]},"properties":{"s":48.7,"pub":true}},{"type":"Feature","geometry":{"type":"Point","coordinates":[-107.7934,39.7695]},"properties":{"s":48.7,"pub":true}},{"type":"Feature","geometry":{"type":"Point","coordinates":[-107.7934,39.7753]},"properties":{"s":48.7,"pub":true}},{"type":"Feature","geometry":{"type":"Point","coordinates":[-107.7934,39.7811]},"properties":{"s":48.7,"pub":true}},{"type":"Feature","geometry":{"type":"Point","coordinates":[-107.7934,39.7869]},"properties":{"s":48.7,"pub":true}},{"type":"Feature","geometry":{"type":"Point","coordinates":[-107.7859,39.7173]},"properties":{"s":17.9,"pub":true}},{"type":"Feature","geometry":{"type":"Point","coordinates":[-107.7859,39.7231]},"properties":{"s":17.9,"pub":true}},{"type":"Feature","geometry":{"type":"Point","coordinates":[-107.7859,39.7289]},"properties":{"s":38.5,"pub":true}},{"type":"Feature","geometry":{"type":"Point","coordinates":[-107.7859,39.7347]},"properties":{"s":38.5,"pub":true}},{"type":"Feature","geometry":{"type":"Point","coordinates":[-107.7859,39.7405]},"properties":{"s":69.2,"pub":true}},{"type":"Feature","geometry":{"type":"Point","coordinates":[-107.7859,39.7463]},"properties":{"s":48.7,"pub":true}},{"type":"Feature","geometry":{"type":"Point","coordinates":[-107.7859,39.7521]},"properties":{"s":48.7,"pub":true}},{"type":"Feature","geometry":{"type":"Point","coordinates":[-107.7859,39.7579]},"properties":{"s":48.7,"pub":true}},{"type":"Feature","geometry":{"type":"Point","coordinates":[-107.7859,39.7637]},"properties":{"s":48.7,"pub":true}},{"type":"Feature","geometry":{"type":"Point","coordinates":[-107.7859,39.7695]},"properties":{"s":48.7,"pub":true}},{"type":"Feature","geometry":{"type":"Point","coordinates":[-107.7859,39.7753]},"properties":{"s":48.7,"pub":true}},{"type":"Feature","geometry":{"type":"Point","coordinates":[-107.7859,39.7811]},"properties":{"s":48.7,"pub":true}},{"type":"Feature","geometry":{"type":"Point","coordinates":[-107.7859,39.7869]},"properties":{"s":48.7,"pub":true}},{"type":"Feature","geometry":{"type":"Point","coordinates":[-107.7784,39.7173]},"properties":{"s":17.9,"pub":true}},{"type":"Feature","geometry":{"type":"Point","coordinates":[-107.7784,39.7231]},"properties":{"s":17.9,"pub":true}},{"type":"Feature","geometry":{"type":"Point","coordinates":[-107.7784,39.7289]},"properties":{"s":17.9,"pub":true}},{"type":"Feature","geometry":{"type":"Point","coordinates":[-107.7784,39.7347]},"properties":{"s":17.9,"pub":true}},{"type":"Feature","geometry":{"type":"Point","coordinates":[-107.7784,39.7405]},"properties":{"s":48.7,"pub":true}},{"type":"Feature","geometry":{"type":"Point","coordinates":[-107.7784,39.7463]},"properties":{"s":48.7,"pub":true}},{"type":"Feature","geometry":{"type":"Point","coordinates":[-107.7784,39.7521]},"properties":{"s":48.7,"pub":true}},{"type":"Feature","geometry":{"type":"Point","coordinates":[-107.7784,39.7579]},"properties":{"s":69.2,"pub":true}},{"type":"Feature","geometry":{"type":"Point","coordinates":[-107.7784,39.7637]},"properties":{"s":69.2,"pub":true}},{"type":"Feature","geometry":{"type":"Point","coordinates":[-107.7784,39.7695]},"properties":{"s":48.7,"pub":true}},{"type":"Feature","geometry":{"type":"Point","coordinates":[-107.7784,39.7753]},"properties":{"s":69.2,"pub":true}},{"type":"Feature","geometry":{"type":"Point","coordinates":[-107.7784,39.7811]},"properties":{"s":69.2,"pub":true}},{"type":"Feature","geometry":{"type":"Point","coordinates":[-107.7784,39.7869]},"properties":{"s":48.7,"pub":true}},{"type":"Feature","geometry":{"type":"Point","coordinates":[-107.7709,39.7115]},"properties":{"s":17.9,"pub":true}},{"type":"Feature","geometry":{"type":"Point","coordinates":[-107.7709,39.7173]},"properties":{"s":17.9,"pub":true}},{"type":"Feature","geometry":{"type":"Point","coordinates":[-107.7709,39.7231]},"properties":{"s":17.9,"pub":true}},{"type":"Feature","geometry":{"type":"Point","coordinates":[-107.7709,39.7289]},"properties":{"s":17.9,"pub":true}},{"type":"Feature","geometry":{"type":"Point","coordinates":[-107.7709,39.7347]},"properties":{"s":17.9,"pub":true}},{"type":"Feature","geometry":{"type":"Point","coordinates":[-107.7709,39.7405]},"properties":{"s":17.9,"pub":true}},{"type":"Feature","geometry":{"type":"Point","coordinates":[-107.7709,39.7463]},"properties":{"s":69.2,"pub":true}},{"type":"Feature","geometry":{"type":"Point","coordinates":[-107.7709,39.7521]},"properties":{"s":69.2,"pub":true}},{"type":"Feature","geometry":{"type":"Point","coordinates":[-107.7709,39.7579]},"properties":{"s":69.2,"pub":true}},{"type":"Feature","geometry":{"type":"Point","coordinates":[-107.7709,39.7637]},"properties":{"s":69.2,"pub":true}},{"type":"Feature","geometry":{"type":"Point","coordinates":[-107.7709,39.7695]},"properties":{"s":69.2,"pub":true}},{"type":"Feature","geometry":{"type":"Point","coordinates":[-107.7709,39.7753]},"properties":{"s":69.2,"pub":true}},{"type":"Feature","geometry":{"type":"Point","coordinates":[-107.7709,39.7811]},"properties":{"s":69.2,"pub":true}},{"type":"Feature","geometry":{"type":"Point","coordinates":[-107.7709,39.7869]},"properties":{"s":48.7,"pub":true}},{"type":"Feature","geometry":{"type":"Point","coordinates":[-107.7634,39.7115]},"properties":{"s":17.9,"pub":true}},{"type":"Feature","geometry":{"type":"Point","coordinates":[-107.7634,39.7173]},"properties":{"s":17.9,"pub":false}},{"type":"Feature","geometry":{"type":"Point","coordinates":[-107.7634,39.7231]},"properties":{"s":17.9,"pub":false}},{"type":"Feature","geometry":{"type":"Point","coordinates":[-107.7634,39.7289]},"properties":{"s":17.9,"pub":false}},{"type":"Feature","geometry":{"type":"Point","coordinates":[-107.7634,39.7347]},"properties":{"s":17.9,"pub":false}},{"type":"Feature","geometry":{"type":"Point","coordinates":[-107.7634,39.7405]},"properties":{"s":38.5,"pub":true}},{"type":"Feature","geometry":{"type":"Point","coordinates":[-107.7634,39.7463]},"properties":{"s":38.5,"pub":true}},{"type":"Feature","geometry":{"type":"Point","coordinates":[-107.7634,39.7521]},"properties":{"s":69.2,"pub":true}},{"type":"Feature","geometry":{"type":"Point","coordinates":[-107.7634,39.7579]},"properties":{"s":38.5,"pub":true}},{"type":"Feature","geometry":{"type":"Point","coordinates":[-107.7634,39.7637]},"properties":{"s":69.2,"pub":true}},{"type":"Feature","geometry":{"type":"Point","coordinates":[-107.7634,39.7695]},"properties":{"s":69.2,"pub":true}},{"type":"Feature","geometry":{"type":"Point","coordinates":[-107.7634,39.7753]},"properties":{"s":69.2,"pub":true}},{"type":"Feature","geometry":{"type":"Point","coordinates":[-107.7634,39.7811]},"properties":{"s":69.2,"pub":true}},{"type":"Feature","geometry":{"type":"Point","coordinates":[-107.7634,39.7869]},"properties":{"s":69.2,"pub":true}},{"type":"Feature","geometry":{"type":"Point","coordinates":[-107.7559,39.7115]},"properties":{"s":17.9,"pub":true}},{"type":"Feature","geometry":{"type":"Point","coordinates":[-107.7559,39.7173]},"properties":{"s":17.9,"pub":false}},{"type":"Feature","geometry":{"type":"Point","coordinates":[-107.7559,39.7231]},"properties":{"s":17.9,"pub":false}},{"type":"Feature","geometry":{"type":"Point","coordinates":[-107.7559,39.7289]},"properties":{"s":17.9,"pub":false}},{"type":"Feature","geometry":{"type":"Point","coordinates":[-107.7559,39.7347]},"properties":{"s":17.9,"pub":false}},{"type":"Feature","geometry":{"type":"Point","coordinates":[-107.7559,39.7405]},"properties":{"s":17.9,"pub":true}},{"type":"Feature","geometry":{"type":"Point","coordinates":[-107.7559,39.7463]},"properties":{"s":38.5,"pub":true}},{"type":"Feature","geometry":{"type":"Point","coordinates":[-107.7559,39.7521]},"properties":{"s":38.5,"pub":true}},{"type":"Feature","geometry":{"type":"Point","coordinates":[-107.7559,39.7579]},"properties":{"s":17.9,"pub":true}},{"type":"Feature","geometry":{"type":"Point","coordinates":[-107.7559,39.7637]},"properties":{"s":17.9,"pub":true}},{"type":"Feature","geometry":{"type":"Point","coordinates":[-107.7559,39.7695]},"properties":{"s":17.9,"pub":true}},{"type":"Feature","geometry":{"type":"Point","coordinates":[-107.7559,39.7753]},"properties":{"s":69.2,"pub":true}},{"type":"Feature","geometry":{"type":"Point","coordinates":[-107.7559,39.7811]},"properties":{"s":69.2,"pub":true}},{"type":"Feature","geometry":{"type":"Point","coordinates":[-107.7559,39.7869]},"properties":{"s":69.2,"pub":true}},{"type":"Feature","geometry":{"type":"Point","coordinates":[-107.7484,39.7057]},"properties":{"s":17.9,"pub":false}},{"type":"Feature","geometry":{"type":"Point","coordinates":[-107.7484,39.7115]},"properties":{"s":17.9,"pub":false}},{"type":"Feature","geometry":{"type":"Point","coordinates":[-107.7484,39.7173]},"properties":{"s":17.9,"pub":true}},{"type":"Feature","geometry":{"type":"Point","coordinates":[-107.7484,39.7231]},"properties":{"s":17.9,"pub":true}},{"type":"Feature","geometry":{"type":"Point","coordinates":[-107.7484,39.7289]},"properties":{"s":17.9,"pub":true}},{"type":"Feature","geometry":{"type":"Point","coordinates":[-107.7484,39.7347]},"properties":{"s":17.9,"pub":true}},{"type":"Feature","geometry":{"type":"Point","coordinates":[-107.7484,39.7405]},"properties":{"s":17.9,"pub":true}},{"type":"Feature","geometry":{"type":"Point","coordinates":[-107.7484,39.7463]},"properties":{"s":17.9,"pub":true}},{"type":"Feature","geometry":{"type":"Point","coordinates":[-107.7484,39.7521]},"properties":{"s":17.9,"pub":true}},{"type":"Feature","geometry":{"type":"Point","coordinates":[-107.7484,39.7579]},"properties":{"s":17.9,"pub":true}},{"type":"Feature","geometry":{"type":"Point","coordinates":[-107.7484,39.7637]},"properties":{"s":17.9,"pub":true}},{"type":"Feature","geometry":{"type":"Point","coordinates":[-107.7484,39.7695]},"properties":{"s":17.9,"pub":true}},{"type":"Feature","geometry":{"type":"Point","coordinates":[-107.7484,39.7753]},"properties":{"s":48.7,"pub":true}},{"type":"Feature","geometry":{"type":"Point","coordinates":[-107.7484,39.7811]},"properties":{"s":69.2,"pub":true}},{"type":"Feature","geometry":{"type":"Point","coordinates":[-107.7484,39.7869]},"properties":{"s":69.2,"pub":true}},{"type":"Feature","geometry":{"type":"Point","coordinates":[-107.7409,39.7115]},"properties":{"s":17.9,"pub":false}},{"type":"Feature","geometry":{"type":"Point","coordinates":[-107.7409,39.7173]},"properties":{"s":17.9,"pub":true}},{"type":"Feature","geometry":{"type":"Point","coordinates":[-107.7409,39.7231]},"properties":{"s":17.9,"pub":true}},{"type":"Feature","geometry":{"type":"Point","coordinates":[-107.7409,39.7289]},"properties":{"s":17.9,"pub":true}},{"type":"Feature","geometry":{"type":"Point","coordinates":[-107.7409,39.7347]},"properties":{"s":17.9,"pub":true}},{"type":"Feature","geometry":{"type":"Point","coordinates":[-107.7409,39.7405]},"properties":{"s":17.9,"pub":true}},{"type":"Feature","geometry":{"type":"Point","coordinates":[-107.7409,39.7463]},"properties":{"s":17.9,"pub":true}},{"type":"Feature","geometry":{"type":"Point","coordinates":[-107.7409,39.7521]},"properties":{"s":17.9,"pub":true}},{"type":"Feature","geometry":{"type":"Point","coordinates":[-107.7409,39.7579]},"properties":{"s":17.9,"pub":true}},{"type":"Feature","geometry":{"type":"Point","coordinates":[-107.7409,39.7637]},"properties":{"s":17.9,"pub":true}},{"type":"Feature","geometry":{"type":"Point","coordinates":[-107.7409,39.7695]},"properties":{"s":17.9,"pub":true}},{"type":"Feature","geometry":{"type":"Point","coordinates":[-107.7409,39.7753]},"properties":{"s":48.7,"pub":true}},{"type":"Feature","geometry":{"type":"Point","coordinates":[-107.7409,39.7811]},"properties":{"s":69.2,"pub":true}},{"type":"Feature","geometry":{"type":"Point","coordinates":[-107.7409,39.7869]},"properties":{"s":69.2,"pub":true}},{"type":"Feature","geometry":{"type":"Point","coordinates":[-107.7409,39.7985]},"properties":{"s":69.2,"pub":true}},{"type":"Feature","geometry":{"type":"Point","coordinates":[-107.7334,39.7115]},"properties":{"s":17.9,"pub":false}},{"type":"Feature","geometry":{"type":"Point","coordinates":[-107.7334,39.7173]},"properties":{"s":17.9,"pub":false}},{"type":"Feature","geometry":{"type":"Point","coordinates":[-107.7334,39.7231]},"properties":{"s":17.9,"pub":false}},{"type":"Feature","geometry":{"type":"Point","coordinates":[-107.7334,39.7289]},"properties":{"s":17.9,"pub":false}},{"type":"Feature","geometry":{"type":"Point","coordinates":[-107.7334,39.7347]},"properties":{"s":17.9,"pub":false}},{"type":"Feature","geometry":{"type":"Point","coordinates":[-107.7334,39.7405]},"properties":{"s":17.9,"pub":true}},{"type":"Feature","geometry":{"type":"Point","coordinates":[-107.7334,39.7463]},"properties":{"s":17.9,"pub":true}},{"type":"Feature","geometry":{"type":"Point","coordinates":[-107.7334,39.7521]},"properties":{"s":17.9,"pub":true}},{"type":"Feature","geometry":{"type":"Point","coordinates":[-107.7334,39.7579]},"properties":{"s":17.9,"pub":true}},{"type":"Feature","geometry":{"type":"Point","coordinates":[-107.7334,39.7637]},"properties":{"s":17.9,"pub":true}},{"type":"Feature","geometry":{"type":"Point","coordinates":[-107.7334,39.7695]},"properties":{"s":17.9,"pub":true}},{"type":"Feature","geometry":{"type":"Point","coordinates":[-107.7334,39.7753]},"properties":{"s":48.7,"pub":true}},{"type":"Feature","geometry":{"type":"Point","coordinates":[-107.7334,39.7811]},"properties":{"s":69.2,"pub":true}},{"type":"Feature","geometry":{"type":"Point","coordinates":[-107.7334,39.7869]},"properties":{"s":69.2,"pub":true}},{"type":"Feature","geometry":{"type":"Point","coordinates":[-107.7334,39.7927]},"properties":{"s":69.2,"pub":true}},{"type":"Feature","geometry":{"type":"Point","coordinates":[-107.7334,39.7985]},"properties":{"s":69.2,"pub":true}},{"type":"Feature","geometry":{"type":"Point","coordinates":[-107.7334,39.8043]},"properties":{"s":69.2,"pub":true}},{"type":"Feature","geometry":{"type":"Point","coordinates":[-107.7259,39.7057]},"properties":{"s":17.9,"pub":false}},{"type":"Feature","geometry":{"type":"Point","coordinates":[-107.7259,39.7115]},"properties":{"s":17.9,"pub":false}},{"type":"Feature","geometry":{"type":"Point","coordinates":[-107.7259,39.7173]},"properties":{"s":17.9,"pub":false}},{"type":"Feature","geometry":{"type":"Point","coordinates":[-107.7259,39.7231]},"properties":{"s":17.9,"pub":false}},{"type":"Feature","geometry":{"type":"Point","coordinates":[-107.7259,39.7289]},"properties":{"s":17.9,"pub":false}},{"type":"Feature","geometry":{"type":"Point","coordinates":[-107.7259,39.7347]},"properties":{"s":17.9,"pub":false}},{"type":"Feature","geometry":{"type":"Point","coordinates":[-107.7259,39.7405]},"properties":{"s":17.9,"pub":true}},{"type":"Feature","geometry":{"type":"Point","coordinates":[-107.7259,39.7463]},"properties":{"s":17.9,"pub":true}},{"type":"Feature","geometry":{"type":"Point","coordinates":[-107.7259,39.7521]},"properties":{"s":17.9,"pub":true}},{"type":"Feature","geometry":{"type":"Point","coordinates":[-107.7259,39.7579]},"properties":{"s":17.9,"pub":true}},{"type":"Feature","geometry":{"type":"Point","coordinates":[-107.7259,39.7637]},"properties":{"s":17.9,"pub":true}},{"type":"Feature","geometry":{"type":"Point","coordinates":[-107.7259,39.7695]},"properties":{"s":48.7,"pub":true}},{"type":"Feature","geometry":{"type":"Point","coordinates":[-107.7259,39.7753]},"properties":{"s":69.2,"pub":true}},{"type":"Feature","geometry":{"type":"Point","coordinates":[-107.7259,39.7811]},"properties":{"s":69.2,"pub":true}},{"type":"Feature","geometry":{"type":"Point","coordinates":[-107.7259,39.7869]},"properties":{"s":69.2,"pub":true}},{"type":"Feature","geometry":{"type":"Point","coordinates":[-107.7259,39.7927]},"properties":{"s":69.2,"pub":true}},{"type":"Feature","geometry":{"type":"Point","coordinates":[-107.7259,39.7985]},"properties":{"s":69.2,"pub":true}},{"type":"Feature","geometry":{"type":"Point","coordinates":[-107.7259,39.8043]},"properties":{"s":69.2,"pub":true}},{"type":"Feature","geometry":{"type":"Point","coordinates":[-107.7184,39.7057]},"properties":{"s":17.9,"pub":false}},{"type":"Feature","geometry":{"type":"Point","coordinates":[-107.7184,39.7115]},"properties":{"s":17.9,"pub":false}},{"type":"Feature","geometry":{"type":"Point","coordinates":[-107.7184,39.7173]},"properties":{"s":17.9,"pub":false}},{"type":"Feature","geometry":{"type":"Point","coordinates":[-107.7184,39.7231]},"properties":{"s":17.9,"pub":false}},{"type":"Feature","geometry":{"type":"Point","coordinates":[-107.7184,39.7289]},"properties":{"s":17.9,"pub":false}},{"type":"Feature","geometry":{"type":"Point","coordinates":[-107.7184,39.7347]},"properties":{"s":17.9,"pub":false}},{"type":"Feature","geometry":{"type":"Point","coordinates":[-107.7184,39.7405]},"properties":{"s":17.9,"pub":true}},{"type":"Feature","geometry":{"type":"Point","coordinates":[-107.7184,39.7463]},"properties":{"s":17.9,"pub":true}},{"type":"Feature","geometry":{"type":"Point","coordinates":[-107.7184,39.7521]},"properties":{"s":17.9,"pub":true}},{"type":"Feature","geometry":{"type":"Point","coordinates":[-107.7184,39.7579]},"properties":{"s":17.9,"pub":true}},{"type":"Feature","geometry":{"type":"Point","coordinates":[-107.7184,39.7637]},"properties":{"s":17.9,"pub":true}},{"type":"Feature","geometry":{"type":"Point","coordinates":[-107.7184,39.7695]},"properties":{"s":48.7,"pub":true}},{"type":"Feature","geometry":{"type":"Point","coordinates":[-107.7184,39.7753]},"properties":{"s":69.2,"pub":true}},{"type":"Feature","geometry":{"type":"Point","coordinates":[-107.7184,39.7811]},"properties":{"s":69.2,"pub":true}},{"type":"Feature","geometry":{"type":"Point","coordinates":[-107.7184,39.7869]},"properties":{"s":69.2,"pub":true}},{"type":"Feature","geometry":{"type":"Point","coordinates":[-107.7184,39.7927]},"properties":{"s":69.2,"pub":true}},{"type":"Feature","geometry":{"type":"Point","coordinates":[-107.7184,39.7985]},"properties":{"s":69.2,"pub":true}},{"type":"Feature","geometry":{"type":"Point","coordinates":[-107.7184,39.8043]},"properties":{"s":69.2,"pub":true}},{"type":"Feature","geometry":{"type":"Point","coordinates":[-107.7109,39.6999]},"properties":{"s":17.9,"pub":true}},{"type":"Feature","geometry":{"type":"Point","coordinates":[-107.7109,39.7057]},"properties":{"s":17.9,"pub":false}},{"type":"Feature","geometry":{"type":"Point","coordinates":[-107.7109,39.7115]},"properties":{"s":17.9,"pub":false}},{"type":"Feature","geometry":{"type":"Point","coordinates":[-107.7109,39.7173]},"properties":{"s":17.9,"pub":false}},{"type":"Feature","geometry":{"type":"Point","coordinates":[-107.7109,39.7231]},"properties":{"s":17.9,"pub":false}},{"type":"Feature","geometry":{"type":"Point","coordinates":[-107.7109,39.7289]},"properties":{"s":17.9,"pub":false}},{"type":"Feature","geometry":{"type":"Point","coordinates":[-107.7109,39.7347]},"properties":{"s":17.9,"pub":false}},{"type":"Feature","geometry":{"type":"Point","coordinates":[-107.7109,39.7405]},"properties":{"s":17.9,"pub":true}},{"type":"Feature","geometry":{"type":"Point","coordinates":[-107.7109,39.7463]},"properties":{"s":17.9,"pub":true}},{"type":"Feature","geometry":{"type":"Point","coordinates":[-107.7109,39.7521]},"properties":{"s":17.9,"pub":true}},{"type":"Feature","geometry":{"type":"Point","coordinates":[-107.7109,39.7579]},"properties":{"s":17.9,"pub":true}},{"type":"Feature","geometry":{"type":"Point","coordinates":[-107.7109,39.7637]},"properties":{"s":17.9,"pub":true}},{"type":"Feature","geometry":{"type":"Point","coordinates":[-107.7109,39.7695]},"properties":{"s":69.2,"pub":true}},{"type":"Feature","geometry":{"type":"Point","coordinates":[-107.7109,39.7753]},"properties":{"s":69.2,"pub":true}},{"type":"Feature","geometry":{"type":"Point","coordinates":[-107.7109,39.7811]},"properties":{"s":69.2,"pub":true}},{"type":"Feature","geometry":{"type":"Point","coordinates":[-107.7109,39.7869]},"properties":{"s":69.2,"pub":true}},{"type":"Feature","geometry":{"type":"Point","coordinates":[-107.7109,39.7927]},"properties":{"s":69.2,"pub":true}},{"type":"Feature","geometry":{"type":"Point","coordinates":[-107.7109,39.7985]},"properties":{"s":69.2,"pub":true}},{"type":"Feature","geometry":{"type":"Point","coordinates":[-107.7109,39.8043]},"properties":{"s":69.2,"pub":true}},{"type":"Feature","geometry":{"type":"Point","coordinates":[-107.7109,39.8101]},"properties":{"s":69.2,"pub":true}},{"type":"Feature","geometry":{"type":"Point","coordinates":[-107.7034,39.6941]},"properties":{"s":17.9,"pub":true}},{"type":"Feature","geometry":{"type":"Point","coordinates":[-107.7034,39.6999]},"properties":{"s":17.9,"pub":false}},{"type":"Feature","geometry":{"type":"Point","coordinates":[-107.7034,39.7057]},"properties":{"s":17.9,"pub":false}},{"type":"Feature","geometry":{"type":"Point","coordinates":[-107.7034,39.7115]},"properties":{"s":17.9,"pub":false}},{"type":"Feature","geometry":{"type":"Point","coordinates":[-107.7034,39.7173]},"properties":{"s":17.9,"pub":false}},{"type":"Feature","geometry":{"type":"Point","coordinates":[-107.7034,39.7231]},"properties":{"s":17.9,"pub":false}},{"type":"Feature","geometry":{"type":"Point","coordinates":[-107.7034,39.7289]},"properties":{"s":17.9,"pub":false}},{"type":"Feature","geometry":{"type":"Point","coordinates":[-107.7034,39.7347]},"properties":{"s":17.9,"pub":false}},{"type":"Feature","geometry":{"type":"Point","coordinates":[-107.7034,39.7405]},"properties":{"s":17.9,"pub":true}},{"type":"Feature","geometry":{"type":"Point","coordinates":[-107.7034,39.7463]},"properties":{"s":17.9,"pub":true}},{"type":"Feature","geometry":{"type":"Point","coordinates":[-107.7034,39.7521]},"properties":{"s":17.9,"pub":true}},{"type":"Feature","geometry":{"type":"Point","coordinates":[-107.7034,39.7579]},"properties":{"s":17.9,"pub":true}},{"type":"Feature","geometry":{"type":"Point","coordinates":[-107.7034,39.7637]},"properties":{"s":38.5,"pub":true}},{"type":"Feature","geometry":{"type":"Point","coordinates":[-107.7034,39.7695]},"properties":{"s":38.5,"pub":true}},{"type":"Feature","geometry":{"type":"Point","coordinates":[-107.7034,39.7753]},"properties":{"s":38.5,"pub":true}},{"type":"Feature","geometry":{"type":"Point","coordinates":[-107.7034,39.7811]},"properties":{"s":38.5,"pub":true}},{"type":"Feature","geometry":{"type":"Point","coordinates":[-107.7034,39.7869]},"properties":{"s":69.2,"pub":true}},{"type":"Feature","geometry":{"type":"Point","coordinates":[-107.7034,39.7927]},"properties":{"s":69.2,"pub":true}},{"type":"Feature","geometry":{"type":"Point","coordinates":[-107.7034,39.7985]},"properties":{"s":69.2,"pub":true}},{"type":"Feature","geometry":{"type":"Point","coordinates":[-107.7034,39.8043]},"properties":{"s":69.2,"pub":true}},{"type":"Feature","geometry":{"type":"Point","coordinates":[-107.7034,39.8101]},"properties":{"s":69.2,"pub":true}},{"type":"Feature","geometry":{"type":"Point","coordinates":[-107.6959,39.6883]},"properties":{"s":17.9,"pub":true}},{"type":"Feature","geometry":{"type":"Point","coordinates":[-107.6959,39.6941]},"properties":{"s":17.9,"pub":true}},{"type":"Feature","geometry":{"type":"Point","coordinates":[-107.6959,39.6999]},"properties":{"s":17.9,"pub":true}},{"type":"Feature","geometry":{"type":"Point","coordinates":[-107.6959,39.7057]},"properties":{"s":17.9,"pub":false}},{"type":"Feature","geometry":{"type":"Point","coordinates":[-107.6959,39.7115]},"properties":{"s":17.9,"pub":false}},{"type":"Feature","geometry":{"type":"Point","coordinates":[-107.6959,39.7173]},"properties":{"s":17.9,"pub":false}},{"type":"Feature","geometry":{"type":"Point","coordinates":[-107.6959,39.7231]},"properties":{"s":17.9,"pub":false}},{"type":"Feature","geometry":{"type":"Point","coordinates":[-107.6959,39.7289]},"properties":{"s":17.9,"pub":false}},{"type":"Feature","geometry":{"type":"Point","coordinates":[-107.6959,39.7347]},"properties":{"s":17.9,"pub":false}},{"type":"Feature","geometry":{"type":"Point","coordinates":[-107.6959,39.7405]},"properties":{"s":17.9,"pub":true}},{"type":"Feature","geometry":{"type":"Point","coordinates":[-107.6959,39.7463]},"properties":{"s":17.9,"pub":true}},{"type":"Feature","geometry":{"type":"Point","coordinates":[-107.6959,39.7521]},"properties":{"s":17.9,"pub":true}},{"type":"Feature","geometry":{"type":"Point","coordinates":[-107.6959,39.7579]},"properties":{"s":17.9,"pub":true}},{"type":"Feature","geometry":{"type":"Point","coordinates":[-107.6959,39.7637]},"properties":{"s":17.9,"pub":true}},{"type":"Feature","geometry":{"type":"Point","coordinates":[-107.6959,39.7695]},"properties":{"s":17.9,"pub":true}},{"type":"Feature","geometry":{"type":"Point","coordinates":[-107.6959,39.7753]},"properties":{"s":38.5,"pub":true}},{"type":"Feature","geometry":{"type":"Point","coordinates":[-107.6959,39.7811]},"properties":{"s":38.5,"pub":true}},{"type":"Feature","geometry":{"type":"Point","coordinates":[-107.6959,39.7869]},"properties":{"s":69.2,"pub":true}},{"type":"Feature","geometry":{"type":"Point","coordinates":[-107.6959,39.7927]},"properties":{"s":69.2,"pub":true}},{"type":"Feature","geometry":{"type":"Point","coordinates":[-107.6959,39.7985]},"properties":{"s":69.2,"pub":true}},{"type":"Feature","geometry":{"type":"Point","coordinates":[-107.6959,39.8043]},"properties":{"s":69.2,"pub":true}},{"type":"Feature","geometry":{"type":"Point","coordinates":[-107.6959,39.8101]},"properties":{"s":69.2,"pub":true}},{"type":"Feature","geometry":{"type":"Point","coordinates":[-107.6959,39.8159]},"properties":{"s":69.2,"pub":true}},{"type":"Feature","geometry":{"type":"Point","coordinates":[-107.6959,39.8217]},"properties":{"s":69.2,"pub":true}},{"type":"Feature","geometry":{"type":"Point","coordinates":[-107.6884,39.6883]},"properties":{"s":17.9,"pub":true}},{"type":"Feature","geometry":{"type":"Point","coordinates":[-107.6884,39.6941]},"properties":{"s":38.5,"pub":true}},{"type":"Feature","geometry":{"type":"Point","coordinates":[-107.6884,39.6999]},"properties":{"s":38.5,"pub":true}},{"type":"Feature","geometry":{"type":"Point","coordinates":[-107.6884,39.7057]},"properties":{"s":38.5,"pub":true}},{"type":"Feature","geometry":{"type":"Point","coordinates":[-107.6884,39.7115]},"properties":{"s":38.5,"pub":true}},{"type":"Feature","geometry":{"type":"Point","coordinates":[-107.6884,39.7173]},"properties":{"s":17.9,"pub":false}},{"type":"Feature","geometry":{"type":"Point","coordinates":[-107.6884,39.7231]},"properties":{"s":17.9,"pub":false}},{"type":"Feature","geometry":{"type":"Point","coordinates":[-107.6884,39.7289]},"properties":{"s":17.9,"pub":false}},{"type":"Feature","geometry":{"type":"Point","coordinates":[-107.6884,39.7347]},"properties":{"s":17.9,"pub":false}},{"type":"Feature","geometry":{"type":"Point","coordinates":[-107.6884,39.7405]},"properties":{"s":17.9,"pub":true}},{"type":"Feature","geometry":{"type":"Point","coordinates":[-107.6884,39.7463]},"properties":{"s":17.9,"pub":true}},{"type":"Feature","geometry":{"type":"Point","coordinates":[-107.6884,39.7521]},"properties":{"s":17.9,"pub":true}},{"type":"Feature","geometry":{"type":"Point","coordinates":[-107.6884,39.7579]},"properties":{"s":17.9,"pub":true}},{"type":"Feature","geometry":{"type":"Point","coordinates":[-107.6884,39.7637]},"properties":{"s":17.9,"pub":true}},{"type":"Feature","geometry":{"type":"Point","coordinates":[-107.6884,39.7695]},"properties":{"s":17.9,"pub":true}},{"type":"Feature","geometry":{"type":"Point","coordinates":[-107.6884,39.7753]},"properties":{"s":38.5,"pub":true}},{"type":"Feature","geometry":{"type":"Point","coordinates":[-107.6884,39.7811]},"properties":{"s":38.5,"pub":true}},{"type":"Feature","geometry":{"type":"Point","coordinates":[-107.6884,39.7869]},"properties":{"s":69.2,"pub":true}},{"type":"Feature","geometry":{"type":"Point","coordinates":[-107.6884,39.7927]},"properties":{"s":69.2,"pub":true}},{"type":"Feature","geometry":{"type":"Point","coordinates":[-107.6884,39.7985]},"properties":{"s":69.2,"pub":true}},{"type":"Feature","geometry":{"type":"Point","coordinates":[-107.6884,39.8043]},"properties":{"s":69.2,"pub":true}},{"type":"Feature","geometry":{"type":"Point","coordinates":[-107.6884,39.8101]},"properties":{"s":69.2,"pub":true}},{"type":"Feature","geometry":{"type":"Point","coordinates":[-107.6809,39.6825]},"properties":{"s":17.9,"pub":true}},{"type":"Feature","geometry":{"type":"Point","coordinates":[-107.6809,39.6883]},"properties":{"s":38.5,"pub":true}},{"type":"Feature","geometry":{"type":"Point","coordinates":[-107.6809,39.6941]},"properties":{"s":38.5,"pub":true}},{"type":"Feature","geometry":{"type":"Point","coordinates":[-107.6809,39.6999]},"properties":{"s":38.5,"pub":true}},{"type":"Feature","geometry":{"type":"Point","coordinates":[-107.6809,39.7057]},"properties":{"s":38.5,"pub":true}},{"type":"Feature","geometry":{"type":"Point","coordinates":[-107.6809,39.7115]},"properties":{"s":38.5,"pub":false}},{"type":"Feature","geometry":{"type":"Point","coordinates":[-107.6809,39.7173]},"properties":{"s":38.5,"pub":false}},{"type":"Feature","geometry":{"type":"Point","coordinates":[-107.6809,39.7231]},"properties":{"s":38.5,"pub":false}},{"type":"Feature","geometry":{"type":"Point","coordinates":[-107.6809,39.7289]},"properties":{"s":38.5,"pub":false}},{"type":"Feature","geometry":{"type":"Point","coordinates":[-107.6809,39.7347]},"properties":{"s":17.9,"pub":false}},{"type":"Feature","geometry":{"type":"Point","coordinates":[-107.6809,39.7405]},"properties":{"s":17.9,"pub":true}},{"type":"Feature","geometry":{"type":"Point","coordinates":[-107.6809,39.7463]},"properties":{"s":17.9,"pub":true}},{"type":"Feature","geometry":{"type":"Point","coordinates":[-107.6809,39.7521]},"properties":{"s":17.9,"pub":true}},{"type":"Feature","geometry":{"type":"Point","coordinates":[-107.6809,39.7579]},"properties":{"s":17.9,"pub":true}},{"type":"Feature","geometry":{"type":"Point","coordinates":[-107.6809,39.7637]},"properties":{"s":17.9,"pub":true}},{"type":"Feature","geometry":{"type":"Point","coordinates":[-107.6809,39.7695]},"properties":{"s":17.9,"pub":true}},{"type":"Feature","geometry":{"type":"Point","coordinates":[-107.6809,39.7753]},"properties":{"s":38.5,"pub":true}},{"type":"Feature","geometry":{"type":"Point","coordinates":[-107.6809,39.7811]},"properties":{"s":38.5,"pub":true}},{"type":"Feature","geometry":{"type":"Point","coordinates":[-107.6809,39.7869]},"properties":{"s":69.2,"pub":true}},{"type":"Feature","geometry":{"type":"Point","coordinates":[-107.6809,39.7927]},"properties":{"s":69.2,"pub":true}},{"type":"Feature","geometry":{"type":"Point","coordinates":[-107.6809,39.7985]},"properties":{"s":69.2,"pub":true}},{"type":"Feature","geometry":{"type":"Point","coordinates":[-107.6809,39.8043]},"properties":{"s":69.2,"pub":true}},{"type":"Feature","geometry":{"type":"Point","coordinates":[-107.6734,39.6825]},"properties":{"s":17.9,"pub":true}},{"type":"Feature","geometry":{"type":"Point","coordinates":[-107.6734,39.6883]},"properties":{"s":38.5,"pub":true}},{"type":"Feature","geometry":{"type":"Point","coordinates":[-107.6734,39.6941]},"properties":{"s":38.5,"pub":true}},{"type":"Feature","geometry":{"type":"Point","coordinates":[-107.6734,39.6999]},"properties":{"s":38.5,"pub":false}},{"type":"Feature","geometry":{"type":"Point","coordinates":[-107.6734,39.7057]},"properties":{"s":38.5,"pub":false}},{"type":"Feature","geometry":{"type":"Point","coordinates":[-107.6734,39.7115]},"properties":{"s":38.5,"pub":false}},{"type":"Feature","geometry":{"type":"Point","coordinates":[-107.6734,39.7173]},"properties":{"s":38.5,"pub":false}},{"type":"Feature","geometry":{"type":"Point","coordinates":[-107.6734,39.7231]},"properties":{"s":38.5,"pub":false}},{"type":"Feature","geometry":{"type":"Point","coordinates":[-107.6734,39.7289]},"properties":{"s":38.5,"pub":false}},{"type":"Feature","geometry":{"type":"Point","coordinates":[-107.6734,39.7347]},"properties":{"s":38.5,"pub":false}},{"type":"Feature","geometry":{"type":"Point","coordinates":[-107.6734,39.7405]},"properties":{"s":17.9,"pub":true}},{"type":"Feature","geometry":{"type":"Point","coordinates":[-107.6734,39.7463]},"properties":{"s":17.9,"pub":true}},{"type":"Feature","geometry":{"type":"Point","coordinates":[-107.6734,39.7521]},"properties":{"s":17.9,"pub":true}},{"type":"Feature","geometry":{"type":"Point","coordinates":[-107.6734,39.7579]},"properties":{"s":17.9,"pub":true}},{"type":"Feature","geometry":{"type":"Point","coordinates":[-107.6734,39.7637]},"properties":{"s":17.9,"pub":true}},{"type":"Feature","geometry":{"type":"Point","coordinates":[-107.6734,39.7695]},"properties":{"s":17.9,"pub":true}},{"type":"Feature","geometry":{"type":"Point","coordinates":[-107.6734,39.7753]},"properties":{"s":17.9,"pub":true}},{"type":"Feature","geometry":{"type":"Point","coordinates":[-107.6734,39.7811]},"properties":{"s":38.5,"pub":true}},{"type":"Feature","geometry":{"type":"Point","coordinates":[-107.6734,39.7869]},"properties":{"s":69.2,"pub":true}},{"type":"Feature","geometry":{"type":"Point","coordinates":[-107.6734,39.7927]},"properties":{"s":69.2,"pub":true}},{"type":"Feature","geometry":{"type":"Point","coordinates":[-107.6734,39.7985]},"properties":{"s":69.2,"pub":true}},{"type":"Feature","geometry":{"type":"Point","coordinates":[-107.6734,39.8043]},"properties":{"s":69.2,"pub":true}},{"type":"Feature","geometry":{"type":"Point","coordinates":[-107.6659,39.6767]},"properties":{"s":17.9,"pub":true}},{"type":"Feature","geometry":{"type":"Point","coordinates":[-107.6659,39.6825]},"properties":{"s":17.9,"pub":true}},{"type":"Feature","geometry":{"type":"Point","coordinates":[-107.6659,39.6883]},"properties":{"s":17.9,"pub":false}},{"type":"Feature","geometry":{"type":"Point","coordinates":[-107.6659,39.6941]},"properties":{"s":17.9,"pub":false}},{"type":"Feature","geometry":{"type":"Point","coordinates":[-107.6659,39.6999]},"properties":{"s":17.9,"pub":false}},{"type":"Feature","geometry":{"type":"Point","coordinates":[-107.6659,39.7057]},"properties":{"s":38.5,"pub":false}},{"type":"Feature","geometry":{"type":"Point","coordinates":[-107.6659,39.7115]},"properties":{"s":38.5,"pub":false}},{"type":"Feature","geometry":{"type":"Point","coordinates":[-107.6659,39.7173]},"properties":{"s":38.5,"pub":false}},{"type":"Feature","geometry":{"type":"Point","coordinates":[-107.6659,39.7231]},"properties":{"s":38.5,"pub":false}},{"type":"Feature","geometry":{"type":"Point","coordinates":[-107.6659,39.7289]},"properties":{"s":38.5,"pub":false}},{"type":"Feature","geometry":{"type":"Point","coordinates":[-107.6659,39.7347]},"properties":{"s":38.5,"pub":false}},{"type":"Feature","geometry":{"type":"Point","coordinates":[-107.6659,39.7405]},"properties":{"s":38.5,"pub":true}},{"type":"Feature","geometry":{"type":"Point","coordinates":[-107.6659,39.7463]},"properties":{"s":38.5,"pub":true}},{"type":"Feature","geometry":{"type":"Point","coordinates":[-107.6659,39.7521]},"properties":{"s":17.9,"pub":true}},{"type":"Feature","geometry":{"type":"Point","coordinates":[-107.6659,39.7579]},"properties":{"s":17.9,"pub":true}},{"type":"Feature","geometry":{"type":"Point","coordinates":[-107.6659,39.7637]},"properties":{"s":17.9,"pub":true}},{"type":"Feature","geometry":{"type":"Point","coordinates":[-107.6659,39.7695]},"properties":{"s":17.9,"pub":true}},{"type":"Feature","geometry":{"type":"Point","coordinates":[-107.6659,39.7753]},"properties":{"s":17.9,"pub":true}},{"type":"Feature","geometry":{"type":"Point","coordinates":[-107.6659,39.7811]},"properties":{"s":38.5,"pub":true}},{"type":"Feature","geometry":{"type":"Point","coordinates":[-107.6659,39.7869]},"properties":{"s":69.2,"pub":true}},{"type":"Feature","geometry":{"type":"Point","coordinates":[-107.6659,39.7927]},"properties":{"s":69.2,"pub":true}},{"type":"Feature","geometry":{"type":"Point","coordinates":[-107.6659,39.7985]},"properties":{"s":69.2,"pub":true}},{"type":"Feature","geometry":{"type":"Point","coordinates":[-107.6659,39.8043]},"properties":{"s":69.2,"pub":true}},{"type":"Feature","geometry":{"type":"Point","coordinates":[-107.6659,39.8101]},"properties":{"s":69.2,"pub":true}},{"type":"Feature","geometry":{"type":"Point","coordinates":[-107.6584,39.6709]},"properties":{"s":17.9,"pub":true}},{"type":"Feature","geometry":{"type":"Point","coordinates":[-107.6584,39.6767]},"properties":{"s":17.9,"pub":true}},{"type":"Feature","geometry":{"type":"Point","coordinates":[-107.6584,39.6825]},"properties":{"s":17.9,"pub":false}},{"type":"Feature","geometry":{"type":"Point","coordinates":[-107.6584,39.6883]},"properties":{"s":17.9,"pub":true}},{"type":"Feature","geometry":{"type":"Point","coordinates":[-107.6584,39.6941]},"properties":{"s":17.9,"pub":true}},{"type":"Feature","geometry":{"type":"Point","coordinates":[-107.6584,39.6999]},"properties":{"s":17.9,"pub":true}},{"type":"Feature","geometry":{"type":"Point","coordinates":[-107.6584,39.7057]},"properties":{"s":17.9,"pub":true}},{"type":"Feature","geometry":{"type":"Point","coordinates":[-107.6584,39.7115]},"properties":{"s":17.9,"pub":false}},{"type":"Feature","geometry":{"type":"Point","coordinates":[-107.6584,39.7173]},"properties":{"s":17.9,"pub":false}},{"type":"Feature","geometry":{"type":"Point","coordinates":[-107.6584,39.7231]},"properties":{"s":17.9,"pub":false}},{"type":"Feature","geometry":{"type":"Point","coordinates":[-107.6584,39.7289]},"properties":{"s":38.5,"pub":false}},{"type":"Feature","geometry":{"type":"Point","coordinates":[-107.6584,39.7347]},"properties":{"s":38.5,"pub":false}},{"type":"Feature","geometry":{"type":"Point","coordinates":[-107.6584,39.7405]},"properties":{"s":38.5,"pub":true}},{"type":"Feature","geometry":{"type":"Point","coordinates":[-107.6584,39.7463]},"properties":{"s":38.5,"pub":true}},{"type":"Feature","geometry":{"type":"Point","coordinates":[-107.6584,39.7521]},"properties":{"s":17.9,"pub":true}},{"type":"Feature","geometry":{"type":"Point","coordinates":[-107.6584,39.7579]},"properties":{"s":17.9,"pub":true}},{"type":"Feature","geometry":{"type":"Point","coordinates":[-107.6584,39.7637]},"properties":{"s":17.9,"pub":true}},{"type":"Feature","geometry":{"type":"Point","coordinates":[-107.6584,39.7695]},"properties":{"s":17.9,"pub":true}},{"type":"Feature","geometry":{"type":"Point","coordinates":[-107.6584,39.7753]},"properties":{"s":17.9,"pub":true}},{"type":"Feature","geometry":{"type":"Point","coordinates":[-107.6584,39.7811]},"properties":{"s":38.5,"pub":true}},{"type":"Feature","geometry":{"type":"Point","coordinates":[-107.6584,39.7869]},"properties":{"s":38.5,"pub":true}},{"type":"Feature","geometry":{"type":"Point","coordinates":[-107.6584,39.7927]},"properties":{"s":69.2,"pub":true}},{"type":"Feature","geometry":{"type":"Point","coordinates":[-107.6584,39.7985]},"properties":{"s":69.2,"pub":true}},{"type":"Feature","geometry":{"type":"Point","coordinates":[-107.6584,39.8043]},"properties":{"s":69.2,"pub":true}},{"type":"Feature","geometry":{"type":"Point","coordinates":[-107.6584,39.8101]},"properties":{"s":69.2,"pub":true}},{"type":"Feature","geometry":{"type":"Point","coordinates":[-107.6509,39.6709]},"properties":{"s":17.9,"pub":true}},{"type":"Feature","geometry":{"type":"Point","coordinates":[-107.6509,39.6767]},"properties":{"s":17.9,"pub":true}},{"type":"Feature","geometry":{"type":"Point","coordinates":[-107.6509,39.6825]},"properties":{"s":17.9,"pub":true}},{"type":"Feature","geometry":{"type":"Point","coordinates":[-107.6509,39.6883]},"properties":{"s":17.9,"pub":true}},{"type":"Feature","geometry":{"type":"Point","coordinates":[-107.6509,39.6941]},"properties":{"s":17.9,"pub":true}},{"type":"Feature","geometry":{"type":"Point","coordinates":[-107.6509,39.6999]},"properties":{"s":17.9,"pub":true}},{"type":"Feature","geometry":{"type":"Point","coordinates":[-107.6509,39.7057]},"properties":{"s":17.9,"pub":true}},{"type":"Feature","geometry":{"type":"Point","coordinates":[-107.6509,39.7115]},"properties":{"s":17.9,"pub":true}},{"type":"Feature","geometry":{"type":"Point","coordinates":[-107.6509,39.7173]},"properties":{"s":17.9,"pub":true}},{"type":"Feature","geometry":{"type":"Point","coordinates":[-107.6509,39.7231]},"properties":{"s":17.9,"pub":true}},{"type":"Feature","geometry":{"type":"Point","coordinates":[-107.6509,39.7289]},"properties":{"s":17.9,"pub":true}},{"type":"Feature","geometry":{"type":"Point","coordinates":[-107.6509,39.7347]},"properties":{"s":17.9,"pub":true}},{"type":"Feature","geometry":{"type":"Point","coordinates":[-107.6509,39.7405]},"properties":{"s":17.9,"pub":true}},{"type":"Feature","geometry":{"type":"Point","coordinates":[-107.6509,39.7463]},"properties":{"s":17.9,"pub":true}},{"type":"Feature","geometry":{"type":"Point","coordinates":[-107.6509,39.7521]},"properties":{"s":17.9,"pub":true}},{"type":"Feature","geometry":{"type":"Point","coordinates":[-107.6509,39.7579]},"properties":{"s":17.9,"pub":true}},{"type":"Feature","geometry":{"type":"Point","coordinates":[-107.6509,39.7637]},"properties":{"s":17.9,"pub":true}},{"type":"Feature","geometry":{"type":"Point","coordinates":[-107.6509,39.7695]},"properties":{"s":17.9,"pub":true}},{"type":"Feature","geometry":{"type":"Point","coordinates":[-107.6509,39.7753]},"properties":{"s":17.9,"pub":true}},{"type":"Feature","geometry":{"type":"Point","coordinates":[-107.6509,39.7811]},"properties":{"s":38.5,"pub":true}},{"type":"Feature","geometry":{"type":"Point","coordinates":[-107.6509,39.7869]},"properties":{"s":38.5,"pub":true}},{"type":"Feature","geometry":{"type":"Point","coordinates":[-107.6509,39.7927]},"properties":{"s":69.2,"pub":true}},{"type":"Feature","geometry":{"type":"Point","coordinates":[-107.6509,39.7985]},"properties":{"s":69.2,"pub":true}},{"type":"Feature","geometry":{"type":"Point","coordinates":[-107.6434,39.6709]},"properties":{"s":17.9,"pub":true}},{"type":"Feature","geometry":{"type":"Point","coordinates":[-107.6434,39.6767]},"properties":{"s":17.9,"pub":true}},{"type":"Feature","geometry":{"type":"Point","coordinates":[-107.6434,39.6825]},"properties":{"s":17.9,"pub":true}},{"type":"Feature","geometry":{"type":"Point","coordinates":[-107.6434,39.6883]},"properties":{"s":17.9,"pub":true}},{"type":"Feature","geometry":{"type":"Point","coordinates":[-107.6434,39.6941]},"properties":{"s":17.9,"pub":true}},{"type":"Feature","geometry":{"type":"Point","coordinates":[-107.6434,39.6999]},"properties":{"s":17.9,"pub":true}},{"type":"Feature","geometry":{"type":"Point","coordinates":[-107.6434,39.7057]},"properties":{"s":17.9,"pub":true}},{"type":"Feature","geometry":{"type":"Point","coordinates":[-107.6434,39.7115]},"properties":{"s":17.9,"pub":true}},{"type":"Feature","geometry":{"type":"Point","coordinates":[-107.6434,39.7173]},"properties":{"s":17.9,"pub":true}},{"type":"Feature","geometry":{"type":"Point","coordinates":[-107.6434,39.7231]},"properties":{"s":17.9,"pub":true}},{"type":"Feature","geometry":{"type":"Point","coordinates":[-107.6434,39.7289]},"properties":{"s":17.9,"pub":true}},{"type":"Feature","geometry":{"type":"Point","coordinates":[-107.6434,39.7347]},"properties":{"s":17.9,"pub":true}},{"type":"Feature","geometry":{"type":"Point","coordinates":[-107.6434,39.7405]},"properties":{"s":17.9,"pub":true}},{"type":"Feature","geometry":{"type":"Point","coordinates":[-107.6434,39.7463]},"properties":{"s":38.5,"pub":true}},{"type":"Feature","geometry":{"type":"Point","coordinates":[-107.6434,39.7521]},"properties":{"s":69.2,"pub":true}},{"type":"Feature","geometry":{"type":"Point","coordinates":[-107.6434,39.7579]},"properties":{"s":69.2,"pub":true}},{"type":"Feature","geometry":{"type":"Point","coordinates":[-107.6434,39.7637]},"properties":{"s":69.2,"pub":true}},{"type":"Feature","geometry":{"type":"Point","coordinates":[-107.6434,39.7695]},"properties":{"s":69.2,"pub":true}},{"type":"Feature","geometry":{"type":"Point","coordinates":[-107.6434,39.7753]},"properties":{"s":38.5,"pub":true}},{"type":"Feature","geometry":{"type":"Point","coordinates":[-107.6434,39.7811]},"properties":{"s":38.5,"pub":true}},{"type":"Feature","geometry":{"type":"Point","coordinates":[-107.6434,39.7869]},"properties":{"s":38.5,"pub":true}},{"type":"Feature","geometry":{"type":"Point","coordinates":[-107.6434,39.7927]},"properties":{"s":38.5,"pub":true}},{"type":"Feature","geometry":{"type":"Point","coordinates":[-107.6434,39.7985]},"properties":{"s":38.5,"pub":true}},{"type":"Feature","geometry":{"type":"Point","coordinates":[-107.6434,39.8043]},"properties":{"s":69.2,"pub":true}},{"type":"Feature","geometry":{"type":"Point","coordinates":[-107.6434,39.8101]},"properties":{"s":69.2,"pub":true}},{"type":"Feature","geometry":{"type":"Point","coordinates":[-107.6359,39.6709]},"properties":{"s":17.9,"pub":true}},{"type":"Feature","geometry":{"type":"Point","coordinates":[-107.6359,39.6767]},"properties":{"s":17.9,"pub":true}},{"type":"Feature","geometry":{"type":"Point","coordinates":[-107.6359,39.6825]},"properties":{"s":17.9,"pub":true}},{"type":"Feature","geometry":{"type":"Point","coordinates":[-107.6359,39.6883]},"properties":{"s":17.9,"pub":true}},{"type":"Feature","geometry":{"type":"Point","coordinates":[-107.6359,39.6941]},"properties":{"s":17.9,"pub":true}},{"type":"Feature","geometry":{"type":"Point","coordinates":[-107.6359,39.6999]},"properties":{"s":17.9,"pub":true}},{"type":"Feature","geometry":{"type":"Point","coordinates":[-107.6359,39.7057]},"properties":{"s":17.9,"pub":true}},{"type":"Feature","geometry":{"type":"Point","coordinates":[-107.6359,39.7115]},"properties":{"s":17.9,"pub":true}},{"type":"Feature","geometry":{"type":"Point","coordinates":[-107.6359,39.7173]},"properties":{"s":17.9,"pub":true}},{"type":"Feature","geometry":{"type":"Point","coordinates":[-107.6359,39.7231]},"properties":{"s":17.9,"pub":true}},{"type":"Feature","geometry":{"type":"Point","coordinates":[-107.6359,39.7289]},"properties":{"s":17.9,"pub":true}},{"type":"Feature","geometry":{"type":"Point","coordinates":[-107.6359,39.7347]},"properties":{"s":48.7,"pub":true}},{"type":"Feature","geometry":{"type":"Point","coordinates":[-107.6359,39.7405]},"properties":{"s":48.7,"pub":true}},{"type":"Feature","geometry":{"type":"Point","coordinates":[-107.6359,39.7463]},"properties":{"s":69.2,"pub":true}},{"type":"Feature","geometry":{"type":"Point","coordinates":[-107.6359,39.7521]},"properties":{"s":69.2,"pub":true}},{"type":"Feature","geometry":{"type":"Point","coordinates":[-107.6359,39.7579]},"properties":{"s":69.2,"pub":true}},{"type":"Feature","geometry":{"type":"Point","coordinates":[-107.6359,39.7637]},"properties":{"s":69.2,"pub":true}},{"type":"Feature","geometry":{"type":"Point","coordinates":[-107.6359,39.7695]},"properties":{"s":69.2,"pub":true}},{"type":"Feature","geometry":{"type":"Point","coordinates":[-107.6359,39.7753]},"properties":{"s":38.5,"pub":true}},{"type":"Feature","geometry":{"type":"Point","coordinates":[-107.6359,39.7811]},"properties":{"s":38.5,"pub":true}},{"type":"Feature","geometry":{"type":"Point","coordinates":[-107.6359,39.7869]},"properties":{"s":38.5,"pub":true}},{"type":"Feature","geometry":{"type":"Point","coordinates":[-107.6359,39.7927]},"properties":{"s":38.5,"pub":true}},{"type":"Feature","geometry":{"type":"Point","coordinates":[-107.6359,39.7985]},"properties":{"s":38.5,"pub":true}},{"type":"Feature","geometry":{"type":"Point","coordinates":[-107.6359,39.8043]},"properties":{"s":38.5,"pub":true}},{"type":"Feature","geometry":{"type":"Point","coordinates":[-107.6284,39.6709]},"properties":{"s":17.9,"pub":true}},{"type":"Feature","geometry":{"type":"Point","coordinates":[-107.6284,39.6767]},"properties":{"s":17.9,"pub":true}},{"type":"Feature","geometry":{"type":"Point","coordinates":[-107.6284,39.6825]},"properties":{"s":17.9,"pub":true}},{"type":"Feature","geometry":{"type":"Point","coordinates":[-107.6284,39.6883]},"properties":{"s":17.9,"pub":true}},{"type":"Feature","geometry":{"type":"Point","coordinates":[-107.6284,39.6941]},"properties":{"s":17.9,"pub":true}},{"type":"Feature","geometry":{"type":"Point","coordinates":[-107.6284,39.6999]},"properties":{"s":17.9,"pub":true}},{"type":"Feature","geometry":{"type":"Point","coordinates":[-107.6284,39.7057]},"properties":{"s":17.9,"pub":true}},{"type":"Feature","geometry":{"type":"Point","coordinates":[-107.6284,39.7115]},"properties":{"s":17.9,"pub":true}},{"type":"Feature","geometry":{"type":"Point","coordinates":[-107.6284,39.7173]},"properties":{"s":17.9,"pub":true}},{"type":"Feature","geometry":{"type":"Point","coordinates":[-107.6284,39.7231]},"properties":{"s":17.9,"pub":true}},{"type":"Feature","geometry":{"type":"Point","coordinates":[-107.6284,39.7289]},"properties":{"s":48.7,"pub":true}},{"type":"Feature","geometry":{"type":"Point","coordinates":[-107.6284,39.7347]},"properties":{"s":48.7,"pub":true}},{"type":"Feature","geometry":{"type":"Point","coordinates":[-107.6284,39.7405]},"properties":{"s":48.7,"pub":true}},{"type":"Feature","geometry":{"type":"Point","coordinates":[-107.6284,39.7463]},"properties":{"s":48.7,"pub":true}},{"type":"Feature","geometry":{"type":"Point","coordinates":[-107.6284,39.7521]},"properties":{"s":48.7,"pub":true}},{"type":"Feature","geometry":{"type":"Point","coordinates":[-107.6284,39.7579]},"properties":{"s":69.2,"pub":true}},{"type":"Feature","geometry":{"type":"Point","coordinates":[-107.6284,39.7637]},"properties":{"s":69.2,"pub":true}},{"type":"Feature","geometry":{"type":"Point","coordinates":[-107.6284,39.7695]},"properties":{"s":69.2,"pub":true}},{"type":"Feature","geometry":{"type":"Point","coordinates":[-107.6284,39.7753]},"properties":{"s":38.5,"pub":true}},{"type":"Feature","geometry":{"type":"Point","coordinates":[-107.6284,39.7811]},"properties":{"s":38.5,"pub":true}},{"type":"Feature","geometry":{"type":"Point","coordinates":[-107.6284,39.7869]},"properties":{"s":17.9,"pub":true}},{"type":"Feature","geometry":{"type":"Point","coordinates":[-107.6284,39.7927]},"properties":{"s":17.9,"pub":true}},{"type":"Feature","geometry":{"type":"Point","coordinates":[-107.6284,39.7985]},"properties":{"s":38.5,"pub":true}},{"type":"Feature","geometry":{"type":"Point","coordinates":[-107.6284,39.8043]},"properties":{"s":38.5,"pub":true}},{"type":"Feature","geometry":{"type":"Point","coordinates":[-107.6209,39.6709]},"properties":{"s":17.9,"pub":true}},{"type":"Feature","geometry":{"type":"Point","coordinates":[-107.6209,39.6767]},"properties":{"s":17.9,"pub":true}},{"type":"Feature","geometry":{"type":"Point","coordinates":[-107.6209,39.6825]},"properties":{"s":17.9,"pub":true}},{"type":"Feature","geometry":{"type":"Point","coordinates":[-107.6209,39.6883]},"properties":{"s":17.9,"pub":true}},{"type":"Feature","geometry":{"type":"Point","coordinates":[-107.6209,39.6941]},"properties":{"s":17.9,"pub":true}},{"type":"Feature","geometry":{"type":"Point","coordinates":[-107.6209,39.6999]},"properties":{"s":17.9,"pub":true}},{"type":"Feature","geometry":{"type":"Point","coordinates":[-107.6209,39.7057]},"properties":{"s":17.9,"pub":true}},{"type":"Feature","geometry":{"type":"Point","coordinates":[-107.6209,39.7115]},"properties":{"s":17.9,"pub":true}},{"type":"Feature","geometry":{"type":"Point","coordinates":[-107.6209,39.7173]},"properties":{"s":17.9,"pub":true}},{"type":"Feature","geometry":{"type":"Point","coordinates":[-107.6209,39.7231]},"properties":{"s":17.9,"pub":true}},{"type":"Feature","geometry":{"type":"Point","coordinates":[-107.6209,39.7289]},"properties":{"s":48.7,"pub":true}},{"type":"Feature","geometry":{"type":"Point","coordinates":[-107.6209,39.7347]},"properties":{"s":48.7,"pub":true}},{"type":"Feature","geometry":{"type":"Point","coordinates":[-107.6209,39.7405]},"properties":{"s":48.7,"pub":true}},{"type":"Feature","geometry":{"type":"Point","coordinates":[-107.6209,39.7463]},"properties":{"s":48.7,"pub":true}},{"type":"Feature","geometry":{"type":"Point","coordinates":[-107.6209,39.7521]},"properties":{"s":48.7,"pub":true}},{"type":"Feature","geometry":{"type":"Point","coordinates":[-107.6209,39.7579]},"properties":{"s":48.7,"pub":true}},{"type":"Feature","geometry":{"type":"Point","coordinates":[-107.6209,39.7637]},"properties":{"s":48.7,"pub":true}},{"type":"Feature","geometry":{"type":"Point","coordinates":[-107.6209,39.7695]},"properties":{"s":48.7,"pub":true}},{"type":"Feature","geometry":{"type":"Point","coordinates":[-107.6209,39.7753]},"properties":{"s":17.9,"pub":true}},{"type":"Feature","geometry":{"type":"Point","coordinates":[-107.6209,39.7811]},"properties":{"s":17.9,"pub":true}},{"type":"Feature","geometry":{"type":"Point","coordinates":[-107.6209,39.7869]},"properties":{"s":17.9,"pub":true}},{"type":"Feature","geometry":{"type":"Point","coordinates":[-107.6209,39.7927]},"properties":{"s":17.9,"pub":true}},{"type":"Feature","geometry":{"type":"Point","coordinates":[-107.6209,39.7985]},"properties":{"s":17.9,"pub":true}},{"type":"Feature","geometry":{"type":"Point","coordinates":[-107.6134,39.6709]},"properties":{"s":17.9,"pub":true}},{"type":"Feature","geometry":{"type":"Point","coordinates":[-107.6134,39.6767]},"properties":{"s":17.9,"pub":true}},{"type":"Feature","geometry":{"type":"Point","coordinates":[-107.6134,39.6825]},"properties":{"s":17.9,"pub":true}},{"type":"Feature","geometry":{"type":"Point","coordinates":[-107.6134,39.6883]},"properties":{"s":17.9,"pub":true}},{"type":"Feature","geometry":{"type":"Point","coordinates":[-107.6134,39.6941]},"properties":{"s":17.9,"pub":true}},{"type":"Feature","geometry":{"type":"Point","coordinates":[-107.6134,39.6999]},"properties":{"s":17.9,"pub":true}},{"type":"Feature","geometry":{"type":"Point","coordinates":[-107.6134,39.7057]},"properties":{"s":17.9,"pub":true}},{"type":"Feature","geometry":{"type":"Point","coordinates":[-107.6134,39.7115]},"properties":{"s":17.9,"pub":true}},{"type":"Feature","geometry":{"type":"Point","coordinates":[-107.6134,39.7173]},"properties":{"s":17.9,"pub":true}},{"type":"Feature","geometry":{"type":"Point","coordinates":[-107.6134,39.7231]},"properties":{"s":17.9,"pub":true}},{"type":"Feature","geometry":{"type":"Point","coordinates":[-107.6134,39.7289]},"properties":{"s":48.7,"pub":true}},{"type":"Feature","geometry":{"type":"Point","coordinates":[-107.6134,39.7347]},"properties":{"s":48.7,"pub":true}},{"type":"Feature","geometry":{"type":"Point","coordinates":[-107.6134,39.7405]},"properties":{"s":48.7,"pub":true}},{"type":"Feature","geometry":{"type":"Point","coordinates":[-107.6134,39.7463]},"properties":{"s":48.7,"pub":true}},{"type":"Feature","geometry":{"type":"Point","coordinates":[-107.6134,39.7521]},"properties":{"s":48.7,"pub":true}},{"type":"Feature","geometry":{"type":"Point","coordinates":[-107.6134,39.7579]},"properties":{"s":48.7,"pub":true}},{"type":"Feature","geometry":{"type":"Point","coordinates":[-107.6134,39.7637]},"properties":{"s":48.7,"pub":true}},{"type":"Feature","geometry":{"type":"Point","coordinates":[-107.6134,39.7695]},"properties":{"s":48.7,"pub":true}},{"type":"Feature","geometry":{"type":"Point","coordinates":[-107.6134,39.7753]},"properties":{"s":48.7,"pub":true}},{"type":"Feature","geometry":{"type":"Point","coordinates":[-107.6134,39.7811]},"properties":{"s":17.9,"pub":true}},{"type":"Feature","geometry":{"type":"Point","coordinates":[-107.6134,39.7869]},"properties":{"s":17.9,"pub":true}},{"type":"Feature","geometry":{"type":"Point","coordinates":[-107.6134,39.7927]},"properties":{"s":17.9,"pub":true}},{"type":"Feature","geometry":{"type":"Point","coordinates":[-107.6134,39.7985]},"properties":{"s":17.9,"pub":true}},{"type":"Feature","geometry":{"type":"Point","coordinates":[-107.6059,39.6709]},"properties":{"s":17.9,"pub":true}},{"type":"Feature","geometry":{"type":"Point","coordinates":[-107.6059,39.6767]},"properties":{"s":17.9,"pub":true}},{"type":"Feature","geometry":{"type":"Point","coordinates":[-107.6059,39.6825]},"properties":{"s":17.9,"pub":true}},{"type":"Feature","geometry":{"type":"Point","coordinates":[-107.6059,39.6883]},"properties":{"s":17.9,"pub":true}},{"type":"Feature","geometry":{"type":"Point","coordinates":[-107.6059,39.6941]},"properties":{"s":17.9,"pub":true}},{"type":"Feature","geometry":{"type":"Point","coordinates":[-107.6059,39.6999]},"properties":{"s":17.9,"pub":true}},{"type":"Feature","geometry":{"type":"Point","coordinates":[-107.6059,39.7057]},"properties":{"s":17.9,"pub":true}},{"type":"Feature","geometry":{"type":"Point","coordinates":[-107.6059,39.7115]},"properties":{"s":48.7,"pub":true}},{"type":"Feature","geometry":{"type":"Point","coordinates":[-107.6059,39.7173]},"properties":{"s":48.7,"pub":true}},{"type":"Feature","geometry":{"type":"Point","coordinates":[-107.6059,39.7231]},"properties":{"s":48.7,"pub":true}},{"type":"Feature","geometry":{"type":"Point","coordinates":[-107.6059,39.7289]},"properties":{"s":17.9,"pub":true}},{"type":"Feature","geometry":{"type":"Point","coordinates":[-107.6059,39.7347]},"properties":{"s":48.7,"pub":true}},{"type":"Feature","geometry":{"type":"Point","coordinates":[-107.6059,39.7405]},"properties":{"s":48.7,"pub":true}},{"type":"Feature","geometry":{"type":"Point","coordinates":[-107.6059,39.7463]},"properties":{"s":48.7,"pub":true}},{"type":"Feature","geometry":{"type":"Point","coordinates":[-107.6059,39.7521]},"properties":{"s":48.7,"pub":true}},{"type":"Feature","geometry":{"type":"Point","coordinates":[-107.6059,39.7579]},"properties":{"s":69.2,"pub":true}},{"type":"Feature","geometry":{"type":"Point","coordinates":[-107.6059,39.7637]},"properties":{"s":69.2,"pub":true}},{"type":"Feature","geometry":{"type":"Point","coordinates":[-107.6059,39.7695]},"properties":{"s":69.2,"pub":true}},{"type":"Feature","geometry":{"type":"Point","coordinates":[-107.6059,39.7753]},"properties":{"s":69.2,"pub":true}},{"type":"Feature","geometry":{"type":"Point","coordinates":[-107.6059,39.7811]},"properties":{"s":48.7,"pub":true}},{"type":"Feature","geometry":{"type":"Point","coordinates":[-107.6059,39.7869]},"properties":{"s":48.7,"pub":true}},{"type":"Feature","geometry":{"type":"Point","coordinates":[-107.6059,39.7927]},"properties":{"s":48.7,"pub":true}},{"type":"Feature","geometry":{"type":"Point","coordinates":[-107.6059,39.7985]},"properties":{"s":17.9,"pub":true}},{"type":"Feature","geometry":{"type":"Point","coordinates":[-107.6059,39.8043]},"properties":{"s":17.9,"pub":true}},{"type":"Feature","geometry":{"type":"Point","coordinates":[-107.5984,39.6709]},"properties":{"s":17.9,"pub":true}},{"type":"Feature","geometry":{"type":"Point","coordinates":[-107.5984,39.6767]},"properties":{"s":17.9,"pub":true}},{"type":"Feature","geometry":{"type":"Point","coordinates":[-107.5984,39.6825]},"properties":{"s":17.9,"pub":true}},{"type":"Feature","geometry":{"type":"Point","coordinates":[-107.5984,39.6883]},"properties":{"s":17.9,"pub":true}},{"type":"Feature","geometry":{"type":"Point","coordinates":[-107.5984,39.6941]},"properties":{"s":17.9,"pub":true}},{"type":"Feature","geometry":{"type":"Point","coordinates":[-107.5984,39.6999]},"properties":{"s":17.9,"pub":true}},{"type":"Feature","geometry":{"type":"Point","coordinates":[-107.5984,39.7057]},"properties":{"s":17.9,"pub":true}},{"type":"Feature","geometry":{"type":"Point","coordinates":[-107.5984,39.7115]},"properties":{"s":48.7,"pub":true}},{"type":"Feature","geometry":{"type":"Point","coordinates":[-107.5984,39.7173]},"properties":{"s":48.7,"pub":true}},{"type":"Feature","geometry":{"type":"Point","coordinates":[-107.5984,39.7231]},"properties":{"s":69.2,"pub":true}},{"type":"Feature","geometry":{"type":"Point","coordinates":[-107.5984,39.7289]},"properties":{"s":48.7,"pub":true}},{"type":"Feature","geometry":{"type":"Point","coordinates":[-107.5984,39.7347]},"properties":{"s":48.7,"pub":true}},{"type":"Feature","geometry":{"type":"Point","coordinates":[-107.5984,39.7405]},"properties":{"s":48.7,"pub":true}},{"type":"Feature","geometry":{"type":"Point","coordinates":[-107.5984,39.7463]},"properties":{"s":48.7,"pub":true}},{"type":"Feature","geometry":{"type":"Point","coordinates":[-107.5984,39.7521]},"properties":{"s":48.7,"pub":true}},{"type":"Feature","geometry":{"type":"Point","coordinates":[-107.5984,39.7579]},"properties":{"s":48.7,"pub":true}},{"type":"Feature","geometry":{"type":"Point","coordinates":[-107.5984,39.7637]},"properties":{"s":69.2,"pub":true}},{"type":"Feature","geometry":{"type":"Point","coordinates":[-107.5984,39.7695]},"properties":{"s":69.2,"pub":true}},{"type":"Feature","geometry":{"type":"Point","coordinates":[-107.5984,39.7753]},"properties":{"s":69.2,"pub":true}},{"type":"Feature","geometry":{"type":"Point","coordinates":[-107.5984,39.7811]},"properties":{"s":69.2,"pub":true}},{"type":"Feature","geometry":{"type":"Point","coordinates":[-107.5984,39.7869]},"properties":{"s":69.2,"pub":true}},{"type":"Feature","geometry":{"type":"Point","coordinates":[-107.5984,39.7927]},"properties":{"s":48.7,"pub":true}},{"type":"Feature","geometry":{"type":"Point","coordinates":[-107.5984,39.7985]},"properties":{"s":48.7,"pub":true}},{"type":"Feature","geometry":{"type":"Point","coordinates":[-107.5984,39.8043]},"properties":{"s":17.9,"pub":true}},{"type":"Feature","geometry":{"type":"Point","coordinates":[-107.5909,39.6651]},"properties":{"s":17.9,"pub":true}},{"type":"Feature","geometry":{"type":"Point","coordinates":[-107.5909,39.6709]},"properties":{"s":17.9,"pub":true}},{"type":"Feature","geometry":{"type":"Point","coordinates":[-107.5909,39.6767]},"properties":{"s":17.9,"pub":true}},{"type":"Feature","geometry":{"type":"Point","coordinates":[-107.5909,39.6825]},"properties":{"s":17.9,"pub":true}},{"type":"Feature","geometry":{"type":"Point","coordinates":[-107.5909,39.6883]},"properties":{"s":17.9,"pub":true}},{"type":"Feature","geometry":{"type":"Point","coordinates":[-107.5909,39.6941]},"properties":{"s":17.9,"pub":true}},{"type":"Feature","geometry":{"type":"Point","coordinates":[-107.5909,39.6999]},"properties":{"s":17.9,"pub":true}},{"type":"Feature","geometry":{"type":"Point","coordinates":[-107.5909,39.7057]},"properties":{"s":17.9,"pub":true}},{"type":"Feature","geometry":{"type":"Point","coordinates":[-107.5909,39.7115]},"properties":{"s":48.7,"pub":true}},{"type":"Feature","geometry":{"type":"Point","coordinates":[-107.5909,39.7173]},"properties":{"s":48.7,"pub":true}},{"type":"Feature","geometry":{"type":"Point","coordinates":[-107.5909,39.7231]},"properties":{"s":69.2,"pub":true}},{"type":"Feature","geometry":{"type":"Point","coordinates":[-107.5909,39.7289]},"properties":{"s":69.2,"pub":true}},{"type":"Feature","geometry":{"type":"Point","coordinates":[-107.5909,39.7347]},"properties":{"s":69.2,"pub":true}},{"type":"Feature","geometry":{"type":"Point","coordinates":[-107.5909,39.7405]},"properties":{"s":69.2,"pub":true}},{"type":"Feature","geometry":{"type":"Point","coordinates":[-107.5909,39.7463]},"properties":{"s":69.2,"pub":true}},{"type":"Feature","geometry":{"type":"Point","coordinates":[-107.5909,39.7521]},"properties":{"s":48.7,"pub":true}},{"type":"Feature","geometry":{"type":"Point","coordinates":[-107.5909,39.7579]},"properties":{"s":17.9,"pub":true}},{"type":"Feature","geometry":{"type":"Point","coordinates":[-107.5909,39.7637]},"properties":{"s":17.9,"pub":true}},{"type":"Feature","geometry":{"type":"Point","coordinates":[-107.5909,39.7695]},"properties":{"s":17.9,"pub":true}},{"type":"Feature","geometry":{"type":"Point","coordinates":[-107.5909,39.7753]},"properties":{"s":17.9,"pub":true}},{"type":"Feature","geometry":{"type":"Point","coordinates":[-107.5909,39.7811]},"properties":{"s":38.5,"pub":true}},{"type":"Feature","geometry":{"type":"Point","coordinates":[-107.5909,39.7869]},"properties":{"s":69.2,"pub":true}},{"type":"Feature","geometry":{"type":"Point","coordinates":[-107.5909,39.7927]},"properties":{"s":48.7,"pub":true}},{"type":"Feature","geometry":{"type":"Point","coordinates":[-107.5909,39.7985]},"properties":{"s":48.7,"pub":true}},{"type":"Feature","geometry":{"type":"Point","coordinates":[-107.5909,39.8043]},"properties":{"s":17.9,"pub":true}},{"type":"Feature","geometry":{"type":"Point","coordinates":[-107.5909,39.8101]},"properties":{"s":17.9,"pub":true}},{"type":"Feature","geometry":{"type":"Point","coordinates":[-107.5834,39.6651]},"properties":{"s":17.9,"pub":true}},{"type":"Feature","geometry":{"type":"Point","coordinates":[-107.5834,39.6709]},"properties":{"s":17.9,"pub":true}},{"type":"Feature","geometry":{"type":"Point","coordinates":[-107.5834,39.6767]},"properties":{"s":17.9,"pub":true}},{"type":"Feature","geometry":{"type":"Point","coordinates":[-107.5834,39.6825]},"properties":{"s":17.9,"pub":true}},{"type":"Feature","geometry":{"type":"Point","coordinates":[-107.5834,39.6883]},"properties":{"s":17.9,"pub":true}},{"type":"Feature","geometry":{"type":"Point","coordinates":[-107.5834,39.6941]},"properties":{"s":17.9,"pub":true}},{"type":"Feature","geometry":{"type":"Point","coordinates":[-107.5834,39.6999]},"properties":{"s":17.9,"pub":true}},{"type":"Feature","geometry":{"type":"Point","coordinates":[-107.5834,39.7057]},"properties":{"s":17.9,"pub":true}},{"type":"Feature","geometry":{"type":"Point","coordinates":[-107.5834,39.7115]},"properties":{"s":48.7,"pub":true}},{"type":"Feature","geometry":{"type":"Point","coordinates":[-107.5834,39.7173]},"properties":{"s":48.7,"pub":true}},{"type":"Feature","geometry":{"type":"Point","coordinates":[-107.5834,39.7231]},"properties":{"s":48.7,"pub":true}},{"type":"Feature","geometry":{"type":"Point","coordinates":[-107.5834,39.7289]},"properties":{"s":69.2,"pub":true}},{"type":"Feature","geometry":{"type":"Point","coordinates":[-107.5834,39.7347]},"properties":{"s":69.2,"pub":true}},{"type":"Feature","geometry":{"type":"Point","coordinates":[-107.5834,39.7405]},"properties":{"s":69.2,"pub":true}},{"type":"Feature","geometry":{"type":"Point","coordinates":[-107.5834,39.7463]},"properties":{"s":69.2,"pub":true}},{"type":"Feature","geometry":{"type":"Point","coordinates":[-107.5834,39.7521]},"properties":{"s":69.2,"pub":true}},{"type":"Feature","geometry":{"type":"Point","coordinates":[-107.5834,39.7579]},"properties":{"s":69.2,"pub":true}},{"type":"Feature","geometry":{"type":"Point","coordinates":[-107.5834,39.7637]},"properties":{"s":38.5,"pub":true}},{"type":"Feature","geometry":{"type":"Point","coordinates":[-107.5834,39.7695]},"properties":{"s":17.9,"pub":true}},{"type":"Feature","geometry":{"type":"Point","coordinates":[-107.5834,39.7753]},"properties":{"s":17.9,"pub":true}},{"type":"Feature","geometry":{"type":"Point","coordinates":[-107.5834,39.7811]},"properties":{"s":17.9,"pub":true}},{"type":"Feature","geometry":{"type":"Point","coordinates":[-107.5834,39.7869]},"properties":{"s":17.9,"pub":true}},{"type":"Feature","geometry":{"type":"Point","coordinates":[-107.5834,39.7927]},"properties":{"s":17.9,"pub":true}},{"type":"Feature","geometry":{"type":"Point","coordinates":[-107.5834,39.7985]},"properties":{"s":17.9,"pub":true}},{"type":"Feature","geometry":{"type":"Point","coordinates":[-107.5834,39.8043]},"properties":{"s":17.9,"pub":true}},{"type":"Feature","geometry":{"type":"Point","coordinates":[-107.5834,39.8101]},"properties":{"s":17.9,"pub":true}},{"type":"Feature","geometry":{"type":"Point","coordinates":[-107.5834,39.8159]},"properties":{"s":17.9,"pub":true}},{"type":"Feature","geometry":{"type":"Point","coordinates":[-107.5834,39.8217]},"properties":{"s":17.9,"pub":true}},{"type":"Feature","geometry":{"type":"Point","coordinates":[-107.5759,39.6651]},"properties":{"s":17.9,"pub":true}},{"type":"Feature","geometry":{"type":"Point","coordinates":[-107.5759,39.6709]},"properties":{"s":17.9,"pub":true}},{"type":"Feature","geometry":{"type":"Point","coordinates":[-107.5759,39.6767]},"properties":{"s":17.9,"pub":true}},{"type":"Feature","geometry":{"type":"Point","coordinates":[-107.5759,39.6825]},"properties":{"s":17.9,"pub":true}},{"type":"Feature","geometry":{"type":"Point","coordinates":[-107.5759,39.6883]},"properties":{"s":38.5,"pub":true}},{"type":"Feature","geometry":{"type":"Point","coordinates":[-107.5759,39.6941]},"properties":{"s":38.5,"pub":true}},{"type":"Feature","geometry":{"type":"Point","coordinates":[-107.5759,39.6999]},"properties":{"s":17.9,"pub":true}},{"type":"Feature","geometry":{"type":"Point","coordinates":[-107.5759,39.7057]},"properties":{"s":17.9,"pub":true}},{"type":"Feature","geometry":{"type":"Point","coordinates":[-107.5759,39.7115]},"properties":{"s":17.9,"pub":true}},{"type":"Feature","geometry":{"type":"Point","coordinates":[-107.5759,39.7173]},"properties":{"s":17.9,"pub":true}},{"type":"Feature","geometry":{"type":"Point","coordinates":[-107.5759,39.7231]},"properties":{"s":17.9,"pub":true}},{"type":"Feature","geometry":{"type":"Point","coordinates":[-107.5759,39.7289]},"properties":{"s":48.7,"pub":true}},{"type":"Feature","geometry":{"type":"Point","coordinates":[-107.5759,39.7347]},"properties":{"s":48.7,"pub":true}},{"type":"Feature","geometry":{"type":"Point","coordinates":[-107.5759,39.7405]},"properties":{"s":48.7,"pub":true}},{"type":"Feature","geometry":{"type":"Point","coordinates":[-107.5759,39.7463]},"properties":{"s":48.7,"pub":true}},{"type":"Feature","geometry":{"type":"Point","coordinates":[-107.5759,39.7521]},"properties":{"s":48.7,"pub":true}},{"type":"Feature","geometry":{"type":"Point","coordinates":[-107.5759,39.7579]},"properties":{"s":17.9,"pub":true}},{"type":"Feature","geometry":{"type":"Point","coordinates":[-107.5759,39.7637]},"properties":{"s":69.2,"pub":true}},{"type":"Feature","geometry":{"type":"Point","coordinates":[-107.5759,39.7695]},"properties":{"s":69.2,"pub":true}},{"type":"Feature","geometry":{"type":"Point","coordinates":[-107.5759,39.7753]},"properties":{"s":69.2,"pub":true}},{"type":"Feature","geometry":{"type":"Point","coordinates":[-107.5759,39.7811]},"properties":{"s":69.2,"pub":true}},{"type":"Feature","geometry":{"type":"Point","coordinates":[-107.5759,39.7869]},"properties":{"s":17.9,"pub":true}},{"type":"Feature","geometry":{"type":"Point","coordinates":[-107.5759,39.7927]},"properties":{"s":17.9,"pub":true}},{"type":"Feature","geometry":{"type":"Point","coordinates":[-107.5759,39.7985]},"properties":{"s":17.9,"pub":true}},{"type":"Feature","geometry":{"type":"Point","coordinates":[-107.5759,39.8043]},"properties":{"s":17.9,"pub":true}},{"type":"Feature","geometry":{"type":"Point","coordinates":[-107.5759,39.8101]},"properties":{"s":17.9,"pub":true}},{"type":"Feature","geometry":{"type":"Point","coordinates":[-107.5759,39.8159]},"properties":{"s":17.9,"pub":true}},{"type":"Feature","geometry":{"type":"Point","coordinates":[-107.5759,39.8217]},"properties":{"s":17.9,"pub":true}},{"type":"Feature","geometry":{"type":"Point","coordinates":[-107.5759,39.8275]},"properties":{"s":38.5,"pub":true}},{"type":"Feature","geometry":{"type":"Point","coordinates":[-107.5684,39.6651]},"properties":{"s":17.9,"pub":false}},{"type":"Feature","geometry":{"type":"Point","coordinates":[-107.5684,39.6709]},"properties":{"s":17.9,"pub":false}},{"type":"Feature","geometry":{"type":"Point","coordinates":[-107.5684,39.6767]},"properties":{"s":17.9,"pub":true}},{"type":"Feature","geometry":{"type":"Point","coordinates":[-107.5684,39.6825]},"properties":{"s":17.9,"pub":true}},{"type":"Feature","geometry":{"type":"Point","coordinates":[-107.5684,39.6883]},"properties":{"s":38.5,"pub":true}},{"type":"Feature","geometry":{"type":"Point","coordinates":[-107.5684,39.6941]},"properties":{"s":38.5,"pub":true}},{"type":"Feature","geometry":{"type":"Point","coordinates":[-107.5684,39.6999]},"properties":{"s":17.9,"pub":true}},{"type":"Feature","geometry":{"type":"Point","coordinates":[-107.5684,39.7057]},"properties":{"s":17.9,"pub":true}},{"type":"Feature","geometry":{"type":"Point","coordinates":[-107.5684,39.7115]},"properties":{"s":17.9,"pub":true}},{"type":"Feature","geometry":{"type":"Point","coordinates":[-107.5684,39.7173]},"properties":{"s":48.7,"pub":true}},{"type":"Feature","geometry":{"type":"Point","coordinates":[-107.5684,39.7231]},"properties":{"s":48.7,"pub":true}},{"type":"Feature","geometry":{"type":"Point","coordinates":[-107.5684,39.7289]},"properties":{"s":69.2,"pub":true}},{"type":"Feature","geometry":{"type":"Point","coordinates":[-107.5684,39.7347]},"properties":{"s":48.7,"pub":true}},{"type":"Feature","geometry":{"type":"Point","coordinates":[-107.5684,39.7405]},"properties":{"s":48.7,"pub":true}},{"type":"Feature","geometry":{"type":"Point","coordinates":[-107.5684,39.7463]},"properties":{"s":48.7,"pub":true}},{"type":"Feature","geometry":{"type":"Point","coordinates":[-107.5684,39.7521]},"properties":{"s":48.7,"pub":true}},{"type":"Feature","geometry":{"type":"Point","coordinates":[-107.5684,39.7579]},"properties":{"s":17.9,"pub":true}},{"type":"Feature","geometry":{"type":"Point","coordinates":[-107.5684,39.7637]},"properties":{"s":17.9,"pub":true}},{"type":"Feature","geometry":{"type":"Point","coordinates":[-107.5684,39.7695]},"properties":{"s":17.9,"pub":true}},{"type":"Feature","geometry":{"type":"Point","coordinates":[-107.5684,39.7753]},"properties":{"s":17.9,"pub":true}},{"type":"Feature","geometry":{"type":"Point","coordinates":[-107.5684,39.7811]},"properties":{"s":69.2,"pub":true}},{"type":"Feature","geometry":{"type":"Point","coordinates":[-107.5684,39.7869]},"properties":{"s":69.2,"pub":true}},{"type":"Feature","geometry":{"type":"Point","coordinates":[-107.5684,39.7927]},"properties":{"s":69.2,"pub":true}},{"type":"Feature","geometry":{"type":"Point","coordinates":[-107.5684,39.7985]},"properties":{"s":38.5,"pub":true}},{"type":"Feature","geometry":{"type":"Point","coordinates":[-107.5684,39.8043]},"properties":{"s":38.5,"pub":true}},{"type":"Feature","geometry":{"type":"Point","coordinates":[-107.5684,39.8101]},"properties":{"s":17.9,"pub":true}},{"type":"Feature","geometry":{"type":"Point","coordinates":[-107.5684,39.8159]},"properties":{"s":17.9,"pub":true}},{"type":"Feature","geometry":{"type":"Point","coordinates":[-107.5684,39.8217]},"properties":{"s":17.9,"pub":true}},{"type":"Feature","geometry":{"type":"Point","coordinates":[-107.5684,39.8275]},"properties":{"s":38.5,"pub":true}},{"type":"Feature","geometry":{"type":"Point","coordinates":[-107.5684,39.8333]},"properties":{"s":69.2,"pub":true}},{"type":"Feature","geometry":{"type":"Point","coordinates":[-107.5684,39.8391]},"properties":{"s":69.2,"pub":true}},{"type":"Feature","geometry":{"type":"Point","coordinates":[-107.5609,39.6651]},"properties":{"s":17.9,"pub":true}},{"type":"Feature","geometry":{"type":"Point","coordinates":[-107.5609,39.6709]},"properties":{"s":17.9,"pub":true}},{"type":"Feature","geometry":{"type":"Point","coordinates":[-107.5609,39.6767]},"properties":{"s":17.9,"pub":true}},{"type":"Feature","geometry":{"type":"Point","coordinates":[-107.5609,39.6825]},"properties":{"s":17.9,"pub":true}},{"type":"Feature","geometry":{"type":"Point","coordinates":[-107.5609,39.6883]},"properties":{"s":38.5,"pub":true}},{"type":"Feature","geometry":{"type":"Point","coordinates":[-107.5609,39.6941]},"properties":{"s":38.5,"pub":true}},{"type":"Feature","geometry":{"type":"Point","coordinates":[-107.5609,39.6999]},"properties":{"s":69.2,"pub":true}},{"type":"Feature","geometry":{"type":"Point","coordinates":[-107.5609,39.7057]},"properties":{"s":17.9,"pub":true}},{"type":"Feature","geometry":{"type":"Point","coordinates":[-107.5609,39.7115]},"properties":{"s":17.9,"pub":true}},{"type":"Feature","geometry":{"type":"Point","coordinates":[-107.5609,39.7173]},"properties":{"s":48.7,"pub":true}},{"type":"Feature","geometry":{"type":"Point","coordinates":[-107.5609,39.7231]},"properties":{"s":69.2,"pub":true}},{"type":"Feature","geometry":{"type":"Point","coordinates":[-107.5609,39.7289]},"properties":{"s":69.2,"pub":true}},{"type":"Feature","geometry":{"type":"Point","coordinates":[-107.5609,39.7347]},"properties":{"s":69.2,"pub":true}},{"type":"Feature","geometry":{"type":"Point","coordinates":[-107.5609,39.7405]},"properties":{"s":69.2,"pub":true}},{"type":"Feature","geometry":{"type":"Point","coordinates":[-107.5609,39.7463]},"properties":{"s":69.2,"pub":true}},{"type":"Feature","geometry":{"type":"Point","coordinates":[-107.5609,39.7521]},"properties":{"s":69.2,"pub":true}},{"type":"Feature","geometry":{"type":"Point","coordinates":[-107.5609,39.7579]},"properties":{"s":17.9,"pub":true}},{"type":"Feature","geometry":{"type":"Point","coordinates":[-107.5609,39.7637]},"properties":{"s":17.9,"pub":true}},{"type":"Feature","geometry":{"type":"Point","coordinates":[-107.5609,39.7695]},"properties":{"s":17.9,"pub":true}},{"type":"Feature","geometry":{"type":"Point","coordinates":[-107.5609,39.7753]},"properties":{"s":17.9,"pub":true}},{"type":"Feature","geometry":{"type":"Point","coordinates":[-107.5609,39.7811]},"properties":{"s":17.9,"pub":true}},{"type":"Feature","geometry":{"type":"Point","coordinates":[-107.5609,39.7869]},"properties":{"s":17.9,"pub":true}},{"type":"Feature","geometry":{"type":"Point","coordinates":[-107.5609,39.7927]},"properties":{"s":38.5,"pub":true}},{"type":"Feature","geometry":{"type":"Point","coordinates":[-107.5609,39.7985]},"properties":{"s":38.5,"pub":true}},{"type":"Feature","geometry":{"type":"Point","coordinates":[-107.5609,39.8043]},"properties":{"s":38.5,"pub":true}},{"type":"Feature","geometry":{"type":"Point","coordinates":[-107.5609,39.8101]},"properties":{"s":17.9,"pub":true}},{"type":"Feature","geometry":{"type":"Point","coordinates":[-107.5609,39.8159]},"properties":{"s":17.9,"pub":true}},{"type":"Feature","geometry":{"type":"Point","coordinates":[-107.5609,39.8217]},"properties":{"s":17.9,"pub":true}},{"type":"Feature","geometry":{"type":"Point","coordinates":[-107.5609,39.8275]},"properties":{"s":38.5,"pub":true}},{"type":"Feature","geometry":{"type":"Point","coordinates":[-107.5609,39.8333]},"properties":{"s":69.2,"pub":true}},{"type":"Feature","geometry":{"type":"Point","coordinates":[-107.5609,39.8391]},"properties":{"s":69.2,"pub":true}},{"type":"Feature","geometry":{"type":"Point","coordinates":[-107.5534,39.6651]},"properties":{"s":17.9,"pub":true}},{"type":"Feature","geometry":{"type":"Point","coordinates":[-107.5534,39.6709]},"properties":{"s":17.9,"pub":true}},{"type":"Feature","geometry":{"type":"Point","coordinates":[-107.5534,39.6767]},"properties":{"s":17.9,"pub":true}},{"type":"Feature","geometry":{"type":"Point","coordinates":[-107.5534,39.6825]},"properties":{"s":17.9,"pub":true}},{"type":"Feature","geometry":{"type":"Point","coordinates":[-107.5534,39.6883]},"properties":{"s":38.5,"pub":true}},{"type":"Feature","geometry":{"type":"Point","coordinates":[-107.5534,39.6941]},"properties":{"s":69.2,"pub":true}},{"type":"Feature","geometry":{"type":"Point","coordinates":[-107.5534,39.6999]},"properties":{"s":69.2,"pub":true}},{"type":"Feature","geometry":{"type":"Point","coordinates":[-107.5534,39.7057]},"properties":{"s":38.5,"pub":true}},{"type":"Feature","geometry":{"type":"Point","coordinates":[-107.5534,39.7115]},"properties":{"s":17.9,"pub":true}},{"type":"Feature","geometry":{"type":"Point","coordinates":[-107.5534,39.7173]},"properties":{"s":38.5,"pub":true}},{"type":"Feature","geometry":{"type":"Point","coordinates":[-107.5534,39.7231]},"properties":{"s":69.2,"pub":true}},{"type":"Feature","geometry":{"type":"Point","coordinates":[-107.5534,39.7289]},"properties":{"s":69.2,"pub":true}},{"type":"Feature","geometry":{"type":"Point","coordinates":[-107.5534,39.7347]},"properties":{"s":69.2,"pub":true}},{"type":"Feature","geometry":{"type":"Point","coordinates":[-107.5534,39.7405]},"properties":{"s":69.2,"pub":true}},{"type":"Feature","geometry":{"type":"Point","coordinates":[-107.5534,39.7463]},"properties":{"s":69.2,"pub":true}},{"type":"Feature","geometry":{"type":"Point","coordinates":[-107.5534,39.7521]},"properties":{"s":69.2,"pub":true}},{"type":"Feature","geometry":{"type":"Point","coordinates":[-107.5534,39.7579]},"properties":{"s":38.5,"pub":true}},{"type":"Feature","geometry":{"type":"Point","coordinates":[-107.5534,39.7637]},"properties":{"s":38.5,"pub":true}},{"type":"Feature","geometry":{"type":"Point","coordinates":[-107.5534,39.7695]},"properties":{"s":17.9,"pub":true}},{"type":"Feature","geometry":{"type":"Point","coordinates":[-107.5534,39.7753]},"properties":{"s":17.9,"pub":true}},{"type":"Feature","geometry":{"type":"Point","coordinates":[-107.5534,39.7811]},"properties":{"s":17.9,"pub":true}},{"type":"Feature","geometry":{"type":"Point","coordinates":[-107.5534,39.7869]},"properties":{"s":17.9,"pub":true}},{"type":"Feature","geometry":{"type":"Point","coordinates":[-107.5534,39.7927]},"properties":{"s":17.9,"pub":true}},{"type":"Feature","geometry":{"type":"Point","coordinates":[-107.5534,39.7985]},"properties":{"s":17.9,"pub":true}},{"type":"Feature","geometry":{"type":"Point","coordinates":[-107.5534,39.8043]},"properties":{"s":17.9,"pub":true}},{"type":"Feature","geometry":{"type":"Point","coordinates":[-107.5534,39.8101]},"properties":{"s":17.9,"pub":true}},{"type":"Feature","geometry":{"type":"Point","coordinates":[-107.5534,39.8159]},"properties":{"s":17.9,"pub":true}},{"type":"Feature","geometry":{"type":"Point","coordinates":[-107.5534,39.8217]},"properties":{"s":17.9,"pub":true}},{"type":"Feature","geometry":{"type":"Point","coordinates":[-107.5534,39.8275]},"properties":{"s":38.5,"pub":true}},{"type":"Feature","geometry":{"type":"Point","coordinates":[-107.5534,39.8333]},"properties":{"s":69.2,"pub":true}},{"type":"Feature","geometry":{"type":"Point","coordinates":[-107.5534,39.8391]},"properties":{"s":69.2,"pub":true}},{"type":"Feature","geometry":{"type":"Point","coordinates":[-107.5459,39.6651]},"properties":{"s":17.9,"pub":true}},{"type":"Feature","geometry":{"type":"Point","coordinates":[-107.5459,39.6709]},"properties":{"s":17.9,"pub":true}},{"type":"Feature","geometry":{"type":"Point","coordinates":[-107.5459,39.6767]},"properties":{"s":17.9,"pub":true}},{"type":"Feature","geometry":{"type":"Point","coordinates":[-107.5459,39.6825]},"properties":{"s":17.9,"pub":true}},{"type":"Feature","geometry":{"type":"Point","coordinates":[-107.5459,39.6883]},"properties":{"s":17.9,"pub":true}},{"type":"Feature","geometry":{"type":"Point","coordinates":[-107.5459,39.6941]},"properties":{"s":69.2,"pub":true}},{"type":"Feature","geometry":{"type":"Point","coordinates":[-107.5459,39.6999]},"properties":{"s":69.2,"pub":true}},{"type":"Feature","geometry":{"type":"Point","coordinates":[-107.5459,39.7057]},"properties":{"s":69.2,"pub":true}}]}