{"type":"FeatureCollection","features":[{"type":"Feature","geometry":{"type":"Point","coordinates":[-107.4448,39.618]},"properties":{"s":33.3,"pub":true}},{"type":"Feature","geometry":{"type":"Point","coordinates":[-107.4448,39.6238]},"properties":{"s":55.6,"pub":false}},{"type":"Feature","geometry":{"type":"Point","coordinates":[-107.4448,39.6296]},"properties":{"s":25.9,"pub":true}},{"type":"Feature","geometry":{"type":"Point","coordinates":[-107.4448,39.6354]},"properties":{"s":25.9,"pub":true}},{"type":"Feature","geometry":{"type":"Point","coordinates":[-107.4448,39.6412]},"properties":{"s":25.9,"pub":true}},{"type":"Feature","geometry":{"type":"Point","coordinates":[-107.4448,39.647]},"properties":{"s":25.9,"pub":true}},{"type":"Feature","geometry":{"type":"Point","coordinates":[-107.4373,39.6064]},"properties":{"s":33.3,"pub":false}},{"type":"Feature","geometry":{"type":"Point","coordinates":[-107.4373,39.618]},"properties":{"s":25.9,"pub":false}},{"type":"Feature","geometry":{"type":"Point","coordinates":[-107.4373,39.6238]},"properties":{"s":25.9,"pub":true}},{"type":"Feature","geometry":{"type":"Point","coordinates":[-107.4373,39.6296]},"properties":{"s":25.9,"pub":true}},{"type":"Feature","geometry":{"type":"Point","coordinates":[-107.4373,39.6354]},"properties":{"s":25.9,"pub":true}},{"type":"Feature","geometry":{"type":"Point","coordinates":[-107.4373,39.6412]},"properties":{"s":25.9,"pub":true}},{"type":"Feature","geometry":{"type":"Point","coordinates":[-107.4373,39.647]},"properties":{"s":25.9,"pub":true}},{"type":"Feature","geometry":{"type":"Point","coordinates":[-107.4373,39.6528]},"properties":{"s":25.9,"pub":true}},{"type":"Feature","geometry":{"type":"Point","coordinates":[-107.4373,39.6586]},"properties":{"s":25.9,"pub":true}},{"type":"Feature","geometry":{"type":"Point","coordinates":[-107.4298,39.5948]},"properties":{"s":25.9,"pub":true}},{"type":"Feature","geometry":{"type":"Point","coordinates":[-107.4298,39.6006]},"properties":{"s":33.3,"pub":false}},{"type":"Feature","geometry":{"type":"Point","coordinates":[-107.4298,39.6064]},"properties":{"s":33.3,"pub":false}},{"type":"Feature","geometry":{"type":"Point","coordinates":[-107.4298,39.6122]},"properties":{"s":25.9,"pub":false}},{"type":"Feature","geometry":{"type":"Point","coordinates":[-107.4298,39.618]},"properties":{"s":25.9,"pub":false}},{"type":"Feature","geometry":{"type":"Point","coordinates":[-107.4298,39.6238]},"properties":{"s":25.9,"pub":true}},{"type":"Feature","geometry":{"type":"Point","coordinates":[-107.4298,39.6296]},"properties":{"s":25.9,"pub":true}},{"type":"Feature","geometry":{"type":"Point","coordinates":[-107.4298,39.6354]},"properties":{"s":70.4,"pub":true}},{"type":"Feature","geometry":{"type":"Point","coordinates":[-107.4298,39.6412]},"properties":{"s":25.9,"pub":true}},{"type":"Feature","geometry":{"type":"Point","coordinates":[-107.4298,39.647]},"properties":{"s":25.9,"pub":true}},{"type":"Feature","geometry":{"type":"Point","coordinates":[-107.4298,39.6528]},"properties":{"s":25.9,"pub":true}},{"type":"Feature","geometry":{"type":"Point","coordinates":[-107.4298,39.6586]},"properties":{"s":25.9,"pub":true}},{"type":"Feature","geometry":{"type":"Point","coordinates":[-107.4298,39.6644]},"properties":{"s":25.9,"pub":true}},{"type":"Feature","geometry":{"type":"Point","coordinates":[-107.4223,39.5948]},"properties":{"s":25.9,"pub":true}},{"type":"Feature","geometry":{"type":"Point","coordinates":[-107.4223,39.6006]},"properties":{"s":33.3,"pub":false}},{"type":"Feature","geometry":{"type":"Point","coordinates":[-107.4223,39.6064]},"properties":{"s":33.3,"pub":true}},{"type":"Feature","geometry":{"type":"Point","coordinates":[-107.4223,39.6122]},"properties":{"s":25.9,"pub":true}},{"type":"Feature","geometry":{"type":"Point","coordinates":[-107.4223,39.618]},"properties":{"s":25.9,"pub":false}},{"type":"Feature","geometry":{"type":"Point","coordinates":[-107.4223,39.6238]},"properties":{"s":25.9,"pub":false}},{"type":"Feature","geometry":{"type":"Point","coordinates":[-107.4223,39.6296]},"properties":{"s":70.4,"pub":false}},{"type":"Feature","geometry":{"type":"Point","coordinates":[-107.4223,39.6354]},"properties":{"s":70.4,"pub":false}},{"type":"Feature","geometry":{"type":"Point","coordinates":[-107.4223,39.6412]},"properties":{"s":70.4,"pub":false}},{"type":"Feature","geometry":{"type":"Point","coordinates":[-107.4223,39.647]},"properties":{"s":70.4,"pub":false}},{"type":"Feature","geometry":{"type":"Point","coordinates":[-107.4223,39.6528]},"properties":{"s":70.4,"pub":true}},{"type":"Feature","geometry":{"type":"Point","coordinates":[-107.4223,39.6586]},"properties":{"s":70.4,"pub":true}},{"type":"Feature","geometry":{"type":"Point","coordinates":[-107.4223,39.6644]},"properties":{"s":25.9,"pub":true}},{"type":"Feature","geometry":{"type":"Point","coordinates":[-107.4223,39.6702]},"properties":{"s":25.9,"pub":true}},{"type":"Feature","geometry":{"type":"Point","coordinates":[-107.4148,39.589]},"properties":{"s":25.9,"pub":true}},{"type":"Feature","geometry":{"type":"Point","coordinates":[-107.4148,39.5948]},"properties":{"s":25.9,"pub":true}},{"type":"Feature","geometry":{"type":"Point","coordinates":[-107.4148,39.6006]},"properties":{"s":25.9,"pub":true}},{"type":"Feature","geometry":{"type":"Point","coordinates":[-107.4148,39.6064]},"properties":{"s":25.9,"pub":false}},{"type":"Feature","geometry":{"type":"Point","coordinates":[-107.4148,39.6122]},"properties":{"s":25.9,"pub":true}},{"type":"Feature","geometry":{"type":"Point","coordinates":[-107.4148,39.618]},"properties":{"s":25.9,"pub":false}},{"type":"Feature","geometry":{"type":"Point","coordinates":[-107.4148,39.6238]},"properties":{"s":25.9,"pub":true}},{"type":"Feature","geometry":{"type":"Point","coordinates":[-107.4148,39.6296]},"properties":{"s":25.9,"pub":true}},{"type":"Feature","geometry":{"type":"Point","coordinates":[-107.4148,39.6354]},"properties":{"s":70.4,"pub":true}},{"type":"Feature","geometry":{"type":"Point","coordinates":[-107.4148,39.6412]},"properties":{"s":70.4,"pub":true}},{"type":"Feature","geometry":{"type":"Point","coordinates":[-107.4148,39.647]},"properties":{"s":70.4,"pub":true}},{"type":"Feature","geometry":{"type":"Point","coordinates":[-107.4148,39.6528]},"properties":{"s":70.4,"pub":true}},{"type":"Feature","geometry":{"type":"Point","coordinates":[-107.4148,39.6586]},"properties":{"s":70.4,"pub":true}},{"type":"Feature","geometry":{"type":"Point","coordinates":[-107.4148,39.6644]},"properties":{"s":70.4,"pub":true}},{"type":"Feature","geometry":{"type":"Point","coordinates":[-107.4148,39.6702]},"properties":{"s":25.9,"pub":true}},{"type":"Feature","geometry":{"type":"Point","coordinates":[-107.4073,39.5832]},"properties":{"s":25.9,"pub":true}},{"type":"Feature","geometry":{"type":"Point","coordinates":[-107.4073,39.589]},"properties":{"s":25.9,"pub":true}},{"type":"Feature","geometry":{"type":"Point","coordinates":[-107.4073,39.5948]},"properties":{"s":25.9,"pub":true}},{"type":"Feature","geometry":{"type":"Point","coordinates":[-107.4073,39.6006]},"properties":{"s":25.9,"pub":true}},{"type":"Feature","geometry":{"type":"Point","coordinates":[-107.4073,39.6064]},"properties":{"s":25.9,"pub":true}},{"type":"Feature","geometry":{"type":"Point","coordinates":[-107.4073,39.6122]},"properties":{"s":25.9,"pub":true}},{"type":"Feature","geometry":{"type":"Point","coordinates":[-107.4073,39.618]},"properties":{"s":25.9,"pub":false}},{"type":"Feature","geometry":{"type":"Point","coordinates":[-107.4073,39.6238]},"properties":{"s":25.9,"pub":true}},{"type":"Feature","geometry":{"type":"Point","coordinates":[-107.4073,39.6296]},"properties":{"s":25.9,"pub":true}},{"type":"Feature","geometry":{"type":"Point","coordinates":[-107.4073,39.6354]},"properties":{"s":25.9,"pub":true}},{"type":"Feature","geometry":{"type":"Point","coordinates":[-107.4073,39.6412]},"properties":{"s":25.9,"pub":true}},{"type":"Feature","geometry":{"type":"Point","coordinates":[-107.4073,39.647]},"properties":{"s":25.9,"pub":true}},{"type":"Feature","geometry":{"type":"Point","coordinates":[-107.4073,39.6528]},"properties":{"s":25.9,"pub":true}},{"type":"Feature","geometry":{"type":"Point","coordinates":[-107.4073,39.6586]},"properties":{"s":70.4,"pub":true}},{"type":"Feature","geometry":{"type":"Point","coordinates":[-107.4073,39.6644]},"properties":{"s":70.4,"pub":true}},{"type":"Feature","geometry":{"type":"Point","coordinates":[-107.4073,39.6702]},"properties":{"s":70.4,"pub":true}},{"type":"Feature","geometry":{"type":"Point","coordinates":[-107.4073,39.676]},"properties":{"s":70.4,"pub":true}},{"type":"Feature","geometry":{"type":"Point","coordinates":[-107.4073,39.6818]},"properties":{"s":25.9,"pub":true}},{"type":"Feature","geometry":{"type":"Point","coordinates":[-107.3998,39.5774]},"properties":{"s":25.9,"pub":true}},{"type":"Feature","geometry":{"type":"Point","coordinates":[-107.3998,39.5832]},"properties":{"s":25.9,"pub":true}},{"type":"Feature","geometry":{"type":"Point","coordinates":[-107.3998,39.589]},"properties":{"s":25.9,"pub":true}},{"type":"Feature","geometry":{"type":"Point","coordinates":[-107.3998,39.5948]},"properties":{"s":25.9,"pub":true}},{"type":"Feature","geometry":{"type":"Point","coordinates":[-107.3998,39.6006]},"properties":{"s":25.9,"pub":true}},{"type":"Feature","geometry":{"type":"Point","coordinates":[-107.3998,39.6064]},"properties":{"s":25.9,"pub":true}},{"type":"Feature","geometry":{"type":"Point","coordinates":[-107.3998,39.6122]},"properties":{"s":25.9,"pub":true}},{"type":"Feature","geometry":{"type":"Point","coordinates":[-107.3998,39.618]},"properties":{"s":25.9,"pub":true}},{"type":"Feature","geometry":{"type":"Point","coordinates":[-107.3998,39.6238]},"properties":{"s":25.9,"pub":false}},{"type":"Feature","geometry":{"type":"Point","coordinates":[-107.3998,39.6296]},"properties":{"s":25.9,"pub":false}},{"type":"Feature","geometry":{"type":"Point","coordinates":[-107.3998,39.6354]},"properties":{"s":25.9,"pub":true}},{"type":"Feature","geometry":{"type":"Point","coordinates":[-107.3998,39.6412]},"properties":{"s":25.9,"pub":true}},{"type":"Feature","geometry":{"type":"Point","coordinates":[-107.3998,39.647]},"properties":{"s":25.9,"pub":true}},{"type":"Feature","geometry":{"type":"Point","coordinates":[-107.3998,39.6528]},"properties":{"s":25.9,"pub":true}},{"type":"Feature","geometry":{"type":"Point","coordinates":[-107.3998,39.6586]},"properties":{"s":25.9,"pub":true}},{"type":"Feature","geometry":{"type":"Point","coordinates":[-107.3998,39.6644]},"properties":{"s":25.9,"pub":true}},{"type":"Feature","geometry":{"type":"Point","coordinates":[-107.3998,39.6702]},"properties":{"s":25.9,"pub":true}},{"type":"Feature","geometry":{"type":"Point","coordinates":[-107.3998,39.676]},"properties":{"s":70.4,"pub":true}},{"type":"Feature","geometry":{"type":"Point","coordinates":[-107.3998,39.6818]},"properties":{"s":25.9,"pub":true}},{"type":"Feature","geometry":{"type":"Point","coordinates":[-107.3998,39.6876]},"properties":{"s":25.9,"pub":true}},{"type":"Feature","geometry":{"type":"Point","coordinates":[-107.3923,39.5774]},"properties":{"s":25.9,"pub":true}},{"type":"Feature","geometry":{"type":"Point","coordinates":[-107.3923,39.5832]},"properties":{"s":25.9,"pub":true}},{"type":"Feature","geometry":{"type":"Point","coordinates":[-107.3923,39.589]},"properties":{"s":25.9,"pub":true}},{"type":"Feature","geometry":{"type":"Point","coordinates":[-107.3923,39.5948]},"properties":{"s":25.9,"pub":true}},{"type":"Feature","geometry":{"type":"Point","coordinates":[-107.3923,39.6006]},"properties":{"s":25.9,"pub":true}},{"type":"Feature","geometry":{"type":"Point","coordinates":[-107.3923,39.6064]},"properties":{"s":25.9,"pub":true}},{"type":"Feature","geometry":{"type":"Point","coordinates":[-107.3923,39.6122]},"properties":{"s":25.9,"pub":true}},{"type":"Feature","geometry":{"type":"Point","coordinates":[-107.3923,39.618]},"properties":{"s":25.9,"pub":true}},{"type":"Feature","geometry":{"type":"Point","coordinates":[-107.3923,39.6238]},"properties":{"s":25.9,"pub":false}},{"type":"Feature","geometry":{"type":"Point","coordinates":[-107.3923,39.6296]},"properties":{"s":25.9,"pub":false}},{"type":"Feature","geometry":{"type":"Point","coordinates":[-107.3923,39.6354]},"properties":{"s":25.9,"pub":false}},{"type":"Feature","geometry":{"type":"Point","coordinates":[-107.3923,39.6412]},"properties":{"s":25.9,"pub":true}},{"type":"Feature","geometry":{"type":"Point","coordinates":[-107.3923,39.647]},"properties":{"s":25.9,"pub":true}},{"type":"Feature","geometry":{"type":"Point","coordinates":[-107.3923,39.6528]},"properties":{"s":25.9,"pub":true}},{"type":"Feature","geometry":{"type":"Point","coordinates":[-107.3923,39.6586]},"properties":{"s":25.9,"pub":true}},{"type":"Feature","geometry":{"type":"Point","coordinates":[-107.3923,39.6644]},"properties":{"s":25.9,"pub":true}},{"type":"Feature","geometry":{"type":"Point","coordinates":[-107.3923,39.6702]},"properties":{"s":25.9,"pub":true}},{"type":"Feature","geometry":{"type":"Point","coordinates":[-107.3923,39.676]},"properties":{"s":25.9,"pub":true}},{"type":"Feature","geometry":{"type":"Point","coordinates":[-107.3923,39.6818]},"properties":{"s":70.4,"pub":true}},{"type":"Feature","geometry":{"type":"Point","coordinates":[-107.3923,39.6876]},"properties":{"s":25.9,"pub":true}},{"type":"Feature","geometry":{"type":"Point","coordinates":[-107.3923,39.6934]},"properties":{"s":25.9,"pub":true}},{"type":"Feature","geometry":{"type":"Point","coordinates":[-107.3923,39.6992]},"properties":{"s":25.9,"pub":true}},{"type":"Feature","geometry":{"type":"Point","coordinates":[-107.3848,39.5716]},"properties":{"s":40.7,"pub":false}},{"type":"Feature","geometry":{"type":"Point","coordinates":[-107.3848,39.5774]},"properties":{"s":25.9,"pub":true}},{"type":"Feature","geometry":{"type":"Point","coordinates":[-107.3848,39.5832]},"properties":{"s":25.9,"pub":true}},{"type":"Feature","geometry":{"type":"Point","coordinates":[-107.3848,39.589]},"properties":{"s":25.9,"pub":false}},{"type":"Feature","geometry":{"type":"Point","coordinates":[-107.3848,39.5948]},"properties":{"s":25.9,"pub":false}},{"type":"Feature","geometry":{"type":"Point","coordinates":[-107.3848,39.6006]},"properties":{"s":25.9,"pub":true}},{"type":"Feature","geometry":{"type":"Point","coordinates":[-107.3848,39.6064]},"properties":{"s":25.9,"pub":true}},{"type":"Feature","geometry":{"type":"Point","coordinates":[-107.3848,39.6122]},"properties":{"s":25.9,"pub":true}},{"type":"Feature","geometry":{"type":"Point","coordinates":[-107.3848,39.618]},"properties":{"s":25.9,"pub":true}},{"type":"Feature","geometry":{"type":"Point","coordinates":[-107.3848,39.6238]},"properties":{"s":25.9,"pub":true}},{"type":"Feature","geometry":{"type":"Point","coordinates":[-107.3848,39.6296]},"properties":{"s":25.9,"pub":true}},{"type":"Feature","geometry":{"type":"Point","coordinates":[-107.3848,39.6354]},"properties":{"s":25.9,"pub":true}},{"type":"Feature","geometry":{"type":"Point","coordinates":[-107.3848,39.6412]},"properties":{"s":25.9,"pub":true}},{"type":"Feature","geometry":{"type":"Point","coordinates":[-107.3848,39.647]},"properties":{"s":25.9,"pub":false}},{"type":"Feature","geometry":{"type":"Point","coordinates":[-107.3848,39.6528]},"properties":{"s":25.9,"pub":true}},{"type":"Feature","geometry":{"type":"Point","coordinates":[-107.3848,39.6586]},"properties":{"s":25.9,"pub":true}},{"type":"Feature","geometry":{"type":"Point","coordinates":[-107.3848,39.6644]},"properties":{"s":25.9,"pub":true}},{"type":"Feature","geometry":{"type":"Point","coordinates":[-107.3848,39.6702]},"properties":{"s":25.9,"pub":true}},{"type":"Feature","geometry":{"type":"Point","coordinates":[-107.3848,39.676]},"properties":{"s":25.9,"pub":true}},{"type":"Feature","geometry":{"type":"Point","coordinates":[-107.3848,39.6818]},"properties":{"s":25.9,"pub":true}},{"type":"Feature","geometry":{"type":"Point","coordinates":[-107.3848,39.6876]},"properties":{"s":70.4,"pub":true}},{"type":"Feature","geometry":{"type":"Point","coordinates":[-107.3848,39.6934]},"properties":{"s":25.9,"pub":true}},{"type":"Feature","geometry":{"type":"Point","coordinates":[-107.3848,39.6992]},"properties":{"s":25.9,"pub":true}},{"type":"Feature","geometry":{"type":"Point","coordinates":[-107.3848,39.705]},"properties":{"s":25.9,"pub":true}},{"type":"Feature","geometry":{"type":"Point","coordinates":[-107.3848,39.7108]},"properties":{"s":25.9,"pub":true}},{"type":"Feature","geometry":{"type":"Point","coordinates":[-107.3773,39.5716]},"properties":{"s":40.7,"pub":false}},{"type":"Feature","geometry":{"type":"Point","coordinates":[-107.3773,39.589]},"properties":{"s":25.9,"pub":true}},{"type":"Feature","geometry":{"type":"Point","coordinates":[-107.3773,39.5948]},"properties":{"s":25.9,"pub":true}},{"type":"Feature","geometry":{"type":"Point","coordinates":[-107.3773,39.6006]},"properties":{"s":25.9,"pub":true}},{"type":"Feature","geometry":{"type":"Point","coordinates":[-107.3773,39.6064]},"properties":{"s":25.9,"pub":true}},{"type":"Feature","geometry":{"type":"Point","coordinates":[-107.3773,39.6122]},"properties":{"s":25.9,"pub":true}},{"type":"Feature","geometry":{"type":"Point","coordinates":[-107.3773,39.618]},"properties":{"s":25.9,"pub":false}},{"type":"Feature","geometry":{"type":"Point","coordinates":[-107.3773,39.6238]},"properties":{"s":25.9,"pub":false}},{"type":"Feature","geometry":{"type":"Point","coordinates":[-107.3773,39.6296]},"properties":{"s":25.9,"pub":false}},{"type":"Feature","geometry":{"type":"Point","coordinates":[-107.3773,39.6354]},"properties":{"s":25.9,"pub":true}},{"type":"Feature","geometry":{"type":"Point","coordinates":[-107.3773,39.6412]},"properties":{"s":25.9,"pub":true}},{"type":"Feature","geometry":{"type":"Point","coordinates":[-107.3773,39.647]},"properties":{"s":25.9,"pub":true}},{"type":"Feature","geometry":{"type":"Point","coordinates":[-107.3773,39.6528]},"properties":{"s":25.9,"pub":true}},{"type":"Feature","geometry":{"type":"Point","coordinates":[-107.3773,39.6586]},"properties":{"s":25.9,"pub":true}},{"type":"Feature","geometry":{"type":"Point","coordinates":[-107.3773,39.6644]},"properties":{"s":25.9,"pub":true}},{"type":"Feature","geometry":{"type":"Point","coordinates":[-107.3773,39.6702]},"properties":{"s":25.9,"pub":true}},{"type":"Feature","geometry":{"type":"Point","coordinates":[-107.3773,39.676]},"properties":{"s":25.9,"pub":true}},{"type":"Feature","geometry":{"type":"Point","coordinates":[-107.3773,39.6818]},"properties":{"s":25.9,"pub":true}},{"type":"Feature","geometry":{"type":"Point","coordinates":[-107.3773,39.6876]},"properties":{"s":25.9,"pub":true}},{"type":"Feature","geometry":{"type":"Point","coordinates":[-107.3773,39.6934]},"properties":{"s":70.4,"pub":true}},{"type":"Feature","geometry":{"type":"Point","coordinates":[-107.3773,39.6992]},"properties":{"s":70.4,"pub":true}},{"type":"Feature","geometry":{"type":"Point","coordinates":[-107.3773,39.705]},"properties":{"s":25.9,"pub":true}},{"type":"Feature","geometry":{"type":"Point","coordinates":[-107.3773,39.7108]},"properties":{"s":25.9,"pub":true}},{"type":"Feature","geometry":{"type":"Point","coordinates":[-107.3773,39.7166]},"properties":{"s":25.9,"pub":true}},{"type":"Feature","geometry":{"type":"Point","coordinates":[-107.3698,39.589]},"properties":{"s":25.9,"pub":true}},{"type":"Feature","geometry":{"type":"Point","coordinates":[-107.3698,39.5948]},"properties":{"s":25.9,"pub":true}},{"type":"Feature","geometry":{"type":"Point","coordinates":[-107.3698,39.6006]},"properties":{"s":25.9,"pub":true}},{"type":"Feature","geometry":{"type":"Point","coordinates":[-107.3698,39.6064]},"properties":{"s":25.9,"pub":true}},{"type":"Feature","geometry":{"type":"Point","coordinates":[-107.3698,39.6122]},"properties":{"s":25.9,"pub":true}},{"type":"Feature","geometry":{"type":"Point","coordinates":[-107.3698,39.618]},"properties":{"s":25.9,"pub":true}},{"type":"Feature","geometry":{"type":"Point","coordinates":[-107.3698,39.6238]},"properties":{"s":25.9,"pub":true}},{"type":"Feature","geometry":{"type":"Point","coordinates":[-107.3698,39.6296]},"properties":{"s":25.9,"pub":true}},{"type":"Feature","geometry":{"type":"Point","coordinates":[-107.3698,39.6354]},"properties":{"s":25.9,"pub":true}},{"type":"Feature","geometry":{"type":"Point","coordinates":[-107.3698,39.6412]},"properties":{"s":25.9,"pub":true}},{"type":"Feature","geometry":{"type":"Point","coordinates":[-107.3698,39.647]},"properties":{"s":25.9,"pub":true}},{"type":"Feature","geometry":{"type":"Point","coordinates":[-107.3698,39.6528]},"properties":{"s":25.9,"pub":true}},{"type":"Feature","geometry":{"type":"Point","coordinates":[-107.3698,39.6586]},"properties":{"s":25.9,"pub":true}},{"type":"Feature","geometry":{"type":"Point","coordinates":[-107.3698,39.6644]},"properties":{"s":25.9,"pub":true}},{"type":"Feature","geometry":{"type":"Point","coordinates":[-107.3698,39.6702]},"properties":{"s":25.9,"pub":true}},{"type":"Feature","geometry":{"type":"Point","coordinates":[-107.3698,39.676]},"properties":{"s":25.9,"pub":true}},{"type":"Feature","geometry":{"type":"Point","coordinates":[-107.3698,39.6818]},"properties":{"s":25.9,"pub":true}},{"type":"Feature","geometry":{"type":"Point","coordinates":[-107.3698,39.6876]},"properties":{"s":25.9,"pub":true}},{"type":"Feature","geometry":{"type":"Point","coordinates":[-107.3698,39.6934]},"properties":{"s":70.4,"pub":true}},{"type":"Feature","geometry":{"type":"Point","coordinates":[-107.3698,39.6992]},"properties":{"s":70.4,"pub":true}},{"type":"Feature","geometry":{"type":"Point","coordinates":[-107.3698,39.705]},"properties":{"s":70.4,"pub":true}},{"type":"Feature","geometry":{"type":"Point","coordinates":[-107.3698,39.7108]},"properties":{"s":25.9,"pub":true}},{"type":"Feature","geometry":{"type":"Point","coordinates":[-107.3698,39.7166]},"properties":{"s":25.9,"pub":true}},{"type":"Feature","geometry":{"type":"Point","coordinates":[-107.3698,39.7224]},"properties":{"s":25.9,"pub":true}},{"type":"Feature","geometry":{"type":"Point","coordinates":[-107.3698,39.7282]},"properties":{"s":25.9,"pub":true}},{"type":"Feature","geometry":{"type":"Point","coordinates":[-107.3698,39.734]},"properties":{"s":25.9,"pub":true}},{"type":"Feature","geometry":{"type":"Point","coordinates":[-107.3698,39.7398]},"properties":{"s":25.9,"pub":true}},{"type":"Feature","geometry":{"type":"Point","coordinates":[-107.3623,39.5774]},"properties":{"s":40.7,"pub":true}},{"type":"Feature","geometry":{"type":"Point","coordinates":[-107.3623,39.5832]},"properties":{"s":33.3,"pub":true}},{"type":"Feature","geometry":{"type":"Point","coordinates":[-107.3623,39.589]},"properties":{"s":25.9,"pub":true}},{"type":"Feature","geometry":{"type":"Point","coordinates":[-107.3623,39.5948]},"properties":{"s":25.9,"pub":true}},{"type":"Feature","geometry":{"type":"Point","coordinates":[-107.3623,39.6006]},"properties":{"s":25.9,"pub":true}},{"type":"Feature","geometry":{"type":"Point","coordinates":[-107.3623,39.6064]},"properties":{"s":70.4,"pub":true}},{"type":"Feature","geometry":{"type":"Point","coordinates":[-107.3623,39.6122]},"properties":{"s":70.4,"pub":true}},{"type":"Feature","geometry":{"type":"Point","coordinates":[-107.3623,39.618]},"properties":{"s":70.4,"pub":true}},{"type":"Feature","geometry":{"type":"Point","coordinates":[-107.3623,39.6238]},"properties":{"s":25.9,"pub":true}},{"type":"Feature","geometry":{"type":"Point","coordinates":[-107.3623,39.6296]},"properties":{"s":25.9,"pub":true}},{"type":"Feature","geometry":{"type":"Point","coordinates":[-107.3623,39.6354]},"properties":{"s":25.9,"pub":true}},{"type":"Feature","geometry":{"type":"Point","coordinates":[-107.3623,39.6412]},"properties":{"s":25.9,"pub":true}},{"type":"Feature","geometry":{"type":"Point","coordinates":[-107.3623,39.647]},"properties":{"s":25.9,"pub":true}},{"type":"Feature","geometry":{"type":"Point","coordinates":[-107.3623,39.6528]},"properties":{"s":25.9,"pub":true}},{"type":"Feature","geometry":{"type":"Point","coordinates":[-107.3623,39.6586]},"properties":{"s":25.9,"pub":true}},{"type":"Feature","geometry":{"type":"Point","coordinates":[-107.3623,39.6644]},"properties":{"s":25.9,"pub":true}},{"type":"Feature","geometry":{"type":"Point","coordinates":[-107.3623,39.6702]},"properties":{"s":25.9,"pub":true}},{"type":"Feature","geometry":{"type":"Point","coordinates":[-107.3623,39.676]},"properties":{"s":25.9,"pub":true}},{"type":"Feature","geometry":{"type":"Point","coordinates":[-107.3623,39.6818]},"properties":{"s":25.9,"pub":true}},{"type":"Feature","geometry":{"type":"Point","coordinates":[-107.3623,39.6876]},"properties":{"s":25.9,"pub":true}},{"type":"Feature","geometry":{"type":"Point","coordinates":[-107.3623,39.6934]},"properties":{"s":70.4,"pub":true}},{"type":"Feature","geometry":{"type":"Point","coordinates":[-107.3623,39.6992]},"properties":{"s":70.4,"pub":true}},{"type":"Feature","geometry":{"type":"Point","coordinates":[-107.3623,39.705]},"properties":{"s":70.4,"pub":true}},{"type":"Feature","geometry":{"type":"Point","coordinates":[-107.3623,39.7108]},"properties":{"s":25.9,"pub":true}},{"type":"Feature","geometry":{"type":"Point","coordinates":[-107.3623,39.7166]},"properties":{"s":25.9,"pub":true}},{"type":"Feature","geometry":{"type":"Point","coordinates":[-107.3623,39.7224]},"properties":{"s":25.9,"pub":true}},{"type":"Feature","geometry":{"type":"Point","coordinates":[-107.3623,39.7282]},"properties":{"s":25.9,"pub":true}},{"type":"Feature","geometry":{"type":"Point","coordinates":[-107.3623,39.734]},"properties":{"s":25.9,"pub":true}},{"type":"Feature","geometry":{"type":"Point","coordinates":[-107.3623,39.7398]},"properties":{"s":25.9,"pub":true}},{"type":"Feature","geometry":{"type":"Point","coordinates":[-107.3623,39.7456]},"properties":{"s":25.9,"pub":true}},{"type":"Feature","geometry":{"type":"Point","coordinates":[-107.3623,39.7514]},"properties":{"s":25.9,"pub":true}},{"type":"Feature","geometry":{"type":"Point","coordinates":[-107.3623,39.7572]},"properties":{"s":25.9,"pub":true}},{"type":"Feature","geometry":{"type":"Point","coordinates":[-107.3548,39.5774]},"properties":{"s":40.7,"pub":true}},{"type":"Feature","geometry":{"type":"Point","coordinates":[-107.3548,39.5832]},"properties":{"s":33.3,"pub":true}},{"type":"Feature","geometry":{"type":"Point","coordinates":[-107.3548,39.589]},"properties":{"s":25.9,"pub":true}},{"type":"Feature","geometry":{"type":"Point","coordinates":[-107.3548,39.5948]},"properties":{"s":25.9,"pub":true}},{"type":"Feature","geometry":{"type":"Point","coordinates":[-107.3548,39.6006]},"properties":{"s":25.9,"pub":true}},{"type":"Feature","geometry":{"type":"Point","coordinates":[-107.3548,39.6064]},"properties":{"s":70.4,"pub":true}},{"type":"Feature","geometry":{"type":"Point","coordinates":[-107.3548,39.6122]},"properties":{"s":70.4,"pub":true}},{"type":"Feature","geometry":{"type":"Point","coordinates":[-107.3548,39.618]},"properties":{"s":70.4,"pub":true}},{"type":"Feature","geometry":{"type":"Point","coordinates":[-107.3548,39.6238]},"properties":{"s":70.4,"pub":true}},{"type":"Feature","geometry":{"type":"Point","coordinates":[-107.3548,39.6296]},"properties":{"s":25.9,"pub":true}},{"type":"Feature","geometry":{"type":"Point","coordinates":[-107.3548,39.6354]},"properties":{"s":25.9,"pub":true}},{"type":"Feature","geometry":{"type":"Point","coordinates":[-107.3548,39.6412]},"properties":{"s":25.9,"pub":true}},{"type":"Feature","geometry":{"type":"Point","coordinates":[-107.3548,39.647]},"properties":{"s":25.9,"pub":true}},{"type":"Feature","geometry":{"type":"Point","coordinates":[-107.3548,39.6528]},"properties":{"s":25.9,"pub":true}},{"type":"Feature","geometry":{"type":"Point","coordinates":[-107.3548,39.6586]},"properties":{"s":25.9,"pub":true}},{"type":"Feature","geometry":{"type":"Point","coordinates":[-107.3548,39.6644]},"properties":{"s":25.9,"pub":true}},{"type":"Feature","geometry":{"type":"Point","coordinates":[-107.3548,39.6702]},"properties":{"s":25.9,"pub":true}},{"type":"Feature","geometry":{"type":"Point","coordinates":[-107.3548,39.676]},"properties":{"s":25.9,"pub":true}},{"type":"Feature","geometry":{"type":"Point","coordinates":[-107.3548,39.6818]},"properties":{"s":25.9,"pub":true}},{"type":"Feature","geometry":{"type":"Point","coordinates":[-107.3548,39.6876]},"properties":{"s":25.9,"pub":true}},{"type":"Feature","geometry":{"type":"Point","coordinates":[-107.3548,39.6934]},"properties":{"s":70.4,"pub":true}},{"type":"Feature","geometry":{"type":"Point","coordinates":[-107.3548,39.6992]},"properties":{"s":70.4,"pub":true}},{"type":"Feature","geometry":{"type":"Point","coordinates":[-107.3548,39.705]},"properties":{"s":70.4,"pub":true}},{"type":"Feature","geometry":{"type":"Point","coordinates":[-107.3548,39.7108]},"properties":{"s":70.4,"pub":true}},{"type":"Feature","geometry":{"type":"Point","coordinates":[-107.3548,39.7166]},"properties":{"s":25.9,"pub":true}},{"type":"Feature","geometry":{"type":"Point","coordinates":[-107.3548,39.7224]},"properties":{"s":25.9,"pub":true}},{"type":"Feature","geometry":{"type":"Point","coordinates":[-107.3548,39.7282]},"properties":{"s":25.9,"pub":true}},{"type":"Feature","geometry":{"type":"Point","coordinates":[-107.3548,39.734]},"properties":{"s":25.9,"pub":true}},{"type":"Feature","geometry":{"type":"Point","coordinates":[-107.3548,39.7398]},"properties":{"s":25.9,"pub":true}},{"type":"Feature","geometry":{"type":"Point","coordinates":[-107.3548,39.7456]},"properties":{"s":25.9,"pub":true}},{"type":"Feature","geometry":{"type":"Point","coordinates":[-107.3548,39.7514]},"properties":{"s":25.9,"pub":true}},{"type":"Feature","geometry":{"type":"Point","coordinates":[-107.3548,39.7572]},"properties":{"s":25.9,"pub":true}},{"type":"Feature","geometry":{"type":"Point","coordinates":[-107.3548,39.763]},"properties":{"s":25.9,"pub":true}},{"type":"Feature","geometry":{"type":"Point","coordinates":[-107.3548,39.7688]},"properties":{"s":25.9,"pub":true}},{"type":"Feature","geometry":{"type":"Point","coordinates":[-107.3473,39.5774]},"properties":{"s":40.7,"pub":true}},{"type":"Feature","geometry":{"type":"Point","coordinates":[-107.3473,39.5832]},"properties":{"s":100.0,"pub":true}},{"type":"Feature","geometry":{"type":"Point","coordinates":[-107.3473,39.589]},"properties":{"s":70.4,"pub":true}},{"type":"Feature","geometry":{"type":"Point","coordinates":[-107.3473,39.5948]},"properties":{"s":25.9,"pub":true}},{"type":"Feature","geometry":{"type":"Point","coordinates":[-107.3473,39.6006]},"properties":{"s":25.9,"pub":true}},{"type":"Feature","geometry":{"type":"Point","coordinates":[-107.3473,39.6064]},"properties":{"s":70.4,"pub":true}},{"type":"Feature","geometry":{"type":"Point","coordinates":[-107.3473,39.6122]},"properties":{"s":70.4,"pub":true}},{"type":"Feature","geometry":{"type":"Point","coordinates":[-107.3473,39.618]},"properties":{"s":70.4,"pub":true}},{"type":"Feature","geometry":{"type":"Point","coordinates":[-107.3473,39.6238]},"properties":{"s":70.4,"pub":true}},{"type":"Feature","geometry":{"type":"Point","coordinates":[-107.3473,39.6296]},"properties":{"s":25.9,"pub":true}},{"type":"Feature","geometry":{"type":"Point","coordinates":[-107.3473,39.6354]},"properties":{"s":25.9,"pub":true}},{"type":"Feature","geometry":{"type":"Point","coordinates":[-107.3473,39.6412]},"properties":{"s":25.9,"pub":true}},{"type":"Feature","geometry":{"type":"Point","coordinates":[-107.3473,39.647]},"properties":{"s":25.9,"pub":true}},{"type":"Feature","geometry":{"type":"Point","coordinates":[-107.3473,39.6528]},"properties":{"s":25.9,"pub":true}},{"type":"Feature","geometry":{"type":"Point","coordinates":[-107.3473,39.6586]},"properties":{"s":25.9,"pub":true}},{"type":"Feature","geometry":{"type":"Point","coordinates":[-107.3473,39.6644]},"properties":{"s":25.9,"pub":true}},{"type":"Feature","geometry":{"type":"Point","coordinates":[-107.3473,39.6702]},"properties":{"s":25.9,"pub":true}},{"type":"Feature","geometry":{"type":"Point","coordinates":[-107.3473,39.676]},"properties":{"s":25.9,"pub":true}},{"type":"Feature","geometry":{"type":"Point","coordinates":[-107.3473,39.6818]},"properties":{"s":25.9,"pub":true}},{"type":"Feature","geometry":{"type":"Point","coordinates":[-107.3473,39.6876]},"properties":{"s":25.9,"pub":true}},{"type":"Feature","geometry":{"type":"Point","coordinates":[-107.3473,39.6934]},"properties":{"s":70.4,"pub":true}},{"type":"Feature","geometry":{"type":"Point","coordinates":[-107.3473,39.6992]},"properties":{"s":70.4,"pub":true}},{"type":"Feature","geometry":{"type":"Point","coordinates":[-107.3473,39.705]},"properties":{"s":70.4,"pub":true}},{"type":"Feature","geometry":{"type":"Point","coordinates":[-107.3473,39.7108]},"properties":{"s":70.4,"pub":true}},{"type":"Feature","geometry":{"type":"Point","coordinates":[-107.3473,39.7166]},"properties":{"s":25.9,"pub":true}},{"type":"Feature","geometry":{"type":"Point","coordinates":[-107.3473,39.7224]},"properties":{"s":25.9,"pub":true}},{"type":"Feature","geometry":{"type":"Point","coordinates":[-107.3473,39.7282]},"properties":{"s":25.9,"pub":true}},{"type":"Feature","geometry":{"type":"Point","coordinates":[-107.3473,39.734]},"properties":{"s":25.9,"pub":true}},{"type":"Feature","geometry":{"type":"Point","coordinates":[-107.3473,39.7398]},"properties":{"s":25.9,"pub":true}},{"type":"Feature","geometry":{"type":"Point","coordinates":[-107.3473,39.7456]},"properties":{"s":25.9,"pub":true}},{"type":"Feature","geometry":{"type":"Point","coordinates":[-107.3473,39.7514]},"properties":{"s":25.9,"pub":true}},{"type":"Feature","geometry":{"type":"Point","coordinates":[-107.3473,39.7572]},"properties":{"s":25.9,"pub":true}},{"type":"Feature","geometry":{"type":"Point","coordinates":[-107.3473,39.763]},"properties":{"s":25.9,"pub":true}},{"type":"Feature","geometry":{"type":"Point","coordinates":[-107.3473,39.7688]},"properties":{"s":25.9,"pub":true}},{"type":"Feature","geometry":{"type":"Point","coordinates":[-107.3398,39.5832]},"properties":{"s":100.0,"pub":true}},{"type":"Feature","geometry":{"type":"Point","coordinates":[-107.3398,39.589]},"properties":{"s":70.4,"pub":true}},{"type":"Feature","geometry":{"type":"Point","coordinates":[-107.3398,39.5948]},"properties":{"s":25.9,"pub":true}},{"type":"Feature","geometry":{"type":"Point","coordinates":[-107.3398,39.6006]},"properties":{"s":25.9,"pub":true}},{"type":"Feature","geometry":{"type":"Point","coordinates":[-107.3398,39.6064]},"properties":{"s":70.4,"pub":true}},{"type":"Feature","geometry":{"type":"Point","coordinates":[-107.3398,39.6122]},"properties":{"s":70.4,"pub":true}},{"type":"Feature","geometry":{"type":"Point","coordinates":[-107.3398,39.618]},"properties":{"s":70.4,"pub":true}},{"type":"Feature","geometry":{"type":"Point","coordinates":[-107.3398,39.6238]},"properties":{"s":70.4,"pub":true}},{"type":"Feature","geometry":{"type":"Point","coordinates":[-107.3398,39.6296]},"properties":{"s":25.9,"pub":true}},{"type":"Feature","geometry":{"type":"Point","coordinates":[-107.3398,39.6354]},"properties":{"s":25.9,"pub":true}},{"type":"Feature","geometry":{"type":"Point","coordinates":[-107.3398,39.6412]},"properties":{"s":25.9,"pub":true}},{"type":"Feature","geometry":{"type":"Point","coordinates":[-107.3398,39.647]},"properties":{"s":25.9,"pub":true}},{"type":"Feature","geometry":{"type":"Point","coordinates":[-107.3398,39.6528]},"properties":{"s":25.9,"pub":true}},{"type":"Feature","geometry":{"type":"Point","coordinates":[-107.3398,39.6586]},"properties":{"s":25.9,"pub":true}},{"type":"Feature","geometry":{"type":"Point","coordinates":[-107.3398,39.6644]},"properties":{"s":25.9,"pub":true}},{"type":"Feature","geometry":{"type":"Point","coordinates":[-107.3398,39.6702]},"properties":{"s":25.9,"pub":true}},{"type":"Feature","geometry":{"type":"Point","coordinates":[-107.3398,39.676]},"properties":{"s":25.9,"pub":true}},{"type":"Feature","geometry":{"type":"Point","coordinates":[-107.3398,39.6818]},"properties":{"s":25.9,"pub":true}},{"type":"Feature","geometry":{"type":"Point","coordinates":[-107.3398,39.6876]},"properties":{"s":25.9,"pub":true}},{"type":"Feature","geometry":{"type":"Point","coordinates":[-107.3398,39.6934]},"properties":{"s":25.9,"pub":true}},{"type":"Feature","geometry":{"type":"Point","coordinates":[-107.3398,39.6992]},"properties":{"s":70.4,"pub":true}},{"type":"Feature","geometry":{"type":"Point","coordinates":[-107.3398,39.705]},"properties":{"s":70.4,"pub":true}},{"type":"Feature","geometry":{"type":"Point","coordinates":[-107.3398,39.7108]},"properties":{"s":25.9,"pub":true}},{"type":"Feature","geometry":{"type":"Point","coordinates":[-107.3398,39.7166]},"properties":{"s":25.9,"pub":true}},{"type":"Feature","geometry":{"type":"Point","coordinates":[-107.3398,39.7224]},"properties":{"s":25.9,"pub":true}},{"type":"Feature","geometry":{"type":"Point","coordinates":[-107.3398,39.7282]},"properties":{"s":25.9,"pub":true}},{"type":"Feature","geometry":{"type":"Point","coordinates":[-107.3398,39.734]},"properties":{"s":25.9,"pub":true}},{"type":"Feature","geometry":{"type":"Point","coordinates":[-107.3398,39.7398]},"properties":{"s":25.9,"pub":true}},{"type":"Feature","geometry":{"type":"Point","coordinates":[-107.3398,39.7456]},"properties":{"s":25.9,"pub":true}},{"type":"Feature","geometry":{"type":"Point","coordinates":[-107.3398,39.7514]},"properties":{"s":25.9,"pub":true}},{"type":"Feature","geometry":{"type":"Point","coordinates":[-107.3398,39.7572]},"properties":{"s":25.9,"pub":true}},{"type":"Feature","geometry":{"type":"Point","coordinates":[-107.3398,39.763]},"properties":{"s":25.9,"pub":true}},{"type":"Feature","geometry":{"type":"Point","coordinates":[-107.3398,39.7688]},"properties":{"s":25.9,"pub":true}},{"type":"Feature","geometry":{"type":"Point","coordinates":[-107.3398,39.7746]},"properties":{"s":25.9,"pub":true}},{"type":"Feature","geometry":{"type":"Point","coordinates":[-107.3398,39.7804]},"properties":{"s":25.9,"pub":true}},{"type":"Feature","geometry":{"type":"Point","coordinates":[-107.3323,39.5716]},"properties":{"s":25.9,"pub":true}},{"type":"Feature","geometry":{"type":"Point","coordinates":[-107.3323,39.5774]},"properties":{"s":25.9,"pub":true}},{"type":"Feature","geometry":{"type":"Point","coordinates":[-107.3323,39.5832]},"properties":{"s":25.9,"pub":true}},{"type":"Feature","geometry":{"type":"Point","coordinates":[-107.3323,39.589]},"properties":{"s":70.4,"pub":true}},{"type":"Feature","geometry":{"type":"Point","coordinates":[-107.3323,39.5948]},"properties":{"s":70.4,"pub":true}},{"type":"Feature","geometry":{"type":"Point","coordinates":[-107.3323,39.6006]},"properties":{"s":70.4,"pub":true}},{"type":"Feature","geometry":{"type":"Point","coordinates":[-107.3323,39.6064]},"properties":{"s":70.4,"pub":true}},{"type":"Feature","geometry":{"type":"Point","coordinates":[-107.3323,39.6122]},"properties":{"s":70.4,"pub":true}},{"type":"Feature","geometry":{"type":"Point","coordinates":[-107.3323,39.618]},"properties":{"s":70.4,"pub":true}},{"type":"Feature","geometry":{"type":"Point","coordinates":[-107.3323,39.6238]},"properties":{"s":70.4,"pub":true}},{"type":"Feature","geometry":{"type":"Point","coordinates":[-107.3323,39.6296]},"properties":{"s":25.9,"pub":true}},{"type":"Feature","geometry":{"type":"Point","coordinates":[-107.3323,39.6354]},"properties":{"s":25.9,"pub":true}},{"type":"Feature","geometry":{"type":"Point","coordinates":[-107.3323,39.6412]},"properties":{"s":25.9,"pub":true}},{"type":"Feature","geometry":{"type":"Point","coordinates":[-107.3323,39.647]},"properties":{"s":25.9,"pub":true}},{"type":"Feature","geometry":{"type":"Point","coordinates":[-107.3323,39.6528]},"properties":{"s":25.9,"pub":true}},{"type":"Feature","geometry":{"type":"Point","coordinates":[-107.3323,39.6586]},"properties":{"s":25.9,"pub":true}},{"type":"Feature","geometry":{"type":"Point","coordinates":[-107.3323,39.6644]},"properties":{"s":25.9,"pub":true}},{"type":"Feature","geometry":{"type":"Point","coordinates":[-107.3323,39.6702]},"properties":{"s":25.9,"pub":true}},{"type":"Feature","geometry":{"type":"Point","coordinates":[-107.3323,39.676]},"properties":{"s":25.9,"pub":true}},{"type":"Feature","geometry":{"type":"Point","coordinates":[-107.3323,39.6818]},"properties":{"s":25.9,"pub":true}},{"type":"Feature","geometry":{"type":"Point","coordinates":[-107.3323,39.6876]},"properties":{"s":25.9,"pub":true}},{"type":"Feature","geometry":{"type":"Point","coordinates":[-107.3323,39.6934]},"properties":{"s":25.9,"pub":true}},{"type":"Feature","geometry":{"type":"Point","coordinates":[-107.3323,39.6992]},"properties":{"s":25.9,"pub":true}},{"type":"Feature","geometry":{"type":"Point","coordinates":[-107.3323,39.705]},"properties":{"s":25.9,"pub":true}},{"type":"Feature","geometry":{"type":"Point","coordinates":[-107.3323,39.7108]},"properties":{"s":25.9,"pub":true}},{"type":"Feature","geometry":{"type":"Point","coordinates":[-107.3323,39.7166]},"properties":{"s":25.9,"pub":true}},{"type":"Feature","geometry":{"type":"Point","coordinates":[-107.3323,39.7224]},"properties":{"s":25.9,"pub":true}},{"type":"Feature","geometry":{"type":"Point","coordinates":[-107.3323,39.7282]},"properties":{"s":25.9,"pub":true}},{"type":"Feature","geometry":{"type":"Point","coordinates":[-107.3323,39.734]},"properties":{"s":25.9,"pub":true}},{"type":"Feature","geometry":{"type":"Point","coordinates":[-107.3323,39.7398]},"properties":{"s":25.9,"pub":true}},{"type":"Feature","geometry":{"type":"Point","coordinates":[-107.3323,39.7456]},"properties":{"s":25.9,"pub":true}},{"type":"Feature","geometry":{"type":"Point","coordinates":[-107.3323,39.7514]},"properties":{"s":25.9,"pub":true}},{"type":"Feature","geometry":{"type":"Point","coordinates":[-107.3323,39.7572]},"properties":{"s":25.9,"pub":true}},{"type":"Feature","geometry":{"type":"Point","coordinates":[-107.3323,39.763]},"properties":{"s":25.9,"pub":true}},{"type":"Feature","geometry":{"type":"Point","coordinates":[-107.3323,39.7688]},"properties":{"s":25.9,"pub":true}},{"type":"Feature","geometry":{"type":"Point","coordinates":[-107.3323,39.7746]},"properties":{"s":25.9,"pub":true}},{"type":"Feature","geometry":{"type":"Point","coordinates":[-107.3248,39.5716]},"properties":{"s":55.6,"pub":true}},{"type":"Feature","geometry":{"type":"Point","coordinates":[-107.3248,39.5774]},"properties":{"s":55.6,"pub":true}},{"type":"Feature","geometry":{"type":"Point","coordinates":[-107.3248,39.5832]},"properties":{"s":25.9,"pub":true}},{"type":"Feature","geometry":{"type":"Point","coordinates":[-107.3248,39.589]},"properties":{"s":25.9,"pub":true}},{"type":"Feature","geometry":{"type":"Point","coordinates":[-107.3248,39.5948]},"properties":{"s":70.4,"pub":true}},{"type":"Feature","geometry":{"type":"Point","coordinates":[-107.3248,39.6006]},"properties":{"s":70.4,"pub":true}},{"type":"Feature","geometry":{"type":"Point","coordinates":[-107.3248,39.6064]},"properties":{"s":70.4,"pub":true}},{"type":"Feature","geometry":{"type":"Point","coordinates":[-107.3248,39.6122]},"properties":{"s":70.4,"pub":true}},{"type":"Feature","geometry":{"type":"Point","coordinates":[-107.3248,39.618]},"properties":{"s":70.4,"pub":true}},{"type":"Feature","geometry":{"type":"Point","coordinates":[-107.3248,39.6238]},"properties":{"s":70.4,"pub":true}},{"type":"Feature","geometry":{"type":"Point","coordinates":[-107.3248,39.6296]},"properties":{"s":25.9,"pub":true}},{"type":"Feature","geometry":{"type":"Point","coordinates":[-107.3248,39.6354]},"properties":{"s":25.9,"pub":true}},{"type":"Feature","geometry":{"type":"Point","coordinates":[-107.3248,39.6412]},"properties":{"s":25.9,"pub":true}},{"type":"Feature","geometry":{"type":"Point","coordinates":[-107.3248,39.647]},"properties":{"s":25.9,"pub":true}},{"type":"Feature","geometry":{"type":"Point","coordinates":[-107.3248,39.6528]},"properties":{"s":25.9,"pub":true}},{"type":"Feature","geometry":{"type":"Point","coordinates":[-107.3248,39.6586]},"properties":{"s":25.9,"pub":true}},{"type":"Feature","geometry":{"type":"Point","coordinates":[-107.3248,39.6644]},"properties":{"s":25.9,"pub":true}},{"type":"Feature","geometry":{"type":"Point","coordinates":[-107.3248,39.6702]},"properties":{"s":25.9,"pub":true}},{"type":"Feature","geometry":{"type":"Point","coordinates":[-107.3248,39.676]},"properties":{"s":25.9,"pub":true}},{"type":"Feature","geometry":{"type":"Point","coordinates":[-107.3248,39.6818]},"properties":{"s":25.9,"pub":true}},{"type":"Feature","geometry":{"type":"Point","coordinates":[-107.3248,39.6876]},"properties":{"s":25.9,"pub":true}},{"type":"Feature","geometry":{"type":"Point","coordinates":[-107.3248,39.6934]},"properties":{"s":25.9,"pub":true}},{"type":"Feature","geometry":{"type":"Point","coordinates":[-107.3248,39.6992]},"properties":{"s":25.9,"pub":true}},{"type":"Feature","geometry":{"type":"Point","coordinates":[-107.3248,39.705]},"properties":{"s":25.9,"pub":true}},{"type":"Feature","geometry":{"type":"Point","coordinates":[-107.3248,39.7108]},"properties":{"s":25.9,"pub":true}},{"type":"Feature","geometry":{"type":"Point","coordinates":[-107.3248,39.7166]},"properties":{"s":25.9,"pub":true}},{"type":"Feature","geometry":{"type":"Point","coordinates":[-107.3248,39.7224]},"properties":{"s":25.9,"pub":true}},{"type":"Feature","geometry":{"type":"Point","coordinates":[-107.3248,39.7282]},"properties":{"s":25.9,"pub":true}},{"type":"Feature","geometry":{"type":"Point","coordinates":[-107.3248,39.734]},"properties":{"s":25.9,"pub":true}},{"type":"Feature","geometry":{"type":"Point","coordinates":[-107.3248,39.7398]},"properties":{"s":25.9,"pub":true}},{"type":"Feature","geometry":{"type":"Point","coordinates":[-107.3248,39.7456]},"properties":{"s":25.9,"pub":true}},{"type":"Feature","geometry":{"type":"Point","coordinates":[-107.3248,39.7514]},"properties":{"s":25.9,"pub":true}},{"type":"Feature","geometry":{"type":"Point","coordinates":[-107.3248,39.7572]},"properties":{"s":25.9,"pub":true}},{"type":"Feature","geometry":{"type":"Point","coordinates":[-107.3248,39.763]},"properties":{"s":25.9,"pub":true}},{"type":"Feature","geometry":{"type":"Point","coordinates":[-107.3248,39.7688]},"properties":{"s":25.9,"pub":true}},{"type":"Feature","geometry":{"type":"Point","coordinates":[-107.3248,39.7746]},"properties":{"s":25.9,"pub":true}},{"type":"Feature","geometry":{"type":"Point","coordinates":[-107.3173,39.5716]},"properties":{"s":55.6,"pub":true}},{"type":"Feature","geometry":{"type":"Point","coordinates":[-107.3173,39.5774]},"properties":{"s":55.6,"pub":true}},{"type":"Feature","geometry":{"type":"Point","coordinates":[-107.3173,39.5832]},"properties":{"s":55.6,"pub":true}},{"type":"Feature","geometry":{"type":"Point","coordinates":[-107.3173,39.589]},"properties":{"s":25.9,"pub":true}},{"type":"Feature","geometry":{"type":"Point","coordinates":[-107.3173,39.5948]},"properties":{"s":25.9,"pub":true}},{"type":"Feature","geometry":{"type":"Point","coordinates":[-107.3173,39.6006]},"properties":{"s":70.4,"pub":true}},{"type":"Feature","geometry":{"type":"Point","coordinates":[-107.3173,39.6064]},"properties":{"s":70.4,"pub":true}},{"type":"Feature","geometry":{"type":"Point","coordinates":[-107.3173,39.6122]},"properties":{"s":70.4,"pub":true}},{"type":"Feature","geometry":{"type":"Point","coordinates":[-107.3173,39.618]},"properties":{"s":70.4,"pub":true}},{"type":"Feature","geometry":{"type":"Point","coordinates":[-107.3173,39.6238]},"properties":{"s":25.9,"pub":true}},{"type":"Feature","geometry":{"type":"Point","coordinates":[-107.3173,39.6296]},"properties":{"s":25.9,"pub":true}},{"type":"Feature","geometry":{"type":"Point","coordinates":[-107.3173,39.6354]},"properties":{"s":25.9,"pub":true}},{"type":"Feature","geometry":{"type":"Point","coordinates":[-107.3173,39.6412]},"properties":{"s":25.9,"pub":true}},{"type":"Feature","geometry":{"type":"Point","coordinates":[-107.3173,39.647]},"properties":{"s":25.9,"pub":true}},{"type":"Feature","geometry":{"type":"Point","coordinates":[-107.3173,39.6528]},"properties":{"s":25.9,"pub":true}},{"type":"Feature","geometry":{"type":"Point","coordinates":[-107.3173,39.6586]},"properties":{"s":25.9,"pub":true}},{"type":"Feature","geometry":{"type":"Point","coordinates":[-107.3173,39.6644]},"properties":{"s":25.9,"pub":true}},{"type":"Feature","geometry":{"type":"Point","coordinates":[-107.3173,39.6702]},"properties":{"s":70.4,"pub":true}},{"type":"Feature","geometry":{"type":"Point","coordinates":[-107.3173,39.676]},"properties":{"s":70.4,"pub":true}},{"type":"Feature","geometry":{"type":"Point","coordinates":[-107.3173,39.6818]},"properties":{"s":70.4,"pub":true}},{"type":"Feature","geometry":{"type":"Point","coordinates":[-107.3173,39.6876]},"properties":{"s":25.9,"pub":true}},{"type":"Feature","geometry":{"type":"Point","coordinates":[-107.3173,39.6934]},"properties":{"s":25.9,"pub":true}},{"type":"Feature","geometry":{"type":"Point","coordinates":[-107.3173,39.6992]},"properties":{"s":70.4,"pub":true}},{"type":"Feature","geometry":{"type":"Point","coordinates":[-107.3173,39.705]},"properties":{"s":70.4,"pub":true}},{"type":"Feature","geometry":{"type":"Point","coordinates":[-107.3173,39.7108]},"properties":{"s":70.4,"pub":true}},{"type":"Feature","geometry":{"type":"Point","coordinates":[-107.3173,39.7166]},"properties":{"s":25.9,"pub":true}},{"type":"Feature","geometry":{"type":"Point","coordinates":[-107.3173,39.7224]},"properties":{"s":25.9,"pub":true}},{"type":"Feature","geometry":{"type":"Point","coordinates":[-107.3173,39.7282]},"properties":{"s":25.9,"pub":true}},{"type":"Feature","geometry":{"type":"Point","coordinates":[-107.3173,39.734]},"properties":{"s":25.9,"pub":true}},{"type":"Feature","geometry":{"type":"Point","coordinates":[-107.3173,39.7398]},"properties":{"s":25.9,"pub":true}},{"type":"Feature","geometry":{"type":"Point","coordinates":[-107.3173,39.7456]},"properties":{"s":25.9,"pub":true}},{"type":"Feature","geometry":{"type":"Point","coordinates":[-107.3173,39.7514]},"properties":{"s":25.9,"pub":true}},{"type":"Feature","geometry":{"type":"Point","coordinates":[-107.3173,39.7572]},"properties":{"s":25.9,"pub":true}},{"type":"Feature","geometry":{"type":"Point","coordinates":[-107.3173,39.763]},"properties":{"s":25.9,"pub":true}},{"type":"Feature","geometry":{"type":"Point","coordinates":[-107.3173,39.7688]},"properties":{"s":25.9,"pub":true}},{"type":"Feature","geometry":{"type":"Point","coordinates":[-107.3173,39.7746]},"properties":{"s":25.9,"pub":true}},{"type":"Feature","geometry":{"type":"Point","coordinates":[-107.3098,39.5716]},"properties":{"s":25.9,"pub":true}},{"type":"Feature","geometry":{"type":"Point","coordinates":[-107.3098,39.5774]},"properties":{"s":55.6,"pub":true}},{"type":"Feature","geometry":{"type":"Point","coordinates":[-107.3098,39.5832]},"properties":{"s":55.6,"pub":true}},{"type":"Feature","geometry":{"type":"Point","coordinates":[-107.3098,39.589]},"properties":{"s":25.9,"pub":true}},{"type":"Feature","geometry":{"type":"Point","coordinates":[-107.3098,39.5948]},"properties":{"s":25.9,"pub":true}},{"type":"Feature","geometry":{"type":"Point","coordinates":[-107.3098,39.6006]},"properties":{"s":70.4,"pub":true}},{"type":"Feature","geometry":{"type":"Point","coordinates":[-107.3098,39.6064]},"properties":{"s":70.4,"pub":true}},{"type":"Feature","geometry":{"type":"Point","coordinates":[-107.3098,39.6122]},"properties":{"s":70.4,"pub":true}},{"type":"Feature","geometry":{"type":"Point","coordinates":[-107.3098,39.618]},"properties":{"s":70.4,"pub":true}},{"type":"Feature","geometry":{"type":"Point","coordinates":[-107.3098,39.6238]},"properties":{"s":25.9,"pub":true}},{"type":"Feature","geometry":{"type":"Point","coordinates":[-107.3098,39.6296]},"properties":{"s":25.9,"pub":true}},{"type":"Feature","geometry":{"type":"Point","coordinates":[-107.3098,39.6354]},"properties":{"s":25.9,"pub":true}},{"type":"Feature","geometry":{"type":"Point","coordinates":[-107.3098,39.6412]},"properties":{"s":25.9,"pub":true}},{"type":"Feature","geometry":{"type":"Point","coordinates":[-107.3098,39.647]},"properties":{"s":25.9,"pub":true}},{"type":"Feature","geometry":{"type":"Point","coordinates":[-107.3098,39.6528]},"properties":{"s":25.9,"pub":true}},{"type":"Feature","geometry":{"type":"Point","coordinates":[-107.3098,39.6586]},"properties":{"s":25.9,"pub":true}},{"type":"Feature","geometry":{"type":"Point","coordinates":[-107.3098,39.6644]},"properties":{"s":25.9,"pub":true}},{"type":"Feature","geometry":{"type":"Point","coordinates":[-107.3098,39.6702]},"properties":{"s":70.4,"pub":true}},{"type":"Feature","geometry":{"type":"Point","coordinates":[-107.3098,39.676]},"properties":{"s":70.4,"pub":true}},{"type":"Feature","geometry":{"type":"Point","coordinates":[-107.3098,39.6818]},"properties":{"s":70.4,"pub":true}},{"type":"Feature","geometry":{"type":"Point","coordinates":[-107.3098,39.6876]},"properties":{"s":70.4,"pub":true}},{"type":"Feature","geometry":{"type":"Point","coordinates":[-107.3098,39.6934]},"properties":{"s":25.9,"pub":true}},{"type":"Feature","geometry":{"type":"Point","coordinates":[-107.3098,39.6992]},"properties":{"s":70.4,"pub":true}},{"type":"Feature","geometry":{"type":"Point","coordinates":[-107.3098,39.705]},"properties":{"s":70.4,"pub":true}},{"type":"Feature","geometry":{"type":"Point","coordinates":[-107.3098,39.7108]},"properties":{"s":70.4,"pub":true}},{"type":"Feature","geometry":{"type":"Point","coordinates":[-107.3098,39.7166]},"properties":{"s":25.9,"pub":true}},{"type":"Feature","geometry":{"type":"Point","coordinates":[-107.3098,39.7224]},"properties":{"s":25.9,"pub":true}},{"type":"Feature","geometry":{"type":"Point","coordinates":[-107.3098,39.7282]},"properties":{"s":25.9,"pub":true}},{"type":"Feature","geometry":{"type":"Point","coordinates":[-107.3098,39.734]},"properties":{"s":70.4,"pub":true}},{"type":"Feature","geometry":{"type":"Point","coordinates":[-107.3098,39.7398]},"properties":{"s":25.9,"pub":true}},{"type":"Feature","geometry":{"type":"Point","coordinates":[-107.3098,39.7456]},"properties":{"s":25.9,"pub":true}},{"type":"Feature","geometry":{"type":"Point","coordinates":[-107.3098,39.7514]},"properties":{"s":25.9,"pub":true}},{"type":"Feature","geometry":{"type":"Point","coordinates":[-107.3098,39.7572]},"properties":{"s":25.9,"pub":true}},{"type":"Feature","geometry":{"type":"Point","coordinates":[-107.3098,39.763]},"properties":{"s":25.9,"pub":true}},{"type":"Feature","geometry":{"type":"Point","coordinates":[-107.3098,39.7688]},"properties":{"s":25.9,"pub":true}},{"type":"Feature","geometry":{"type":"Point","coordinates":[-107.3098,39.7746]},"properties":{"s":25.9,"pub":true}},{"type":"Feature","geometry":{"type":"Point","coordinates":[-107.3023,39.5716]},"properties":{"s":25.9,"pub":true}},{"type":"Feature","geometry":{"type":"Point","coordinates":[-107.3023,39.5774]},"properties":{"s":25.9,"pub":true}},{"type":"Feature","geometry":{"type":"Point","coordinates":[-107.3023,39.5832]},"properties":{"s":25.9,"pub":true}},{"type":"Feature","geometry":{"type":"Point","coordinates":[-107.3023,39.589]},"properties":{"s":25.9,"pub":true}},{"type":"Feature","geometry":{"type":"Point","coordinates":[-107.3023,39.5948]},"properties":{"s":25.9,"pub":true}},{"type":"Feature","geometry":{"type":"Point","coordinates":[-107.3023,39.6006]},"properties":{"s":70.4,"pub":true}},{"type":"Feature","geometry":{"type":"Point","coordinates":[-107.3023,39.6064]},"properties":{"s":70.4,"pub":true}},{"type":"Feature","geometry":{"type":"Point","coordinates":[-107.3023,39.6122]},"properties":{"s":70.4,"pub":true}},{"type":"Feature","geometry":{"type":"Point","coordinates":[-107.3023,39.618]},"properties":{"s":25.9,"pub":true}},{"type":"Feature","geometry":{"type":"Point","coordinates":[-107.3023,39.6238]},"properties":{"s":25.9,"pub":true}},{"type":"Feature","geometry":{"type":"Point","coordinates":[-107.3023,39.6296]},"properties":{"s":25.9,"pub":true}},{"type":"Feature","geometry":{"type":"Point","coordinates":[-107.3023,39.6354]},"properties":{"s":25.9,"pub":true}},{"type":"Feature","geometry":{"type":"Point","coordinates":[-107.3023,39.6412]},"properties":{"s":25.9,"pub":true}},{"type":"Feature","geometry":{"type":"Point","coordinates":[-107.3023,39.647]},"properties":{"s":25.9,"pub":true}},{"type":"Feature","geometry":{"type":"Point","coordinates":[-107.3023,39.6528]},"properties":{"s":25.9,"pub":true}},{"type":"Feature","geometry":{"type":"Point","coordinates":[-107.3023,39.6586]},"properties":{"s":25.9,"pub":true}},{"type":"Feature","geometry":{"type":"Point","coordinates":[-107.3023,39.6644]},"properties":{"s":25.9,"pub":true}},{"type":"Feature","geometry":{"type":"Point","coordinates":[-107.3023,39.6702]},"properties":{"s":70.4,"pub":true}},{"type":"Feature","geometry":{"type":"Point","coordinates":[-107.3023,39.676]},"properties":{"s":70.4,"pub":true}},{"type":"Feature","geometry":{"type":"Point","coordinates":[-107.3023,39.6818]},"properties":{"s":70.4,"pub":true}},{"type":"Feature","geometry":{"type":"Point","coordinates":[-107.3023,39.6876]},"properties":{"s":70.4,"pub":true}},{"type":"Feature","geometry":{"type":"Point","coordinates":[-107.3023,39.6934]},"properties":{"s":25.9,"pub":true}},{"type":"Feature","geometry":{"type":"Point","coordinates":[-107.3023,39.6992]},"properties":{"s":70.4,"pub":true}},{"type":"Feature","geometry":{"type":"Point","coordinates":[-107.3023,39.705]},"properties":{"s":70.4,"pub":true}},{"type":"Feature","geometry":{"type":"Point","coordinates":[-107.3023,39.7108]},"properties":{"s":25.9,"pub":true}},{"type":"Feature","geometry":{"type":"Point","coordinates":[-107.3023,39.7166]},"properties":{"s":25.9,"pub":true}},{"type":"Feature","geometry":{"type":"Point","coordinates":[-107.3023,39.7224]},"properties":{"s":25.9,"pub":true}},{"type":"Feature","geometry":{"type":"Point","coordinates":[-107.3023,39.7282]},"properties":{"s":70.4,"pub":true}},{"type":"Feature","geometry":{"type":"Point","coordinates":[-107.3023,39.734]},"properties":{"s":70.4,"pub":true}},{"type":"Feature","geometry":{"type":"Point","coordinates":[-107.3023,39.7398]},"properties":{"s":25.9,"pub":true}},{"type":"Feature","geometry":{"type":"Point","coordinates":[-107.3023,39.7456]},"properties":{"s":25.9,"pub":true}},{"type":"Feature","geometry":{"type":"Point","coordinates":[-107.3023,39.7514]},"properties":{"s":25.9,"pub":true}},{"type":"Feature","geometry":{"type":"Point","coordinates":[-107.3023,39.7572]},"properties":{"s":25.9,"pub":true}},{"type":"Feature","geometry":{"type":"Point","coordinates":[-107.3023,39.763]},"properties":{"s":25.9,"pub":true}},{"type":"Feature","geometry":{"type":"Point","coordinates":[-107.3023,39.7688]},"properties":{"s":25.9,"pub":true}},{"type":"Feature","geometry":{"type":"Point","coordinates":[-107.3023,39.7746]},"properties":{"s":25.9,"pub":true}},{"type":"Feature","geometry":{"type":"Point","coordinates":[-107.2948,39.5716]},"properties":{"s":25.9,"pub":true}},{"type":"Feature","geometry":{"type":"Point","coordinates":[-107.2948,39.5774]},"properties":{"s":25.9,"pub":true}},{"type":"Feature","geometry":{"type":"Point","coordinates":[-107.2948,39.5832]},"properties":{"s":25.9,"pub":true}},{"type":"Feature","geometry":{"type":"Point","coordinates":[-107.2948,39.589]},"properties":{"s":25.9,"pub":true}},{"type":"Feature","geometry":{"type":"Point","coordinates":[-107.2948,39.5948]},"properties":{"s":25.9,"pub":true}},{"type":"Feature","geometry":{"type":"Point","coordinates":[-107.2948,39.6006]},"properties":{"s":25.9,"pub":true}},{"type":"Feature","geometry":{"type":"Point","coordinates":[-107.2948,39.6064]},"properties":{"s":25.9,"pub":true}},{"type":"Feature","geometry":{"type":"Point","coordinates":[-107.2948,39.6122]},"properties":{"s":25.9,"pub":true}},{"type":"Feature","geometry":{"type":"Point","coordinates":[-107.2948,39.618]},"properties":{"s":25.9,"pub":true}},{"type":"Feature","geometry":{"type":"Point","coordinates":[-107.2948,39.6238]},"properties":{"s":25.9,"pub":true}},{"type":"Feature","geometry":{"type":"Point","coordinates":[-107.2948,39.6296]},"properties":{"s":25.9,"pub":true}},{"type":"Feature","geometry":{"type":"Point","coordinates":[-107.2948,39.6354]},"properties":{"s":25.9,"pub":true}},{"type":"Feature","geometry":{"type":"Point","coordinates":[-107.2948,39.6412]},"properties":{"s":25.9,"pub":true}},{"type":"Feature","geometry":{"type":"Point","coordinates":[-107.2948,39.647]},"properties":{"s":25.9,"pub":true}},{"type":"Feature","geometry":{"type":"Point","coordinates":[-107.2948,39.6528]},"properties":{"s":25.9,"pub":true}},{"type":"Feature","geometry":{"type":"Point","coordinates":[-107.2948,39.6586]},"properties":{"s":25.9,"pub":true}},{"type":"Feature","geometry":{"type":"Point","coordinates":[-107.2948,39.6644]},"properties":{"s":25.9,"pub":true}},{"type":"Feature","geometry":{"type":"Point","coordinates":[-107.2948,39.6702]},"properties":{"s":70.4,"pub":true}},{"type":"Feature","geometry":{"type":"Point","coordinates":[-107.2948,39.676]},"properties":{"s":70.4,"pub":true}},{"type":"Feature","geometry":{"type":"Point","coordinates":[-107.2948,39.6818]},"properties":{"s":70.4,"pub":true}},{"type":"Feature","geometry":{"type":"Point","coordinates":[-107.2948,39.6876]},"properties":{"s":70.4,"pub":true}},{"type":"Feature","geometry":{"type":"Point","coordinates":[-107.2948,39.6934]},"properties":{"s":25.9,"pub":true}},{"type":"Feature","geometry":{"type":"Point","coordinates":[-107.2948,39.6992]},"properties":{"s":70.4,"pub":true}},{"type":"Feature","geometry":{"type":"Point","coordinates":[-107.2948,39.705]},"properties":{"s":70.4,"pub":true}},{"type":"Feature","geometry":{"type":"Point","coordinates":[-107.2948,39.7108]},"properties":{"s":70.4,"pub":true}},{"type":"Feature","geometry":{"type":"Point","coordinates":[-107.2948,39.7166]},"properties":{"s":25.9,"pub":true}},{"type":"Feature","geometry":{"type":"Point","coordinates":[-107.2948,39.7224]},"properties":{"s":70.4,"pub":true}},{"type":"Feature","geometry":{"type":"Point","coordinates":[-107.2948,39.7282]},"properties":{"s":70.4,"pub":true}},{"type":"Feature","geometry":{"type":"Point","coordinates":[-107.2948,39.734]},"properties":{"s":70.4,"pub":true}},{"type":"Feature","geometry":{"type":"Point","coordinates":[-107.2948,39.7398]},"properties":{"s":70.4,"pub":true}},{"type":"Feature","geometry":{"type":"Point","coordinates":[-107.2948,39.7456]},"properties":{"s":70.4,"pub":true}},{"type":"Feature","geometry":{"type":"Point","coordinates":[-107.2948,39.7514]},"properties":{"s":25.9,"pub":true}},{"type":"Feature","geometry":{"type":"Point","coordinates":[-107.2948,39.7572]},"properties":{"s":25.9,"pub":true}},{"type":"Feature","geometry":{"type":"Point","coordinates":[-107.2948,39.763]},"properties":{"s":25.9,"pub":true}},{"type":"Feature","geometry":{"type":"Point","coordinates":[-107.2948,39.7688]},"properties":{"s":25.9,"pub":true}},{"type":"Feature","geometry":{"type":"Point","coordinates":[-107.2948,39.7746]},"properties":{"s":25.9,"pub":true}},{"type":"Feature","geometry":{"type":"Point","coordinates":[-107.2873,39.5658]},"properties":{"s":33.3,"pub":true}},{"type":"Feature","geometry":{"type":"Point","coordinates":[-107.2873,39.5716]},"properties":{"s":25.9,"pub":true}},{"type":"Feature","geometry":{"type":"Point","coordinates":[-107.2873,39.5774]},"properties":{"s":25.9,"pub":true}},{"type":"Feature","geometry":{"type":"Point","coordinates":[-107.2873,39.5832]},"properties":{"s":25.9,"pub":true}},{"type":"Feature","geometry":{"type":"Point","coordinates":[-107.2873,39.589]},"properties":{"s":25.9,"pub":true}},{"type":"Feature","geometry":{"type":"Point","coordinates":[-107.2873,39.5948]},"properties":{"s":25.9,"pub":true}},{"type":"Feature","geometry":{"type":"Point","coordinates":[-107.2873,39.6006]},"properties":{"s":25.9,"pub":true}},{"type":"Feature","geometry":{"type":"Point","coordinates":[-107.2873,39.6064]},"properties":{"s":25.9,"pub":true}},{"type":"Feature","geometry":{"type":"Point","coordinates":[-107.2873,39.6122]},"properties":{"s":25.9,"pub":true}},{"type":"Feature","geometry":{"type":"Point","coordinates":[-107.2873,39.618]},"properties":{"s":25.9,"pub":true}},{"type":"Feature","geometry":{"type":"Point","coordinates":[-107.2873,39.6238]},"properties":{"s":70.4,"pub":true}},{"type":"Feature","geometry":{"type":"Point","coordinates":[-107.2873,39.6296]},"properties":{"s":25.9,"pub":true}},{"type":"Feature","geometry":{"type":"Point","coordinates":[-107.2873,39.6354]},"properties":{"s":25.9,"pub":true}},{"type":"Feature","geometry":{"type":"Point","coordinates":[-107.2873,39.6412]},"properties":{"s":25.9,"pub":true}},{"type":"Feature","geometry":{"type":"Point","coordinates":[-107.2873,39.647]},"properties":{"s":25.9,"pub":true}},{"type":"Feature","geometry":{"type":"Point","coordinates":[-107.2873,39.6528]},"properties":{"s":25.9,"pub":true}},{"type":"Feature","geometry":{"type":"Point","coordinates":[-107.2873,39.6586]},"properties":{"s":25.9,"pub":true}},{"type":"Feature","geometry":{"type":"Point","coordinates":[-107.2873,39.6644]},"properties":{"s":70.4,"pub":true}},{"type":"Feature","geometry":{"type":"Point","coordinates":[-107.2873,39.6702]},"properties":{"s":70.4,"pub":true}},{"type":"Feature","geometry":{"type":"Point","coordinates":[-107.2873,39.676]},"properties":{"s":70.4,"pub":true}},{"type":"Feature","geometry":{"type":"Point","coordinates":[-107.2873,39.6818]},"properties":{"s":70.4,"pub":true}},{"type":"Feature","geometry":{"type":"Point","coordinates":[-107.2873,39.6876]},"properties":{"s":25.9,"pub":true}},{"type":"Feature","geometry":{"type":"Point","coordinates":[-107.2873,39.6934]},"properties":{"s":25.9,"pub":true}},{"type":"Feature","geometry":{"type":"Point","coordinates":[-107.2873,39.6992]},"properties":{"s":70.4,"pub":true}},{"type":"Feature","geometry":{"type":"Point","coordinates":[-107.2873,39.705]},"properties":{"s":70.4,"pub":true}},{"type":"Feature","geometry":{"type":"Point","coordinates":[-107.2873,39.7108]},"properties":{"s":70.4,"pub":true}},{"type":"Feature","geometry":{"type":"Point","coordinates":[-107.2873,39.7166]},"properties":{"s":70.4,"pub":true}},{"type":"Feature","geometry":{"type":"Point","coordinates":[-107.2873,39.7224]},"properties":{"s":70.4,"pub":true}},{"type":"Feature","geometry":{"type":"Point","coordinates":[-107.2873,39.7282]},"properties":{"s":70.4,"pub":true}},{"type":"Feature","geometry":{"type":"Point","coordinates":[-107.2873,39.734]},"properties":{"s":70.4,"pub":true}},{"type":"Feature","geometry":{"type":"Point","coordinates":[-107.2873,39.7398]},"properties":{"s":70.4,"pub":true}},{"type":"Feature","geometry":{"type":"Point","coordinates":[-107.2873,39.7456]},"properties":{"s":70.4,"pub":true}},{"type":"Feature","geometry":{"type":"Point","coordinates":[-107.2873,39.7514]},"properties":{"s":25.9,"pub":true}},{"type":"Feature","geometry":{"type":"Point","coordinates":[-107.2873,39.7572]},"properties":{"s":25.9,"pub":true}},{"type":"Feature","geometry":{"type":"Point","coordinates":[-107.2873,39.763]},"properties":{"s":25.9,"pub":true}},{"type":"Feature","geometry":{"type":"Point","coordinates":[-107.2798,39.5658]},"properties":{"s":33.3,"pub":true}},{"type":"Feature","geometry":{"type":"Point","coordinates":[-107.2798,39.5716]},"properties":{"s":33.3,"pub":true}},{"type":"Feature","geometry":{"type":"Point","coordinates":[-107.2798,39.5774]},"properties":{"s":25.9,"pub":true}},{"type":"Feature","geometry":{"type":"Point","coordinates":[-107.2798,39.5832]},"properties":{"s":25.9,"pub":true}},{"type":"Feature","geometry":{"type":"Point","coordinates":[-107.2798,39.589]},"properties":{"s":25.9,"pub":true}},{"type":"Feature","geometry":{"type":"Point","coordinates":[-107.2798,39.5948]},"properties":{"s":25.9,"pub":true}},{"type":"Feature","geometry":{"type":"Point","coordinates":[-107.2798,39.6006]},"properties":{"s":25.9,"pub":true}},{"type":"Feature","geometry":{"type":"Point","coordinates":[-107.2798,39.6064]},"properties":{"s":25.9,"pub":true}},{"type":"Feature","geometry":{"type":"Point","coordinates":[-107.2798,39.6122]},"properties":{"s":25.9,"pub":true}},{"type":"Feature","geometry":{"type":"Point","coordinates":[-107.2798,39.618]},"properties":{"s":25.9,"pub":true}},{"type":"Feature","geometry":{"type":"Point","coordinates":[-107.2798,39.6238]},"properties":{"s":70.4,"pub":true}},{"type":"Feature","geometry":{"type":"Point","coordinates":[-107.2798,39.6296]},"properties":{"s":70.4,"pub":true}},{"type":"Feature","geometry":{"type":"Point","coordinates":[-107.2798,39.6354]},"properties":{"s":70.4,"pub":true}},{"type":"Feature","geometry":{"type":"Point","coordinates":[-107.2798,39.6412]},"properties":{"s":70.4,"pub":true}},{"type":"Feature","geometry":{"type":"Point","coordinates":[-107.2798,39.647]},"properties":{"s":25.9,"pub":true}},{"type":"Feature","geometry":{"type":"Point","coordinates":[-107.2798,39.6528]},"properties":{"s":25.9,"pub":true}},{"type":"Feature","geometry":{"type":"Point","coordinates":[-107.2798,39.6586]},"properties":{"s":70.4,"pub":true}},{"type":"Feature","geometry":{"type":"Point","coordinates":[-107.2798,39.6644]},"properties":{"s":70.4,"pub":true}},{"type":"Feature","geometry":{"type":"Point","coordinates":[-107.2798,39.6702]},"properties":{"s":70.4,"pub":true}},{"type":"Feature","geometry":{"type":"Point","coordinates":[-107.2798,39.676]},"properties":{"s":70.4,"pub":true}},{"type":"Feature","geometry":{"type":"Point","coordinates":[-107.2798,39.6818]},"properties":{"s":70.4,"pub":true}},{"type":"Feature","geometry":{"type":"Point","coordinates":[-107.2798,39.6876]},"properties":{"s":25.9,"pub":true}},{"type":"Feature","geometry":{"type":"Point","coordinates":[-107.2798,39.6934]},"properties":{"s":25.9,"pub":true}},{"type":"Feature","geometry":{"type":"Point","coordinates":[-107.2798,39.6992]},"properties":{"s":70.4,"pub":true}},{"type":"Feature","geometry":{"type":"Point","coordinates":[-107.2798,39.705]},"properties":{"s":70.4,"pub":true}},{"type":"Feature","geometry":{"type":"Point","coordinates":[-107.2798,39.7108]},"properties":{"s":70.4,"pub":true}},{"type":"Feature","geometry":{"type":"Point","coordinates":[-107.2798,39.7166]},"properties":{"s":70.4,"pub":true}},{"type":"Feature","geometry":{"type":"Point","coordinates":[-107.2798,39.7224]},"properties":{"s":70.4,"pub":true}},{"type":"Feature","geometry":{"type":"Point","coordinates":[-107.2798,39.7282]},"properties":{"s":70.4,"pub":true}},{"type":"Feature","geometry":{"type":"Point","coordinates":[-107.2798,39.734]},"properties":{"s":70.4,"pub":true}},{"type":"Feature","geometry":{"type":"Point","coordinates":[-107.2798,39.7398]},"properties":{"s":70.4,"pub":true}},{"type":"Feature","geometry":{"type":"Point","coordinates":[-107.2798,39.7456]},"properties":{"s":70.4,"pub":true}},{"type":"Feature","geometry":{"type":"Point","coordinates":[-107.2798,39.7514]},"properties":{"s":70.4,"pub":true}},{"type":"Feature","geometry":{"type":"Point","coordinates":[-107.2798,39.7572]},"properties":{"s":25.9,"pub":true}},{"type":"Feature","geometry":{"type":"Point","coordinates":[-107.2723,39.5716]},"properties":{"s":33.3,"pub":true}},{"type":"Feature","geometry":{"type":"Point","coordinates":[-107.2723,39.5774]},"properties":{"s":25.9,"pub":true}},{"type":"Feature","geometry":{"type":"Point","coordinates":[-107.2723,39.5832]},"properties":{"s":25.9,"pub":true}},{"type":"Feature","geometry":{"type":"Point","coordinates":[-107.2723,39.589]},"properties":{"s":25.9,"pub":true}},{"type":"Feature","geometry":{"type":"Point","coordinates":[-107.2723,39.5948]},"properties":{"s":25.9,"pub":true}},{"type":"Feature","geometry":{"type":"Point","coordinates":[-107.2723,39.6006]},"properties":{"s":25.9,"pub":true}},{"type":"Feature","geometry":{"type":"Point","coordinates":[-107.2723,39.6064]},"properties":{"s":25.9,"pub":true}},{"type":"Feature","geometry":{"type":"Point","coordinates":[-107.2723,39.6122]},"properties":{"s":25.9,"pub":true}},{"type":"Feature","geometry":{"type":"Point","coordinates":[-107.2723,39.618]},"properties":{"s":25.9,"pub":true}},{"type":"Feature","geometry":{"type":"Point","coordinates":[-107.2723,39.6238]},"properties":{"s":70.4,"pub":true}},{"type":"Feature","geometry":{"type":"Point","coordinates":[-107.2723,39.6296]},"properties":{"s":70.4,"pub":true}},{"type":"Feature","geometry":{"type":"Point","coordinates":[-107.2723,39.6354]},"properties":{"s":70.4,"pub":true}},{"type":"Feature","geometry":{"type":"Point","coordinates":[-107.2723,39.6412]},"properties":{"s":70.4,"pub":true}},{"type":"Feature","geometry":{"type":"Point","coordinates":[-107.2723,39.647]},"properties":{"s":70.4,"pub":true}},{"type":"Feature","geometry":{"type":"Point","coordinates":[-107.2723,39.6528]},"properties":{"s":70.4,"pub":true}},{"type":"Feature","geometry":{"type":"Point","coordinates":[-107.2723,39.6586]},"properties":{"s":70.4,"pub":true}},{"type":"Feature","geometry":{"type":"Point","coordinates":[-107.2723,39.6644]},"properties":{"s":70.4,"pub":true}},{"type":"Feature","geometry":{"type":"Point","coordinates":[-107.2723,39.6702]},"properties":{"s":70.4,"pub":true}},{"type":"Feature","geometry":{"type":"Point","coordinates":[-107.2723,39.676]},"properties":{"s":70.4,"pub":true}},{"type":"Feature","geometry":{"type":"Point","coordinates":[-107.2723,39.6818]},"properties":{"s":70.4,"pub":true}},{"type":"Feature","geometry":{"type":"Point","coordinates":[-107.2723,39.6876]},"properties":{"s":25.9,"pub":true}},{"type":"Feature","geometry":{"type":"Point","coordinates":[-107.2723,39.6934]},"properties":{"s":25.9,"pub":true}},{"type":"Feature","geometry":{"type":"Point","coordinates":[-107.2723,39.6992]},"properties":{"s":70.4,"pub":true}},{"type":"Feature","geometry":{"type":"Point","coordinates":[-107.2723,39.705]},"properties":{"s":70.4,"pub":true}},{"type":"Feature","geometry":{"type":"Point","coordinates":[-107.2723,39.7108]},"properties":{"s":70.4,"pub":true}},{"type":"Feature","geometry":{"type":"Point","coordinates":[-107.2723,39.7166]},"properties":{"s":70.4,"pub":true}},{"type":"Feature","geometry":{"type":"Point","coordinates":[-107.2723,39.7224]},"properties":{"s":70.4,"pub":true}},{"type":"Feature","geometry":{"type":"Point","coordinates":[-107.2723,39.7282]},"properties":{"s":70.4,"pub":true}},{"type":"Feature","geometry":{"type":"Point","coordinates":[-107.2723,39.734]},"properties":{"s":70.4,"pub":true}},{"type":"Feature","geometry":{"type":"Point","coordinates":[-107.2723,39.7398]},"properties":{"s":70.4,"pub":true}},{"type":"Feature","geometry":{"type":"Point","coordinates":[-107.2723,39.7456]},"properties":{"s":70.4,"pub":true}},{"type":"Feature","geometry":{"type":"Point","coordinates":[-107.2723,39.7514]},"properties":{"s":70.4,"pub":true}},{"type":"Feature","geometry":{"type":"Point","coordinates":[-107.2648,39.5716]},"properties":{"s":33.3,"pub":true}},{"type":"Feature","geometry":{"type":"Point","coordinates":[-107.2648,39.5774]},"properties":{"s":25.9,"pub":true}},{"type":"Feature","geometry":{"type":"Point","coordinates":[-107.2648,39.5832]},"properties":{"s":25.9,"pub":true}},{"type":"Feature","geometry":{"type":"Point","coordinates":[-107.2648,39.589]},"properties":{"s":25.9,"pub":true}},{"type":"Feature","geometry":{"type":"Point","coordinates":[-107.2648,39.5948]},"properties":{"s":25.9,"pub":true}},{"type":"Feature","geometry":{"type":"Point","coordinates":[-107.2648,39.6006]},"properties":{"s":25.9,"pub":true}},{"type":"Feature","geometry":{"type":"Point","coordinates":[-107.2648,39.6064]},"properties":{"s":25.9,"pub":true}},{"type":"Feature","geometry":{"type":"Point","coordinates":[-107.2648,39.6122]},"properties":{"s":25.9,"pub":true}},{"type":"Feature","geometry":{"type":"Point","coordinates":[-107.2648,39.618]},"properties":{"s":25.9,"pub":true}},{"type":"Feature","geometry":{"type":"Point","coordinates":[-107.2648,39.6238]},"properties":{"s":25.9,"pub":true}},{"type":"Feature","geometry":{"type":"Point","coordinates":[-107.2648,39.6296]},"properties":{"s":70.4,"pub":true}},{"type":"Feature","geometry":{"type":"Point","coordinates":[-107.2648,39.6354]},"properties":{"s":70.4,"pub":true}},{"type":"Feature","geometry":{"type":"Point","coordinates":[-107.2648,39.6412]},"properties":{"s":70.4,"pub":true}},{"type":"Feature","geometry":{"type":"Point","coordinates":[-107.2648,39.647]},"properties":{"s":70.4,"pub":true}},{"type":"Feature","geometry":{"type":"Point","coordinates":[-107.2648,39.6528]},"properties":{"s":70.4,"pub":true}},{"type":"Feature","geometry":{"type":"Point","coordinates":[-107.2648,39.6586]},"properties":{"s":70.4,"pub":true}},{"type":"Feature","geometry":{"type":"Point","coordinates":[-107.2648,39.6644]},"properties":{"s":70.4,"pub":true}},{"type":"Feature","geometry":{"type":"Point","coordinates":[-107.2648,39.6702]},"properties":{"s":70.4,"pub":true}},{"type":"Feature","geometry":{"type":"Point","coordinates":[-107.2648,39.676]},"properties":{"s":70.4,"pub":true}},{"type":"Feature","geometry":{"type":"Point","coordinates":[-107.2648,39.6818]},"properties":{"s":70.4,"pub":true}},{"type":"Feature","geometry":{"type":"Point","coordinates":[-107.2648,39.6876]},"properties":{"s":25.9,"pub":true}},{"type":"Feature","geometry":{"type":"Point","coordinates":[-107.2648,39.6934]},"properties":{"s":70.4,"pub":true}},{"type":"Feature","geometry":{"type":"Point","coordinates":[-107.2648,39.6992]},"properties":{"s":70.4,"pub":true}},{"type":"Feature","geometry":{"type":"Point","coordinates":[-107.2648,39.705]},"properties":{"s":70.4,"pub":true}},{"type":"Feature","geometry":{"type":"Point","coordinates":[-107.2648,39.7108]},"properties":{"s":70.4,"pub":true}},{"type":"Feature","geometry":{"type":"Point","coordinates":[-107.2648,39.7166]},"properties":{"s":70.4,"pub":true}},{"type":"Feature","geometry":{"type":"Point","coordinates":[-107.2648,39.7224]},"properties":{"s":70.4,"pub":true}},{"type":"Feature","geometry":{"type":"Point","coordinates":[-107.2648,39.7282]},"properties":{"s":70.4,"pub":true}},{"type":"Feature","geometry":{"type":"Point","coordinates":[-107.2648,39.734]},"properties":{"s":70.4,"pub":true}},{"type":"Feature","geometry":{"type":"Point","coordinates":[-107.2648,39.7398]},"properties":{"s":70.4,"pub":true}},{"type":"Feature","geometry":{"type":"Point","coordinates":[-107.2648,39.7456]},"properties":{"s":70.4,"pub":true}},{"type":"Feature","geometry":{"type":"Point","coordinates":[-107.2648,39.7514]},"properties":{"s":25.9,"pub":true}},{"type":"Feature","geometry":{"type":"Point","coordinates":[-107.2648,39.7572]},"properties":{"s":25.9,"pub":true}},{"type":"Feature","geometry":{"type":"Point","coordinates":[-107.2573,39.5658]},"properties":{"s":33.3,"pub":true}},{"type":"Feature","geometry":{"type":"Point","coordinates":[-107.2573,39.5716]},"properties":{"s":33.3,"pub":true}},{"type":"Feature","geometry":{"type":"Point","coordinates":[-107.2573,39.5774]},"properties":{"s":25.9,"pub":true}},{"type":"Feature","geometry":{"type":"Point","coordinates":[-107.2573,39.5832]},"properties":{"s":25.9,"pub":true}},{"type":"Feature","geometry":{"type":"Point","coordinates":[-107.2573,39.589]},"properties":{"s":25.9,"pub":true}},{"type":"Feature","geometry":{"type":"Point","coordinates":[-107.2573,39.5948]},"properties":{"s":25.9,"pub":true}},{"type":"Feature","geometry":{"type":"Point","coordinates":[-107.2573,39.6006]},"properties":{"s":25.9,"pub":true}},{"type":"Feature","geometry":{"type":"Point","coordinates":[-107.2573,39.6064]},"properties":{"s":25.9,"pub":true}},{"type":"Feature","geometry":{"type":"Point","coordinates":[-107.2573,39.6122]},"properties":{"s":25.9,"pub":true}},{"type":"Feature","geometry":{"type":"Point","coordinates":[-107.2573,39.618]},"properties":{"s":25.9,"pub":true}},{"type":"Feature","geometry":{"type":"Point","coordinates":[-107.2573,39.6238]},"properties":{"s":25.9,"pub":true}},{"type":"Feature","geometry":{"type":"Point","coordinates":[-107.2573,39.6296]},"properties":{"s":25.9,"pub":true}},{"type":"Feature","geometry":{"type":"Point","coordinates":[-107.2573,39.6354]},"properties":{"s":70.4,"pub":true}},{"type":"Feature","geometry":{"type":"Point","coordinates":[-107.2573,39.6412]},"properties":{"s":70.4,"pub":true}},{"type":"Feature","geometry":{"type":"Point","coordinates":[-107.2573,39.647]},"properties":{"s":70.4,"pub":true}},{"type":"Feature","geometry":{"type":"Point","coordinates":[-107.2573,39.6528]},"properties":{"s":70.4,"pub":true}},{"type":"Feature","geometry":{"type":"Point","coordinates":[-107.2573,39.6586]},"properties":{"s":70.4,"pub":true}},{"type":"Feature","geometry":{"type":"Point","coordinates":[-107.2573,39.6644]},"properties":{"s":25.9,"pub":true}},{"type":"Feature","geometry":{"type":"Point","coordinates":[-107.2573,39.6702]},"properties":{"s":25.9,"pub":true}},{"type":"Feature","geometry":{"type":"Point","coordinates":[-107.2573,39.676]},"properties":{"s":25.9,"pub":true}},{"type":"Feature","geometry":{"type":"Point","coordinates":[-107.2573,39.6818]},"properties":{"s":25.9,"pub":true}},{"type":"Feature","geometry":{"type":"Point","coordinates":[-107.2573,39.6876]},"properties":{"s":25.9,"pub":true}},{"type":"Feature","geometry":{"type":"Point","coordinates":[-107.2573,39.6934]},"properties":{"s":70.4,"pub":true}},{"type":"Feature","geometry":{"type":"Point","coordinates":[-107.2573,39.6992]},"properties":{"s":70.4,"pub":true}},{"type":"Feature","geometry":{"type":"Point","coordinates":[-107.2573,39.705]},"properties":{"s":70.4,"pub":true}},{"type":"Feature","geometry":{"type":"Point","coordinates":[-107.2573,39.7108]},"properties":{"s":70.4,"pub":true}},{"type":"Feature","geometry":{"type":"Point","coordinates":[-107.2573,39.7166]},"properties":{"s":70.4,"pub":true}},{"type":"Feature","geometry":{"type":"Point","coordinates":[-107.2573,39.7224]},"properties":{"s":70.4,"pub":true}},{"type":"Feature","geometry":{"type":"Point","coordinates":[-107.2573,39.7282]},"properties":{"s":70.4,"pub":true}},{"type":"Feature","geometry":{"type":"Point","coordinates":[-107.2573,39.734]},"properties":{"s":70.4,"pub":true}},{"type":"Feature","geometry":{"type":"Point","coordinates":[-107.2573,39.7398]},"properties":{"s":25.9,"pub":true}},{"type":"Feature","geometry":{"type":"Point","coordinates":[-107.2573,39.7456]},"properties":{"s":25.9,"pub":true}},{"type":"Feature","geometry":{"type":"Point","coordinates":[-107.2573,39.7514]},"properties":{"s":25.9,"pub":true}},{"type":"Feature","geometry":{"type":"Point","coordinates":[-107.2498,39.5658]},"properties":{"s":33.3,"pub":true}},{"type":"Feature","geometry":{"type":"Point","coordinates":[-107.2498,39.5716]},"properties":{"s":33.3,"pub":true}},{"type":"Feature","geometry":{"type":"Point","coordinates":[-107.2498,39.5774]},"properties":{"s":25.9,"pub":true}},{"type":"Feature","geometry":{"type":"Point","coordinates":[-107.2498,39.5832]},"properties":{"s":25.9,"pub":true}},{"type":"Feature","geometry":{"type":"Point","coordinates":[-107.2498,39.589]},"properties":{"s":25.9,"pub":true}},{"type":"Feature","geometry":{"type":"Point","coordinates":[-107.2498,39.5948]},"properties":{"s":25.9,"pub":true}},{"type":"Feature","geometry":{"type":"Point","coordinates":[-107.2498,39.6006]},"properties":{"s":25.9,"pub":true}},{"type":"Feature","geometry":{"type":"Point","coordinates":[-107.2498,39.6064]},"properties":{"s":25.9,"pub":true}},{"type":"Feature","geometry":{"type":"Point","coordinates":[-107.2498,39.6122]},"properties":{"s":25.9,"pub":true}},{"type":"Feature","geometry":{"type":"Point","coordinates":[-107.2498,39.618]},"properties":{"s":25.9,"pub":true}},{"type":"Feature","geometry":{"type":"Point","coordinates":[-107.2498,39.6238]},"properties":{"s":25.9,"pub":true}},{"type":"Feature","geometry":{"type":"Point","coordinates":[-107.2498,39.6296]},"properties":{"s":25.9,"pub":true}},{"type":"Feature","geometry":{"type":"Point","coordinates":[-107.2498,39.6354]},"properties":{"s":25.9,"pub":true}},{"type":"Feature","geometry":{"type":"Point","coordinates":[-107.2498,39.6412]},"properties":{"s":70.4,"pub":true}},{"type":"Feature","geometry":{"type":"Point","coordinates":[-107.2498,39.647]},"properties":{"s":70.4,"pub":true}},{"type":"Feature","geometry":{"type":"Point","coordinates":[-107.2498,39.6528]},"properties":{"s":70.4,"pub":true}},{"type":"Feature","geometry":{"type":"Point","coordinates":[-107.2498,39.6586]},"properties":{"s":25.9,"pub":true}},{"type":"Feature","geometry":{"type":"Point","coordinates":[-107.2498,39.6644]},"properties":{"s":25.9,"pub":true}},{"type":"Feature","geometry":{"type":"Point","coordinates":[-107.2498,39.6702]},"properties":{"s":25.9,"pub":true}},{"type":"Feature","geometry":{"type":"Point","coordinates":[-107.2498,39.676]},"properties":{"s":25.9,"pub":true}},{"type":"Feature","geometry":{"type":"Point","coordinates":[-107.2498,39.6818]},"properties":{"s":25.9,"pub":true}},{"type":"Feature","geometry":{"type":"Point","coordinates":[-107.2498,39.6876]},"properties":{"s":70.4,"pub":true}},{"type":"Feature","geometry":{"type":"Point","coordinates":[-107.2498,39.6934]},"properties":{"s":70.4,"pub":true}},{"type":"Feature","geometry":{"type":"Point","coordinates":[-107.2498,39.6992]},"properties":{"s":70.4,"pub":true}},{"type":"Feature","geometry":{"type":"Point","coordinates":[-107.2498,39.705]},"properties":{"s":70.4,"pub":true}},{"type":"Feature","geometry":{"type":"Point","coordinates":[-107.2498,39.7108]},"properties":{"s":70.4,"pub":true}},{"type":"Feature","geometry":{"type":"Point","coordinates":[-107.2498,39.7166]},"properties":{"s":70.4,"pub":true}},{"type":"Feature","geometry":{"type":"Point","coordinates":[-107.2498,39.7224]},"properties":{"s":70.4,"pub":true}},{"type":"Feature","geometry":{"type":"Point","coordinates":[-107.2498,39.7282]},"properties":{"s":25.9,"pub":true}},{"type":"Feature","geometry":{"type":"Point","coordinates":[-107.2498,39.734]},"properties":{"s":25.9,"pub":true}},{"type":"Feature","geometry":{"type":"Point","coordinates":[-107.2498,39.7398]},"properties":{"s":25.9,"pub":true}},{"type":"Feature","geometry":{"type":"Point","coordinates":[-107.2498,39.7456]},"properties":{"s":25.9,"pub":true}},{"type":"Feature","geometry":{"type":"Point","coordinates":[-107.2423,39.5658]},"properties":{"s":33.3,"pub":true}},{"type":"Feature","geometry":{"type":"Point","coordinates":[-107.2423,39.5716]},"properties":{"s":25.9,"pub":true}},{"type":"Feature","geometry":{"type":"Point","coordinates":[-107.2423,39.5774]},"properties":{"s":25.9,"pub":true}},{"type":"Feature","geometry":{"type":"Point","coordinates":[-107.2423,39.5832]},"properties":{"s":25.9,"pub":true}},{"type":"Feature","geometry":{"type":"Point","coordinates":[-107.2423,39.589]},"properties":{"s":25.9,"pub":true}},{"type":"Feature","geometry":{"type":"Point","coordinates":[-107.2423,39.5948]},"properties":{"s":25.9,"pub":true}},{"type":"Feature","geometry":{"type":"Point","coordinates":[-107.2423,39.6006]},"properties":{"s":25.9,"pub":true}},{"type":"Feature","geometry":{"type":"Point","coordinates":[-107.2423,39.6064]},"properties":{"s":25.9,"pub":true}},{"type":"Feature","geometry":{"type":"Point","coordinates":[-107.2423,39.6122]},"properties":{"s":25.9,"pub":true}},{"type":"Feature","geometry":{"type":"Point","coordinates":[-107.2423,39.618]},"properties":{"s":25.9,"pub":true}},{"type":"Feature","geometry":{"type":"Point","coordinates":[-107.2423,39.6238]},"properties":{"s":25.9,"pub":true}},{"type":"Feature","geometry":{"type":"Point","coordinates":[-107.2423,39.6296]},"properties":{"s":25.9,"pub":true}},{"type":"Feature","geometry":{"type":"Point","coordinates":[-107.2423,39.6354]},"properties":{"s":25.9,"pub":true}},{"type":"Feature","geometry":{"type":"Point","coordinates":[-107.2423,39.6412]},"properties":{"s":25.9,"pub":true}},{"type":"Feature","geometry":{"type":"Point","coordinates":[-107.2423,39.647]},"properties":{"s":25.9,"pub":true}},{"type":"Feature","geometry":{"type":"Point","coordinates":[-107.2423,39.6528]},"properties":{"s":25.9,"pub":true}},{"type":"Feature","geometry":{"type":"Point","coordinates":[-107.2423,39.6586]},"properties":{"s":25.9,"pub":true}},{"type":"Feature","geometry":{"type":"Point","coordinates":[-107.2423,39.6644]},"properties":{"s":25.9,"pub":true}},{"type":"Feature","geometry":{"type":"Point","coordinates":[-107.2423,39.6702]},"properties":{"s":25.9,"pub":true}},{"type":"Feature","geometry":{"type":"Point","coordinates":[-107.2423,39.676]},"properties":{"s":25.9,"pub":true}},{"type":"Feature","geometry":{"type":"Point","coordinates":[-107.2423,39.6818]},"properties":{"s":25.9,"pub":true}},{"type":"Feature","geometry":{"type":"Point","coordinates":[-107.2423,39.6876]},"properties":{"s":70.4,"pub":true}},{"type":"Feature","geometry":{"type":"Point","coordinates":[-107.2423,39.6934]},"properties":{"s":70.4,"pub":true}},{"type":"Feature","geometry":{"type":"Point","coordinates":[-107.2423,39.6992]},"properties":{"s":70.4,"pub":true}},{"type":"Feature","geometry":{"type":"Point","coordinates":[-107.2423,39.705]},"properties":{"s":70.4,"pub":true}},{"type":"Feature","geometry":{"type":"Point","coordinates":[-107.2423,39.7108]},"properties":{"s":70.4,"pub":true}},{"type":"Feature","geometry":{"type":"Point","coordinates":[-107.2423,39.7166]},"properties":{"s":70.4,"pub":true}},{"type":"Feature","geometry":{"type":"Point","coordinates":[-107.2423,39.7224]},"properties":{"s":70.4,"pub":true}},{"type":"Feature","geometry":{"type":"Point","coordinates":[-107.2423,39.7282]},"properties":{"s":25.9,"pub":true}},{"type":"Feature","geometry":{"type":"Point","coordinates":[-107.2423,39.734]},"properties":{"s":25.9,"pub":true}},{"type":"Feature","geometry":{"type":"Point","coordinates":[-107.2423,39.7398]},"properties":{"s":25.9,"pub":true}},{"type":"Feature","geometry":{"type":"Point","coordinates":[-107.2348,39.5716]},"properties":{"s":33.3,"pub":true}},{"type":"Feature","geometry":{"type":"Point","coordinates":[-107.2348,39.5774]},"properties":{"s":25.9,"pub":true}},{"type":"Feature","geometry":{"type":"Point","coordinates":[-107.2348,39.5832]},"properties":{"s":25.9,"pub":true}},{"type":"Feature","geometry":{"type":"Point","coordinates":[-107.2348,39.589]},"properties":{"s":25.9,"pub":true}},{"type":"Feature","geometry":{"type":"Point","coordinates":[-107.2348,39.5948]},"properties":{"s":25.9,"pub":true}},{"type":"Feature","geometry":{"type":"Point","coordinates":[-107.2348,39.6006]},"properties":{"s":25.9,"pub":true}},{"type":"Feature","geometry":{"type":"Point","coordinates":[-107.2348,39.6064]},"properties":{"s":25.9,"pub":true}},{"type":"Feature","geometry":{"type":"Point","coordinates":[-107.2348,39.6122]},"properties":{"s":25.9,"pub":true}},{"type":"Feature","geometry":{"type":"Point","coordinates":[-107.2348,39.618]},"properties":{"s":25.9,"pub":true}},{"type":"Feature","geometry":{"type":"Point","coordinates":[-107.2348,39.6238]},"properties":{"s":25.9,"pub":true}},{"type":"Feature","geometry":{"type":"Point","coordinates":[-107.2348,39.6296]},"properties":{"s":25.9,"pub":true}},{"type":"Feature","geometry":{"type":"Point","coordinates":[-107.2348,39.6354]},"properties":{"s":25.9,"pub":true}},{"type":"Feature","geometry":{"type":"Point","coordinates":[-107.2348,39.6412]},"properties":{"s":25.9,"pub":true}},{"type":"Feature","geometry":{"type":"Point","coordinates":[-107.2348,39.647]},"properties":{"s":25.9,"pub":true}},{"type":"Feature","geometry":{"type":"Point","coordinates":[-107.2348,39.6528]},"properties":{"s":25.9,"pub":true}},{"type":"Feature","geometry":{"type":"Point","coordinates":[-107.2348,39.6586]},"properties":{"s":25.9,"pub":true}},{"type":"Feature","geometry":{"type":"Point","coordinates":[-107.2348,39.6644]},"properties":{"s":25.9,"pub":true}},{"type":"Feature","geometry":{"type":"Point","coordinates":[-107.2348,39.6702]},"properties":{"s":25.9,"pub":true}},{"type":"Feature","geometry":{"type":"Point","coordinates":[-107.2348,39.676]},"properties":{"s":25.9,"pub":true}},{"type":"Feature","geometry":{"type":"Point","coordinates":[-107.2348,39.6818]},"properties":{"s":25.9,"pub":true}},{"type":"Feature","geometry":{"type":"Point","coordinates":[-107.2348,39.6876]},"properties":{"s":25.9,"pub":true}},{"type":"Feature","geometry":{"type":"Point","coordinates":[-107.2348,39.6934]},"properties":{"s":25.9,"pub":true}},{"type":"Feature","geometry":{"type":"Point","coordinates":[-107.2348,39.6992]},"properties":{"s":25.9,"pub":true}},{"type":"Feature","geometry":{"type":"Point","coordinates":[-107.2348,39.705]},"properties":{"s":70.4,"pub":true}},{"type":"Feature","geometry":{"type":"Point","coordinates":[-107.2348,39.7108]},"properties":{"s":70.4,"pub":true}},{"type":"Feature","geometry":{"type":"Point","coordinates":[-107.2348,39.7166]},"properties":{"s":25.9,"pub":true}},{"type":"Feature","geometry":{"type":"Point","coordinates":[-107.2348,39.7224]},"properties":{"s":25.9,"pub":true}},{"type":"Feature","geometry":{"type":"Point","coordinates":[-107.2348,39.7282]},"properties":{"s":25.9,"pub":true}},{"type":"Feature","geometry":{"type":"Point","coordinates":[-107.2348,39.734]},"properties":{"s":25.9,"pub":true}},{"type":"Feature","geometry":{"type":"Point","coordinates":[-107.2273,39.5774]},"properties":{"s":33.3,"pub":true}},{"type":"Feature","geometry":{"type":"Point","coordinates":[-107.2273,39.5832]},"properties":{"s":33.3,"pub":true}},{"type":"Feature","geometry":{"type":"Point","coordinates":[-107.2273,39.589]},"properties":{"s":25.9,"pub":true}},{"type":"Feature","geometry":{"type":"Point","coordinates":[-107.2273,39.5948]},"properties":{"s":25.9,"pub":true}},{"type":"Feature","geometry":{"type":"Point","coordinates":[-107.2273,39.6006]},"properties":{"s":25.9,"pub":true}},{"type":"Feature","geometry":{"type":"Point","coordinates":[-107.2273,39.6064]},"properties":{"s":25.9,"pub":true}},{"type":"Feature","geometry":{"type":"Point","coordinates":[-107.2273,39.6122]},"properties":{"s":25.9,"pub":true}},{"type":"Feature","geometry":{"type":"Point","coordinates":[-107.2273,39.618]},"properties":{"s":25.9,"pub":true}},{"type":"Feature","geometry":{"type":"Point","coordinates":[-107.2273,39.6238]},"properties":{"s":25.9,"pub":true}},{"type":"Feature","geometry":{"type":"Point","coordinates":[-107.2273,39.6296]},"properties":{"s":25.9,"pub":true}},{"type":"Feature","geometry":{"type":"Point","coordinates":[-107.2273,39.6354]},"properties":{"s":25.9,"pub":true}},{"type":"Feature","geometry":{"type":"Point","coordinates":[-107.2273,39.6412]},"properties":{"s":25.9,"pub":true}},{"type":"Feature","geometry":{"type":"Point","coordinates":[-107.2273,39.647]},"properties":{"s":25.9,"pub":true}},{"type":"Feature","geometry":{"type":"Point","coordinates":[-107.2273,39.6528]},"properties":{"s":25.9,"pub":true}},{"type":"Feature","geometry":{"type":"Point","coordinates":[-107.2273,39.6586]},"properties":{"s":25.9,"pub":true}},{"type":"Feature","geometry":{"type":"Point","coordinates":[-107.2273,39.6644]},"properties":{"s":25.9,"pub":true}},{"type":"Feature","geometry":{"type":"Point","coordinates":[-107.2273,39.6702]},"properties":{"s":25.9,"pub":true}},{"type":"Feature","geometry":{"type":"Point","coordinates":[-107.2273,39.676]},"properties":{"s":25.9,"pub":true}},{"type":"Feature","geometry":{"type":"Point","coordinates":[-107.2273,39.6818]},"properties":{"s":25.9,"pub":true}},{"type":"Feature","geometry":{"type":"Point","coordinates":[-107.2273,39.6876]},"properties":{"s":25.9,"pub":true}},{"type":"Feature","geometry":{"type":"Point","coordinates":[-107.2273,39.6934]},"properties":{"s":25.9,"pub":true}},{"type":"Feature","geometry":{"type":"Point","coordinates":[-107.2273,39.6992]},"properties":{"s":25.9,"pub":true}},{"type":"Feature","geometry":{"type":"Point","coordinates":[-107.2273,39.705]},"properties":{"s":25.9,"pub":true}},{"type":"Feature","geometry":{"type":"Point","coordinates":[-107.2273,39.7108]},"properties":{"s":25.9,"pub":true}},{"type":"Feature","geometry":{"type":"Point","coordinates":[-107.2273,39.7166]},"properties":{"s":25.9,"pub":true}},{"type":"Feature","geometry":{"type":"Point","coordinates":[-107.2273,39.7224]},"properties":{"s":25.9,"pub":true}},{"type":"Feature","geometry":{"type":"Point","coordinates":[-107.2273,39.7282]},"properties":{"s":25.9,"pub":true}},{"type":"Feature","geometry":{"type":"Point","coordinates":[-107.2198,39.5832]},"properties":{"s":25.9,"pub":true}},{"type":"Feature","geometry":{"type":"Point","coordinates":[-107.2198,39.589]},"properties":{"s":25.9,"pub":true}},{"type":"Feature","geometry":{"type":"Point","coordinates":[-107.2198,39.5948]},"properties":{"s":25.9,"pub":true}},{"type":"Feature","geometry":{"type":"Point","coordinates":[-107.2198,39.6006]},"properties":{"s":25.9,"pub":true}},{"type":"Feature","geometry":{"type":"Point","coordinates":[-107.2198,39.6064]},"properties":{"s":25.9,"pub":true}},{"type":"Feature","geometry":{"type":"Point","coordinates":[-107.2198,39.6122]},"properties":{"s":25.9,"pub":true}},{"type":"Feature","geometry":{"type":"Point","coordinates":[-107.2198,39.618]},"properties":{"s":25.9,"pub":true}},{"type":"Feature","geometry":{"type":"Point","coordinates":[-107.2198,39.6238]},"properties":{"s":25.9,"pub":true}},{"type":"Feature","geometry":{"type":"Point","coordinates":[-107.2198,39.6296]},"properties":{"s":25.9,"pub":true}},{"type":"Feature","geometry":{"type":"Point","coordinates":[-107.2198,39.6354]},"properties":{"s":25.9,"pub":true}},{"type":"Feature","geometry":{"type":"Point","coordinates":[-107.2198,39.6412]},"properties":{"s":25.9,"pub":true}},{"type":"Feature","geometry":{"type":"Point","coordinates":[-107.2198,39.647]},"properties":{"s":25.9,"pub":true}},{"type":"Feature","geometry":{"type":"Point","coordinates":[-107.2198,39.6528]},"properties":{"s":25.9,"pub":true}},{"type":"Feature","geometry":{"type":"Point","coordinates":[-107.2198,39.6586]},"properties":{"s":25.9,"pub":true}},{"type":"Feature","geometry":{"type":"Point","coordinates":[-107.2198,39.6644]},"properties":{"s":25.9,"pub":true}},{"type":"Feature","geometry":{"type":"Point","coordinates":[-107.2198,39.6702]},"properties":{"s":25.9,"pub":true}},{"type":"Feature","geometry":{"type":"Point","coordinates":[-107.2198,39.676]},"properties":{"s":25.9,"pub":true}},{"type":"Feature","geometry":{"type":"Point","coordinates":[-107.2198,39.6818]},"properties":{"s":25.9,"pub":true}},{"type":"Feature","geometry":{"type":"Point","coordinates":[-107.2198,39.6876]},"properties":{"s":25.9,"pub":true}},{"type":"Feature","geometry":{"type":"Point","coordinates":[-107.2198,39.6934]},"properties":{"s":25.9,"pub":true}},{"type":"Feature","geometry":{"type":"Point","coordinates":[-107.2198,39.6992]},"properties":{"s":25.9,"pub":true}},{"type":"Feature","geometry":{"type":"Point","coordinates":[-107.2198,39.705]},"properties":{"s":25.9,"pub":true}},{"type":"Feature","geometry":{"type":"Point","coordinates":[-107.2198,39.7108]},"properties":{"s":25.9,"pub":true}},{"type":"Feature","geometry":{"type":"Point","coordinates":[-107.2198,39.7166]},"properties":{"s":25.9,"pub":true}},{"type":"Feature","geometry":{"type":"Point","coordinates":[-107.2198,39.7224]},"properties":{"s":25.9,"pub":true}},{"type":"Feature","geometry":{"type":"Point","coordinates":[-107.2198,39.7282]},"properties":{"s":25.9,"pub":true}},{"type":"Feature","geometry":{"type":"Point","coordinates":[-107.2123,39.5832]},"properties":{"s":25.9,"pub":true}},{"type":"Feature","geometry":{"type":"Point","coordinates":[-107.2123,39.589]},"properties":{"s":25.9,"pub":true}},{"type":"Feature","geometry":{"type":"Point","coordinates":[-107.2123,39.5948]},"properties":{"s":55.6,"pub":true}},{"type":"Feature","geometry":{"type":"Point","coordinates":[-107.2123,39.6006]},"properties":{"s":25.9,"pub":true}},{"type":"Feature","geometry":{"type":"Point","coordinates":[-107.2123,39.6064]},"properties":{"s":25.9,"pub":true}},{"type":"Feature","geometry":{"type":"Point","coordinates":[-107.2123,39.6122]},"properties":{"s":25.9,"pub":true}},{"type":"Feature","geometry":{"type":"Point","coordinates":[-107.2123,39.618]},"properties":{"s":25.9,"pub":true}},{"type":"Feature","geometry":{"type":"Point","coordinates":[-107.2123,39.6238]},"properties":{"s":25.9,"pub":true}},{"type":"Feature","geometry":{"type":"Point","coordinates":[-107.2123,39.6296]},"properties":{"s":25.9,"pub":true}},{"type":"Feature","geometry":{"type":"Point","coordinates":[-107.2123,39.6354]},"properties":{"s":25.9,"pub":true}},{"type":"Feature","geometry":{"type":"Point","coordinates":[-107.2123,39.6412]},"properties":{"s":25.9,"pub":true}},{"type":"Feature","geometry":{"type":"Point","coordinates":[-107.2123,39.647]},"properties":{"s":25.9,"pub":true}},{"type":"Feature","geometry":{"type":"Point","coordinates":[-107.2123,39.6528]},"properties":{"s":25.9,"pub":true}},{"type":"Feature","geometry":{"type":"Point","coordinates":[-107.2123,39.6586]},"properties":{"s":25.9,"pub":true}},{"type":"Feature","geometry":{"type":"Point","coordinates":[-107.2123,39.6644]},"properties":{"s":25.9,"pub":true}},{"type":"Feature","geometry":{"type":"Point","coordinates":[-107.2123,39.6702]},"properties":{"s":25.9,"pub":true}},{"type":"Feature","geometry":{"type":"Point","coordinates":[-107.2123,39.676]},"properties":{"s":25.9,"pub":true}},{"type":"Feature","geometry":{"type":"Point","coordinates":[-107.2123,39.6818]},"properties":{"s":25.9,"pub":true}},{"type":"Feature","geometry":{"type":"Point","coordinates":[-107.2123,39.6876]},"properties":{"s":25.9,"pub":true}},{"type":"Feature","geometry":{"type":"Point","coordinates":[-107.2123,39.6934]},"properties":{"s":25.9,"pub":true}},{"type":"Feature","geometry":{"type":"Point","coordinates":[-107.2123,39.6992]},"properties":{"s":25.9,"pub":true}},{"type":"Feature","geometry":{"type":"Point","coordinates":[-107.2123,39.705]},"properties":{"s":25.9,"pub":true}},{"type":"Feature","geometry":{"type":"Point","coordinates":[-107.2123,39.7108]},"properties":{"s":25.9,"pub":true}},{"type":"Feature","geometry":{"type":"Point","coordinates":[-107.2123,39.7166]},"properties":{"s":25.9,"pub":true}},{"type":"Feature","geometry":{"type":"Point","coordinates":[-107.2123,39.7224]},"properties":{"s":25.9,"pub":true}},{"type":"Feature","geometry":{"type":"Point","coordinates":[-107.2123,39.7282]},"properties":{"s":25.9,"pub":true}},{"type":"Feature","geometry":{"type":"Point","coordinates":[-107.2048,39.589]},"properties":{"s":25.9,"pub":true}},{"type":"Feature","geometry":{"type":"Point","coordinates":[-107.2048,39.5948]},"properties":{"s":25.9,"pub":true}},{"type":"Feature","geometry":{"type":"Point","coordinates":[-107.2048,39.6006]},"properties":{"s":25.9,"pub":true}},{"type":"Feature","geometry":{"type":"Point","coordinates":[-107.2048,39.6064]},"properties":{"s":25.9,"pub":true}},{"type":"Feature","geometry":{"type":"Point","coordinates":[-107.2048,39.6122]},"properties":{"s":25.9,"pub":true}},{"type":"Feature","geometry":{"type":"Point","coordinates":[-107.2048,39.618]},"properties":{"s":25.9,"pub":true}},{"type":"Feature","geometry":{"type":"Point","coordinates":[-107.2048,39.6238]},"properties":{"s":25.9,"pub":true}},{"type":"Feature","geometry":{"type":"Point","coordinates":[-107.2048,39.6296]},"properties":{"s":25.9,"pub":true}},{"type":"Feature","geometry":{"type":"Point","coordinates":[-107.2048,39.6354]},"properties":{"s":25.9,"pub":true}},{"type":"Feature","geometry":{"type":"Point","coordinates":[-107.2048,39.6412]},"properties":{"s":25.9,"pub":true}},{"type":"Feature","geometry":{"type":"Point","coordinates":[-107.2048,39.647]},"properties":{"s":25.9,"pub":true}},{"type":"Feature","geometry":{"type":"Point","coordinates":[-107.2048,39.6528]},"properties":{"s":25.9,"pub":true}},{"type":"Feature","geometry":{"type":"Point","coordinates":[-107.2048,39.6586]},"properties":{"s":25.9,"pub":true}},{"type":"Feature","geometry":{"type":"Point","coordinates":[-107.2048,39.6644]},"properties":{"s":25.9,"pub":true}},{"type":"Feature","geometry":{"type":"Point","coordinates":[-107.2048,39.6702]},"properties":{"s":25.9,"pub":true}},{"type":"Feature","geometry":{"type":"Point","coordinates":[-107.2048,39.676]},"properties":{"s":25.9,"pub":true}},{"type":"Feature","geometry":{"type":"Point","coordinates":[-107.2048,39.6818]},"properties":{"s":25.9,"pub":true}},{"type":"Feature","geometry":{"type":"Point","coordinates":[-107.2048,39.6876]},"properties":{"s":25.9,"pub":true}}]}