{"type":"FeatureCollection","features":[{"type":"Feature","geometry":{"type":"Point","coordinates":[-108.3344,39.0264]},"properties":{"s":25.9,"pub":true}},{"type":"Feature","geometry":{"type":"Point","coordinates":[-108.3344,39.0322]},"properties":{"s":25.9,"pub":true}},{"type":"Feature","geometry":{"type":"Point","coordinates":[-108.3344,39.038]},"properties":{"s":25.9,"pub":true}},{"type":"Feature","geometry":{"type":"Point","coordinates":[-108.3344,39.0438]},"properties":{"s":25.9,"pub":true}},{"type":"Feature","geometry":{"type":"Point","coordinates":[-108.3269,39.0206]},"properties":{"s":25.9,"pub":true}},{"type":"Feature","geometry":{"type":"Point","coordinates":[-108.3269,39.0264]},"properties":{"s":25.9,"pub":true}},{"type":"Feature","geometry":{"type":"Point","coordinates":[-108.3269,39.0322]},"properties":{"s":25.9,"pub":true}},{"type":"Feature","geometry":{"type":"Point","coordinates":[-108.3269,39.038]},"properties":{"s":25.9,"pub":true}},{"type":"Feature","geometry":{"type":"Point","coordinates":[-108.3269,39.0438]},"properties":{"s":25.9,"pub":true}},{"type":"Feature","geometry":{"type":"Point","coordinates":[-108.3269,39.0496]},"properties":{"s":37.0,"pub":true}},{"type":"Feature","geometry":{"type":"Point","coordinates":[-108.3194,39.0206]},"properties":{"s":25.9,"pub":true}},{"type":"Feature","geometry":{"type":"Point","coordinates":[-108.3194,39.0264]},"properties":{"s":25.9,"pub":true}},{"type":"Feature","geometry":{"type":"Point","coordinates":[-108.3194,39.0322]},"properties":{"s":25.9,"pub":true}},{"type":"Feature","geometry":{"type":"Point","coordinates":[-108.3194,39.038]},"properties":{"s":25.9,"pub":true}},{"type":"Feature","geometry":{"type":"Point","coordinates":[-108.3194,39.0438]},"properties":{"s":37.0,"pub":true}},{"type":"Feature","geometry":{"type":"Point","coordinates":[-108.3194,39.0496]},"properties":{"s":37.0,"pub":true}},{"type":"Feature","geometry":{"type":"Point","coordinates":[-108.3194,39.0554]},"properties":{"s":37.0,"pub":true}},{"type":"Feature","geometry":{"type":"Point","coordinates":[-108.3119,39.0206]},"properties":{"s":33.3,"pub":true}},{"type":"Feature","geometry":{"type":"Point","coordinates":[-108.3119,39.0264]},"properties":{"s":33.3,"pub":true}},{"type":"Feature","geometry":{"type":"Point","coordinates":[-108.3119,39.0322]},"properties":{"s":33.3,"pub":true}},{"type":"Feature","geometry":{"type":"Point","coordinates":[-108.3119,39.038]},"properties":{"s":33.3,"pub":true}},{"type":"Feature","geometry":{"type":"Point","coordinates":[-108.3119,39.0438]},"properties":{"s":37.0,"pub":true}},{"type":"Feature","geometry":{"type":"Point","coordinates":[-108.3119,39.0496]},"properties":{"s":37.0,"pub":true}},{"type":"Feature","geometry":{"type":"Point","coordinates":[-108.3119,39.0554]},"properties":{"s":37.0,"pub":true}},{"type":"Feature","geometry":{"type":"Point","coordinates":[-108.3119,39.0612]},"properties":{"s":37.0,"pub":true}},{"type":"Feature","geometry":{"type":"Point","coordinates":[-108.3044,39.0264]},"properties":{"s":33.3,"pub":true}},{"type":"Feature","geometry":{"type":"Point","coordinates":[-108.3044,39.0322]},"properties":{"s":33.3,"pub":true}},{"type":"Feature","geometry":{"type":"Point","coordinates":[-108.3044,39.038]},"properties":{"s":33.3,"pub":true}},{"type":"Feature","geometry":{"type":"Point","coordinates":[-108.3044,39.0438]},"properties":{"s":29.6,"pub":true}},{"type":"Feature","geometry":{"type":"Point","coordinates":[-108.3044,39.0496]},"properties":{"s":29.6,"pub":true}},{"type":"Feature","geometry":{"type":"Point","coordinates":[-108.3044,39.0554]},"properties":{"s":29.6,"pub":true}},{"type":"Feature","geometry":{"type":"Point","coordinates":[-108.3044,39.0612]},"properties":{"s":29.6,"pub":true}},{"type":"Feature","geometry":{"type":"Point","coordinates":[-108.2969,39.038]},"properties":{"s":25.9,"pub":true}},{"type":"Feature","geometry":{"type":"Point","coordinates":[-108.2969,39.0438]},"properties":{"s":25.9,"pub":true}},{"type":"Feature","geometry":{"type":"Point","coordinates":[-108.2969,39.0496]},"properties":{"s":25.9,"pub":true}},{"type":"Feature","geometry":{"type":"Point","coordinates":[-108.2969,39.0554]},"properties":{"s":25.9,"pub":true}},{"type":"Feature","geometry":{"type":"Point","coordinates":[-108.2969,39.0612]},"properties":{"s":29.6,"pub":true}},{"type":"Feature","geometry":{"type":"Point","coordinates":[-108.2969,39.0902]},"properties":{"s":25.9,"pub":true}},{"type":"Feature","geometry":{"type":"Point","coordinates":[-108.2894,38.8756]},"properties":{"s":22.2,"pub":true}},{"type":"Feature","geometry":{"type":"Point","coordinates":[-108.2894,38.8814]},"properties":{"s":22.2,"pub":true}},{"type":"Feature","geometry":{"type":"Point","coordinates":[-108.2894,38.8872]},"properties":{"s":22.2,"pub":true}},{"type":"Feature","geometry":{"type":"Point","coordinates":[-108.2894,38.893]},"properties":{"s":22.2,"pub":true}},{"type":"Feature","geometry":{"type":"Point","coordinates":[-108.2894,38.8988]},"properties":{"s":25.9,"pub":true}},{"type":"Feature","geometry":{"type":"Point","coordinates":[-108.2894,38.9046]},"properties":{"s":25.9,"pub":true}},{"type":"Feature","geometry":{"type":"Point","coordinates":[-108.2894,39.0438]},"properties":{"s":25.9,"pub":true}},{"type":"Feature","geometry":{"type":"Point","coordinates":[-108.2894,39.0496]},"properties":{"s":25.9,"pub":true}},{"type":"Feature","geometry":{"type":"Point","coordinates":[-108.2894,39.0554]},"properties":{"s":25.9,"pub":true}},{"type":"Feature","geometry":{"type":"Point","coordinates":[-108.2894,39.0612]},"properties":{"s":29.6,"pub":true}},{"type":"Feature","geometry":{"type":"Point","coordinates":[-108.2894,39.0844]},"properties":{"s":25.9,"pub":true}},{"type":"Feature","geometry":{"type":"Point","coordinates":[-108.2894,39.0902]},"properties":{"s":25.9,"pub":true}},{"type":"Feature","geometry":{"type":"Point","coordinates":[-108.2894,39.096]},"properties":{"s":25.9,"pub":true}},{"type":"Feature","geometry":{"type":"Point","coordinates":[-108.2894,39.1018]},"properties":{"s":25.9,"pub":true}},{"type":"Feature","geometry":{"type":"Point","coordinates":[-108.2819,38.8698]},"properties":{"s":22.2,"pub":true}},{"type":"Feature","geometry":{"type":"Point","coordinates":[-108.2819,38.8756]},"properties":{"s":22.2,"pub":true}},{"type":"Feature","geometry":{"type":"Point","coordinates":[-108.2819,38.8814]},"properties":{"s":22.2,"pub":true}},{"type":"Feature","geometry":{"type":"Point","coordinates":[-108.2819,38.8872]},"properties":{"s":22.2,"pub":true}},{"type":"Feature","geometry":{"type":"Point","coordinates":[-108.2819,38.893]},"properties":{"s":29.6,"pub":true}},{"type":"Feature","geometry":{"type":"Point","coordinates":[-108.2819,38.8988]},"properties":{"s":29.6,"pub":true}},{"type":"Feature","geometry":{"type":"Point","coordinates":[-108.2819,38.9046]},"properties":{"s":29.6,"pub":true}},{"type":"Feature","geometry":{"type":"Point","coordinates":[-108.2819,38.9104]},"properties":{"s":25.9,"pub":true}},{"type":"Feature","geometry":{"type":"Point","coordinates":[-108.2819,38.9162]},"properties":{"s":22.2,"pub":true}},{"type":"Feature","geometry":{"type":"Point","coordinates":[-108.2819,38.922]},"properties":{"s":22.2,"pub":true}},{"type":"Feature","geometry":{"type":"Point","coordinates":[-108.2819,38.9278]},"properties":{"s":33.3,"pub":true}},{"type":"Feature","geometry":{"type":"Point","coordinates":[-108.2819,39.0322]},"properties":{"s":25.9,"pub":true}},{"type":"Feature","geometry":{"type":"Point","coordinates":[-108.2819,39.038]},"properties":{"s":25.9,"pub":true}},{"type":"Feature","geometry":{"type":"Point","coordinates":[-108.2819,39.0438]},"properties":{"s":25.9,"pub":true}},{"type":"Feature","geometry":{"type":"Point","coordinates":[-108.2819,39.0496]},"properties":{"s":25.9,"pub":true}},{"type":"Feature","geometry":{"type":"Point","coordinates":[-108.2819,39.0554]},"properties":{"s":25.9,"pub":false}},{"type":"Feature","geometry":{"type":"Point","coordinates":[-108.2819,39.0612]},"properties":{"s":25.9,"pub":false}},{"type":"Feature","geometry":{"type":"Point","coordinates":[-108.2819,39.067]},"properties":{"s":29.6,"pub":false}},{"type":"Feature","geometry":{"type":"Point","coordinates":[-108.2819,39.0728]},"properties":{"s":29.6,"pub":false}},{"type":"Feature","geometry":{"type":"Point","coordinates":[-108.2819,39.0786]},"properties":{"s":29.6,"pub":true}},{"type":"Feature","geometry":{"type":"Point","coordinates":[-108.2819,39.0844]},"properties":{"s":29.6,"pub":true}},{"type":"Feature","geometry":{"type":"Point","coordinates":[-108.2819,39.0902]},"properties":{"s":25.9,"pub":true}},{"type":"Feature","geometry":{"type":"Point","coordinates":[-108.2819,39.096]},"properties":{"s":25.9,"pub":true}},{"type":"Feature","geometry":{"type":"Point","coordinates":[-108.2819,39.1018]},"properties":{"s":25.9,"pub":true}},{"type":"Feature","geometry":{"type":"Point","coordinates":[-108.2819,39.1076]},"properties":{"s":25.9,"pub":true}},{"type":"Feature","geometry":{"type":"Point","coordinates":[-108.2744,38.8698]},"properties":{"s":22.2,"pub":true}},{"type":"Feature","geometry":{"type":"Point","coordinates":[-108.2744,38.8756]},"properties":{"s":22.2,"pub":true}},{"type":"Feature","geometry":{"type":"Point","coordinates":[-108.2744,38.8814]},"properties":{"s":22.2,"pub":true}},{"type":"Feature","geometry":{"type":"Point","coordinates":[-108.2744,38.8872]},"properties":{"s":22.2,"pub":true}},{"type":"Feature","geometry":{"type":"Point","coordinates":[-108.2744,38.893]},"properties":{"s":29.6,"pub":true}},{"type":"Feature","geometry":{"type":"Point","coordinates":[-108.2744,38.8988]},"properties":{"s":29.6,"pub":true}},{"type":"Feature","geometry":{"type":"Point","coordinates":[-108.2744,38.9046]},"properties":{"s":29.6,"pub":true}},{"type":"Feature","geometry":{"type":"Point","coordinates":[-108.2744,38.9104]},"properties":{"s":25.9,"pub":true}},{"type":"Feature","geometry":{"type":"Point","coordinates":[-108.2744,38.9162]},"properties":{"s":22.2,"pub":true}},{"type":"Feature","geometry":{"type":"Point","coordinates":[-108.2744,38.922]},"properties":{"s":22.2,"pub":true}},{"type":"Feature","geometry":{"type":"Point","coordinates":[-108.2744,38.9278]},"properties":{"s":22.2,"pub":true}},{"type":"Feature","geometry":{"type":"Point","coordinates":[-108.2744,38.9336]},"properties":{"s":33.3,"pub":true}},{"type":"Feature","geometry":{"type":"Point","coordinates":[-108.2744,39.0264]},"properties":{"s":25.9,"pub":true}},{"type":"Feature","geometry":{"type":"Point","coordinates":[-108.2744,39.0322]},"properties":{"s":25.9,"pub":true}},{"type":"Feature","geometry":{"type":"Point","coordinates":[-108.2744,39.038]},"properties":{"s":25.9,"pub":true}},{"type":"Feature","geometry":{"type":"Point","coordinates":[-108.2744,39.0438]},"properties":{"s":25.9,"pub":true}},{"type":"Feature","geometry":{"type":"Point","coordinates":[-108.2744,39.0496]},"properties":{"s":25.9,"pub":false}},{"type":"Feature","geometry":{"type":"Point","coordinates":[-108.2744,39.0554]},"properties":{"s":25.9,"pub":false}},{"type":"Feature","geometry":{"type":"Point","coordinates":[-108.2744,39.0612]},"properties":{"s":25.9,"pub":false}},{"type":"Feature","geometry":{"type":"Point","coordinates":[-108.2744,39.067]},"properties":{"s":25.9,"pub":false}},{"type":"Feature","geometry":{"type":"Point","coordinates":[-108.2744,39.0728]},"properties":{"s":25.9,"pub":false}},{"type":"Feature","geometry":{"type":"Point","coordinates":[-108.2744,39.0786]},"properties":{"s":29.6,"pub":false}},{"type":"Feature","geometry":{"type":"Point","coordinates":[-108.2744,39.0844]},"properties":{"s":29.6,"pub":true}},{"type":"Feature","geometry":{"type":"Point","coordinates":[-108.2744,39.0902]},"properties":{"s":29.6,"pub":true}},{"type":"Feature","geometry":{"type":"Point","coordinates":[-108.2744,39.096]},"properties":{"s":25.9,"pub":true}},{"type":"Feature","geometry":{"type":"Point","coordinates":[-108.2744,39.1018]},"properties":{"s":25.9,"pub":true}},{"type":"Feature","geometry":{"type":"Point","coordinates":[-108.2744,39.1076]},"properties":{"s":25.9,"pub":true}},{"type":"Feature","geometry":{"type":"Point","coordinates":[-108.2744,39.1134]},"properties":{"s":25.9,"pub":true}},{"type":"Feature","geometry":{"type":"Point","coordinates":[-108.2669,38.8698]},"properties":{"s":22.2,"pub":true}},{"type":"Feature","geometry":{"type":"Point","coordinates":[-108.2669,38.8756]},"properties":{"s":22.2,"pub":true}},{"type":"Feature","geometry":{"type":"Point","coordinates":[-108.2669,38.8814]},"properties":{"s":22.2,"pub":true}},{"type":"Feature","geometry":{"type":"Point","coordinates":[-108.2669,38.8872]},"properties":{"s":22.2,"pub":true}},{"type":"Feature","geometry":{"type":"Point","coordinates":[-108.2669,38.893]},"properties":{"s":29.6,"pub":true}},{"type":"Feature","geometry":{"type":"Point","coordinates":[-108.2669,38.8988]},"properties":{"s":29.6,"pub":true}},{"type":"Feature","geometry":{"type":"Point","coordinates":[-108.2669,38.9046]},"properties":{"s":29.6,"pub":true}},{"type":"Feature","geometry":{"type":"Point","coordinates":[-108.2669,38.9104]},"properties":{"s":29.6,"pub":true}},{"type":"Feature","geometry":{"type":"Point","coordinates":[-108.2669,38.9162]},"properties":{"s":22.2,"pub":true}},{"type":"Feature","geometry":{"type":"Point","coordinates":[-108.2669,38.922]},"properties":{"s":22.2,"pub":true}},{"type":"Feature","geometry":{"type":"Point","coordinates":[-108.2669,38.9278]},"properties":{"s":25.9,"pub":true}},{"type":"Feature","geometry":{"type":"Point","coordinates":[-108.2669,38.9336]},"properties":{"s":33.3,"pub":true}},{"type":"Feature","geometry":{"type":"Point","coordinates":[-108.2669,39.0206]},"properties":{"s":25.9,"pub":true}},{"type":"Feature","geometry":{"type":"Point","coordinates":[-108.2669,39.0264]},"properties":{"s":25.9,"pub":true}},{"type":"Feature","geometry":{"type":"Point","coordinates":[-108.2669,39.0322]},"properties":{"s":25.9,"pub":true}},{"type":"Feature","geometry":{"type":"Point","coordinates":[-108.2669,39.038]},"properties":{"s":25.9,"pub":true}},{"type":"Feature","geometry":{"type":"Point","coordinates":[-108.2669,39.0438]},"properties":{"s":25.9,"pub":false}},{"type":"Feature","geometry":{"type":"Point","coordinates":[-108.2669,39.0496]},"properties":{"s":25.9,"pub":false}},{"type":"Feature","geometry":{"type":"Point","coordinates":[-108.2669,39.0554]},"properties":{"s":25.9,"pub":false}},{"type":"Feature","geometry":{"type":"Point","coordinates":[-108.2669,39.0612]},"properties":{"s":25.9,"pub":false}},{"type":"Feature","geometry":{"type":"Point","coordinates":[-108.2669,39.067]},"properties":{"s":25.9,"pub":false}},{"type":"Feature","geometry":{"type":"Point","coordinates":[-108.2669,39.0728]},"properties":{"s":25.9,"pub":false}},{"type":"Feature","geometry":{"type":"Point","coordinates":[-108.2669,39.0786]},"properties":{"s":25.9,"pub":false}},{"type":"Feature","geometry":{"type":"Point","coordinates":[-108.2669,39.0844]},"properties":{"s":25.9,"pub":false}},{"type":"Feature","geometry":{"type":"Point","coordinates":[-108.2669,39.0902]},"properties":{"s":29.6,"pub":false}},{"type":"Feature","geometry":{"type":"Point","coordinates":[-108.2669,39.096]},"properties":{"s":29.6,"pub":false}},{"type":"Feature","geometry":{"type":"Point","coordinates":[-108.2669,39.1018]},"properties":{"s":25.9,"pub":false}},{"type":"Feature","geometry":{"type":"Point","coordinates":[-108.2669,39.1076]},"properties":{"s":25.9,"pub":false}},{"type":"Feature","geometry":{"type":"Point","coordinates":[-108.2669,39.1134]},"properties":{"s":25.9,"pub":false}},{"type":"Feature","geometry":{"type":"Point","coordinates":[-108.2669,39.1192]},"properties":{"s":25.9,"pub":false}},{"type":"Feature","geometry":{"type":"Point","coordinates":[-108.2669,39.125]},"properties":{"s":25.9,"pub":true}},{"type":"Feature","geometry":{"type":"Point","coordinates":[-108.2594,38.8698]},"properties":{"s":25.9,"pub":true}},{"type":"Feature","geometry":{"type":"Point","coordinates":[-108.2594,38.8756]},"properties":{"s":25.9,"pub":true}},{"type":"Feature","geometry":{"type":"Point","coordinates":[-108.2594,38.8814]},"properties":{"s":22.2,"pub":true}},{"type":"Feature","geometry":{"type":"Point","coordinates":[-108.2594,38.8872]},"properties":{"s":22.2,"pub":true}},{"type":"Feature","geometry":{"type":"Point","coordinates":[-108.2594,38.893]},"properties":{"s":29.6,"pub":true}},{"type":"Feature","geometry":{"type":"Point","coordinates":[-108.2594,38.8988]},"properties":{"s":29.6,"pub":true}},{"type":"Feature","geometry":{"type":"Point","coordinates":[-108.2594,38.9046]},"properties":{"s":29.6,"pub":true}},{"type":"Feature","geometry":{"type":"Point","coordinates":[-108.2594,38.9104]},"properties":{"s":29.6,"pub":true}},{"type":"Feature","geometry":{"type":"Point","coordinates":[-108.2594,38.9162]},"properties":{"s":25.9,"pub":true}},{"type":"Feature","geometry":{"type":"Point","coordinates":[-108.2594,38.922]},"properties":{"s":25.9,"pub":true}},{"type":"Feature","geometry":{"type":"Point","coordinates":[-108.2594,38.9278]},"properties":{"s":25.9,"pub":true}},{"type":"Feature","geometry":{"type":"Point","coordinates":[-108.2594,38.9336]},"properties":{"s":33.3,"pub":true}},{"type":"Feature","geometry":{"type":"Point","coordinates":[-108.2594,38.9394]},"properties":{"s":33.3,"pub":true}},{"type":"Feature","geometry":{"type":"Point","coordinates":[-108.2594,38.951]},"properties":{"s":33.3,"pub":true}},{"type":"Feature","geometry":{"type":"Point","coordinates":[-108.2594,39.0206]},"properties":{"s":25.9,"pub":true}},{"type":"Feature","geometry":{"type":"Point","coordinates":[-108.2594,39.0264]},"properties":{"s":25.9,"pub":true}},{"type":"Feature","geometry":{"type":"Point","coordinates":[-108.2594,39.0322]},"properties":{"s":25.9,"pub":true}},{"type":"Feature","geometry":{"type":"Point","coordinates":[-108.2594,39.038]},"properties":{"s":25.9,"pub":true}},{"type":"Feature","geometry":{"type":"Point","coordinates":[-108.2594,39.0438]},"properties":{"s":25.9,"pub":false}},{"type":"Feature","geometry":{"type":"Point","coordinates":[-108.2594,39.0496]},"properties":{"s":22.2,"pub":false}},{"type":"Feature","geometry":{"type":"Point","coordinates":[-108.2594,39.0554]},"properties":{"s":22.2,"pub":false}},{"type":"Feature","geometry":{"type":"Point","coordinates":[-108.2594,39.0612]},"properties":{"s":22.2,"pub":false}},{"type":"Feature","geometry":{"type":"Point","coordinates":[-108.2594,39.067]},"properties":{"s":25.9,"pub":false}},{"type":"Feature","geometry":{"type":"Point","coordinates":[-108.2594,39.0728]},"properties":{"s":25.9,"pub":false}},{"type":"Feature","geometry":{"type":"Point","coordinates":[-108.2594,39.0786]},"properties":{"s":25.9,"pub":false}},{"type":"Feature","geometry":{"type":"Point","coordinates":[-108.2594,39.0844]},"properties":{"s":25.9,"pub":false}},{"type":"Feature","geometry":{"type":"Point","coordinates":[-108.2594,39.0902]},"properties":{"s":25.9,"pub":false}},{"type":"Feature","geometry":{"type":"Point","coordinates":[-108.2594,39.096]},"properties":{"s":29.6,"pub":false}},{"type":"Feature","geometry":{"type":"Point","coordinates":[-108.2594,39.1018]},"properties":{"s":29.6,"pub":false}},{"type":"Feature","geometry":{"type":"Point","coordinates":[-108.2594,39.1076]},"properties":{"s":25.9,"pub":false}},{"type":"Feature","geometry":{"type":"Point","coordinates":[-108.2594,39.1134]},"properties":{"s":25.9,"pub":false}},{"type":"Feature","geometry":{"type":"Point","coordinates":[-108.2594,39.1192]},"properties":{"s":25.9,"pub":false}},{"type":"Feature","geometry":{"type":"Point","coordinates":[-108.2594,39.125]},"properties":{"s":25.9,"pub":true}},{"type":"Feature","geometry":{"type":"Point","coordinates":[-108.2519,38.8756]},"properties":{"s":25.9,"pub":true}},{"type":"Feature","geometry":{"type":"Point","coordinates":[-108.2519,38.8814]},"properties":{"s":33.3,"pub":true}},{"type":"Feature","geometry":{"type":"Point","coordinates":[-108.2519,38.8872]},"properties":{"s":25.9,"pub":true}},{"type":"Feature","geometry":{"type":"Point","coordinates":[-108.2519,38.893]},"properties":{"s":29.6,"pub":true}},{"type":"Feature","geometry":{"type":"Point","coordinates":[-108.2519,38.8988]},"properties":{"s":29.6,"pub":true}},{"type":"Feature","geometry":{"type":"Point","coordinates":[-108.2519,38.9046]},"properties":{"s":29.6,"pub":true}},{"type":"Feature","geometry":{"type":"Point","coordinates":[-108.2519,38.9104]},"properties":{"s":29.6,"pub":true}},{"type":"Feature","geometry":{"type":"Point","coordinates":[-108.2519,38.9162]},"properties":{"s":25.9,"pub":true}},{"type":"Feature","geometry":{"type":"Point","coordinates":[-108.2519,38.922]},"properties":{"s":25.9,"pub":true}},{"type":"Feature","geometry":{"type":"Point","coordinates":[-108.2519,38.9278]},"properties":{"s":33.3,"pub":true}},{"type":"Feature","geometry":{"type":"Point","coordinates":[-108.2519,38.9336]},"properties":{"s":33.3,"pub":true}},{"type":"Feature","geometry":{"type":"Point","coordinates":[-108.2519,38.9394]},"properties":{"s":33.3,"pub":true}},{"type":"Feature","geometry":{"type":"Point","coordinates":[-108.2519,38.9452]},"properties":{"s":33.3,"pub":true}},{"type":"Feature","geometry":{"type":"Point","coordinates":[-108.2519,38.951]},"properties":{"s":33.3,"pub":true}},{"type":"Feature","geometry":{"type":"Point","coordinates":[-108.2519,38.9568]},"properties":{"s":25.9,"pub":false}},{"type":"Feature","geometry":{"type":"Point","coordinates":[-108.2519,39.0206]},"properties":{"s":25.9,"pub":true}},{"type":"Feature","geometry":{"type":"Point","coordinates":[-108.2519,39.0264]},"properties":{"s":25.9,"pub":true}},{"type":"Feature","geometry":{"type":"Point","coordinates":[-108.2519,39.0322]},"properties":{"s":25.9,"pub":true}},{"type":"Feature","geometry":{"type":"Point","coordinates":[-108.2519,39.038]},"properties":{"s":25.9,"pub":true}},{"type":"Feature","geometry":{"type":"Point","coordinates":[-108.2519,39.0438]},"properties":{"s":25.9,"pub":true}},{"type":"Feature","geometry":{"type":"Point","coordinates":[-108.2519,39.0496]},"properties":{"s":22.2,"pub":false}},{"type":"Feature","geometry":{"type":"Point","coordinates":[-108.2519,39.0554]},"properties":{"s":22.2,"pub":false}},{"type":"Feature","geometry":{"type":"Point","coordinates":[-108.2519,39.0612]},"properties":{"s":22.2,"pub":true}},{"type":"Feature","geometry":{"type":"Point","coordinates":[-108.2519,39.067]},"properties":{"s":25.9,"pub":false}},{"type":"Feature","geometry":{"type":"Point","coordinates":[-108.2519,39.0728]},"properties":{"s":25.9,"pub":false}},{"type":"Feature","geometry":{"type":"Point","coordinates":[-108.2519,39.0786]},"properties":{"s":25.9,"pub":false}},{"type":"Feature","geometry":{"type":"Point","coordinates":[-108.2519,39.0844]},"properties":{"s":25.9,"pub":false}},{"type":"Feature","geometry":{"type":"Point","coordinates":[-108.2519,39.0902]},"properties":{"s":25.9,"pub":false}},{"type":"Feature","geometry":{"type":"Point","coordinates":[-108.2519,39.096]},"properties":{"s":29.6,"pub":false}},{"type":"Feature","geometry":{"type":"Point","coordinates":[-108.2519,39.1018]},"properties":{"s":29.6,"pub":false}},{"type":"Feature","geometry":{"type":"Point","coordinates":[-108.2519,39.1076]},"properties":{"s":29.6,"pub":false}},{"type":"Feature","geometry":{"type":"Point","coordinates":[-108.2519,39.1134]},"properties":{"s":25.9,"pub":false}},{"type":"Feature","geometry":{"type":"Point","coordinates":[-108.2519,39.1192]},"properties":{"s":25.9,"pub":false}},{"type":"Feature","geometry":{"type":"Point","coordinates":[-108.2519,39.125]},"properties":{"s":25.9,"pub":true}},{"type":"Feature","geometry":{"type":"Point","coordinates":[-108.2444,38.8756]},"properties":{"s":25.9,"pub":true}},{"type":"Feature","geometry":{"type":"Point","coordinates":[-108.2444,38.8814]},"properties":{"s":33.3,"pub":true}},{"type":"Feature","geometry":{"type":"Point","coordinates":[-108.2444,38.8872]},"properties":{"s":33.3,"pub":true}},{"type":"Feature","geometry":{"type":"Point","coordinates":[-108.2444,38.893]},"properties":{"s":29.6,"pub":true}},{"type":"Feature","geometry":{"type":"Point","coordinates":[-108.2444,38.8988]},"properties":{"s":29.6,"pub":true}},{"type":"Feature","geometry":{"type":"Point","coordinates":[-108.2444,38.9046]},"properties":{"s":29.6,"pub":true}},{"type":"Feature","geometry":{"type":"Point","coordinates":[-108.2444,38.9104]},"properties":{"s":29.6,"pub":true}},{"type":"Feature","geometry":{"type":"Point","coordinates":[-108.2444,38.9162]},"properties":{"s":25.9,"pub":true}},{"type":"Feature","geometry":{"type":"Point","coordinates":[-108.2444,38.922]},"properties":{"s":25.9,"pub":true}},{"type":"Feature","geometry":{"type":"Point","coordinates":[-108.2444,38.9278]},"properties":{"s":33.3,"pub":true}},{"type":"Feature","geometry":{"type":"Point","coordinates":[-108.2444,38.9336]},"properties":{"s":33.3,"pub":true}},{"type":"Feature","geometry":{"type":"Point","coordinates":[-108.2444,38.9394]},"properties":{"s":33.3,"pub":true}},{"type":"Feature","geometry":{"type":"Point","coordinates":[-108.2444,38.9452]},"properties":{"s":33.3,"pub":true}},{"type":"Feature","geometry":{"type":"Point","coordinates":[-108.2444,38.951]},"properties":{"s":33.3,"pub":true}},{"type":"Feature","geometry":{"type":"Point","coordinates":[-108.2444,38.9568]},"properties":{"s":25.9,"pub":false}},{"type":"Feature","geometry":{"type":"Point","coordinates":[-108.2444,39.009]},"properties":{"s":25.9,"pub":true}},{"type":"Feature","geometry":{"type":"Point","coordinates":[-108.2444,39.0148]},"properties":{"s":25.9,"pub":true}},{"type":"Feature","geometry":{"type":"Point","coordinates":[-108.2444,39.0206]},"properties":{"s":25.9,"pub":true}},{"type":"Feature","geometry":{"type":"Point","coordinates":[-108.2444,39.0264]},"properties":{"s":25.9,"pub":true}},{"type":"Feature","geometry":{"type":"Point","coordinates":[-108.2444,39.0322]},"properties":{"s":25.9,"pub":true}},{"type":"Feature","geometry":{"type":"Point","coordinates":[-108.2444,39.038]},"properties":{"s":25.9,"pub":true}},{"type":"Feature","geometry":{"type":"Point","coordinates":[-108.2444,39.0438]},"properties":{"s":22.2,"pub":true}},{"type":"Feature","geometry":{"type":"Point","coordinates":[-108.2444,39.0496]},"properties":{"s":22.2,"pub":false}},{"type":"Feature","geometry":{"type":"Point","coordinates":[-108.2444,39.0554]},"properties":{"s":22.2,"pub":false}},{"type":"Feature","geometry":{"type":"Point","coordinates":[-108.2444,39.0612]},"properties":{"s":22.2,"pub":false}},{"type":"Feature","geometry":{"type":"Point","coordinates":[-108.2444,39.067]},"properties":{"s":25.9,"pub":true}},{"type":"Feature","geometry":{"type":"Point","coordinates":[-108.2444,39.0728]},"properties":{"s":25.9,"pub":true}},{"type":"Feature","geometry":{"type":"Point","coordinates":[-108.2444,39.0786]},"properties":{"s":25.9,"pub":false}},{"type":"Feature","geometry":{"type":"Point","coordinates":[-108.2444,39.0844]},"properties":{"s":25.9,"pub":false}},{"type":"Feature","geometry":{"type":"Point","coordinates":[-108.2444,39.0902]},"properties":{"s":25.9,"pub":false}},{"type":"Feature","geometry":{"type":"Point","coordinates":[-108.2444,39.096]},"properties":{"s":25.9,"pub":false}},{"type":"Feature","geometry":{"type":"Point","coordinates":[-108.2444,39.1018]},"properties":{"s":29.6,"pub":false}},{"type":"Feature","geometry":{"type":"Point","coordinates":[-108.2444,39.1076]},"properties":{"s":29.6,"pub":false}},{"type":"Feature","geometry":{"type":"Point","coordinates":[-108.2444,39.1134]},"properties":{"s":25.9,"pub":false}},{"type":"Feature","geometry":{"type":"Point","coordinates":[-108.2444,39.1192]},"properties":{"s":25.9,"pub":false}},{"type":"Feature","geometry":{"type":"Point","coordinates":[-108.2369,38.8814]},"properties":{"s":25.9,"pub":true}},{"type":"Feature","geometry":{"type":"Point","coordinates":[-108.2369,38.8872]},"properties":{"s":33.3,"pub":true}},{"type":"Feature","geometry":{"type":"Point","coordinates":[-108.2369,38.893]},"properties":{"s":37.0,"pub":true}},{"type":"Feature","geometry":{"type":"Point","coordinates":[-108.2369,38.8988]},"properties":{"s":29.6,"pub":true}},{"type":"Feature","geometry":{"type":"Point","coordinates":[-108.2369,38.9046]},"properties":{"s":29.6,"pub":true}},{"type":"Feature","geometry":{"type":"Point","coordinates":[-108.2369,38.9104]},"properties":{"s":25.9,"pub":true}},{"type":"Feature","geometry":{"type":"Point","coordinates":[-108.2369,38.9162]},"properties":{"s":25.9,"pub":true}},{"type":"Feature","geometry":{"type":"Point","coordinates":[-108.2369,38.922]},"properties":{"s":25.9,"pub":true}},{"type":"Feature","geometry":{"type":"Point","coordinates":[-108.2369,38.9278]},"properties":{"s":33.3,"pub":true}},{"type":"Feature","geometry":{"type":"Point","coordinates":[-108.2369,38.9336]},"properties":{"s":33.3,"pub":true}},{"type":"Feature","geometry":{"type":"Point","coordinates":[-108.2369,38.9394]},"properties":{"s":33.3,"pub":true}},{"type":"Feature","geometry":{"type":"Point","coordinates":[-108.2369,38.9452]},"properties":{"s":33.3,"pub":true}},{"type":"Feature","geometry":{"type":"Point","coordinates":[-108.2369,38.951]},"properties":{"s":33.3,"pub":true}},{"type":"Feature","geometry":{"type":"Point","coordinates":[-108.2369,39.009]},"properties":{"s":25.9,"pub":true}},{"type":"Feature","geometry":{"type":"Point","coordinates":[-108.2369,39.0148]},"properties":{"s":25.9,"pub":true}},{"type":"Feature","geometry":{"type":"Point","coordinates":[-108.2369,39.0206]},"properties":{"s":25.9,"pub":true}},{"type":"Feature","geometry":{"type":"Point","coordinates":[-108.2369,39.0264]},"properties":{"s":25.9,"pub":true}},{"type":"Feature","geometry":{"type":"Point","coordinates":[-108.2369,39.0322]},"properties":{"s":25.9,"pub":true}},{"type":"Feature","geometry":{"type":"Point","coordinates":[-108.2369,39.038]},"properties":{"s":25.9,"pub":true}},{"type":"Feature","geometry":{"type":"Point","coordinates":[-108.2369,39.0438]},"properties":{"s":22.2,"pub":false}},{"type":"Feature","geometry":{"type":"Point","coordinates":[-108.2369,39.0496]},"properties":{"s":22.2,"pub":false}},{"type":"Feature","geometry":{"type":"Point","coordinates":[-108.2369,39.0554]},"properties":{"s":22.2,"pub":false}},{"type":"Feature","geometry":{"type":"Point","coordinates":[-108.2369,39.0612]},"properties":{"s":22.2,"pub":false}},{"type":"Feature","geometry":{"type":"Point","coordinates":[-108.2369,39.067]},"properties":{"s":25.9,"pub":true}},{"type":"Feature","geometry":{"type":"Point","coordinates":[-108.2369,39.0728]},"properties":{"s":25.9,"pub":true}},{"type":"Feature","geometry":{"type":"Point","coordinates":[-108.2369,39.0786]},"properties":{"s":25.9,"pub":false}},{"type":"Feature","geometry":{"type":"Point","coordinates":[-108.2369,39.0844]},"properties":{"s":22.2,"pub":false}},{"type":"Feature","geometry":{"type":"Point","coordinates":[-108.2369,39.0902]},"properties":{"s":22.2,"pub":false}},{"type":"Feature","geometry":{"type":"Point","coordinates":[-108.2369,39.096]},"properties":{"s":22.2,"pub":false}},{"type":"Feature","geometry":{"type":"Point","coordinates":[-108.2369,39.1018]},"properties":{"s":25.9,"pub":false}},{"type":"Feature","geometry":{"type":"Point","coordinates":[-108.2369,39.1076]},"properties":{"s":29.6,"pub":false}},{"type":"Feature","geometry":{"type":"Point","coordinates":[-108.2369,39.1134]},"properties":{"s":29.6,"pub":false}},{"type":"Feature","geometry":{"type":"Point","coordinates":[-108.2369,39.1192]},"properties":{"s":25.9,"pub":false}},{"type":"Feature","geometry":{"type":"Point","coordinates":[-108.2294,38.8814]},"properties":{"s":25.9,"pub":true}},{"type":"Feature","geometry":{"type":"Point","coordinates":[-108.2294,38.8872]},"properties":{"s":33.3,"pub":true}},{"type":"Feature","geometry":{"type":"Point","coordinates":[-108.2294,38.893]},"properties":{"s":33.3,"pub":true}},{"type":"Feature","geometry":{"type":"Point","coordinates":[-108.2294,38.8988]},"properties":{"s":33.3,"pub":true}},{"type":"Feature","geometry":{"type":"Point","coordinates":[-108.2294,38.9046]},"properties":{"s":25.9,"pub":true}},{"type":"Feature","geometry":{"type":"Point","coordinates":[-108.2294,38.9104]},"properties":{"s":25.9,"pub":true}},{"type":"Feature","geometry":{"type":"Point","coordinates":[-108.2294,38.9162]},"properties":{"s":25.9,"pub":true}},{"type":"Feature","geometry":{"type":"Point","coordinates":[-108.2294,38.922]},"properties":{"s":25.9,"pub":true}},{"type":"Feature","geometry":{"type":"Point","coordinates":[-108.2294,38.9278]},"properties":{"s":25.9,"pub":true}},{"type":"Feature","geometry":{"type":"Point","coordinates":[-108.2294,38.9336]},"properties":{"s":33.3,"pub":true}},{"type":"Feature","geometry":{"type":"Point","coordinates":[-108.2294,38.9394]},"properties":{"s":33.3,"pub":true}},{"type":"Feature","geometry":{"type":"Point","coordinates":[-108.2294,38.9452]},"properties":{"s":33.3,"pub":true}},{"type":"Feature","geometry":{"type":"Point","coordinates":[-108.2294,38.951]},"properties":{"s":33.3,"pub":true}},{"type":"Feature","geometry":{"type":"Point","coordinates":[-108.2294,38.9568]},"properties":{"s":33.3,"pub":false}},{"type":"Feature","geometry":{"type":"Point","coordinates":[-108.2294,38.9974]},"properties":{"s":25.9,"pub":true}},{"type":"Feature","geometry":{"type":"Point","coordinates":[-108.2294,39.0032]},"properties":{"s":25.9,"pub":true}},{"type":"Feature","geometry":{"type":"Point","coordinates":[-108.2294,39.009]},"properties":{"s":25.9,"pub":true}},{"type":"Feature","geometry":{"type":"Point","coordinates":[-108.2294,39.0148]},"properties":{"s":25.9,"pub":true}},{"type":"Feature","geometry":{"type":"Point","coordinates":[-108.2294,39.0206]},"properties":{"s":25.9,"pub":true}},{"type":"Feature","geometry":{"type":"Point","coordinates":[-108.2294,39.0264]},"properties":{"s":25.9,"pub":true}},{"type":"Feature","geometry":{"type":"Point","coordinates":[-108.2294,39.0322]},"properties":{"s":25.9,"pub":true}},{"type":"Feature","geometry":{"type":"Point","coordinates":[-108.2294,39.038]},"properties":{"s":22.2,"pub":true}},{"type":"Feature","geometry":{"type":"Point","coordinates":[-108.2294,39.0438]},"properties":{"s":22.2,"pub":false}},{"type":"Feature","geometry":{"type":"Point","coordinates":[-108.2294,39.0496]},"properties":{"s":22.2,"pub":false}},{"type":"Feature","geometry":{"type":"Point","coordinates":[-108.2294,39.0554]},"properties":{"s":22.2,"pub":false}},{"type":"Feature","geometry":{"type":"Point","coordinates":[-108.2294,39.0612]},"properties":{"s":22.2,"pub":false}},{"type":"Feature","geometry":{"type":"Point","coordinates":[-108.2294,39.067]},"properties":{"s":22.2,"pub":false}},{"type":"Feature","geometry":{"type":"Point","coordinates":[-108.2294,39.0728]},"properties":{"s":22.2,"pub":true}},{"type":"Feature","geometry":{"type":"Point","coordinates":[-108.2294,39.0786]},"properties":{"s":22.2,"pub":true}},{"type":"Feature","geometry":{"type":"Point","coordinates":[-108.2294,39.0844]},"properties":{"s":22.2,"pub":false}},{"type":"Feature","geometry":{"type":"Point","coordinates":[-108.2294,39.0902]},"properties":{"s":22.2,"pub":false}},{"type":"Feature","geometry":{"type":"Point","coordinates":[-108.2294,39.096]},"properties":{"s":22.2,"pub":false}},{"type":"Feature","geometry":{"type":"Point","coordinates":[-108.2294,39.1018]},"properties":{"s":22.2,"pub":false}},{"type":"Feature","geometry":{"type":"Point","coordinates":[-108.2294,39.1076]},"properties":{"s":29.6,"pub":false}},{"type":"Feature","geometry":{"type":"Point","coordinates":[-108.2294,39.1134]},"properties":{"s":29.6,"pub":false}},{"type":"Feature","geometry":{"type":"Point","coordinates":[-108.2219,38.8814]},"properties":{"s":25.9,"pub":true}},{"type":"Feature","geometry":{"type":"Point","coordinates":[-108.2219,38.8872]},"properties":{"s":25.9,"pub":true}},{"type":"Feature","geometry":{"type":"Point","coordinates":[-108.2219,38.893]},"properties":{"s":25.9,"pub":true}},{"type":"Feature","geometry":{"type":"Point","coordinates":[-108.2219,38.8988]},"properties":{"s":25.9,"pub":true}},{"type":"Feature","geometry":{"type":"Point","coordinates":[-108.2219,38.9046]},"properties":{"s":25.9,"pub":true}},{"type":"Feature","geometry":{"type":"Point","coordinates":[-108.2219,38.9104]},"properties":{"s":25.9,"pub":true}},{"type":"Feature","geometry":{"type":"Point","coordinates":[-108.2219,38.9162]},"properties":{"s":25.9,"pub":true}},{"type":"Feature","geometry":{"type":"Point","coordinates":[-108.2219,38.922]},"properties":{"s":25.9,"pub":true}},{"type":"Feature","geometry":{"type":"Point","coordinates":[-108.2219,38.9278]},"properties":{"s":25.9,"pub":true}},{"type":"Feature","geometry":{"type":"Point","coordinates":[-108.2219,38.9336]},"properties":{"s":25.9,"pub":true}},{"type":"Feature","geometry":{"type":"Point","coordinates":[-108.2219,38.9394]},"properties":{"s":25.9,"pub":true}},{"type":"Feature","geometry":{"type":"Point","coordinates":[-108.2219,38.9452]},"properties":{"s":33.3,"pub":true}},{"type":"Feature","geometry":{"type":"Point","coordinates":[-108.2219,38.951]},"properties":{"s":33.3,"pub":true}},{"type":"Feature","geometry":{"type":"Point","coordinates":[-108.2219,38.9568]},"properties":{"s":33.3,"pub":false}},{"type":"Feature","geometry":{"type":"Point","coordinates":[-108.2219,38.9916]},"properties":{"s":25.9,"pub":true}},{"type":"Feature","geometry":{"type":"Point","coordinates":[-108.2219,38.9974]},"properties":{"s":25.9,"pub":true}},{"type":"Feature","geometry":{"type":"Point","coordinates":[-108.2219,39.0032]},"properties":{"s":25.9,"pub":true}},{"type":"Feature","geometry":{"type":"Point","coordinates":[-108.2219,39.009]},"properties":{"s":25.9,"pub":true}},{"type":"Feature","geometry":{"type":"Point","coordinates":[-108.2219,39.0148]},"properties":{"s":25.9,"pub":true}},{"type":"Feature","geometry":{"type":"Point","coordinates":[-108.2219,39.0206]},"properties":{"s":22.2,"pub":true}},{"type":"Feature","geometry":{"type":"Point","coordinates":[-108.2219,39.0264]},"properties":{"s":22.2,"pub":true}},{"type":"Feature","geometry":{"type":"Point","coordinates":[-108.2219,39.0322]},"properties":{"s":22.2,"pub":true}},{"type":"Feature","geometry":{"type":"Point","coordinates":[-108.2219,39.038]},"properties":{"s":22.2,"pub":true}},{"type":"Feature","geometry":{"type":"Point","coordinates":[-108.2219,39.0438]},"properties":{"s":22.2,"pub":false}},{"type":"Feature","geometry":{"type":"Point","coordinates":[-108.2219,39.0496]},"properties":{"s":22.2,"pub":false}},{"type":"Feature","geometry":{"type":"Point","coordinates":[-108.2219,39.0554]},"properties":{"s":22.2,"pub":false}},{"type":"Feature","geometry":{"type":"Point","coordinates":[-108.2219,39.0612]},"properties":{"s":22.2,"pub":false}},{"type":"Feature","geometry":{"type":"Point","coordinates":[-108.2219,39.067]},"properties":{"s":22.2,"pub":false}},{"type":"Feature","geometry":{"type":"Point","coordinates":[-108.2219,39.0728]},"properties":{"s":22.2,"pub":false}},{"type":"Feature","geometry":{"type":"Point","coordinates":[-108.2219,39.0786]},"properties":{"s":22.2,"pub":false}},{"type":"Feature","geometry":{"type":"Point","coordinates":[-108.2219,39.0844]},"properties":{"s":22.2,"pub":false}},{"type":"Feature","geometry":{"type":"Point","coordinates":[-108.2219,39.0902]},"properties":{"s":22.2,"pub":true}},{"type":"Feature","geometry":{"type":"Point","coordinates":[-108.2219,39.096]},"properties":{"s":22.2,"pub":false}},{"type":"Feature","geometry":{"type":"Point","coordinates":[-108.2219,39.1018]},"properties":{"s":22.2,"pub":false}},{"type":"Feature","geometry":{"type":"Point","coordinates":[-108.2219,39.1076]},"properties":{"s":25.9,"pub":false}},{"type":"Feature","geometry":{"type":"Point","coordinates":[-108.2219,39.1134]},"properties":{"s":29.6,"pub":false}},{"type":"Feature","geometry":{"type":"Point","coordinates":[-108.2219,39.1192]},"properties":{"s":29.6,"pub":false}},{"type":"Feature","geometry":{"type":"Point","coordinates":[-108.2219,39.125]},"properties":{"s":25.9,"pub":true}},{"type":"Feature","geometry":{"type":"Point","coordinates":[-108.2144,38.8872]},"properties":{"s":25.9,"pub":true}},{"type":"Feature","geometry":{"type":"Point","coordinates":[-108.2144,38.893]},"properties":{"s":25.9,"pub":true}},{"type":"Feature","geometry":{"type":"Point","coordinates":[-108.2144,38.8988]},"properties":{"s":25.9,"pub":true}},{"type":"Feature","geometry":{"type":"Point","coordinates":[-108.2144,38.9046]},"properties":{"s":25.9,"pub":true}},{"type":"Feature","geometry":{"type":"Point","coordinates":[-108.2144,38.9104]},"properties":{"s":25.9,"pub":true}},{"type":"Feature","geometry":{"type":"Point","coordinates":[-108.2144,38.9162]},"properties":{"s":25.9,"pub":true}},{"type":"Feature","geometry":{"type":"Point","coordinates":[-108.2144,38.922]},"properties":{"s":29.6,"pub":true}},{"type":"Feature","geometry":{"type":"Point","coordinates":[-108.2144,38.9278]},"properties":{"s":29.6,"pub":true}},{"type":"Feature","geometry":{"type":"Point","coordinates":[-108.2144,38.9336]},"properties":{"s":29.6,"pub":true}},{"type":"Feature","geometry":{"type":"Point","coordinates":[-108.2144,38.9394]},"properties":{"s":29.6,"pub":true}},{"type":"Feature","geometry":{"type":"Point","coordinates":[-108.2144,38.9452]},"properties":{"s":25.9,"pub":true}},{"type":"Feature","geometry":{"type":"Point","coordinates":[-108.2144,38.951]},"properties":{"s":25.9,"pub":true}},{"type":"Feature","geometry":{"type":"Point","coordinates":[-108.2144,38.9568]},"properties":{"s":25.9,"pub":false}},{"type":"Feature","geometry":{"type":"Point","coordinates":[-108.2144,38.9916]},"properties":{"s":25.9,"pub":true}},{"type":"Feature","geometry":{"type":"Point","coordinates":[-108.2144,38.9974]},"properties":{"s":25.9,"pub":true}},{"type":"Feature","geometry":{"type":"Point","coordinates":[-108.2144,39.0032]},"properties":{"s":25.9,"pub":true}},{"type":"Feature","geometry":{"type":"Point","coordinates":[-108.2144,39.009]},"properties":{"s":22.2,"pub":true}},{"type":"Feature","geometry":{"type":"Point","coordinates":[-108.2144,39.0148]},"properties":{"s":22.2,"pub":true}},{"type":"Feature","geometry":{"type":"Point","coordinates":[-108.2144,39.0206]},"properties":{"s":22.2,"pub":true}},{"type":"Feature","geometry":{"type":"Point","coordinates":[-108.2144,39.0264]},"properties":{"s":22.2,"pub":true}},{"type":"Feature","geometry":{"type":"Point","coordinates":[-108.2144,39.0322]},"properties":{"s":22.2,"pub":true}},{"type":"Feature","geometry":{"type":"Point","coordinates":[-108.2144,39.038]},"properties":{"s":22.2,"pub":true}},{"type":"Feature","geometry":{"type":"Point","coordinates":[-108.2144,39.0438]},"properties":{"s":22.2,"pub":false}},{"type":"Feature","geometry":{"type":"Point","coordinates":[-108.2144,39.0496]},"properties":{"s":22.2,"pub":false}},{"type":"Feature","geometry":{"type":"Point","coordinates":[-108.2144,39.0554]},"properties":{"s":22.2,"pub":false}},{"type":"Feature","geometry":{"type":"Point","coordinates":[-108.2144,39.0612]},"properties":{"s":22.2,"pub":false}},{"type":"Feature","geometry":{"type":"Point","coordinates":[-108.2144,39.067]},"properties":{"s":22.2,"pub":false}},{"type":"Feature","geometry":{"type":"Point","coordinates":[-108.2144,39.0728]},"properties":{"s":22.2,"pub":false}},{"type":"Feature","geometry":{"type":"Point","coordinates":[-108.2144,39.0786]},"properties":{"s":22.2,"pub":false}},{"type":"Feature","geometry":{"type":"Point","coordinates":[-108.2144,39.0844]},"properties":{"s":22.2,"pub":false}},{"type":"Feature","geometry":{"type":"Point","coordinates":[-108.2144,39.0902]},"properties":{"s":22.2,"pub":false}},{"type":"Feature","geometry":{"type":"Point","coordinates":[-108.2144,39.096]},"properties":{"s":22.2,"pub":false}},{"type":"Feature","geometry":{"type":"Point","coordinates":[-108.2144,39.1018]},"properties":{"s":22.2,"pub":false}},{"type":"Feature","geometry":{"type":"Point","coordinates":[-108.2144,39.1076]},"properties":{"s":55.6,"pub":false}},{"type":"Feature","geometry":{"type":"Point","coordinates":[-108.2144,39.1134]},"properties":{"s":59.3,"pub":false}},{"type":"Feature","geometry":{"type":"Point","coordinates":[-108.2144,39.1192]},"properties":{"s":59.3,"pub":false}},{"type":"Feature","geometry":{"type":"Point","coordinates":[-108.2144,39.125]},"properties":{"s":25.9,"pub":true}},{"type":"Feature","geometry":{"type":"Point","coordinates":[-108.2069,38.8872]},"properties":{"s":25.9,"pub":true}},{"type":"Feature","geometry":{"type":"Point","coordinates":[-108.2069,38.893]},"properties":{"s":25.9,"pub":true}},{"type":"Feature","geometry":{"type":"Point","coordinates":[-108.2069,38.8988]},"properties":{"s":25.9,"pub":true}},{"type":"Feature","geometry":{"type":"Point","coordinates":[-108.2069,38.9046]},"properties":{"s":25.9,"pub":true}},{"type":"Feature","geometry":{"type":"Point","coordinates":[-108.2069,38.9104]},"properties":{"s":25.9,"pub":true}},{"type":"Feature","geometry":{"type":"Point","coordinates":[-108.2069,38.9162]},"properties":{"s":25.9,"pub":true}},{"type":"Feature","geometry":{"type":"Point","coordinates":[-108.2069,38.922]},"properties":{"s":25.9,"pub":true}},{"type":"Feature","geometry":{"type":"Point","coordinates":[-108.2069,38.9278]},"properties":{"s":25.9,"pub":true}},{"type":"Feature","geometry":{"type":"Point","coordinates":[-108.2069,38.9336]},"properties":{"s":25.9,"pub":true}},{"type":"Feature","geometry":{"type":"Point","coordinates":[-108.2069,38.9394]},"properties":{"s":29.6,"pub":true}},{"type":"Feature","geometry":{"type":"Point","coordinates":[-108.2069,38.9452]},"properties":{"s":29.6,"pub":true}},{"type":"Feature","geometry":{"type":"Point","coordinates":[-108.2069,38.951]},"properties":{"s":25.9,"pub":true}},{"type":"Feature","geometry":{"type":"Point","coordinates":[-108.2069,38.9568]},"properties":{"s":25.9,"pub":true}},{"type":"Feature","geometry":{"type":"Point","coordinates":[-108.2069,38.9916]},"properties":{"s":25.9,"pub":true}},{"type":"Feature","geometry":{"type":"Point","coordinates":[-108.2069,38.9974]},"properties":{"s":25.9,"pub":true}},{"type":"Feature","geometry":{"type":"Point","coordinates":[-108.2069,39.0032]},"properties":{"s":22.2,"pub":true}},{"type":"Feature","geometry":{"type":"Point","coordinates":[-108.2069,39.009]},"properties":{"s":22.2,"pub":true}},{"type":"Feature","geometry":{"type":"Point","coordinates":[-108.2069,39.0148]},"properties":{"s":22.2,"pub":true}},{"type":"Feature","geometry":{"type":"Point","coordinates":[-108.2069,39.0206]},"properties":{"s":22.2,"pub":true}},{"type":"Feature","geometry":{"type":"Point","coordinates":[-108.2069,39.0264]},"properties":{"s":22.2,"pub":true}},{"type":"Feature","geometry":{"type":"Point","coordinates":[-108.2069,39.0322]},"properties":{"s":22.2,"pub":true}},{"type":"Feature","geometry":{"type":"Point","coordinates":[-108.2069,39.038]},"properties":{"s":22.2,"pub":true}},{"type":"Feature","geometry":{"type":"Point","coordinates":[-108.2069,39.0438]},"properties":{"s":22.2,"pub":false}},{"type":"Feature","geometry":{"type":"Point","coordinates":[-108.2069,39.0496]},"properties":{"s":22.2,"pub":false}},{"type":"Feature","geometry":{"type":"Point","coordinates":[-108.2069,39.0554]},"properties":{"s":22.2,"pub":false}},{"type":"Feature","geometry":{"type":"Point","coordinates":[-108.2069,39.0612]},"properties":{"s":22.2,"pub":false}},{"type":"Feature","geometry":{"type":"Point","coordinates":[-108.2069,39.067]},"properties":{"s":22.2,"pub":false}},{"type":"Feature","geometry":{"type":"Point","coordinates":[-108.2069,39.0728]},"properties":{"s":22.2,"pub":false}},{"type":"Feature","geometry":{"type":"Point","coordinates":[-108.2069,39.0786]},"properties":{"s":22.2,"pub":false}},{"type":"Feature","geometry":{"type":"Point","coordinates":[-108.2069,39.0844]},"properties":{"s":22.2,"pub":false}},{"type":"Feature","geometry":{"type":"Point","coordinates":[-108.2069,39.0902]},"properties":{"s":22.2,"pub":false}},{"type":"Feature","geometry":{"type":"Point","coordinates":[-108.2069,39.096]},"properties":{"s":22.2,"pub":false}},{"type":"Feature","geometry":{"type":"Point","coordinates":[-108.2069,39.1018]},"properties":{"s":51.9,"pub":false}},{"type":"Feature","geometry":{"type":"Point","coordinates":[-108.2069,39.1076]},"properties":{"s":55.6,"pub":false}},{"type":"Feature","geometry":{"type":"Point","coordinates":[-108.2069,39.1134]},"properties":{"s":55.6,"pub":false}},{"type":"Feature","geometry":{"type":"Point","coordinates":[-108.2069,39.1192]},"properties":{"s":55.6,"pub":false}},{"type":"Feature","geometry":{"type":"Point","coordinates":[-108.2069,39.125]},"properties":{"s":25.9,"pub":true}},{"type":"Feature","geometry":{"type":"Point","coordinates":[-108.1994,38.893]},"properties":{"s":25.9,"pub":true}},{"type":"Feature","geometry":{"type":"Point","coordinates":[-108.1994,38.8988]},"properties":{"s":25.9,"pub":true}},{"type":"Feature","geometry":{"type":"Point","coordinates":[-108.1994,38.9046]},"properties":{"s":25.9,"pub":true}},{"type":"Feature","geometry":{"type":"Point","coordinates":[-108.1994,38.9104]},"properties":{"s":55.6,"pub":true}},{"type":"Feature","geometry":{"type":"Point","coordinates":[-108.1994,38.9162]},"properties":{"s":55.6,"pub":true}},{"type":"Feature","geometry":{"type":"Point","coordinates":[-108.1994,38.922]},"properties":{"s":55.6,"pub":true}},{"type":"Feature","geometry":{"type":"Point","coordinates":[-108.1994,38.9278]},"properties":{"s":55.6,"pub":true}},{"type":"Feature","geometry":{"type":"Point","coordinates":[-108.1994,38.9336]},"properties":{"s":25.9,"pub":true}},{"type":"Feature","geometry":{"type":"Point","coordinates":[-108.1994,38.9394]},"properties":{"s":25.9,"pub":true}},{"type":"Feature","geometry":{"type":"Point","coordinates":[-108.1994,38.9452]},"properties":{"s":25.9,"pub":true}},{"type":"Feature","geometry":{"type":"Point","coordinates":[-108.1994,38.951]},"properties":{"s":25.9,"pub":true}},{"type":"Feature","geometry":{"type":"Point","coordinates":[-108.1994,38.9568]},"properties":{"s":25.9,"pub":true}},{"type":"Feature","geometry":{"type":"Point","coordinates":[-108.1994,38.9916]},"properties":{"s":25.9,"pub":true}},{"type":"Feature","geometry":{"type":"Point","coordinates":[-108.1994,38.9974]},"properties":{"s":25.9,"pub":true}},{"type":"Feature","geometry":{"type":"Point","coordinates":[-108.1994,39.0032]},"properties":{"s":25.9,"pub":true}},{"type":"Feature","geometry":{"type":"Point","coordinates":[-108.1994,39.009]},"properties":{"s":22.2,"pub":true}},{"type":"Feature","geometry":{"type":"Point","coordinates":[-108.1994,39.0148]},"properties":{"s":22.2,"pub":true}},{"type":"Feature","geometry":{"type":"Point","coordinates":[-108.1994,39.0206]},"properties":{"s":22.2,"pub":true}},{"type":"Feature","geometry":{"type":"Point","coordinates":[-108.1994,39.0264]},"properties":{"s":22.2,"pub":true}},{"type":"Feature","geometry":{"type":"Point","coordinates":[-108.1994,39.0322]},"properties":{"s":22.2,"pub":true}},{"type":"Feature","geometry":{"type":"Point","coordinates":[-108.1994,39.038]},"properties":{"s":22.2,"pub":true}},{"type":"Feature","geometry":{"type":"Point","coordinates":[-108.1994,39.0438]},"properties":{"s":22.2,"pub":false}},{"type":"Feature","geometry":{"type":"Point","coordinates":[-108.1994,39.0496]},"properties":{"s":22.2,"pub":false}},{"type":"Feature","geometry":{"type":"Point","coordinates":[-108.1994,39.0554]},"properties":{"s":22.2,"pub":false}},{"type":"Feature","geometry":{"type":"Point","coordinates":[-108.1994,39.0612]},"properties":{"s":22.2,"pub":false}},{"type":"Feature","geometry":{"type":"Point","coordinates":[-108.1994,39.067]},"properties":{"s":22.2,"pub":false}},{"type":"Feature","geometry":{"type":"Point","coordinates":[-108.1994,39.0728]},"properties":{"s":22.2,"pub":false}},{"type":"Feature","geometry":{"type":"Point","coordinates":[-108.1994,39.0786]},"properties":{"s":22.2,"pub":false}},{"type":"Feature","geometry":{"type":"Point","coordinates":[-108.1994,39.0844]},"properties":{"s":22.2,"pub":false}},{"type":"Feature","geometry":{"type":"Point","coordinates":[-108.1994,39.0902]},"properties":{"s":51.9,"pub":false}},{"type":"Feature","geometry":{"type":"Point","coordinates":[-108.1994,39.096]},"properties":{"s":51.9,"pub":false}},{"type":"Feature","geometry":{"type":"Point","coordinates":[-108.1994,39.1018]},"properties":{"s":55.6,"pub":false}},{"type":"Feature","geometry":{"type":"Point","coordinates":[-108.1994,39.1076]},"properties":{"s":55.6,"pub":false}},{"type":"Feature","geometry":{"type":"Point","coordinates":[-108.1994,39.1134]},"properties":{"s":55.6,"pub":false}},{"type":"Feature","geometry":{"type":"Point","coordinates":[-108.1994,39.1192]},"properties":{"s":55.6,"pub":false}},{"type":"Feature","geometry":{"type":"Point","coordinates":[-108.1994,39.125]},"properties":{"s":25.9,"pub":true}},{"type":"Feature","geometry":{"type":"Point","coordinates":[-108.1994,39.1308]},"properties":{"s":25.9,"pub":true}},{"type":"Feature","geometry":{"type":"Point","coordinates":[-108.1919,38.893]},"properties":{"s":25.9,"pub":true}},{"type":"Feature","geometry":{"type":"Point","coordinates":[-108.1919,38.8988]},"properties":{"s":25.9,"pub":true}},{"type":"Feature","geometry":{"type":"Point","coordinates":[-108.1919,38.9046]},"properties":{"s":25.9,"pub":true}},{"type":"Feature","geometry":{"type":"Point","coordinates":[-108.1919,38.9104]},"properties":{"s":55.6,"pub":true}},{"type":"Feature","geometry":{"type":"Point","coordinates":[-108.1919,38.9162]},"properties":{"s":55.6,"pub":true}},{"type":"Feature","geometry":{"type":"Point","coordinates":[-108.1919,38.922]},"properties":{"s":55.6,"pub":true}},{"type":"Feature","geometry":{"type":"Point","coordinates":[-108.1919,38.9278]},"properties":{"s":55.6,"pub":true}},{"type":"Feature","geometry":{"type":"Point","coordinates":[-108.1919,38.9336]},"properties":{"s":55.6,"pub":true}},{"type":"Feature","geometry":{"type":"Point","coordinates":[-108.1919,38.9394]},"properties":{"s":25.9,"pub":true}},{"type":"Feature","geometry":{"type":"Point","coordinates":[-108.1919,38.9452]},"properties":{"s":25.9,"pub":true}},{"type":"Feature","geometry":{"type":"Point","coordinates":[-108.1919,38.951]},"properties":{"s":25.9,"pub":true}},{"type":"Feature","geometry":{"type":"Point","coordinates":[-108.1919,38.9568]},"properties":{"s":25.9,"pub":true}},{"type":"Feature","geometry":{"type":"Point","coordinates":[-108.1919,38.9626]},"properties":{"s":25.9,"pub":true}},{"type":"Feature","geometry":{"type":"Point","coordinates":[-108.1919,38.9916]},"properties":{"s":25.9,"pub":true}},{"type":"Feature","geometry":{"type":"Point","coordinates":[-108.1919,38.9974]},"properties":{"s":25.9,"pub":true}},{"type":"Feature","geometry":{"type":"Point","coordinates":[-108.1919,39.0032]},"properties":{"s":22.2,"pub":true}},{"type":"Feature","geometry":{"type":"Point","coordinates":[-108.1919,39.009]},"properties":{"s":66.7,"pub":true}},{"type":"Feature","geometry":{"type":"Point","coordinates":[-108.1919,39.0148]},"properties":{"s":66.7,"pub":true}},{"type":"Feature","geometry":{"type":"Point","coordinates":[-108.1919,39.0206]},"properties":{"s":66.7,"pub":true}},{"type":"Feature","geometry":{"type":"Point","coordinates":[-108.1919,39.0264]},"properties":{"s":22.2,"pub":true}},{"type":"Feature","geometry":{"type":"Point","coordinates":[-108.1919,39.0322]},"properties":{"s":22.2,"pub":true}},{"type":"Feature","geometry":{"type":"Point","coordinates":[-108.1919,39.038]},"properties":{"s":22.2,"pub":true}},{"type":"Feature","geometry":{"type":"Point","coordinates":[-108.1919,39.0438]},"properties":{"s":22.2,"pub":false}},{"type":"Feature","geometry":{"type":"Point","coordinates":[-108.1919,39.0496]},"properties":{"s":22.2,"pub":false}},{"type":"Feature","geometry":{"type":"Point","coordinates":[-108.1919,39.0554]},"properties":{"s":22.2,"pub":false}},{"type":"Feature","geometry":{"type":"Point","coordinates":[-108.1919,39.0612]},"properties":{"s":22.2,"pub":false}},{"type":"Feature","geometry":{"type":"Point","coordinates":[-108.1919,39.067]},"properties":{"s":22.2,"pub":false}},{"type":"Feature","geometry":{"type":"Point","coordinates":[-108.1919,39.0728]},"properties":{"s":22.2,"pub":false}},{"type":"Feature","geometry":{"type":"Point","coordinates":[-108.1919,39.0786]},"properties":{"s":22.2,"pub":false}},{"type":"Feature","geometry":{"type":"Point","coordinates":[-108.1919,39.0844]},"properties":{"s":51.9,"pub":false}},{"type":"Feature","geometry":{"type":"Point","coordinates":[-108.1919,39.0902]},"properties":{"s":51.9,"pub":false}},{"type":"Feature","geometry":{"type":"Point","coordinates":[-108.1919,39.096]},"properties":{"s":55.6,"pub":false}},{"type":"Feature","geometry":{"type":"Point","coordinates":[-108.1919,39.1018]},"properties":{"s":55.6,"pub":false}},{"type":"Feature","geometry":{"type":"Point","coordinates":[-108.1919,39.1076]},"properties":{"s":55.6,"pub":false}},{"type":"Feature","geometry":{"type":"Point","coordinates":[-108.1919,39.1134]},"properties":{"s":55.6,"pub":false}},{"type":"Feature","geometry":{"type":"Point","coordinates":[-108.1919,39.1192]},"properties":{"s":55.6,"pub":false}},{"type":"Feature","geometry":{"type":"Point","coordinates":[-108.1919,39.125]},"properties":{"s":25.9,"pub":true}},{"type":"Feature","geometry":{"type":"Point","coordinates":[-108.1919,39.1308]},"properties":{"s":25.9,"pub":true}},{"type":"Feature","geometry":{"type":"Point","coordinates":[-108.1844,38.893]},"properties":{"s":25.9,"pub":true}},{"type":"Feature","geometry":{"type":"Point","coordinates":[-108.1844,38.8988]},"properties":{"s":25.9,"pub":true}},{"type":"Feature","geometry":{"type":"Point","coordinates":[-108.1844,38.9046]},"properties":{"s":25.9,"pub":true}},{"type":"Feature","geometry":{"type":"Point","coordinates":[-108.1844,38.9104]},"properties":{"s":25.9,"pub":true}},{"type":"Feature","geometry":{"type":"Point","coordinates":[-108.1844,38.9162]},"properties":{"s":22.2,"pub":true}},{"type":"Feature","geometry":{"type":"Point","coordinates":[-108.1844,38.922]},"properties":{"s":51.9,"pub":true}},{"type":"Feature","geometry":{"type":"Point","coordinates":[-108.1844,38.9278]},"properties":{"s":55.6,"pub":true}},{"type":"Feature","geometry":{"type":"Point","coordinates":[-108.1844,38.9336]},"properties":{"s":55.6,"pub":true}},{"type":"Feature","geometry":{"type":"Point","coordinates":[-108.1844,38.9394]},"properties":{"s":55.6,"pub":true}},{"type":"Feature","geometry":{"type":"Point","coordinates":[-108.1844,38.9452]},"properties":{"s":25.9,"pub":true}},{"type":"Feature","geometry":{"type":"Point","coordinates":[-108.1844,38.951]},"properties":{"s":25.9,"pub":true}},{"type":"Feature","geometry":{"type":"Point","coordinates":[-108.1844,38.9568]},"properties":{"s":25.9,"pub":true}},{"type":"Feature","geometry":{"type":"Point","coordinates":[-108.1844,38.9626]},"properties":{"s":25.9,"pub":true}},{"type":"Feature","geometry":{"type":"Point","coordinates":[-108.1844,38.9858]},"properties":{"s":25.9,"pub":true}},{"type":"Feature","geometry":{"type":"Point","coordinates":[-108.1844,38.9916]},"properties":{"s":25.9,"pub":true}},{"type":"Feature","geometry":{"type":"Point","coordinates":[-108.1844,38.9974]},"properties":{"s":25.9,"pub":true}},{"type":"Feature","geometry":{"type":"Point","coordinates":[-108.1844,39.0032]},"properties":{"s":22.2,"pub":true}},{"type":"Feature","geometry":{"type":"Point","coordinates":[-108.1844,39.009]},"properties":{"s":66.7,"pub":true}},{"type":"Feature","geometry":{"type":"Point","coordinates":[-108.1844,39.0148]},"properties":{"s":66.7,"pub":true}},{"type":"Feature","geometry":{"type":"Point","coordinates":[-108.1844,39.0206]},"properties":{"s":66.7,"pub":true}},{"type":"Feature","geometry":{"type":"Point","coordinates":[-108.1844,39.0264]},"properties":{"s":66.7,"pub":true}},{"type":"Feature","geometry":{"type":"Point","coordinates":[-108.1844,39.0322]},"properties":{"s":66.7,"pub":true}},{"type":"Feature","geometry":{"type":"Point","coordinates":[-108.1844,39.038]},"properties":{"s":22.2,"pub":true}},{"type":"Feature","geometry":{"type":"Point","coordinates":[-108.1844,39.0438]},"properties":{"s":22.2,"pub":false}},{"type":"Feature","geometry":{"type":"Point","coordinates":[-108.1844,39.0496]},"properties":{"s":22.2,"pub":false}},{"type":"Feature","geometry":{"type":"Point","coordinates":[-108.1844,39.0554]},"properties":{"s":22.2,"pub":false}},{"type":"Feature","geometry":{"type":"Point","coordinates":[-108.1844,39.0612]},"properties":{"s":22.2,"pub":false}},{"type":"Feature","geometry":{"type":"Point","coordinates":[-108.1844,39.067]},"properties":{"s":22.2,"pub":false}},{"type":"Feature","geometry":{"type":"Point","coordinates":[-108.1844,39.0728]},"properties":{"s":22.2,"pub":false}},{"type":"Feature","geometry":{"type":"Point","coordinates":[-108.1844,39.0786]},"properties":{"s":51.9,"pub":false}},{"type":"Feature","geometry":{"type":"Point","coordinates":[-108.1844,39.0844]},"properties":{"s":51.9,"pub":false}},{"type":"Feature","geometry":{"type":"Point","coordinates":[-108.1844,39.0902]},"properties":{"s":55.6,"pub":false}},{"type":"Feature","geometry":{"type":"Point","coordinates":[-108.1844,39.096]},"properties":{"s":55.6,"pub":false}},{"type":"Feature","geometry":{"type":"Point","coordinates":[-108.1844,39.1018]},"properties":{"s":55.6,"pub":false}},{"type":"Feature","geometry":{"type":"Point","coordinates":[-108.1844,39.1076]},"properties":{"s":55.6,"pub":false}},{"type":"Feature","geometry":{"type":"Point","coordinates":[-108.1844,39.1134]},"properties":{"s":55.6,"pub":false}},{"type":"Feature","geometry":{"type":"Point","coordinates":[-108.1844,39.1192]},"properties":{"s":55.6,"pub":false}},{"type":"Feature","geometry":{"type":"Point","coordinates":[-108.1844,39.125]},"properties":{"s":25.9,"pub":false}},{"type":"Feature","geometry":{"type":"Point","coordinates":[-108.1844,39.1308]},"properties":{"s":25.9,"pub":false}},{"type":"Feature","geometry":{"type":"Point","coordinates":[-108.1844,39.1772]},"properties":{"s":85.2,"pub":false}},{"type":"Feature","geometry":{"type":"Point","coordinates":[-108.1844,39.183]},"properties":{"s":85.2,"pub":false}},{"type":"Feature","geometry":{"type":"Point","coordinates":[-108.1769,38.8988]},"properties":{"s":22.2,"pub":true}},{"type":"Feature","geometry":{"type":"Point","coordinates":[-108.1769,38.9046]},"properties":{"s":22.2,"pub":true}},{"type":"Feature","geometry":{"type":"Point","coordinates":[-108.1769,38.9104]},"properties":{"s":22.2,"pub":true}},{"type":"Feature","geometry":{"type":"Point","coordinates":[-108.1769,38.9162]},"properties":{"s":22.2,"pub":true}},{"type":"Feature","geometry":{"type":"Point","coordinates":[-108.1769,38.922]},"properties":{"s":51.9,"pub":true}},{"type":"Feature","geometry":{"type":"Point","coordinates":[-108.1769,38.9278]},"properties":{"s":51.9,"pub":true}},{"type":"Feature","geometry":{"type":"Point","coordinates":[-108.1769,38.9336]},"properties":{"s":55.6,"pub":true}},{"type":"Feature","geometry":{"type":"Point","coordinates":[-108.1769,38.9394]},"properties":{"s":55.6,"pub":true}},{"type":"Feature","geometry":{"type":"Point","coordinates":[-108.1769,38.9452]},"properties":{"s":55.6,"pub":true}},{"type":"Feature","geometry":{"type":"Point","coordinates":[-108.1769,38.951]},"properties":{"s":25.9,"pub":true}},{"type":"Feature","geometry":{"type":"Point","coordinates":[-108.1769,38.9568]},"properties":{"s":25.9,"pub":true}},{"type":"Feature","geometry":{"type":"Point","coordinates":[-108.1769,38.9626]},"properties":{"s":25.9,"pub":true}},{"type":"Feature","geometry":{"type":"Point","coordinates":[-108.1769,38.9684]},"properties":{"s":25.9,"pub":true}},{"type":"Feature","geometry":{"type":"Point","coordinates":[-108.1769,38.9858]},"properties":{"s":25.9,"pub":true}},{"type":"Feature","geometry":{"type":"Point","coordinates":[-108.1769,38.9916]},"properties":{"s":25.9,"pub":true}},{"type":"Feature","geometry":{"type":"Point","coordinates":[-108.1769,38.9974]},"properties":{"s":25.9,"pub":true}},{"type":"Feature","geometry":{"type":"Point","coordinates":[-108.1769,39.0032]},"properties":{"s":22.2,"pub":true}},{"type":"Feature","geometry":{"type":"Point","coordinates":[-108.1769,39.009]},"properties":{"s":66.7,"pub":true}},{"type":"Feature","geometry":{"type":"Point","coordinates":[-108.1769,39.0148]},"properties":{"s":66.7,"pub":true}},{"type":"Feature","geometry":{"type":"Point","coordinates":[-108.1769,39.0206]},"properties":{"s":66.7,"pub":true}},{"type":"Feature","geometry":{"type":"Point","coordinates":[-108.1769,39.0264]},"properties":{"s":66.7,"pub":true}},{"type":"Feature","geometry":{"type":"Point","coordinates":[-108.1769,39.0322]},"properties":{"s":66.7,"pub":true}},{"type":"Feature","geometry":{"type":"Point","coordinates":[-108.1769,39.038]},"properties":{"s":22.2,"pub":true}},{"type":"Feature","geometry":{"type":"Point","coordinates":[-108.1769,39.0438]},"properties":{"s":22.2,"pub":false}},{"type":"Feature","geometry":{"type":"Point","coordinates":[-108.1769,39.0496]},"properties":{"s":22.2,"pub":false}},{"type":"Feature","geometry":{"type":"Point","coordinates":[-108.1769,39.0554]},"properties":{"s":22.2,"pub":false}},{"type":"Feature","geometry":{"type":"Point","coordinates":[-108.1769,39.0612]},"properties":{"s":22.2,"pub":false}},{"type":"Feature","geometry":{"type":"Point","coordinates":[-108.1769,39.067]},"properties":{"s":22.2,"pub":false}},{"type":"Feature","geometry":{"type":"Point","coordinates":[-108.1769,39.0728]},"properties":{"s":51.9,"pub":false}},{"type":"Feature","geometry":{"type":"Point","coordinates":[-108.1769,39.0786]},"properties":{"s":51.9,"pub":false}},{"type":"Feature","geometry":{"type":"Point","coordinates":[-108.1769,39.0844]},"properties":{"s":55.6,"pub":false}},{"type":"Feature","geometry":{"type":"Point","coordinates":[-108.1769,39.0902]},"properties":{"s":55.6,"pub":false}},{"type":"Feature","geometry":{"type":"Point","coordinates":[-108.1769,39.096]},"properties":{"s":55.6,"pub":false}},{"type":"Feature","geometry":{"type":"Point","coordinates":[-108.1769,39.1018]},"properties":{"s":55.6,"pub":false}},{"type":"Feature","geometry":{"type":"Point","coordinates":[-108.1769,39.1076]},"properties":{"s":55.6,"pub":false}},{"type":"Feature","geometry":{"type":"Point","coordinates":[-108.1769,39.1134]},"properties":{"s":55.6,"pub":false}},{"type":"Feature","geometry":{"type":"Point","coordinates":[-108.1769,39.1192]},"properties":{"s":55.6,"pub":false}},{"type":"Feature","geometry":{"type":"Point","coordinates":[-108.1769,39.125]},"properties":{"s":25.9,"pub":true}},{"type":"Feature","geometry":{"type":"Point","coordinates":[-108.1769,39.1308]},"properties":{"s":25.9,"pub":true}},{"type":"Feature","geometry":{"type":"Point","coordinates":[-108.1769,39.1656]},"properties":{"s":77.8,"pub":false}},{"type":"Feature","geometry":{"type":"Point","coordinates":[-108.1769,39.1714]},"properties":{"s":77.8,"pub":true}},{"type":"Feature","geometry":{"type":"Point","coordinates":[-108.1769,39.1772]},"properties":{"s":85.2,"pub":false}},{"type":"Feature","geometry":{"type":"Point","coordinates":[-108.1769,39.183]},"properties":{"s":85.2,"pub":false}},{"type":"Feature","geometry":{"type":"Point","coordinates":[-108.1694,38.9046]},"properties":{"s":22.2,"pub":true}},{"type":"Feature","geometry":{"type":"Point","coordinates":[-108.1694,38.9104]},"properties":{"s":22.2,"pub":true}},{"type":"Feature","geometry":{"type":"Point","coordinates":[-108.1694,38.9162]},"properties":{"s":22.2,"pub":true}},{"type":"Feature","geometry":{"type":"Point","coordinates":[-108.1694,38.922]},"properties":{"s":22.2,"pub":true}},{"type":"Feature","geometry":{"type":"Point","coordinates":[-108.1694,38.9278]},"properties":{"s":96.3,"pub":true}},{"type":"Feature","geometry":{"type":"Point","coordinates":[-108.1694,38.9336]},"properties":{"s":96.3,"pub":true}},{"type":"Feature","geometry":{"type":"Point","coordinates":[-108.1694,38.9394]},"properties":{"s":100.0,"pub":true}},{"type":"Feature","geometry":{"type":"Point","coordinates":[-108.1694,38.9452]},"properties":{"s":100.0,"pub":true}},{"type":"Feature","geometry":{"type":"Point","coordinates":[-108.1694,38.951]},"properties":{"s":55.6,"pub":true}},{"type":"Feature","geometry":{"type":"Point","coordinates":[-108.1694,38.9568]},"properties":{"s":55.6,"pub":true}},{"type":"Feature","geometry":{"type":"Point","coordinates":[-108.1694,38.9626]},"properties":{"s":25.9,"pub":true}},{"type":"Feature","geometry":{"type":"Point","coordinates":[-108.1694,38.9684]},"properties":{"s":25.9,"pub":true}},{"type":"Feature","geometry":{"type":"Point","coordinates":[-108.1694,38.9858]},"properties":{"s":25.9,"pub":true}},{"type":"Feature","geometry":{"type":"Point","coordinates":[-108.1694,38.9916]},"properties":{"s":25.9,"pub":true}},{"type":"Feature","geometry":{"type":"Point","coordinates":[-108.1694,38.9974]},"properties":{"s":25.9,"pub":true}},{"type":"Feature","geometry":{"type":"Point","coordinates":[-108.1694,39.0032]},"properties":{"s":22.2,"pub":true}},{"type":"Feature","geometry":{"type":"Point","coordinates":[-108.1694,39.009]},"properties":{"s":66.7,"pub":true}},{"type":"Feature","geometry":{"type":"Point","coordinates":[-108.1694,39.0148]},"properties":{"s":66.7,"pub":true}},{"type":"Feature","geometry":{"type":"Point","coordinates":[-108.1694,39.0206]},"properties":{"s":66.7,"pub":true}},{"type":"Feature","geometry":{"type":"Point","coordinates":[-108.1694,39.0264]},"properties":{"s":66.7,"pub":true}},{"type":"Feature","geometry":{"type":"Point","coordinates":[-108.1694,39.0322]},"properties":{"s":66.7,"pub":true}},{"type":"Feature","geometry":{"type":"Point","coordinates":[-108.1694,39.038]},"properties":{"s":22.2,"pub":true}},{"type":"Feature","geometry":{"type":"Point","coordinates":[-108.1694,39.0438]},"properties":{"s":22.2,"pub":true}},{"type":"Feature","geometry":{"type":"Point","coordinates":[-108.1694,39.0496]},"properties":{"s":22.2,"pub":true}},{"type":"Feature","geometry":{"type":"Point","coordinates":[-108.1694,39.0554]},"properties":{"s":22.2,"pub":true}},{"type":"Feature","geometry":{"type":"Point","coordinates":[-108.1694,39.0612]},"properties":{"s":22.2,"pub":true}},{"type":"Feature","geometry":{"type":"Point","coordinates":[-108.1694,39.067]},"properties":{"s":22.2,"pub":true}},{"type":"Feature","geometry":{"type":"Point","coordinates":[-108.1694,39.0728]},"properties":{"s":51.9,"pub":false}},{"type":"Feature","geometry":{"type":"Point","coordinates":[-108.1694,39.0786]},"properties":{"s":51.9,"pub":false}},{"type":"Feature","geometry":{"type":"Point","coordinates":[-108.1694,39.0844]},"properties":{"s":55.6,"pub":false}},{"type":"Feature","geometry":{"type":"Point","coordinates":[-108.1694,39.0902]},"properties":{"s":55.6,"pub":false}},{"type":"Feature","geometry":{"type":"Point","coordinates":[-108.1694,39.096]},"properties":{"s":55.6,"pub":false}},{"type":"Feature","geometry":{"type":"Point","coordinates":[-108.1694,39.1018]},"properties":{"s":55.6,"pub":false}},{"type":"Feature","geometry":{"type":"Point","coordinates":[-108.1694,39.1076]},"properties":{"s":55.6,"pub":false}},{"type":"Feature","geometry":{"type":"Point","coordinates":[-108.1694,39.1134]},"properties":{"s":55.6,"pub":false}},{"type":"Feature","geometry":{"type":"Point","coordinates":[-108.1694,39.1192]},"properties":{"s":25.9,"pub":false}},{"type":"Feature","geometry":{"type":"Point","coordinates":[-108.1694,39.125]},"properties":{"s":25.9,"pub":false}},{"type":"Feature","geometry":{"type":"Point","coordinates":[-108.1694,39.1308]},"properties":{"s":25.9,"pub":false}},{"type":"Feature","geometry":{"type":"Point","coordinates":[-108.1694,39.1714]},"properties":{"s":77.8,"pub":false}},{"type":"Feature","geometry":{"type":"Point","coordinates":[-108.1694,39.1772]},"properties":{"s":85.2,"pub":true}},{"type":"Feature","geometry":{"type":"Point","coordinates":[-108.1619,38.9046]},"properties":{"s":22.2,"pub":true}},{"type":"Feature","geometry":{"type":"Point","coordinates":[-108.1619,38.9104]},"properties":{"s":22.2,"pub":true}},{"type":"Feature","geometry":{"type":"Point","coordinates":[-108.1619,38.9162]},"properties":{"s":22.2,"pub":true}},{"type":"Feature","geometry":{"type":"Point","coordinates":[-108.1619,38.922]},"properties":{"s":22.2,"pub":true}},{"type":"Feature","geometry":{"type":"Point","coordinates":[-108.1619,38.9278]},"properties":{"s":22.2,"pub":true}},{"type":"Feature","geometry":{"type":"Point","coordinates":[-108.1619,38.9336]},"properties":{"s":66.7,"pub":true}},{"type":"Feature","geometry":{"type":"Point","coordinates":[-108.1619,38.9394]},"properties":{"s":96.3,"pub":true}},{"type":"Feature","geometry":{"type":"Point","coordinates":[-108.1619,38.9452]},"properties":{"s":96.3,"pub":true}},{"type":"Feature","geometry":{"type":"Point","coordinates":[-108.1619,38.951]},"properties":{"s":55.6,"pub":true}},{"type":"Feature","geometry":{"type":"Point","coordinates":[-108.1619,38.9568]},"properties":{"s":55.6,"pub":true}},{"type":"Feature","geometry":{"type":"Point","coordinates":[-108.1619,38.9626]},"properties":{"s":55.6,"pub":true}},{"type":"Feature","geometry":{"type":"Point","coordinates":[-108.1619,38.9684]},"properties":{"s":25.9,"pub":true}},{"type":"Feature","geometry":{"type":"Point","coordinates":[-108.1619,38.9742]},"properties":{"s":25.9,"pub":true}},{"type":"Feature","geometry":{"type":"Point","coordinates":[-108.1619,38.9858]},"properties":{"s":25.9,"pub":true}},{"type":"Feature","geometry":{"type":"Point","coordinates":[-108.1619,38.9916]},"properties":{"s":25.9,"pub":true}},{"type":"Feature","geometry":{"type":"Point","coordinates":[-108.1619,38.9974]},"properties":{"s":25.9,"pub":true}},{"type":"Feature","geometry":{"type":"Point","coordinates":[-108.1619,39.0032]},"properties":{"s":22.2,"pub":true}},{"type":"Feature","geometry":{"type":"Point","coordinates":[-108.1619,39.009]},"properties":{"s":66.7,"pub":true}},{"type":"Feature","geometry":{"type":"Point","coordinates":[-108.1619,39.0148]},"properties":{"s":66.7,"pub":true}},{"type":"Feature","geometry":{"type":"Point","coordinates":[-108.1619,39.0206]},"properties":{"s":66.7,"pub":true}},{"type":"Feature","geometry":{"type":"Point","coordinates":[-108.1619,39.0264]},"properties":{"s":66.7,"pub":true}},{"type":"Feature","geometry":{"type":"Point","coordinates":[-108.1619,39.0322]},"properties":{"s":66.7,"pub":true}},{"type":"Feature","geometry":{"type":"Point","coordinates":[-108.1619,39.038]},"properties":{"s":22.2,"pub":true}},{"type":"Feature","geometry":{"type":"Point","coordinates":[-108.1619,39.0438]},"properties":{"s":22.2,"pub":true}},{"type":"Feature","geometry":{"type":"Point","coordinates":[-108.1619,39.0496]},"properties":{"s":22.2,"pub":true}},{"type":"Feature","geometry":{"type":"Point","coordinates":[-108.1619,39.0554]},"properties":{"s":22.2,"pub":true}},{"type":"Feature","geometry":{"type":"Point","coordinates":[-108.1619,39.0612]},"properties":{"s":22.2,"pub":true}},{"type":"Feature","geometry":{"type":"Point","coordinates":[-108.1619,39.067]},"properties":{"s":22.2,"pub":true}},{"type":"Feature","geometry":{"type":"Point","coordinates":[-108.1619,39.0728]},"properties":{"s":51.9,"pub":false}},{"type":"Feature","geometry":{"type":"Point","coordinates":[-108.1619,39.0786]},"properties":{"s":55.6,"pub":false}},{"type":"Feature","geometry":{"type":"Point","coordinates":[-108.1619,39.0844]},"properties":{"s":55.6,"pub":false}},{"type":"Feature","geometry":{"type":"Point","coordinates":[-108.1619,39.0902]},"properties":{"s":55.6,"pub":false}},{"type":"Feature","geometry":{"type":"Point","coordinates":[-108.1619,39.096]},"properties":{"s":55.6,"pub":false}},{"type":"Feature","geometry":{"type":"Point","coordinates":[-108.1619,39.1018]},"properties":{"s":55.6,"pub":false}},{"type":"Feature","geometry":{"type":"Point","coordinates":[-108.1619,39.1076]},"properties":{"s":55.6,"pub":false}},{"type":"Feature","geometry":{"type":"Point","coordinates":[-108.1619,39.1134]},"properties":{"s":25.9,"pub":false}},{"type":"Feature","geometry":{"type":"Point","coordinates":[-108.1619,39.1192]},"properties":{"s":25.9,"pub":false}},{"type":"Feature","geometry":{"type":"Point","coordinates":[-108.1619,39.125]},"properties":{"s":25.9,"pub":false}},{"type":"Feature","geometry":{"type":"Point","coordinates":[-108.1619,39.1308]},"properties":{"s":25.9,"pub":false}},{"type":"Feature","geometry":{"type":"Point","coordinates":[-108.1619,39.1772]},"properties":{"s":85.2,"pub":false}},{"type":"Feature","geometry":{"type":"Point","coordinates":[-108.1544,38.9046]},"properties":{"s":22.2,"pub":true}},{"type":"Feature","geometry":{"type":"Point","coordinates":[-108.1544,38.9104]},"properties":{"s":22.2,"pub":true}},{"type":"Feature","geometry":{"type":"Point","coordinates":[-108.1544,38.9162]},"properties":{"s":22.2,"pub":true}},{"type":"Feature","geometry":{"type":"Point","coordinates":[-108.1544,38.922]},"properties":{"s":22.2,"pub":true}},{"type":"Feature","geometry":{"type":"Point","coordinates":[-108.1544,38.9278]},"properties":{"s":22.2,"pub":true}},{"type":"Feature","geometry":{"type":"Point","coordinates":[-108.1544,38.9336]},"properties":{"s":66.7,"pub":true}},{"type":"Feature","geometry":{"type":"Point","coordinates":[-108.1544,38.9394]},"properties":{"s":66.7,"pub":true}},{"type":"Feature","geometry":{"type":"Point","coordinates":[-108.1544,38.9452]},"properties":{"s":96.3,"pub":true}},{"type":"Feature","geometry":{"type":"Point","coordinates":[-108.1544,38.951]},"properties":{"s":96.3,"pub":true}},{"type":"Feature","geometry":{"type":"Point","coordinates":[-108.1544,38.9568]},"properties":{"s":55.6,"pub":true}},{"type":"Feature","geometry":{"type":"Point","coordinates":[-108.1544,38.9626]},"properties":{"s":55.6,"pub":true}},{"type":"Feature","geometry":{"type":"Point","coordinates":[-108.1544,38.9684]},"properties":{"s":25.9,"pub":true}},{"type":"Feature","geometry":{"type":"Point","coordinates":[-108.1544,38.9742]},"properties":{"s":25.9,"pub":true}},{"type":"Feature","geometry":{"type":"Point","coordinates":[-108.1544,38.9858]},"properties":{"s":25.9,"pub":true}},{"type":"Feature","geometry":{"type":"Point","coordinates":[-108.1544,38.9916]},"properties":{"s":25.9,"pub":true}},{"type":"Feature","geometry":{"type":"Point","coordinates":[-108.1544,38.9974]},"properties":{"s":25.9,"pub":true}},{"type":"Feature","geometry":{"type":"Point","coordinates":[-108.1544,39.0032]},"properties":{"s":22.2,"pub":true}},{"type":"Feature","geometry":{"type":"Point","coordinates":[-108.1544,39.009]},"properties":{"s":22.2,"pub":true}},{"type":"Feature","geometry":{"type":"Point","coordinates":[-108.1544,39.0148]},"properties":{"s":66.7,"pub":true}},{"type":"Feature","geometry":{"type":"Point","coordinates":[-108.1544,39.0206]},"properties":{"s":66.7,"pub":true}},{"type":"Feature","geometry":{"type":"Point","coordinates":[-108.1544,39.0264]},"properties":{"s":66.7,"pub":true}},{"type":"Feature","geometry":{"type":"Point","coordinates":[-108.1544,39.0322]},"properties":{"s":66.7,"pub":true}},{"type":"Feature","geometry":{"type":"Point","coordinates":[-108.1544,39.038]},"properties":{"s":22.2,"pub":true}},{"type":"Feature","geometry":{"type":"Point","coordinates":[-108.1544,39.0438]},"properties":{"s":22.2,"pub":true}},{"type":"Feature","geometry":{"type":"Point","coordinates":[-108.1544,39.0496]},"properties":{"s":22.2,"pub":true}},{"type":"Feature","geometry":{"type":"Point","coordinates":[-108.1544,39.0554]},"properties":{"s":22.2,"pub":true}},{"type":"Feature","geometry":{"type":"Point","coordinates":[-108.1544,39.0612]},"properties":{"s":22.2,"pub":true}},{"type":"Feature","geometry":{"type":"Point","coordinates":[-108.1544,39.067]},"properties":{"s":22.2,"pub":true}},{"type":"Feature","geometry":{"type":"Point","coordinates":[-108.1544,39.0728]},"properties":{"s":51.9,"pub":false}},{"type":"Feature","geometry":{"type":"Point","coordinates":[-108.1544,39.0786]},"properties":{"s":55.6,"pub":false}},{"type":"Feature","geometry":{"type":"Point","coordinates":[-108.1544,39.0844]},"properties":{"s":55.6,"pub":false}},{"type":"Feature","geometry":{"type":"Point","coordinates":[-108.1544,39.0902]},"properties":{"s":55.6,"pub":false}},{"type":"Feature","geometry":{"type":"Point","coordinates":[-108.1544,39.096]},"properties":{"s":55.6,"pub":false}},{"type":"Feature","geometry":{"type":"Point","coordinates":[-108.1544,39.1018]},"properties":{"s":55.6,"pub":false}},{"type":"Feature","geometry":{"type":"Point","coordinates":[-108.1544,39.1076]},"properties":{"s":25.9,"pub":false}},{"type":"Feature","geometry":{"type":"Point","coordinates":[-108.1544,39.1134]},"properties":{"s":25.9,"pub":false}},{"type":"Feature","geometry":{"type":"Point","coordinates":[-108.1544,39.1192]},"properties":{"s":25.9,"pub":false}},{"type":"Feature","geometry":{"type":"Point","coordinates":[-108.1544,39.125]},"properties":{"s":25.9,"pub":false}},{"type":"Feature","geometry":{"type":"Point","coordinates":[-108.1544,39.1308]},"properties":{"s":25.9,"pub":false}},{"type":"Feature","geometry":{"type":"Point","coordinates":[-108.1469,38.9104]},"properties":{"s":22.2,"pub":true}},{"type":"Feature","geometry":{"type":"Point","coordinates":[-108.1469,38.9162]},"properties":{"s":22.2,"pub":true}},{"type":"Feature","geometry":{"type":"Point","coordinates":[-108.1469,38.922]},"properties":{"s":22.2,"pub":true}},{"type":"Feature","geometry":{"type":"Point","coordinates":[-108.1469,38.9278]},"properties":{"s":22.2,"pub":true}},{"type":"Feature","geometry":{"type":"Point","coordinates":[-108.1469,38.9336]},"properties":{"s":66.7,"pub":true}},{"type":"Feature","geometry":{"type":"Point","coordinates":[-108.1469,38.9394]},"properties":{"s":66.7,"pub":true}},{"type":"Feature","geometry":{"type":"Point","coordinates":[-108.1469,38.9452]},"properties":{"s":66.7,"pub":true}},{"type":"Feature","geometry":{"type":"Point","coordinates":[-108.1469,38.951]},"properties":{"s":96.3,"pub":true}},{"type":"Feature","geometry":{"type":"Point","coordinates":[-108.1469,38.9568]},"properties":{"s":96.3,"pub":true}},{"type":"Feature","geometry":{"type":"Point","coordinates":[-108.1469,38.9626]},"properties":{"s":100.0,"pub":true}},{"type":"Feature","geometry":{"type":"Point","coordinates":[-108.1469,38.9684]},"properties":{"s":55.6,"pub":true}},{"type":"Feature","geometry":{"type":"Point","coordinates":[-108.1469,38.9742]},"properties":{"s":25.9,"pub":true}},{"type":"Feature","geometry":{"type":"Point","coordinates":[-108.1469,38.9858]},"properties":{"s":25.9,"pub":true}},{"type":"Feature","geometry":{"type":"Point","coordinates":[-108.1469,38.9916]},"properties":{"s":25.9,"pub":true}},{"type":"Feature","geometry":{"type":"Point","coordinates":[-108.1469,38.9974]},"properties":{"s":55.6,"pub":true}},{"type":"Feature","geometry":{"type":"Point","coordinates":[-108.1469,39.0032]},"properties":{"s":22.2,"pub":true}},{"type":"Feature","geometry":{"type":"Point","coordinates":[-108.1469,39.009]},"properties":{"s":22.2,"pub":true}},{"type":"Feature","geometry":{"type":"Point","coordinates":[-108.1469,39.0148]},"properties":{"s":66.7,"pub":true}},{"type":"Feature","geometry":{"type":"Point","coordinates":[-108.1469,39.0206]},"properties":{"s":66.7,"pub":true}},{"type":"Feature","geometry":{"type":"Point","coordinates":[-108.1469,39.0264]},"properties":{"s":66.7,"pub":true}},{"type":"Feature","geometry":{"type":"Point","coordinates":[-108.1469,39.0322]},"properties":{"s":66.7,"pub":true}},{"type":"Feature","geometry":{"type":"Point","coordinates":[-108.1469,39.038]},"properties":{"s":22.2,"pub":true}},{"type":"Feature","geometry":{"type":"Point","coordinates":[-108.1469,39.0438]},"properties":{"s":22.2,"pub":true}},{"type":"Feature","geometry":{"type":"Point","coordinates":[-108.1469,39.0496]},"properties":{"s":22.2,"pub":true}},{"type":"Feature","geometry":{"type":"Point","coordinates":[-108.1469,39.0554]},"properties":{"s":22.2,"pub":true}},{"type":"Feature","geometry":{"type":"Point","coordinates":[-108.1469,39.0612]},"properties":{"s":22.2,"pub":true}},{"type":"Feature","geometry":{"type":"Point","coordinates":[-108.1469,39.067]},"properties":{"s":22.2,"pub":true}},{"type":"Feature","geometry":{"type":"Point","coordinates":[-108.1469,39.0728]},"properties":{"s":51.9,"pub":false}},{"type":"Feature","geometry":{"type":"Point","coordinates":[-108.1469,39.0786]},"properties":{"s":55.6,"pub":false}},{"type":"Feature","geometry":{"type":"Point","coordinates":[-108.1469,39.0844]},"properties":{"s":55.6,"pub":false}},{"type":"Feature","geometry":{"type":"Point","coordinates":[-108.1469,39.0902]},"properties":{"s":55.6,"pub":false}},{"type":"Feature","geometry":{"type":"Point","coordinates":[-108.1469,39.096]},"properties":{"s":55.6,"pub":false}},{"type":"Feature","geometry":{"type":"Point","coordinates":[-108.1469,39.1018]},"properties":{"s":25.9,"pub":false}},{"type":"Feature","geometry":{"type":"Point","coordinates":[-108.1469,39.1076]},"properties":{"s":25.9,"pub":false}},{"type":"Feature","geometry":{"type":"Point","coordinates":[-108.1469,39.1134]},"properties":{"s":25.9,"pub":false}},{"type":"Feature","geometry":{"type":"Point","coordinates":[-108.1469,39.1192]},"properties":{"s":25.9,"pub":false}},{"type":"Feature","geometry":{"type":"Point","coordinates":[-108.1469,39.125]},"properties":{"s":25.9,"pub":false}},{"type":"Feature","geometry":{"type":"Point","coordinates":[-108.1394,38.9278]},"properties":{"s":66.7,"pub":true}},{"type":"Feature","geometry":{"type":"Point","coordinates":[-108.1394,38.9336]},"properties":{"s":66.7,"pub":true}},{"type":"Feature","geometry":{"type":"Point","coordinates":[-108.1394,38.9394]},"properties":{"s":66.7,"pub":true}},{"type":"Feature","geometry":{"type":"Point","coordinates":[-108.1394,38.9452]},"properties":{"s":66.7,"pub":true}},{"type":"Feature","geometry":{"type":"Point","coordinates":[-108.1394,38.951]},"properties":{"s":66.7,"pub":true}},{"type":"Feature","geometry":{"type":"Point","coordinates":[-108.1394,38.9568]},"properties":{"s":96.3,"pub":true}},{"type":"Feature","geometry":{"type":"Point","coordinates":[-108.1394,38.9626]},"properties":{"s":100.0,"pub":true}},{"type":"Feature","geometry":{"type":"Point","coordinates":[-108.1394,38.9684]},"properties":{"s":100.0,"pub":true}},{"type":"Feature","geometry":{"type":"Point","coordinates":[-108.1394,38.9742]},"properties":{"s":55.6,"pub":true}},{"type":"Feature","geometry":{"type":"Point","coordinates":[-108.1394,38.98]},"properties":{"s":55.6,"pub":true}},{"type":"Feature","geometry":{"type":"Point","coordinates":[-108.1394,38.9858]},"properties":{"s":25.9,"pub":true}},{"type":"Feature","geometry":{"type":"Point","coordinates":[-108.1394,38.9916]},"properties":{"s":55.6,"pub":true}},{"type":"Feature","geometry":{"type":"Point","coordinates":[-108.1394,38.9974]},"properties":{"s":51.9,"pub":true}},{"type":"Feature","geometry":{"type":"Point","coordinates":[-108.1394,39.0032]},"properties":{"s":22.2,"pub":true}},{"type":"Feature","geometry":{"type":"Point","coordinates":[-108.1394,39.009]},"properties":{"s":22.2,"pub":true}},{"type":"Feature","geometry":{"type":"Point","coordinates":[-108.1394,39.0148]},"properties":{"s":22.2,"pub":true}},{"type":"Feature","geometry":{"type":"Point","coordinates":[-108.1394,39.0206]},"properties":{"s":22.2,"pub":true}},{"type":"Feature","geometry":{"type":"Point","coordinates":[-108.1394,39.0264]},"properties":{"s":66.7,"pub":true}},{"type":"Feature","geometry":{"type":"Point","coordinates":[-108.1394,39.0322]},"properties":{"s":22.2,"pub":true}},{"type":"Feature","geometry":{"type":"Point","coordinates":[-108.1394,39.038]},"properties":{"s":22.2,"pub":true}},{"type":"Feature","geometry":{"type":"Point","coordinates":[-108.1394,39.0438]},"properties":{"s":22.2,"pub":true}},{"type":"Feature","geometry":{"type":"Point","coordinates":[-108.1394,39.0496]},"properties":{"s":22.2,"pub":true}},{"type":"Feature","geometry":{"type":"Point","coordinates":[-108.1394,39.0554]},"properties":{"s":22.2,"pub":true}},{"type":"Feature","geometry":{"type":"Point","coordinates":[-108.1394,39.0612]},"properties":{"s":22.2,"pub":true}},{"type":"Feature","geometry":{"type":"Point","coordinates":[-108.1394,39.067]},"properties":{"s":22.2,"pub":true}},{"type":"Feature","geometry":{"type":"Point","coordinates":[-108.1394,39.0786]},"properties":{"s":55.6,"pub":false}},{"type":"Feature","geometry":{"type":"Point","coordinates":[-108.1394,39.0844]},"properties":{"s":55.6,"pub":false}},{"type":"Feature","geometry":{"type":"Point","coordinates":[-108.1394,39.0902]},"properties":{"s":55.6,"pub":false}},{"type":"Feature","geometry":{"type":"Point","coordinates":[-108.1394,39.096]},"properties":{"s":25.9,"pub":false}},{"type":"Feature","geometry":{"type":"Point","coordinates":[-108.1394,39.1018]},"properties":{"s":25.9,"pub":false}},{"type":"Feature","geometry":{"type":"Point","coordinates":[-108.1394,39.1076]},"properties":{"s":25.9,"pub":false}},{"type":"Feature","geometry":{"type":"Point","coordinates":[-108.1394,39.1192]},"properties":{"s":25.9,"pub":false}},{"type":"Feature","geometry":{"type":"Point","coordinates":[-108.1319,38.9278]},"properties":{"s":66.7,"pub":true}},{"type":"Feature","geometry":{"type":"Point","coordinates":[-108.1319,38.9336]},"properties":{"s":66.7,"pub":true}},{"type":"Feature","geometry":{"type":"Point","coordinates":[-108.1319,38.9394]},"properties":{"s":66.7,"pub":true}},{"type":"Feature","geometry":{"type":"Point","coordinates":[-108.1319,38.9452]},"properties":{"s":66.7,"pub":true}},{"type":"Feature","geometry":{"type":"Point","coordinates":[-108.1319,38.951]},"properties":{"s":66.7,"pub":true}},{"type":"Feature","geometry":{"type":"Point","coordinates":[-108.1319,38.9568]},"properties":{"s":66.7,"pub":true}},{"type":"Feature","geometry":{"type":"Point","coordinates":[-108.1319,38.9626]},"properties":{"s":66.7,"pub":true}},{"type":"Feature","geometry":{"type":"Point","coordinates":[-108.1319,38.9684]},"properties":{"s":96.3,"pub":true}},{"type":"Feature","geometry":{"type":"Point","coordinates":[-108.1319,38.9742]},"properties":{"s":100.0,"pub":true}},{"type":"Feature","geometry":{"type":"Point","coordinates":[-108.1319,38.98]},"properties":{"s":55.6,"pub":true}},{"type":"Feature","geometry":{"type":"Point","coordinates":[-108.1319,38.9858]},"properties":{"s":55.6,"pub":true}},{"type":"Feature","geometry":{"type":"Point","coordinates":[-108.1319,38.9916]},"properties":{"s":51.9,"pub":true}},{"type":"Feature","geometry":{"type":"Point","coordinates":[-108.1319,38.9974]},"properties":{"s":22.2,"pub":true}},{"type":"Feature","geometry":{"type":"Point","coordinates":[-108.1319,39.0032]},"properties":{"s":22.2,"pub":true}},{"type":"Feature","geometry":{"type":"Point","coordinates":[-108.1319,39.009]},"properties":{"s":22.2,"pub":true}},{"type":"Feature","geometry":{"type":"Point","coordinates":[-108.1319,39.0148]},"properties":{"s":22.2,"pub":true}},{"type":"Feature","geometry":{"type":"Point","coordinates":[-108.1319,39.0206]},"properties":{"s":22.2,"pub":true}},{"type":"Feature","geometry":{"type":"Point","coordinates":[-108.1319,39.0264]},"properties":{"s":22.2,"pub":true}},{"type":"Feature","geometry":{"type":"Point","coordinates":[-108.1319,39.0322]},"properties":{"s":22.2,"pub":true}},{"type":"Feature","geometry":{"type":"Point","coordinates":[-108.1319,39.038]},"properties":{"s":22.2,"pub":true}},{"type":"Feature","geometry":{"type":"Point","coordinates":[-108.1319,39.0438]},"properties":{"s":22.2,"pub":true}},{"type":"Feature","geometry":{"type":"Point","coordinates":[-108.1319,39.0496]},"properties":{"s":22.2,"pub":true}},{"type":"Feature","geometry":{"type":"Point","coordinates":[-108.1319,39.0554]},"properties":{"s":22.2,"pub":true}},{"type":"Feature","geometry":{"type":"Point","coordinates":[-108.1319,39.0612]},"properties":{"s":22.2,"pub":true}},{"type":"Feature","geometry":{"type":"Point","coordinates":[-108.1319,39.067]},"properties":{"s":22.2,"pub":true}},{"type":"Feature","geometry":{"type":"Point","coordinates":[-108.1319,39.0844]},"properties":{"s":55.6,"pub":false}},{"type":"Feature","geometry":{"type":"Point","coordinates":[-108.1319,39.0902]},"properties":{"s":55.6,"pub":false}},{"type":"Feature","geometry":{"type":"Point","coordinates":[-108.1319,39.096]},"properties":{"s":25.9,"pub":false}},{"type":"Feature","geometry":{"type":"Point","coordinates":[-108.1244,38.9278]},"properties":{"s":66.7,"pub":true}},{"type":"Feature","geometry":{"type":"Point","coordinates":[-108.1244,38.9336]},"properties":{"s":66.7,"pub":true}},{"type":"Feature","geometry":{"type":"Point","coordinates":[-108.1244,38.9394]},"properties":{"s":66.7,"pub":true}},{"type":"Feature","geometry":{"type":"Point","coordinates":[-108.1244,38.9452]},"properties":{"s":66.7,"pub":true}},{"type":"Feature","geometry":{"type":"Point","coordinates":[-108.1244,38.951]},"properties":{"s":66.7,"pub":true}},{"type":"Feature","geometry":{"type":"Point","coordinates":[-108.1244,38.9568]},"properties":{"s":66.7,"pub":true}},{"type":"Feature","geometry":{"type":"Point","coordinates":[-108.1244,38.9626]},"properties":{"s":66.7,"pub":true}},{"type":"Feature","geometry":{"type":"Point","coordinates":[-108.1244,38.9684]},"properties":{"s":66.7,"pub":true}},{"type":"Feature","geometry":{"type":"Point","coordinates":[-108.1244,38.9742]},"properties":{"s":66.7,"pub":true}},{"type":"Feature","geometry":{"type":"Point","coordinates":[-108.1244,38.98]},"properties":{"s":22.2,"pub":true}},{"type":"Feature","geometry":{"type":"Point","coordinates":[-108.1244,38.9858]},"properties":{"s":51.9,"pub":true}},{"type":"Feature","geometry":{"type":"Point","coordinates":[-108.1244,38.9916]},"properties":{"s":51.9,"pub":true}},{"type":"Feature","geometry":{"type":"Point","coordinates":[-108.1244,38.9974]},"properties":{"s":22.2,"pub":true}},{"type":"Feature","geometry":{"type":"Point","coordinates":[-108.1244,39.0032]},"properties":{"s":22.2,"pub":true}},{"type":"Feature","geometry":{"type":"Point","coordinates":[-108.1244,39.009]},"properties":{"s":22.2,"pub":true}},{"type":"Feature","geometry":{"type":"Point","coordinates":[-108.1244,39.0148]},"properties":{"s":22.2,"pub":true}},{"type":"Feature","geometry":{"type":"Point","coordinates":[-108.1244,39.0206]},"properties":{"s":22.2,"pub":true}},{"type":"Feature","geometry":{"type":"Point","coordinates":[-108.1244,39.0264]},"properties":{"s":22.2,"pub":true}},{"type":"Feature","geometry":{"type":"Point","coordinates":[-108.1244,39.0322]},"properties":{"s":22.2,"pub":true}},{"type":"Feature","geometry":{"type":"Point","coordinates":[-108.1244,39.038]},"properties":{"s":22.2,"pub":true}},{"type":"Feature","geometry":{"type":"Point","coordinates":[-108.1244,39.0438]},"properties":{"s":22.2,"pub":true}},{"type":"Feature","geometry":{"type":"Point","coordinates":[-108.1244,39.0496]},"properties":{"s":22.2,"pub":true}},{"type":"Feature","geometry":{"type":"Point","coordinates":[-108.1244,39.0554]},"properties":{"s":22.2,"pub":true}},{"type":"Feature","geometry":{"type":"Point","coordinates":[-108.1244,39.0612]},"properties":{"s":22.2,"pub":true}},{"type":"Feature","geometry":{"type":"Point","coordinates":[-108.1244,39.067]},"properties":{"s":22.2,"pub":true}},{"type":"Feature","geometry":{"type":"Point","coordinates":[-108.1244,39.096]},"properties":{"s":25.9,"pub":false}},{"type":"Feature","geometry":{"type":"Point","coordinates":[-108.1169,38.9336]},"properties":{"s":66.7,"pub":true}},{"type":"Feature","geometry":{"type":"Point","coordinates":[-108.1169,38.9394]},"properties":{"s":66.7,"pub":true}},{"type":"Feature","geometry":{"type":"Point","coordinates":[-108.1169,38.9452]},"properties":{"s":66.7,"pub":true}},{"type":"Feature","geometry":{"type":"Point","coordinates":[-108.1169,38.951]},"properties":{"s":66.7,"pub":true}},{"type":"Feature","geometry":{"type":"Point","coordinates":[-108.1169,38.9568]},"properties":{"s":66.7,"pub":true}},{"type":"Feature","geometry":{"type":"Point","coordinates":[-108.1169,38.9626]},"properties":{"s":66.7,"pub":true}},{"type":"Feature","geometry":{"type":"Point","coordinates":[-108.1169,38.9684]},"properties":{"s":66.7,"pub":true}},{"type":"Feature","geometry":{"type":"Point","coordinates":[-108.1169,38.9742]},"properties":{"s":66.7,"pub":true}},{"type":"Feature","geometry":{"type":"Point","coordinates":[-108.1169,38.98]},"properties":{"s":66.7,"pub":true}},{"type":"Feature","geometry":{"type":"Point","coordinates":[-108.1169,38.9858]},"properties":{"s":22.2,"pub":true}},{"type":"Feature","geometry":{"type":"Point","coordinates":[-108.1169,38.9916]},"properties":{"s":22.2,"pub":true}},{"type":"Feature","geometry":{"type":"Point","coordinates":[-108.1169,38.9974]},"properties":{"s":22.2,"pub":true}},{"type":"Feature","geometry":{"type":"Point","coordinates":[-108.1169,39.0032]},"properties":{"s":22.2,"pub":true}},{"type":"Feature","geometry":{"type":"Point","coordinates":[-108.1169,39.009]},"properties":{"s":22.2,"pub":true}},{"type":"Feature","geometry":{"type":"Point","coordinates":[-108.1169,39.0148]},"properties":{"s":22.2,"pub":true}},{"type":"Feature","geometry":{"type":"Point","coordinates":[-108.1169,39.0206]},"properties":{"s":22.2,"pub":true}},{"type":"Feature","geometry":{"type":"Point","coordinates":[-108.1169,39.0264]},"properties":{"s":22.2,"pub":true}},{"type":"Feature","geometry":{"type":"Point","coordinates":[-108.1169,39.0322]},"properties":{"s":22.2,"pub":true}},{"type":"Feature","geometry":{"type":"Point","coordinates":[-108.1169,39.038]},"properties":{"s":22.2,"pub":true}},{"type":"Feature","geometry":{"type":"Point","coordinates":[-108.1169,39.0438]},"properties":{"s":22.2,"pub":true}},{"type":"Feature","geometry":{"type":"Point","coordinates":[-108.1169,39.0496]},"properties":{"s":22.2,"pub":true}},{"type":"Feature","geometry":{"type":"Point","coordinates":[-108.1169,39.0554]},"properties":{"s":22.2,"pub":true}},{"type":"Feature","geometry":{"type":"Point","coordinates":[-108.1169,39.0612]},"properties":{"s":22.2,"pub":true}},{"type":"Feature","geometry":{"type":"Point","coordinates":[-108.1169,39.067]},"properties":{"s":22.2,"pub":true}},{"type":"Feature","geometry":{"type":"Point","coordinates":[-108.1094,38.9394]},"properties":{"s":66.7,"pub":true}},{"type":"Feature","geometry":{"type":"Point","coordinates":[-108.1094,38.9452]},"properties":{"s":66.7,"pub":true}},{"type":"Feature","geometry":{"type":"Point","coordinates":[-108.1094,38.951]},"properties":{"s":66.7,"pub":true}},{"type":"Feature","geometry":{"type":"Point","coordinates":[-108.1094,38.9568]},"properties":{"s":66.7,"pub":true}},{"type":"Feature","geometry":{"type":"Point","coordinates":[-108.1094,38.9626]},"properties":{"s":66.7,"pub":true}},{"type":"Feature","geometry":{"type":"Point","coordinates":[-108.1094,38.9684]},"properties":{"s":66.7,"pub":true}},{"type":"Feature","geometry":{"type":"Point","coordinates":[-108.1094,38.9742]},"properties":{"s":66.7,"pub":true}},{"type":"Feature","geometry":{"type":"Point","coordinates":[-108.1094,38.98]},"properties":{"s":66.7,"pub":true}},{"type":"Feature","geometry":{"type":"Point","coordinates":[-108.1094,38.9858]},"properties":{"s":22.2,"pub":true}},{"type":"Feature","geometry":{"type":"Point","coordinates":[-108.1094,38.9916]},"properties":{"s":22.2,"pub":true}},{"type":"Feature","geometry":{"type":"Point","coordinates":[-108.1094,38.9974]},"properties":{"s":22.2,"pub":true}},{"type":"Feature","geometry":{"type":"Point","coordinates":[-108.1094,39.0032]},"properties":{"s":22.2,"pub":true}},{"type":"Feature","geometry":{"type":"Point","coordinates":[-108.1094,39.009]},"properties":{"s":22.2,"pub":true}},{"type":"Feature","geometry":{"type":"Point","coordinates":[-108.1094,39.0148]},"properties":{"s":22.2,"pub":true}},{"type":"Feature","geometry":{"type":"Point","coordinates":[-108.1094,39.0206]},"properties":{"s":22.2,"pub":true}},{"type":"Feature","geometry":{"type":"Point","coordinates":[-108.1094,39.0264]},"properties":{"s":22.2,"pub":true}},{"type":"Feature","geometry":{"type":"Point","coordinates":[-108.1094,39.0322]},"properties":{"s":22.2,"pub":true}},{"type":"Feature","geometry":{"type":"Point","coordinates":[-108.1094,39.038]},"properties":{"s":22.2,"pub":true}},{"type":"Feature","geometry":{"type":"Point","coordinates":[-108.1094,39.0438]},"properties":{"s":22.2,"pub":true}},{"type":"Feature","geometry":{"type":"Point","coordinates":[-108.1094,39.0496]},"properties":{"s":22.2,"pub":true}},{"type":"Feature","geometry":{"type":"Point","coordinates":[-108.1094,39.0554]},"properties":{"s":22.2,"pub":true}},{"type":"Feature","geometry":{"type":"Point","coordinates":[-108.1094,39.0612]},"properties":{"s":22.2,"pub":true}},{"type":"Feature","geometry":{"type":"Point","coordinates":[-108.1094,39.067]},"properties":{"s":22.2,"pub":true}},{"type":"Feature","geometry":{"type":"Point","coordinates":[-108.1019,38.951]},"properties":{"s":66.7,"pub":true}},{"type":"Feature","geometry":{"type":"Point","coordinates":[-108.1019,38.9568]},"properties":{"s":66.7,"pub":true}},{"type":"Feature","geometry":{"type":"Point","coordinates":[-108.1019,38.9626]},"properties":{"s":66.7,"pub":true}},{"type":"Feature","geometry":{"type":"Point","coordinates":[-108.1019,38.9684]},"properties":{"s":66.7,"pub":true}},{"type":"Feature","geometry":{"type":"Point","coordinates":[-108.1019,38.9742]},"properties":{"s":66.7,"pub":true}},{"type":"Feature","geometry":{"type":"Point","coordinates":[-108.1019,38.98]},"properties":{"s":66.7,"pub":true}},{"type":"Feature","geometry":{"type":"Point","coordinates":[-108.1019,38.9858]},"properties":{"s":66.7,"pub":true}},{"type":"Feature","geometry":{"type":"Point","coordinates":[-108.1019,38.9916]},"properties":{"s":22.2,"pub":true}},{"type":"Feature","geometry":{"type":"Point","coordinates":[-108.1019,38.9974]},"properties":{"s":22.2,"pub":true}},{"type":"Feature","geometry":{"type":"Point","coordinates":[-108.1019,39.0032]},"properties":{"s":22.2,"pub":true}},{"type":"Feature","geometry":{"type":"Point","coordinates":[-108.1019,39.009]},"properties":{"s":22.2,"pub":true}},{"type":"Feature","geometry":{"type":"Point","coordinates":[-108.1019,39.0148]},"properties":{"s":22.2,"pub":true}},{"type":"Feature","geometry":{"type":"Point","coordinates":[-108.1019,39.0206]},"properties":{"s":22.2,"pub":true}},{"type":"Feature","geometry":{"type":"Point","coordinates":[-108.1019,39.0264]},"properties":{"s":22.2,"pub":true}},{"type":"Feature","geometry":{"type":"Point","coordinates":[-108.1019,39.0322]},"properties":{"s":22.2,"pub":true}},{"type":"Feature","geometry":{"type":"Point","coordinates":[-108.1019,39.038]},"properties":{"s":22.2,"pub":true}},{"type":"Feature","geometry":{"type":"Point","coordinates":[-108.1019,39.0438]},"properties":{"s":22.2,"pub":true}},{"type":"Feature","geometry":{"type":"Point","coordinates":[-108.1019,39.0496]},"properties":{"s":22.2,"pub":true}},{"type":"Feature","geometry":{"type":"Point","coordinates":[-108.1019,39.0554]},"properties":{"s":22.2,"pub":true}},{"type":"Feature","geometry":{"type":"Point","coordinates":[-108.1019,39.0612]},"properties":{"s":22.2,"pub":true}},{"type":"Feature","geometry":{"type":"Point","coordinates":[-108.1019,39.067]},"properties":{"s":22.2,"pub":true}},{"type":"Feature","geometry":{"type":"Point","coordinates":[-108.0944,38.9626]},"properties":{"s":66.7,"pub":true}},{"type":"Feature","geometry":{"type":"Point","coordinates":[-108.0944,38.9684]},"properties":{"s":66.7,"pub":true}},{"type":"Feature","geometry":{"type":"Point","coordinates":[-108.0944,38.9742]},"properties":{"s":66.7,"pub":true}},{"type":"Feature","geometry":{"type":"Point","coordinates":[-108.0944,38.9858]},"properties":{"s":66.7,"pub":true}},{"type":"Feature","geometry":{"type":"Point","coordinates":[-108.0944,38.9916]},"properties":{"s":66.7,"pub":true}},{"type":"Feature","geometry":{"type":"Point","coordinates":[-108.0944,38.9974]},"properties":{"s":66.7,"pub":true}},{"type":"Feature","geometry":{"type":"Point","coordinates":[-108.0944,39.0032]},"properties":{"s":66.7,"pub":true}},{"type":"Feature","geometry":{"type":"Point","coordinates":[-108.0944,39.009]},"properties":{"s":22.2,"pub":true}},{"type":"Feature","geometry":{"type":"Point","coordinates":[-108.0944,39.0148]},"properties":{"s":22.2,"pub":true}},{"type":"Feature","geometry":{"type":"Point","coordinates":[-108.0944,39.0206]},"properties":{"s":22.2,"pub":true}},{"type":"Feature","geometry":{"type":"Point","coordinates":[-108.0944,39.0264]},"properties":{"s":22.2,"pub":true}},{"type":"Feature","geometry":{"type":"Point","coordinates":[-108.0944,39.0322]},"properties":{"s":22.2,"pub":true}},{"type":"Feature","geometry":{"type":"Point","coordinates":[-108.0944,39.038]},"properties":{"s":22.2,"pub":true}}]}