{"type":"FeatureCollection","features":[{"type":"Feature","geometry":{"type":"Point","coordinates":[-108.2601,39.2076]},"properties":{"s":31.7,"pub":true}},{"type":"Feature","geometry":{"type":"Point","coordinates":[-108.2301,39.2772]},"properties":{"s":7.3,"pub":false}},{"type":"Feature","geometry":{"type":"Point","coordinates":[-108.2226,39.2772]},"properties":{"s":7.3,"pub":false}},{"type":"Feature","geometry":{"type":"Point","coordinates":[-108.2226,39.283]},"properties":{"s":7.3,"pub":false}},{"type":"Feature","geometry":{"type":"Point","coordinates":[-108.2226,39.2888]},"properties":{"s":7.3,"pub":false}},{"type":"Feature","geometry":{"type":"Point","coordinates":[-108.2151,39.2714]},"properties":{"s":7.3,"pub":false}},{"type":"Feature","geometry":{"type":"Point","coordinates":[-108.2151,39.2772]},"properties":{"s":7.3,"pub":false}},{"type":"Feature","geometry":{"type":"Point","coordinates":[-108.2151,39.283]},"properties":{"s":7.3,"pub":false}},{"type":"Feature","geometry":{"type":"Point","coordinates":[-108.2151,39.2888]},"properties":{"s":7.3,"pub":false}},{"type":"Feature","geometry":{"type":"Point","coordinates":[-108.2151,39.2946]},"properties":{"s":7.3,"pub":false}},{"type":"Feature","geometry":{"type":"Point","coordinates":[-108.2151,39.3004]},"properties":{"s":7.3,"pub":false}},{"type":"Feature","geometry":{"type":"Point","coordinates":[-108.2076,39.2192]},"properties":{"s":7.3,"pub":false}},{"type":"Feature","geometry":{"type":"Point","coordinates":[-108.2076,39.225]},"properties":{"s":7.3,"pub":false}},{"type":"Feature","geometry":{"type":"Point","coordinates":[-108.2076,39.2714]},"properties":{"s":7.3,"pub":false}},{"type":"Feature","geometry":{"type":"Point","coordinates":[-108.2076,39.2772]},"properties":{"s":7.3,"pub":false}},{"type":"Feature","geometry":{"type":"Point","coordinates":[-108.2076,39.283]},"properties":{"s":7.3,"pub":false}},{"type":"Feature","geometry":{"type":"Point","coordinates":[-108.2076,39.2888]},"properties":{"s":7.3,"pub":false}},{"type":"Feature","geometry":{"type":"Point","coordinates":[-108.2076,39.2946]},"properties":{"s":7.3,"pub":false}},{"type":"Feature","geometry":{"type":"Point","coordinates":[-108.2076,39.3004]},"properties":{"s":7.3,"pub":false}},{"type":"Feature","geometry":{"type":"Point","coordinates":[-108.2076,39.3062]},"properties":{"s":7.3,"pub":false}},{"type":"Feature","geometry":{"type":"Point","coordinates":[-108.2076,39.312]},"properties":{"s":7.3,"pub":false}},{"type":"Feature","geometry":{"type":"Point","coordinates":[-108.2076,39.3178]},"properties":{"s":7.3,"pub":false}},{"type":"Feature","geometry":{"type":"Point","coordinates":[-108.2001,39.2192]},"properties":{"s":7.3,"pub":false}},{"type":"Feature","geometry":{"type":"Point","coordinates":[-108.2001,39.225]},"properties":{"s":7.3,"pub":false}},{"type":"Feature","geometry":{"type":"Point","coordinates":[-108.2001,39.2714]},"properties":{"s":7.3,"pub":true}},{"type":"Feature","geometry":{"type":"Point","coordinates":[-108.2001,39.2772]},"properties":{"s":7.3,"pub":false}},{"type":"Feature","geometry":{"type":"Point","coordinates":[-108.2001,39.283]},"properties":{"s":7.3,"pub":false}},{"type":"Feature","geometry":{"type":"Point","coordinates":[-108.2001,39.2888]},"properties":{"s":7.3,"pub":false}},{"type":"Feature","geometry":{"type":"Point","coordinates":[-108.2001,39.2946]},"properties":{"s":7.3,"pub":false}},{"type":"Feature","geometry":{"type":"Point","coordinates":[-108.2001,39.3004]},"properties":{"s":7.3,"pub":false}},{"type":"Feature","geometry":{"type":"Point","coordinates":[-108.2001,39.3062]},"properties":{"s":7.3,"pub":true}},{"type":"Feature","geometry":{"type":"Point","coordinates":[-108.2001,39.312]},"properties":{"s":7.3,"pub":false}},{"type":"Feature","geometry":{"type":"Point","coordinates":[-108.2001,39.3178]},"properties":{"s":7.3,"pub":false}},{"type":"Feature","geometry":{"type":"Point","coordinates":[-108.2001,39.3236]},"properties":{"s":7.3,"pub":false}},{"type":"Feature","geometry":{"type":"Point","coordinates":[-108.1926,39.2714]},"properties":{"s":7.3,"pub":true}},{"type":"Feature","geometry":{"type":"Point","coordinates":[-108.1926,39.2772]},"properties":{"s":7.3,"pub":true}},{"type":"Feature","geometry":{"type":"Point","coordinates":[-108.1926,39.283]},"properties":{"s":7.3,"pub":true}},{"type":"Feature","geometry":{"type":"Point","coordinates":[-108.1926,39.2888]},"properties":{"s":7.3,"pub":true}},{"type":"Feature","geometry":{"type":"Point","coordinates":[-108.1926,39.2946]},"properties":{"s":7.3,"pub":true}},{"type":"Feature","geometry":{"type":"Point","coordinates":[-108.1926,39.3004]},"properties":{"s":7.3,"pub":true}},{"type":"Feature","geometry":{"type":"Point","coordinates":[-108.1926,39.3062]},"properties":{"s":7.3,"pub":true}},{"type":"Feature","geometry":{"type":"Point","coordinates":[-108.1926,39.312]},"properties":{"s":7.3,"pub":true}},{"type":"Feature","geometry":{"type":"Point","coordinates":[-108.1926,39.3178]},"properties":{"s":7.3,"pub":false}},{"type":"Feature","geometry":{"type":"Point","coordinates":[-108.1926,39.3236]},"properties":{"s":7.3,"pub":false}},{"type":"Feature","geometry":{"type":"Point","coordinates":[-108.1926,39.3294]},"properties":{"s":7.3,"pub":false}},{"type":"Feature","geometry":{"type":"Point","coordinates":[-108.1926,39.3352]},"properties":{"s":7.3,"pub":false}},{"type":"Feature","geometry":{"type":"Point","coordinates":[-108.1851,39.225]},"properties":{"s":7.3,"pub":false}},{"type":"Feature","geometry":{"type":"Point","coordinates":[-108.1851,39.2308]},"properties":{"s":7.3,"pub":false}},{"type":"Feature","geometry":{"type":"Point","coordinates":[-108.1851,39.2946]},"properties":{"s":7.3,"pub":true}},{"type":"Feature","geometry":{"type":"Point","coordinates":[-108.1851,39.3004]},"properties":{"s":7.3,"pub":true}},{"type":"Feature","geometry":{"type":"Point","coordinates":[-108.1851,39.3062]},"properties":{"s":7.3,"pub":true}},{"type":"Feature","geometry":{"type":"Point","coordinates":[-108.1851,39.312]},"properties":{"s":7.3,"pub":true}},{"type":"Feature","geometry":{"type":"Point","coordinates":[-108.1851,39.3178]},"properties":{"s":7.3,"pub":true}},{"type":"Feature","geometry":{"type":"Point","coordinates":[-108.1851,39.3236]},"properties":{"s":7.3,"pub":true}},{"type":"Feature","geometry":{"type":"Point","coordinates":[-108.1851,39.3294]},"properties":{"s":7.3,"pub":false}},{"type":"Feature","geometry":{"type":"Point","coordinates":[-108.1851,39.3352]},"properties":{"s":7.3,"pub":false}},{"type":"Feature","geometry":{"type":"Point","coordinates":[-108.1851,39.341]},"properties":{"s":7.3,"pub":false}},{"type":"Feature","geometry":{"type":"Point","coordinates":[-108.1776,39.2308]},"properties":{"s":7.3,"pub":false}},{"type":"Feature","geometry":{"type":"Point","coordinates":[-108.1776,39.2366]},"properties":{"s":7.3,"pub":false}},{"type":"Feature","geometry":{"type":"Point","coordinates":[-108.1776,39.3062]},"properties":{"s":7.3,"pub":true}},{"type":"Feature","geometry":{"type":"Point","coordinates":[-108.1776,39.312]},"properties":{"s":7.3,"pub":true}},{"type":"Feature","geometry":{"type":"Point","coordinates":[-108.1776,39.3178]},"properties":{"s":7.3,"pub":true}},{"type":"Feature","geometry":{"type":"Point","coordinates":[-108.1776,39.3236]},"properties":{"s":7.3,"pub":true}},{"type":"Feature","geometry":{"type":"Point","coordinates":[-108.1776,39.3294]},"properties":{"s":7.3,"pub":true}},{"type":"Feature","geometry":{"type":"Point","coordinates":[-108.1776,39.3352]},"properties":{"s":7.3,"pub":true}},{"type":"Feature","geometry":{"type":"Point","coordinates":[-108.1776,39.341]},"properties":{"s":7.3,"pub":false}},{"type":"Feature","geometry":{"type":"Point","coordinates":[-108.1701,39.2366]},"properties":{"s":7.3,"pub":true}},{"type":"Feature","geometry":{"type":"Point","coordinates":[-108.1701,39.2424]},"properties":{"s":7.3,"pub":true}},{"type":"Feature","geometry":{"type":"Point","coordinates":[-108.1401,39.2714]},"properties":{"s":17.1,"pub":true}},{"type":"Feature","geometry":{"type":"Point","coordinates":[-108.1401,39.2772]},"properties":{"s":17.1,"pub":true}},{"type":"Feature","geometry":{"type":"Point","coordinates":[-108.1401,39.283]},"properties":{"s":17.1,"pub":true}},{"type":"Feature","geometry":{"type":"Point","coordinates":[-108.1326,39.2772]},"properties":{"s":17.1,"pub":true}},{"type":"Feature","geometry":{"type":"Point","coordinates":[-108.1326,39.283]},"properties":{"s":17.1,"pub":true}},{"type":"Feature","geometry":{"type":"Point","coordinates":[-108.1326,39.37]},"properties":{"s":7.3,"pub":false}},{"type":"Feature","geometry":{"type":"Point","coordinates":[-108.1326,39.3758]},"properties":{"s":56.1,"pub":false}},{"type":"Feature","geometry":{"type":"Point","coordinates":[-108.1326,39.3816]},"properties":{"s":7.3,"pub":false}},{"type":"Feature","geometry":{"type":"Point","coordinates":[-108.1251,39.2714]},"properties":{"s":17.1,"pub":true}},{"type":"Feature","geometry":{"type":"Point","coordinates":[-108.1251,39.2772]},"properties":{"s":17.1,"pub":true}},{"type":"Feature","geometry":{"type":"Point","coordinates":[-108.1251,39.283]},"properties":{"s":17.1,"pub":true}},{"type":"Feature","geometry":{"type":"Point","coordinates":[-108.1251,39.2888]},"properties":{"s":17.1,"pub":true}},{"type":"Feature","geometry":{"type":"Point","coordinates":[-108.1251,39.37]},"properties":{"s":7.3,"pub":false}},{"type":"Feature","geometry":{"type":"Point","coordinates":[-108.1251,39.3758]},"properties":{"s":56.1,"pub":false}},{"type":"Feature","geometry":{"type":"Point","coordinates":[-108.1251,39.3816]},"properties":{"s":56.1,"pub":false}},{"type":"Feature","geometry":{"type":"Point","coordinates":[-108.1176,39.2714]},"properties":{"s":17.1,"pub":true}},{"type":"Feature","geometry":{"type":"Point","coordinates":[-108.1176,39.2772]},"properties":{"s":17.1,"pub":true}},{"type":"Feature","geometry":{"type":"Point","coordinates":[-108.1176,39.283]},"properties":{"s":17.1,"pub":true}},{"type":"Feature","geometry":{"type":"Point","coordinates":[-108.1176,39.2888]},"properties":{"s":17.1,"pub":true}},{"type":"Feature","geometry":{"type":"Point","coordinates":[-108.1176,39.3758]},"properties":{"s":7.3,"pub":false}},{"type":"Feature","geometry":{"type":"Point","coordinates":[-108.1176,39.3816]},"properties":{"s":56.1,"pub":false}},{"type":"Feature","geometry":{"type":"Point","coordinates":[-108.1176,39.3874]},"properties":{"s":56.1,"pub":false}},{"type":"Feature","geometry":{"type":"Point","coordinates":[-108.1101,39.2656]},"properties":{"s":17.1,"pub":true}},{"type":"Feature","geometry":{"type":"Point","coordinates":[-108.1101,39.2714]},"properties":{"s":17.1,"pub":true}},{"type":"Feature","geometry":{"type":"Point","coordinates":[-108.1101,39.2772]},"properties":{"s":17.1,"pub":true}},{"type":"Feature","geometry":{"type":"Point","coordinates":[-108.1101,39.3062]},"properties":{"s":17.1,"pub":true}},{"type":"Feature","geometry":{"type":"Point","coordinates":[-108.1101,39.3816]},"properties":{"s":7.3,"pub":false}},{"type":"Feature","geometry":{"type":"Point","coordinates":[-108.1101,39.3874]},"properties":{"s":56.1,"pub":false}},{"type":"Feature","geometry":{"type":"Point","coordinates":[-108.1101,39.3932]},"properties":{"s":56.1,"pub":false}},{"type":"Feature","geometry":{"type":"Point","coordinates":[-108.1026,39.2656]},"properties":{"s":17.1,"pub":true}},{"type":"Feature","geometry":{"type":"Point","coordinates":[-108.1026,39.2714]},"properties":{"s":17.1,"pub":true}},{"type":"Feature","geometry":{"type":"Point","coordinates":[-108.1026,39.2772]},"properties":{"s":17.1,"pub":true}},{"type":"Feature","geometry":{"type":"Point","coordinates":[-108.1026,39.3004]},"properties":{"s":17.1,"pub":true}},{"type":"Feature","geometry":{"type":"Point","coordinates":[-108.1026,39.3062]},"properties":{"s":17.1,"pub":true}},{"type":"Feature","geometry":{"type":"Point","coordinates":[-108.1026,39.312]},"properties":{"s":17.1,"pub":true}},{"type":"Feature","geometry":{"type":"Point","coordinates":[-108.1026,39.3874]},"properties":{"s":7.3,"pub":false}},{"type":"Feature","geometry":{"type":"Point","coordinates":[-108.1026,39.3932]},"properties":{"s":51.2,"pub":false}},{"type":"Feature","geometry":{"type":"Point","coordinates":[-108.0951,39.2714]},"properties":{"s":17.1,"pub":true}},{"type":"Feature","geometry":{"type":"Point","coordinates":[-108.0951,39.2772]},"properties":{"s":17.1,"pub":true}},{"type":"Feature","geometry":{"type":"Point","coordinates":[-108.0951,39.283]},"properties":{"s":17.1,"pub":true}},{"type":"Feature","geometry":{"type":"Point","coordinates":[-108.0951,39.2888]},"properties":{"s":17.1,"pub":true}},{"type":"Feature","geometry":{"type":"Point","coordinates":[-108.0951,39.2946]},"properties":{"s":17.1,"pub":true}},{"type":"Feature","geometry":{"type":"Point","coordinates":[-108.0951,39.3004]},"properties":{"s":17.1,"pub":true}},{"type":"Feature","geometry":{"type":"Point","coordinates":[-108.0951,39.3062]},"properties":{"s":17.1,"pub":true}},{"type":"Feature","geometry":{"type":"Point","coordinates":[-108.0951,39.3932]},"properties":{"s":51.2,"pub":false}},{"type":"Feature","geometry":{"type":"Point","coordinates":[-108.0876,39.2714]},"properties":{"s":17.1,"pub":true}},{"type":"Feature","geometry":{"type":"Point","coordinates":[-108.0876,39.2772]},"properties":{"s":17.1,"pub":true}},{"type":"Feature","geometry":{"type":"Point","coordinates":[-108.0876,39.283]},"properties":{"s":17.1,"pub":true}},{"type":"Feature","geometry":{"type":"Point","coordinates":[-108.0876,39.2888]},"properties":{"s":17.1,"pub":true}},{"type":"Feature","geometry":{"type":"Point","coordinates":[-108.0876,39.2946]},"properties":{"s":17.1,"pub":true}},{"type":"Feature","geometry":{"type":"Point","coordinates":[-108.0876,39.3004]},"properties":{"s":17.1,"pub":true}},{"type":"Feature","geometry":{"type":"Point","coordinates":[-108.0876,39.3062]},"properties":{"s":17.1,"pub":true}},{"type":"Feature","geometry":{"type":"Point","coordinates":[-108.0876,39.3178]},"properties":{"s":17.1,"pub":true}},{"type":"Feature","geometry":{"type":"Point","coordinates":[-108.0876,39.3236]},"properties":{"s":17.1,"pub":true}},{"type":"Feature","geometry":{"type":"Point","coordinates":[-108.0876,39.4048]},"properties":{"s":51.2,"pub":false}},{"type":"Feature","geometry":{"type":"Point","coordinates":[-108.0801,39.2772]},"properties":{"s":17.1,"pub":true}},{"type":"Feature","geometry":{"type":"Point","coordinates":[-108.0801,39.283]},"properties":{"s":17.1,"pub":true}},{"type":"Feature","geometry":{"type":"Point","coordinates":[-108.0801,39.2888]},"properties":{"s":17.1,"pub":true}},{"type":"Feature","geometry":{"type":"Point","coordinates":[-108.0801,39.2946]},"properties":{"s":17.1,"pub":true}},{"type":"Feature","geometry":{"type":"Point","coordinates":[-108.0801,39.3004]},"properties":{"s":17.1,"pub":true}},{"type":"Feature","geometry":{"type":"Point","coordinates":[-108.0801,39.3062]},"properties":{"s":17.1,"pub":true}},{"type":"Feature","geometry":{"type":"Point","coordinates":[-108.0801,39.312]},"properties":{"s":17.1,"pub":true}},{"type":"Feature","geometry":{"type":"Point","coordinates":[-108.0801,39.3178]},"properties":{"s":17.1,"pub":true}},{"type":"Feature","geometry":{"type":"Point","coordinates":[-108.0801,39.4106]},"properties":{"s":51.2,"pub":false}},{"type":"Feature","geometry":{"type":"Point","coordinates":[-108.0726,39.2772]},"properties":{"s":17.1,"pub":true}},{"type":"Feature","geometry":{"type":"Point","coordinates":[-108.0726,39.283]},"properties":{"s":17.1,"pub":true}},{"type":"Feature","geometry":{"type":"Point","coordinates":[-108.0726,39.2888]},"properties":{"s":17.1,"pub":true}},{"type":"Feature","geometry":{"type":"Point","coordinates":[-108.0726,39.2946]},"properties":{"s":17.1,"pub":true}},{"type":"Feature","geometry":{"type":"Point","coordinates":[-108.0726,39.3004]},"properties":{"s":17.1,"pub":true}},{"type":"Feature","geometry":{"type":"Point","coordinates":[-108.0726,39.3062]},"properties":{"s":17.1,"pub":true}},{"type":"Feature","geometry":{"type":"Point","coordinates":[-108.0726,39.312]},"properties":{"s":17.1,"pub":true}},{"type":"Feature","geometry":{"type":"Point","coordinates":[-108.0726,39.3178]},"properties":{"s":17.1,"pub":true}},{"type":"Feature","geometry":{"type":"Point","coordinates":[-108.0726,39.4164]},"properties":{"s":51.2,"pub":false}},{"type":"Feature","geometry":{"type":"Point","coordinates":[-108.0651,39.283]},"properties":{"s":17.1,"pub":true}},{"type":"Feature","geometry":{"type":"Point","coordinates":[-108.0651,39.2888]},"properties":{"s":17.1,"pub":true}},{"type":"Feature","geometry":{"type":"Point","coordinates":[-108.0651,39.2946]},"properties":{"s":17.1,"pub":true}},{"type":"Feature","geometry":{"type":"Point","coordinates":[-108.0651,39.3004]},"properties":{"s":17.1,"pub":true}},{"type":"Feature","geometry":{"type":"Point","coordinates":[-108.0651,39.3062]},"properties":{"s":17.1,"pub":true}},{"type":"Feature","geometry":{"type":"Point","coordinates":[-108.0651,39.312]},"properties":{"s":17.1,"pub":true}},{"type":"Feature","geometry":{"type":"Point","coordinates":[-108.0651,39.3178]},"properties":{"s":17.1,"pub":true}},{"type":"Feature","geometry":{"type":"Point","coordinates":[-108.0651,39.3236]},"properties":{"s":17.1,"pub":true}},{"type":"Feature","geometry":{"type":"Point","coordinates":[-108.0651,39.4222]},"properties":{"s":51.2,"pub":false}},{"type":"Feature","geometry":{"type":"Point","coordinates":[-108.0576,39.283]},"properties":{"s":17.1,"pub":true}},{"type":"Feature","geometry":{"type":"Point","coordinates":[-108.0576,39.2888]},"properties":{"s":17.1,"pub":true}},{"type":"Feature","geometry":{"type":"Point","coordinates":[-108.0576,39.2946]},"properties":{"s":17.1,"pub":true}},{"type":"Feature","geometry":{"type":"Point","coordinates":[-108.0576,39.3004]},"properties":{"s":17.1,"pub":true}},{"type":"Feature","geometry":{"type":"Point","coordinates":[-108.0576,39.3062]},"properties":{"s":17.1,"pub":true}},{"type":"Feature","geometry":{"type":"Point","coordinates":[-108.0576,39.312]},"properties":{"s":17.1,"pub":true}},{"type":"Feature","geometry":{"type":"Point","coordinates":[-108.0576,39.3178]},"properties":{"s":17.1,"pub":true}},{"type":"Feature","geometry":{"type":"Point","coordinates":[-108.0576,39.3236]},"properties":{"s":17.1,"pub":true}},{"type":"Feature","geometry":{"type":"Point","coordinates":[-108.0576,39.428]},"properties":{"s":51.2,"pub":false}},{"type":"Feature","geometry":{"type":"Point","coordinates":[-108.0501,39.2888]},"properties":{"s":17.1,"pub":true}},{"type":"Feature","geometry":{"type":"Point","coordinates":[-108.0501,39.2946]},"properties":{"s":17.1,"pub":true}},{"type":"Feature","geometry":{"type":"Point","coordinates":[-108.0501,39.3004]},"properties":{"s":17.1,"pub":true}},{"type":"Feature","geometry":{"type":"Point","coordinates":[-108.0501,39.3062]},"properties":{"s":17.1,"pub":true}},{"type":"Feature","geometry":{"type":"Point","coordinates":[-108.0501,39.312]},"properties":{"s":17.1,"pub":true}},{"type":"Feature","geometry":{"type":"Point","coordinates":[-108.0501,39.3178]},"properties":{"s":17.1,"pub":true}},{"type":"Feature","geometry":{"type":"Point","coordinates":[-108.0501,39.3236]},"properties":{"s":17.1,"pub":true}},{"type":"Feature","geometry":{"type":"Point","coordinates":[-108.0501,39.3294]},"properties":{"s":17.1,"pub":true}},{"type":"Feature","geometry":{"type":"Point","coordinates":[-108.0501,39.3352]},"properties":{"s":17.1,"pub":true}},{"type":"Feature","geometry":{"type":"Point","coordinates":[-108.0501,39.341]},"properties":{"s":17.1,"pub":true}},{"type":"Feature","geometry":{"type":"Point","coordinates":[-108.0501,39.3468]},"properties":{"s":17.1,"pub":true}},{"type":"Feature","geometry":{"type":"Point","coordinates":[-108.0501,39.428]},"properties":{"s":51.2,"pub":false}},{"type":"Feature","geometry":{"type":"Point","coordinates":[-108.0501,39.4338]},"properties":{"s":51.2,"pub":false}},{"type":"Feature","geometry":{"type":"Point","coordinates":[-108.0501,39.4396]},"properties":{"s":51.2,"pub":false}},{"type":"Feature","geometry":{"type":"Point","coordinates":[-108.0426,39.3062]},"properties":{"s":17.1,"pub":true}},{"type":"Feature","geometry":{"type":"Point","coordinates":[-108.0426,39.312]},"properties":{"s":17.1,"pub":true}},{"type":"Feature","geometry":{"type":"Point","coordinates":[-108.0426,39.3178]},"properties":{"s":17.1,"pub":true}},{"type":"Feature","geometry":{"type":"Point","coordinates":[-108.0426,39.3236]},"properties":{"s":17.1,"pub":true}},{"type":"Feature","geometry":{"type":"Point","coordinates":[-108.0426,39.3294]},"properties":{"s":17.1,"pub":true}},{"type":"Feature","geometry":{"type":"Point","coordinates":[-108.0426,39.3352]},"properties":{"s":17.1,"pub":true}},{"type":"Feature","geometry":{"type":"Point","coordinates":[-108.0426,39.341]},"properties":{"s":17.1,"pub":true}},{"type":"Feature","geometry":{"type":"Point","coordinates":[-108.0426,39.3468]},"properties":{"s":19.5,"pub":true}},{"type":"Feature","geometry":{"type":"Point","coordinates":[-108.0426,39.4396]},"properties":{"s":51.2,"pub":false}},{"type":"Feature","geometry":{"type":"Point","coordinates":[-108.0351,39.3178]},"properties":{"s":17.1,"pub":true}},{"type":"Feature","geometry":{"type":"Point","coordinates":[-108.0351,39.3236]},"properties":{"s":17.1,"pub":true}},{"type":"Feature","geometry":{"type":"Point","coordinates":[-108.0351,39.3294]},"properties":{"s":17.1,"pub":true}},{"type":"Feature","geometry":{"type":"Point","coordinates":[-108.0351,39.3352]},"properties":{"s":17.1,"pub":true}},{"type":"Feature","geometry":{"type":"Point","coordinates":[-108.0351,39.341]},"properties":{"s":17.1,"pub":true}},{"type":"Feature","geometry":{"type":"Point","coordinates":[-108.0351,39.3468]},"properties":{"s":17.1,"pub":true}},{"type":"Feature","geometry":{"type":"Point","coordinates":[-108.0351,39.4454]},"properties":{"s":51.2,"pub":false}},{"type":"Feature","geometry":{"type":"Point","coordinates":[-108.0351,39.4512]},"properties":{"s":51.2,"pub":false}},{"type":"Feature","geometry":{"type":"Point","coordinates":[-108.0351,39.457]},"properties":{"s":51.2,"pub":false}},{"type":"Feature","geometry":{"type":"Point","coordinates":[-108.0276,39.3178]},"properties":{"s":17.1,"pub":true}},{"type":"Feature","geometry":{"type":"Point","coordinates":[-108.0276,39.3236]},"properties":{"s":17.1,"pub":true}},{"type":"Feature","geometry":{"type":"Point","coordinates":[-108.0276,39.3294]},"properties":{"s":17.1,"pub":true}},{"type":"Feature","geometry":{"type":"Point","coordinates":[-108.0276,39.3352]},"properties":{"s":17.1,"pub":true}},{"type":"Feature","geometry":{"type":"Point","coordinates":[-108.0276,39.341]},"properties":{"s":17.1,"pub":true}},{"type":"Feature","geometry":{"type":"Point","coordinates":[-108.0276,39.3468]},"properties":{"s":17.1,"pub":true}},{"type":"Feature","geometry":{"type":"Point","coordinates":[-108.0276,39.3526]},"properties":{"s":19.5,"pub":false}},{"type":"Feature","geometry":{"type":"Point","coordinates":[-108.0276,39.457]},"properties":{"s":51.2,"pub":false}},{"type":"Feature","geometry":{"type":"Point","coordinates":[-108.0276,39.4628]},"properties":{"s":51.2,"pub":false}},{"type":"Feature","geometry":{"type":"Point","coordinates":[-108.0201,39.3178]},"properties":{"s":17.1,"pub":true}},{"type":"Feature","geometry":{"type":"Point","coordinates":[-108.0201,39.3236]},"properties":{"s":17.1,"pub":true}},{"type":"Feature","geometry":{"type":"Point","coordinates":[-108.0201,39.3294]},"properties":{"s":17.1,"pub":true}},{"type":"Feature","geometry":{"type":"Point","coordinates":[-108.0201,39.3352]},"properties":{"s":17.1,"pub":true}},{"type":"Feature","geometry":{"type":"Point","coordinates":[-108.0201,39.341]},"properties":{"s":17.1,"pub":true}},{"type":"Feature","geometry":{"type":"Point","coordinates":[-108.0201,39.3468]},"properties":{"s":17.1,"pub":true}},{"type":"Feature","geometry":{"type":"Point","coordinates":[-108.0201,39.3526]},"properties":{"s":19.5,"pub":true}},{"type":"Feature","geometry":{"type":"Point","coordinates":[-108.0201,39.4628]},"properties":{"s":56.1,"pub":false}},{"type":"Feature","geometry":{"type":"Point","coordinates":[-108.0126,39.312]},"properties":{"s":46.3,"pub":true}},{"type":"Feature","geometry":{"type":"Point","coordinates":[-108.0126,39.3178]},"properties":{"s":46.3,"pub":true}},{"type":"Feature","geometry":{"type":"Point","coordinates":[-108.0126,39.3236]},"properties":{"s":46.3,"pub":true}},{"type":"Feature","geometry":{"type":"Point","coordinates":[-108.0126,39.3294]},"properties":{"s":46.3,"pub":true}},{"type":"Feature","geometry":{"type":"Point","coordinates":[-108.0126,39.3352]},"properties":{"s":17.1,"pub":true}},{"type":"Feature","geometry":{"type":"Point","coordinates":[-108.0126,39.341]},"properties":{"s":17.1,"pub":false}},{"type":"Feature","geometry":{"type":"Point","coordinates":[-108.0126,39.3468]},"properties":{"s":17.1,"pub":true}},{"type":"Feature","geometry":{"type":"Point","coordinates":[-108.0126,39.3526]},"properties":{"s":19.5,"pub":true}},{"type":"Feature","geometry":{"type":"Point","coordinates":[-108.0126,39.3584]},"properties":{"s":17.1,"pub":true}},{"type":"Feature","geometry":{"type":"Point","coordinates":[-108.0126,39.457]},"properties":{"s":7.3,"pub":false}},{"type":"Feature","geometry":{"type":"Point","coordinates":[-108.0126,39.4628]},"properties":{"s":7.3,"pub":false}},{"type":"Feature","geometry":{"type":"Point","coordinates":[-108.0126,39.4686]},"properties":{"s":56.1,"pub":false}},{"type":"Feature","geometry":{"type":"Point","coordinates":[-108.0051,39.312]},"properties":{"s":46.3,"pub":true}},{"type":"Feature","geometry":{"type":"Point","coordinates":[-108.0051,39.3178]},"properties":{"s":46.3,"pub":true}},{"type":"Feature","geometry":{"type":"Point","coordinates":[-108.0051,39.3236]},"properties":{"s":46.3,"pub":true}},{"type":"Feature","geometry":{"type":"Point","coordinates":[-108.0051,39.3294]},"properties":{"s":46.3,"pub":true}},{"type":"Feature","geometry":{"type":"Point","coordinates":[-108.0051,39.3352]},"properties":{"s":17.1,"pub":true}},{"type":"Feature","geometry":{"type":"Point","coordinates":[-108.0051,39.341]},"properties":{"s":17.1,"pub":true}},{"type":"Feature","geometry":{"type":"Point","coordinates":[-108.0051,39.3468]},"properties":{"s":17.1,"pub":true}},{"type":"Feature","geometry":{"type":"Point","coordinates":[-108.0051,39.3526]},"properties":{"s":17.1,"pub":true}},{"type":"Feature","geometry":{"type":"Point","coordinates":[-108.0051,39.3584]},"properties":{"s":36.6,"pub":false}},{"type":"Feature","geometry":{"type":"Point","coordinates":[-108.0051,39.3642]},"properties":{"s":17.1,"pub":false}},{"type":"Feature","geometry":{"type":"Point","coordinates":[-108.0051,39.37]},"properties":{"s":17.1,"pub":false}},{"type":"Feature","geometry":{"type":"Point","coordinates":[-108.0051,39.3932]},"properties":{"s":17.1,"pub":false}},{"type":"Feature","geometry":{"type":"Point","coordinates":[-108.0051,39.4454]},"properties":{"s":7.3,"pub":false}},{"type":"Feature","geometry":{"type":"Point","coordinates":[-108.0051,39.4512]},"properties":{"s":7.3,"pub":false}},{"type":"Feature","geometry":{"type":"Point","coordinates":[-108.0051,39.457]},"properties":{"s":7.3,"pub":false}},{"type":"Feature","geometry":{"type":"Point","coordinates":[-108.0051,39.4628]},"properties":{"s":7.3,"pub":false}},{"type":"Feature","geometry":{"type":"Point","coordinates":[-108.0051,39.4686]},"properties":{"s":7.3,"pub":false}},{"type":"Feature","geometry":{"type":"Point","coordinates":[-107.9976,39.312]},"properties":{"s":46.3,"pub":true}},{"type":"Feature","geometry":{"type":"Point","coordinates":[-107.9976,39.3178]},"properties":{"s":46.3,"pub":true}},{"type":"Feature","geometry":{"type":"Point","coordinates":[-107.9976,39.3236]},"properties":{"s":46.3,"pub":true}},{"type":"Feature","geometry":{"type":"Point","coordinates":[-107.9976,39.3294]},"properties":{"s":46.3,"pub":true}},{"type":"Feature","geometry":{"type":"Point","coordinates":[-107.9976,39.3352]},"properties":{"s":46.3,"pub":true}},{"type":"Feature","geometry":{"type":"Point","coordinates":[-107.9976,39.341]},"properties":{"s":46.3,"pub":true}},{"type":"Feature","geometry":{"type":"Point","coordinates":[-107.9976,39.3468]},"properties":{"s":46.3,"pub":true}},{"type":"Feature","geometry":{"type":"Point","coordinates":[-107.9976,39.3526]},"properties":{"s":17.1,"pub":true}},{"type":"Feature","geometry":{"type":"Point","coordinates":[-107.9976,39.3584]},"properties":{"s":36.6,"pub":false}},{"type":"Feature","geometry":{"type":"Point","coordinates":[-107.9976,39.3642]},"properties":{"s":17.1,"pub":false}},{"type":"Feature","geometry":{"type":"Point","coordinates":[-107.9976,39.37]},"properties":{"s":17.1,"pub":false}},{"type":"Feature","geometry":{"type":"Point","coordinates":[-107.9976,39.3758]},"properties":{"s":17.1,"pub":false}},{"type":"Feature","geometry":{"type":"Point","coordinates":[-107.9976,39.3932]},"properties":{"s":17.1,"pub":false}},{"type":"Feature","geometry":{"type":"Point","coordinates":[-107.9976,39.399]},"properties":{"s":17.1,"pub":false}},{"type":"Feature","geometry":{"type":"Point","coordinates":[-107.9976,39.4454]},"properties":{"s":7.3,"pub":true}},{"type":"Feature","geometry":{"type":"Point","coordinates":[-107.9976,39.4512]},"properties":{"s":7.3,"pub":false}},{"type":"Feature","geometry":{"type":"Point","coordinates":[-107.9976,39.457]},"properties":{"s":7.3,"pub":false}},{"type":"Feature","geometry":{"type":"Point","coordinates":[-107.9976,39.4628]},"properties":{"s":7.3,"pub":false}},{"type":"Feature","geometry":{"type":"Point","coordinates":[-107.9976,39.4686]},"properties":{"s":7.3,"pub":false}},{"type":"Feature","geometry":{"type":"Point","coordinates":[-107.9901,39.312]},"properties":{"s":17.1,"pub":true}},{"type":"Feature","geometry":{"type":"Point","coordinates":[-107.9901,39.3178]},"properties":{"s":46.3,"pub":true}},{"type":"Feature","geometry":{"type":"Point","coordinates":[-107.9901,39.3236]},"properties":{"s":46.3,"pub":true}},{"type":"Feature","geometry":{"type":"Point","coordinates":[-107.9901,39.3294]},"properties":{"s":46.3,"pub":true}},{"type":"Feature","geometry":{"type":"Point","coordinates":[-107.9901,39.3352]},"properties":{"s":46.3,"pub":true}},{"type":"Feature","geometry":{"type":"Point","coordinates":[-107.9901,39.341]},"properties":{"s":65.9,"pub":true}},{"type":"Feature","geometry":{"type":"Point","coordinates":[-107.9901,39.3468]},"properties":{"s":46.3,"pub":true}},{"type":"Feature","geometry":{"type":"Point","coordinates":[-107.9901,39.3526]},"properties":{"s":46.3,"pub":true}},{"type":"Feature","geometry":{"type":"Point","coordinates":[-107.9901,39.3584]},"properties":{"s":36.6,"pub":false}},{"type":"Feature","geometry":{"type":"Point","coordinates":[-107.9901,39.3642]},"properties":{"s":36.6,"pub":false}},{"type":"Feature","geometry":{"type":"Point","coordinates":[-107.9901,39.37]},"properties":{"s":17.1,"pub":false}},{"type":"Feature","geometry":{"type":"Point","coordinates":[-107.9901,39.3758]},"properties":{"s":17.1,"pub":false}},{"type":"Feature","geometry":{"type":"Point","coordinates":[-107.9901,39.3816]},"properties":{"s":17.1,"pub":false}},{"type":"Feature","geometry":{"type":"Point","coordinates":[-107.9901,39.3874]},"properties":{"s":17.1,"pub":false}},{"type":"Feature","geometry":{"type":"Point","coordinates":[-107.9901,39.3932]},"properties":{"s":17.1,"pub":false}},{"type":"Feature","geometry":{"type":"Point","coordinates":[-107.9901,39.399]},"properties":{"s":17.1,"pub":false}},{"type":"Feature","geometry":{"type":"Point","coordinates":[-107.9901,39.4048]},"properties":{"s":17.1,"pub":true}},{"type":"Feature","geometry":{"type":"Point","coordinates":[-107.9901,39.4106]},"properties":{"s":17.1,"pub":true}},{"type":"Feature","geometry":{"type":"Point","coordinates":[-107.9901,39.4454]},"properties":{"s":7.3,"pub":true}},{"type":"Feature","geometry":{"type":"Point","coordinates":[-107.9901,39.4512]},"properties":{"s":7.3,"pub":false}},{"type":"Feature","geometry":{"type":"Point","coordinates":[-107.9901,39.457]},"properties":{"s":7.3,"pub":false}},{"type":"Feature","geometry":{"type":"Point","coordinates":[-107.9901,39.4628]},"properties":{"s":7.3,"pub":false}},{"type":"Feature","geometry":{"type":"Point","coordinates":[-107.9901,39.4686]},"properties":{"s":7.3,"pub":false}},{"type":"Feature","geometry":{"type":"Point","coordinates":[-107.9826,39.3178]},"properties":{"s":46.3,"pub":true}},{"type":"Feature","geometry":{"type":"Point","coordinates":[-107.9826,39.3236]},"properties":{"s":46.3,"pub":true}},{"type":"Feature","geometry":{"type":"Point","coordinates":[-107.9826,39.3294]},"properties":{"s":46.3,"pub":true}},{"type":"Feature","geometry":{"type":"Point","coordinates":[-107.9826,39.3352]},"properties":{"s":65.9,"pub":true}},{"type":"Feature","geometry":{"type":"Point","coordinates":[-107.9826,39.341]},"properties":{"s":65.9,"pub":true}},{"type":"Feature","geometry":{"type":"Point","coordinates":[-107.9826,39.3468]},"properties":{"s":65.9,"pub":true}},{"type":"Feature","geometry":{"type":"Point","coordinates":[-107.9826,39.3526]},"properties":{"s":46.3,"pub":true}},{"type":"Feature","geometry":{"type":"Point","coordinates":[-107.9826,39.3584]},"properties":{"s":65.9,"pub":false}},{"type":"Feature","geometry":{"type":"Point","coordinates":[-107.9826,39.3642]},"properties":{"s":36.6,"pub":false}},{"type":"Feature","geometry":{"type":"Point","coordinates":[-107.9826,39.37]},"properties":{"s":36.6,"pub":false}},{"type":"Feature","geometry":{"type":"Point","coordinates":[-107.9826,39.3758]},"properties":{"s":36.6,"pub":false}},{"type":"Feature","geometry":{"type":"Point","coordinates":[-107.9826,39.3816]},"properties":{"s":36.6,"pub":false}},{"type":"Feature","geometry":{"type":"Point","coordinates":[-107.9826,39.3874]},"properties":{"s":17.1,"pub":false}},{"type":"Feature","geometry":{"type":"Point","coordinates":[-107.9826,39.3932]},"properties":{"s":36.6,"pub":false}},{"type":"Feature","geometry":{"type":"Point","coordinates":[-107.9826,39.399]},"properties":{"s":36.6,"pub":false}},{"type":"Feature","geometry":{"type":"Point","coordinates":[-107.9826,39.4048]},"properties":{"s":17.1,"pub":false}},{"type":"Feature","geometry":{"type":"Point","coordinates":[-107.9826,39.4338]},"properties":{"s":7.3,"pub":false}},{"type":"Feature","geometry":{"type":"Point","coordinates":[-107.9826,39.4396]},"properties":{"s":9.8,"pub":false}},{"type":"Feature","geometry":{"type":"Point","coordinates":[-107.9826,39.4454]},"properties":{"s":9.8,"pub":false}},{"type":"Feature","geometry":{"type":"Point","coordinates":[-107.9826,39.4512]},"properties":{"s":7.3,"pub":false}},{"type":"Feature","geometry":{"type":"Point","coordinates":[-107.9826,39.457]},"properties":{"s":7.3,"pub":false}},{"type":"Feature","geometry":{"type":"Point","coordinates":[-107.9826,39.4628]},"properties":{"s":7.3,"pub":false}},{"type":"Feature","geometry":{"type":"Point","coordinates":[-107.9826,39.4686]},"properties":{"s":7.3,"pub":false}},{"type":"Feature","geometry":{"type":"Point","coordinates":[-107.9751,39.3178]},"properties":{"s":46.3,"pub":true}},{"type":"Feature","geometry":{"type":"Point","coordinates":[-107.9751,39.3236]},"properties":{"s":46.3,"pub":true}},{"type":"Feature","geometry":{"type":"Point","coordinates":[-107.9751,39.3294]},"properties":{"s":46.3,"pub":true}},{"type":"Feature","geometry":{"type":"Point","coordinates":[-107.9751,39.3352]},"properties":{"s":65.9,"pub":true}},{"type":"Feature","geometry":{"type":"Point","coordinates":[-107.9751,39.341]},"properties":{"s":65.9,"pub":true}},{"type":"Feature","geometry":{"type":"Point","coordinates":[-107.9751,39.3468]},"properties":{"s":65.9,"pub":true}},{"type":"Feature","geometry":{"type":"Point","coordinates":[-107.9751,39.3526]},"properties":{"s":65.9,"pub":true}},{"type":"Feature","geometry":{"type":"Point","coordinates":[-107.9751,39.3584]},"properties":{"s":46.3,"pub":false}},{"type":"Feature","geometry":{"type":"Point","coordinates":[-107.9751,39.3642]},"properties":{"s":65.9,"pub":false}},{"type":"Feature","geometry":{"type":"Point","coordinates":[-107.9751,39.37]},"properties":{"s":65.9,"pub":false}},{"type":"Feature","geometry":{"type":"Point","coordinates":[-107.9751,39.3758]},"properties":{"s":36.6,"pub":false}},{"type":"Feature","geometry":{"type":"Point","coordinates":[-107.9751,39.3816]},"properties":{"s":36.6,"pub":false}},{"type":"Feature","geometry":{"type":"Point","coordinates":[-107.9751,39.3874]},"properties":{"s":36.6,"pub":false}},{"type":"Feature","geometry":{"type":"Point","coordinates":[-107.9751,39.3932]},"properties":{"s":36.6,"pub":false}},{"type":"Feature","geometry":{"type":"Point","coordinates":[-107.9751,39.399]},"properties":{"s":36.6,"pub":false}},{"type":"Feature","geometry":{"type":"Point","coordinates":[-107.9751,39.4048]},"properties":{"s":17.1,"pub":false}},{"type":"Feature","geometry":{"type":"Point","coordinates":[-107.9751,39.4106]},"properties":{"s":17.1,"pub":false}},{"type":"Feature","geometry":{"type":"Point","coordinates":[-107.9751,39.428]},"properties":{"s":7.3,"pub":true}},{"type":"Feature","geometry":{"type":"Point","coordinates":[-107.9751,39.4338]},"properties":{"s":9.8,"pub":true}},{"type":"Feature","geometry":{"type":"Point","coordinates":[-107.9751,39.4396]},"properties":{"s":9.8,"pub":false}},{"type":"Feature","geometry":{"type":"Point","coordinates":[-107.9751,39.4454]},"properties":{"s":9.8,"pub":false}},{"type":"Feature","geometry":{"type":"Point","coordinates":[-107.9751,39.4512]},"properties":{"s":9.8,"pub":false}},{"type":"Feature","geometry":{"type":"Point","coordinates":[-107.9751,39.457]},"properties":{"s":7.3,"pub":false}},{"type":"Feature","geometry":{"type":"Point","coordinates":[-107.9751,39.4628]},"properties":{"s":7.3,"pub":false}},{"type":"Feature","geometry":{"type":"Point","coordinates":[-107.9751,39.4686]},"properties":{"s":7.3,"pub":false}},{"type":"Feature","geometry":{"type":"Point","coordinates":[-107.9676,39.3236]},"properties":{"s":46.3,"pub":true}},{"type":"Feature","geometry":{"type":"Point","coordinates":[-107.9676,39.3294]},"properties":{"s":65.9,"pub":true}},{"type":"Feature","geometry":{"type":"Point","coordinates":[-107.9676,39.3352]},"properties":{"s":65.9,"pub":true}},{"type":"Feature","geometry":{"type":"Point","coordinates":[-107.9676,39.341]},"properties":{"s":65.9,"pub":true}},{"type":"Feature","geometry":{"type":"Point","coordinates":[-107.9676,39.3468]},"properties":{"s":65.9,"pub":true}},{"type":"Feature","geometry":{"type":"Point","coordinates":[-107.9676,39.3526]},"properties":{"s":65.9,"pub":true}},{"type":"Feature","geometry":{"type":"Point","coordinates":[-107.9676,39.3584]},"properties":{"s":46.3,"pub":false}},{"type":"Feature","geometry":{"type":"Point","coordinates":[-107.9676,39.3642]},"properties":{"s":65.9,"pub":true}},{"type":"Feature","geometry":{"type":"Point","coordinates":[-107.9676,39.37]},"properties":{"s":65.9,"pub":true}},{"type":"Feature","geometry":{"type":"Point","coordinates":[-107.9676,39.3758]},"properties":{"s":65.9,"pub":true}},{"type":"Feature","geometry":{"type":"Point","coordinates":[-107.9676,39.3816]},"properties":{"s":36.6,"pub":true}},{"type":"Feature","geometry":{"type":"Point","coordinates":[-107.9676,39.3874]},"properties":{"s":36.6,"pub":false}},{"type":"Feature","geometry":{"type":"Point","coordinates":[-107.9676,39.3932]},"properties":{"s":36.6,"pub":false}},{"type":"Feature","geometry":{"type":"Point","coordinates":[-107.9676,39.399]},"properties":{"s":36.6,"pub":false}},{"type":"Feature","geometry":{"type":"Point","coordinates":[-107.9676,39.4048]},"properties":{"s":17.1,"pub":false}},{"type":"Feature","geometry":{"type":"Point","coordinates":[-107.9676,39.4106]},"properties":{"s":17.1,"pub":false}},{"type":"Feature","geometry":{"type":"Point","coordinates":[-107.9676,39.4164]},"properties":{"s":17.1,"pub":true}},{"type":"Feature","geometry":{"type":"Point","coordinates":[-107.9676,39.428]},"properties":{"s":9.8,"pub":true}},{"type":"Feature","geometry":{"type":"Point","coordinates":[-107.9676,39.4338]},"properties":{"s":22.0,"pub":true}},{"type":"Feature","geometry":{"type":"Point","coordinates":[-107.9676,39.4396]},"properties":{"s":7.3,"pub":true}},{"type":"Feature","geometry":{"type":"Point","coordinates":[-107.9676,39.4454]},"properties":{"s":7.3,"pub":false}},{"type":"Feature","geometry":{"type":"Point","coordinates":[-107.9676,39.4512]},"properties":{"s":7.3,"pub":false}},{"type":"Feature","geometry":{"type":"Point","coordinates":[-107.9676,39.457]},"properties":{"s":7.3,"pub":false}},{"type":"Feature","geometry":{"type":"Point","coordinates":[-107.9676,39.4628]},"properties":{"s":7.3,"pub":false}},{"type":"Feature","geometry":{"type":"Point","coordinates":[-107.9676,39.4686]},"properties":{"s":7.3,"pub":true}},{"type":"Feature","geometry":{"type":"Point","coordinates":[-107.9676,39.4744]},"properties":{"s":56.1,"pub":false}},{"type":"Feature","geometry":{"type":"Point","coordinates":[-107.9601,39.3236]},"properties":{"s":17.1,"pub":true}},{"type":"Feature","geometry":{"type":"Point","coordinates":[-107.9601,39.3526]},"properties":{"s":46.3,"pub":true}},{"type":"Feature","geometry":{"type":"Point","coordinates":[-107.9601,39.3584]},"properties":{"s":46.3,"pub":true}},{"type":"Feature","geometry":{"type":"Point","coordinates":[-107.9601,39.3642]},"properties":{"s":46.3,"pub":true}},{"type":"Feature","geometry":{"type":"Point","coordinates":[-107.9601,39.37]},"properties":{"s":46.3,"pub":true}},{"type":"Feature","geometry":{"type":"Point","coordinates":[-107.9601,39.3758]},"properties":{"s":46.3,"pub":true}},{"type":"Feature","geometry":{"type":"Point","coordinates":[-107.9601,39.3816]},"properties":{"s":36.6,"pub":true}},{"type":"Feature","geometry":{"type":"Point","coordinates":[-107.9601,39.3874]},"properties":{"s":36.6,"pub":false}},{"type":"Feature","geometry":{"type":"Point","coordinates":[-107.9601,39.3932]},"properties":{"s":17.1,"pub":false}},{"type":"Feature","geometry":{"type":"Point","coordinates":[-107.9601,39.399]},"properties":{"s":17.1,"pub":false}},{"type":"Feature","geometry":{"type":"Point","coordinates":[-107.9601,39.4048]},"properties":{"s":17.1,"pub":false}},{"type":"Feature","geometry":{"type":"Point","coordinates":[-107.9601,39.4106]},"properties":{"s":17.1,"pub":false}},{"type":"Feature","geometry":{"type":"Point","coordinates":[-107.9601,39.4164]},"properties":{"s":24.4,"pub":true}},{"type":"Feature","geometry":{"type":"Point","coordinates":[-107.9601,39.4222]},"properties":{"s":22.0,"pub":true}},{"type":"Feature","geometry":{"type":"Point","coordinates":[-107.9601,39.428]},"properties":{"s":22.0,"pub":true}},{"type":"Feature","geometry":{"type":"Point","coordinates":[-107.9601,39.4338]},"properties":{"s":22.0,"pub":true}},{"type":"Feature","geometry":{"type":"Point","coordinates":[-107.9601,39.4454]},"properties":{"s":7.3,"pub":false}},{"type":"Feature","geometry":{"type":"Point","coordinates":[-107.9601,39.4512]},"properties":{"s":7.3,"pub":false}},{"type":"Feature","geometry":{"type":"Point","coordinates":[-107.9601,39.457]},"properties":{"s":56.1,"pub":false}},{"type":"Feature","geometry":{"type":"Point","coordinates":[-107.9601,39.4628]},"properties":{"s":56.1,"pub":false}},{"type":"Feature","geometry":{"type":"Point","coordinates":[-107.9601,39.4686]},"properties":{"s":56.1,"pub":true}},{"type":"Feature","geometry":{"type":"Point","coordinates":[-107.9601,39.4744]},"properties":{"s":56.1,"pub":false}},{"type":"Feature","geometry":{"type":"Point","coordinates":[-107.9526,39.3526]},"properties":{"s":46.3,"pub":true}},{"type":"Feature","geometry":{"type":"Point","coordinates":[-107.9526,39.3584]},"properties":{"s":46.3,"pub":true}},{"type":"Feature","geometry":{"type":"Point","coordinates":[-107.9526,39.3642]},"properties":{"s":46.3,"pub":true}},{"type":"Feature","geometry":{"type":"Point","coordinates":[-107.9526,39.37]},"properties":{"s":46.3,"pub":true}},{"type":"Feature","geometry":{"type":"Point","coordinates":[-107.9526,39.3758]},"properties":{"s":46.3,"pub":true}},{"type":"Feature","geometry":{"type":"Point","coordinates":[-107.9526,39.3816]},"properties":{"s":65.9,"pub":true}},{"type":"Feature","geometry":{"type":"Point","coordinates":[-107.9526,39.3874]},"properties":{"s":65.9,"pub":false}},{"type":"Feature","geometry":{"type":"Point","coordinates":[-107.9526,39.3932]},"properties":{"s":36.6,"pub":false}},{"type":"Feature","geometry":{"type":"Point","coordinates":[-107.9526,39.399]},"properties":{"s":36.6,"pub":false}},{"type":"Feature","geometry":{"type":"Point","coordinates":[-107.9526,39.4048]},"properties":{"s":36.6,"pub":false}},{"type":"Feature","geometry":{"type":"Point","coordinates":[-107.9526,39.4106]},"properties":{"s":39.0,"pub":false}},{"type":"Feature","geometry":{"type":"Point","coordinates":[-107.9526,39.4164]},"properties":{"s":36.6,"pub":false}},{"type":"Feature","geometry":{"type":"Point","coordinates":[-107.9526,39.4222]},"properties":{"s":36.6,"pub":false}},{"type":"Feature","geometry":{"type":"Point","coordinates":[-107.9526,39.428]},"properties":{"s":36.6,"pub":true}},{"type":"Feature","geometry":{"type":"Point","coordinates":[-107.9526,39.4338]},"properties":{"s":36.6,"pub":true}},{"type":"Feature","geometry":{"type":"Point","coordinates":[-107.9526,39.4396]},"properties":{"s":22.0,"pub":true}},{"type":"Feature","geometry":{"type":"Point","coordinates":[-107.9526,39.4512]},"properties":{"s":7.3,"pub":true}},{"type":"Feature","geometry":{"type":"Point","coordinates":[-107.9526,39.457]},"properties":{"s":56.1,"pub":false}},{"type":"Feature","geometry":{"type":"Point","coordinates":[-107.9526,39.4628]},"properties":{"s":56.1,"pub":false}},{"type":"Feature","geometry":{"type":"Point","coordinates":[-107.9526,39.4686]},"properties":{"s":56.1,"pub":true}},{"type":"Feature","geometry":{"type":"Point","coordinates":[-107.9526,39.4744]},"properties":{"s":56.1,"pub":false}},{"type":"Feature","geometry":{"type":"Point","coordinates":[-107.9526,39.4802]},"properties":{"s":56.1,"pub":false}},{"type":"Feature","geometry":{"type":"Point","coordinates":[-107.9451,39.3584]},"properties":{"s":46.3,"pub":true}},{"type":"Feature","geometry":{"type":"Point","coordinates":[-107.9451,39.3642]},"properties":{"s":46.3,"pub":true}},{"type":"Feature","geometry":{"type":"Point","coordinates":[-107.9451,39.37]},"properties":{"s":46.3,"pub":true}},{"type":"Feature","geometry":{"type":"Point","coordinates":[-107.9451,39.3758]},"properties":{"s":46.3,"pub":true}},{"type":"Feature","geometry":{"type":"Point","coordinates":[-107.9451,39.3816]},"properties":{"s":65.9,"pub":true}},{"type":"Feature","geometry":{"type":"Point","coordinates":[-107.9451,39.3874]},"properties":{"s":65.9,"pub":false}},{"type":"Feature","geometry":{"type":"Point","coordinates":[-107.9451,39.3932]},"properties":{"s":65.9,"pub":false}},{"type":"Feature","geometry":{"type":"Point","coordinates":[-107.9451,39.399]},"properties":{"s":36.6,"pub":false}},{"type":"Feature","geometry":{"type":"Point","coordinates":[-107.9451,39.4048]},"properties":{"s":36.6,"pub":false}},{"type":"Feature","geometry":{"type":"Point","coordinates":[-107.9451,39.4106]},"properties":{"s":36.6,"pub":false}},{"type":"Feature","geometry":{"type":"Point","coordinates":[-107.9451,39.4164]},"properties":{"s":36.6,"pub":false}},{"type":"Feature","geometry":{"type":"Point","coordinates":[-107.9451,39.4222]},"properties":{"s":36.6,"pub":false}},{"type":"Feature","geometry":{"type":"Point","coordinates":[-107.9451,39.428]},"properties":{"s":36.6,"pub":false}},{"type":"Feature","geometry":{"type":"Point","coordinates":[-107.9451,39.4338]},"properties":{"s":36.6,"pub":true}},{"type":"Feature","geometry":{"type":"Point","coordinates":[-107.9451,39.4396]},"properties":{"s":36.6,"pub":true}},{"type":"Feature","geometry":{"type":"Point","coordinates":[-107.9451,39.457]},"properties":{"s":56.1,"pub":false}},{"type":"Feature","geometry":{"type":"Point","coordinates":[-107.9451,39.4628]},"properties":{"s":56.1,"pub":false}},{"type":"Feature","geometry":{"type":"Point","coordinates":[-107.9451,39.4686]},"properties":{"s":56.1,"pub":false}},{"type":"Feature","geometry":{"type":"Point","coordinates":[-107.9451,39.4744]},"properties":{"s":56.1,"pub":false}},{"type":"Feature","geometry":{"type":"Point","coordinates":[-107.9451,39.4802]},"properties":{"s":56.1,"pub":false}},{"type":"Feature","geometry":{"type":"Point","coordinates":[-107.9451,39.486]},"properties":{"s":56.1,"pub":false}},{"type":"Feature","geometry":{"type":"Point","coordinates":[-107.9451,39.4918]},"properties":{"s":7.3,"pub":false}},{"type":"Feature","geometry":{"type":"Point","coordinates":[-107.9376,39.3642]},"properties":{"s":46.3,"pub":true}},{"type":"Feature","geometry":{"type":"Point","coordinates":[-107.9376,39.37]},"properties":{"s":46.3,"pub":true}},{"type":"Feature","geometry":{"type":"Point","coordinates":[-107.9376,39.3758]},"properties":{"s":46.3,"pub":true}},{"type":"Feature","geometry":{"type":"Point","coordinates":[-107.9376,39.3816]},"properties":{"s":65.9,"pub":true}},{"type":"Feature","geometry":{"type":"Point","coordinates":[-107.9376,39.3874]},"properties":{"s":65.9,"pub":false}},{"type":"Feature","geometry":{"type":"Point","coordinates":[-107.9376,39.3932]},"properties":{"s":65.9,"pub":false}},{"type":"Feature","geometry":{"type":"Point","coordinates":[-107.9376,39.399]},"properties":{"s":65.9,"pub":false}},{"type":"Feature","geometry":{"type":"Point","coordinates":[-107.9376,39.4048]},"properties":{"s":65.9,"pub":false}},{"type":"Feature","geometry":{"type":"Point","coordinates":[-107.9376,39.4106]},"properties":{"s":36.6,"pub":false}},{"type":"Feature","geometry":{"type":"Point","coordinates":[-107.9376,39.4164]},"properties":{"s":36.6,"pub":false}},{"type":"Feature","geometry":{"type":"Point","coordinates":[-107.9376,39.4222]},"properties":{"s":36.6,"pub":false}},{"type":"Feature","geometry":{"type":"Point","coordinates":[-107.9376,39.428]},"properties":{"s":36.6,"pub":false}},{"type":"Feature","geometry":{"type":"Point","coordinates":[-107.9376,39.4338]},"properties":{"s":36.6,"pub":true}},{"type":"Feature","geometry":{"type":"Point","coordinates":[-107.9376,39.4396]},"properties":{"s":22.0,"pub":true}},{"type":"Feature","geometry":{"type":"Point","coordinates":[-107.9376,39.457]},"properties":{"s":7.3,"pub":false}},{"type":"Feature","geometry":{"type":"Point","coordinates":[-107.9376,39.4628]},"properties":{"s":56.1,"pub":false}},{"type":"Feature","geometry":{"type":"Point","coordinates":[-107.9376,39.4686]},"properties":{"s":56.1,"pub":false}},{"type":"Feature","geometry":{"type":"Point","coordinates":[-107.9376,39.4744]},"properties":{"s":56.1,"pub":false}},{"type":"Feature","geometry":{"type":"Point","coordinates":[-107.9376,39.4802]},"properties":{"s":7.3,"pub":false}},{"type":"Feature","geometry":{"type":"Point","coordinates":[-107.9376,39.486]},"properties":{"s":7.3,"pub":false}},{"type":"Feature","geometry":{"type":"Point","coordinates":[-107.9376,39.4918]},"properties":{"s":56.1,"pub":false}},{"type":"Feature","geometry":{"type":"Point","coordinates":[-107.9301,39.3642]},"properties":{"s":46.3,"pub":true}},{"type":"Feature","geometry":{"type":"Point","coordinates":[-107.9301,39.37]},"properties":{"s":46.3,"pub":true}},{"type":"Feature","geometry":{"type":"Point","coordinates":[-107.9301,39.3758]},"properties":{"s":46.3,"pub":true}},{"type":"Feature","geometry":{"type":"Point","coordinates":[-107.9301,39.3816]},"properties":{"s":46.3,"pub":true}},{"type":"Feature","geometry":{"type":"Point","coordinates":[-107.9301,39.3874]},"properties":{"s":46.3,"pub":true}},{"type":"Feature","geometry":{"type":"Point","coordinates":[-107.9301,39.3932]},"properties":{"s":46.3,"pub":true}},{"type":"Feature","geometry":{"type":"Point","coordinates":[-107.9301,39.399]},"properties":{"s":46.3,"pub":false}},{"type":"Feature","geometry":{"type":"Point","coordinates":[-107.9301,39.4048]},"properties":{"s":65.9,"pub":false}},{"type":"Feature","geometry":{"type":"Point","coordinates":[-107.9301,39.4106]},"properties":{"s":65.9,"pub":true}},{"type":"Feature","geometry":{"type":"Point","coordinates":[-107.9301,39.4164]},"properties":{"s":36.6,"pub":false}},{"type":"Feature","geometry":{"type":"Point","coordinates":[-107.9301,39.4222]},"properties":{"s":36.6,"pub":false}},{"type":"Feature","geometry":{"type":"Point","coordinates":[-107.9301,39.428]},"properties":{"s":36.6,"pub":false}},{"type":"Feature","geometry":{"type":"Point","coordinates":[-107.9301,39.4338]},"properties":{"s":36.6,"pub":false}},{"type":"Feature","geometry":{"type":"Point","coordinates":[-107.9301,39.4396]},"properties":{"s":22.0,"pub":false}},{"type":"Feature","geometry":{"type":"Point","coordinates":[-107.9301,39.457]},"properties":{"s":9.8,"pub":false}},{"type":"Feature","geometry":{"type":"Point","coordinates":[-107.9301,39.4628]},"properties":{"s":7.3,"pub":false}},{"type":"Feature","geometry":{"type":"Point","coordinates":[-107.9301,39.4686]},"properties":{"s":7.3,"pub":false}},{"type":"Feature","geometry":{"type":"Point","coordinates":[-107.9301,39.4744]},"properties":{"s":7.3,"pub":false}},{"type":"Feature","geometry":{"type":"Point","coordinates":[-107.9301,39.4802]},"properties":{"s":7.3,"pub":false}},{"type":"Feature","geometry":{"type":"Point","coordinates":[-107.9301,39.486]},"properties":{"s":7.3,"pub":false}},{"type":"Feature","geometry":{"type":"Point","coordinates":[-107.9301,39.4918]},"properties":{"s":7.3,"pub":false}},{"type":"Feature","geometry":{"type":"Point","coordinates":[-107.9226,39.3642]},"properties":{"s":46.3,"pub":true}},{"type":"Feature","geometry":{"type":"Point","coordinates":[-107.9226,39.37]},"properties":{"s":46.3,"pub":true}},{"type":"Feature","geometry":{"type":"Point","coordinates":[-107.9226,39.3758]},"properties":{"s":46.3,"pub":true}},{"type":"Feature","geometry":{"type":"Point","coordinates":[-107.9226,39.3816]},"properties":{"s":46.3,"pub":true}},{"type":"Feature","geometry":{"type":"Point","coordinates":[-107.9226,39.3874]},"properties":{"s":46.3,"pub":true}},{"type":"Feature","geometry":{"type":"Point","coordinates":[-107.9226,39.3932]},"properties":{"s":46.3,"pub":true}},{"type":"Feature","geometry":{"type":"Point","coordinates":[-107.9226,39.399]},"properties":{"s":46.3,"pub":true}},{"type":"Feature","geometry":{"type":"Point","coordinates":[-107.9226,39.4048]},"properties":{"s":65.9,"pub":true}},{"type":"Feature","geometry":{"type":"Point","coordinates":[-107.9226,39.4106]},"properties":{"s":65.9,"pub":false}},{"type":"Feature","geometry":{"type":"Point","coordinates":[-107.9226,39.4164]},"properties":{"s":36.6,"pub":true}},{"type":"Feature","geometry":{"type":"Point","coordinates":[-107.9226,39.4222]},"properties":{"s":36.6,"pub":true}},{"type":"Feature","geometry":{"type":"Point","coordinates":[-107.9226,39.428]},"properties":{"s":36.6,"pub":true}},{"type":"Feature","geometry":{"type":"Point","coordinates":[-107.9226,39.4338]},"properties":{"s":36.6,"pub":false}},{"type":"Feature","geometry":{"type":"Point","coordinates":[-107.9226,39.4396]},"properties":{"s":22.0,"pub":false}},{"type":"Feature","geometry":{"type":"Point","coordinates":[-107.9226,39.4628]},"properties":{"s":7.3,"pub":false}},{"type":"Feature","geometry":{"type":"Point","coordinates":[-107.9226,39.4686]},"properties":{"s":7.3,"pub":false}},{"type":"Feature","geometry":{"type":"Point","coordinates":[-107.9226,39.4744]},"properties":{"s":7.3,"pub":false}},{"type":"Feature","geometry":{"type":"Point","coordinates":[-107.9226,39.4802]},"properties":{"s":7.3,"pub":false}},{"type":"Feature","geometry":{"type":"Point","coordinates":[-107.9226,39.486]},"properties":{"s":7.3,"pub":false}},{"type":"Feature","geometry":{"type":"Point","coordinates":[-107.9226,39.4918]},"properties":{"s":7.3,"pub":false}},{"type":"Feature","geometry":{"type":"Point","coordinates":[-107.9151,39.37]},"properties":{"s":46.3,"pub":true}},{"type":"Feature","geometry":{"type":"Point","coordinates":[-107.9151,39.3758]},"properties":{"s":46.3,"pub":true}},{"type":"Feature","geometry":{"type":"Point","coordinates":[-107.9151,39.3816]},"properties":{"s":46.3,"pub":true}},{"type":"Feature","geometry":{"type":"Point","coordinates":[-107.9151,39.3874]},"properties":{"s":46.3,"pub":true}},{"type":"Feature","geometry":{"type":"Point","coordinates":[-107.9151,39.3932]},"properties":{"s":46.3,"pub":true}},{"type":"Feature","geometry":{"type":"Point","coordinates":[-107.9151,39.399]},"properties":{"s":46.3,"pub":true}},{"type":"Feature","geometry":{"type":"Point","coordinates":[-107.9151,39.4048]},"properties":{"s":65.9,"pub":false}},{"type":"Feature","geometry":{"type":"Point","coordinates":[-107.9151,39.4106]},"properties":{"s":65.9,"pub":false}},{"type":"Feature","geometry":{"type":"Point","coordinates":[-107.9151,39.4164]},"properties":{"s":36.6,"pub":false}},{"type":"Feature","geometry":{"type":"Point","coordinates":[-107.9151,39.4222]},"properties":{"s":36.6,"pub":true}},{"type":"Feature","geometry":{"type":"Point","coordinates":[-107.9151,39.428]},"properties":{"s":36.6,"pub":true}},{"type":"Feature","geometry":{"type":"Point","coordinates":[-107.9151,39.4338]},"properties":{"s":24.4,"pub":false}},{"type":"Feature","geometry":{"type":"Point","coordinates":[-107.9151,39.4396]},"properties":{"s":22.0,"pub":false}},{"type":"Feature","geometry":{"type":"Point","coordinates":[-107.9151,39.4628]},"properties":{"s":7.3,"pub":false}},{"type":"Feature","geometry":{"type":"Point","coordinates":[-107.9151,39.4686]},"properties":{"s":7.3,"pub":false}},{"type":"Feature","geometry":{"type":"Point","coordinates":[-107.9151,39.4744]},"properties":{"s":7.3,"pub":false}},{"type":"Feature","geometry":{"type":"Point","coordinates":[-107.9151,39.486]},"properties":{"s":7.3,"pub":false}},{"type":"Feature","geometry":{"type":"Point","coordinates":[-107.9076,39.3758]},"properties":{"s":46.3,"pub":true}},{"type":"Feature","geometry":{"type":"Point","coordinates":[-107.9076,39.3816]},"properties":{"s":46.3,"pub":true}},{"type":"Feature","geometry":{"type":"Point","coordinates":[-107.9076,39.3874]},"properties":{"s":46.3,"pub":true}},{"type":"Feature","geometry":{"type":"Point","coordinates":[-107.9076,39.3932]},"properties":{"s":46.3,"pub":true}},{"type":"Feature","geometry":{"type":"Point","coordinates":[-107.9076,39.399]},"properties":{"s":65.9,"pub":true}},{"type":"Feature","geometry":{"type":"Point","coordinates":[-107.9076,39.4048]},"properties":{"s":65.9,"pub":false}},{"type":"Feature","geometry":{"type":"Point","coordinates":[-107.9076,39.4106]},"properties":{"s":65.9,"pub":false}},{"type":"Feature","geometry":{"type":"Point","coordinates":[-107.9076,39.4164]},"properties":{"s":65.9,"pub":false}},{"type":"Feature","geometry":{"type":"Point","coordinates":[-107.9076,39.4222]},"properties":{"s":36.6,"pub":true}},{"type":"Feature","geometry":{"type":"Point","coordinates":[-107.9076,39.428]},"properties":{"s":36.6,"pub":true}},{"type":"Feature","geometry":{"type":"Point","coordinates":[-107.9076,39.4338]},"properties":{"s":36.6,"pub":false}},{"type":"Feature","geometry":{"type":"Point","coordinates":[-107.9076,39.4396]},"properties":{"s":22.0,"pub":false}},{"type":"Feature","geometry":{"type":"Point","coordinates":[-107.9076,39.4802]},"properties":{"s":7.3,"pub":false}},{"type":"Feature","geometry":{"type":"Point","coordinates":[-107.9076,39.486]},"properties":{"s":7.3,"pub":false}},{"type":"Feature","geometry":{"type":"Point","coordinates":[-107.9076,39.4918]},"properties":{"s":56.1,"pub":false}},{"type":"Feature","geometry":{"type":"Point","coordinates":[-107.9001,39.3758]},"properties":{"s":46.3,"pub":true}},{"type":"Feature","geometry":{"type":"Point","coordinates":[-107.9001,39.3816]},"properties":{"s":46.3,"pub":true}},{"type":"Feature","geometry":{"type":"Point","coordinates":[-107.9001,39.3874]},"properties":{"s":46.3,"pub":true}},{"type":"Feature","geometry":{"type":"Point","coordinates":[-107.9001,39.3932]},"properties":{"s":65.9,"pub":true}},{"type":"Feature","geometry":{"type":"Point","coordinates":[-107.9001,39.399]},"properties":{"s":65.9,"pub":true}},{"type":"Feature","geometry":{"type":"Point","coordinates":[-107.9001,39.4048]},"properties":{"s":65.9,"pub":true}},{"type":"Feature","geometry":{"type":"Point","coordinates":[-107.9001,39.4106]},"properties":{"s":65.9,"pub":true}},{"type":"Feature","geometry":{"type":"Point","coordinates":[-107.9001,39.4164]},"properties":{"s":65.9,"pub":true}},{"type":"Feature","geometry":{"type":"Point","coordinates":[-107.9001,39.4222]},"properties":{"s":65.9,"pub":true}},{"type":"Feature","geometry":{"type":"Point","coordinates":[-107.9001,39.428]},"properties":{"s":36.6,"pub":true}},{"type":"Feature","geometry":{"type":"Point","coordinates":[-107.9001,39.4338]},"properties":{"s":36.6,"pub":false}},{"type":"Feature","geometry":{"type":"Point","coordinates":[-107.9001,39.4802]},"properties":{"s":7.3,"pub":false}},{"type":"Feature","geometry":{"type":"Point","coordinates":[-107.9001,39.486]},"properties":{"s":7.3,"pub":false}},{"type":"Feature","geometry":{"type":"Point","coordinates":[-107.9001,39.4918]},"properties":{"s":7.3,"pub":false}},{"type":"Feature","geometry":{"type":"Point","coordinates":[-107.9001,39.4976]},"properties":{"s":7.3,"pub":false}},{"type":"Feature","geometry":{"type":"Point","coordinates":[-107.8926,39.3758]},"properties":{"s":65.9,"pub":true}},{"type":"Feature","geometry":{"type":"Point","coordinates":[-107.8926,39.3816]},"properties":{"s":65.9,"pub":true}},{"type":"Feature","geometry":{"type":"Point","coordinates":[-107.8926,39.3874]},"properties":{"s":65.9,"pub":true}},{"type":"Feature","geometry":{"type":"Point","coordinates":[-107.8926,39.3932]},"properties":{"s":65.9,"pub":true}},{"type":"Feature","geometry":{"type":"Point","coordinates":[-107.8926,39.399]},"properties":{"s":46.3,"pub":true}},{"type":"Feature","geometry":{"type":"Point","coordinates":[-107.8926,39.4048]},"properties":{"s":46.3,"pub":true}},{"type":"Feature","geometry":{"type":"Point","coordinates":[-107.8926,39.4106]},"properties":{"s":46.3,"pub":true}},{"type":"Feature","geometry":{"type":"Point","coordinates":[-107.8926,39.4164]},"properties":{"s":46.3,"pub":true}},{"type":"Feature","geometry":{"type":"Point","coordinates":[-107.8926,39.4222]},"properties":{"s":65.9,"pub":true}},{"type":"Feature","geometry":{"type":"Point","coordinates":[-107.8926,39.428]},"properties":{"s":36.6,"pub":true}},{"type":"Feature","geometry":{"type":"Point","coordinates":[-107.8926,39.4338]},"properties":{"s":36.6,"pub":false}},{"type":"Feature","geometry":{"type":"Point","coordinates":[-107.8926,39.4744]},"properties":{"s":7.3,"pub":false}},{"type":"Feature","geometry":{"type":"Point","coordinates":[-107.8926,39.4802]},"properties":{"s":7.3,"pub":false}},{"type":"Feature","geometry":{"type":"Point","coordinates":[-107.8926,39.486]},"properties":{"s":7.3,"pub":false}},{"type":"Feature","geometry":{"type":"Point","coordinates":[-107.8926,39.4918]},"properties":{"s":7.3,"pub":false}},{"type":"Feature","geometry":{"type":"Point","coordinates":[-107.8851,39.3758]},"properties":{"s":46.3,"pub":true}},{"type":"Feature","geometry":{"type":"Point","coordinates":[-107.8851,39.3816]},"properties":{"s":65.9,"pub":true}},{"type":"Feature","geometry":{"type":"Point","coordinates":[-107.8851,39.3874]},"properties":{"s":46.3,"pub":true}},{"type":"Feature","geometry":{"type":"Point","coordinates":[-107.8851,39.3932]},"properties":{"s":46.3,"pub":true}},{"type":"Feature","geometry":{"type":"Point","coordinates":[-107.8851,39.399]},"properties":{"s":46.3,"pub":true}},{"type":"Feature","geometry":{"type":"Point","coordinates":[-107.8851,39.4048]},"properties":{"s":46.3,"pub":true}},{"type":"Feature","geometry":{"type":"Point","coordinates":[-107.8851,39.4106]},"properties":{"s":46.3,"pub":true}},{"type":"Feature","geometry":{"type":"Point","coordinates":[-107.8851,39.4164]},"properties":{"s":65.9,"pub":true}},{"type":"Feature","geometry":{"type":"Point","coordinates":[-107.8851,39.4222]},"properties":{"s":65.9,"pub":true}},{"type":"Feature","geometry":{"type":"Point","coordinates":[-107.8851,39.428]},"properties":{"s":36.6,"pub":true}},{"type":"Feature","geometry":{"type":"Point","coordinates":[-107.8851,39.4338]},"properties":{"s":36.6,"pub":true}},{"type":"Feature","geometry":{"type":"Point","coordinates":[-107.8851,39.4396]},"properties":{"s":36.6,"pub":true}},{"type":"Feature","geometry":{"type":"Point","coordinates":[-107.8851,39.4454]},"properties":{"s":22.0,"pub":true}},{"type":"Feature","geometry":{"type":"Point","coordinates":[-107.8851,39.4744]},"properties":{"s":7.3,"pub":false}},{"type":"Feature","geometry":{"type":"Point","coordinates":[-107.8851,39.4802]},"properties":{"s":7.3,"pub":false}},{"type":"Feature","geometry":{"type":"Point","coordinates":[-107.8851,39.486]},"properties":{"s":7.3,"pub":false}},{"type":"Feature","geometry":{"type":"Point","coordinates":[-107.8776,39.3758]},"properties":{"s":46.3,"pub":true}},{"type":"Feature","geometry":{"type":"Point","coordinates":[-107.8776,39.3816]},"properties":{"s":46.3,"pub":true}},{"type":"Feature","geometry":{"type":"Point","coordinates":[-107.8776,39.3874]},"properties":{"s":46.3,"pub":true}},{"type":"Feature","geometry":{"type":"Point","coordinates":[-107.8776,39.3932]},"properties":{"s":46.3,"pub":true}},{"type":"Feature","geometry":{"type":"Point","coordinates":[-107.8776,39.399]},"properties":{"s":46.3,"pub":true}},{"type":"Feature","geometry":{"type":"Point","coordinates":[-107.8776,39.4048]},"properties":{"s":46.3,"pub":true}},{"type":"Feature","geometry":{"type":"Point","coordinates":[-107.8776,39.4106]},"properties":{"s":46.3,"pub":false}},{"type":"Feature","geometry":{"type":"Point","coordinates":[-107.8776,39.4164]},"properties":{"s":65.9,"pub":false}},{"type":"Feature","geometry":{"type":"Point","coordinates":[-107.8776,39.4222]},"properties":{"s":65.9,"pub":false}},{"type":"Feature","geometry":{"type":"Point","coordinates":[-107.8776,39.428]},"properties":{"s":65.9,"pub":false}},{"type":"Feature","geometry":{"type":"Point","coordinates":[-107.8776,39.4338]},"properties":{"s":36.6,"pub":false}},{"type":"Feature","geometry":{"type":"Point","coordinates":[-107.8776,39.4396]},"properties":{"s":36.6,"pub":true}},{"type":"Feature","geometry":{"type":"Point","coordinates":[-107.8776,39.4454]},"properties":{"s":22.0,"pub":false}},{"type":"Feature","geometry":{"type":"Point","coordinates":[-107.8776,39.486]},"properties":{"s":7.3,"pub":false}},{"type":"Feature","geometry":{"type":"Point","coordinates":[-107.8701,39.3758]},"properties":{"s":46.3,"pub":true}},{"type":"Feature","geometry":{"type":"Point","coordinates":[-107.8701,39.3816]},"properties":{"s":46.3,"pub":true}},{"type":"Feature","geometry":{"type":"Point","coordinates":[-107.8701,39.3874]},"properties":{"s":46.3,"pub":true}},{"type":"Feature","geometry":{"type":"Point","coordinates":[-107.8701,39.3932]},"properties":{"s":46.3,"pub":true}},{"type":"Feature","geometry":{"type":"Point","coordinates":[-107.8701,39.399]},"properties":{"s":46.3,"pub":true}},{"type":"Feature","geometry":{"type":"Point","coordinates":[-107.8701,39.4048]},"properties":{"s":46.3,"pub":true}},{"type":"Feature","geometry":{"type":"Point","coordinates":[-107.8701,39.4106]},"properties":{"s":46.3,"pub":false}},{"type":"Feature","geometry":{"type":"Point","coordinates":[-107.8701,39.4164]},"properties":{"s":65.9,"pub":false}},{"type":"Feature","geometry":{"type":"Point","coordinates":[-107.8701,39.4222]},"properties":{"s":65.9,"pub":false}},{"type":"Feature","geometry":{"type":"Point","coordinates":[-107.8701,39.428]},"properties":{"s":36.6,"pub":true}},{"type":"Feature","geometry":{"type":"Point","coordinates":[-107.8701,39.4338]},"properties":{"s":36.6,"pub":false}},{"type":"Feature","geometry":{"type":"Point","coordinates":[-107.8701,39.4396]},"properties":{"s":36.6,"pub":true}},{"type":"Feature","geometry":{"type":"Point","coordinates":[-107.8701,39.4454]},"properties":{"s":36.6,"pub":true}},{"type":"Feature","geometry":{"type":"Point","coordinates":[-107.8701,39.486]},"properties":{"s":7.3,"pub":false}},{"type":"Feature","geometry":{"type":"Point","coordinates":[-107.8701,39.4918]},"properties":{"s":7.3,"pub":false}},{"type":"Feature","geometry":{"type":"Point","coordinates":[-107.8701,39.4976]},"properties":{"s":7.3,"pub":true}},{"type":"Feature","geometry":{"type":"Point","coordinates":[-107.8626,39.3758]},"properties":{"s":46.3,"pub":true}},{"type":"Feature","geometry":{"type":"Point","coordinates":[-107.8626,39.3816]},"properties":{"s":46.3,"pub":true}},{"type":"Feature","geometry":{"type":"Point","coordinates":[-107.8626,39.3874]},"properties":{"s":46.3,"pub":true}},{"type":"Feature","geometry":{"type":"Point","coordinates":[-107.8626,39.3932]},"properties":{"s":46.3,"pub":false}},{"type":"Feature","geometry":{"type":"Point","coordinates":[-107.8626,39.399]},"properties":{"s":46.3,"pub":false}},{"type":"Feature","geometry":{"type":"Point","coordinates":[-107.8626,39.4048]},"properties":{"s":46.3,"pub":false}},{"type":"Feature","geometry":{"type":"Point","coordinates":[-107.8626,39.4106]},"properties":{"s":46.3,"pub":false}},{"type":"Feature","geometry":{"type":"Point","coordinates":[-107.8626,39.4164]},"properties":{"s":36.6,"pub":true}},{"type":"Feature","geometry":{"type":"Point","coordinates":[-107.8626,39.4222]},"properties":{"s":36.6,"pub":true}},{"type":"Feature","geometry":{"type":"Point","coordinates":[-107.8626,39.428]},"properties":{"s":17.1,"pub":true}},{"type":"Feature","geometry":{"type":"Point","coordinates":[-107.8626,39.4338]},"properties":{"s":22.0,"pub":true}},{"type":"Feature","geometry":{"type":"Point","coordinates":[-107.8626,39.4396]},"properties":{"s":22.0,"pub":true}},{"type":"Feature","geometry":{"type":"Point","coordinates":[-107.8626,39.4454]},"properties":{"s":22.0,"pub":true}},{"type":"Feature","geometry":{"type":"Point","coordinates":[-107.8626,39.4802]},"properties":{"s":9.8,"pub":false}},{"type":"Feature","geometry":{"type":"Point","coordinates":[-107.8626,39.486]},"properties":{"s":9.8,"pub":false}},{"type":"Feature","geometry":{"type":"Point","coordinates":[-107.8626,39.4918]},"properties":{"s":7.3,"pub":false}},{"type":"Feature","geometry":{"type":"Point","coordinates":[-107.8626,39.4976]},"properties":{"s":7.3,"pub":false}},{"type":"Feature","geometry":{"type":"Point","coordinates":[-107.8626,39.5034]},"properties":{"s":7.3,"pub":false}},{"type":"Feature","geometry":{"type":"Point","coordinates":[-107.8626,39.5092]},"properties":{"s":7.3,"pub":false}},{"type":"Feature","geometry":{"type":"Point","coordinates":[-107.8551,39.37]},"properties":{"s":46.3,"pub":true}},{"type":"Feature","geometry":{"type":"Point","coordinates":[-107.8551,39.3758]},"properties":{"s":46.3,"pub":true}},{"type":"Feature","geometry":{"type":"Point","coordinates":[-107.8551,39.3816]},"properties":{"s":46.3,"pub":true}},{"type":"Feature","geometry":{"type":"Point","coordinates":[-107.8551,39.3874]},"properties":{"s":46.3,"pub":true}},{"type":"Feature","geometry":{"type":"Point","coordinates":[-107.8551,39.3932]},"properties":{"s":46.3,"pub":false}},{"type":"Feature","geometry":{"type":"Point","coordinates":[-107.8551,39.399]},"properties":{"s":46.3,"pub":false}},{"type":"Feature","geometry":{"type":"Point","coordinates":[-107.8551,39.4048]},"properties":{"s":46.3,"pub":false}},{"type":"Feature","geometry":{"type":"Point","coordinates":[-107.8551,39.4106]},"properties":{"s":17.1,"pub":false}},{"type":"Feature","geometry":{"type":"Point","coordinates":[-107.8551,39.4164]},"properties":{"s":17.1,"pub":false}},{"type":"Feature","geometry":{"type":"Point","coordinates":[-107.8551,39.4338]},"properties":{"s":22.0,"pub":true}},{"type":"Feature","geometry":{"type":"Point","coordinates":[-107.8551,39.4396]},"properties":{"s":22.0,"pub":true}},{"type":"Feature","geometry":{"type":"Point","coordinates":[-107.8551,39.4454]},"properties":{"s":24.4,"pub":true}},{"type":"Feature","geometry":{"type":"Point","coordinates":[-107.8551,39.4512]},"properties":{"s":24.4,"pub":true}},{"type":"Feature","geometry":{"type":"Point","coordinates":[-107.8551,39.4744]},"properties":{"s":9.8,"pub":false}},{"type":"Feature","geometry":{"type":"Point","coordinates":[-107.8551,39.4802]},"properties":{"s":9.8,"pub":false}},{"type":"Feature","geometry":{"type":"Point","coordinates":[-107.8551,39.486]},"properties":{"s":9.8,"pub":false}},{"type":"Feature","geometry":{"type":"Point","coordinates":[-107.8551,39.4918]},"properties":{"s":7.3,"pub":false}},{"type":"Feature","geometry":{"type":"Point","coordinates":[-107.8551,39.4976]},"properties":{"s":7.3,"pub":false}},{"type":"Feature","geometry":{"type":"Point","coordinates":[-107.8551,39.5034]},"properties":{"s":7.3,"pub":false}},{"type":"Feature","geometry":{"type":"Point","coordinates":[-107.8551,39.5092]},"properties":{"s":7.3,"pub":false}},{"type":"Feature","geometry":{"type":"Point","coordinates":[-107.8476,39.3758]},"properties":{"s":46.3,"pub":true}},{"type":"Feature","geometry":{"type":"Point","coordinates":[-107.8476,39.3816]},"properties":{"s":46.3,"pub":true}},{"type":"Feature","geometry":{"type":"Point","coordinates":[-107.8476,39.3874]},"properties":{"s":46.3,"pub":true}},{"type":"Feature","geometry":{"type":"Point","coordinates":[-107.8476,39.3932]},"properties":{"s":46.3,"pub":false}},{"type":"Feature","geometry":{"type":"Point","coordinates":[-107.8476,39.399]},"properties":{"s":46.3,"pub":false}},{"type":"Feature","geometry":{"type":"Point","coordinates":[-107.8476,39.4048]},"properties":{"s":46.3,"pub":false}},{"type":"Feature","geometry":{"type":"Point","coordinates":[-107.8476,39.4106]},"properties":{"s":46.3,"pub":false}},{"type":"Feature","geometry":{"type":"Point","coordinates":[-107.8476,39.4164]},"properties":{"s":17.1,"pub":true}},{"type":"Feature","geometry":{"type":"Point","coordinates":[-107.8476,39.4222]},"properties":{"s":17.1,"pub":true}},{"type":"Feature","geometry":{"type":"Point","coordinates":[-107.8476,39.428]},"properties":{"s":17.1,"pub":true}},{"type":"Feature","geometry":{"type":"Point","coordinates":[-107.8476,39.4338]},"properties":{"s":17.1,"pub":true}},{"type":"Feature","geometry":{"type":"Point","coordinates":[-107.8476,39.4396]},"properties":{"s":36.6,"pub":true}},{"type":"Feature","geometry":{"type":"Point","coordinates":[-107.8476,39.4454]},"properties":{"s":22.0,"pub":true}},{"type":"Feature","geometry":{"type":"Point","coordinates":[-107.8476,39.4744]},"properties":{"s":9.8,"pub":false}},{"type":"Feature","geometry":{"type":"Point","coordinates":[-107.8476,39.4802]},"properties":{"s":9.8,"pub":false}},{"type":"Feature","geometry":{"type":"Point","coordinates":[-107.8476,39.486]},"properties":{"s":7.3,"pub":false}},{"type":"Feature","geometry":{"type":"Point","coordinates":[-107.8476,39.4918]},"properties":{"s":7.3,"pub":false}},{"type":"Feature","geometry":{"type":"Point","coordinates":[-107.8476,39.4976]},"properties":{"s":7.3,"pub":false}},{"type":"Feature","geometry":{"type":"Point","coordinates":[-107.8476,39.5034]},"properties":{"s":7.3,"pub":false}},{"type":"Feature","geometry":{"type":"Point","coordinates":[-107.8476,39.5092]},"properties":{"s":7.3,"pub":false}},{"type":"Feature","geometry":{"type":"Point","coordinates":[-107.8401,39.3758]},"properties":{"s":46.3,"pub":true}},{"type":"Feature","geometry":{"type":"Point","coordinates":[-107.8401,39.3816]},"properties":{"s":46.3,"pub":true}},{"type":"Feature","geometry":{"type":"Point","coordinates":[-107.8401,39.3874]},"properties":{"s":46.3,"pub":true}},{"type":"Feature","geometry":{"type":"Point","coordinates":[-107.8401,39.3932]},"properties":{"s":46.3,"pub":false}},{"type":"Feature","geometry":{"type":"Point","coordinates":[-107.8401,39.399]},"properties":{"s":46.3,"pub":false}},{"type":"Feature","geometry":{"type":"Point","coordinates":[-107.8401,39.4048]},"properties":{"s":46.3,"pub":false}},{"type":"Feature","geometry":{"type":"Point","coordinates":[-107.8401,39.4106]},"properties":{"s":46.3,"pub":false}},{"type":"Feature","geometry":{"type":"Point","coordinates":[-107.8401,39.4164]},"properties":{"s":17.1,"pub":false}},{"type":"Feature","geometry":{"type":"Point","coordinates":[-107.8401,39.4222]},"properties":{"s":17.1,"pub":true}},{"type":"Feature","geometry":{"type":"Point","coordinates":[-107.8401,39.428]},"properties":{"s":17.1,"pub":false}},{"type":"Feature","geometry":{"type":"Point","coordinates":[-107.8401,39.4338]},"properties":{"s":17.1,"pub":false}},{"type":"Feature","geometry":{"type":"Point","coordinates":[-107.8401,39.4396]},"properties":{"s":17.1,"pub":false}},{"type":"Feature","geometry":{"type":"Point","coordinates":[-107.8401,39.4454]},"properties":{"s":17.1,"pub":false}},{"type":"Feature","geometry":{"type":"Point","coordinates":[-107.8401,39.4918]},"properties":{"s":7.3,"pub":false}},{"type":"Feature","geometry":{"type":"Point","coordinates":[-107.8401,39.4976]},"properties":{"s":7.3,"pub":false}},{"type":"Feature","geometry":{"type":"Point","coordinates":[-107.8401,39.5034]},"properties":{"s":7.3,"pub":false}},{"type":"Feature","geometry":{"type":"Point","coordinates":[-107.8401,39.5092]},"properties":{"s":7.3,"pub":false}},{"type":"Feature","geometry":{"type":"Point","coordinates":[-107.8401,39.515]},"properties":{"s":7.3,"pub":true}},{"type":"Feature","geometry":{"type":"Point","coordinates":[-107.8326,39.3816]},"properties":{"s":46.3,"pub":true}},{"type":"Feature","geometry":{"type":"Point","coordinates":[-107.8326,39.3874]},"properties":{"s":46.3,"pub":true}},{"type":"Feature","geometry":{"type":"Point","coordinates":[-107.8326,39.3932]},"properties":{"s":46.3,"pub":false}},{"type":"Feature","geometry":{"type":"Point","coordinates":[-107.8326,39.399]},"properties":{"s":46.3,"pub":false}},{"type":"Feature","geometry":{"type":"Point","coordinates":[-107.8326,39.4048]},"properties":{"s":46.3,"pub":false}},{"type":"Feature","geometry":{"type":"Point","coordinates":[-107.8326,39.4106]},"properties":{"s":46.3,"pub":false}},{"type":"Feature","geometry":{"type":"Point","coordinates":[-107.8326,39.4164]},"properties":{"s":17.1,"pub":true}},{"type":"Feature","geometry":{"type":"Point","coordinates":[-107.8326,39.4222]},"properties":{"s":17.1,"pub":true}},{"type":"Feature","geometry":{"type":"Point","coordinates":[-107.8326,39.428]},"properties":{"s":17.1,"pub":true}},{"type":"Feature","geometry":{"type":"Point","coordinates":[-107.8326,39.4338]},"properties":{"s":17.1,"pub":false}},{"type":"Feature","geometry":{"type":"Point","coordinates":[-107.8326,39.4396]},"properties":{"s":17.1,"pub":false}},{"type":"Feature","geometry":{"type":"Point","coordinates":[-107.8326,39.4918]},"properties":{"s":7.3,"pub":false}},{"type":"Feature","geometry":{"type":"Point","coordinates":[-107.8326,39.4976]},"properties":{"s":7.3,"pub":false}},{"type":"Feature","geometry":{"type":"Point","coordinates":[-107.8326,39.5034]},"properties":{"s":7.3,"pub":false}},{"type":"Feature","geometry":{"type":"Point","coordinates":[-107.8326,39.5092]},"properties":{"s":7.3,"pub":false}},{"type":"Feature","geometry":{"type":"Point","coordinates":[-107.8326,39.515]},"properties":{"s":7.3,"pub":true}},{"type":"Feature","geometry":{"type":"Point","coordinates":[-107.8251,39.3816]},"properties":{"s":46.3,"pub":true}},{"type":"Feature","geometry":{"type":"Point","coordinates":[-107.8251,39.3874]},"properties":{"s":46.3,"pub":true}},{"type":"Feature","geometry":{"type":"Point","coordinates":[-107.8251,39.3932]},"properties":{"s":46.3,"pub":false}},{"type":"Feature","geometry":{"type":"Point","coordinates":[-107.8251,39.399]},"properties":{"s":46.3,"pub":false}},{"type":"Feature","geometry":{"type":"Point","coordinates":[-107.8251,39.4048]},"properties":{"s":46.3,"pub":false}},{"type":"Feature","geometry":{"type":"Point","coordinates":[-107.8251,39.4106]},"properties":{"s":17.1,"pub":false}},{"type":"Feature","geometry":{"type":"Point","coordinates":[-107.8251,39.4164]},"properties":{"s":17.1,"pub":true}},{"type":"Feature","geometry":{"type":"Point","coordinates":[-107.8251,39.4222]},"properties":{"s":17.1,"pub":true}},{"type":"Feature","geometry":{"type":"Point","coordinates":[-107.8251,39.428]},"properties":{"s":17.1,"pub":false}},{"type":"Feature","geometry":{"type":"Point","coordinates":[-107.8251,39.4338]},"properties":{"s":17.1,"pub":false}},{"type":"Feature","geometry":{"type":"Point","coordinates":[-107.8251,39.4396]},"properties":{"s":17.1,"pub":false}},{"type":"Feature","geometry":{"type":"Point","coordinates":[-107.8251,39.4976]},"properties":{"s":7.3,"pub":false}},{"type":"Feature","geometry":{"type":"Point","coordinates":[-107.8251,39.5034]},"properties":{"s":7.3,"pub":false}},{"type":"Feature","geometry":{"type":"Point","coordinates":[-107.8251,39.5092]},"properties":{"s":7.3,"pub":false}},{"type":"Feature","geometry":{"type":"Point","coordinates":[-107.8251,39.515]},"properties":{"s":7.3,"pub":false}},{"type":"Feature","geometry":{"type":"Point","coordinates":[-107.8176,39.3758]},"properties":{"s":17.1,"pub":true}},{"type":"Feature","geometry":{"type":"Point","coordinates":[-107.8176,39.3816]},"properties":{"s":17.1,"pub":true}},{"type":"Feature","geometry":{"type":"Point","coordinates":[-107.8176,39.3874]},"properties":{"s":17.1,"pub":false}},{"type":"Feature","geometry":{"type":"Point","coordinates":[-107.8176,39.3932]},"properties":{"s":17.1,"pub":false}},{"type":"Feature","geometry":{"type":"Point","coordinates":[-107.8176,39.399]},"properties":{"s":17.1,"pub":false}},{"type":"Feature","geometry":{"type":"Point","coordinates":[-107.8176,39.4048]},"properties":{"s":17.1,"pub":false}},{"type":"Feature","geometry":{"type":"Point","coordinates":[-107.8176,39.4106]},"properties":{"s":17.1,"pub":false}},{"type":"Feature","geometry":{"type":"Point","coordinates":[-107.8176,39.4164]},"properties":{"s":36.6,"pub":true}},{"type":"Feature","geometry":{"type":"Point","coordinates":[-107.8176,39.4222]},"properties":{"s":17.1,"pub":true}},{"type":"Feature","geometry":{"type":"Point","coordinates":[-107.8176,39.428]},"properties":{"s":17.1,"pub":true}},{"type":"Feature","geometry":{"type":"Point","coordinates":[-107.8176,39.4338]},"properties":{"s":17.1,"pub":true}},{"type":"Feature","geometry":{"type":"Point","coordinates":[-107.8176,39.4396]},"properties":{"s":17.1,"pub":false}},{"type":"Feature","geometry":{"type":"Point","coordinates":[-107.8176,39.4454]},"properties":{"s":17.1,"pub":false}},{"type":"Feature","geometry":{"type":"Point","coordinates":[-107.8176,39.5034]},"properties":{"s":7.3,"pub":false}},{"type":"Feature","geometry":{"type":"Point","coordinates":[-107.8176,39.5092]},"properties":{"s":7.3,"pub":false}},{"type":"Feature","geometry":{"type":"Point","coordinates":[-107.8176,39.515]},"properties":{"s":7.3,"pub":false}},{"type":"Feature","geometry":{"type":"Point","coordinates":[-107.8101,39.37]},"properties":{"s":17.1,"pub":true}},{"type":"Feature","geometry":{"type":"Point","coordinates":[-107.8101,39.3758]},"properties":{"s":17.1,"pub":true}},{"type":"Feature","geometry":{"type":"Point","coordinates":[-107.8101,39.3816]},"properties":{"s":17.1,"pub":true}},{"type":"Feature","geometry":{"type":"Point","coordinates":[-107.8101,39.3874]},"properties":{"s":17.1,"pub":false}},{"type":"Feature","geometry":{"type":"Point","coordinates":[-107.8101,39.3932]},"properties":{"s":36.6,"pub":true}},{"type":"Feature","geometry":{"type":"Point","coordinates":[-107.8101,39.399]},"properties":{"s":36.6,"pub":true}},{"type":"Feature","geometry":{"type":"Point","coordinates":[-107.8101,39.4048]},"properties":{"s":36.6,"pub":true}},{"type":"Feature","geometry":{"type":"Point","coordinates":[-107.8101,39.4106]},"properties":{"s":36.6,"pub":true}},{"type":"Feature","geometry":{"type":"Point","coordinates":[-107.8101,39.4164]},"properties":{"s":36.6,"pub":true}},{"type":"Feature","geometry":{"type":"Point","coordinates":[-107.8101,39.4222]},"properties":{"s":36.6,"pub":true}},{"type":"Feature","geometry":{"type":"Point","coordinates":[-107.8101,39.428]},"properties":{"s":17.1,"pub":true}},{"type":"Feature","geometry":{"type":"Point","coordinates":[-107.8101,39.4338]},"properties":{"s":17.1,"pub":true}},{"type":"Feature","geometry":{"type":"Point","coordinates":[-107.8101,39.4396]},"properties":{"s":17.1,"pub":false}},{"type":"Feature","geometry":{"type":"Point","coordinates":[-107.8101,39.4454]},"properties":{"s":17.1,"pub":false}},{"type":"Feature","geometry":{"type":"Point","coordinates":[-107.8101,39.4512]},"properties":{"s":17.1,"pub":false}},{"type":"Feature","geometry":{"type":"Point","coordinates":[-107.8101,39.457]},"properties":{"s":17.1,"pub":false}},{"type":"Feature","geometry":{"type":"Point","coordinates":[-107.8101,39.5034]},"properties":{"s":7.3,"pub":false}},{"type":"Feature","geometry":{"type":"Point","coordinates":[-107.8101,39.5092]},"properties":{"s":7.3,"pub":false}},{"type":"Feature","geometry":{"type":"Point","coordinates":[-107.8101,39.515]},"properties":{"s":7.3,"pub":false}},{"type":"Feature","geometry":{"type":"Point","coordinates":[-107.8026,39.3642]},"properties":{"s":17.1,"pub":true}},{"type":"Feature","geometry":{"type":"Point","coordinates":[-107.8026,39.37]},"properties":{"s":17.1,"pub":true}},{"type":"Feature","geometry":{"type":"Point","coordinates":[-107.8026,39.3758]},"properties":{"s":17.1,"pub":true}},{"type":"Feature","geometry":{"type":"Point","coordinates":[-107.8026,39.3816]},"properties":{"s":17.1,"pub":true}},{"type":"Feature","geometry":{"type":"Point","coordinates":[-107.8026,39.3874]},"properties":{"s":17.1,"pub":false}},{"type":"Feature","geometry":{"type":"Point","coordinates":[-107.8026,39.3932]},"properties":{"s":36.6,"pub":true}},{"type":"Feature","geometry":{"type":"Point","coordinates":[-107.8026,39.399]},"properties":{"s":36.6,"pub":true}},{"type":"Feature","geometry":{"type":"Point","coordinates":[-107.8026,39.4048]},"properties":{"s":36.6,"pub":true}},{"type":"Feature","geometry":{"type":"Point","coordinates":[-107.8026,39.4106]},"properties":{"s":36.6,"pub":true}},{"type":"Feature","geometry":{"type":"Point","coordinates":[-107.8026,39.4164]},"properties":{"s":36.6,"pub":true}},{"type":"Feature","geometry":{"type":"Point","coordinates":[-107.8026,39.4222]},"properties":{"s":36.6,"pub":true}},{"type":"Feature","geometry":{"type":"Point","coordinates":[-107.8026,39.428]},"properties":{"s":17.1,"pub":true}},{"type":"Feature","geometry":{"type":"Point","coordinates":[-107.8026,39.4338]},"properties":{"s":17.1,"pub":true}},{"type":"Feature","geometry":{"type":"Point","coordinates":[-107.8026,39.4396]},"properties":{"s":17.1,"pub":true}},{"type":"Feature","geometry":{"type":"Point","coordinates":[-107.8026,39.4454]},"properties":{"s":17.1,"pub":true}},{"type":"Feature","geometry":{"type":"Point","coordinates":[-107.8026,39.4512]},"properties":{"s":17.1,"pub":true}},{"type":"Feature","geometry":{"type":"Point","coordinates":[-107.8026,39.5092]},"properties":{"s":7.3,"pub":false}},{"type":"Feature","geometry":{"type":"Point","coordinates":[-107.8026,39.515]},"properties":{"s":7.3,"pub":false}},{"type":"Feature","geometry":{"type":"Point","coordinates":[-107.8026,39.5208]},"properties":{"s":7.3,"pub":false}},{"type":"Feature","geometry":{"type":"Point","coordinates":[-107.7951,39.3584]},"properties":{"s":17.1,"pub":true}},{"type":"Feature","geometry":{"type":"Point","coordinates":[-107.7951,39.3642]},"properties":{"s":17.1,"pub":true}},{"type":"Feature","geometry":{"type":"Point","coordinates":[-107.7951,39.37]},"properties":{"s":17.1,"pub":true}},{"type":"Feature","geometry":{"type":"Point","coordinates":[-107.7951,39.3758]},"properties":{"s":17.1,"pub":true}},{"type":"Feature","geometry":{"type":"Point","coordinates":[-107.7951,39.3816]},"properties":{"s":17.1,"pub":true}},{"type":"Feature","geometry":{"type":"Point","coordinates":[-107.7951,39.3874]},"properties":{"s":46.3,"pub":false}},{"type":"Feature","geometry":{"type":"Point","coordinates":[-107.7951,39.3932]},"properties":{"s":65.9,"pub":true}},{"type":"Feature","geometry":{"type":"Point","coordinates":[-107.7951,39.399]},"properties":{"s":65.9,"pub":true}},{"type":"Feature","geometry":{"type":"Point","coordinates":[-107.7951,39.4048]},"properties":{"s":36.6,"pub":true}},{"type":"Feature","geometry":{"type":"Point","coordinates":[-107.7951,39.4106]},"properties":{"s":36.6,"pub":true}},{"type":"Feature","geometry":{"type":"Point","coordinates":[-107.7951,39.4164]},"properties":{"s":17.1,"pub":true}},{"type":"Feature","geometry":{"type":"Point","coordinates":[-107.7951,39.4222]},"properties":{"s":17.1,"pub":true}},{"type":"Feature","geometry":{"type":"Point","coordinates":[-107.7951,39.428]},"properties":{"s":17.1,"pub":true}},{"type":"Feature","geometry":{"type":"Point","coordinates":[-107.7951,39.4338]},"properties":{"s":17.1,"pub":true}},{"type":"Feature","geometry":{"type":"Point","coordinates":[-107.7951,39.4396]},"properties":{"s":17.1,"pub":true}},{"type":"Feature","geometry":{"type":"Point","coordinates":[-107.7951,39.4454]},"properties":{"s":17.1,"pub":true}},{"type":"Feature","geometry":{"type":"Point","coordinates":[-107.7951,39.4512]},"properties":{"s":17.1,"pub":true}},{"type":"Feature","geometry":{"type":"Point","coordinates":[-107.7876,39.3584]},"properties":{"s":17.1,"pub":true}},{"type":"Feature","geometry":{"type":"Point","coordinates":[-107.7876,39.3642]},"properties":{"s":17.1,"pub":true}},{"type":"Feature","geometry":{"type":"Point","coordinates":[-107.7876,39.37]},"properties":{"s":17.1,"pub":true}},{"type":"Feature","geometry":{"type":"Point","coordinates":[-107.7876,39.3758]},"properties":{"s":46.3,"pub":true}},{"type":"Feature","geometry":{"type":"Point","coordinates":[-107.7876,39.3816]},"properties":{"s":65.9,"pub":true}},{"type":"Feature","geometry":{"type":"Point","coordinates":[-107.7876,39.3874]},"properties":{"s":65.9,"pub":true}},{"type":"Feature","geometry":{"type":"Point","coordinates":[-107.7876,39.3932]},"properties":{"s":65.9,"pub":true}},{"type":"Feature","geometry":{"type":"Point","coordinates":[-107.7876,39.399]},"properties":{"s":65.9,"pub":true}},{"type":"Feature","geometry":{"type":"Point","coordinates":[-107.7876,39.4048]},"properties":{"s":65.9,"pub":true}},{"type":"Feature","geometry":{"type":"Point","coordinates":[-107.7876,39.4106]},"properties":{"s":65.9,"pub":true}},{"type":"Feature","geometry":{"type":"Point","coordinates":[-107.7876,39.4164]},"properties":{"s":17.1,"pub":true}},{"type":"Feature","geometry":{"type":"Point","coordinates":[-107.7876,39.4222]},"properties":{"s":17.1,"pub":true}},{"type":"Feature","geometry":{"type":"Point","coordinates":[-107.7876,39.428]},"properties":{"s":17.1,"pub":true}},{"type":"Feature","geometry":{"type":"Point","coordinates":[-107.7876,39.4338]},"properties":{"s":17.1,"pub":true}},{"type":"Feature","geometry":{"type":"Point","coordinates":[-107.7876,39.4396]},"properties":{"s":17.1,"pub":true}},{"type":"Feature","geometry":{"type":"Point","coordinates":[-107.7876,39.4454]},"properties":{"s":17.1,"pub":false}},{"type":"Feature","geometry":{"type":"Point","coordinates":[-107.7801,39.3526]},"properties":{"s":17.1,"pub":true}},{"type":"Feature","geometry":{"type":"Point","coordinates":[-107.7801,39.3584]},"properties":{"s":17.1,"pub":true}},{"type":"Feature","geometry":{"type":"Point","coordinates":[-107.7801,39.3642]},"properties":{"s":36.6,"pub":true}},{"type":"Feature","geometry":{"type":"Point","coordinates":[-107.7801,39.37]},"properties":{"s":46.3,"pub":true}},{"type":"Feature","geometry":{"type":"Point","coordinates":[-107.7801,39.3758]},"properties":{"s":65.9,"pub":true}},{"type":"Feature","geometry":{"type":"Point","coordinates":[-107.7801,39.3816]},"properties":{"s":65.9,"pub":true}},{"type":"Feature","geometry":{"type":"Point","coordinates":[-107.7801,39.3874]},"properties":{"s":65.9,"pub":true}},{"type":"Feature","geometry":{"type":"Point","coordinates":[-107.7801,39.3932]},"properties":{"s":65.9,"pub":true}},{"type":"Feature","geometry":{"type":"Point","coordinates":[-107.7801,39.399]},"properties":{"s":65.9,"pub":true}},{"type":"Feature","geometry":{"type":"Point","coordinates":[-107.7801,39.4048]},"properties":{"s":65.9,"pub":true}},{"type":"Feature","geometry":{"type":"Point","coordinates":[-107.7801,39.4106]},"properties":{"s":36.6,"pub":true}},{"type":"Feature","geometry":{"type":"Point","coordinates":[-107.7801,39.4164]},"properties":{"s":17.1,"pub":true}},{"type":"Feature","geometry":{"type":"Point","coordinates":[-107.7801,39.4222]},"properties":{"s":17.1,"pub":false}},{"type":"Feature","geometry":{"type":"Point","coordinates":[-107.7801,39.428]},"properties":{"s":17.1,"pub":true}},{"type":"Feature","geometry":{"type":"Point","coordinates":[-107.7801,39.4338]},"properties":{"s":17.1,"pub":true}},{"type":"Feature","geometry":{"type":"Point","coordinates":[-107.7801,39.4396]},"properties":{"s":17.1,"pub":true}},{"type":"Feature","geometry":{"type":"Point","coordinates":[-107.7726,39.3526]},"properties":{"s":36.6,"pub":true}},{"type":"Feature","geometry":{"type":"Point","coordinates":[-107.7726,39.3584]},"properties":{"s":36.6,"pub":true}},{"type":"Feature","geometry":{"type":"Point","coordinates":[-107.7726,39.3642]},"properties":{"s":36.6,"pub":true}},{"type":"Feature","geometry":{"type":"Point","coordinates":[-107.7726,39.37]},"properties":{"s":36.6,"pub":true}},{"type":"Feature","geometry":{"type":"Point","coordinates":[-107.7726,39.3758]},"properties":{"s":65.9,"pub":true}},{"type":"Feature","geometry":{"type":"Point","coordinates":[-107.7726,39.3816]},"properties":{"s":65.9,"pub":true}},{"type":"Feature","geometry":{"type":"Point","coordinates":[-107.7726,39.3874]},"properties":{"s":65.9,"pub":true}},{"type":"Feature","geometry":{"type":"Point","coordinates":[-107.7726,39.3932]},"properties":{"s":65.9,"pub":true}},{"type":"Feature","geometry":{"type":"Point","coordinates":[-107.7726,39.399]},"properties":{"s":65.9,"pub":true}},{"type":"Feature","geometry":{"type":"Point","coordinates":[-107.7726,39.4048]},"properties":{"s":65.9,"pub":true}},{"type":"Feature","geometry":{"type":"Point","coordinates":[-107.7726,39.4106]},"properties":{"s":36.6,"pub":true}},{"type":"Feature","geometry":{"type":"Point","coordinates":[-107.7726,39.4164]},"properties":{"s":17.1,"pub":true}},{"type":"Feature","geometry":{"type":"Point","coordinates":[-107.7726,39.4222]},"properties":{"s":17.1,"pub":true}},{"type":"Feature","geometry":{"type":"Point","coordinates":[-107.7726,39.428]},"properties":{"s":17.1,"pub":true}},{"type":"Feature","geometry":{"type":"Point","coordinates":[-107.7726,39.4338]},"properties":{"s":17.1,"pub":true}},{"type":"Feature","geometry":{"type":"Point","coordinates":[-107.7726,39.4396]},"properties":{"s":17.1,"pub":true}},{"type":"Feature","geometry":{"type":"Point","coordinates":[-107.7726,39.5092]},"properties":{"s":7.3,"pub":false}},{"type":"Feature","geometry":{"type":"Point","coordinates":[-107.7726,39.515]},"properties":{"s":7.3,"pub":false}},{"type":"Feature","geometry":{"type":"Point","coordinates":[-107.7726,39.5208]},"properties":{"s":7.3,"pub":false}},{"type":"Feature","geometry":{"type":"Point","coordinates":[-107.7651,39.3526]},"properties":{"s":36.6,"pub":true}},{"type":"Feature","geometry":{"type":"Point","coordinates":[-107.7651,39.3584]},"properties":{"s":36.6,"pub":true}},{"type":"Feature","geometry":{"type":"Point","coordinates":[-107.7651,39.3642]},"properties":{"s":36.6,"pub":true}},{"type":"Feature","geometry":{"type":"Point","coordinates":[-107.7651,39.37]},"properties":{"s":65.9,"pub":true}},{"type":"Feature","geometry":{"type":"Point","coordinates":[-107.7651,39.3758]},"properties":{"s":65.9,"pub":true}},{"type":"Feature","geometry":{"type":"Point","coordinates":[-107.7651,39.3816]},"properties":{"s":65.9,"pub":true}},{"type":"Feature","geometry":{"type":"Point","coordinates":[-107.7651,39.3874]},"properties":{"s":65.9,"pub":true}},{"type":"Feature","geometry":{"type":"Point","coordinates":[-107.7651,39.3932]},"properties":{"s":65.9,"pub":true}},{"type":"Feature","geometry":{"type":"Point","coordinates":[-107.7651,39.399]},"properties":{"s":65.9,"pub":false}},{"type":"Feature","geometry":{"type":"Point","coordinates":[-107.7651,39.4048]},"properties":{"s":65.9,"pub":false}},{"type":"Feature","geometry":{"type":"Point","coordinates":[-107.7651,39.4106]},"properties":{"s":17.1,"pub":true}},{"type":"Feature","geometry":{"type":"Point","coordinates":[-107.7651,39.4164]},"properties":{"s":17.1,"pub":true}},{"type":"Feature","geometry":{"type":"Point","coordinates":[-107.7651,39.4976]},"properties":{"s":7.3,"pub":false}},{"type":"Feature","geometry":{"type":"Point","coordinates":[-107.7651,39.5034]},"properties":{"s":7.3,"pub":false}},{"type":"Feature","geometry":{"type":"Point","coordinates":[-107.7651,39.5092]},"properties":{"s":7.3,"pub":true}},{"type":"Feature","geometry":{"type":"Point","coordinates":[-107.7651,39.515]},"properties":{"s":7.3,"pub":true}},{"type":"Feature","geometry":{"type":"Point","coordinates":[-107.7651,39.5208]},"properties":{"s":7.3,"pub":false}},{"type":"Feature","geometry":{"type":"Point","coordinates":[-107.7651,39.5266]},"properties":{"s":7.3,"pub":false}},{"type":"Feature","geometry":{"type":"Point","coordinates":[-107.7576,39.3526]},"properties":{"s":36.6,"pub":true}},{"type":"Feature","geometry":{"type":"Point","coordinates":[-107.7576,39.3584]},"properties":{"s":36.6,"pub":true}},{"type":"Feature","geometry":{"type":"Point","coordinates":[-107.7576,39.3642]},"properties":{"s":36.6,"pub":true}},{"type":"Feature","geometry":{"type":"Point","coordinates":[-107.7576,39.37]},"properties":{"s":36.6,"pub":true}},{"type":"Feature","geometry":{"type":"Point","coordinates":[-107.7576,39.3758]},"properties":{"s":65.9,"pub":true}},{"type":"Feature","geometry":{"type":"Point","coordinates":[-107.7576,39.3816]},"properties":{"s":65.9,"pub":true}},{"type":"Feature","geometry":{"type":"Point","coordinates":[-107.7576,39.3874]},"properties":{"s":65.9,"pub":true}},{"type":"Feature","geometry":{"type":"Point","coordinates":[-107.7576,39.3932]},"properties":{"s":65.9,"pub":true}},{"type":"Feature","geometry":{"type":"Point","coordinates":[-107.7576,39.399]},"properties":{"s":46.3,"pub":false}},{"type":"Feature","geometry":{"type":"Point","coordinates":[-107.7576,39.4048]},"properties":{"s":46.3,"pub":false}},{"type":"Feature","geometry":{"type":"Point","coordinates":[-107.7576,39.4106]},"properties":{"s":17.1,"pub":true}},{"type":"Feature","geometry":{"type":"Point","coordinates":[-107.7576,39.4164]},"properties":{"s":17.1,"pub":false}},{"type":"Feature","geometry":{"type":"Point","coordinates":[-107.7576,39.486]},"properties":{"s":7.3,"pub":false}},{"type":"Feature","geometry":{"type":"Point","coordinates":[-107.7576,39.4918]},"properties":{"s":7.3,"pub":true}},{"type":"Feature","geometry":{"type":"Point","coordinates":[-107.7576,39.4976]},"properties":{"s":7.3,"pub":false}},{"type":"Feature","geometry":{"type":"Point","coordinates":[-107.7576,39.5034]},"properties":{"s":7.3,"pub":false}},{"type":"Feature","geometry":{"type":"Point","coordinates":[-107.7576,39.5092]},"properties":{"s":7.3,"pub":false}},{"type":"Feature","geometry":{"type":"Point","coordinates":[-107.7576,39.515]},"properties":{"s":7.3,"pub":true}},{"type":"Feature","geometry":{"type":"Point","coordinates":[-107.7576,39.5208]},"properties":{"s":7.3,"pub":false}},{"type":"Feature","geometry":{"type":"Point","coordinates":[-107.7576,39.5266]},"properties":{"s":7.3,"pub":false}},{"type":"Feature","geometry":{"type":"Point","coordinates":[-107.7501,39.3526]},"properties":{"s":36.6,"pub":true}},{"type":"Feature","geometry":{"type":"Point","coordinates":[-107.7501,39.3584]},"properties":{"s":36.6,"pub":true}},{"type":"Feature","geometry":{"type":"Point","coordinates":[-107.7501,39.3642]},"properties":{"s":36.6,"pub":true}},{"type":"Feature","geometry":{"type":"Point","coordinates":[-107.7501,39.37]},"properties":{"s":36.6,"pub":false}},{"type":"Feature","geometry":{"type":"Point","coordinates":[-107.7501,39.3758]},"properties":{"s":65.9,"pub":false}},{"type":"Feature","geometry":{"type":"Point","coordinates":[-107.7501,39.3816]},"properties":{"s":65.9,"pub":false}},{"type":"Feature","geometry":{"type":"Point","coordinates":[-107.7501,39.3874]},"properties":{"s":46.3,"pub":false}},{"type":"Feature","geometry":{"type":"Point","coordinates":[-107.7501,39.3932]},"properties":{"s":46.3,"pub":true}},{"type":"Feature","geometry":{"type":"Point","coordinates":[-107.7501,39.399]},"properties":{"s":46.3,"pub":true}},{"type":"Feature","geometry":{"type":"Point","coordinates":[-107.7501,39.4048]},"properties":{"s":46.3,"pub":true}},{"type":"Feature","geometry":{"type":"Point","coordinates":[-107.7501,39.4106]},"properties":{"s":46.3,"pub":true}},{"type":"Feature","geometry":{"type":"Point","coordinates":[-107.7501,39.4164]},"properties":{"s":17.1,"pub":true}},{"type":"Feature","geometry":{"type":"Point","coordinates":[-107.7501,39.4222]},"properties":{"s":17.1,"pub":true}},{"type":"Feature","geometry":{"type":"Point","coordinates":[-107.7501,39.457]},"properties":{"s":7.3,"pub":false}},{"type":"Feature","geometry":{"type":"Point","coordinates":[-107.7501,39.4628]},"properties":{"s":7.3,"pub":false}},{"type":"Feature","geometry":{"type":"Point","coordinates":[-107.7501,39.4686]},"properties":{"s":7.3,"pub":true}},{"type":"Feature","geometry":{"type":"Point","coordinates":[-107.7501,39.4744]},"properties":{"s":7.3,"pub":true}},{"type":"Feature","geometry":{"type":"Point","coordinates":[-107.7501,39.4802]},"properties":{"s":7.3,"pub":false}},{"type":"Feature","geometry":{"type":"Point","coordinates":[-107.7501,39.486]},"properties":{"s":7.3,"pub":true}},{"type":"Feature","geometry":{"type":"Point","coordinates":[-107.7501,39.4918]},"properties":{"s":7.3,"pub":false}},{"type":"Feature","geometry":{"type":"Point","coordinates":[-107.7501,39.4976]},"properties":{"s":7.3,"pub":true}},{"type":"Feature","geometry":{"type":"Point","coordinates":[-107.7501,39.5034]},"properties":{"s":7.3,"pub":true}},{"type":"Feature","geometry":{"type":"Point","coordinates":[-107.7501,39.5092]},"properties":{"s":7.3,"pub":false}},{"type":"Feature","geometry":{"type":"Point","coordinates":[-107.7501,39.515]},"properties":{"s":7.3,"pub":true}},{"type":"Feature","geometry":{"type":"Point","coordinates":[-107.7501,39.5208]},"properties":{"s":7.3,"pub":false}},{"type":"Feature","geometry":{"type":"Point","coordinates":[-107.7501,39.5266]},"properties":{"s":7.3,"pub":false}},{"type":"Feature","geometry":{"type":"Point","coordinates":[-107.7426,39.3526]},"properties":{"s":36.6,"pub":true}},{"type":"Feature","geometry":{"type":"Point","coordinates":[-107.7426,39.3584]},"properties":{"s":36.6,"pub":true}},{"type":"Feature","geometry":{"type":"Point","coordinates":[-107.7426,39.3642]},"properties":{"s":36.6,"pub":true}},{"type":"Feature","geometry":{"type":"Point","coordinates":[-107.7426,39.37]},"properties":{"s":65.9,"pub":false}},{"type":"Feature","geometry":{"type":"Point","coordinates":[-107.7426,39.3758]},"properties":{"s":65.9,"pub":false}},{"type":"Feature","geometry":{"type":"Point","coordinates":[-107.7426,39.3816]},"properties":{"s":46.3,"pub":false}},{"type":"Feature","geometry":{"type":"Point","coordinates":[-107.7426,39.3874]},"properties":{"s":46.3,"pub":false}},{"type":"Feature","geometry":{"type":"Point","coordinates":[-107.7426,39.3932]},"properties":{"s":46.3,"pub":true}},{"type":"Feature","geometry":{"type":"Point","coordinates":[-107.7426,39.399]},"properties":{"s":46.3,"pub":true}},{"type":"Feature","geometry":{"type":"Point","coordinates":[-107.7426,39.4048]},"properties":{"s":46.3,"pub":true}},{"type":"Feature","geometry":{"type":"Point","coordinates":[-107.7426,39.4106]},"properties":{"s":46.3,"pub":true}},{"type":"Feature","geometry":{"type":"Point","coordinates":[-107.7426,39.4164]},"properties":{"s":17.1,"pub":true}},{"type":"Feature","geometry":{"type":"Point","coordinates":[-107.7426,39.4222]},"properties":{"s":17.1,"pub":true}},{"type":"Feature","geometry":{"type":"Point","coordinates":[-107.7426,39.428]},"properties":{"s":17.1,"pub":true}},{"type":"Feature","geometry":{"type":"Point","coordinates":[-107.7426,39.4512]},"properties":{"s":7.3,"pub":false}},{"type":"Feature","geometry":{"type":"Point","coordinates":[-107.7426,39.457]},"properties":{"s":7.3,"pub":false}},{"type":"Feature","geometry":{"type":"Point","coordinates":[-107.7426,39.4628]},"properties":{"s":7.3,"pub":false}}]}