{"type":"FeatureCollection","features":[{"type":"Feature","geometry":{"type":"Point","coordinates":[-108.1382,39.0737]},"properties":{"s":51.9,"pub":false}},{"type":"Feature","geometry":{"type":"Point","coordinates":[-108.1382,39.1085]},"properties":{"s":25.9,"pub":false}},{"type":"Feature","geometry":{"type":"Point","coordinates":[-108.1382,39.1143]},"properties":{"s":25.9,"pub":false}},{"type":"Feature","geometry":{"type":"Point","coordinates":[-108.1307,39.0737]},"properties":{"s":51.9,"pub":false}},{"type":"Feature","geometry":{"type":"Point","coordinates":[-108.1307,39.0795]},"properties":{"s":55.6,"pub":false}},{"type":"Feature","geometry":{"type":"Point","coordinates":[-108.1307,39.1027]},"properties":{"s":25.9,"pub":false}},{"type":"Feature","geometry":{"type":"Point","coordinates":[-108.1307,39.1085]},"properties":{"s":25.9,"pub":false}},{"type":"Feature","geometry":{"type":"Point","coordinates":[-108.1307,39.1143]},"properties":{"s":25.9,"pub":false}},{"type":"Feature","geometry":{"type":"Point","coordinates":[-108.1307,39.2709]},"properties":{"s":25.9,"pub":true}},{"type":"Feature","geometry":{"type":"Point","coordinates":[-108.1232,39.0737]},"properties":{"s":51.9,"pub":false}},{"type":"Feature","geometry":{"type":"Point","coordinates":[-108.1232,39.0795]},"properties":{"s":55.6,"pub":false}},{"type":"Feature","geometry":{"type":"Point","coordinates":[-108.1232,39.0853]},"properties":{"s":25.9,"pub":false}},{"type":"Feature","geometry":{"type":"Point","coordinates":[-108.1232,39.0911]},"properties":{"s":25.9,"pub":false}},{"type":"Feature","geometry":{"type":"Point","coordinates":[-108.1232,39.0969]},"properties":{"s":25.9,"pub":false}},{"type":"Feature","geometry":{"type":"Point","coordinates":[-108.1232,39.1027]},"properties":{"s":25.9,"pub":false}},{"type":"Feature","geometry":{"type":"Point","coordinates":[-108.1232,39.1085]},"properties":{"s":25.9,"pub":false}},{"type":"Feature","geometry":{"type":"Point","coordinates":[-108.1157,39.0853]},"properties":{"s":25.9,"pub":false}},{"type":"Feature","geometry":{"type":"Point","coordinates":[-108.1157,39.0911]},"properties":{"s":25.9,"pub":false}},{"type":"Feature","geometry":{"type":"Point","coordinates":[-108.1157,39.0969]},"properties":{"s":25.9,"pub":false}},{"type":"Feature","geometry":{"type":"Point","coordinates":[-108.1157,39.2651]},"properties":{"s":25.9,"pub":true}},{"type":"Feature","geometry":{"type":"Point","coordinates":[-108.1082,39.0911]},"properties":{"s":25.9,"pub":false}},{"type":"Feature","geometry":{"type":"Point","coordinates":[-108.1007,39.0911]},"properties":{"s":25.9,"pub":false}},{"type":"Feature","geometry":{"type":"Point","coordinates":[-108.1007,39.0969]},"properties":{"s":25.9,"pub":true}},{"type":"Feature","geometry":{"type":"Point","coordinates":[-108.1007,39.1027]},"properties":{"s":25.9,"pub":true}},{"type":"Feature","geometry":{"type":"Point","coordinates":[-108.1007,39.1085]},"properties":{"s":25.9,"pub":true}},{"type":"Feature","geometry":{"type":"Point","coordinates":[-108.1007,39.1143]},"properties":{"s":25.9,"pub":true}},{"type":"Feature","geometry":{"type":"Point","coordinates":[-108.1007,39.2651]},"properties":{"s":25.9,"pub":true}},{"type":"Feature","geometry":{"type":"Point","coordinates":[-108.0932,39.0911]},"properties":{"s":25.9,"pub":true}},{"type":"Feature","geometry":{"type":"Point","coordinates":[-108.0932,39.0969]},"properties":{"s":55.6,"pub":true}},{"type":"Feature","geometry":{"type":"Point","coordinates":[-108.0932,39.1027]},"properties":{"s":55.6,"pub":true}},{"type":"Feature","geometry":{"type":"Point","coordinates":[-108.0932,39.1085]},"properties":{"s":55.6,"pub":true}},{"type":"Feature","geometry":{"type":"Point","coordinates":[-108.0932,39.1143]},"properties":{"s":25.9,"pub":true}},{"type":"Feature","geometry":{"type":"Point","coordinates":[-108.0932,39.2593]},"properties":{"s":25.9,"pub":true}},{"type":"Feature","geometry":{"type":"Point","coordinates":[-108.0932,39.2651]},"properties":{"s":25.9,"pub":true}},{"type":"Feature","geometry":{"type":"Point","coordinates":[-108.0932,39.2709]},"properties":{"s":25.9,"pub":true}},{"type":"Feature","geometry":{"type":"Point","coordinates":[-108.0857,39.0679]},"properties":{"s":66.7,"pub":true}},{"type":"Feature","geometry":{"type":"Point","coordinates":[-108.0857,39.0737]},"properties":{"s":66.7,"pub":true}},{"type":"Feature","geometry":{"type":"Point","coordinates":[-108.0857,39.0795]},"properties":{"s":66.7,"pub":true}},{"type":"Feature","geometry":{"type":"Point","coordinates":[-108.0857,39.0853]},"properties":{"s":96.3,"pub":true}},{"type":"Feature","geometry":{"type":"Point","coordinates":[-108.0857,39.0911]},"properties":{"s":51.9,"pub":true}},{"type":"Feature","geometry":{"type":"Point","coordinates":[-108.0857,39.0969]},"properties":{"s":55.6,"pub":true}},{"type":"Feature","geometry":{"type":"Point","coordinates":[-108.0857,39.1027]},"properties":{"s":55.6,"pub":true}},{"type":"Feature","geometry":{"type":"Point","coordinates":[-108.0857,39.1085]},"properties":{"s":55.6,"pub":true}},{"type":"Feature","geometry":{"type":"Point","coordinates":[-108.0857,39.1143]},"properties":{"s":25.9,"pub":false}},{"type":"Feature","geometry":{"type":"Point","coordinates":[-108.0857,39.2651]},"properties":{"s":25.9,"pub":true}},{"type":"Feature","geometry":{"type":"Point","coordinates":[-108.0782,39.0737]},"properties":{"s":66.7,"pub":true}},{"type":"Feature","geometry":{"type":"Point","coordinates":[-108.0782,39.0795]},"properties":{"s":96.3,"pub":true}},{"type":"Feature","geometry":{"type":"Point","coordinates":[-108.0782,39.0853]},"properties":{"s":96.3,"pub":true}},{"type":"Feature","geometry":{"type":"Point","coordinates":[-108.0782,39.0911]},"properties":{"s":96.3,"pub":true}},{"type":"Feature","geometry":{"type":"Point","coordinates":[-108.0782,39.0969]},"properties":{"s":55.6,"pub":true}},{"type":"Feature","geometry":{"type":"Point","coordinates":[-108.0782,39.1027]},"properties":{"s":55.6,"pub":true}},{"type":"Feature","geometry":{"type":"Point","coordinates":[-108.0782,39.1085]},"properties":{"s":55.6,"pub":true}},{"type":"Feature","geometry":{"type":"Point","coordinates":[-108.0782,39.1143]},"properties":{"s":55.6,"pub":false}},{"type":"Feature","geometry":{"type":"Point","coordinates":[-108.0782,39.2709]},"properties":{"s":25.9,"pub":true}},{"type":"Feature","geometry":{"type":"Point","coordinates":[-108.0707,39.0737]},"properties":{"s":66.7,"pub":true}},{"type":"Feature","geometry":{"type":"Point","coordinates":[-108.0707,39.0795]},"properties":{"s":66.7,"pub":true}},{"type":"Feature","geometry":{"type":"Point","coordinates":[-108.0707,39.0853]},"properties":{"s":96.3,"pub":true}},{"type":"Feature","geometry":{"type":"Point","coordinates":[-108.0707,39.0911]},"properties":{"s":96.3,"pub":true}},{"type":"Feature","geometry":{"type":"Point","coordinates":[-108.0707,39.0969]},"properties":{"s":70.4,"pub":true}},{"type":"Feature","geometry":{"type":"Point","coordinates":[-108.0707,39.1027]},"properties":{"s":55.6,"pub":true}},{"type":"Feature","geometry":{"type":"Point","coordinates":[-108.0707,39.1085]},"properties":{"s":55.6,"pub":true}},{"type":"Feature","geometry":{"type":"Point","coordinates":[-108.0707,39.1143]},"properties":{"s":55.6,"pub":false}},{"type":"Feature","geometry":{"type":"Point","coordinates":[-108.0632,39.0795]},"properties":{"s":66.7,"pub":true}},{"type":"Feature","geometry":{"type":"Point","coordinates":[-108.0632,39.0853]},"properties":{"s":66.7,"pub":true}},{"type":"Feature","geometry":{"type":"Point","coordinates":[-108.0632,39.0911]},"properties":{"s":66.7,"pub":true}},{"type":"Feature","geometry":{"type":"Point","coordinates":[-108.0632,39.0969]},"properties":{"s":70.4,"pub":true}},{"type":"Feature","geometry":{"type":"Point","coordinates":[-108.0632,39.1027]},"properties":{"s":100.0,"pub":true}},{"type":"Feature","geometry":{"type":"Point","coordinates":[-108.0632,39.1085]},"properties":{"s":55.6,"pub":true}},{"type":"Feature","geometry":{"type":"Point","coordinates":[-108.0632,39.1143]},"properties":{"s":55.6,"pub":false}},{"type":"Feature","geometry":{"type":"Point","coordinates":[-108.0557,39.0795]},"properties":{"s":66.7,"pub":true}},{"type":"Feature","geometry":{"type":"Point","coordinates":[-108.0557,39.0853]},"properties":{"s":66.7,"pub":true}},{"type":"Feature","geometry":{"type":"Point","coordinates":[-108.0557,39.0911]},"properties":{"s":66.7,"pub":true}},{"type":"Feature","geometry":{"type":"Point","coordinates":[-108.0557,39.0969]},"properties":{"s":66.7,"pub":true}},{"type":"Feature","geometry":{"type":"Point","coordinates":[-108.0557,39.1027]},"properties":{"s":100.0,"pub":true}},{"type":"Feature","geometry":{"type":"Point","coordinates":[-108.0557,39.1085]},"properties":{"s":55.6,"pub":true}},{"type":"Feature","geometry":{"type":"Point","coordinates":[-108.0557,39.1143]},"properties":{"s":25.9,"pub":false}},{"type":"Feature","geometry":{"type":"Point","coordinates":[-108.0482,39.0795]},"properties":{"s":66.7,"pub":true}},{"type":"Feature","geometry":{"type":"Point","coordinates":[-108.0482,39.0853]},"properties":{"s":66.7,"pub":true}},{"type":"Feature","geometry":{"type":"Point","coordinates":[-108.0482,39.0911]},"properties":{"s":66.7,"pub":true}},{"type":"Feature","geometry":{"type":"Point","coordinates":[-108.0482,39.0969]},"properties":{"s":66.7,"pub":true}},{"type":"Feature","geometry":{"type":"Point","coordinates":[-108.0482,39.1027]},"properties":{"s":96.3,"pub":true}},{"type":"Feature","geometry":{"type":"Point","coordinates":[-108.0482,39.1085]},"properties":{"s":55.6,"pub":true}},{"type":"Feature","geometry":{"type":"Point","coordinates":[-108.0407,39.0737]},"properties":{"s":66.7,"pub":true}},{"type":"Feature","geometry":{"type":"Point","coordinates":[-108.0407,39.0795]},"properties":{"s":66.7,"pub":true}},{"type":"Feature","geometry":{"type":"Point","coordinates":[-108.0407,39.0853]},"properties":{"s":66.7,"pub":true}},{"type":"Feature","geometry":{"type":"Point","coordinates":[-108.0407,39.0911]},"properties":{"s":66.7,"pub":true}},{"type":"Feature","geometry":{"type":"Point","coordinates":[-108.0407,39.0969]},"properties":{"s":66.7,"pub":true}},{"type":"Feature","geometry":{"type":"Point","coordinates":[-108.0407,39.1027]},"properties":{"s":100.0,"pub":true}},{"type":"Feature","geometry":{"type":"Point","coordinates":[-108.0407,39.1085]},"properties":{"s":55.6,"pub":true}},{"type":"Feature","geometry":{"type":"Point","coordinates":[-108.0407,39.1143]},"properties":{"s":25.9,"pub":true}},{"type":"Feature","geometry":{"type":"Point","coordinates":[-108.0332,39.0737]},"properties":{"s":66.7,"pub":true}},{"type":"Feature","geometry":{"type":"Point","coordinates":[-108.0332,39.0795]},"properties":{"s":66.7,"pub":true}},{"type":"Feature","geometry":{"type":"Point","coordinates":[-108.0332,39.0853]},"properties":{"s":66.7,"pub":true}},{"type":"Feature","geometry":{"type":"Point","coordinates":[-108.0332,39.0911]},"properties":{"s":66.7,"pub":true}},{"type":"Feature","geometry":{"type":"Point","coordinates":[-108.0332,39.0969]},"properties":{"s":70.4,"pub":true}},{"type":"Feature","geometry":{"type":"Point","coordinates":[-108.0332,39.1027]},"properties":{"s":70.4,"pub":true}},{"type":"Feature","geometry":{"type":"Point","coordinates":[-108.0332,39.1085]},"properties":{"s":70.4,"pub":true}},{"type":"Feature","geometry":{"type":"Point","coordinates":[-108.0332,39.3115]},"properties":{"s":25.9,"pub":true}},{"type":"Feature","geometry":{"type":"Point","coordinates":[-108.0257,39.0853]},"properties":{"s":66.7,"pub":true}},{"type":"Feature","geometry":{"type":"Point","coordinates":[-108.0257,39.0911]},"properties":{"s":66.7,"pub":true}},{"type":"Feature","geometry":{"type":"Point","coordinates":[-108.0257,39.0969]},"properties":{"s":66.7,"pub":true}},{"type":"Feature","geometry":{"type":"Point","coordinates":[-108.0257,39.1027]},"properties":{"s":66.7,"pub":true}},{"type":"Feature","geometry":{"type":"Point","coordinates":[-108.0257,39.1085]},"properties":{"s":25.9,"pub":true}},{"type":"Feature","geometry":{"type":"Point","coordinates":[-108.0257,39.1143]},"properties":{"s":25.9,"pub":true}},{"type":"Feature","geometry":{"type":"Point","coordinates":[-108.0257,39.1201]},"properties":{"s":25.9,"pub":false}},{"type":"Feature","geometry":{"type":"Point","coordinates":[-108.0257,39.1259]},"properties":{"s":25.9,"pub":false}},{"type":"Feature","geometry":{"type":"Point","coordinates":[-108.0257,39.1317]},"properties":{"s":25.9,"pub":false}},{"type":"Feature","geometry":{"type":"Point","coordinates":[-108.0257,39.1375]},"properties":{"s":55.6,"pub":false}},{"type":"Feature","geometry":{"type":"Point","coordinates":[-108.0257,39.2999]},"properties":{"s":25.9,"pub":true}},{"type":"Feature","geometry":{"type":"Point","coordinates":[-108.0257,39.3057]},"properties":{"s":25.9,"pub":true}},{"type":"Feature","geometry":{"type":"Point","coordinates":[-108.0257,39.3115]},"properties":{"s":25.9,"pub":true}},{"type":"Feature","geometry":{"type":"Point","coordinates":[-108.0182,39.0911]},"properties":{"s":66.7,"pub":true}},{"type":"Feature","geometry":{"type":"Point","coordinates":[-108.0182,39.0969]},"properties":{"s":66.7,"pub":true}},{"type":"Feature","geometry":{"type":"Point","coordinates":[-108.0182,39.1027]},"properties":{"s":66.7,"pub":true}},{"type":"Feature","geometry":{"type":"Point","coordinates":[-108.0182,39.1085]},"properties":{"s":66.7,"pub":true}},{"type":"Feature","geometry":{"type":"Point","coordinates":[-108.0182,39.1143]},"properties":{"s":25.9,"pub":true}},{"type":"Feature","geometry":{"type":"Point","coordinates":[-108.0182,39.1201]},"properties":{"s":25.9,"pub":true}},{"type":"Feature","geometry":{"type":"Point","coordinates":[-108.0182,39.1259]},"properties":{"s":25.9,"pub":true}},{"type":"Feature","geometry":{"type":"Point","coordinates":[-108.0182,39.1317]},"properties":{"s":25.9,"pub":true}},{"type":"Feature","geometry":{"type":"Point","coordinates":[-108.0182,39.1375]},"properties":{"s":55.6,"pub":false}},{"type":"Feature","geometry":{"type":"Point","coordinates":[-108.0182,39.1433]},"properties":{"s":25.9,"pub":false}},{"type":"Feature","geometry":{"type":"Point","coordinates":[-108.0182,39.1491]},"properties":{"s":25.9,"pub":false}},{"type":"Feature","geometry":{"type":"Point","coordinates":[-108.0182,39.3115]},"properties":{"s":25.9,"pub":true}},{"type":"Feature","geometry":{"type":"Point","coordinates":[-108.0107,39.0911]},"properties":{"s":66.7,"pub":true}},{"type":"Feature","geometry":{"type":"Point","coordinates":[-108.0107,39.0969]},"properties":{"s":66.7,"pub":true}},{"type":"Feature","geometry":{"type":"Point","coordinates":[-108.0107,39.1027]},"properties":{"s":66.7,"pub":true}},{"type":"Feature","geometry":{"type":"Point","coordinates":[-108.0107,39.1085]},"properties":{"s":66.7,"pub":true}},{"type":"Feature","geometry":{"type":"Point","coordinates":[-108.0107,39.1143]},"properties":{"s":25.9,"pub":true}},{"type":"Feature","geometry":{"type":"Point","coordinates":[-108.0107,39.1201]},"properties":{"s":25.9,"pub":true}},{"type":"Feature","geometry":{"type":"Point","coordinates":[-108.0107,39.1259]},"properties":{"s":25.9,"pub":true}},{"type":"Feature","geometry":{"type":"Point","coordinates":[-108.0107,39.1317]},"properties":{"s":25.9,"pub":true}},{"type":"Feature","geometry":{"type":"Point","coordinates":[-108.0107,39.1375]},"properties":{"s":55.6,"pub":false}},{"type":"Feature","geometry":{"type":"Point","coordinates":[-108.0107,39.1433]},"properties":{"s":55.6,"pub":false}},{"type":"Feature","geometry":{"type":"Point","coordinates":[-108.0107,39.1491]},"properties":{"s":25.9,"pub":false}},{"type":"Feature","geometry":{"type":"Point","coordinates":[-108.0107,39.2419]},"properties":{"s":55.6,"pub":false}},{"type":"Feature","geometry":{"type":"Point","coordinates":[-108.0107,39.2477]},"properties":{"s":55.6,"pub":false}},{"type":"Feature","geometry":{"type":"Point","coordinates":[-108.0107,39.2535]},"properties":{"s":48.1,"pub":false}},{"type":"Feature","geometry":{"type":"Point","coordinates":[-108.0107,39.3057]},"properties":{"s":25.9,"pub":true}},{"type":"Feature","geometry":{"type":"Point","coordinates":[-108.0032,39.0911]},"properties":{"s":66.7,"pub":true}},{"type":"Feature","geometry":{"type":"Point","coordinates":[-108.0032,39.0969]},"properties":{"s":66.7,"pub":true}},{"type":"Feature","geometry":{"type":"Point","coordinates":[-108.0032,39.1027]},"properties":{"s":66.7,"pub":true}},{"type":"Feature","geometry":{"type":"Point","coordinates":[-108.0032,39.1085]},"properties":{"s":66.7,"pub":true}},{"type":"Feature","geometry":{"type":"Point","coordinates":[-108.0032,39.1143]},"properties":{"s":66.7,"pub":true}},{"type":"Feature","geometry":{"type":"Point","coordinates":[-108.0032,39.1201]},"properties":{"s":25.9,"pub":true}},{"type":"Feature","geometry":{"type":"Point","coordinates":[-108.0032,39.1259]},"properties":{"s":25.9,"pub":true}},{"type":"Feature","geometry":{"type":"Point","coordinates":[-108.0032,39.1317]},"properties":{"s":25.9,"pub":true}},{"type":"Feature","geometry":{"type":"Point","coordinates":[-108.0032,39.1375]},"properties":{"s":25.9,"pub":false}},{"type":"Feature","geometry":{"type":"Point","coordinates":[-108.0032,39.1433]},"properties":{"s":25.9,"pub":false}},{"type":"Feature","geometry":{"type":"Point","coordinates":[-108.0032,39.1491]},"properties":{"s":25.9,"pub":false}},{"type":"Feature","geometry":{"type":"Point","coordinates":[-108.0032,39.1549]},"properties":{"s":25.9,"pub":false}},{"type":"Feature","geometry":{"type":"Point","coordinates":[-108.0032,39.2361]},"properties":{"s":48.1,"pub":false}},{"type":"Feature","geometry":{"type":"Point","coordinates":[-108.0032,39.2419]},"properties":{"s":48.1,"pub":false}},{"type":"Feature","geometry":{"type":"Point","coordinates":[-108.0032,39.2477]},"properties":{"s":48.1,"pub":false}},{"type":"Feature","geometry":{"type":"Point","coordinates":[-108.0032,39.2535]},"properties":{"s":48.1,"pub":false}},{"type":"Feature","geometry":{"type":"Point","coordinates":[-108.0032,39.2593]},"properties":{"s":48.1,"pub":false}},{"type":"Feature","geometry":{"type":"Point","coordinates":[-108.0032,39.2941]},"properties":{"s":25.9,"pub":true}},{"type":"Feature","geometry":{"type":"Point","coordinates":[-108.0032,39.3057]},"properties":{"s":25.9,"pub":true}},{"type":"Feature","geometry":{"type":"Point","coordinates":[-107.9957,39.0911]},"properties":{"s":66.7,"pub":true}},{"type":"Feature","geometry":{"type":"Point","coordinates":[-107.9957,39.0969]},"properties":{"s":66.7,"pub":true}},{"type":"Feature","geometry":{"type":"Point","coordinates":[-107.9957,39.1027]},"properties":{"s":66.7,"pub":true}},{"type":"Feature","geometry":{"type":"Point","coordinates":[-107.9957,39.1085]},"properties":{"s":66.7,"pub":true}},{"type":"Feature","geometry":{"type":"Point","coordinates":[-107.9957,39.1143]},"properties":{"s":66.7,"pub":true}},{"type":"Feature","geometry":{"type":"Point","coordinates":[-107.9957,39.1201]},"properties":{"s":70.4,"pub":true}},{"type":"Feature","geometry":{"type":"Point","coordinates":[-107.9957,39.1259]},"properties":{"s":70.4,"pub":true}},{"type":"Feature","geometry":{"type":"Point","coordinates":[-107.9957,39.1317]},"properties":{"s":25.9,"pub":true}},{"type":"Feature","geometry":{"type":"Point","coordinates":[-107.9957,39.1375]},"properties":{"s":25.9,"pub":false}},{"type":"Feature","geometry":{"type":"Point","coordinates":[-107.9957,39.1433]},"properties":{"s":25.9,"pub":false}},{"type":"Feature","geometry":{"type":"Point","coordinates":[-107.9957,39.1491]},"properties":{"s":25.9,"pub":false}},{"type":"Feature","geometry":{"type":"Point","coordinates":[-107.9957,39.1549]},"properties":{"s":25.9,"pub":false}},{"type":"Feature","geometry":{"type":"Point","coordinates":[-107.9957,39.1607]},"properties":{"s":25.9,"pub":false}},{"type":"Feature","geometry":{"type":"Point","coordinates":[-107.9957,39.2419]},"properties":{"s":48.1,"pub":false}},{"type":"Feature","geometry":{"type":"Point","coordinates":[-107.9957,39.2477]},"properties":{"s":48.1,"pub":false}},{"type":"Feature","geometry":{"type":"Point","coordinates":[-107.9957,39.2535]},"properties":{"s":48.1,"pub":false}},{"type":"Feature","geometry":{"type":"Point","coordinates":[-107.9957,39.2593]},"properties":{"s":48.1,"pub":false}},{"type":"Feature","geometry":{"type":"Point","coordinates":[-107.9882,39.0911]},"properties":{"s":66.7,"pub":true}},{"type":"Feature","geometry":{"type":"Point","coordinates":[-107.9882,39.0969]},"properties":{"s":66.7,"pub":true}},{"type":"Feature","geometry":{"type":"Point","coordinates":[-107.9882,39.1027]},"properties":{"s":66.7,"pub":true}},{"type":"Feature","geometry":{"type":"Point","coordinates":[-107.9882,39.1085]},"properties":{"s":66.7,"pub":true}},{"type":"Feature","geometry":{"type":"Point","coordinates":[-107.9882,39.1143]},"properties":{"s":66.7,"pub":true}},{"type":"Feature","geometry":{"type":"Point","coordinates":[-107.9882,39.1201]},"properties":{"s":70.4,"pub":true}},{"type":"Feature","geometry":{"type":"Point","coordinates":[-107.9882,39.1259]},"properties":{"s":70.4,"pub":true}},{"type":"Feature","geometry":{"type":"Point","coordinates":[-107.9882,39.1317]},"properties":{"s":70.4,"pub":true}},{"type":"Feature","geometry":{"type":"Point","coordinates":[-107.9882,39.1375]},"properties":{"s":25.9,"pub":true}},{"type":"Feature","geometry":{"type":"Point","coordinates":[-107.9882,39.1433]},"properties":{"s":25.9,"pub":true}},{"type":"Feature","geometry":{"type":"Point","coordinates":[-107.9882,39.1491]},"properties":{"s":25.9,"pub":false}},{"type":"Feature","geometry":{"type":"Point","coordinates":[-107.9882,39.1549]},"properties":{"s":25.9,"pub":false}},{"type":"Feature","geometry":{"type":"Point","coordinates":[-107.9882,39.1607]},"properties":{"s":25.9,"pub":false}},{"type":"Feature","geometry":{"type":"Point","coordinates":[-107.9882,39.1665]},"properties":{"s":25.9,"pub":false}},{"type":"Feature","geometry":{"type":"Point","coordinates":[-107.9882,39.2419]},"properties":{"s":48.1,"pub":false}},{"type":"Feature","geometry":{"type":"Point","coordinates":[-107.9882,39.2477]},"properties":{"s":48.1,"pub":false}},{"type":"Feature","geometry":{"type":"Point","coordinates":[-107.9882,39.2535]},"properties":{"s":48.1,"pub":false}},{"type":"Feature","geometry":{"type":"Point","coordinates":[-107.9882,39.2593]},"properties":{"s":48.1,"pub":false}},{"type":"Feature","geometry":{"type":"Point","coordinates":[-107.9882,39.3115]},"properties":{"s":25.9,"pub":true}},{"type":"Feature","geometry":{"type":"Point","coordinates":[-107.9807,39.0911]},"properties":{"s":66.7,"pub":true}},{"type":"Feature","geometry":{"type":"Point","coordinates":[-107.9807,39.0969]},"properties":{"s":66.7,"pub":true}},{"type":"Feature","geometry":{"type":"Point","coordinates":[-107.9807,39.1027]},"properties":{"s":66.7,"pub":true}},{"type":"Feature","geometry":{"type":"Point","coordinates":[-107.9807,39.1085]},"properties":{"s":66.7,"pub":true}},{"type":"Feature","geometry":{"type":"Point","coordinates":[-107.9807,39.1143]},"properties":{"s":66.7,"pub":true}},{"type":"Feature","geometry":{"type":"Point","coordinates":[-107.9807,39.1201]},"properties":{"s":70.4,"pub":true}},{"type":"Feature","geometry":{"type":"Point","coordinates":[-107.9807,39.1259]},"properties":{"s":70.4,"pub":true}},{"type":"Feature","geometry":{"type":"Point","coordinates":[-107.9807,39.1317]},"properties":{"s":70.4,"pub":true}},{"type":"Feature","geometry":{"type":"Point","coordinates":[-107.9807,39.1375]},"properties":{"s":55.6,"pub":true}},{"type":"Feature","geometry":{"type":"Point","coordinates":[-107.9807,39.1433]},"properties":{"s":55.6,"pub":true}},{"type":"Feature","geometry":{"type":"Point","coordinates":[-107.9807,39.1491]},"properties":{"s":25.9,"pub":false}},{"type":"Feature","geometry":{"type":"Point","coordinates":[-107.9807,39.1549]},"properties":{"s":25.9,"pub":false}},{"type":"Feature","geometry":{"type":"Point","coordinates":[-107.9807,39.1607]},"properties":{"s":25.9,"pub":false}},{"type":"Feature","geometry":{"type":"Point","coordinates":[-107.9807,39.1665]},"properties":{"s":33.3,"pub":false}},{"type":"Feature","geometry":{"type":"Point","coordinates":[-107.9807,39.1723]},"properties":{"s":33.3,"pub":false}},{"type":"Feature","geometry":{"type":"Point","coordinates":[-107.9807,39.2419]},"properties":{"s":48.1,"pub":false}},{"type":"Feature","geometry":{"type":"Point","coordinates":[-107.9807,39.2477]},"properties":{"s":48.1,"pub":false}},{"type":"Feature","geometry":{"type":"Point","coordinates":[-107.9807,39.2535]},"properties":{"s":48.1,"pub":false}},{"type":"Feature","geometry":{"type":"Point","coordinates":[-107.9807,39.2593]},"properties":{"s":48.1,"pub":true}},{"type":"Feature","geometry":{"type":"Point","coordinates":[-107.9732,39.0911]},"properties":{"s":66.7,"pub":true}},{"type":"Feature","geometry":{"type":"Point","coordinates":[-107.9732,39.0969]},"properties":{"s":66.7,"pub":true}},{"type":"Feature","geometry":{"type":"Point","coordinates":[-107.9732,39.1027]},"properties":{"s":66.7,"pub":true}},{"type":"Feature","geometry":{"type":"Point","coordinates":[-107.9732,39.1085]},"properties":{"s":66.7,"pub":true}},{"type":"Feature","geometry":{"type":"Point","coordinates":[-107.9732,39.1143]},"properties":{"s":66.7,"pub":true}},{"type":"Feature","geometry":{"type":"Point","coordinates":[-107.9732,39.1201]},"properties":{"s":70.4,"pub":true}},{"type":"Feature","geometry":{"type":"Point","coordinates":[-107.9732,39.1259]},"properties":{"s":66.7,"pub":true}},{"type":"Feature","geometry":{"type":"Point","coordinates":[-107.9732,39.1317]},"properties":{"s":66.7,"pub":true}},{"type":"Feature","geometry":{"type":"Point","coordinates":[-107.9732,39.1375]},"properties":{"s":55.6,"pub":true}},{"type":"Feature","geometry":{"type":"Point","coordinates":[-107.9732,39.1433]},"properties":{"s":55.6,"pub":true}},{"type":"Feature","geometry":{"type":"Point","coordinates":[-107.9732,39.1491]},"properties":{"s":25.9,"pub":false}},{"type":"Feature","geometry":{"type":"Point","coordinates":[-107.9732,39.1549]},"properties":{"s":25.9,"pub":false}},{"type":"Feature","geometry":{"type":"Point","coordinates":[-107.9732,39.1607]},"properties":{"s":25.9,"pub":false}},{"type":"Feature","geometry":{"type":"Point","coordinates":[-107.9732,39.1665]},"properties":{"s":25.9,"pub":false}},{"type":"Feature","geometry":{"type":"Point","coordinates":[-107.9732,39.2477]},"properties":{"s":48.1,"pub":false}},{"type":"Feature","geometry":{"type":"Point","coordinates":[-107.9732,39.2535]},"properties":{"s":48.1,"pub":false}},{"type":"Feature","geometry":{"type":"Point","coordinates":[-107.9732,39.2593]},"properties":{"s":48.1,"pub":false}},{"type":"Feature","geometry":{"type":"Point","coordinates":[-107.9657,39.0969]},"properties":{"s":66.7,"pub":true}},{"type":"Feature","geometry":{"type":"Point","coordinates":[-107.9657,39.1027]},"properties":{"s":66.7,"pub":true}},{"type":"Feature","geometry":{"type":"Point","coordinates":[-107.9657,39.1085]},"properties":{"s":66.7,"pub":true}},{"type":"Feature","geometry":{"type":"Point","coordinates":[-107.9657,39.1143]},"properties":{"s":66.7,"pub":true}},{"type":"Feature","geometry":{"type":"Point","coordinates":[-107.9657,39.1201]},"properties":{"s":66.7,"pub":true}},{"type":"Feature","geometry":{"type":"Point","coordinates":[-107.9657,39.1259]},"properties":{"s":66.7,"pub":true}},{"type":"Feature","geometry":{"type":"Point","coordinates":[-107.9657,39.1317]},"properties":{"s":66.7,"pub":true}},{"type":"Feature","geometry":{"type":"Point","coordinates":[-107.9657,39.1375]},"properties":{"s":51.9,"pub":true}},{"type":"Feature","geometry":{"type":"Point","coordinates":[-107.9657,39.1433]},"properties":{"s":55.6,"pub":true}},{"type":"Feature","geometry":{"type":"Point","coordinates":[-107.9657,39.1491]},"properties":{"s":25.9,"pub":true}},{"type":"Feature","geometry":{"type":"Point","coordinates":[-107.9657,39.1549]},"properties":{"s":25.9,"pub":true}},{"type":"Feature","geometry":{"type":"Point","coordinates":[-107.9657,39.1607]},"properties":{"s":25.9,"pub":false}},{"type":"Feature","geometry":{"type":"Point","coordinates":[-107.9657,39.1665]},"properties":{"s":25.9,"pub":false}},{"type":"Feature","geometry":{"type":"Point","coordinates":[-107.9657,39.1723]},"properties":{"s":25.9,"pub":false}},{"type":"Feature","geometry":{"type":"Point","coordinates":[-107.9657,39.2477]},"properties":{"s":48.1,"pub":false}},{"type":"Feature","geometry":{"type":"Point","coordinates":[-107.9657,39.2535]},"properties":{"s":48.1,"pub":false}},{"type":"Feature","geometry":{"type":"Point","coordinates":[-107.9657,39.2593]},"properties":{"s":48.1,"pub":false}},{"type":"Feature","geometry":{"type":"Point","coordinates":[-107.9657,39.2651]},"properties":{"s":48.1,"pub":false}},{"type":"Feature","geometry":{"type":"Point","coordinates":[-107.9657,39.3173]},"properties":{"s":25.9,"pub":true}},{"type":"Feature","geometry":{"type":"Point","coordinates":[-107.9582,39.1027]},"properties":{"s":66.7,"pub":true}},{"type":"Feature","geometry":{"type":"Point","coordinates":[-107.9582,39.1085]},"properties":{"s":66.7,"pub":true}},{"type":"Feature","geometry":{"type":"Point","coordinates":[-107.9582,39.1143]},"properties":{"s":66.7,"pub":true}},{"type":"Feature","geometry":{"type":"Point","coordinates":[-107.9582,39.1201]},"properties":{"s":66.7,"pub":true}},{"type":"Feature","geometry":{"type":"Point","coordinates":[-107.9582,39.1259]},"properties":{"s":66.7,"pub":true}},{"type":"Feature","geometry":{"type":"Point","coordinates":[-107.9582,39.1317]},"properties":{"s":66.7,"pub":true}},{"type":"Feature","geometry":{"type":"Point","coordinates":[-107.9582,39.1375]},"properties":{"s":51.9,"pub":false}},{"type":"Feature","geometry":{"type":"Point","coordinates":[-107.9582,39.1433]},"properties":{"s":51.9,"pub":false}},{"type":"Feature","geometry":{"type":"Point","coordinates":[-107.9582,39.1491]},"properties":{"s":51.9,"pub":false}},{"type":"Feature","geometry":{"type":"Point","coordinates":[-107.9582,39.1549]},"properties":{"s":55.6,"pub":false}},{"type":"Feature","geometry":{"type":"Point","coordinates":[-107.9582,39.1607]},"properties":{"s":55.6,"pub":false}},{"type":"Feature","geometry":{"type":"Point","coordinates":[-107.9582,39.1665]},"properties":{"s":25.9,"pub":false}},{"type":"Feature","geometry":{"type":"Point","coordinates":[-107.9582,39.1723]},"properties":{"s":25.9,"pub":false}},{"type":"Feature","geometry":{"type":"Point","coordinates":[-107.9582,39.2477]},"properties":{"s":48.1,"pub":false}},{"type":"Feature","geometry":{"type":"Point","coordinates":[-107.9582,39.2535]},"properties":{"s":48.1,"pub":false}},{"type":"Feature","geometry":{"type":"Point","coordinates":[-107.9582,39.2593]},"properties":{"s":48.1,"pub":false}},{"type":"Feature","geometry":{"type":"Point","coordinates":[-107.9582,39.2651]},"properties":{"s":48.1,"pub":false}},{"type":"Feature","geometry":{"type":"Point","coordinates":[-107.9582,39.2709]},"properties":{"s":48.1,"pub":false}},{"type":"Feature","geometry":{"type":"Point","coordinates":[-107.9582,39.3173]},"properties":{"s":25.9,"pub":true}},{"type":"Feature","geometry":{"type":"Point","coordinates":[-107.9582,39.3231]},"properties":{"s":25.9,"pub":true}},{"type":"Feature","geometry":{"type":"Point","coordinates":[-107.9582,39.3289]},"properties":{"s":25.9,"pub":true}},{"type":"Feature","geometry":{"type":"Point","coordinates":[-107.9582,39.3347]},"properties":{"s":70.4,"pub":true}},{"type":"Feature","geometry":{"type":"Point","coordinates":[-107.9582,39.3405]},"properties":{"s":70.4,"pub":true}},{"type":"Feature","geometry":{"type":"Point","coordinates":[-107.9582,39.3463]},"properties":{"s":70.4,"pub":true}},{"type":"Feature","geometry":{"type":"Point","coordinates":[-107.9507,39.1085]},"properties":{"s":66.7,"pub":true}},{"type":"Feature","geometry":{"type":"Point","coordinates":[-107.9507,39.1143]},"properties":{"s":66.7,"pub":true}},{"type":"Feature","geometry":{"type":"Point","coordinates":[-107.9507,39.1201]},"properties":{"s":66.7,"pub":true}},{"type":"Feature","geometry":{"type":"Point","coordinates":[-107.9507,39.1259]},"properties":{"s":66.7,"pub":true}},{"type":"Feature","geometry":{"type":"Point","coordinates":[-107.9507,39.1317]},"properties":{"s":66.7,"pub":true}},{"type":"Feature","geometry":{"type":"Point","coordinates":[-107.9507,39.1433]},"properties":{"s":51.9,"pub":false}},{"type":"Feature","geometry":{"type":"Point","coordinates":[-107.9507,39.1491]},"properties":{"s":51.9,"pub":false}},{"type":"Feature","geometry":{"type":"Point","coordinates":[-107.9507,39.1549]},"properties":{"s":25.9,"pub":false}},{"type":"Feature","geometry":{"type":"Point","coordinates":[-107.9507,39.1607]},"properties":{"s":25.9,"pub":false}},{"type":"Feature","geometry":{"type":"Point","coordinates":[-107.9507,39.1665]},"properties":{"s":25.9,"pub":false}},{"type":"Feature","geometry":{"type":"Point","coordinates":[-107.9507,39.1723]},"properties":{"s":25.9,"pub":false}},{"type":"Feature","geometry":{"type":"Point","coordinates":[-107.9507,39.1781]},"properties":{"s":25.9,"pub":false}},{"type":"Feature","geometry":{"type":"Point","coordinates":[-107.9507,39.2535]},"properties":{"s":48.1,"pub":false}},{"type":"Feature","geometry":{"type":"Point","coordinates":[-107.9507,39.2593]},"properties":{"s":48.1,"pub":false}},{"type":"Feature","geometry":{"type":"Point","coordinates":[-107.9507,39.2651]},"properties":{"s":48.1,"pub":false}},{"type":"Feature","geometry":{"type":"Point","coordinates":[-107.9507,39.3231]},"properties":{"s":70.4,"pub":false}},{"type":"Feature","geometry":{"type":"Point","coordinates":[-107.9507,39.3289]},"properties":{"s":70.4,"pub":true}},{"type":"Feature","geometry":{"type":"Point","coordinates":[-107.9507,39.3347]},"properties":{"s":70.4,"pub":true}},{"type":"Feature","geometry":{"type":"Point","coordinates":[-107.9507,39.3405]},"properties":{"s":70.4,"pub":true}},{"type":"Feature","geometry":{"type":"Point","coordinates":[-107.9507,39.3463]},"properties":{"s":70.4,"pub":true}},{"type":"Feature","geometry":{"type":"Point","coordinates":[-107.9432,39.1085]},"properties":{"s":66.7,"pub":true}},{"type":"Feature","geometry":{"type":"Point","coordinates":[-107.9432,39.1143]},"properties":{"s":66.7,"pub":true}},{"type":"Feature","geometry":{"type":"Point","coordinates":[-107.9432,39.1201]},"properties":{"s":66.7,"pub":true}},{"type":"Feature","geometry":{"type":"Point","coordinates":[-107.9432,39.1259]},"properties":{"s":66.7,"pub":true}},{"type":"Feature","geometry":{"type":"Point","coordinates":[-107.9432,39.1317]},"properties":{"s":66.7,"pub":true}},{"type":"Feature","geometry":{"type":"Point","coordinates":[-107.9432,39.1549]},"properties":{"s":25.9,"pub":false}},{"type":"Feature","geometry":{"type":"Point","coordinates":[-107.9432,39.1607]},"properties":{"s":25.9,"pub":false}},{"type":"Feature","geometry":{"type":"Point","coordinates":[-107.9432,39.1665]},"properties":{"s":25.9,"pub":false}},{"type":"Feature","geometry":{"type":"Point","coordinates":[-107.9432,39.1723]},"properties":{"s":25.9,"pub":false}},{"type":"Feature","geometry":{"type":"Point","coordinates":[-107.9432,39.1781]},"properties":{"s":25.9,"pub":false}},{"type":"Feature","geometry":{"type":"Point","coordinates":[-107.9432,39.1839]},"properties":{"s":25.9,"pub":false}},{"type":"Feature","geometry":{"type":"Point","coordinates":[-107.9432,39.2593]},"properties":{"s":48.1,"pub":false}},{"type":"Feature","geometry":{"type":"Point","coordinates":[-107.9432,39.2651]},"properties":{"s":48.1,"pub":false}},{"type":"Feature","geometry":{"type":"Point","coordinates":[-107.9432,39.2709]},"properties":{"s":48.1,"pub":true}},{"type":"Feature","geometry":{"type":"Point","coordinates":[-107.9432,39.2825]},"properties":{"s":48.1,"pub":true}},{"type":"Feature","geometry":{"type":"Point","coordinates":[-107.9432,39.2883]},"properties":{"s":48.1,"pub":true}},{"type":"Feature","geometry":{"type":"Point","coordinates":[-107.9432,39.3173]},"properties":{"s":70.4,"pub":true}},{"type":"Feature","geometry":{"type":"Point","coordinates":[-107.9432,39.3231]},"properties":{"s":70.4,"pub":true}},{"type":"Feature","geometry":{"type":"Point","coordinates":[-107.9432,39.3289]},"properties":{"s":70.4,"pub":true}},{"type":"Feature","geometry":{"type":"Point","coordinates":[-107.9432,39.3347]},"properties":{"s":70.4,"pub":true}},{"type":"Feature","geometry":{"type":"Point","coordinates":[-107.9432,39.3405]},"properties":{"s":70.4,"pub":true}},{"type":"Feature","geometry":{"type":"Point","coordinates":[-107.9432,39.3463]},"properties":{"s":70.4,"pub":true}},{"type":"Feature","geometry":{"type":"Point","coordinates":[-107.9432,39.3521]},"properties":{"s":70.4,"pub":true}},{"type":"Feature","geometry":{"type":"Point","coordinates":[-107.9357,39.1085]},"properties":{"s":66.7,"pub":true}},{"type":"Feature","geometry":{"type":"Point","coordinates":[-107.9357,39.1143]},"properties":{"s":66.7,"pub":true}},{"type":"Feature","geometry":{"type":"Point","coordinates":[-107.9357,39.1201]},"properties":{"s":66.7,"pub":true}},{"type":"Feature","geometry":{"type":"Point","coordinates":[-107.9357,39.1259]},"properties":{"s":66.7,"pub":true}},{"type":"Feature","geometry":{"type":"Point","coordinates":[-107.9357,39.1317]},"properties":{"s":66.7,"pub":true}},{"type":"Feature","geometry":{"type":"Point","coordinates":[-107.9357,39.1607]},"properties":{"s":25.9,"pub":false}},{"type":"Feature","geometry":{"type":"Point","coordinates":[-107.9357,39.1723]},"properties":{"s":25.9,"pub":false}},{"type":"Feature","geometry":{"type":"Point","coordinates":[-107.9357,39.1781]},"properties":{"s":25.9,"pub":false}},{"type":"Feature","geometry":{"type":"Point","coordinates":[-107.9357,39.1839]},"properties":{"s":25.9,"pub":false}},{"type":"Feature","geometry":{"type":"Point","coordinates":[-107.9357,39.1897]},"properties":{"s":55.6,"pub":false}},{"type":"Feature","geometry":{"type":"Point","coordinates":[-107.9357,39.1955]},"properties":{"s":55.6,"pub":false}},{"type":"Feature","geometry":{"type":"Point","coordinates":[-107.9357,39.2593]},"properties":{"s":48.1,"pub":false}},{"type":"Feature","geometry":{"type":"Point","coordinates":[-107.9357,39.2651]},"properties":{"s":48.1,"pub":false}},{"type":"Feature","geometry":{"type":"Point","coordinates":[-107.9357,39.2709]},"properties":{"s":48.1,"pub":false}},{"type":"Feature","geometry":{"type":"Point","coordinates":[-107.9357,39.2767]},"properties":{"s":48.1,"pub":false}},{"type":"Feature","geometry":{"type":"Point","coordinates":[-107.9357,39.2825]},"properties":{"s":48.1,"pub":false}},{"type":"Feature","geometry":{"type":"Point","coordinates":[-107.9357,39.2883]},"properties":{"s":48.1,"pub":true}},{"type":"Feature","geometry":{"type":"Point","coordinates":[-107.9357,39.2941]},"properties":{"s":25.9,"pub":true}},{"type":"Feature","geometry":{"type":"Point","coordinates":[-107.9357,39.2999]},"properties":{"s":25.9,"pub":true}},{"type":"Feature","geometry":{"type":"Point","coordinates":[-107.9357,39.3057]},"properties":{"s":25.9,"pub":true}},{"type":"Feature","geometry":{"type":"Point","coordinates":[-107.9357,39.3115]},"properties":{"s":25.9,"pub":true}},{"type":"Feature","geometry":{"type":"Point","coordinates":[-107.9357,39.3173]},"properties":{"s":70.4,"pub":true}},{"type":"Feature","geometry":{"type":"Point","coordinates":[-107.9357,39.3231]},"properties":{"s":70.4,"pub":true}},{"type":"Feature","geometry":{"type":"Point","coordinates":[-107.9357,39.3289]},"properties":{"s":70.4,"pub":true}},{"type":"Feature","geometry":{"type":"Point","coordinates":[-107.9357,39.3347]},"properties":{"s":70.4,"pub":true}},{"type":"Feature","geometry":{"type":"Point","coordinates":[-107.9357,39.3405]},"properties":{"s":70.4,"pub":true}},{"type":"Feature","geometry":{"type":"Point","coordinates":[-107.9357,39.3463]},"properties":{"s":70.4,"pub":true}},{"type":"Feature","geometry":{"type":"Point","coordinates":[-107.9357,39.3521]},"properties":{"s":70.4,"pub":true}},{"type":"Feature","geometry":{"type":"Point","coordinates":[-107.9357,39.3579]},"properties":{"s":70.4,"pub":true}},{"type":"Feature","geometry":{"type":"Point","coordinates":[-107.9282,39.1085]},"properties":{"s":66.7,"pub":true}},{"type":"Feature","geometry":{"type":"Point","coordinates":[-107.9282,39.1143]},"properties":{"s":66.7,"pub":true}},{"type":"Feature","geometry":{"type":"Point","coordinates":[-107.9282,39.1201]},"properties":{"s":66.7,"pub":true}},{"type":"Feature","geometry":{"type":"Point","coordinates":[-107.9282,39.1259]},"properties":{"s":66.7,"pub":true}},{"type":"Feature","geometry":{"type":"Point","coordinates":[-107.9282,39.1317]},"properties":{"s":66.7,"pub":true}},{"type":"Feature","geometry":{"type":"Point","coordinates":[-107.9282,39.1665]},"properties":{"s":25.9,"pub":false}},{"type":"Feature","geometry":{"type":"Point","coordinates":[-107.9282,39.1723]},"properties":{"s":25.9,"pub":false}},{"type":"Feature","geometry":{"type":"Point","coordinates":[-107.9282,39.1781]},"properties":{"s":25.9,"pub":false}},{"type":"Feature","geometry":{"type":"Point","coordinates":[-107.9282,39.1839]},"properties":{"s":25.9,"pub":false}},{"type":"Feature","geometry":{"type":"Point","coordinates":[-107.9282,39.1897]},"properties":{"s":55.6,"pub":false}},{"type":"Feature","geometry":{"type":"Point","coordinates":[-107.9282,39.1955]},"properties":{"s":55.6,"pub":false}},{"type":"Feature","geometry":{"type":"Point","coordinates":[-107.9282,39.2013]},"properties":{"s":25.9,"pub":false}},{"type":"Feature","geometry":{"type":"Point","coordinates":[-107.9282,39.2071]},"properties":{"s":25.9,"pub":false}},{"type":"Feature","geometry":{"type":"Point","coordinates":[-107.9282,39.2651]},"properties":{"s":48.1,"pub":false}},{"type":"Feature","geometry":{"type":"Point","coordinates":[-107.9282,39.2709]},"properties":{"s":48.1,"pub":false}},{"type":"Feature","geometry":{"type":"Point","coordinates":[-107.9282,39.2825]},"properties":{"s":25.9,"pub":false}},{"type":"Feature","geometry":{"type":"Point","coordinates":[-107.9282,39.2883]},"properties":{"s":25.9,"pub":true}},{"type":"Feature","geometry":{"type":"Point","coordinates":[-107.9282,39.2941]},"properties":{"s":25.9,"pub":true}},{"type":"Feature","geometry":{"type":"Point","coordinates":[-107.9282,39.2999]},"properties":{"s":25.9,"pub":true}},{"type":"Feature","geometry":{"type":"Point","coordinates":[-107.9282,39.3057]},"properties":{"s":25.9,"pub":true}},{"type":"Feature","geometry":{"type":"Point","coordinates":[-107.9282,39.3115]},"properties":{"s":25.9,"pub":true}},{"type":"Feature","geometry":{"type":"Point","coordinates":[-107.9282,39.3173]},"properties":{"s":70.4,"pub":true}},{"type":"Feature","geometry":{"type":"Point","coordinates":[-107.9282,39.3231]},"properties":{"s":70.4,"pub":true}},{"type":"Feature","geometry":{"type":"Point","coordinates":[-107.9282,39.3289]},"properties":{"s":70.4,"pub":true}},{"type":"Feature","geometry":{"type":"Point","coordinates":[-107.9282,39.3347]},"properties":{"s":70.4,"pub":true}},{"type":"Feature","geometry":{"type":"Point","coordinates":[-107.9282,39.3405]},"properties":{"s":70.4,"pub":true}},{"type":"Feature","geometry":{"type":"Point","coordinates":[-107.9282,39.3463]},"properties":{"s":70.4,"pub":true}},{"type":"Feature","geometry":{"type":"Point","coordinates":[-107.9282,39.3521]},"properties":{"s":70.4,"pub":true}},{"type":"Feature","geometry":{"type":"Point","coordinates":[-107.9282,39.3579]},"properties":{"s":70.4,"pub":true}},{"type":"Feature","geometry":{"type":"Point","coordinates":[-107.9207,39.1143]},"properties":{"s":66.7,"pub":true}},{"type":"Feature","geometry":{"type":"Point","coordinates":[-107.9207,39.1201]},"properties":{"s":66.7,"pub":true}},{"type":"Feature","geometry":{"type":"Point","coordinates":[-107.9207,39.1259]},"properties":{"s":66.7,"pub":true}},{"type":"Feature","geometry":{"type":"Point","coordinates":[-107.9207,39.1317]},"properties":{"s":66.7,"pub":true}},{"type":"Feature","geometry":{"type":"Point","coordinates":[-107.9207,39.1375]},"properties":{"s":66.7,"pub":true}},{"type":"Feature","geometry":{"type":"Point","coordinates":[-107.9207,39.1433]},"properties":{"s":66.7,"pub":true}},{"type":"Feature","geometry":{"type":"Point","coordinates":[-107.9207,39.1491]},"properties":{"s":66.7,"pub":true}},{"type":"Feature","geometry":{"type":"Point","coordinates":[-107.9207,39.1723]},"properties":{"s":25.9,"pub":false}},{"type":"Feature","geometry":{"type":"Point","coordinates":[-107.9207,39.1781]},"properties":{"s":25.9,"pub":false}},{"type":"Feature","geometry":{"type":"Point","coordinates":[-107.9207,39.1839]},"properties":{"s":55.6,"pub":false}},{"type":"Feature","geometry":{"type":"Point","coordinates":[-107.9207,39.1897]},"properties":{"s":55.6,"pub":false}},{"type":"Feature","geometry":{"type":"Point","coordinates":[-107.9207,39.1955]},"properties":{"s":55.6,"pub":false}},{"type":"Feature","geometry":{"type":"Point","coordinates":[-107.9207,39.2013]},"properties":{"s":25.9,"pub":false}},{"type":"Feature","geometry":{"type":"Point","coordinates":[-107.9207,39.2071]},"properties":{"s":33.3,"pub":false}},{"type":"Feature","geometry":{"type":"Point","coordinates":[-107.9207,39.2129]},"properties":{"s":33.3,"pub":true}},{"type":"Feature","geometry":{"type":"Point","coordinates":[-107.9207,39.2651]},"properties":{"s":48.1,"pub":false}},{"type":"Feature","geometry":{"type":"Point","coordinates":[-107.9207,39.2709]},"properties":{"s":70.4,"pub":false}},{"type":"Feature","geometry":{"type":"Point","coordinates":[-107.9207,39.2767]},"properties":{"s":25.9,"pub":false}},{"type":"Feature","geometry":{"type":"Point","coordinates":[-107.9207,39.2825]},"properties":{"s":25.9,"pub":false}},{"type":"Feature","geometry":{"type":"Point","coordinates":[-107.9207,39.2883]},"properties":{"s":25.9,"pub":true}},{"type":"Feature","geometry":{"type":"Point","coordinates":[-107.9207,39.2941]},"properties":{"s":25.9,"pub":true}},{"type":"Feature","geometry":{"type":"Point","coordinates":[-107.9207,39.2999]},"properties":{"s":25.9,"pub":true}},{"type":"Feature","geometry":{"type":"Point","coordinates":[-107.9207,39.3057]},"properties":{"s":25.9,"pub":true}},{"type":"Feature","geometry":{"type":"Point","coordinates":[-107.9207,39.3115]},"properties":{"s":25.9,"pub":true}},{"type":"Feature","geometry":{"type":"Point","coordinates":[-107.9207,39.3173]},"properties":{"s":70.4,"pub":true}},{"type":"Feature","geometry":{"type":"Point","coordinates":[-107.9207,39.3231]},"properties":{"s":70.4,"pub":true}},{"type":"Feature","geometry":{"type":"Point","coordinates":[-107.9207,39.3289]},"properties":{"s":70.4,"pub":true}},{"type":"Feature","geometry":{"type":"Point","coordinates":[-107.9207,39.3347]},"properties":{"s":70.4,"pub":true}},{"type":"Feature","geometry":{"type":"Point","coordinates":[-107.9207,39.3405]},"properties":{"s":70.4,"pub":true}},{"type":"Feature","geometry":{"type":"Point","coordinates":[-107.9207,39.3463]},"properties":{"s":70.4,"pub":true}},{"type":"Feature","geometry":{"type":"Point","coordinates":[-107.9207,39.3521]},"properties":{"s":70.4,"pub":true}},{"type":"Feature","geometry":{"type":"Point","coordinates":[-107.9207,39.3579]},"properties":{"s":70.4,"pub":true}},{"type":"Feature","geometry":{"type":"Point","coordinates":[-107.9207,39.3637]},"properties":{"s":70.4,"pub":true}},{"type":"Feature","geometry":{"type":"Point","coordinates":[-107.9132,39.1143]},"properties":{"s":66.7,"pub":true}},{"type":"Feature","geometry":{"type":"Point","coordinates":[-107.9132,39.1201]},"properties":{"s":66.7,"pub":true}},{"type":"Feature","geometry":{"type":"Point","coordinates":[-107.9132,39.1259]},"properties":{"s":66.7,"pub":true}},{"type":"Feature","geometry":{"type":"Point","coordinates":[-107.9132,39.1317]},"properties":{"s":66.7,"pub":true}},{"type":"Feature","geometry":{"type":"Point","coordinates":[-107.9132,39.1375]},"properties":{"s":66.7,"pub":true}},{"type":"Feature","geometry":{"type":"Point","coordinates":[-107.9132,39.1433]},"properties":{"s":66.7,"pub":true}},{"type":"Feature","geometry":{"type":"Point","coordinates":[-107.9132,39.1781]},"properties":{"s":25.9,"pub":false}},{"type":"Feature","geometry":{"type":"Point","coordinates":[-107.9132,39.1839]},"properties":{"s":55.6,"pub":false}},{"type":"Feature","geometry":{"type":"Point","coordinates":[-107.9132,39.1897]},"properties":{"s":55.6,"pub":false}},{"type":"Feature","geometry":{"type":"Point","coordinates":[-107.9132,39.1955]},"properties":{"s":55.6,"pub":false}},{"type":"Feature","geometry":{"type":"Point","coordinates":[-107.9132,39.2013]},"properties":{"s":25.9,"pub":false}},{"type":"Feature","geometry":{"type":"Point","coordinates":[-107.9132,39.2071]},"properties":{"s":33.3,"pub":false}},{"type":"Feature","geometry":{"type":"Point","coordinates":[-107.9132,39.2129]},"properties":{"s":33.3,"pub":true}},{"type":"Feature","geometry":{"type":"Point","coordinates":[-107.9132,39.2651]},"properties":{"s":70.4,"pub":false}},{"type":"Feature","geometry":{"type":"Point","coordinates":[-107.9132,39.2709]},"properties":{"s":100.0,"pub":false}},{"type":"Feature","geometry":{"type":"Point","coordinates":[-107.9132,39.2767]},"properties":{"s":70.4,"pub":false}},{"type":"Feature","geometry":{"type":"Point","coordinates":[-107.9132,39.2825]},"properties":{"s":70.4,"pub":false}},{"type":"Feature","geometry":{"type":"Point","coordinates":[-107.9132,39.2883]},"properties":{"s":70.4,"pub":false}},{"type":"Feature","geometry":{"type":"Point","coordinates":[-107.9132,39.2941]},"properties":{"s":70.4,"pub":true}},{"type":"Feature","geometry":{"type":"Point","coordinates":[-107.9132,39.2999]},"properties":{"s":70.4,"pub":true}},{"type":"Feature","geometry":{"type":"Point","coordinates":[-107.9132,39.3057]},"properties":{"s":25.9,"pub":true}},{"type":"Feature","geometry":{"type":"Point","coordinates":[-107.9132,39.3115]},"properties":{"s":25.9,"pub":true}},{"type":"Feature","geometry":{"type":"Point","coordinates":[-107.9132,39.3173]},"properties":{"s":70.4,"pub":true}},{"type":"Feature","geometry":{"type":"Point","coordinates":[-107.9132,39.3231]},"properties":{"s":70.4,"pub":true}},{"type":"Feature","geometry":{"type":"Point","coordinates":[-107.9132,39.3289]},"properties":{"s":70.4,"pub":true}},{"type":"Feature","geometry":{"type":"Point","coordinates":[-107.9132,39.3347]},"properties":{"s":70.4,"pub":true}},{"type":"Feature","geometry":{"type":"Point","coordinates":[-107.9132,39.3405]},"properties":{"s":70.4,"pub":true}},{"type":"Feature","geometry":{"type":"Point","coordinates":[-107.9132,39.3463]},"properties":{"s":70.4,"pub":true}},{"type":"Feature","geometry":{"type":"Point","coordinates":[-107.9132,39.3521]},"properties":{"s":70.4,"pub":true}},{"type":"Feature","geometry":{"type":"Point","coordinates":[-107.9132,39.3579]},"properties":{"s":70.4,"pub":true}},{"type":"Feature","geometry":{"type":"Point","coordinates":[-107.9132,39.3637]},"properties":{"s":70.4,"pub":true}},{"type":"Feature","geometry":{"type":"Point","coordinates":[-107.9057,39.1143]},"properties":{"s":66.7,"pub":true}},{"type":"Feature","geometry":{"type":"Point","coordinates":[-107.9057,39.1201]},"properties":{"s":66.7,"pub":true}},{"type":"Feature","geometry":{"type":"Point","coordinates":[-107.9057,39.1259]},"properties":{"s":66.7,"pub":true}},{"type":"Feature","geometry":{"type":"Point","coordinates":[-107.9057,39.1317]},"properties":{"s":66.7,"pub":true}},{"type":"Feature","geometry":{"type":"Point","coordinates":[-107.9057,39.1375]},"properties":{"s":66.7,"pub":true}},{"type":"Feature","geometry":{"type":"Point","coordinates":[-107.9057,39.1433]},"properties":{"s":66.7,"pub":true}},{"type":"Feature","geometry":{"type":"Point","coordinates":[-107.9057,39.1781]},"properties":{"s":25.9,"pub":false}},{"type":"Feature","geometry":{"type":"Point","coordinates":[-107.9057,39.1839]},"properties":{"s":55.6,"pub":false}},{"type":"Feature","geometry":{"type":"Point","coordinates":[-107.9057,39.1897]},"properties":{"s":55.6,"pub":false}},{"type":"Feature","geometry":{"type":"Point","coordinates":[-107.9057,39.1955]},"properties":{"s":55.6,"pub":false}},{"type":"Feature","geometry":{"type":"Point","coordinates":[-107.9057,39.2013]},"properties":{"s":25.9,"pub":false}},{"type":"Feature","geometry":{"type":"Point","coordinates":[-107.9057,39.2651]},"properties":{"s":25.9,"pub":false}},{"type":"Feature","geometry":{"type":"Point","coordinates":[-107.9057,39.2709]},"properties":{"s":100.0,"pub":false}},{"type":"Feature","geometry":{"type":"Point","coordinates":[-107.9057,39.2767]},"properties":{"s":100.0,"pub":false}},{"type":"Feature","geometry":{"type":"Point","coordinates":[-107.9057,39.2825]},"properties":{"s":70.4,"pub":false}},{"type":"Feature","geometry":{"type":"Point","coordinates":[-107.9057,39.2883]},"properties":{"s":25.9,"pub":false}},{"type":"Feature","geometry":{"type":"Point","coordinates":[-107.9057,39.2941]},"properties":{"s":25.9,"pub":true}},{"type":"Feature","geometry":{"type":"Point","coordinates":[-107.9057,39.2999]},"properties":{"s":25.9,"pub":true}},{"type":"Feature","geometry":{"type":"Point","coordinates":[-107.9057,39.3057]},"properties":{"s":25.9,"pub":true}},{"type":"Feature","geometry":{"type":"Point","coordinates":[-107.9057,39.3115]},"properties":{"s":25.9,"pub":true}},{"type":"Feature","geometry":{"type":"Point","coordinates":[-107.9057,39.3173]},"properties":{"s":70.4,"pub":true}},{"type":"Feature","geometry":{"type":"Point","coordinates":[-107.9057,39.3231]},"properties":{"s":70.4,"pub":true}},{"type":"Feature","geometry":{"type":"Point","coordinates":[-107.9057,39.3289]},"properties":{"s":70.4,"pub":true}},{"type":"Feature","geometry":{"type":"Point","coordinates":[-107.9057,39.3347]},"properties":{"s":70.4,"pub":true}},{"type":"Feature","geometry":{"type":"Point","coordinates":[-107.9057,39.3405]},"properties":{"s":70.4,"pub":true}},{"type":"Feature","geometry":{"type":"Point","coordinates":[-107.9057,39.3463]},"properties":{"s":70.4,"pub":true}},{"type":"Feature","geometry":{"type":"Point","coordinates":[-107.9057,39.3521]},"properties":{"s":70.4,"pub":true}},{"type":"Feature","geometry":{"type":"Point","coordinates":[-107.9057,39.3579]},"properties":{"s":70.4,"pub":true}},{"type":"Feature","geometry":{"type":"Point","coordinates":[-107.9057,39.3637]},"properties":{"s":70.4,"pub":true}},{"type":"Feature","geometry":{"type":"Point","coordinates":[-107.9057,39.3695]},"properties":{"s":70.4,"pub":true}},{"type":"Feature","geometry":{"type":"Point","coordinates":[-107.8982,39.1143]},"properties":{"s":66.7,"pub":true}},{"type":"Feature","geometry":{"type":"Point","coordinates":[-107.8982,39.1201]},"properties":{"s":66.7,"pub":true}},{"type":"Feature","geometry":{"type":"Point","coordinates":[-107.8982,39.1259]},"properties":{"s":66.7,"pub":true}},{"type":"Feature","geometry":{"type":"Point","coordinates":[-107.8982,39.1317]},"properties":{"s":66.7,"pub":true}},{"type":"Feature","geometry":{"type":"Point","coordinates":[-107.8982,39.1375]},"properties":{"s":66.7,"pub":true}},{"type":"Feature","geometry":{"type":"Point","coordinates":[-107.8982,39.1433]},"properties":{"s":66.7,"pub":true}},{"type":"Feature","geometry":{"type":"Point","coordinates":[-107.8982,39.1781]},"properties":{"s":25.9,"pub":false}},{"type":"Feature","geometry":{"type":"Point","coordinates":[-107.8982,39.1839]},"properties":{"s":25.9,"pub":false}},{"type":"Feature","geometry":{"type":"Point","coordinates":[-107.8982,39.1897]},"properties":{"s":55.6,"pub":false}},{"type":"Feature","geometry":{"type":"Point","coordinates":[-107.8982,39.1955]},"properties":{"s":25.9,"pub":true}},{"type":"Feature","geometry":{"type":"Point","coordinates":[-107.8982,39.2013]},"properties":{"s":25.9,"pub":false}},{"type":"Feature","geometry":{"type":"Point","coordinates":[-107.8982,39.2709]},"properties":{"s":100.0,"pub":false}},{"type":"Feature","geometry":{"type":"Point","coordinates":[-107.8982,39.2767]},"properties":{"s":100.0,"pub":false}},{"type":"Feature","geometry":{"type":"Point","coordinates":[-107.8982,39.2825]},"properties":{"s":25.9,"pub":false}},{"type":"Feature","geometry":{"type":"Point","coordinates":[-107.8982,39.2883]},"properties":{"s":25.9,"pub":false}},{"type":"Feature","geometry":{"type":"Point","coordinates":[-107.8982,39.2941]},"properties":{"s":25.9,"pub":true}},{"type":"Feature","geometry":{"type":"Point","coordinates":[-107.8982,39.2999]},"properties":{"s":25.9,"pub":true}},{"type":"Feature","geometry":{"type":"Point","coordinates":[-107.8982,39.3057]},"properties":{"s":25.9,"pub":true}},{"type":"Feature","geometry":{"type":"Point","coordinates":[-107.8982,39.3115]},"properties":{"s":25.9,"pub":true}},{"type":"Feature","geometry":{"type":"Point","coordinates":[-107.8982,39.3173]},"properties":{"s":70.4,"pub":true}},{"type":"Feature","geometry":{"type":"Point","coordinates":[-107.8982,39.3231]},"properties":{"s":70.4,"pub":true}},{"type":"Feature","geometry":{"type":"Point","coordinates":[-107.8982,39.3289]},"properties":{"s":70.4,"pub":true}},{"type":"Feature","geometry":{"type":"Point","coordinates":[-107.8982,39.3347]},"properties":{"s":70.4,"pub":true}},{"type":"Feature","geometry":{"type":"Point","coordinates":[-107.8982,39.3405]},"properties":{"s":70.4,"pub":true}},{"type":"Feature","geometry":{"type":"Point","coordinates":[-107.8982,39.3463]},"properties":{"s":70.4,"pub":true}},{"type":"Feature","geometry":{"type":"Point","coordinates":[-107.8982,39.3521]},"properties":{"s":70.4,"pub":true}},{"type":"Feature","geometry":{"type":"Point","coordinates":[-107.8982,39.3579]},"properties":{"s":70.4,"pub":true}},{"type":"Feature","geometry":{"type":"Point","coordinates":[-107.8982,39.3637]},"properties":{"s":70.4,"pub":true}},{"type":"Feature","geometry":{"type":"Point","coordinates":[-107.8982,39.3695]},"properties":{"s":70.4,"pub":true}},{"type":"Feature","geometry":{"type":"Point","coordinates":[-107.8907,39.1143]},"properties":{"s":66.7,"pub":true}},{"type":"Feature","geometry":{"type":"Point","coordinates":[-107.8907,39.1201]},"properties":{"s":66.7,"pub":true}},{"type":"Feature","geometry":{"type":"Point","coordinates":[-107.8907,39.1259]},"properties":{"s":66.7,"pub":true}},{"type":"Feature","geometry":{"type":"Point","coordinates":[-107.8907,39.1317]},"properties":{"s":66.7,"pub":true}},{"type":"Feature","geometry":{"type":"Point","coordinates":[-107.8907,39.1375]},"properties":{"s":66.7,"pub":true}},{"type":"Feature","geometry":{"type":"Point","coordinates":[-107.8907,39.1433]},"properties":{"s":66.7,"pub":true}},{"type":"Feature","geometry":{"type":"Point","coordinates":[-107.8907,39.1491]},"properties":{"s":66.7,"pub":true}},{"type":"Feature","geometry":{"type":"Point","coordinates":[-107.8907,39.1723]},"properties":{"s":25.9,"pub":false}},{"type":"Feature","geometry":{"type":"Point","coordinates":[-107.8907,39.1781]},"properties":{"s":25.9,"pub":false}},{"type":"Feature","geometry":{"type":"Point","coordinates":[-107.8907,39.1839]},"properties":{"s":25.9,"pub":false}},{"type":"Feature","geometry":{"type":"Point","coordinates":[-107.8907,39.1897]},"properties":{"s":25.9,"pub":false}},{"type":"Feature","geometry":{"type":"Point","coordinates":[-107.8907,39.1955]},"properties":{"s":25.9,"pub":true}},{"type":"Feature","geometry":{"type":"Point","coordinates":[-107.8907,39.2013]},"properties":{"s":25.9,"pub":true}},{"type":"Feature","geometry":{"type":"Point","coordinates":[-107.8907,39.2071]},"properties":{"s":25.9,"pub":true}},{"type":"Feature","geometry":{"type":"Point","coordinates":[-107.8907,39.2129]},"properties":{"s":25.9,"pub":true}},{"type":"Feature","geometry":{"type":"Point","coordinates":[-107.8907,39.2187]},"properties":{"s":25.9,"pub":false}},{"type":"Feature","geometry":{"type":"Point","coordinates":[-107.8907,39.2245]},"properties":{"s":25.9,"pub":false}},{"type":"Feature","geometry":{"type":"Point","coordinates":[-107.8907,39.2303]},"properties":{"s":25.9,"pub":false}},{"type":"Feature","geometry":{"type":"Point","coordinates":[-107.8907,39.2709]},"properties":{"s":70.4,"pub":false}},{"type":"Feature","geometry":{"type":"Point","coordinates":[-107.8907,39.2767]},"properties":{"s":70.4,"pub":false}},{"type":"Feature","geometry":{"type":"Point","coordinates":[-107.8907,39.2825]},"properties":{"s":25.9,"pub":false}},{"type":"Feature","geometry":{"type":"Point","coordinates":[-107.8907,39.2883]},"properties":{"s":25.9,"pub":false}},{"type":"Feature","geometry":{"type":"Point","coordinates":[-107.8907,39.2941]},"properties":{"s":25.9,"pub":true}},{"type":"Feature","geometry":{"type":"Point","coordinates":[-107.8907,39.2999]},"properties":{"s":25.9,"pub":true}},{"type":"Feature","geometry":{"type":"Point","coordinates":[-107.8907,39.3057]},"properties":{"s":25.9,"pub":true}},{"type":"Feature","geometry":{"type":"Point","coordinates":[-107.8907,39.3115]},"properties":{"s":25.9,"pub":true}},{"type":"Feature","geometry":{"type":"Point","coordinates":[-107.8907,39.3173]},"properties":{"s":70.4,"pub":true}},{"type":"Feature","geometry":{"type":"Point","coordinates":[-107.8907,39.3231]},"properties":{"s":70.4,"pub":true}},{"type":"Feature","geometry":{"type":"Point","coordinates":[-107.8907,39.3289]},"properties":{"s":70.4,"pub":true}},{"type":"Feature","geometry":{"type":"Point","coordinates":[-107.8907,39.3347]},"properties":{"s":70.4,"pub":true}},{"type":"Feature","geometry":{"type":"Point","coordinates":[-107.8907,39.3405]},"properties":{"s":70.4,"pub":true}},{"type":"Feature","geometry":{"type":"Point","coordinates":[-107.8907,39.3463]},"properties":{"s":70.4,"pub":true}},{"type":"Feature","geometry":{"type":"Point","coordinates":[-107.8907,39.3521]},"properties":{"s":70.4,"pub":true}},{"type":"Feature","geometry":{"type":"Point","coordinates":[-107.8907,39.3579]},"properties":{"s":70.4,"pub":true}},{"type":"Feature","geometry":{"type":"Point","coordinates":[-107.8907,39.3637]},"properties":{"s":70.4,"pub":true}},{"type":"Feature","geometry":{"type":"Point","coordinates":[-107.8907,39.3695]},"properties":{"s":70.4,"pub":true}},{"type":"Feature","geometry":{"type":"Point","coordinates":[-107.8832,39.1143]},"properties":{"s":66.7,"pub":true}},{"type":"Feature","geometry":{"type":"Point","coordinates":[-107.8832,39.1201]},"properties":{"s":66.7,"pub":true}},{"type":"Feature","geometry":{"type":"Point","coordinates":[-107.8832,39.1259]},"properties":{"s":66.7,"pub":true}},{"type":"Feature","geometry":{"type":"Point","coordinates":[-107.8832,39.1317]},"properties":{"s":66.7,"pub":true}},{"type":"Feature","geometry":{"type":"Point","coordinates":[-107.8832,39.1375]},"properties":{"s":66.7,"pub":true}},{"type":"Feature","geometry":{"type":"Point","coordinates":[-107.8832,39.1433]},"properties":{"s":66.7,"pub":true}},{"type":"Feature","geometry":{"type":"Point","coordinates":[-107.8832,39.1491]},"properties":{"s":66.7,"pub":true}},{"type":"Feature","geometry":{"type":"Point","coordinates":[-107.8832,39.1549]},"properties":{"s":66.7,"pub":false}},{"type":"Feature","geometry":{"type":"Point","coordinates":[-107.8832,39.1607]},"properties":{"s":66.7,"pub":false}},{"type":"Feature","geometry":{"type":"Point","coordinates":[-107.8832,39.1665]},"properties":{"s":66.7,"pub":false}},{"type":"Feature","geometry":{"type":"Point","coordinates":[-107.8832,39.1723]},"properties":{"s":70.4,"pub":false}},{"type":"Feature","geometry":{"type":"Point","coordinates":[-107.8832,39.1781]},"properties":{"s":70.4,"pub":false}},{"type":"Feature","geometry":{"type":"Point","coordinates":[-107.8832,39.1839]},"properties":{"s":25.9,"pub":false}},{"type":"Feature","geometry":{"type":"Point","coordinates":[-107.8832,39.1897]},"properties":{"s":25.9,"pub":false}},{"type":"Feature","geometry":{"type":"Point","coordinates":[-107.8832,39.1955]},"properties":{"s":25.9,"pub":false}},{"type":"Feature","geometry":{"type":"Point","coordinates":[-107.8832,39.2013]},"properties":{"s":25.9,"pub":false}},{"type":"Feature","geometry":{"type":"Point","coordinates":[-107.8832,39.2071]},"properties":{"s":25.9,"pub":false}},{"type":"Feature","geometry":{"type":"Point","coordinates":[-107.8832,39.2129]},"properties":{"s":25.9,"pub":true}},{"type":"Feature","geometry":{"type":"Point","coordinates":[-107.8832,39.2187]},"properties":{"s":25.9,"pub":false}},{"type":"Feature","geometry":{"type":"Point","coordinates":[-107.8832,39.2245]},"properties":{"s":25.9,"pub":false}},{"type":"Feature","geometry":{"type":"Point","coordinates":[-107.8832,39.2303]},"properties":{"s":25.9,"pub":true}},{"type":"Feature","geometry":{"type":"Point","coordinates":[-107.8832,39.2767]},"properties":{"s":70.4,"pub":false}},{"type":"Feature","geometry":{"type":"Point","coordinates":[-107.8832,39.2825]},"properties":{"s":25.9,"pub":false}},{"type":"Feature","geometry":{"type":"Point","coordinates":[-107.8832,39.2883]},"properties":{"s":25.9,"pub":true}},{"type":"Feature","geometry":{"type":"Point","coordinates":[-107.8832,39.2941]},"properties":{"s":25.9,"pub":true}},{"type":"Feature","geometry":{"type":"Point","coordinates":[-107.8832,39.2999]},"properties":{"s":25.9,"pub":true}},{"type":"Feature","geometry":{"type":"Point","coordinates":[-107.8832,39.3057]},"properties":{"s":25.9,"pub":true}},{"type":"Feature","geometry":{"type":"Point","coordinates":[-107.8832,39.3115]},"properties":{"s":25.9,"pub":true}},{"type":"Feature","geometry":{"type":"Point","coordinates":[-107.8832,39.3173]},"properties":{"s":70.4,"pub":true}},{"type":"Feature","geometry":{"type":"Point","coordinates":[-107.8832,39.3231]},"properties":{"s":70.4,"pub":true}},{"type":"Feature","geometry":{"type":"Point","coordinates":[-107.8832,39.3289]},"properties":{"s":70.4,"pub":true}},{"type":"Feature","geometry":{"type":"Point","coordinates":[-107.8832,39.3347]},"properties":{"s":70.4,"pub":true}},{"type":"Feature","geometry":{"type":"Point","coordinates":[-107.8832,39.3405]},"properties":{"s":70.4,"pub":true}},{"type":"Feature","geometry":{"type":"Point","coordinates":[-107.8832,39.3463]},"properties":{"s":70.4,"pub":true}},{"type":"Feature","geometry":{"type":"Point","coordinates":[-107.8832,39.3521]},"properties":{"s":70.4,"pub":true}},{"type":"Feature","geometry":{"type":"Point","coordinates":[-107.8832,39.3579]},"properties":{"s":70.4,"pub":true}},{"type":"Feature","geometry":{"type":"Point","coordinates":[-107.8832,39.3637]},"properties":{"s":70.4,"pub":true}},{"type":"Feature","geometry":{"type":"Point","coordinates":[-107.8757,39.1143]},"properties":{"s":66.7,"pub":true}},{"type":"Feature","geometry":{"type":"Point","coordinates":[-107.8757,39.1201]},"properties":{"s":66.7,"pub":true}},{"type":"Feature","geometry":{"type":"Point","coordinates":[-107.8757,39.1259]},"properties":{"s":66.7,"pub":true}},{"type":"Feature","geometry":{"type":"Point","coordinates":[-107.8757,39.1317]},"properties":{"s":66.7,"pub":true}},{"type":"Feature","geometry":{"type":"Point","coordinates":[-107.8757,39.1375]},"properties":{"s":66.7,"pub":true}},{"type":"Feature","geometry":{"type":"Point","coordinates":[-107.8757,39.1433]},"properties":{"s":66.7,"pub":true}},{"type":"Feature","geometry":{"type":"Point","coordinates":[-107.8757,39.1491]},"properties":{"s":96.3,"pub":true}},{"type":"Feature","geometry":{"type":"Point","coordinates":[-107.8757,39.1549]},"properties":{"s":96.3,"pub":true}},{"type":"Feature","geometry":{"type":"Point","coordinates":[-107.8757,39.1607]},"properties":{"s":96.3,"pub":true}},{"type":"Feature","geometry":{"type":"Point","coordinates":[-107.8757,39.1665]},"properties":{"s":96.3,"pub":true}},{"type":"Feature","geometry":{"type":"Point","coordinates":[-107.8757,39.1723]},"properties":{"s":96.3,"pub":true}},{"type":"Feature","geometry":{"type":"Point","coordinates":[-107.8757,39.1781]},"properties":{"s":70.4,"pub":false}},{"type":"Feature","geometry":{"type":"Point","coordinates":[-107.8757,39.1839]},"properties":{"s":70.4,"pub":true}},{"type":"Feature","geometry":{"type":"Point","coordinates":[-107.8757,39.1897]},"properties":{"s":25.9,"pub":true}},{"type":"Feature","geometry":{"type":"Point","coordinates":[-107.8757,39.1955]},"properties":{"s":25.9,"pub":false}},{"type":"Feature","geometry":{"type":"Point","coordinates":[-107.8757,39.2013]},"properties":{"s":25.9,"pub":false}},{"type":"Feature","geometry":{"type":"Point","coordinates":[-107.8757,39.2071]},"properties":{"s":25.9,"pub":false}},{"type":"Feature","geometry":{"type":"Point","coordinates":[-107.8757,39.2129]},"properties":{"s":25.9,"pub":false}},{"type":"Feature","geometry":{"type":"Point","coordinates":[-107.8757,39.2187]},"properties":{"s":25.9,"pub":false}},{"type":"Feature","geometry":{"type":"Point","coordinates":[-107.8757,39.2245]},"properties":{"s":25.9,"pub":false}},{"type":"Feature","geometry":{"type":"Point","coordinates":[-107.8757,39.2767]},"properties":{"s":25.9,"pub":true}},{"type":"Feature","geometry":{"type":"Point","coordinates":[-107.8757,39.2825]},"properties":{"s":25.9,"pub":true}},{"type":"Feature","geometry":{"type":"Point","coordinates":[-107.8757,39.2883]},"properties":{"s":25.9,"pub":true}},{"type":"Feature","geometry":{"type":"Point","coordinates":[-107.8757,39.2941]},"properties":{"s":25.9,"pub":true}},{"type":"Feature","geometry":{"type":"Point","coordinates":[-107.8757,39.2999]},"properties":{"s":25.9,"pub":true}},{"type":"Feature","geometry":{"type":"Point","coordinates":[-107.8757,39.3057]},"properties":{"s":25.9,"pub":true}},{"type":"Feature","geometry":{"type":"Point","coordinates":[-107.8757,39.3115]},"properties":{"s":25.9,"pub":true}},{"type":"Feature","geometry":{"type":"Point","coordinates":[-107.8757,39.3173]},"properties":{"s":70.4,"pub":true}},{"type":"Feature","geometry":{"type":"Point","coordinates":[-107.8757,39.3231]},"properties":{"s":100.0,"pub":true}},{"type":"Feature","geometry":{"type":"Point","coordinates":[-107.8757,39.3289]},"properties":{"s":100.0,"pub":true}},{"type":"Feature","geometry":{"type":"Point","coordinates":[-107.8757,39.3347]},"properties":{"s":100.0,"pub":true}},{"type":"Feature","geometry":{"type":"Point","coordinates":[-107.8757,39.3405]},"properties":{"s":100.0,"pub":true}},{"type":"Feature","geometry":{"type":"Point","coordinates":[-107.8757,39.3463]},"properties":{"s":100.0,"pub":true}},{"type":"Feature","geometry":{"type":"Point","coordinates":[-107.8757,39.3521]},"properties":{"s":70.4,"pub":true}},{"type":"Feature","geometry":{"type":"Point","coordinates":[-107.8757,39.3579]},"properties":{"s":70.4,"pub":true}},{"type":"Feature","geometry":{"type":"Point","coordinates":[-107.8757,39.3637]},"properties":{"s":70.4,"pub":true}},{"type":"Feature","geometry":{"type":"Point","coordinates":[-107.8757,39.3695]},"properties":{"s":70.4,"pub":true}},{"type":"Feature","geometry":{"type":"Point","coordinates":[-107.8682,39.1201]},"properties":{"s":66.7,"pub":true}},{"type":"Feature","geometry":{"type":"Point","coordinates":[-107.8682,39.1259]},"properties":{"s":66.7,"pub":true}},{"type":"Feature","geometry":{"type":"Point","coordinates":[-107.8682,39.1317]},"properties":{"s":66.7,"pub":true}},{"type":"Feature","geometry":{"type":"Point","coordinates":[-107.8682,39.1375]},"properties":{"s":66.7,"pub":true}},{"type":"Feature","geometry":{"type":"Point","coordinates":[-107.8682,39.1433]},"properties":{"s":66.7,"pub":true}},{"type":"Feature","geometry":{"type":"Point","coordinates":[-107.8682,39.1491]},"properties":{"s":96.3,"pub":true}},{"type":"Feature","geometry":{"type":"Point","coordinates":[-107.8682,39.1549]},"properties":{"s":96.3,"pub":true}},{"type":"Feature","geometry":{"type":"Point","coordinates":[-107.8682,39.1607]},"properties":{"s":96.3,"pub":true}},{"type":"Feature","geometry":{"type":"Point","coordinates":[-107.8682,39.1665]},"properties":{"s":96.3,"pub":true}},{"type":"Feature","geometry":{"type":"Point","coordinates":[-107.8682,39.1723]},"properties":{"s":96.3,"pub":false}},{"type":"Feature","geometry":{"type":"Point","coordinates":[-107.8682,39.1781]},"properties":{"s":96.3,"pub":true}},{"type":"Feature","geometry":{"type":"Point","coordinates":[-107.8682,39.1839]},"properties":{"s":66.7,"pub":true}},{"type":"Feature","geometry":{"type":"Point","coordinates":[-107.8682,39.1897]},"properties":{"s":25.9,"pub":false}},{"type":"Feature","geometry":{"type":"Point","coordinates":[-107.8682,39.1955]},"properties":{"s":25.9,"pub":false}},{"type":"Feature","geometry":{"type":"Point","coordinates":[-107.8682,39.2013]},"properties":{"s":25.9,"pub":false}},{"type":"Feature","geometry":{"type":"Point","coordinates":[-107.8682,39.2071]},"properties":{"s":25.9,"pub":false}},{"type":"Feature","geometry":{"type":"Point","coordinates":[-107.8682,39.2129]},"properties":{"s":25.9,"pub":false}},{"type":"Feature","geometry":{"type":"Point","coordinates":[-107.8682,39.2187]},"properties":{"s":25.9,"pub":false}},{"type":"Feature","geometry":{"type":"Point","coordinates":[-107.8682,39.2245]},"properties":{"s":25.9,"pub":false}},{"type":"Feature","geometry":{"type":"Point","coordinates":[-107.8682,39.2767]},"properties":{"s":25.9,"pub":false}},{"type":"Feature","geometry":{"type":"Point","coordinates":[-107.8682,39.2825]},"properties":{"s":25.9,"pub":false}},{"type":"Feature","geometry":{"type":"Point","coordinates":[-107.8682,39.2883]},"properties":{"s":25.9,"pub":false}},{"type":"Feature","geometry":{"type":"Point","coordinates":[-107.8682,39.2941]},"properties":{"s":25.9,"pub":true}},{"type":"Feature","geometry":{"type":"Point","coordinates":[-107.8682,39.2999]},"properties":{"s":25.9,"pub":true}},{"type":"Feature","geometry":{"type":"Point","coordinates":[-107.8682,39.3057]},"properties":{"s":25.9,"pub":true}},{"type":"Feature","geometry":{"type":"Point","coordinates":[-107.8682,39.3115]},"properties":{"s":25.9,"pub":true}},{"type":"Feature","geometry":{"type":"Point","coordinates":[-107.8682,39.3173]},"properties":{"s":70.4,"pub":true}},{"type":"Feature","geometry":{"type":"Point","coordinates":[-107.8682,39.3231]},"properties":{"s":100.0,"pub":true}},{"type":"Feature","geometry":{"type":"Point","coordinates":[-107.8682,39.3289]},"properties":{"s":100.0,"pub":true}},{"type":"Feature","geometry":{"type":"Point","coordinates":[-107.8682,39.3347]},"properties":{"s":100.0,"pub":true}},{"type":"Feature","geometry":{"type":"Point","coordinates":[-107.8682,39.3405]},"properties":{"s":100.0,"pub":true}},{"type":"Feature","geometry":{"type":"Point","coordinates":[-107.8682,39.3463]},"properties":{"s":100.0,"pub":true}},{"type":"Feature","geometry":{"type":"Point","coordinates":[-107.8682,39.3521]},"properties":{"s":70.4,"pub":true}},{"type":"Feature","geometry":{"type":"Point","coordinates":[-107.8682,39.3579]},"properties":{"s":70.4,"pub":true}},{"type":"Feature","geometry":{"type":"Point","coordinates":[-107.8682,39.3637]},"properties":{"s":70.4,"pub":true}},{"type":"Feature","geometry":{"type":"Point","coordinates":[-107.8682,39.3695]},"properties":{"s":70.4,"pub":true}},{"type":"Feature","geometry":{"type":"Point","coordinates":[-107.8607,39.1259]},"properties":{"s":66.7,"pub":true}},{"type":"Feature","geometry":{"type":"Point","coordinates":[-107.8607,39.1317]},"properties":{"s":66.7,"pub":true}},{"type":"Feature","geometry":{"type":"Point","coordinates":[-107.8607,39.1375]},"properties":{"s":66.7,"pub":true}},{"type":"Feature","geometry":{"type":"Point","coordinates":[-107.8607,39.1433]},"properties":{"s":66.7,"pub":true}},{"type":"Feature","geometry":{"type":"Point","coordinates":[-107.8607,39.1491]},"properties":{"s":66.7,"pub":true}},{"type":"Feature","geometry":{"type":"Point","coordinates":[-107.8607,39.1549]},"properties":{"s":66.7,"pub":true}},{"type":"Feature","geometry":{"type":"Point","coordinates":[-107.8607,39.1607]},"properties":{"s":96.3,"pub":true}},{"type":"Feature","geometry":{"type":"Point","coordinates":[-107.8607,39.1665]},"properties":{"s":96.3,"pub":true}},{"type":"Feature","geometry":{"type":"Point","coordinates":[-107.8607,39.1723]},"properties":{"s":96.3,"pub":true}},{"type":"Feature","geometry":{"type":"Point","coordinates":[-107.8607,39.1781]},"properties":{"s":96.3,"pub":true}},{"type":"Feature","geometry":{"type":"Point","coordinates":[-107.8607,39.1839]},"properties":{"s":70.4,"pub":true}},{"type":"Feature","geometry":{"type":"Point","coordinates":[-107.8607,39.1897]},"properties":{"s":70.4,"pub":true}},{"type":"Feature","geometry":{"type":"Point","coordinates":[-107.8607,39.1955]},"properties":{"s":25.9,"pub":false}},{"type":"Feature","geometry":{"type":"Point","coordinates":[-107.8607,39.2013]},"properties":{"s":25.9,"pub":false}},{"type":"Feature","geometry":{"type":"Point","coordinates":[-107.8607,39.2071]},"properties":{"s":25.9,"pub":false}},{"type":"Feature","geometry":{"type":"Point","coordinates":[-107.8607,39.2129]},"properties":{"s":25.9,"pub":false}},{"type":"Feature","geometry":{"type":"Point","coordinates":[-107.8607,39.2187]},"properties":{"s":25.9,"pub":false}},{"type":"Feature","geometry":{"type":"Point","coordinates":[-107.8607,39.2245]},"properties":{"s":25.9,"pub":false}},{"type":"Feature","geometry":{"type":"Point","coordinates":[-107.8607,39.2303]},"properties":{"s":25.9,"pub":true}},{"type":"Feature","geometry":{"type":"Point","coordinates":[-107.8607,39.2767]},"properties":{"s":25.9,"pub":false}},{"type":"Feature","geometry":{"type":"Point","coordinates":[-107.8607,39.2825]},"properties":{"s":25.9,"pub":false}},{"type":"Feature","geometry":{"type":"Point","coordinates":[-107.8607,39.2883]},"properties":{"s":25.9,"pub":false}},{"type":"Feature","geometry":{"type":"Point","coordinates":[-107.8607,39.2941]},"properties":{"s":25.9,"pub":true}},{"type":"Feature","geometry":{"type":"Point","coordinates":[-107.8607,39.2999]},"properties":{"s":25.9,"pub":true}},{"type":"Feature","geometry":{"type":"Point","coordinates":[-107.8607,39.3057]},"properties":{"s":25.9,"pub":true}},{"type":"Feature","geometry":{"type":"Point","coordinates":[-107.8607,39.3115]},"properties":{"s":25.9,"pub":true}},{"type":"Feature","geometry":{"type":"Point","coordinates":[-107.8607,39.3173]},"properties":{"s":70.4,"pub":true}},{"type":"Feature","geometry":{"type":"Point","coordinates":[-107.8607,39.3231]},"properties":{"s":100.0,"pub":true}},{"type":"Feature","geometry":{"type":"Point","coordinates":[-107.8607,39.3289]},"properties":{"s":100.0,"pub":true}},{"type":"Feature","geometry":{"type":"Point","coordinates":[-107.8607,39.3347]},"properties":{"s":100.0,"pub":true}},{"type":"Feature","geometry":{"type":"Point","coordinates":[-107.8607,39.3405]},"properties":{"s":100.0,"pub":true}},{"type":"Feature","geometry":{"type":"Point","coordinates":[-107.8607,39.3463]},"properties":{"s":70.4,"pub":true}},{"type":"Feature","geometry":{"type":"Point","coordinates":[-107.8607,39.3521]},"properties":{"s":70.4,"pub":true}},{"type":"Feature","geometry":{"type":"Point","coordinates":[-107.8607,39.3579]},"properties":{"s":70.4,"pub":true}},{"type":"Feature","geometry":{"type":"Point","coordinates":[-107.8607,39.3637]},"properties":{"s":70.4,"pub":true}},{"type":"Feature","geometry":{"type":"Point","coordinates":[-107.8607,39.3695]},"properties":{"s":70.4,"pub":true}},{"type":"Feature","geometry":{"type":"Point","coordinates":[-107.8532,39.1375]},"properties":{"s":66.7,"pub":true}},{"type":"Feature","geometry":{"type":"Point","coordinates":[-107.8532,39.1433]},"properties":{"s":66.7,"pub":true}},{"type":"Feature","geometry":{"type":"Point","coordinates":[-107.8532,39.1491]},"properties":{"s":66.7,"pub":true}},{"type":"Feature","geometry":{"type":"Point","coordinates":[-107.8532,39.1549]},"properties":{"s":66.7,"pub":true}},{"type":"Feature","geometry":{"type":"Point","coordinates":[-107.8532,39.1607]},"properties":{"s":66.7,"pub":true}},{"type":"Feature","geometry":{"type":"Point","coordinates":[-107.8532,39.1665]},"properties":{"s":96.3,"pub":true}},{"type":"Feature","geometry":{"type":"Point","coordinates":[-107.8532,39.1723]},"properties":{"s":96.3,"pub":true}},{"type":"Feature","geometry":{"type":"Point","coordinates":[-107.8532,39.1781]},"properties":{"s":96.3,"pub":true}},{"type":"Feature","geometry":{"type":"Point","coordinates":[-107.8532,39.1839]},"properties":{"s":66.7,"pub":false}},{"type":"Feature","geometry":{"type":"Point","coordinates":[-107.8532,39.1897]},"properties":{"s":25.9,"pub":false}},{"type":"Feature","geometry":{"type":"Point","coordinates":[-107.8532,39.1955]},"properties":{"s":25.9,"pub":false}},{"type":"Feature","geometry":{"type":"Point","coordinates":[-107.8532,39.2013]},"properties":{"s":25.9,"pub":false}},{"type":"Feature","geometry":{"type":"Point","coordinates":[-107.8532,39.2071]},"properties":{"s":25.9,"pub":false}},{"type":"Feature","geometry":{"type":"Point","coordinates":[-107.8532,39.2129]},"properties":{"s":25.9,"pub":false}},{"type":"Feature","geometry":{"type":"Point","coordinates":[-107.8532,39.2187]},"properties":{"s":25.9,"pub":false}},{"type":"Feature","geometry":{"type":"Point","coordinates":[-107.8532,39.2245]},"properties":{"s":25.9,"pub":false}},{"type":"Feature","geometry":{"type":"Point","coordinates":[-107.8532,39.2303]},"properties":{"s":25.9,"pub":true}},{"type":"Feature","geometry":{"type":"Point","coordinates":[-107.8532,39.2361]},"properties":{"s":25.9,"pub":true}},{"type":"Feature","geometry":{"type":"Point","coordinates":[-107.8532,39.2767]},"properties":{"s":25.9,"pub":false}},{"type":"Feature","geometry":{"type":"Point","coordinates":[-107.8532,39.2825]},"properties":{"s":25.9,"pub":false}},{"type":"Feature","geometry":{"type":"Point","coordinates":[-107.8532,39.2883]},"properties":{"s":25.9,"pub":false}},{"type":"Feature","geometry":{"type":"Point","coordinates":[-107.8532,39.2941]},"properties":{"s":25.9,"pub":true}},{"type":"Feature","geometry":{"type":"Point","coordinates":[-107.8532,39.2999]},"properties":{"s":25.9,"pub":true}},{"type":"Feature","geometry":{"type":"Point","coordinates":[-107.8532,39.3057]},"properties":{"s":25.9,"pub":false}},{"type":"Feature","geometry":{"type":"Point","coordinates":[-107.8532,39.3115]},"properties":{"s":25.9,"pub":false}},{"type":"Feature","geometry":{"type":"Point","coordinates":[-107.8532,39.3173]},"properties":{"s":100.0,"pub":true}},{"type":"Feature","geometry":{"type":"Point","coordinates":[-107.8532,39.3231]},"properties":{"s":100.0,"pub":true}},{"type":"Feature","geometry":{"type":"Point","coordinates":[-107.8532,39.3289]},"properties":{"s":100.0,"pub":true}},{"type":"Feature","geometry":{"type":"Point","coordinates":[-107.8532,39.3347]},"properties":{"s":100.0,"pub":true}},{"type":"Feature","geometry":{"type":"Point","coordinates":[-107.8532,39.3405]},"properties":{"s":100.0,"pub":true}},{"type":"Feature","geometry":{"type":"Point","coordinates":[-107.8532,39.3463]},"properties":{"s":70.4,"pub":true}},{"type":"Feature","geometry":{"type":"Point","coordinates":[-107.8532,39.3521]},"properties":{"s":100.0,"pub":true}},{"type":"Feature","geometry":{"type":"Point","coordinates":[-107.8532,39.3579]},"properties":{"s":100.0,"pub":true}},{"type":"Feature","geometry":{"type":"Point","coordinates":[-107.8532,39.3637]},"properties":{"s":70.4,"pub":true}},{"type":"Feature","geometry":{"type":"Point","coordinates":[-107.8532,39.3695]},"properties":{"s":70.4,"pub":true}},{"type":"Feature","geometry":{"type":"Point","coordinates":[-107.8457,39.1433]},"properties":{"s":66.7,"pub":true}},{"type":"Feature","geometry":{"type":"Point","coordinates":[-107.8457,39.1491]},"properties":{"s":66.7,"pub":true}},{"type":"Feature","geometry":{"type":"Point","coordinates":[-107.8457,39.1549]},"properties":{"s":66.7,"pub":true}},{"type":"Feature","geometry":{"type":"Point","coordinates":[-107.8457,39.1607]},"properties":{"s":66.7,"pub":true}},{"type":"Feature","geometry":{"type":"Point","coordinates":[-107.8457,39.1665]},"properties":{"s":96.3,"pub":true}},{"type":"Feature","geometry":{"type":"Point","coordinates":[-107.8457,39.1723]},"properties":{"s":96.3,"pub":true}},{"type":"Feature","geometry":{"type":"Point","coordinates":[-107.8457,39.1781]},"properties":{"s":96.3,"pub":true}},{"type":"Feature","geometry":{"type":"Point","coordinates":[-107.8457,39.1839]},"properties":{"s":51.9,"pub":true}},{"type":"Feature","geometry":{"type":"Point","coordinates":[-107.8457,39.1897]},"properties":{"s":25.9,"pub":true}},{"type":"Feature","geometry":{"type":"Point","coordinates":[-107.8457,39.1955]},"properties":{"s":25.9,"pub":false}},{"type":"Feature","geometry":{"type":"Point","coordinates":[-107.8457,39.2013]},"properties":{"s":25.9,"pub":false}},{"type":"Feature","geometry":{"type":"Point","coordinates":[-107.8457,39.2071]},"properties":{"s":25.9,"pub":false}},{"type":"Feature","geometry":{"type":"Point","coordinates":[-107.8457,39.2129]},"properties":{"s":25.9,"pub":false}},{"type":"Feature","geometry":{"type":"Point","coordinates":[-107.8457,39.2187]},"properties":{"s":25.9,"pub":true}},{"type":"Feature","geometry":{"type":"Point","coordinates":[-107.8457,39.2245]},"properties":{"s":25.9,"pub":false}},{"type":"Feature","geometry":{"type":"Point","coordinates":[-107.8457,39.2303]},"properties":{"s":25.9,"pub":true}},{"type":"Feature","geometry":{"type":"Point","coordinates":[-107.8457,39.2361]},"properties":{"s":25.9,"pub":true}},{"type":"Feature","geometry":{"type":"Point","coordinates":[-107.8457,39.2419]},"properties":{"s":25.9,"pub":false}},{"type":"Feature","geometry":{"type":"Point","coordinates":[-107.8457,39.2709]},"properties":{"s":25.9,"pub":false}},{"type":"Feature","geometry":{"type":"Point","coordinates":[-107.8457,39.2767]},"properties":{"s":25.9,"pub":false}},{"type":"Feature","geometry":{"type":"Point","coordinates":[-107.8457,39.2825]},"properties":{"s":25.9,"pub":false}},{"type":"Feature","geometry":{"type":"Point","coordinates":[-107.8457,39.2883]},"properties":{"s":25.9,"pub":false}},{"type":"Feature","geometry":{"type":"Point","coordinates":[-107.8457,39.2941]},"properties":{"s":25.9,"pub":false}},{"type":"Feature","geometry":{"type":"Point","coordinates":[-107.8457,39.2999]},"properties":{"s":25.9,"pub":false}},{"type":"Feature","geometry":{"type":"Point","coordinates":[-107.8457,39.3057]},"properties":{"s":25.9,"pub":false}},{"type":"Feature","geometry":{"type":"Point","coordinates":[-107.8457,39.3115]},"properties":{"s":25.9,"pub":false}},{"type":"Feature","geometry":{"type":"Point","coordinates":[-107.8457,39.3173]},"properties":{"s":70.4,"pub":true}},{"type":"Feature","geometry":{"type":"Point","coordinates":[-107.8457,39.3231]},"properties":{"s":100.0,"pub":true}},{"type":"Feature","geometry":{"type":"Point","coordinates":[-107.8457,39.3289]},"properties":{"s":100.0,"pub":true}},{"type":"Feature","geometry":{"type":"Point","coordinates":[-107.8457,39.3347]},"properties":{"s":100.0,"pub":true}},{"type":"Feature","geometry":{"type":"Point","coordinates":[-107.8457,39.3405]},"properties":{"s":100.0,"pub":true}},{"type":"Feature","geometry":{"type":"Point","coordinates":[-107.8457,39.3463]},"properties":{"s":100.0,"pub":true}},{"type":"Feature","geometry":{"type":"Point","coordinates":[-107.8457,39.3521]},"properties":{"s":100.0,"pub":true}},{"type":"Feature","geometry":{"type":"Point","coordinates":[-107.8457,39.3579]},"properties":{"s":100.0,"pub":true}},{"type":"Feature","geometry":{"type":"Point","coordinates":[-107.8457,39.3637]},"properties":{"s":70.4,"pub":true}},{"type":"Feature","geometry":{"type":"Point","coordinates":[-107.8457,39.3695]},"properties":{"s":70.4,"pub":true}},{"type":"Feature","geometry":{"type":"Point","coordinates":[-107.8382,39.0911]},"properties":{"s":66.7,"pub":true}},{"type":"Feature","geometry":{"type":"Point","coordinates":[-107.8382,39.0969]},"properties":{"s":66.7,"pub":true}},{"type":"Feature","geometry":{"type":"Point","coordinates":[-107.8382,39.1027]},"properties":{"s":66.7,"pub":true}},{"type":"Feature","geometry":{"type":"Point","coordinates":[-107.8382,39.1433]},"properties":{"s":66.7,"pub":true}},{"type":"Feature","geometry":{"type":"Point","coordinates":[-107.8382,39.1491]},"properties":{"s":66.7,"pub":true}},{"type":"Feature","geometry":{"type":"Point","coordinates":[-107.8382,39.1549]},"properties":{"s":66.7,"pub":true}},{"type":"Feature","geometry":{"type":"Point","coordinates":[-107.8382,39.1607]},"properties":{"s":66.7,"pub":true}},{"type":"Feature","geometry":{"type":"Point","coordinates":[-107.8382,39.1665]},"properties":{"s":66.7,"pub":true}},{"type":"Feature","geometry":{"type":"Point","coordinates":[-107.8382,39.1723]},"properties":{"s":96.3,"pub":true}},{"type":"Feature","geometry":{"type":"Point","coordinates":[-107.8382,39.1781]},"properties":{"s":96.3,"pub":true}},{"type":"Feature","geometry":{"type":"Point","coordinates":[-107.8382,39.1839]},"properties":{"s":25.9,"pub":false}},{"type":"Feature","geometry":{"type":"Point","coordinates":[-107.8382,39.1897]},"properties":{"s":25.9,"pub":true}},{"type":"Feature","geometry":{"type":"Point","coordinates":[-107.8382,39.1955]},"properties":{"s":25.9,"pub":false}},{"type":"Feature","geometry":{"type":"Point","coordinates":[-107.8382,39.2013]},"properties":{"s":25.9,"pub":false}},{"type":"Feature","geometry":{"type":"Point","coordinates":[-107.8382,39.2071]},"properties":{"s":25.9,"pub":false}},{"type":"Feature","geometry":{"type":"Point","coordinates":[-107.8382,39.2129]},"properties":{"s":25.9,"pub":false}},{"type":"Feature","geometry":{"type":"Point","coordinates":[-107.8382,39.2187]},"properties":{"s":25.9,"pub":false}},{"type":"Feature","geometry":{"type":"Point","coordinates":[-107.8382,39.2245]},"properties":{"s":25.9,"pub":false}},{"type":"Feature","geometry":{"type":"Point","coordinates":[-107.8382,39.2303]},"properties":{"s":25.9,"pub":false}},{"type":"Feature","geometry":{"type":"Point","coordinates":[-107.8382,39.2361]},"properties":{"s":25.9,"pub":false}},{"type":"Feature","geometry":{"type":"Point","coordinates":[-107.8382,39.2419]},"properties":{"s":25.9,"pub":false}},{"type":"Feature","geometry":{"type":"Point","coordinates":[-107.8382,39.2709]},"properties":{"s":25.9,"pub":false}},{"type":"Feature","geometry":{"type":"Point","coordinates":[-107.8382,39.2767]},"properties":{"s":25.9,"pub":false}},{"type":"Feature","geometry":{"type":"Point","coordinates":[-107.8382,39.2825]},"properties":{"s":25.9,"pub":false}},{"type":"Feature","geometry":{"type":"Point","coordinates":[-107.8382,39.2883]},"properties":{"s":25.9,"pub":false}},{"type":"Feature","geometry":{"type":"Point","coordinates":[-107.8382,39.2941]},"properties":{"s":25.9,"pub":false}},{"type":"Feature","geometry":{"type":"Point","coordinates":[-107.8382,39.2999]},"properties":{"s":25.9,"pub":true}},{"type":"Feature","geometry":{"type":"Point","coordinates":[-107.8382,39.3057]},"properties":{"s":25.9,"pub":true}},{"type":"Feature","geometry":{"type":"Point","coordinates":[-107.8382,39.3115]},"properties":{"s":25.9,"pub":true}},{"type":"Feature","geometry":{"type":"Point","coordinates":[-107.8382,39.3173]},"properties":{"s":25.9,"pub":true}},{"type":"Feature","geometry":{"type":"Point","coordinates":[-107.8382,39.3231]},"properties":{"s":100.0,"pub":true}},{"type":"Feature","geometry":{"type":"Point","coordinates":[-107.8382,39.3289]},"properties":{"s":100.0,"pub":true}},{"type":"Feature","geometry":{"type":"Point","coordinates":[-107.8382,39.3347]},"properties":{"s":100.0,"pub":true}},{"type":"Feature","geometry":{"type":"Point","coordinates":[-107.8382,39.3405]},"properties":{"s":100.0,"pub":true}},{"type":"Feature","geometry":{"type":"Point","coordinates":[-107.8382,39.3463]},"properties":{"s":100.0,"pub":true}},{"type":"Feature","geometry":{"type":"Point","coordinates":[-107.8382,39.3521]},"properties":{"s":100.0,"pub":true}},{"type":"Feature","geometry":{"type":"Point","coordinates":[-107.8382,39.3579]},"properties":{"s":100.0,"pub":true}},{"type":"Feature","geometry":{"type":"Point","coordinates":[-107.8382,39.3637]},"properties":{"s":70.4,"pub":true}},{"type":"Feature","geometry":{"type":"Point","coordinates":[-107.8382,39.3695]},"properties":{"s":70.4,"pub":true}},{"type":"Feature","geometry":{"type":"Point","coordinates":[-107.8307,39.0737]},"properties":{"s":66.7,"pub":true}},{"type":"Feature","geometry":{"type":"Point","coordinates":[-107.8307,39.0853]},"properties":{"s":66.7,"pub":true}},{"type":"Feature","geometry":{"type":"Point","coordinates":[-107.8307,39.0911]},"properties":{"s":66.7,"pub":true}},{"type":"Feature","geometry":{"type":"Point","coordinates":[-107.8307,39.0969]},"properties":{"s":66.7,"pub":true}},{"type":"Feature","geometry":{"type":"Point","coordinates":[-107.8307,39.1027]},"properties":{"s":66.7,"pub":true}},{"type":"Feature","geometry":{"type":"Point","coordinates":[-107.8307,39.1317]},"properties":{"s":66.7,"pub":true}},{"type":"Feature","geometry":{"type":"Point","coordinates":[-107.8307,39.1375]},"properties":{"s":66.7,"pub":true}},{"type":"Feature","geometry":{"type":"Point","coordinates":[-107.8307,39.1433]},"properties":{"s":66.7,"pub":true}},{"type":"Feature","geometry":{"type":"Point","coordinates":[-107.8307,39.1491]},"properties":{"s":66.7,"pub":true}},{"type":"Feature","geometry":{"type":"Point","coordinates":[-107.8307,39.1549]},"properties":{"s":66.7,"pub":true}},{"type":"Feature","geometry":{"type":"Point","coordinates":[-107.8307,39.1607]},"properties":{"s":66.7,"pub":true}},{"type":"Feature","geometry":{"type":"Point","coordinates":[-107.8307,39.1665]},"properties":{"s":96.3,"pub":true}},{"type":"Feature","geometry":{"type":"Point","coordinates":[-107.8307,39.1723]},"properties":{"s":96.3,"pub":true}},{"type":"Feature","geometry":{"type":"Point","coordinates":[-107.8307,39.1781]},"properties":{"s":96.3,"pub":true}},{"type":"Feature","geometry":{"type":"Point","coordinates":[-107.8307,39.1839]},"properties":{"s":51.9,"pub":false}},{"type":"Feature","geometry":{"type":"Point","coordinates":[-107.8307,39.1897]},"properties":{"s":25.9,"pub":true}},{"type":"Feature","geometry":{"type":"Point","coordinates":[-107.8307,39.1955]},"properties":{"s":25.9,"pub":true}},{"type":"Feature","geometry":{"type":"Point","coordinates":[-107.8307,39.2013]},"properties":{"s":25.9,"pub":false}},{"type":"Feature","geometry":{"type":"Point","coordinates":[-107.8307,39.2071]},"properties":{"s":25.9,"pub":false}},{"type":"Feature","geometry":{"type":"Point","coordinates":[-107.8307,39.2129]},"properties":{"s":25.9,"pub":false}},{"type":"Feature","geometry":{"type":"Point","coordinates":[-107.8307,39.2187]},"properties":{"s":25.9,"pub":false}},{"type":"Feature","geometry":{"type":"Point","coordinates":[-107.8307,39.2245]},"properties":{"s":25.9,"pub":true}},{"type":"Feature","geometry":{"type":"Point","coordinates":[-107.8307,39.2303]},"properties":{"s":25.9,"pub":true}},{"type":"Feature","geometry":{"type":"Point","coordinates":[-107.8307,39.2709]},"properties":{"s":25.9,"pub":false}},{"type":"Feature","geometry":{"type":"Point","coordinates":[-107.8307,39.2767]},"properties":{"s":25.9,"pub":false}},{"type":"Feature","geometry":{"type":"Point","coordinates":[-107.8307,39.2825]},"properties":{"s":25.9,"pub":false}},{"type":"Feature","geometry":{"type":"Point","coordinates":[-107.8307,39.2883]},"properties":{"s":55.6,"pub":false}},{"type":"Feature","geometry":{"type":"Point","coordinates":[-107.8307,39.2941]},"properties":{"s":55.6,"pub":false}},{"type":"Feature","geometry":{"type":"Point","coordinates":[-107.8307,39.2999]},"properties":{"s":25.9,"pub":true}},{"type":"Feature","geometry":{"type":"Point","coordinates":[-107.8307,39.3057]},"properties":{"s":25.9,"pub":true}},{"type":"Feature","geometry":{"type":"Point","coordinates":[-107.8307,39.3115]},"properties":{"s":25.9,"pub":true}},{"type":"Feature","geometry":{"type":"Point","coordinates":[-107.8307,39.3173]},"properties":{"s":25.9,"pub":true}},{"type":"Feature","geometry":{"type":"Point","coordinates":[-107.8307,39.3231]},"properties":{"s":100.0,"pub":true}},{"type":"Feature","geometry":{"type":"Point","coordinates":[-107.8307,39.3289]},"properties":{"s":100.0,"pub":true}},{"type":"Feature","geometry":{"type":"Point","coordinates":[-107.8307,39.3347]},"properties":{"s":100.0,"pub":true}},{"type":"Feature","geometry":{"type":"Point","coordinates":[-107.8307,39.3405]},"properties":{"s":100.0,"pub":true}},{"type":"Feature","geometry":{"type":"Point","coordinates":[-107.8307,39.3463]},"properties":{"s":100.0,"pub":true}},{"type":"Feature","geometry":{"type":"Point","coordinates":[-107.8307,39.3521]},"properties":{"s":100.0,"pub":true}},{"type":"Feature","geometry":{"type":"Point","coordinates":[-107.8307,39.3579]},"properties":{"s":100.0,"pub":true}},{"type":"Feature","geometry":{"type":"Point","coordinates":[-107.8307,39.3637]},"properties":{"s":70.4,"pub":true}},{"type":"Feature","geometry":{"type":"Point","coordinates":[-107.8307,39.3695]},"properties":{"s":70.4,"pub":true}},{"type":"Feature","geometry":{"type":"Point","coordinates":[-107.8307,39.3753]},"properties":{"s":70.4,"pub":true}},{"type":"Feature","geometry":{"type":"Point","coordinates":[-107.8232,39.0853]},"properties":{"s":66.7,"pub":true}},{"type":"Feature","geometry":{"type":"Point","coordinates":[-107.8232,39.0911]},"properties":{"s":66.7,"pub":true}},{"type":"Feature","geometry":{"type":"Point","coordinates":[-107.8232,39.0969]},"properties":{"s":66.7,"pub":true}},{"type":"Feature","geometry":{"type":"Point","coordinates":[-107.8232,39.1027]},"properties":{"s":66.7,"pub":true}},{"type":"Feature","geometry":{"type":"Point","coordinates":[-107.8232,39.1259]},"properties":{"s":66.7,"pub":true}},{"type":"Feature","geometry":{"type":"Point","coordinates":[-107.8232,39.1317]},"properties":{"s":66.7,"pub":true}},{"type":"Feature","geometry":{"type":"Point","coordinates":[-107.8232,39.1375]},"properties":{"s":66.7,"pub":true}},{"type":"Feature","geometry":{"type":"Point","coordinates":[-107.8232,39.1433]},"properties":{"s":66.7,"pub":true}},{"type":"Feature","geometry":{"type":"Point","coordinates":[-107.8232,39.1491]},"properties":{"s":66.7,"pub":true}},{"type":"Feature","geometry":{"type":"Point","coordinates":[-107.8232,39.1549]},"properties":{"s":66.7,"pub":true}},{"type":"Feature","geometry":{"type":"Point","coordinates":[-107.8232,39.1607]},"properties":{"s":66.7,"pub":true}},{"type":"Feature","geometry":{"type":"Point","coordinates":[-107.8232,39.1665]},"properties":{"s":66.7,"pub":true}},{"type":"Feature","geometry":{"type":"Point","coordinates":[-107.8232,39.1723]},"properties":{"s":96.3,"pub":true}},{"type":"Feature","geometry":{"type":"Point","coordinates":[-107.8232,39.1781]},"properties":{"s":96.3,"pub":true}},{"type":"Feature","geometry":{"type":"Point","coordinates":[-107.8232,39.1839]},"properties":{"s":51.9,"pub":false}},{"type":"Feature","geometry":{"type":"Point","coordinates":[-107.8232,39.2071]},"properties":{"s":25.9,"pub":false}},{"type":"Feature","geometry":{"type":"Point","coordinates":[-107.8232,39.2129]},"properties":{"s":25.9,"pub":false}},{"type":"Feature","geometry":{"type":"Point","coordinates":[-107.8232,39.2187]},"properties":{"s":25.9,"pub":false}},{"type":"Feature","geometry":{"type":"Point","coordinates":[-107.8232,39.2767]},"properties":{"s":25.9,"pub":false}},{"type":"Feature","geometry":{"type":"Point","coordinates":[-107.8232,39.2825]},"properties":{"s":25.9,"pub":false}},{"type":"Feature","geometry":{"type":"Point","coordinates":[-107.8232,39.2883]},"properties":{"s":25.9,"pub":false}},{"type":"Feature","geometry":{"type":"Point","coordinates":[-107.8232,39.2941]},"properties":{"s":55.6,"pub":false}},{"type":"Feature","geometry":{"type":"Point","coordinates":[-107.8232,39.2999]},"properties":{"s":55.6,"pub":false}},{"type":"Feature","geometry":{"type":"Point","coordinates":[-107.8232,39.3057]},"properties":{"s":25.9,"pub":true}},{"type":"Feature","geometry":{"type":"Point","coordinates":[-107.8232,39.3115]},"properties":{"s":70.4,"pub":true}},{"type":"Feature","geometry":{"type":"Point","coordinates":[-107.8232,39.3173]},"properties":{"s":100.0,"pub":true}},{"type":"Feature","geometry":{"type":"Point","coordinates":[-107.8232,39.3231]},"properties":{"s":100.0,"pub":true}},{"type":"Feature","geometry":{"type":"Point","coordinates":[-107.8232,39.3289]},"properties":{"s":100.0,"pub":true}},{"type":"Feature","geometry":{"type":"Point","coordinates":[-107.8232,39.3347]},"properties":{"s":100.0,"pub":true}},{"type":"Feature","geometry":{"type":"Point","coordinates":[-107.8232,39.3405]},"properties":{"s":100.0,"pub":true}},{"type":"Feature","geometry":{"type":"Point","coordinates":[-107.8232,39.3463]},"properties":{"s":100.0,"pub":true}},{"type":"Feature","geometry":{"type":"Point","coordinates":[-107.8232,39.3521]},"properties":{"s":100.0,"pub":true}},{"type":"Feature","geometry":{"type":"Point","coordinates":[-107.8232,39.3579]},"properties":{"s":100.0,"pub":true}},{"type":"Feature","geometry":{"type":"Point","coordinates":[-107.8232,39.3637]},"properties":{"s":70.4,"pub":true}},{"type":"Feature","geometry":{"type":"Point","coordinates":[-107.8232,39.3695]},"properties":{"s":70.4,"pub":true}},{"type":"Feature","geometry":{"type":"Point","coordinates":[-107.8232,39.3753]},"properties":{"s":70.4,"pub":true}},{"type":"Feature","geometry":{"type":"Point","coordinates":[-107.8157,39.0853]},"properties":{"s":66.7,"pub":true}},{"type":"Feature","geometry":{"type":"Point","coordinates":[-107.8157,39.0911]},"properties":{"s":66.7,"pub":true}},{"type":"Feature","geometry":{"type":"Point","coordinates":[-107.8157,39.0969]},"properties":{"s":66.7,"pub":true}},{"type":"Feature","geometry":{"type":"Point","coordinates":[-107.8157,39.1027]},"properties":{"s":66.7,"pub":true}},{"type":"Feature","geometry":{"type":"Point","coordinates":[-107.8157,39.1317]},"properties":{"s":66.7,"pub":true}},{"type":"Feature","geometry":{"type":"Point","coordinates":[-107.8157,39.1375]},"properties":{"s":66.7,"pub":true}},{"type":"Feature","geometry":{"type":"Point","coordinates":[-107.8157,39.1433]},"properties":{"s":66.7,"pub":true}},{"type":"Feature","geometry":{"type":"Point","coordinates":[-107.8157,39.1491]},"properties":{"s":96.3,"pub":true}},{"type":"Feature","geometry":{"type":"Point","coordinates":[-107.8157,39.1549]},"properties":{"s":96.3,"pub":true}},{"type":"Feature","geometry":{"type":"Point","coordinates":[-107.8157,39.1607]},"properties":{"s":96.3,"pub":true}},{"type":"Feature","geometry":{"type":"Point","coordinates":[-107.8157,39.1665]},"properties":{"s":96.3,"pub":true}},{"type":"Feature","geometry":{"type":"Point","coordinates":[-107.8157,39.1723]},"properties":{"s":96.3,"pub":true}},{"type":"Feature","geometry":{"type":"Point","coordinates":[-107.8157,39.1781]},"properties":{"s":96.3,"pub":true}},{"type":"Feature","geometry":{"type":"Point","coordinates":[-107.8157,39.1839]},"properties":{"s":66.7,"pub":true}},{"type":"Feature","geometry":{"type":"Point","coordinates":[-107.8157,39.2767]},"properties":{"s":25.9,"pub":false}},{"type":"Feature","geometry":{"type":"Point","coordinates":[-107.8157,39.2825]},"properties":{"s":25.9,"pub":false}},{"type":"Feature","geometry":{"type":"Point","coordinates":[-107.8157,39.2883]},"properties":{"s":25.9,"pub":false}},{"type":"Feature","geometry":{"type":"Point","coordinates":[-107.8157,39.2941]},"properties":{"s":25.9,"pub":false}},{"type":"Feature","geometry":{"type":"Point","coordinates":[-107.8157,39.2999]},"properties":{"s":55.6,"pub":false}},{"type":"Feature","geometry":{"type":"Point","coordinates":[-107.8157,39.3057]},"properties":{"s":55.6,"pub":true}},{"type":"Feature","geometry":{"type":"Point","coordinates":[-107.8157,39.3115]},"properties":{"s":55.6,"pub":true}},{"type":"Feature","geometry":{"type":"Point","coordinates":[-107.8157,39.3173]},"properties":{"s":100.0,"pub":true}},{"type":"Feature","geometry":{"type":"Point","coordinates":[-107.8157,39.3231]},"properties":{"s":100.0,"pub":true}},{"type":"Feature","geometry":{"type":"Point","coordinates":[-107.8157,39.3289]},"properties":{"s":100.0,"pub":true}},{"type":"Feature","geometry":{"type":"Point","coordinates":[-107.8157,39.3347]},"properties":{"s":100.0,"pub":true}},{"type":"Feature","geometry":{"type":"Point","coordinates":[-107.8157,39.3405]},"properties":{"s":100.0,"pub":true}},{"type":"Feature","geometry":{"type":"Point","coordinates":[-107.8157,39.3463]},"properties":{"s":100.0,"pub":true}},{"type":"Feature","geometry":{"type":"Point","coordinates":[-107.8157,39.3521]},"properties":{"s":100.0,"pub":true}},{"type":"Feature","geometry":{"type":"Point","coordinates":[-107.8157,39.3579]},"properties":{"s":100.0,"pub":true}},{"type":"Feature","geometry":{"type":"Point","coordinates":[-107.8157,39.3637]},"properties":{"s":70.4,"pub":true}},{"type":"Feature","geometry":{"type":"Point","coordinates":[-107.8157,39.3695]},"properties":{"s":25.9,"pub":true}},{"type":"Feature","geometry":{"type":"Point","coordinates":[-107.8082,39.0853]},"properties":{"s":66.7,"pub":true}},{"type":"Feature","geometry":{"type":"Point","coordinates":[-107.8082,39.0911]},"properties":{"s":66.7,"pub":true}},{"type":"Feature","geometry":{"type":"Point","coordinates":[-107.8082,39.0969]},"properties":{"s":66.7,"pub":true}}]}