{"type":"FeatureCollection","features":[{"type":"Feature","geometry":{"type":"Point","coordinates":[-105.3623,38.9905]},"properties":{"s":17.5,"pub":false}},{"type":"Feature","geometry":{"type":"Point","coordinates":[-105.3623,38.9963]},"properties":{"s":17.5,"pub":false}},{"type":"Feature","geometry":{"type":"Point","coordinates":[-105.3623,39.0021]},"properties":{"s":17.5,"pub":true}},{"type":"Feature","geometry":{"type":"Point","coordinates":[-105.3623,39.0079]},"properties":{"s":17.5,"pub":true}},{"type":"Feature","geometry":{"type":"Point","coordinates":[-105.3548,38.9789]},"properties":{"s":17.5,"pub":true}},{"type":"Feature","geometry":{"type":"Point","coordinates":[-105.3548,38.9847]},"properties":{"s":17.5,"pub":false}},{"type":"Feature","geometry":{"type":"Point","coordinates":[-105.3548,38.9905]},"properties":{"s":17.5,"pub":true}},{"type":"Feature","geometry":{"type":"Point","coordinates":[-105.3548,38.9963]},"properties":{"s":17.5,"pub":true}},{"type":"Feature","geometry":{"type":"Point","coordinates":[-105.3548,39.0021]},"properties":{"s":17.5,"pub":true}},{"type":"Feature","geometry":{"type":"Point","coordinates":[-105.3548,39.0079]},"properties":{"s":17.5,"pub":true}},{"type":"Feature","geometry":{"type":"Point","coordinates":[-105.3548,39.0137]},"properties":{"s":17.5,"pub":true}},{"type":"Feature","geometry":{"type":"Point","coordinates":[-105.3548,39.0195]},"properties":{"s":17.5,"pub":true}},{"type":"Feature","geometry":{"type":"Point","coordinates":[-105.3473,38.9731]},"properties":{"s":17.5,"pub":false}},{"type":"Feature","geometry":{"type":"Point","coordinates":[-105.3473,38.9789]},"properties":{"s":17.5,"pub":true}},{"type":"Feature","geometry":{"type":"Point","coordinates":[-105.3473,38.9847]},"properties":{"s":17.5,"pub":true}},{"type":"Feature","geometry":{"type":"Point","coordinates":[-105.3473,38.9905]},"properties":{"s":17.5,"pub":true}},{"type":"Feature","geometry":{"type":"Point","coordinates":[-105.3473,38.9963]},"properties":{"s":17.5,"pub":true}},{"type":"Feature","geometry":{"type":"Point","coordinates":[-105.3473,39.0021]},"properties":{"s":17.5,"pub":true}},{"type":"Feature","geometry":{"type":"Point","coordinates":[-105.3473,39.0079]},"properties":{"s":17.5,"pub":true}},{"type":"Feature","geometry":{"type":"Point","coordinates":[-105.3473,39.0137]},"properties":{"s":17.5,"pub":true}},{"type":"Feature","geometry":{"type":"Point","coordinates":[-105.3473,39.0195]},"properties":{"s":17.5,"pub":false}},{"type":"Feature","geometry":{"type":"Point","coordinates":[-105.3473,39.0253]},"properties":{"s":17.5,"pub":false}},{"type":"Feature","geometry":{"type":"Point","coordinates":[-105.3473,39.0311]},"properties":{"s":17.5,"pub":false}},{"type":"Feature","geometry":{"type":"Point","coordinates":[-105.3473,39.0369]},"properties":{"s":17.5,"pub":false}},{"type":"Feature","geometry":{"type":"Point","coordinates":[-105.3473,39.0427]},"properties":{"s":17.5,"pub":false}},{"type":"Feature","geometry":{"type":"Point","coordinates":[-105.3473,39.0485]},"properties":{"s":17.5,"pub":true}},{"type":"Feature","geometry":{"type":"Point","coordinates":[-105.3473,39.0543]},"properties":{"s":17.5,"pub":true}},{"type":"Feature","geometry":{"type":"Point","coordinates":[-105.3398,38.9731]},"properties":{"s":17.5,"pub":true}},{"type":"Feature","geometry":{"type":"Point","coordinates":[-105.3398,38.9789]},"properties":{"s":17.5,"pub":true}},{"type":"Feature","geometry":{"type":"Point","coordinates":[-105.3398,38.9847]},"properties":{"s":17.5,"pub":true}},{"type":"Feature","geometry":{"type":"Point","coordinates":[-105.3398,38.9905]},"properties":{"s":17.5,"pub":true}},{"type":"Feature","geometry":{"type":"Point","coordinates":[-105.3398,38.9963]},"properties":{"s":17.5,"pub":true}},{"type":"Feature","geometry":{"type":"Point","coordinates":[-105.3398,39.0021]},"properties":{"s":17.5,"pub":false}},{"type":"Feature","geometry":{"type":"Point","coordinates":[-105.3398,39.0079]},"properties":{"s":17.5,"pub":false}},{"type":"Feature","geometry":{"type":"Point","coordinates":[-105.3398,39.0137]},"properties":{"s":17.5,"pub":false}},{"type":"Feature","geometry":{"type":"Point","coordinates":[-105.3398,39.0195]},"properties":{"s":17.5,"pub":true}},{"type":"Feature","geometry":{"type":"Point","coordinates":[-105.3398,39.0253]},"properties":{"s":17.5,"pub":true}},{"type":"Feature","geometry":{"type":"Point","coordinates":[-105.3398,39.0311]},"properties":{"s":17.5,"pub":true}},{"type":"Feature","geometry":{"type":"Point","coordinates":[-105.3398,39.0369]},"properties":{"s":17.5,"pub":true}},{"type":"Feature","geometry":{"type":"Point","coordinates":[-105.3398,39.0427]},"properties":{"s":17.5,"pub":true}},{"type":"Feature","geometry":{"type":"Point","coordinates":[-105.3398,39.0485]},"properties":{"s":17.5,"pub":true}},{"type":"Feature","geometry":{"type":"Point","coordinates":[-105.3398,39.0543]},"properties":{"s":17.5,"pub":true}},{"type":"Feature","geometry":{"type":"Point","coordinates":[-105.3398,39.0601]},"properties":{"s":17.5,"pub":true}},{"type":"Feature","geometry":{"type":"Point","coordinates":[-105.3398,39.0659]},"properties":{"s":17.5,"pub":true}},{"type":"Feature","geometry":{"type":"Point","coordinates":[-105.3398,39.0717]},"properties":{"s":17.5,"pub":true}},{"type":"Feature","geometry":{"type":"Point","coordinates":[-105.3323,38.9673]},"properties":{"s":17.5,"pub":false}},{"type":"Feature","geometry":{"type":"Point","coordinates":[-105.3323,38.9731]},"properties":{"s":17.5,"pub":true}},{"type":"Feature","geometry":{"type":"Point","coordinates":[-105.3323,38.9789]},"properties":{"s":17.5,"pub":true}},{"type":"Feature","geometry":{"type":"Point","coordinates":[-105.3323,38.9847]},"properties":{"s":17.5,"pub":true}},{"type":"Feature","geometry":{"type":"Point","coordinates":[-105.3323,38.9905]},"properties":{"s":17.5,"pub":true}},{"type":"Feature","geometry":{"type":"Point","coordinates":[-105.3323,38.9963]},"properties":{"s":17.5,"pub":true}},{"type":"Feature","geometry":{"type":"Point","coordinates":[-105.3323,39.0021]},"properties":{"s":17.5,"pub":false}},{"type":"Feature","geometry":{"type":"Point","coordinates":[-105.3323,39.0079]},"properties":{"s":17.5,"pub":false}},{"type":"Feature","geometry":{"type":"Point","coordinates":[-105.3323,39.0137]},"properties":{"s":17.5,"pub":false}},{"type":"Feature","geometry":{"type":"Point","coordinates":[-105.3323,39.0195]},"properties":{"s":17.5,"pub":true}},{"type":"Feature","geometry":{"type":"Point","coordinates":[-105.3323,39.0253]},"properties":{"s":17.5,"pub":true}},{"type":"Feature","geometry":{"type":"Point","coordinates":[-105.3323,39.0311]},"properties":{"s":17.5,"pub":true}},{"type":"Feature","geometry":{"type":"Point","coordinates":[-105.3323,39.0369]},"properties":{"s":17.5,"pub":true}},{"type":"Feature","geometry":{"type":"Point","coordinates":[-105.3323,39.0427]},"properties":{"s":17.5,"pub":true}},{"type":"Feature","geometry":{"type":"Point","coordinates":[-105.3323,39.0485]},"properties":{"s":17.5,"pub":true}},{"type":"Feature","geometry":{"type":"Point","coordinates":[-105.3323,39.0543]},"properties":{"s":17.5,"pub":true}},{"type":"Feature","geometry":{"type":"Point","coordinates":[-105.3323,39.0601]},"properties":{"s":17.5,"pub":true}},{"type":"Feature","geometry":{"type":"Point","coordinates":[-105.3323,39.0659]},"properties":{"s":17.5,"pub":true}},{"type":"Feature","geometry":{"type":"Point","coordinates":[-105.3323,39.0717]},"properties":{"s":17.5,"pub":true}},{"type":"Feature","geometry":{"type":"Point","coordinates":[-105.3323,39.0775]},"properties":{"s":17.5,"pub":true}},{"type":"Feature","geometry":{"type":"Point","coordinates":[-105.3323,39.0833]},"properties":{"s":17.5,"pub":true}},{"type":"Feature","geometry":{"type":"Point","coordinates":[-105.3323,39.0891]},"properties":{"s":17.5,"pub":true}},{"type":"Feature","geometry":{"type":"Point","coordinates":[-105.3323,39.0949]},"properties":{"s":17.5,"pub":true}},{"type":"Feature","geometry":{"type":"Point","coordinates":[-105.3323,39.1007]},"properties":{"s":17.5,"pub":true}},{"type":"Feature","geometry":{"type":"Point","coordinates":[-105.3323,39.1065]},"properties":{"s":17.5,"pub":true}},{"type":"Feature","geometry":{"type":"Point","coordinates":[-105.3323,39.1123]},"properties":{"s":17.5,"pub":true}},{"type":"Feature","geometry":{"type":"Point","coordinates":[-105.3248,38.9615]},"properties":{"s":17.5,"pub":false}},{"type":"Feature","geometry":{"type":"Point","coordinates":[-105.3248,38.9673]},"properties":{"s":17.5,"pub":false}},{"type":"Feature","geometry":{"type":"Point","coordinates":[-105.3248,38.9731]},"properties":{"s":17.5,"pub":false}},{"type":"Feature","geometry":{"type":"Point","coordinates":[-105.3248,38.9789]},"properties":{"s":17.5,"pub":false}},{"type":"Feature","geometry":{"type":"Point","coordinates":[-105.3248,38.9847]},"properties":{"s":17.5,"pub":false}},{"type":"Feature","geometry":{"type":"Point","coordinates":[-105.3248,38.9905]},"properties":{"s":17.5,"pub":false}},{"type":"Feature","geometry":{"type":"Point","coordinates":[-105.3248,38.9963]},"properties":{"s":17.5,"pub":false}},{"type":"Feature","geometry":{"type":"Point","coordinates":[-105.3248,39.0021]},"properties":{"s":17.5,"pub":false}},{"type":"Feature","geometry":{"type":"Point","coordinates":[-105.3248,39.0079]},"properties":{"s":17.5,"pub":false}},{"type":"Feature","geometry":{"type":"Point","coordinates":[-105.3248,39.0137]},"properties":{"s":17.5,"pub":false}},{"type":"Feature","geometry":{"type":"Point","coordinates":[-105.3248,39.0195]},"properties":{"s":17.5,"pub":true}},{"type":"Feature","geometry":{"type":"Point","coordinates":[-105.3248,39.0253]},"properties":{"s":17.5,"pub":true}},{"type":"Feature","geometry":{"type":"Point","coordinates":[-105.3248,39.0311]},"properties":{"s":17.5,"pub":true}},{"type":"Feature","geometry":{"type":"Point","coordinates":[-105.3248,39.0369]},"properties":{"s":17.5,"pub":true}},{"type":"Feature","geometry":{"type":"Point","coordinates":[-105.3248,39.0427]},"properties":{"s":17.5,"pub":true}},{"type":"Feature","geometry":{"type":"Point","coordinates":[-105.3248,39.0485]},"properties":{"s":17.5,"pub":true}},{"type":"Feature","geometry":{"type":"Point","coordinates":[-105.3248,39.0543]},"properties":{"s":17.5,"pub":true}},{"type":"Feature","geometry":{"type":"Point","coordinates":[-105.3248,39.0601]},"properties":{"s":17.5,"pub":true}},{"type":"Feature","geometry":{"type":"Point","coordinates":[-105.3248,39.0659]},"properties":{"s":17.5,"pub":true}},{"type":"Feature","geometry":{"type":"Point","coordinates":[-105.3248,39.0717]},"properties":{"s":17.5,"pub":true}},{"type":"Feature","geometry":{"type":"Point","coordinates":[-105.3248,39.0775]},"properties":{"s":17.5,"pub":true}},{"type":"Feature","geometry":{"type":"Point","coordinates":[-105.3248,39.0833]},"properties":{"s":17.5,"pub":true}},{"type":"Feature","geometry":{"type":"Point","coordinates":[-105.3248,39.0891]},"properties":{"s":17.5,"pub":true}},{"type":"Feature","geometry":{"type":"Point","coordinates":[-105.3248,39.0949]},"properties":{"s":17.5,"pub":true}},{"type":"Feature","geometry":{"type":"Point","coordinates":[-105.3248,39.1007]},"properties":{"s":17.5,"pub":true}},{"type":"Feature","geometry":{"type":"Point","coordinates":[-105.3248,39.1065]},"properties":{"s":17.5,"pub":true}},{"type":"Feature","geometry":{"type":"Point","coordinates":[-105.3248,39.1123]},"properties":{"s":17.5,"pub":true}},{"type":"Feature","geometry":{"type":"Point","coordinates":[-105.3248,39.1181]},"properties":{"s":17.5,"pub":true}},{"type":"Feature","geometry":{"type":"Point","coordinates":[-105.3248,39.1239]},"properties":{"s":17.5,"pub":true}},{"type":"Feature","geometry":{"type":"Point","coordinates":[-105.3173,38.9557]},"properties":{"s":17.5,"pub":false}},{"type":"Feature","geometry":{"type":"Point","coordinates":[-105.3173,38.9615]},"properties":{"s":17.5,"pub":false}},{"type":"Feature","geometry":{"type":"Point","coordinates":[-105.3173,38.9673]},"properties":{"s":17.5,"pub":false}},{"type":"Feature","geometry":{"type":"Point","coordinates":[-105.3173,38.9731]},"properties":{"s":17.5,"pub":false}},{"type":"Feature","geometry":{"type":"Point","coordinates":[-105.3173,38.9789]},"properties":{"s":17.5,"pub":false}},{"type":"Feature","geometry":{"type":"Point","coordinates":[-105.3173,38.9847]},"properties":{"s":17.5,"pub":false}},{"type":"Feature","geometry":{"type":"Point","coordinates":[-105.3173,38.9905]},"properties":{"s":17.5,"pub":false}},{"type":"Feature","geometry":{"type":"Point","coordinates":[-105.3173,38.9963]},"properties":{"s":17.5,"pub":false}},{"type":"Feature","geometry":{"type":"Point","coordinates":[-105.3173,39.0021]},"properties":{"s":17.5,"pub":false}},{"type":"Feature","geometry":{"type":"Point","coordinates":[-105.3173,39.0079]},"properties":{"s":17.5,"pub":false}},{"type":"Feature","geometry":{"type":"Point","coordinates":[-105.3173,39.0137]},"properties":{"s":17.5,"pub":false}},{"type":"Feature","geometry":{"type":"Point","coordinates":[-105.3173,39.0195]},"properties":{"s":17.5,"pub":true}},{"type":"Feature","geometry":{"type":"Point","coordinates":[-105.3173,39.0253]},"properties":{"s":17.5,"pub":true}},{"type":"Feature","geometry":{"type":"Point","coordinates":[-105.3173,39.0311]},"properties":{"s":17.5,"pub":true}},{"type":"Feature","geometry":{"type":"Point","coordinates":[-105.3173,39.0369]},"properties":{"s":17.5,"pub":true}},{"type":"Feature","geometry":{"type":"Point","coordinates":[-105.3173,39.0427]},"properties":{"s":17.5,"pub":true}},{"type":"Feature","geometry":{"type":"Point","coordinates":[-105.3173,39.0485]},"properties":{"s":17.5,"pub":true}},{"type":"Feature","geometry":{"type":"Point","coordinates":[-105.3173,39.0543]},"properties":{"s":17.5,"pub":true}},{"type":"Feature","geometry":{"type":"Point","coordinates":[-105.3173,39.0601]},"properties":{"s":17.5,"pub":true}},{"type":"Feature","geometry":{"type":"Point","coordinates":[-105.3173,39.0659]},"properties":{"s":17.5,"pub":true}},{"type":"Feature","geometry":{"type":"Point","coordinates":[-105.3173,39.0717]},"properties":{"s":17.5,"pub":true}},{"type":"Feature","geometry":{"type":"Point","coordinates":[-105.3173,39.0775]},"properties":{"s":17.5,"pub":true}},{"type":"Feature","geometry":{"type":"Point","coordinates":[-105.3173,39.0833]},"properties":{"s":17.5,"pub":true}},{"type":"Feature","geometry":{"type":"Point","coordinates":[-105.3173,39.0891]},"properties":{"s":17.5,"pub":true}},{"type":"Feature","geometry":{"type":"Point","coordinates":[-105.3173,39.0949]},"properties":{"s":17.5,"pub":true}},{"type":"Feature","geometry":{"type":"Point","coordinates":[-105.3173,39.1007]},"properties":{"s":17.5,"pub":true}},{"type":"Feature","geometry":{"type":"Point","coordinates":[-105.3173,39.1065]},"properties":{"s":17.5,"pub":true}},{"type":"Feature","geometry":{"type":"Point","coordinates":[-105.3173,39.1123]},"properties":{"s":17.5,"pub":true}},{"type":"Feature","geometry":{"type":"Point","coordinates":[-105.3173,39.1181]},"properties":{"s":17.5,"pub":true}},{"type":"Feature","geometry":{"type":"Point","coordinates":[-105.3173,39.1239]},"properties":{"s":17.5,"pub":true}},{"type":"Feature","geometry":{"type":"Point","coordinates":[-105.3098,38.9499]},"properties":{"s":17.5,"pub":false}},{"type":"Feature","geometry":{"type":"Point","coordinates":[-105.3098,38.9557]},"properties":{"s":17.5,"pub":false}},{"type":"Feature","geometry":{"type":"Point","coordinates":[-105.3098,38.9615]},"properties":{"s":17.5,"pub":false}},{"type":"Feature","geometry":{"type":"Point","coordinates":[-105.3098,38.9673]},"properties":{"s":17.5,"pub":false}},{"type":"Feature","geometry":{"type":"Point","coordinates":[-105.3098,38.9731]},"properties":{"s":17.5,"pub":false}},{"type":"Feature","geometry":{"type":"Point","coordinates":[-105.3098,38.9789]},"properties":{"s":17.5,"pub":false}},{"type":"Feature","geometry":{"type":"Point","coordinates":[-105.3098,38.9847]},"properties":{"s":17.5,"pub":false}},{"type":"Feature","geometry":{"type":"Point","coordinates":[-105.3098,38.9905]},"properties":{"s":17.5,"pub":false}},{"type":"Feature","geometry":{"type":"Point","coordinates":[-105.3098,38.9963]},"properties":{"s":17.5,"pub":false}},{"type":"Feature","geometry":{"type":"Point","coordinates":[-105.3098,39.0021]},"properties":{"s":17.5,"pub":false}},{"type":"Feature","geometry":{"type":"Point","coordinates":[-105.3098,39.0079]},"properties":{"s":17.5,"pub":false}},{"type":"Feature","geometry":{"type":"Point","coordinates":[-105.3098,39.0137]},"properties":{"s":17.5,"pub":false}},{"type":"Feature","geometry":{"type":"Point","coordinates":[-105.3098,39.0195]},"properties":{"s":17.5,"pub":true}},{"type":"Feature","geometry":{"type":"Point","coordinates":[-105.3098,39.0253]},"properties":{"s":17.5,"pub":true}},{"type":"Feature","geometry":{"type":"Point","coordinates":[-105.3098,39.0311]},"properties":{"s":17.5,"pub":true}},{"type":"Feature","geometry":{"type":"Point","coordinates":[-105.3098,39.0369]},"properties":{"s":17.5,"pub":true}},{"type":"Feature","geometry":{"type":"Point","coordinates":[-105.3098,39.0427]},"properties":{"s":17.5,"pub":true}},{"type":"Feature","geometry":{"type":"Point","coordinates":[-105.3098,39.0485]},"properties":{"s":17.5,"pub":true}},{"type":"Feature","geometry":{"type":"Point","coordinates":[-105.3098,39.0543]},"properties":{"s":17.5,"pub":true}},{"type":"Feature","geometry":{"type":"Point","coordinates":[-105.3098,39.0601]},"properties":{"s":17.5,"pub":true}},{"type":"Feature","geometry":{"type":"Point","coordinates":[-105.3098,39.0659]},"properties":{"s":17.5,"pub":true}},{"type":"Feature","geometry":{"type":"Point","coordinates":[-105.3098,39.0717]},"properties":{"s":17.5,"pub":true}},{"type":"Feature","geometry":{"type":"Point","coordinates":[-105.3098,39.0775]},"properties":{"s":17.5,"pub":true}},{"type":"Feature","geometry":{"type":"Point","coordinates":[-105.3098,39.0833]},"properties":{"s":17.5,"pub":true}},{"type":"Feature","geometry":{"type":"Point","coordinates":[-105.3098,39.0891]},"properties":{"s":17.5,"pub":true}},{"type":"Feature","geometry":{"type":"Point","coordinates":[-105.3098,39.0949]},"properties":{"s":17.5,"pub":true}},{"type":"Feature","geometry":{"type":"Point","coordinates":[-105.3098,39.1007]},"properties":{"s":17.5,"pub":true}},{"type":"Feature","geometry":{"type":"Point","coordinates":[-105.3098,39.1065]},"properties":{"s":17.5,"pub":true}},{"type":"Feature","geometry":{"type":"Point","coordinates":[-105.3098,39.1123]},"properties":{"s":17.5,"pub":true}},{"type":"Feature","geometry":{"type":"Point","coordinates":[-105.3098,39.1181]},"properties":{"s":17.5,"pub":true}},{"type":"Feature","geometry":{"type":"Point","coordinates":[-105.3098,39.1239]},"properties":{"s":17.5,"pub":true}},{"type":"Feature","geometry":{"type":"Point","coordinates":[-105.3023,38.9499]},"properties":{"s":17.5,"pub":false}},{"type":"Feature","geometry":{"type":"Point","coordinates":[-105.3023,38.9557]},"properties":{"s":17.5,"pub":false}},{"type":"Feature","geometry":{"type":"Point","coordinates":[-105.3023,38.9615]},"properties":{"s":17.5,"pub":false}},{"type":"Feature","geometry":{"type":"Point","coordinates":[-105.3023,38.9673]},"properties":{"s":17.5,"pub":false}},{"type":"Feature","geometry":{"type":"Point","coordinates":[-105.3023,38.9731]},"properties":{"s":17.5,"pub":false}},{"type":"Feature","geometry":{"type":"Point","coordinates":[-105.3023,38.9789]},"properties":{"s":17.5,"pub":false}},{"type":"Feature","geometry":{"type":"Point","coordinates":[-105.3023,38.9847]},"properties":{"s":17.5,"pub":false}},{"type":"Feature","geometry":{"type":"Point","coordinates":[-105.3023,38.9905]},"properties":{"s":17.5,"pub":false}},{"type":"Feature","geometry":{"type":"Point","coordinates":[-105.3023,38.9963]},"properties":{"s":17.5,"pub":false}},{"type":"Feature","geometry":{"type":"Point","coordinates":[-105.3023,39.0021]},"properties":{"s":17.5,"pub":false}},{"type":"Feature","geometry":{"type":"Point","coordinates":[-105.3023,39.0079]},"properties":{"s":17.5,"pub":false}},{"type":"Feature","geometry":{"type":"Point","coordinates":[-105.3023,39.0137]},"properties":{"s":17.5,"pub":false}},{"type":"Feature","geometry":{"type":"Point","coordinates":[-105.3023,39.0195]},"properties":{"s":17.5,"pub":true}},{"type":"Feature","geometry":{"type":"Point","coordinates":[-105.3023,39.0253]},"properties":{"s":17.5,"pub":true}},{"type":"Feature","geometry":{"type":"Point","coordinates":[-105.3023,39.0311]},"properties":{"s":17.5,"pub":true}},{"type":"Feature","geometry":{"type":"Point","coordinates":[-105.3023,39.0369]},"properties":{"s":17.5,"pub":true}},{"type":"Feature","geometry":{"type":"Point","coordinates":[-105.3023,39.0427]},"properties":{"s":17.5,"pub":true}},{"type":"Feature","geometry":{"type":"Point","coordinates":[-105.3023,39.0485]},"properties":{"s":17.5,"pub":true}},{"type":"Feature","geometry":{"type":"Point","coordinates":[-105.3023,39.0543]},"properties":{"s":17.5,"pub":true}},{"type":"Feature","geometry":{"type":"Point","coordinates":[-105.3023,39.0601]},"properties":{"s":17.5,"pub":true}},{"type":"Feature","geometry":{"type":"Point","coordinates":[-105.3023,39.0659]},"properties":{"s":17.5,"pub":true}},{"type":"Feature","geometry":{"type":"Point","coordinates":[-105.3023,39.0717]},"properties":{"s":17.5,"pub":true}},{"type":"Feature","geometry":{"type":"Point","coordinates":[-105.3023,39.0775]},"properties":{"s":17.5,"pub":true}},{"type":"Feature","geometry":{"type":"Point","coordinates":[-105.3023,39.0833]},"properties":{"s":17.5,"pub":true}},{"type":"Feature","geometry":{"type":"Point","coordinates":[-105.3023,39.0891]},"properties":{"s":17.5,"pub":true}},{"type":"Feature","geometry":{"type":"Point","coordinates":[-105.3023,39.0949]},"properties":{"s":17.5,"pub":true}},{"type":"Feature","geometry":{"type":"Point","coordinates":[-105.3023,39.1007]},"properties":{"s":17.5,"pub":true}},{"type":"Feature","geometry":{"type":"Point","coordinates":[-105.3023,39.1065]},"properties":{"s":17.5,"pub":true}},{"type":"Feature","geometry":{"type":"Point","coordinates":[-105.3023,39.1123]},"properties":{"s":17.5,"pub":true}},{"type":"Feature","geometry":{"type":"Point","coordinates":[-105.3023,39.1181]},"properties":{"s":17.5,"pub":true}},{"type":"Feature","geometry":{"type":"Point","coordinates":[-105.3023,39.1239]},"properties":{"s":17.5,"pub":true}},{"type":"Feature","geometry":{"type":"Point","coordinates":[-105.2948,38.9499]},"properties":{"s":17.5,"pub":false}},{"type":"Feature","geometry":{"type":"Point","coordinates":[-105.2948,38.9557]},"properties":{"s":17.5,"pub":false}},{"type":"Feature","geometry":{"type":"Point","coordinates":[-105.2948,38.9615]},"properties":{"s":17.5,"pub":false}},{"type":"Feature","geometry":{"type":"Point","coordinates":[-105.2948,38.9673]},"properties":{"s":17.5,"pub":false}},{"type":"Feature","geometry":{"type":"Point","coordinates":[-105.2948,38.9731]},"properties":{"s":17.5,"pub":false}},{"type":"Feature","geometry":{"type":"Point","coordinates":[-105.2948,38.9789]},"properties":{"s":17.5,"pub":false}},{"type":"Feature","geometry":{"type":"Point","coordinates":[-105.2948,38.9847]},"properties":{"s":17.5,"pub":false}},{"type":"Feature","geometry":{"type":"Point","coordinates":[-105.2948,38.9905]},"properties":{"s":17.5,"pub":false}},{"type":"Feature","geometry":{"type":"Point","coordinates":[-105.2948,38.9963]},"properties":{"s":17.5,"pub":false}},{"type":"Feature","geometry":{"type":"Point","coordinates":[-105.2948,39.0021]},"properties":{"s":17.5,"pub":false}},{"type":"Feature","geometry":{"type":"Point","coordinates":[-105.2948,39.0079]},"properties":{"s":17.5,"pub":false}},{"type":"Feature","geometry":{"type":"Point","coordinates":[-105.2948,39.0137]},"properties":{"s":17.5,"pub":false}},{"type":"Feature","geometry":{"type":"Point","coordinates":[-105.2948,39.0195]},"properties":{"s":17.5,"pub":true}},{"type":"Feature","geometry":{"type":"Point","coordinates":[-105.2948,39.0253]},"properties":{"s":17.5,"pub":true}},{"type":"Feature","geometry":{"type":"Point","coordinates":[-105.2948,39.0311]},"properties":{"s":17.5,"pub":true}},{"type":"Feature","geometry":{"type":"Point","coordinates":[-105.2948,39.0369]},"properties":{"s":17.5,"pub":true}},{"type":"Feature","geometry":{"type":"Point","coordinates":[-105.2948,39.0427]},"properties":{"s":17.5,"pub":true}},{"type":"Feature","geometry":{"type":"Point","coordinates":[-105.2948,39.0485]},"properties":{"s":17.5,"pub":true}},{"type":"Feature","geometry":{"type":"Point","coordinates":[-105.2948,39.0543]},"properties":{"s":17.5,"pub":true}},{"type":"Feature","geometry":{"type":"Point","coordinates":[-105.2948,39.0601]},"properties":{"s":17.5,"pub":true}},{"type":"Feature","geometry":{"type":"Point","coordinates":[-105.2948,39.0659]},"properties":{"s":17.5,"pub":true}},{"type":"Feature","geometry":{"type":"Point","coordinates":[-105.2948,39.0717]},"properties":{"s":17.5,"pub":true}},{"type":"Feature","geometry":{"type":"Point","coordinates":[-105.2948,39.0775]},"properties":{"s":17.5,"pub":true}},{"type":"Feature","geometry":{"type":"Point","coordinates":[-105.2948,39.0833]},"properties":{"s":17.5,"pub":true}},{"type":"Feature","geometry":{"type":"Point","coordinates":[-105.2948,39.0891]},"properties":{"s":17.5,"pub":true}},{"type":"Feature","geometry":{"type":"Point","coordinates":[-105.2948,39.0949]},"properties":{"s":17.5,"pub":true}},{"type":"Feature","geometry":{"type":"Point","coordinates":[-105.2948,39.1007]},"properties":{"s":17.5,"pub":true}},{"type":"Feature","geometry":{"type":"Point","coordinates":[-105.2948,39.1065]},"properties":{"s":17.5,"pub":true}},{"type":"Feature","geometry":{"type":"Point","coordinates":[-105.2948,39.1123]},"properties":{"s":17.5,"pub":true}},{"type":"Feature","geometry":{"type":"Point","coordinates":[-105.2948,39.1181]},"properties":{"s":17.5,"pub":true}},{"type":"Feature","geometry":{"type":"Point","coordinates":[-105.2948,39.1239]},"properties":{"s":17.5,"pub":true}},{"type":"Feature","geometry":{"type":"Point","coordinates":[-105.2873,38.9499]},"properties":{"s":17.5,"pub":false}},{"type":"Feature","geometry":{"type":"Point","coordinates":[-105.2873,38.9557]},"properties":{"s":17.5,"pub":false}},{"type":"Feature","geometry":{"type":"Point","coordinates":[-105.2873,38.9615]},"properties":{"s":17.5,"pub":false}},{"type":"Feature","geometry":{"type":"Point","coordinates":[-105.2873,38.9673]},"properties":{"s":17.5,"pub":false}},{"type":"Feature","geometry":{"type":"Point","coordinates":[-105.2873,38.9731]},"properties":{"s":17.5,"pub":false}},{"type":"Feature","geometry":{"type":"Point","coordinates":[-105.2873,38.9789]},"properties":{"s":17.5,"pub":false}},{"type":"Feature","geometry":{"type":"Point","coordinates":[-105.2873,38.9847]},"properties":{"s":17.5,"pub":false}},{"type":"Feature","geometry":{"type":"Point","coordinates":[-105.2873,38.9905]},"properties":{"s":17.5,"pub":false}},{"type":"Feature","geometry":{"type":"Point","coordinates":[-105.2873,38.9963]},"properties":{"s":17.5,"pub":false}},{"type":"Feature","geometry":{"type":"Point","coordinates":[-105.2873,39.0021]},"properties":{"s":17.5,"pub":false}},{"type":"Feature","geometry":{"type":"Point","coordinates":[-105.2873,39.0079]},"properties":{"s":17.5,"pub":false}},{"type":"Feature","geometry":{"type":"Point","coordinates":[-105.2873,39.0137]},"properties":{"s":17.5,"pub":false}},{"type":"Feature","geometry":{"type":"Point","coordinates":[-105.2873,39.0195]},"properties":{"s":17.5,"pub":true}},{"type":"Feature","geometry":{"type":"Point","coordinates":[-105.2873,39.0253]},"properties":{"s":17.5,"pub":true}},{"type":"Feature","geometry":{"type":"Point","coordinates":[-105.2873,39.0311]},"properties":{"s":17.5,"pub":true}},{"type":"Feature","geometry":{"type":"Point","coordinates":[-105.2873,39.0369]},"properties":{"s":17.5,"pub":true}},{"type":"Feature","geometry":{"type":"Point","coordinates":[-105.2873,39.0427]},"properties":{"s":17.5,"pub":true}},{"type":"Feature","geometry":{"type":"Point","coordinates":[-105.2873,39.0485]},"properties":{"s":17.5,"pub":true}},{"type":"Feature","geometry":{"type":"Point","coordinates":[-105.2873,39.0543]},"properties":{"s":17.5,"pub":true}},{"type":"Feature","geometry":{"type":"Point","coordinates":[-105.2873,39.0601]},"properties":{"s":17.5,"pub":true}},{"type":"Feature","geometry":{"type":"Point","coordinates":[-105.2873,39.0659]},"properties":{"s":17.5,"pub":true}},{"type":"Feature","geometry":{"type":"Point","coordinates":[-105.2873,39.0717]},"properties":{"s":17.5,"pub":true}},{"type":"Feature","geometry":{"type":"Point","coordinates":[-105.2873,39.0775]},"properties":{"s":17.5,"pub":true}},{"type":"Feature","geometry":{"type":"Point","coordinates":[-105.2873,39.0833]},"properties":{"s":17.5,"pub":true}},{"type":"Feature","geometry":{"type":"Point","coordinates":[-105.2873,39.0891]},"properties":{"s":17.5,"pub":true}},{"type":"Feature","geometry":{"type":"Point","coordinates":[-105.2873,39.0949]},"properties":{"s":17.5,"pub":true}},{"type":"Feature","geometry":{"type":"Point","coordinates":[-105.2873,39.1007]},"properties":{"s":17.5,"pub":true}},{"type":"Feature","geometry":{"type":"Point","coordinates":[-105.2873,39.1065]},"properties":{"s":17.5,"pub":true}},{"type":"Feature","geometry":{"type":"Point","coordinates":[-105.2873,39.1123]},"properties":{"s":17.5,"pub":true}},{"type":"Feature","geometry":{"type":"Point","coordinates":[-105.2873,39.1181]},"properties":{"s":17.5,"pub":true}},{"type":"Feature","geometry":{"type":"Point","coordinates":[-105.2873,39.1239]},"properties":{"s":17.5,"pub":true}},{"type":"Feature","geometry":{"type":"Point","coordinates":[-105.2798,38.9499]},"properties":{"s":17.5,"pub":false}},{"type":"Feature","geometry":{"type":"Point","coordinates":[-105.2798,38.9557]},"properties":{"s":17.5,"pub":false}},{"type":"Feature","geometry":{"type":"Point","coordinates":[-105.2798,38.9615]},"properties":{"s":17.5,"pub":false}},{"type":"Feature","geometry":{"type":"Point","coordinates":[-105.2798,38.9673]},"properties":{"s":17.5,"pub":false}},{"type":"Feature","geometry":{"type":"Point","coordinates":[-105.2798,38.9731]},"properties":{"s":17.5,"pub":false}},{"type":"Feature","geometry":{"type":"Point","coordinates":[-105.2798,38.9789]},"properties":{"s":17.5,"pub":false}},{"type":"Feature","geometry":{"type":"Point","coordinates":[-105.2798,38.9847]},"properties":{"s":17.5,"pub":false}},{"type":"Feature","geometry":{"type":"Point","coordinates":[-105.2798,38.9905]},"properties":{"s":17.5,"pub":false}},{"type":"Feature","geometry":{"type":"Point","coordinates":[-105.2798,38.9963]},"properties":{"s":17.5,"pub":false}},{"type":"Feature","geometry":{"type":"Point","coordinates":[-105.2798,39.0021]},"properties":{"s":17.5,"pub":false}},{"type":"Feature","geometry":{"type":"Point","coordinates":[-105.2798,39.0079]},"properties":{"s":17.5,"pub":false}},{"type":"Feature","geometry":{"type":"Point","coordinates":[-105.2798,39.0137]},"properties":{"s":17.5,"pub":false}},{"type":"Feature","geometry":{"type":"Point","coordinates":[-105.2798,39.0195]},"properties":{"s":17.5,"pub":true}},{"type":"Feature","geometry":{"type":"Point","coordinates":[-105.2798,39.0253]},"properties":{"s":17.5,"pub":true}},{"type":"Feature","geometry":{"type":"Point","coordinates":[-105.2798,39.0311]},"properties":{"s":17.5,"pub":true}},{"type":"Feature","geometry":{"type":"Point","coordinates":[-105.2798,39.0369]},"properties":{"s":17.5,"pub":true}},{"type":"Feature","geometry":{"type":"Point","coordinates":[-105.2798,39.0427]},"properties":{"s":17.5,"pub":true}},{"type":"Feature","geometry":{"type":"Point","coordinates":[-105.2798,39.0485]},"properties":{"s":17.5,"pub":true}},{"type":"Feature","geometry":{"type":"Point","coordinates":[-105.2798,39.0543]},"properties":{"s":17.5,"pub":true}},{"type":"Feature","geometry":{"type":"Point","coordinates":[-105.2798,39.0601]},"properties":{"s":17.5,"pub":true}},{"type":"Feature","geometry":{"type":"Point","coordinates":[-105.2798,39.0659]},"properties":{"s":17.5,"pub":true}},{"type":"Feature","geometry":{"type":"Point","coordinates":[-105.2798,39.0717]},"properties":{"s":17.5,"pub":true}},{"type":"Feature","geometry":{"type":"Point","coordinates":[-105.2798,39.0775]},"properties":{"s":17.5,"pub":true}},{"type":"Feature","geometry":{"type":"Point","coordinates":[-105.2798,39.0833]},"properties":{"s":17.5,"pub":true}},{"type":"Feature","geometry":{"type":"Point","coordinates":[-105.2798,39.0891]},"properties":{"s":17.5,"pub":true}},{"type":"Feature","geometry":{"type":"Point","coordinates":[-105.2798,39.0949]},"properties":{"s":17.5,"pub":true}},{"type":"Feature","geometry":{"type":"Point","coordinates":[-105.2798,39.1007]},"properties":{"s":17.5,"pub":true}},{"type":"Feature","geometry":{"type":"Point","coordinates":[-105.2798,39.1065]},"properties":{"s":17.5,"pub":true}},{"type":"Feature","geometry":{"type":"Point","coordinates":[-105.2798,39.1123]},"properties":{"s":17.5,"pub":true}},{"type":"Feature","geometry":{"type":"Point","coordinates":[-105.2798,39.1181]},"properties":{"s":17.5,"pub":true}},{"type":"Feature","geometry":{"type":"Point","coordinates":[-105.2798,39.1239]},"properties":{"s":17.5,"pub":true}},{"type":"Feature","geometry":{"type":"Point","coordinates":[-105.2723,38.9557]},"properties":{"s":17.5,"pub":false}},{"type":"Feature","geometry":{"type":"Point","coordinates":[-105.2723,38.9615]},"properties":{"s":17.5,"pub":false}},{"type":"Feature","geometry":{"type":"Point","coordinates":[-105.2723,38.9673]},"properties":{"s":17.5,"pub":false}},{"type":"Feature","geometry":{"type":"Point","coordinates":[-105.2723,38.9731]},"properties":{"s":17.5,"pub":false}},{"type":"Feature","geometry":{"type":"Point","coordinates":[-105.2723,38.9789]},"properties":{"s":17.5,"pub":false}},{"type":"Feature","geometry":{"type":"Point","coordinates":[-105.2723,38.9847]},"properties":{"s":17.5,"pub":false}},{"type":"Feature","geometry":{"type":"Point","coordinates":[-105.2723,38.9905]},"properties":{"s":17.5,"pub":false}},{"type":"Feature","geometry":{"type":"Point","coordinates":[-105.2723,38.9963]},"properties":{"s":17.5,"pub":false}},{"type":"Feature","geometry":{"type":"Point","coordinates":[-105.2723,39.0021]},"properties":{"s":17.5,"pub":false}},{"type":"Feature","geometry":{"type":"Point","coordinates":[-105.2723,39.0079]},"properties":{"s":17.5,"pub":false}},{"type":"Feature","geometry":{"type":"Point","coordinates":[-105.2723,39.0137]},"properties":{"s":17.5,"pub":false}},{"type":"Feature","geometry":{"type":"Point","coordinates":[-105.2723,39.0195]},"properties":{"s":17.5,"pub":false}},{"type":"Feature","geometry":{"type":"Point","coordinates":[-105.2723,39.0253]},"properties":{"s":17.5,"pub":false}},{"type":"Feature","geometry":{"type":"Point","coordinates":[-105.2723,39.0311]},"properties":{"s":17.5,"pub":true}},{"type":"Feature","geometry":{"type":"Point","coordinates":[-105.2723,39.0369]},"properties":{"s":17.5,"pub":true}},{"type":"Feature","geometry":{"type":"Point","coordinates":[-105.2723,39.0427]},"properties":{"s":17.5,"pub":true}},{"type":"Feature","geometry":{"type":"Point","coordinates":[-105.2723,39.0485]},"properties":{"s":17.5,"pub":true}},{"type":"Feature","geometry":{"type":"Point","coordinates":[-105.2723,39.0543]},"properties":{"s":17.5,"pub":true}},{"type":"Feature","geometry":{"type":"Point","coordinates":[-105.2723,39.0601]},"properties":{"s":17.5,"pub":true}},{"type":"Feature","geometry":{"type":"Point","coordinates":[-105.2723,39.0659]},"properties":{"s":17.5,"pub":true}},{"type":"Feature","geometry":{"type":"Point","coordinates":[-105.2723,39.0717]},"properties":{"s":17.5,"pub":true}},{"type":"Feature","geometry":{"type":"Point","coordinates":[-105.2723,39.0775]},"properties":{"s":17.5,"pub":true}},{"type":"Feature","geometry":{"type":"Point","coordinates":[-105.2723,39.0833]},"properties":{"s":17.5,"pub":true}},{"type":"Feature","geometry":{"type":"Point","coordinates":[-105.2723,39.0891]},"properties":{"s":17.5,"pub":true}},{"type":"Feature","geometry":{"type":"Point","coordinates":[-105.2723,39.0949]},"properties":{"s":17.5,"pub":true}},{"type":"Feature","geometry":{"type":"Point","coordinates":[-105.2723,39.1007]},"properties":{"s":17.5,"pub":true}},{"type":"Feature","geometry":{"type":"Point","coordinates":[-105.2723,39.1065]},"properties":{"s":17.5,"pub":true}},{"type":"Feature","geometry":{"type":"Point","coordinates":[-105.2723,39.1123]},"properties":{"s":17.5,"pub":true}},{"type":"Feature","geometry":{"type":"Point","coordinates":[-105.2723,39.1181]},"properties":{"s":17.5,"pub":true}},{"type":"Feature","geometry":{"type":"Point","coordinates":[-105.2723,39.1239]},"properties":{"s":17.5,"pub":true}},{"type":"Feature","geometry":{"type":"Point","coordinates":[-105.2648,38.9499]},"properties":{"s":17.5,"pub":false}},{"type":"Feature","geometry":{"type":"Point","coordinates":[-105.2648,38.9557]},"properties":{"s":17.5,"pub":false}},{"type":"Feature","geometry":{"type":"Point","coordinates":[-105.2648,38.9615]},"properties":{"s":17.5,"pub":false}},{"type":"Feature","geometry":{"type":"Point","coordinates":[-105.2648,38.9673]},"properties":{"s":17.5,"pub":false}},{"type":"Feature","geometry":{"type":"Point","coordinates":[-105.2648,38.9731]},"properties":{"s":17.5,"pub":false}},{"type":"Feature","geometry":{"type":"Point","coordinates":[-105.2648,38.9789]},"properties":{"s":17.5,"pub":false}},{"type":"Feature","geometry":{"type":"Point","coordinates":[-105.2648,38.9847]},"properties":{"s":17.5,"pub":false}},{"type":"Feature","geometry":{"type":"Point","coordinates":[-105.2648,38.9905]},"properties":{"s":17.5,"pub":false}},{"type":"Feature","geometry":{"type":"Point","coordinates":[-105.2648,38.9963]},"properties":{"s":17.5,"pub":false}},{"type":"Feature","geometry":{"type":"Point","coordinates":[-105.2648,39.0021]},"properties":{"s":17.5,"pub":false}},{"type":"Feature","geometry":{"type":"Point","coordinates":[-105.2648,39.0079]},"properties":{"s":17.5,"pub":false}},{"type":"Feature","geometry":{"type":"Point","coordinates":[-105.2648,39.0137]},"properties":{"s":17.5,"pub":false}},{"type":"Feature","geometry":{"type":"Point","coordinates":[-105.2648,39.0195]},"properties":{"s":17.5,"pub":true}},{"type":"Feature","geometry":{"type":"Point","coordinates":[-105.2648,39.0253]},"properties":{"s":17.5,"pub":true}},{"type":"Feature","geometry":{"type":"Point","coordinates":[-105.2648,39.0311]},"properties":{"s":17.5,"pub":true}},{"type":"Feature","geometry":{"type":"Point","coordinates":[-105.2648,39.0369]},"properties":{"s":17.5,"pub":true}},{"type":"Feature","geometry":{"type":"Point","coordinates":[-105.2648,39.0427]},"properties":{"s":17.5,"pub":true}},{"type":"Feature","geometry":{"type":"Point","coordinates":[-105.2648,39.0485]},"properties":{"s":17.5,"pub":true}},{"type":"Feature","geometry":{"type":"Point","coordinates":[-105.2648,39.0543]},"properties":{"s":17.5,"pub":true}},{"type":"Feature","geometry":{"type":"Point","coordinates":[-105.2648,39.0601]},"properties":{"s":17.5,"pub":true}},{"type":"Feature","geometry":{"type":"Point","coordinates":[-105.2648,39.0659]},"properties":{"s":17.5,"pub":true}},{"type":"Feature","geometry":{"type":"Point","coordinates":[-105.2648,39.0717]},"properties":{"s":17.5,"pub":true}},{"type":"Feature","geometry":{"type":"Point","coordinates":[-105.2648,39.0775]},"properties":{"s":17.5,"pub":true}},{"type":"Feature","geometry":{"type":"Point","coordinates":[-105.2648,39.0833]},"properties":{"s":17.5,"pub":true}},{"type":"Feature","geometry":{"type":"Point","coordinates":[-105.2648,39.0891]},"properties":{"s":17.5,"pub":true}},{"type":"Feature","geometry":{"type":"Point","coordinates":[-105.2648,39.0949]},"properties":{"s":17.5,"pub":true}},{"type":"Feature","geometry":{"type":"Point","coordinates":[-105.2648,39.1007]},"properties":{"s":17.5,"pub":true}},{"type":"Feature","geometry":{"type":"Point","coordinates":[-105.2648,39.1065]},"properties":{"s":17.5,"pub":true}},{"type":"Feature","geometry":{"type":"Point","coordinates":[-105.2648,39.1123]},"properties":{"s":17.5,"pub":true}},{"type":"Feature","geometry":{"type":"Point","coordinates":[-105.2648,39.1181]},"properties":{"s":17.5,"pub":true}},{"type":"Feature","geometry":{"type":"Point","coordinates":[-105.2648,39.1239]},"properties":{"s":17.5,"pub":true}},{"type":"Feature","geometry":{"type":"Point","coordinates":[-105.2573,38.9499]},"properties":{"s":17.5,"pub":false}},{"type":"Feature","geometry":{"type":"Point","coordinates":[-105.2573,38.9557]},"properties":{"s":17.5,"pub":false}},{"type":"Feature","geometry":{"type":"Point","coordinates":[-105.2573,38.9615]},"properties":{"s":17.5,"pub":false}},{"type":"Feature","geometry":{"type":"Point","coordinates":[-105.2573,38.9673]},"properties":{"s":17.5,"pub":false}},{"type":"Feature","geometry":{"type":"Point","coordinates":[-105.2573,38.9731]},"properties":{"s":17.5,"pub":false}},{"type":"Feature","geometry":{"type":"Point","coordinates":[-105.2573,38.9789]},"properties":{"s":17.5,"pub":false}},{"type":"Feature","geometry":{"type":"Point","coordinates":[-105.2573,38.9847]},"properties":{"s":17.5,"pub":false}},{"type":"Feature","geometry":{"type":"Point","coordinates":[-105.2573,38.9905]},"properties":{"s":17.5,"pub":false}},{"type":"Feature","geometry":{"type":"Point","coordinates":[-105.2573,38.9963]},"properties":{"s":17.5,"pub":false}},{"type":"Feature","geometry":{"type":"Point","coordinates":[-105.2573,39.0021]},"properties":{"s":17.5,"pub":false}},{"type":"Feature","geometry":{"type":"Point","coordinates":[-105.2573,39.0079]},"properties":{"s":17.5,"pub":false}},{"type":"Feature","geometry":{"type":"Point","coordinates":[-105.2573,39.0137]},"properties":{"s":17.5,"pub":false}},{"type":"Feature","geometry":{"type":"Point","coordinates":[-105.2573,39.0195]},"properties":{"s":17.5,"pub":true}},{"type":"Feature","geometry":{"type":"Point","coordinates":[-105.2573,39.0253]},"properties":{"s":17.5,"pub":true}},{"type":"Feature","geometry":{"type":"Point","coordinates":[-105.2573,39.0311]},"properties":{"s":17.5,"pub":true}},{"type":"Feature","geometry":{"type":"Point","coordinates":[-105.2573,39.0369]},"properties":{"s":17.5,"pub":true}},{"type":"Feature","geometry":{"type":"Point","coordinates":[-105.2573,39.0427]},"properties":{"s":17.5,"pub":true}},{"type":"Feature","geometry":{"type":"Point","coordinates":[-105.2573,39.0485]},"properties":{"s":17.5,"pub":true}},{"type":"Feature","geometry":{"type":"Point","coordinates":[-105.2573,39.0543]},"properties":{"s":17.5,"pub":true}},{"type":"Feature","geometry":{"type":"Point","coordinates":[-105.2573,39.0601]},"properties":{"s":17.5,"pub":true}},{"type":"Feature","geometry":{"type":"Point","coordinates":[-105.2573,39.0659]},"properties":{"s":17.5,"pub":true}},{"type":"Feature","geometry":{"type":"Point","coordinates":[-105.2573,39.0717]},"properties":{"s":17.5,"pub":true}},{"type":"Feature","geometry":{"type":"Point","coordinates":[-105.2573,39.0775]},"properties":{"s":17.5,"pub":true}},{"type":"Feature","geometry":{"type":"Point","coordinates":[-105.2573,39.0833]},"properties":{"s":17.5,"pub":true}},{"type":"Feature","geometry":{"type":"Point","coordinates":[-105.2573,39.0891]},"properties":{"s":17.5,"pub":true}},{"type":"Feature","geometry":{"type":"Point","coordinates":[-105.2573,39.0949]},"properties":{"s":17.5,"pub":true}},{"type":"Feature","geometry":{"type":"Point","coordinates":[-105.2573,39.1007]},"properties":{"s":17.5,"pub":true}},{"type":"Feature","geometry":{"type":"Point","coordinates":[-105.2573,39.1065]},"properties":{"s":17.5,"pub":true}},{"type":"Feature","geometry":{"type":"Point","coordinates":[-105.2573,39.1123]},"properties":{"s":17.5,"pub":true}},{"type":"Feature","geometry":{"type":"Point","coordinates":[-105.2573,39.1181]},"properties":{"s":17.5,"pub":true}},{"type":"Feature","geometry":{"type":"Point","coordinates":[-105.2573,39.1239]},"properties":{"s":17.5,"pub":true}},{"type":"Feature","geometry":{"type":"Point","coordinates":[-105.2498,38.9383]},"properties":{"s":17.5,"pub":false}},{"type":"Feature","geometry":{"type":"Point","coordinates":[-105.2498,38.9441]},"properties":{"s":17.5,"pub":false}},{"type":"Feature","geometry":{"type":"Point","coordinates":[-105.2498,38.9499]},"properties":{"s":47.5,"pub":false}},{"type":"Feature","geometry":{"type":"Point","coordinates":[-105.2498,38.9557]},"properties":{"s":47.5,"pub":false}},{"type":"Feature","geometry":{"type":"Point","coordinates":[-105.2498,38.9615]},"properties":{"s":47.5,"pub":false}},{"type":"Feature","geometry":{"type":"Point","coordinates":[-105.2498,38.9673]},"properties":{"s":47.5,"pub":false}},{"type":"Feature","geometry":{"type":"Point","coordinates":[-105.2498,38.9731]},"properties":{"s":17.5,"pub":false}},{"type":"Feature","geometry":{"type":"Point","coordinates":[-105.2498,38.9789]},"properties":{"s":17.5,"pub":false}},{"type":"Feature","geometry":{"type":"Point","coordinates":[-105.2498,38.9847]},"properties":{"s":17.5,"pub":false}},{"type":"Feature","geometry":{"type":"Point","coordinates":[-105.2498,38.9905]},"properties":{"s":17.5,"pub":false}},{"type":"Feature","geometry":{"type":"Point","coordinates":[-105.2498,38.9963]},"properties":{"s":17.5,"pub":false}},{"type":"Feature","geometry":{"type":"Point","coordinates":[-105.2498,39.0021]},"properties":{"s":17.5,"pub":false}},{"type":"Feature","geometry":{"type":"Point","coordinates":[-105.2498,39.0079]},"properties":{"s":17.5,"pub":false}},{"type":"Feature","geometry":{"type":"Point","coordinates":[-105.2498,39.0137]},"properties":{"s":17.5,"pub":false}},{"type":"Feature","geometry":{"type":"Point","coordinates":[-105.2498,39.0195]},"properties":{"s":17.5,"pub":true}},{"type":"Feature","geometry":{"type":"Point","coordinates":[-105.2498,39.0253]},"properties":{"s":17.5,"pub":true}},{"type":"Feature","geometry":{"type":"Point","coordinates":[-105.2498,39.0311]},"properties":{"s":17.5,"pub":true}},{"type":"Feature","geometry":{"type":"Point","coordinates":[-105.2498,39.0369]},"properties":{"s":17.5,"pub":true}},{"type":"Feature","geometry":{"type":"Point","coordinates":[-105.2498,39.0427]},"properties":{"s":17.5,"pub":true}},{"type":"Feature","geometry":{"type":"Point","coordinates":[-105.2498,39.0485]},"properties":{"s":17.5,"pub":true}},{"type":"Feature","geometry":{"type":"Point","coordinates":[-105.2498,39.0543]},"properties":{"s":17.5,"pub":true}},{"type":"Feature","geometry":{"type":"Point","coordinates":[-105.2498,39.0601]},"properties":{"s":17.5,"pub":true}},{"type":"Feature","geometry":{"type":"Point","coordinates":[-105.2498,39.0659]},"properties":{"s":17.5,"pub":true}},{"type":"Feature","geometry":{"type":"Point","coordinates":[-105.2498,39.0717]},"properties":{"s":17.5,"pub":true}},{"type":"Feature","geometry":{"type":"Point","coordinates":[-105.2498,39.0775]},"properties":{"s":17.5,"pub":true}},{"type":"Feature","geometry":{"type":"Point","coordinates":[-105.2498,39.0833]},"properties":{"s":17.5,"pub":true}},{"type":"Feature","geometry":{"type":"Point","coordinates":[-105.2498,39.0891]},"properties":{"s":17.5,"pub":true}},{"type":"Feature","geometry":{"type":"Point","coordinates":[-105.2498,39.0949]},"properties":{"s":17.5,"pub":true}},{"type":"Feature","geometry":{"type":"Point","coordinates":[-105.2498,39.1007]},"properties":{"s":17.5,"pub":true}},{"type":"Feature","geometry":{"type":"Point","coordinates":[-105.2498,39.1065]},"properties":{"s":17.5,"pub":true}},{"type":"Feature","geometry":{"type":"Point","coordinates":[-105.2498,39.1123]},"properties":{"s":17.5,"pub":true}},{"type":"Feature","geometry":{"type":"Point","coordinates":[-105.2498,39.1181]},"properties":{"s":17.5,"pub":true}},{"type":"Feature","geometry":{"type":"Point","coordinates":[-105.2498,39.1239]},"properties":{"s":17.5,"pub":true}},{"type":"Feature","geometry":{"type":"Point","coordinates":[-105.2423,38.9383]},"properties":{"s":17.5,"pub":false}},{"type":"Feature","geometry":{"type":"Point","coordinates":[-105.2423,38.9441]},"properties":{"s":47.5,"pub":false}},{"type":"Feature","geometry":{"type":"Point","coordinates":[-105.2423,38.9499]},"properties":{"s":47.5,"pub":false}},{"type":"Feature","geometry":{"type":"Point","coordinates":[-105.2423,38.9557]},"properties":{"s":47.5,"pub":false}},{"type":"Feature","geometry":{"type":"Point","coordinates":[-105.2423,38.9615]},"properties":{"s":47.5,"pub":false}},{"type":"Feature","geometry":{"type":"Point","coordinates":[-105.2423,38.9673]},"properties":{"s":47.5,"pub":false}},{"type":"Feature","geometry":{"type":"Point","coordinates":[-105.2423,38.9731]},"properties":{"s":47.5,"pub":false}},{"type":"Feature","geometry":{"type":"Point","coordinates":[-105.2423,38.9789]},"properties":{"s":17.5,"pub":false}},{"type":"Feature","geometry":{"type":"Point","coordinates":[-105.2423,38.9847]},"properties":{"s":17.5,"pub":false}},{"type":"Feature","geometry":{"type":"Point","coordinates":[-105.2423,38.9905]},"properties":{"s":17.5,"pub":false}},{"type":"Feature","geometry":{"type":"Point","coordinates":[-105.2423,38.9963]},"properties":{"s":17.5,"pub":false}},{"type":"Feature","geometry":{"type":"Point","coordinates":[-105.2423,39.0021]},"properties":{"s":17.5,"pub":true}},{"type":"Feature","geometry":{"type":"Point","coordinates":[-105.2423,39.0079]},"properties":{"s":17.5,"pub":true}},{"type":"Feature","geometry":{"type":"Point","coordinates":[-105.2423,39.0137]},"properties":{"s":17.5,"pub":true}},{"type":"Feature","geometry":{"type":"Point","coordinates":[-105.2423,39.0195]},"properties":{"s":17.5,"pub":true}},{"type":"Feature","geometry":{"type":"Point","coordinates":[-105.2423,39.0253]},"properties":{"s":17.5,"pub":true}},{"type":"Feature","geometry":{"type":"Point","coordinates":[-105.2423,39.0311]},"properties":{"s":17.5,"pub":true}},{"type":"Feature","geometry":{"type":"Point","coordinates":[-105.2423,39.0369]},"properties":{"s":17.5,"pub":true}},{"type":"Feature","geometry":{"type":"Point","coordinates":[-105.2423,39.0427]},"properties":{"s":17.5,"pub":true}},{"type":"Feature","geometry":{"type":"Point","coordinates":[-105.2423,39.0485]},"properties":{"s":17.5,"pub":true}},{"type":"Feature","geometry":{"type":"Point","coordinates":[-105.2423,39.0543]},"properties":{"s":17.5,"pub":true}},{"type":"Feature","geometry":{"type":"Point","coordinates":[-105.2423,39.0601]},"properties":{"s":17.5,"pub":true}},{"type":"Feature","geometry":{"type":"Point","coordinates":[-105.2423,39.0659]},"properties":{"s":17.5,"pub":true}},{"type":"Feature","geometry":{"type":"Point","coordinates":[-105.2423,39.0717]},"properties":{"s":17.5,"pub":true}},{"type":"Feature","geometry":{"type":"Point","coordinates":[-105.2423,39.0775]},"properties":{"s":17.5,"pub":true}},{"type":"Feature","geometry":{"type":"Point","coordinates":[-105.2423,39.0833]},"properties":{"s":17.5,"pub":true}},{"type":"Feature","geometry":{"type":"Point","coordinates":[-105.2423,39.0891]},"properties":{"s":17.5,"pub":true}},{"type":"Feature","geometry":{"type":"Point","coordinates":[-105.2423,39.0949]},"properties":{"s":17.5,"pub":true}},{"type":"Feature","geometry":{"type":"Point","coordinates":[-105.2423,39.1007]},"properties":{"s":17.5,"pub":true}},{"type":"Feature","geometry":{"type":"Point","coordinates":[-105.2423,39.1065]},"properties":{"s":17.5,"pub":true}},{"type":"Feature","geometry":{"type":"Point","coordinates":[-105.2423,39.1123]},"properties":{"s":17.5,"pub":true}},{"type":"Feature","geometry":{"type":"Point","coordinates":[-105.2423,39.1181]},"properties":{"s":17.5,"pub":true}},{"type":"Feature","geometry":{"type":"Point","coordinates":[-105.2423,39.1239]},"properties":{"s":17.5,"pub":true}},{"type":"Feature","geometry":{"type":"Point","coordinates":[-105.2348,38.9383]},"properties":{"s":17.5,"pub":false}},{"type":"Feature","geometry":{"type":"Point","coordinates":[-105.2348,38.9441]},"properties":{"s":47.5,"pub":false}},{"type":"Feature","geometry":{"type":"Point","coordinates":[-105.2348,38.9499]},"properties":{"s":47.5,"pub":false}},{"type":"Feature","geometry":{"type":"Point","coordinates":[-105.2348,38.9557]},"properties":{"s":47.5,"pub":false}},{"type":"Feature","geometry":{"type":"Point","coordinates":[-105.2348,38.9615]},"properties":{"s":47.5,"pub":false}},{"type":"Feature","geometry":{"type":"Point","coordinates":[-105.2348,38.9673]},"properties":{"s":47.5,"pub":false}},{"type":"Feature","geometry":{"type":"Point","coordinates":[-105.2348,38.9731]},"properties":{"s":47.5,"pub":false}},{"type":"Feature","geometry":{"type":"Point","coordinates":[-105.2348,38.9789]},"properties":{"s":17.5,"pub":false}},{"type":"Feature","geometry":{"type":"Point","coordinates":[-105.2348,38.9847]},"properties":{"s":17.5,"pub":false}},{"type":"Feature","geometry":{"type":"Point","coordinates":[-105.2348,38.9905]},"properties":{"s":17.5,"pub":false}},{"type":"Feature","geometry":{"type":"Point","coordinates":[-105.2348,38.9963]},"properties":{"s":17.5,"pub":false}},{"type":"Feature","geometry":{"type":"Point","coordinates":[-105.2348,39.0021]},"properties":{"s":17.5,"pub":true}},{"type":"Feature","geometry":{"type":"Point","coordinates":[-105.2348,39.0079]},"properties":{"s":17.5,"pub":true}},{"type":"Feature","geometry":{"type":"Point","coordinates":[-105.2348,39.0137]},"properties":{"s":17.5,"pub":true}},{"type":"Feature","geometry":{"type":"Point","coordinates":[-105.2348,39.0195]},"properties":{"s":17.5,"pub":true}},{"type":"Feature","geometry":{"type":"Point","coordinates":[-105.2348,39.0253]},"properties":{"s":17.5,"pub":true}},{"type":"Feature","geometry":{"type":"Point","coordinates":[-105.2348,39.0311]},"properties":{"s":17.5,"pub":true}},{"type":"Feature","geometry":{"type":"Point","coordinates":[-105.2348,39.0369]},"properties":{"s":17.5,"pub":true}},{"type":"Feature","geometry":{"type":"Point","coordinates":[-105.2348,39.0427]},"properties":{"s":17.5,"pub":true}},{"type":"Feature","geometry":{"type":"Point","coordinates":[-105.2348,39.0485]},"properties":{"s":17.5,"pub":true}},{"type":"Feature","geometry":{"type":"Point","coordinates":[-105.2348,39.0543]},"properties":{"s":17.5,"pub":true}},{"type":"Feature","geometry":{"type":"Point","coordinates":[-105.2348,39.0601]},"properties":{"s":17.5,"pub":true}},{"type":"Feature","geometry":{"type":"Point","coordinates":[-105.2348,39.0659]},"properties":{"s":17.5,"pub":true}},{"type":"Feature","geometry":{"type":"Point","coordinates":[-105.2348,39.0717]},"properties":{"s":17.5,"pub":true}},{"type":"Feature","geometry":{"type":"Point","coordinates":[-105.2348,39.0775]},"properties":{"s":17.5,"pub":true}},{"type":"Feature","geometry":{"type":"Point","coordinates":[-105.2348,39.0833]},"properties":{"s":17.5,"pub":true}},{"type":"Feature","geometry":{"type":"Point","coordinates":[-105.2348,39.0891]},"properties":{"s":17.5,"pub":true}},{"type":"Feature","geometry":{"type":"Point","coordinates":[-105.2348,39.0949]},"properties":{"s":17.5,"pub":true}},{"type":"Feature","geometry":{"type":"Point","coordinates":[-105.2348,39.1007]},"properties":{"s":17.5,"pub":true}},{"type":"Feature","geometry":{"type":"Point","coordinates":[-105.2348,39.1065]},"properties":{"s":17.5,"pub":true}},{"type":"Feature","geometry":{"type":"Point","coordinates":[-105.2348,39.1123]},"properties":{"s":17.5,"pub":true}},{"type":"Feature","geometry":{"type":"Point","coordinates":[-105.2348,39.1181]},"properties":{"s":17.5,"pub":true}},{"type":"Feature","geometry":{"type":"Point","coordinates":[-105.2348,39.1239]},"properties":{"s":17.5,"pub":true}},{"type":"Feature","geometry":{"type":"Point","coordinates":[-105.2273,38.9383]},"properties":{"s":17.5,"pub":false}},{"type":"Feature","geometry":{"type":"Point","coordinates":[-105.2273,38.9441]},"properties":{"s":47.5,"pub":false}},{"type":"Feature","geometry":{"type":"Point","coordinates":[-105.2273,38.9499]},"properties":{"s":47.5,"pub":false}},{"type":"Feature","geometry":{"type":"Point","coordinates":[-105.2273,38.9557]},"properties":{"s":47.5,"pub":false}},{"type":"Feature","geometry":{"type":"Point","coordinates":[-105.2273,38.9615]},"properties":{"s":47.5,"pub":false}},{"type":"Feature","geometry":{"type":"Point","coordinates":[-105.2273,38.9673]},"properties":{"s":47.5,"pub":false}},{"type":"Feature","geometry":{"type":"Point","coordinates":[-105.2273,38.9731]},"properties":{"s":47.5,"pub":false}},{"type":"Feature","geometry":{"type":"Point","coordinates":[-105.2273,38.9789]},"properties":{"s":17.5,"pub":false}},{"type":"Feature","geometry":{"type":"Point","coordinates":[-105.2273,38.9847]},"properties":{"s":17.5,"pub":false}},{"type":"Feature","geometry":{"type":"Point","coordinates":[-105.2273,38.9905]},"properties":{"s":17.5,"pub":true}},{"type":"Feature","geometry":{"type":"Point","coordinates":[-105.2273,38.9963]},"properties":{"s":17.5,"pub":true}},{"type":"Feature","geometry":{"type":"Point","coordinates":[-105.2273,39.0021]},"properties":{"s":17.5,"pub":true}},{"type":"Feature","geometry":{"type":"Point","coordinates":[-105.2273,39.0079]},"properties":{"s":17.5,"pub":true}},{"type":"Feature","geometry":{"type":"Point","coordinates":[-105.2273,39.0137]},"properties":{"s":17.5,"pub":true}},{"type":"Feature","geometry":{"type":"Point","coordinates":[-105.2273,39.0195]},"properties":{"s":17.5,"pub":true}},{"type":"Feature","geometry":{"type":"Point","coordinates":[-105.2273,39.0253]},"properties":{"s":17.5,"pub":true}},{"type":"Feature","geometry":{"type":"Point","coordinates":[-105.2273,39.0311]},"properties":{"s":17.5,"pub":true}},{"type":"Feature","geometry":{"type":"Point","coordinates":[-105.2273,39.0369]},"properties":{"s":17.5,"pub":true}},{"type":"Feature","geometry":{"type":"Point","coordinates":[-105.2273,39.0427]},"properties":{"s":17.5,"pub":true}},{"type":"Feature","geometry":{"type":"Point","coordinates":[-105.2273,39.0485]},"properties":{"s":17.5,"pub":true}},{"type":"Feature","geometry":{"type":"Point","coordinates":[-105.2273,39.0543]},"properties":{"s":17.5,"pub":true}},{"type":"Feature","geometry":{"type":"Point","coordinates":[-105.2273,39.0601]},"properties":{"s":17.5,"pub":true}},{"type":"Feature","geometry":{"type":"Point","coordinates":[-105.2273,39.0659]},"properties":{"s":17.5,"pub":true}},{"type":"Feature","geometry":{"type":"Point","coordinates":[-105.2273,39.0717]},"properties":{"s":17.5,"pub":true}},{"type":"Feature","geometry":{"type":"Point","coordinates":[-105.2273,39.0775]},"properties":{"s":17.5,"pub":true}},{"type":"Feature","geometry":{"type":"Point","coordinates":[-105.2273,39.0833]},"properties":{"s":17.5,"pub":true}},{"type":"Feature","geometry":{"type":"Point","coordinates":[-105.2273,39.0891]},"properties":{"s":17.5,"pub":true}},{"type":"Feature","geometry":{"type":"Point","coordinates":[-105.2273,39.0949]},"properties":{"s":17.5,"pub":true}},{"type":"Feature","geometry":{"type":"Point","coordinates":[-105.2273,39.1007]},"properties":{"s":17.5,"pub":true}},{"type":"Feature","geometry":{"type":"Point","coordinates":[-105.2273,39.1065]},"properties":{"s":17.5,"pub":true}},{"type":"Feature","geometry":{"type":"Point","coordinates":[-105.2273,39.1123]},"properties":{"s":17.5,"pub":true}},{"type":"Feature","geometry":{"type":"Point","coordinates":[-105.2273,39.1181]},"properties":{"s":17.5,"pub":true}},{"type":"Feature","geometry":{"type":"Point","coordinates":[-105.2273,39.1239]},"properties":{"s":17.5,"pub":true}},{"type":"Feature","geometry":{"type":"Point","coordinates":[-105.2198,38.9383]},"properties":{"s":17.5,"pub":false}},{"type":"Feature","geometry":{"type":"Point","coordinates":[-105.2198,38.9441]},"properties":{"s":47.5,"pub":false}},{"type":"Feature","geometry":{"type":"Point","coordinates":[-105.2198,38.9499]},"properties":{"s":47.5,"pub":false}},{"type":"Feature","geometry":{"type":"Point","coordinates":[-105.2198,38.9557]},"properties":{"s":47.5,"pub":false}},{"type":"Feature","geometry":{"type":"Point","coordinates":[-105.2198,38.9615]},"properties":{"s":47.5,"pub":false}},{"type":"Feature","geometry":{"type":"Point","coordinates":[-105.2198,38.9673]},"properties":{"s":47.5,"pub":false}},{"type":"Feature","geometry":{"type":"Point","coordinates":[-105.2198,38.9731]},"properties":{"s":47.5,"pub":false}},{"type":"Feature","geometry":{"type":"Point","coordinates":[-105.2198,38.9789]},"properties":{"s":17.5,"pub":false}},{"type":"Feature","geometry":{"type":"Point","coordinates":[-105.2198,38.9847]},"properties":{"s":17.5,"pub":false}},{"type":"Feature","geometry":{"type":"Point","coordinates":[-105.2198,38.9905]},"properties":{"s":17.5,"pub":true}},{"type":"Feature","geometry":{"type":"Point","coordinates":[-105.2198,38.9963]},"properties":{"s":17.5,"pub":true}},{"type":"Feature","geometry":{"type":"Point","coordinates":[-105.2198,39.0021]},"properties":{"s":17.5,"pub":true}},{"type":"Feature","geometry":{"type":"Point","coordinates":[-105.2198,39.0079]},"properties":{"s":17.5,"pub":true}},{"type":"Feature","geometry":{"type":"Point","coordinates":[-105.2198,39.0137]},"properties":{"s":17.5,"pub":true}},{"type":"Feature","geometry":{"type":"Point","coordinates":[-105.2198,39.0195]},"properties":{"s":17.5,"pub":true}},{"type":"Feature","geometry":{"type":"Point","coordinates":[-105.2198,39.0253]},"properties":{"s":17.5,"pub":true}},{"type":"Feature","geometry":{"type":"Point","coordinates":[-105.2198,39.0311]},"properties":{"s":17.5,"pub":true}},{"type":"Feature","geometry":{"type":"Point","coordinates":[-105.2198,39.0369]},"properties":{"s":17.5,"pub":true}},{"type":"Feature","geometry":{"type":"Point","coordinates":[-105.2198,39.0427]},"properties":{"s":17.5,"pub":true}},{"type":"Feature","geometry":{"type":"Point","coordinates":[-105.2198,39.0485]},"properties":{"s":17.5,"pub":true}},{"type":"Feature","geometry":{"type":"Point","coordinates":[-105.2198,39.0543]},"properties":{"s":17.5,"pub":true}},{"type":"Feature","geometry":{"type":"Point","coordinates":[-105.2198,39.0601]},"properties":{"s":17.5,"pub":true}},{"type":"Feature","geometry":{"type":"Point","coordinates":[-105.2198,39.0659]},"properties":{"s":17.5,"pub":true}},{"type":"Feature","geometry":{"type":"Point","coordinates":[-105.2198,39.0717]},"properties":{"s":17.5,"pub":true}},{"type":"Feature","geometry":{"type":"Point","coordinates":[-105.2198,39.0775]},"properties":{"s":17.5,"pub":true}},{"type":"Feature","geometry":{"type":"Point","coordinates":[-105.2198,39.0833]},"properties":{"s":17.5,"pub":true}},{"type":"Feature","geometry":{"type":"Point","coordinates":[-105.2198,39.0891]},"properties":{"s":17.5,"pub":true}},{"type":"Feature","geometry":{"type":"Point","coordinates":[-105.2198,39.0949]},"properties":{"s":17.5,"pub":true}},{"type":"Feature","geometry":{"type":"Point","coordinates":[-105.2198,39.1007]},"properties":{"s":17.5,"pub":true}},{"type":"Feature","geometry":{"type":"Point","coordinates":[-105.2198,39.1065]},"properties":{"s":17.5,"pub":true}},{"type":"Feature","geometry":{"type":"Point","coordinates":[-105.2198,39.1123]},"properties":{"s":17.5,"pub":true}},{"type":"Feature","geometry":{"type":"Point","coordinates":[-105.2198,39.1181]},"properties":{"s":17.5,"pub":true}},{"type":"Feature","geometry":{"type":"Point","coordinates":[-105.2198,39.1239]},"properties":{"s":17.5,"pub":true}},{"type":"Feature","geometry":{"type":"Point","coordinates":[-105.2123,38.9383]},"properties":{"s":47.5,"pub":false}},{"type":"Feature","geometry":{"type":"Point","coordinates":[-105.2123,38.9441]},"properties":{"s":47.5,"pub":false}},{"type":"Feature","geometry":{"type":"Point","coordinates":[-105.2123,38.9499]},"properties":{"s":47.5,"pub":false}},{"type":"Feature","geometry":{"type":"Point","coordinates":[-105.2123,38.9557]},"properties":{"s":47.5,"pub":false}},{"type":"Feature","geometry":{"type":"Point","coordinates":[-105.2123,38.9615]},"properties":{"s":47.5,"pub":false}},{"type":"Feature","geometry":{"type":"Point","coordinates":[-105.2123,38.9673]},"properties":{"s":47.5,"pub":false}},{"type":"Feature","geometry":{"type":"Point","coordinates":[-105.2123,38.9731]},"properties":{"s":47.5,"pub":false}},{"type":"Feature","geometry":{"type":"Point","coordinates":[-105.2123,38.9789]},"properties":{"s":17.5,"pub":true}},{"type":"Feature","geometry":{"type":"Point","coordinates":[-105.2123,38.9847]},"properties":{"s":17.5,"pub":true}},{"type":"Feature","geometry":{"type":"Point","coordinates":[-105.2123,38.9905]},"properties":{"s":17.5,"pub":true}},{"type":"Feature","geometry":{"type":"Point","coordinates":[-105.2123,38.9963]},"properties":{"s":17.5,"pub":true}},{"type":"Feature","geometry":{"type":"Point","coordinates":[-105.2123,39.0021]},"properties":{"s":17.5,"pub":true}},{"type":"Feature","geometry":{"type":"Point","coordinates":[-105.2123,39.0079]},"properties":{"s":17.5,"pub":true}},{"type":"Feature","geometry":{"type":"Point","coordinates":[-105.2123,39.0137]},"properties":{"s":17.5,"pub":true}},{"type":"Feature","geometry":{"type":"Point","coordinates":[-105.2123,39.0195]},"properties":{"s":17.5,"pub":true}},{"type":"Feature","geometry":{"type":"Point","coordinates":[-105.2123,39.0253]},"properties":{"s":17.5,"pub":true}},{"type":"Feature","geometry":{"type":"Point","coordinates":[-105.2123,39.0311]},"properties":{"s":17.5,"pub":true}},{"type":"Feature","geometry":{"type":"Point","coordinates":[-105.2123,39.0369]},"properties":{"s":17.5,"pub":true}},{"type":"Feature","geometry":{"type":"Point","coordinates":[-105.2123,39.0427]},"properties":{"s":17.5,"pub":true}},{"type":"Feature","geometry":{"type":"Point","coordinates":[-105.2123,39.0485]},"properties":{"s":17.5,"pub":true}},{"type":"Feature","geometry":{"type":"Point","coordinates":[-105.2123,39.0543]},"properties":{"s":17.5,"pub":true}},{"type":"Feature","geometry":{"type":"Point","coordinates":[-105.2123,39.0601]},"properties":{"s":17.5,"pub":true}},{"type":"Feature","geometry":{"type":"Point","coordinates":[-105.2123,39.0659]},"properties":{"s":17.5,"pub":true}},{"type":"Feature","geometry":{"type":"Point","coordinates":[-105.2123,39.0717]},"properties":{"s":17.5,"pub":true}},{"type":"Feature","geometry":{"type":"Point","coordinates":[-105.2123,39.0775]},"properties":{"s":17.5,"pub":true}},{"type":"Feature","geometry":{"type":"Point","coordinates":[-105.2123,39.0833]},"properties":{"s":17.5,"pub":true}},{"type":"Feature","geometry":{"type":"Point","coordinates":[-105.2123,39.0891]},"properties":{"s":17.5,"pub":true}},{"type":"Feature","geometry":{"type":"Point","coordinates":[-105.2123,39.0949]},"properties":{"s":17.5,"pub":true}},{"type":"Feature","geometry":{"type":"Point","coordinates":[-105.2123,39.1007]},"properties":{"s":17.5,"pub":true}},{"type":"Feature","geometry":{"type":"Point","coordinates":[-105.2123,39.1065]},"properties":{"s":17.5,"pub":true}},{"type":"Feature","geometry":{"type":"Point","coordinates":[-105.2123,39.1123]},"properties":{"s":17.5,"pub":true}},{"type":"Feature","geometry":{"type":"Point","coordinates":[-105.2123,39.1181]},"properties":{"s":17.5,"pub":true}},{"type":"Feature","geometry":{"type":"Point","coordinates":[-105.2123,39.1239]},"properties":{"s":17.5,"pub":true}},{"type":"Feature","geometry":{"type":"Point","coordinates":[-105.2048,38.9383]},"properties":{"s":17.5,"pub":false}},{"type":"Feature","geometry":{"type":"Point","coordinates":[-105.2048,38.9441]},"properties":{"s":47.5,"pub":false}},{"type":"Feature","geometry":{"type":"Point","coordinates":[-105.2048,38.9499]},"properties":{"s":47.5,"pub":false}},{"type":"Feature","geometry":{"type":"Point","coordinates":[-105.2048,38.9557]},"properties":{"s":47.5,"pub":false}},{"type":"Feature","geometry":{"type":"Point","coordinates":[-105.2048,38.9615]},"properties":{"s":47.5,"pub":false}},{"type":"Feature","geometry":{"type":"Point","coordinates":[-105.2048,38.9673]},"properties":{"s":47.5,"pub":false}},{"type":"Feature","geometry":{"type":"Point","coordinates":[-105.2048,38.9731]},"properties":{"s":77.5,"pub":false}},{"type":"Feature","geometry":{"type":"Point","coordinates":[-105.2048,38.9789]},"properties":{"s":17.5,"pub":true}},{"type":"Feature","geometry":{"type":"Point","coordinates":[-105.2048,38.9847]},"properties":{"s":17.5,"pub":true}},{"type":"Feature","geometry":{"type":"Point","coordinates":[-105.2048,38.9905]},"properties":{"s":17.5,"pub":true}},{"type":"Feature","geometry":{"type":"Point","coordinates":[-105.2048,38.9963]},"properties":{"s":17.5,"pub":true}},{"type":"Feature","geometry":{"type":"Point","coordinates":[-105.2048,39.0021]},"properties":{"s":17.5,"pub":true}},{"type":"Feature","geometry":{"type":"Point","coordinates":[-105.2048,39.0079]},"properties":{"s":17.5,"pub":true}},{"type":"Feature","geometry":{"type":"Point","coordinates":[-105.2048,39.0137]},"properties":{"s":17.5,"pub":true}},{"type":"Feature","geometry":{"type":"Point","coordinates":[-105.2048,39.0195]},"properties":{"s":17.5,"pub":true}},{"type":"Feature","geometry":{"type":"Point","coordinates":[-105.2048,39.0253]},"properties":{"s":17.5,"pub":true}},{"type":"Feature","geometry":{"type":"Point","coordinates":[-105.2048,39.0311]},"properties":{"s":17.5,"pub":true}},{"type":"Feature","geometry":{"type":"Point","coordinates":[-105.2048,39.0369]},"properties":{"s":17.5,"pub":true}},{"type":"Feature","geometry":{"type":"Point","coordinates":[-105.2048,39.0427]},"properties":{"s":17.5,"pub":true}},{"type":"Feature","geometry":{"type":"Point","coordinates":[-105.2048,39.0485]},"properties":{"s":17.5,"pub":true}},{"type":"Feature","geometry":{"type":"Point","coordinates":[-105.2048,39.0543]},"properties":{"s":17.5,"pub":true}},{"type":"Feature","geometry":{"type":"Point","coordinates":[-105.2048,39.0601]},"properties":{"s":17.5,"pub":true}},{"type":"Feature","geometry":{"type":"Point","coordinates":[-105.2048,39.0659]},"properties":{"s":17.5,"pub":true}},{"type":"Feature","geometry":{"type":"Point","coordinates":[-105.2048,39.0717]},"properties":{"s":17.5,"pub":true}},{"type":"Feature","geometry":{"type":"Point","coordinates":[-105.2048,39.0775]},"properties":{"s":17.5,"pub":true}},{"type":"Feature","geometry":{"type":"Point","coordinates":[-105.2048,39.0833]},"properties":{"s":17.5,"pub":true}},{"type":"Feature","geometry":{"type":"Point","coordinates":[-105.2048,39.0891]},"properties":{"s":17.5,"pub":true}},{"type":"Feature","geometry":{"type":"Point","coordinates":[-105.2048,39.0949]},"properties":{"s":17.5,"pub":true}},{"type":"Feature","geometry":{"type":"Point","coordinates":[-105.2048,39.1007]},"properties":{"s":17.5,"pub":true}},{"type":"Feature","geometry":{"type":"Point","coordinates":[-105.2048,39.1065]},"properties":{"s":17.5,"pub":true}},{"type":"Feature","geometry":{"type":"Point","coordinates":[-105.2048,39.1123]},"properties":{"s":17.5,"pub":true}},{"type":"Feature","geometry":{"type":"Point","coordinates":[-105.2048,39.1181]},"properties":{"s":17.5,"pub":true}},{"type":"Feature","geometry":{"type":"Point","coordinates":[-105.2048,39.1239]},"properties":{"s":17.5,"pub":true}},{"type":"Feature","geometry":{"type":"Point","coordinates":[-105.1973,38.9383]},"properties":{"s":17.5,"pub":false}},{"type":"Feature","geometry":{"type":"Point","coordinates":[-105.1973,38.9441]},"properties":{"s":77.5,"pub":false}},{"type":"Feature","geometry":{"type":"Point","coordinates":[-105.1973,38.9499]},"properties":{"s":77.5,"pub":false}},{"type":"Feature","geometry":{"type":"Point","coordinates":[-105.1973,38.9557]},"properties":{"s":77.5,"pub":false}},{"type":"Feature","geometry":{"type":"Point","coordinates":[-105.1973,38.9615]},"properties":{"s":47.5,"pub":false}},{"type":"Feature","geometry":{"type":"Point","coordinates":[-105.1973,38.9673]},"properties":{"s":77.5,"pub":false}},{"type":"Feature","geometry":{"type":"Point","coordinates":[-105.1973,38.9731]},"properties":{"s":77.5,"pub":false}},{"type":"Feature","geometry":{"type":"Point","coordinates":[-105.1973,38.9789]},"properties":{"s":77.5,"pub":true}},{"type":"Feature","geometry":{"type":"Point","coordinates":[-105.1973,38.9847]},"properties":{"s":47.5,"pub":true}},{"type":"Feature","geometry":{"type":"Point","coordinates":[-105.1973,38.9905]},"properties":{"s":17.5,"pub":true}},{"type":"Feature","geometry":{"type":"Point","coordinates":[-105.1973,38.9963]},"properties":{"s":17.5,"pub":true}},{"type":"Feature","geometry":{"type":"Point","coordinates":[-105.1973,39.0021]},"properties":{"s":17.5,"pub":true}},{"type":"Feature","geometry":{"type":"Point","coordinates":[-105.1973,39.0079]},"properties":{"s":17.5,"pub":true}},{"type":"Feature","geometry":{"type":"Point","coordinates":[-105.1973,39.0137]},"properties":{"s":17.5,"pub":true}},{"type":"Feature","geometry":{"type":"Point","coordinates":[-105.1973,39.0195]},"properties":{"s":17.5,"pub":true}},{"type":"Feature","geometry":{"type":"Point","coordinates":[-105.1973,39.0253]},"properties":{"s":17.5,"pub":true}},{"type":"Feature","geometry":{"type":"Point","coordinates":[-105.1973,39.0311]},"properties":{"s":17.5,"pub":true}},{"type":"Feature","geometry":{"type":"Point","coordinates":[-105.1973,39.0369]},"properties":{"s":17.5,"pub":true}},{"type":"Feature","geometry":{"type":"Point","coordinates":[-105.1973,39.0427]},"properties":{"s":17.5,"pub":true}},{"type":"Feature","geometry":{"type":"Point","coordinates":[-105.1973,39.0485]},"properties":{"s":17.5,"pub":true}},{"type":"Feature","geometry":{"type":"Point","coordinates":[-105.1973,39.0543]},"properties":{"s":17.5,"pub":true}},{"type":"Feature","geometry":{"type":"Point","coordinates":[-105.1973,39.0601]},"properties":{"s":17.5,"pub":true}},{"type":"Feature","geometry":{"type":"Point","coordinates":[-105.1973,39.0659]},"properties":{"s":17.5,"pub":true}},{"type":"Feature","geometry":{"type":"Point","coordinates":[-105.1973,39.0717]},"properties":{"s":17.5,"pub":true}},{"type":"Feature","geometry":{"type":"Point","coordinates":[-105.1973,39.0775]},"properties":{"s":17.5,"pub":true}},{"type":"Feature","geometry":{"type":"Point","coordinates":[-105.1973,39.0833]},"properties":{"s":17.5,"pub":true}},{"type":"Feature","geometry":{"type":"Point","coordinates":[-105.1973,39.0891]},"properties":{"s":17.5,"pub":true}},{"type":"Feature","geometry":{"type":"Point","coordinates":[-105.1973,39.0949]},"properties":{"s":17.5,"pub":true}},{"type":"Feature","geometry":{"type":"Point","coordinates":[-105.1973,39.1007]},"properties":{"s":17.5,"pub":true}},{"type":"Feature","geometry":{"type":"Point","coordinates":[-105.1973,39.1065]},"properties":{"s":17.5,"pub":true}},{"type":"Feature","geometry":{"type":"Point","coordinates":[-105.1973,39.1123]},"properties":{"s":17.5,"pub":true}},{"type":"Feature","geometry":{"type":"Point","coordinates":[-105.1973,39.1181]},"properties":{"s":17.5,"pub":true}},{"type":"Feature","geometry":{"type":"Point","coordinates":[-105.1973,39.1239]},"properties":{"s":17.5,"pub":true}},{"type":"Feature","geometry":{"type":"Point","coordinates":[-105.1898,38.9383]},"properties":{"s":17.5,"pub":false}},{"type":"Feature","geometry":{"type":"Point","coordinates":[-105.1898,38.9441]},"properties":{"s":77.5,"pub":false}},{"type":"Feature","geometry":{"type":"Point","coordinates":[-105.1898,38.9499]},"properties":{"s":77.5,"pub":false}},{"type":"Feature","geometry":{"type":"Point","coordinates":[-105.1898,38.9557]},"properties":{"s":77.5,"pub":false}},{"type":"Feature","geometry":{"type":"Point","coordinates":[-105.1898,38.9615]},"properties":{"s":77.5,"pub":false}},{"type":"Feature","geometry":{"type":"Point","coordinates":[-105.1898,38.9673]},"properties":{"s":77.5,"pub":false}},{"type":"Feature","geometry":{"type":"Point","coordinates":[-105.1898,38.9731]},"properties":{"s":77.5,"pub":false}},{"type":"Feature","geometry":{"type":"Point","coordinates":[-105.1898,38.9789]},"properties":{"s":77.5,"pub":true}},{"type":"Feature","geometry":{"type":"Point","coordinates":[-105.1898,38.9847]},"properties":{"s":47.5,"pub":true}},{"type":"Feature","geometry":{"type":"Point","coordinates":[-105.1898,38.9905]},"properties":{"s":17.5,"pub":true}},{"type":"Feature","geometry":{"type":"Point","coordinates":[-105.1898,38.9963]},"properties":{"s":17.5,"pub":true}},{"type":"Feature","geometry":{"type":"Point","coordinates":[-105.1898,39.0021]},"properties":{"s":17.5,"pub":true}},{"type":"Feature","geometry":{"type":"Point","coordinates":[-105.1898,39.0079]},"properties":{"s":17.5,"pub":true}},{"type":"Feature","geometry":{"type":"Point","coordinates":[-105.1898,39.0137]},"properties":{"s":17.5,"pub":true}},{"type":"Feature","geometry":{"type":"Point","coordinates":[-105.1898,39.0195]},"properties":{"s":17.5,"pub":true}},{"type":"Feature","geometry":{"type":"Point","coordinates":[-105.1898,39.0253]},"properties":{"s":17.5,"pub":true}},{"type":"Feature","geometry":{"type":"Point","coordinates":[-105.1898,39.0311]},"properties":{"s":17.5,"pub":true}},{"type":"Feature","geometry":{"type":"Point","coordinates":[-105.1898,39.0369]},"properties":{"s":17.5,"pub":true}},{"type":"Feature","geometry":{"type":"Point","coordinates":[-105.1898,39.0427]},"properties":{"s":17.5,"pub":true}},{"type":"Feature","geometry":{"type":"Point","coordinates":[-105.1898,39.0485]},"properties":{"s":17.5,"pub":true}},{"type":"Feature","geometry":{"type":"Point","coordinates":[-105.1898,39.0543]},"properties":{"s":17.5,"pub":true}},{"type":"Feature","geometry":{"type":"Point","coordinates":[-105.1898,39.0601]},"properties":{"s":17.5,"pub":true}},{"type":"Feature","geometry":{"type":"Point","coordinates":[-105.1898,39.0659]},"properties":{"s":17.5,"pub":true}},{"type":"Feature","geometry":{"type":"Point","coordinates":[-105.1898,39.0717]},"properties":{"s":17.5,"pub":true}},{"type":"Feature","geometry":{"type":"Point","coordinates":[-105.1898,39.0775]},"properties":{"s":17.5,"pub":true}},{"type":"Feature","geometry":{"type":"Point","coordinates":[-105.1898,39.0833]},"properties":{"s":17.5,"pub":true}},{"type":"Feature","geometry":{"type":"Point","coordinates":[-105.1898,39.0891]},"properties":{"s":17.5,"pub":true}},{"type":"Feature","geometry":{"type":"Point","coordinates":[-105.1898,39.0949]},"properties":{"s":17.5,"pub":true}},{"type":"Feature","geometry":{"type":"Point","coordinates":[-105.1898,39.1007]},"properties":{"s":17.5,"pub":true}},{"type":"Feature","geometry":{"type":"Point","coordinates":[-105.1898,39.1065]},"properties":{"s":17.5,"pub":true}},{"type":"Feature","geometry":{"type":"Point","coordinates":[-105.1898,39.1123]},"properties":{"s":17.5,"pub":true}},{"type":"Feature","geometry":{"type":"Point","coordinates":[-105.1898,39.1181]},"properties":{"s":17.5,"pub":true}},{"type":"Feature","geometry":{"type":"Point","coordinates":[-105.1898,39.1239]},"properties":{"s":17.5,"pub":true}},{"type":"Feature","geometry":{"type":"Point","coordinates":[-105.1823,38.9383]},"properties":{"s":20.0,"pub":false}},{"type":"Feature","geometry":{"type":"Point","coordinates":[-105.1823,38.9441]},"properties":{"s":80.0,"pub":false}},{"type":"Feature","geometry":{"type":"Point","coordinates":[-105.1823,38.9499]},"properties":{"s":80.0,"pub":false}},{"type":"Feature","geometry":{"type":"Point","coordinates":[-105.1823,38.9557]},"properties":{"s":80.0,"pub":false}},{"type":"Feature","geometry":{"type":"Point","coordinates":[-105.1823,38.9615]},"properties":{"s":77.5,"pub":false}},{"type":"Feature","geometry":{"type":"Point","coordinates":[-105.1823,38.9673]},"properties":{"s":77.5,"pub":false}},{"type":"Feature","geometry":{"type":"Point","coordinates":[-105.1823,38.9731]},"properties":{"s":77.5,"pub":false}},{"type":"Feature","geometry":{"type":"Point","coordinates":[-105.1823,38.9789]},"properties":{"s":77.5,"pub":true}},{"type":"Feature","geometry":{"type":"Point","coordinates":[-105.1823,38.9847]},"properties":{"s":77.5,"pub":true}},{"type":"Feature","geometry":{"type":"Point","coordinates":[-105.1823,38.9905]},"properties":{"s":77.5,"pub":true}},{"type":"Feature","geometry":{"type":"Point","coordinates":[-105.1823,38.9963]},"properties":{"s":17.5,"pub":true}},{"type":"Feature","geometry":{"type":"Point","coordinates":[-105.1823,39.0021]},"properties":{"s":17.5,"pub":true}},{"type":"Feature","geometry":{"type":"Point","coordinates":[-105.1823,39.0079]},"properties":{"s":17.5,"pub":true}},{"type":"Feature","geometry":{"type":"Point","coordinates":[-105.1823,39.0137]},"properties":{"s":17.5,"pub":true}},{"type":"Feature","geometry":{"type":"Point","coordinates":[-105.1823,39.0195]},"properties":{"s":17.5,"pub":true}},{"type":"Feature","geometry":{"type":"Point","coordinates":[-105.1823,39.0253]},"properties":{"s":17.5,"pub":true}},{"type":"Feature","geometry":{"type":"Point","coordinates":[-105.1823,39.0311]},"properties":{"s":17.5,"pub":true}},{"type":"Feature","geometry":{"type":"Point","coordinates":[-105.1823,39.0369]},"properties":{"s":17.5,"pub":true}},{"type":"Feature","geometry":{"type":"Point","coordinates":[-105.1823,39.0427]},"properties":{"s":17.5,"pub":true}},{"type":"Feature","geometry":{"type":"Point","coordinates":[-105.1823,39.0485]},"properties":{"s":17.5,"pub":true}},{"type":"Feature","geometry":{"type":"Point","coordinates":[-105.1823,39.0543]},"properties":{"s":17.5,"pub":true}},{"type":"Feature","geometry":{"type":"Point","coordinates":[-105.1823,39.0601]},"properties":{"s":17.5,"pub":true}},{"type":"Feature","geometry":{"type":"Point","coordinates":[-105.1823,39.0659]},"properties":{"s":17.5,"pub":true}},{"type":"Feature","geometry":{"type":"Point","coordinates":[-105.1823,39.0717]},"properties":{"s":17.5,"pub":true}},{"type":"Feature","geometry":{"type":"Point","coordinates":[-105.1823,39.0775]},"properties":{"s":17.5,"pub":true}},{"type":"Feature","geometry":{"type":"Point","coordinates":[-105.1823,39.0833]},"properties":{"s":17.5,"pub":true}},{"type":"Feature","geometry":{"type":"Point","coordinates":[-105.1823,39.0891]},"properties":{"s":17.5,"pub":true}},{"type":"Feature","geometry":{"type":"Point","coordinates":[-105.1823,39.0949]},"properties":{"s":17.5,"pub":true}},{"type":"Feature","geometry":{"type":"Point","coordinates":[-105.1823,39.1007]},"properties":{"s":17.5,"pub":true}},{"type":"Feature","geometry":{"type":"Point","coordinates":[-105.1823,39.1065]},"properties":{"s":17.5,"pub":true}},{"type":"Feature","geometry":{"type":"Point","coordinates":[-105.1823,39.1123]},"properties":{"s":17.5,"pub":true}},{"type":"Feature","geometry":{"type":"Point","coordinates":[-105.1823,39.1181]},"properties":{"s":17.5,"pub":true}},{"type":"Feature","geometry":{"type":"Point","coordinates":[-105.1823,39.1239]},"properties":{"s":17.5,"pub":true}},{"type":"Feature","geometry":{"type":"Point","coordinates":[-105.1748,38.9383]},"properties":{"s":20.0,"pub":false}},{"type":"Feature","geometry":{"type":"Point","coordinates":[-105.1748,38.9441]},"properties":{"s":50.0,"pub":false}},{"type":"Feature","geometry":{"type":"Point","coordinates":[-105.1748,38.9499]},"properties":{"s":80.0,"pub":false}},{"type":"Feature","geometry":{"type":"Point","coordinates":[-105.1748,38.9557]},"properties":{"s":80.0,"pub":false}},{"type":"Feature","geometry":{"type":"Point","coordinates":[-105.1748,38.9615]},"properties":{"s":80.0,"pub":false}},{"type":"Feature","geometry":{"type":"Point","coordinates":[-105.1748,38.9673]},"properties":{"s":77.5,"pub":false}},{"type":"Feature","geometry":{"type":"Point","coordinates":[-105.1748,38.9731]},"properties":{"s":77.5,"pub":true}},{"type":"Feature","geometry":{"type":"Point","coordinates":[-105.1748,38.9789]},"properties":{"s":77.5,"pub":true}},{"type":"Feature","geometry":{"type":"Point","coordinates":[-105.1748,38.9847]},"properties":{"s":77.5,"pub":true}},{"type":"Feature","geometry":{"type":"Point","coordinates":[-105.1748,38.9905]},"properties":{"s":77.5,"pub":true}},{"type":"Feature","geometry":{"type":"Point","coordinates":[-105.1748,38.9963]},"properties":{"s":17.5,"pub":true}},{"type":"Feature","geometry":{"type":"Point","coordinates":[-105.1748,39.0021]},"properties":{"s":17.5,"pub":true}},{"type":"Feature","geometry":{"type":"Point","coordinates":[-105.1748,39.0079]},"properties":{"s":17.5,"pub":true}},{"type":"Feature","geometry":{"type":"Point","coordinates":[-105.1748,39.0137]},"properties":{"s":17.5,"pub":true}},{"type":"Feature","geometry":{"type":"Point","coordinates":[-105.1748,39.0195]},"properties":{"s":17.5,"pub":true}},{"type":"Feature","geometry":{"type":"Point","coordinates":[-105.1748,39.0253]},"properties":{"s":37.5,"pub":true}},{"type":"Feature","geometry":{"type":"Point","coordinates":[-105.1748,39.0311]},"properties":{"s":17.5,"pub":true}},{"type":"Feature","geometry":{"type":"Point","coordinates":[-105.1748,39.0369]},"properties":{"s":17.5,"pub":true}},{"type":"Feature","geometry":{"type":"Point","coordinates":[-105.1748,39.0427]},"properties":{"s":17.5,"pub":true}},{"type":"Feature","geometry":{"type":"Point","coordinates":[-105.1748,39.0485]},"properties":{"s":17.5,"pub":true}},{"type":"Feature","geometry":{"type":"Point","coordinates":[-105.1748,39.0543]},"properties":{"s":17.5,"pub":true}},{"type":"Feature","geometry":{"type":"Point","coordinates":[-105.1748,39.0601]},"properties":{"s":17.5,"pub":true}},{"type":"Feature","geometry":{"type":"Point","coordinates":[-105.1748,39.0659]},"properties":{"s":17.5,"pub":true}},{"type":"Feature","geometry":{"type":"Point","coordinates":[-105.1748,39.0717]},"properties":{"s":17.5,"pub":true}},{"type":"Feature","geometry":{"type":"Point","coordinates":[-105.1748,39.0775]},"properties":{"s":17.5,"pub":true}},{"type":"Feature","geometry":{"type":"Point","coordinates":[-105.1748,39.0833]},"properties":{"s":17.5,"pub":true}},{"type":"Feature","geometry":{"type":"Point","coordinates":[-105.1748,39.0891]},"properties":{"s":17.5,"pub":true}},{"type":"Feature","geometry":{"type":"Point","coordinates":[-105.1748,39.0949]},"properties":{"s":17.5,"pub":true}},{"type":"Feature","geometry":{"type":"Point","coordinates":[-105.1748,39.1007]},"properties":{"s":17.5,"pub":true}},{"type":"Feature","geometry":{"type":"Point","coordinates":[-105.1748,39.1065]},"properties":{"s":17.5,"pub":true}},{"type":"Feature","geometry":{"type":"Point","coordinates":[-105.1748,39.1123]},"properties":{"s":17.5,"pub":true}},{"type":"Feature","geometry":{"type":"Point","coordinates":[-105.1748,39.1181]},"properties":{"s":17.5,"pub":true}},{"type":"Feature","geometry":{"type":"Point","coordinates":[-105.1748,39.1239]},"properties":{"s":17.5,"pub":true}},{"type":"Feature","geometry":{"type":"Point","coordinates":[-105.1673,38.9441]},"properties":{"s":20.0,"pub":false}},{"type":"Feature","geometry":{"type":"Point","coordinates":[-105.1673,38.9499]},"properties":{"s":50.0,"pub":false}},{"type":"Feature","geometry":{"type":"Point","coordinates":[-105.1673,38.9557]},"properties":{"s":80.0,"pub":false}},{"type":"Feature","geometry":{"type":"Point","coordinates":[-105.1673,38.9615]},"properties":{"s":100.0,"pub":false}},{"type":"Feature","geometry":{"type":"Point","coordinates":[-105.1673,38.9673]},"properties":{"s":100.0,"pub":false}},{"type":"Feature","geometry":{"type":"Point","coordinates":[-105.1673,38.9731]},"properties":{"s":97.5,"pub":false}},{"type":"Feature","geometry":{"type":"Point","coordinates":[-105.1673,38.9789]},"properties":{"s":77.5,"pub":true}},{"type":"Feature","geometry":{"type":"Point","coordinates":[-105.1673,38.9847]},"properties":{"s":77.5,"pub":true}},{"type":"Feature","geometry":{"type":"Point","coordinates":[-105.1673,38.9905]},"properties":{"s":77.5,"pub":true}},{"type":"Feature","geometry":{"type":"Point","coordinates":[-105.1673,38.9963]},"properties":{"s":47.5,"pub":false}},{"type":"Feature","geometry":{"type":"Point","coordinates":[-105.1673,39.0021]},"properties":{"s":17.5,"pub":true}},{"type":"Feature","geometry":{"type":"Point","coordinates":[-105.1673,39.0079]},"properties":{"s":17.5,"pub":true}},{"type":"Feature","geometry":{"type":"Point","coordinates":[-105.1673,39.0137]},"properties":{"s":17.5,"pub":true}},{"type":"Feature","geometry":{"type":"Point","coordinates":[-105.1673,39.0195]},"properties":{"s":17.5,"pub":true}},{"type":"Feature","geometry":{"type":"Point","coordinates":[-105.1673,39.0253]},"properties":{"s":17.5,"pub":true}},{"type":"Feature","geometry":{"type":"Point","coordinates":[-105.1673,39.0311]},"properties":{"s":37.5,"pub":true}},{"type":"Feature","geometry":{"type":"Point","coordinates":[-105.1673,39.0369]},"properties":{"s":17.5,"pub":true}},{"type":"Feature","geometry":{"type":"Point","coordinates":[-105.1673,39.0427]},"properties":{"s":17.5,"pub":true}},{"type":"Feature","geometry":{"type":"Point","coordinates":[-105.1673,39.0485]},"properties":{"s":17.5,"pub":true}},{"type":"Feature","geometry":{"type":"Point","coordinates":[-105.1673,39.0543]},"properties":{"s":17.5,"pub":true}},{"type":"Feature","geometry":{"type":"Point","coordinates":[-105.1673,39.0601]},"properties":{"s":17.5,"pub":true}},{"type":"Feature","geometry":{"type":"Point","coordinates":[-105.1673,39.0659]},"properties":{"s":17.5,"pub":true}},{"type":"Feature","geometry":{"type":"Point","coordinates":[-105.1673,39.0717]},"properties":{"s":17.5,"pub":true}},{"type":"Feature","geometry":{"type":"Point","coordinates":[-105.1673,39.0775]},"properties":{"s":17.5,"pub":true}},{"type":"Feature","geometry":{"type":"Point","coordinates":[-105.1673,39.0833]},"properties":{"s":17.5,"pub":true}},{"type":"Feature","geometry":{"type":"Point","coordinates":[-105.1673,39.0891]},"properties":{"s":17.5,"pub":true}},{"type":"Feature","geometry":{"type":"Point","coordinates":[-105.1673,39.0949]},"properties":{"s":17.5,"pub":true}},{"type":"Feature","geometry":{"type":"Point","coordinates":[-105.1673,39.1007]},"properties":{"s":17.5,"pub":true}},{"type":"Feature","geometry":{"type":"Point","coordinates":[-105.1673,39.1065]},"properties":{"s":17.5,"pub":true}},{"type":"Feature","geometry":{"type":"Point","coordinates":[-105.1673,39.1123]},"properties":{"s":17.5,"pub":true}},{"type":"Feature","geometry":{"type":"Point","coordinates":[-105.1673,39.1181]},"properties":{"s":17.5,"pub":true}},{"type":"Feature","geometry":{"type":"Point","coordinates":[-105.1673,39.1239]},"properties":{"s":17.5,"pub":true}},{"type":"Feature","geometry":{"type":"Point","coordinates":[-105.1598,38.9441]},"properties":{"s":17.5,"pub":false}},{"type":"Feature","geometry":{"type":"Point","coordinates":[-105.1598,38.9499]},"properties":{"s":17.5,"pub":false}},{"type":"Feature","geometry":{"type":"Point","coordinates":[-105.1598,38.9557]},"properties":{"s":50.0,"pub":false}},{"type":"Feature","geometry":{"type":"Point","coordinates":[-105.1598,38.9615]},"properties":{"s":100.0,"pub":false}},{"type":"Feature","geometry":{"type":"Point","coordinates":[-105.1598,38.9673]},"properties":{"s":100.0,"pub":false}},{"type":"Feature","geometry":{"type":"Point","coordinates":[-105.1598,38.9731]},"properties":{"s":100.0,"pub":false}},{"type":"Feature","geometry":{"type":"Point","coordinates":[-105.1598,38.9789]},"properties":{"s":97.5,"pub":false}},{"type":"Feature","geometry":{"type":"Point","coordinates":[-105.1598,38.9847]},"properties":{"s":77.5,"pub":true}},{"type":"Feature","geometry":{"type":"Point","coordinates":[-105.1598,38.9905]},"properties":{"s":77.5,"pub":false}},{"type":"Feature","geometry":{"type":"Point","coordinates":[-105.1598,38.9963]},"properties":{"s":47.5,"pub":false}},{"type":"Feature","geometry":{"type":"Point","coordinates":[-105.1598,39.0021]},"properties":{"s":17.5,"pub":false}},{"type":"Feature","geometry":{"type":"Point","coordinates":[-105.1598,39.0079]},"properties":{"s":17.5,"pub":false}},{"type":"Feature","geometry":{"type":"Point","coordinates":[-105.1598,39.0137]},"properties":{"s":17.5,"pub":true}},{"type":"Feature","geometry":{"type":"Point","coordinates":[-105.1598,39.0195]},"properties":{"s":17.5,"pub":true}},{"type":"Feature","geometry":{"type":"Point","coordinates":[-105.1598,39.0253]},"properties":{"s":17.5,"pub":true}},{"type":"Feature","geometry":{"type":"Point","coordinates":[-105.1598,39.0311]},"properties":{"s":37.5,"pub":true}},{"type":"Feature","geometry":{"type":"Point","coordinates":[-105.1598,39.0369]},"properties":{"s":37.5,"pub":true}},{"type":"Feature","geometry":{"type":"Point","coordinates":[-105.1598,39.0427]},"properties":{"s":37.5,"pub":true}},{"type":"Feature","geometry":{"type":"Point","coordinates":[-105.1598,39.0485]},"properties":{"s":37.5,"pub":true}},{"type":"Feature","geometry":{"type":"Point","coordinates":[-105.1598,39.0543]},"properties":{"s":17.5,"pub":true}},{"type":"Feature","geometry":{"type":"Point","coordinates":[-105.1598,39.0601]},"properties":{"s":17.5,"pub":true}},{"type":"Feature","geometry":{"type":"Point","coordinates":[-105.1598,39.0659]},"properties":{"s":17.5,"pub":true}},{"type":"Feature","geometry":{"type":"Point","coordinates":[-105.1598,39.0717]},"properties":{"s":17.5,"pub":true}},{"type":"Feature","geometry":{"type":"Point","coordinates":[-105.1598,39.0775]},"properties":{"s":17.5,"pub":true}},{"type":"Feature","geometry":{"type":"Point","coordinates":[-105.1598,39.0833]},"properties":{"s":17.5,"pub":true}},{"type":"Feature","geometry":{"type":"Point","coordinates":[-105.1598,39.0891]},"properties":{"s":17.5,"pub":true}},{"type":"Feature","geometry":{"type":"Point","coordinates":[-105.1598,39.0949]},"properties":{"s":17.5,"pub":true}},{"type":"Feature","geometry":{"type":"Point","coordinates":[-105.1598,39.1007]},"properties":{"s":17.5,"pub":true}},{"type":"Feature","geometry":{"type":"Point","coordinates":[-105.1598,39.1065]},"properties":{"s":17.5,"pub":true}},{"type":"Feature","geometry":{"type":"Point","coordinates":[-105.1598,39.1123]},"properties":{"s":17.5,"pub":true}},{"type":"Feature","geometry":{"type":"Point","coordinates":[-105.1598,39.1181]},"properties":{"s":17.5,"pub":true}},{"type":"Feature","geometry":{"type":"Point","coordinates":[-105.1598,39.1239]},"properties":{"s":17.5,"pub":true}},{"type":"Feature","geometry":{"type":"Point","coordinates":[-105.1523,38.9441]},"properties":{"s":17.5,"pub":false}},{"type":"Feature","geometry":{"type":"Point","coordinates":[-105.1523,38.9499]},"properties":{"s":17.5,"pub":false}},{"type":"Feature","geometry":{"type":"Point","coordinates":[-105.1523,38.9557]},"properties":{"s":17.5,"pub":false}},{"type":"Feature","geometry":{"type":"Point","coordinates":[-105.1523,38.9615]},"properties":{"s":80.0,"pub":false}},{"type":"Feature","geometry":{"type":"Point","coordinates":[-105.1523,38.9673]},"properties":{"s":100.0,"pub":false}},{"type":"Feature","geometry":{"type":"Point","coordinates":[-105.1523,38.9731]},"properties":{"s":100.0,"pub":false}},{"type":"Feature","geometry":{"type":"Point","coordinates":[-105.1523,38.9789]},"properties":{"s":97.5,"pub":false}},{"type":"Feature","geometry":{"type":"Point","coordinates":[-105.1523,38.9847]},"properties":{"s":97.5,"pub":false}},{"type":"Feature","geometry":{"type":"Point","coordinates":[-105.1523,38.9905]},"properties":{"s":77.5,"pub":false}},{"type":"Feature","geometry":{"type":"Point","coordinates":[-105.1523,38.9963]},"properties":{"s":47.5,"pub":false}},{"type":"Feature","geometry":{"type":"Point","coordinates":[-105.1523,39.0021]},"properties":{"s":17.5,"pub":false}},{"type":"Feature","geometry":{"type":"Point","coordinates":[-105.1523,39.0079]},"properties":{"s":17.5,"pub":false}},{"type":"Feature","geometry":{"type":"Point","coordinates":[-105.1523,39.0137]},"properties":{"s":17.5,"pub":false}},{"type":"Feature","geometry":{"type":"Point","coordinates":[-105.1523,39.0195]},"properties":{"s":17.5,"pub":true}},{"type":"Feature","geometry":{"type":"Point","coordinates":[-105.1523,39.0253]},"properties":{"s":17.5,"pub":true}},{"type":"Feature","geometry":{"type":"Point","coordinates":[-105.1523,39.0311]},"properties":{"s":37.5,"pub":true}},{"type":"Feature","geometry":{"type":"Point","coordinates":[-105.1523,39.0369]},"properties":{"s":37.5,"pub":true}},{"type":"Feature","geometry":{"type":"Point","coordinates":[-105.1523,39.0427]},"properties":{"s":37.5,"pub":true}},{"type":"Feature","geometry":{"type":"Point","coordinates":[-105.1523,39.0485]},"properties":{"s":37.5,"pub":true}},{"type":"Feature","geometry":{"type":"Point","coordinates":[-105.1523,39.0543]},"properties":{"s":17.5,"pub":true}},{"type":"Feature","geometry":{"type":"Point","coordinates":[-105.1523,39.0601]},"properties":{"s":17.5,"pub":true}},{"type":"Feature","geometry":{"type":"Point","coordinates":[-105.1523,39.0659]},"properties":{"s":17.5,"pub":true}},{"type":"Feature","geometry":{"type":"Point","coordinates":[-105.1523,39.0717]},"properties":{"s":17.5,"pub":true}},{"type":"Feature","geometry":{"type":"Point","coordinates":[-105.1523,39.0775]},"properties":{"s":17.5,"pub":true}},{"type":"Feature","geometry":{"type":"Point","coordinates":[-105.1523,39.0833]},"properties":{"s":17.5,"pub":true}},{"type":"Feature","geometry":{"type":"Point","coordinates":[-105.1523,39.0891]},"properties":{"s":17.5,"pub":true}},{"type":"Feature","geometry":{"type":"Point","coordinates":[-105.1523,39.0949]},"properties":{"s":17.5,"pub":true}},{"type":"Feature","geometry":{"type":"Point","coordinates":[-105.1523,39.1007]},"properties":{"s":17.5,"pub":true}},{"type":"Feature","geometry":{"type":"Point","coordinates":[-105.1523,39.1065]},"properties":{"s":17.5,"pub":true}},{"type":"Feature","geometry":{"type":"Point","coordinates":[-105.1523,39.1123]},"properties":{"s":17.5,"pub":true}},{"type":"Feature","geometry":{"type":"Point","coordinates":[-105.1523,39.1181]},"properties":{"s":17.5,"pub":true}},{"type":"Feature","geometry":{"type":"Point","coordinates":[-105.1523,39.1239]},"properties":{"s":17.5,"pub":true}},{"type":"Feature","geometry":{"type":"Point","coordinates":[-105.1448,38.9499]},"properties":{"s":17.5,"pub":false}},{"type":"Feature","geometry":{"type":"Point","coordinates":[-105.1448,38.9557]},"properties":{"s":17.5,"pub":false}},{"type":"Feature","geometry":{"type":"Point","coordinates":[-105.1448,38.9615]},"properties":{"s":50.0,"pub":false}},{"type":"Feature","geometry":{"type":"Point","coordinates":[-105.1448,38.9673]},"properties":{"s":100.0,"pub":false}},{"type":"Feature","geometry":{"type":"Point","coordinates":[-105.1448,38.9731]},"properties":{"s":100.0,"pub":false}},{"type":"Feature","geometry":{"type":"Point","coordinates":[-105.1448,38.9789]},"properties":{"s":97.5,"pub":false}},{"type":"Feature","geometry":{"type":"Point","coordinates":[-105.1448,38.9847]},"properties":{"s":77.5,"pub":false}},{"type":"Feature","geometry":{"type":"Point","coordinates":[-105.1448,38.9905]},"properties":{"s":77.5,"pub":false}},{"type":"Feature","geometry":{"type":"Point","coordinates":[-105.1448,38.9963]},"properties":{"s":77.5,"pub":false}},{"type":"Feature","geometry":{"type":"Point","coordinates":[-105.1448,39.0021]},"properties":{"s":17.5,"pub":false}},{"type":"Feature","geometry":{"type":"Point","coordinates":[-105.1448,39.0079]},"properties":{"s":17.5,"pub":false}},{"type":"Feature","geometry":{"type":"Point","coordinates":[-105.1448,39.0137]},"properties":{"s":17.5,"pub":false}},{"type":"Feature","geometry":{"type":"Point","coordinates":[-105.1448,39.0195]},"properties":{"s":17.5,"pub":true}},{"type":"Feature","geometry":{"type":"Point","coordinates":[-105.1448,39.0253]},"properties":{"s":17.5,"pub":true}},{"type":"Feature","geometry":{"type":"Point","coordinates":[-105.1448,39.0311]},"properties":{"s":37.5,"pub":true}},{"type":"Feature","geometry":{"type":"Point","coordinates":[-105.1448,39.0369]},"properties":{"s":37.5,"pub":true}},{"type":"Feature","geometry":{"type":"Point","coordinates":[-105.1448,39.0427]},"properties":{"s":37.5,"pub":true}},{"type":"Feature","geometry":{"type":"Point","coordinates":[-105.1448,39.0485]},"properties":{"s":17.5,"pub":true}},{"type":"Feature","geometry":{"type":"Point","coordinates":[-105.1448,39.0543]},"properties":{"s":17.5,"pub":true}},{"type":"Feature","geometry":{"type":"Point","coordinates":[-105.1448,39.0601]},"properties":{"s":17.5,"pub":true}},{"type":"Feature","geometry":{"type":"Point","coordinates":[-105.1448,39.0659]},"properties":{"s":17.5,"pub":true}},{"type":"Feature","geometry":{"type":"Point","coordinates":[-105.1448,39.0717]},"properties":{"s":17.5,"pub":true}},{"type":"Feature","geometry":{"type":"Point","coordinates":[-105.1448,39.0775]},"properties":{"s":17.5,"pub":true}},{"type":"Feature","geometry":{"type":"Point","coordinates":[-105.1448,39.0833]},"properties":{"s":17.5,"pub":true}},{"type":"Feature","geometry":{"type":"Point","coordinates":[-105.1448,39.0891]},"properties":{"s":17.5,"pub":true}},{"type":"Feature","geometry":{"type":"Point","coordinates":[-105.1448,39.0949]},"properties":{"s":17.5,"pub":true}},{"type":"Feature","geometry":{"type":"Point","coordinates":[-105.1448,39.1007]},"properties":{"s":47.5,"pub":true}},{"type":"Feature","geometry":{"type":"Point","coordinates":[-105.1448,39.1065]},"properties":{"s":47.5,"pub":true}},{"type":"Feature","geometry":{"type":"Point","coordinates":[-105.1448,39.1123]},"properties":{"s":47.5,"pub":true}},{"type":"Feature","geometry":{"type":"Point","coordinates":[-105.1448,39.1181]},"properties":{"s":47.5,"pub":true}},{"type":"Feature","geometry":{"type":"Point","coordinates":[-105.1448,39.1239]},"properties":{"s":47.5,"pub":true}},{"type":"Feature","geometry":{"type":"Point","coordinates":[-105.1373,38.9499]},"properties":{"s":17.5,"pub":false}},{"type":"Feature","geometry":{"type":"Point","coordinates":[-105.1373,38.9557]},"properties":{"s":17.5,"pub":false}},{"type":"Feature","geometry":{"type":"Point","coordinates":[-105.1373,38.9615]},"properties":{"s":20.0,"pub":false}},{"type":"Feature","geometry":{"type":"Point","coordinates":[-105.1373,38.9673]},"properties":{"s":80.0,"pub":false}},{"type":"Feature","geometry":{"type":"Point","coordinates":[-105.1373,38.9731]},"properties":{"s":77.5,"pub":false}},{"type":"Feature","geometry":{"type":"Point","coordinates":[-105.1373,38.9789]},"properties":{"s":77.5,"pub":false}},{"type":"Feature","geometry":{"type":"Point","coordinates":[-105.1373,38.9847]},"properties":{"s":77.5,"pub":false}},{"type":"Feature","geometry":{"type":"Point","coordinates":[-105.1373,38.9905]},"properties":{"s":77.5,"pub":false}},{"type":"Feature","geometry":{"type":"Point","coordinates":[-105.1373,38.9963]},"properties":{"s":77.5,"pub":false}},{"type":"Feature","geometry":{"type":"Point","coordinates":[-105.1373,39.0021]},"properties":{"s":17.5,"pub":false}},{"type":"Feature","geometry":{"type":"Point","coordinates":[-105.1373,39.0079]},"properties":{"s":17.5,"pub":true}},{"type":"Feature","geometry":{"type":"Point","coordinates":[-105.1373,39.0137]},"properties":{"s":17.5,"pub":true}},{"type":"Feature","geometry":{"type":"Point","coordinates":[-105.1373,39.0195]},"properties":{"s":17.5,"pub":true}},{"type":"Feature","geometry":{"type":"Point","coordinates":[-105.1373,39.0253]},"properties":{"s":17.5,"pub":true}},{"type":"Feature","geometry":{"type":"Point","coordinates":[-105.1373,39.0311]},"properties":{"s":17.5,"pub":true}},{"type":"Feature","geometry":{"type":"Point","coordinates":[-105.1373,39.0369]},"properties":{"s":17.5,"pub":true}},{"type":"Feature","geometry":{"type":"Point","coordinates":[-105.1373,39.0427]},"properties":{"s":17.5,"pub":true}},{"type":"Feature","geometry":{"type":"Point","coordinates":[-105.1373,39.0485]},"properties":{"s":17.5,"pub":true}},{"type":"Feature","geometry":{"type":"Point","coordinates":[-105.1373,39.0543]},"properties":{"s":17.5,"pub":true}},{"type":"Feature","geometry":{"type":"Point","coordinates":[-105.1373,39.0601]},"properties":{"s":17.5,"pub":true}},{"type":"Feature","geometry":{"type":"Point","coordinates":[-105.1373,39.0659]},"properties":{"s":17.5,"pub":true}},{"type":"Feature","geometry":{"type":"Point","coordinates":[-105.1373,39.0717]},"properties":{"s":17.5,"pub":true}},{"type":"Feature","geometry":{"type":"Point","coordinates":[-105.1373,39.0775]},"properties":{"s":17.5,"pub":true}},{"type":"Feature","geometry":{"type":"Point","coordinates":[-105.1373,39.0833]},"properties":{"s":17.5,"pub":true}},{"type":"Feature","geometry":{"type":"Point","coordinates":[-105.1373,39.0891]},"properties":{"s":17.5,"pub":true}},{"type":"Feature","geometry":{"type":"Point","coordinates":[-105.1373,39.0949]},"properties":{"s":47.5,"pub":true}},{"type":"Feature","geometry":{"type":"Point","coordinates":[-105.1373,39.1007]},"properties":{"s":47.5,"pub":true}},{"type":"Feature","geometry":{"type":"Point","coordinates":[-105.1373,39.1065]},"properties":{"s":47.5,"pub":true}},{"type":"Feature","geometry":{"type":"Point","coordinates":[-105.1373,39.1123]},"properties":{"s":47.5,"pub":true}},{"type":"Feature","geometry":{"type":"Point","coordinates":[-105.1373,39.1181]},"properties":{"s":77.5,"pub":true}},{"type":"Feature","geometry":{"type":"Point","coordinates":[-105.1373,39.1239]},"properties":{"s":47.5,"pub":true}},{"type":"Feature","geometry":{"type":"Point","coordinates":[-105.1298,38.9557]},"properties":{"s":17.5,"pub":false}},{"type":"Feature","geometry":{"type":"Point","coordinates":[-105.1298,38.9615]},"properties":{"s":17.5,"pub":false}}]}