{"type":"FeatureCollection","features":[{"type":"Feature","geometry":{"type":"Point","coordinates":[-107.4167,38.4605]},"properties":{"s":53.3,"pub":true}},{"type":"Feature","geometry":{"type":"Point","coordinates":[-107.4167,38.4663]},"properties":{"s":53.3,"pub":false}},{"type":"Feature","geometry":{"type":"Point","coordinates":[-107.4092,38.4605]},"properties":{"s":93.3,"pub":true}},{"type":"Feature","geometry":{"type":"Point","coordinates":[-107.4092,38.4663]},"properties":{"s":93.3,"pub":false}},{"type":"Feature","geometry":{"type":"Point","coordinates":[-107.4092,38.4721]},"properties":{"s":90.0,"pub":false}},{"type":"Feature","geometry":{"type":"Point","coordinates":[-107.4092,38.4779]},"properties":{"s":90.0,"pub":false}},{"type":"Feature","geometry":{"type":"Point","coordinates":[-107.4092,38.4837]},"properties":{"s":90.0,"pub":false}},{"type":"Feature","geometry":{"type":"Point","coordinates":[-107.4017,38.4605]},"properties":{"s":53.3,"pub":false}},{"type":"Feature","geometry":{"type":"Point","coordinates":[-107.4017,38.4663]},"properties":{"s":93.3,"pub":false}},{"type":"Feature","geometry":{"type":"Point","coordinates":[-107.4017,38.4721]},"properties":{"s":93.3,"pub":false}},{"type":"Feature","geometry":{"type":"Point","coordinates":[-107.4017,38.4779]},"properties":{"s":90.0,"pub":false}},{"type":"Feature","geometry":{"type":"Point","coordinates":[-107.4017,38.4837]},"properties":{"s":90.0,"pub":false}},{"type":"Feature","geometry":{"type":"Point","coordinates":[-107.4017,38.4895]},"properties":{"s":90.0,"pub":false}},{"type":"Feature","geometry":{"type":"Point","coordinates":[-107.4017,38.4953]},"properties":{"s":90.0,"pub":false}},{"type":"Feature","geometry":{"type":"Point","coordinates":[-107.4017,38.5011]},"properties":{"s":90.0,"pub":true}},{"type":"Feature","geometry":{"type":"Point","coordinates":[-107.3942,38.4605]},"properties":{"s":53.3,"pub":false}},{"type":"Feature","geometry":{"type":"Point","coordinates":[-107.3942,38.4663]},"properties":{"s":93.3,"pub":false}},{"type":"Feature","geometry":{"type":"Point","coordinates":[-107.3942,38.4721]},"properties":{"s":93.3,"pub":false}},{"type":"Feature","geometry":{"type":"Point","coordinates":[-107.3942,38.4779]},"properties":{"s":90.0,"pub":false}},{"type":"Feature","geometry":{"type":"Point","coordinates":[-107.3942,38.4837]},"properties":{"s":90.0,"pub":false}},{"type":"Feature","geometry":{"type":"Point","coordinates":[-107.3942,38.4895]},"properties":{"s":90.0,"pub":false}},{"type":"Feature","geometry":{"type":"Point","coordinates":[-107.3942,38.4953]},"properties":{"s":90.0,"pub":false}},{"type":"Feature","geometry":{"type":"Point","coordinates":[-107.3942,38.5011]},"properties":{"s":90.0,"pub":true}},{"type":"Feature","geometry":{"type":"Point","coordinates":[-107.3942,38.5069]},"properties":{"s":90.0,"pub":true}},{"type":"Feature","geometry":{"type":"Point","coordinates":[-107.3942,38.5127]},"properties":{"s":90.0,"pub":true}},{"type":"Feature","geometry":{"type":"Point","coordinates":[-107.3867,38.4605]},"properties":{"s":53.3,"pub":false}},{"type":"Feature","geometry":{"type":"Point","coordinates":[-107.3867,38.4663]},"properties":{"s":93.3,"pub":false}},{"type":"Feature","geometry":{"type":"Point","coordinates":[-107.3867,38.4721]},"properties":{"s":93.3,"pub":false}},{"type":"Feature","geometry":{"type":"Point","coordinates":[-107.3867,38.4779]},"properties":{"s":90.0,"pub":false}},{"type":"Feature","geometry":{"type":"Point","coordinates":[-107.3867,38.4837]},"properties":{"s":90.0,"pub":false}},{"type":"Feature","geometry":{"type":"Point","coordinates":[-107.3867,38.4895]},"properties":{"s":90.0,"pub":false}},{"type":"Feature","geometry":{"type":"Point","coordinates":[-107.3867,38.4953]},"properties":{"s":90.0,"pub":false}},{"type":"Feature","geometry":{"type":"Point","coordinates":[-107.3867,38.5011]},"properties":{"s":90.0,"pub":true}},{"type":"Feature","geometry":{"type":"Point","coordinates":[-107.3867,38.5069]},"properties":{"s":90.0,"pub":true}},{"type":"Feature","geometry":{"type":"Point","coordinates":[-107.3867,38.5127]},"properties":{"s":90.0,"pub":true}},{"type":"Feature","geometry":{"type":"Point","coordinates":[-107.3867,38.5185]},"properties":{"s":90.0,"pub":true}},{"type":"Feature","geometry":{"type":"Point","coordinates":[-107.3867,38.5243]},"properties":{"s":90.0,"pub":true}},{"type":"Feature","geometry":{"type":"Point","coordinates":[-107.3792,38.4605]},"properties":{"s":53.3,"pub":false}},{"type":"Feature","geometry":{"type":"Point","coordinates":[-107.3792,38.4663]},"properties":{"s":93.3,"pub":false}},{"type":"Feature","geometry":{"type":"Point","coordinates":[-107.3792,38.4721]},"properties":{"s":93.3,"pub":false}},{"type":"Feature","geometry":{"type":"Point","coordinates":[-107.3792,38.4779]},"properties":{"s":93.3,"pub":false}},{"type":"Feature","geometry":{"type":"Point","coordinates":[-107.3792,38.4837]},"properties":{"s":90.0,"pub":false}},{"type":"Feature","geometry":{"type":"Point","coordinates":[-107.3792,38.4895]},"properties":{"s":90.0,"pub":false}},{"type":"Feature","geometry":{"type":"Point","coordinates":[-107.3792,38.4953]},"properties":{"s":90.0,"pub":false}},{"type":"Feature","geometry":{"type":"Point","coordinates":[-107.3792,38.5011]},"properties":{"s":90.0,"pub":true}},{"type":"Feature","geometry":{"type":"Point","coordinates":[-107.3792,38.5069]},"properties":{"s":90.0,"pub":true}},{"type":"Feature","geometry":{"type":"Point","coordinates":[-107.3792,38.5127]},"properties":{"s":90.0,"pub":true}},{"type":"Feature","geometry":{"type":"Point","coordinates":[-107.3792,38.5185]},"properties":{"s":90.0,"pub":true}},{"type":"Feature","geometry":{"type":"Point","coordinates":[-107.3792,38.5243]},"properties":{"s":90.0,"pub":true}},{"type":"Feature","geometry":{"type":"Point","coordinates":[-107.3792,38.5301]},"properties":{"s":90.0,"pub":true}},{"type":"Feature","geometry":{"type":"Point","coordinates":[-107.3792,38.5359]},"properties":{"s":93.3,"pub":true}},{"type":"Feature","geometry":{"type":"Point","coordinates":[-107.3792,38.5417]},"properties":{"s":53.3,"pub":true}},{"type":"Feature","geometry":{"type":"Point","coordinates":[-107.3792,38.6635]},"properties":{"s":90.0,"pub":true}},{"type":"Feature","geometry":{"type":"Point","coordinates":[-107.3792,38.6693]},"properties":{"s":90.0,"pub":true}},{"type":"Feature","geometry":{"type":"Point","coordinates":[-107.3792,38.6751]},"properties":{"s":90.0,"pub":true}},{"type":"Feature","geometry":{"type":"Point","coordinates":[-107.3792,38.6809]},"properties":{"s":60.0,"pub":true}},{"type":"Feature","geometry":{"type":"Point","coordinates":[-107.3792,38.6867]},"properties":{"s":60.0,"pub":true}},{"type":"Feature","geometry":{"type":"Point","coordinates":[-107.3792,38.6925]},"properties":{"s":60.0,"pub":true}},{"type":"Feature","geometry":{"type":"Point","coordinates":[-107.3792,38.6983]},"properties":{"s":60.0,"pub":true}},{"type":"Feature","geometry":{"type":"Point","coordinates":[-107.3717,38.4605]},"properties":{"s":53.3,"pub":false}},{"type":"Feature","geometry":{"type":"Point","coordinates":[-107.3717,38.4663]},"properties":{"s":53.3,"pub":false}},{"type":"Feature","geometry":{"type":"Point","coordinates":[-107.3717,38.4721]},"properties":{"s":93.3,"pub":false}},{"type":"Feature","geometry":{"type":"Point","coordinates":[-107.3717,38.4779]},"properties":{"s":93.3,"pub":false}},{"type":"Feature","geometry":{"type":"Point","coordinates":[-107.3717,38.4837]},"properties":{"s":93.3,"pub":false}},{"type":"Feature","geometry":{"type":"Point","coordinates":[-107.3717,38.4895]},"properties":{"s":93.3,"pub":false}},{"type":"Feature","geometry":{"type":"Point","coordinates":[-107.3717,38.4953]},"properties":{"s":90.0,"pub":false}},{"type":"Feature","geometry":{"type":"Point","coordinates":[-107.3717,38.5011]},"properties":{"s":90.0,"pub":true}},{"type":"Feature","geometry":{"type":"Point","coordinates":[-107.3717,38.5069]},"properties":{"s":90.0,"pub":true}},{"type":"Feature","geometry":{"type":"Point","coordinates":[-107.3717,38.5127]},"properties":{"s":90.0,"pub":true}},{"type":"Feature","geometry":{"type":"Point","coordinates":[-107.3717,38.5185]},"properties":{"s":93.3,"pub":true}},{"type":"Feature","geometry":{"type":"Point","coordinates":[-107.3717,38.5243]},"properties":{"s":93.3,"pub":true}},{"type":"Feature","geometry":{"type":"Point","coordinates":[-107.3717,38.5301]},"properties":{"s":93.3,"pub":true}},{"type":"Feature","geometry":{"type":"Point","coordinates":[-107.3717,38.5359]},"properties":{"s":93.3,"pub":true}},{"type":"Feature","geometry":{"type":"Point","coordinates":[-107.3717,38.5417]},"properties":{"s":93.3,"pub":true}},{"type":"Feature","geometry":{"type":"Point","coordinates":[-107.3717,38.5475]},"properties":{"s":93.3,"pub":true}},{"type":"Feature","geometry":{"type":"Point","coordinates":[-107.3717,38.6461]},"properties":{"s":90.0,"pub":true}},{"type":"Feature","geometry":{"type":"Point","coordinates":[-107.3717,38.6519]},"properties":{"s":90.0,"pub":true}},{"type":"Feature","geometry":{"type":"Point","coordinates":[-107.3717,38.6577]},"properties":{"s":90.0,"pub":true}},{"type":"Feature","geometry":{"type":"Point","coordinates":[-107.3717,38.6635]},"properties":{"s":90.0,"pub":true}},{"type":"Feature","geometry":{"type":"Point","coordinates":[-107.3717,38.6693]},"properties":{"s":90.0,"pub":true}},{"type":"Feature","geometry":{"type":"Point","coordinates":[-107.3717,38.6751]},"properties":{"s":90.0,"pub":true}},{"type":"Feature","geometry":{"type":"Point","coordinates":[-107.3717,38.6809]},"properties":{"s":90.0,"pub":true}},{"type":"Feature","geometry":{"type":"Point","coordinates":[-107.3717,38.6867]},"properties":{"s":86.7,"pub":true}},{"type":"Feature","geometry":{"type":"Point","coordinates":[-107.3717,38.6925]},"properties":{"s":86.7,"pub":true}},{"type":"Feature","geometry":{"type":"Point","coordinates":[-107.3717,38.6983]},"properties":{"s":86.7,"pub":true}},{"type":"Feature","geometry":{"type":"Point","coordinates":[-107.3717,38.7041]},"properties":{"s":60.0,"pub":true}},{"type":"Feature","geometry":{"type":"Point","coordinates":[-107.3642,38.4605]},"properties":{"s":53.3,"pub":false}},{"type":"Feature","geometry":{"type":"Point","coordinates":[-107.3642,38.4663]},"properties":{"s":53.3,"pub":false}},{"type":"Feature","geometry":{"type":"Point","coordinates":[-107.3642,38.4721]},"properties":{"s":93.3,"pub":false}},{"type":"Feature","geometry":{"type":"Point","coordinates":[-107.3642,38.4779]},"properties":{"s":93.3,"pub":false}},{"type":"Feature","geometry":{"type":"Point","coordinates":[-107.3642,38.4837]},"properties":{"s":93.3,"pub":false}},{"type":"Feature","geometry":{"type":"Point","coordinates":[-107.3642,38.4895]},"properties":{"s":93.3,"pub":false}},{"type":"Feature","geometry":{"type":"Point","coordinates":[-107.3642,38.4953]},"properties":{"s":93.3,"pub":false}},{"type":"Feature","geometry":{"type":"Point","coordinates":[-107.3642,38.5011]},"properties":{"s":93.3,"pub":true}},{"type":"Feature","geometry":{"type":"Point","coordinates":[-107.3642,38.5069]},"properties":{"s":93.3,"pub":true}},{"type":"Feature","geometry":{"type":"Point","coordinates":[-107.3642,38.5127]},"properties":{"s":93.3,"pub":true}},{"type":"Feature","geometry":{"type":"Point","coordinates":[-107.3642,38.5185]},"properties":{"s":93.3,"pub":true}},{"type":"Feature","geometry":{"type":"Point","coordinates":[-107.3642,38.5243]},"properties":{"s":93.3,"pub":true}},{"type":"Feature","geometry":{"type":"Point","coordinates":[-107.3642,38.5301]},"properties":{"s":93.3,"pub":true}},{"type":"Feature","geometry":{"type":"Point","coordinates":[-107.3642,38.5359]},"properties":{"s":93.3,"pub":true}},{"type":"Feature","geometry":{"type":"Point","coordinates":[-107.3642,38.5417]},"properties":{"s":93.3,"pub":true}},{"type":"Feature","geometry":{"type":"Point","coordinates":[-107.3642,38.5475]},"properties":{"s":93.3,"pub":true}},{"type":"Feature","geometry":{"type":"Point","coordinates":[-107.3642,38.5533]},"properties":{"s":93.3,"pub":true}},{"type":"Feature","geometry":{"type":"Point","coordinates":[-107.3642,38.5591]},"properties":{"s":90.0,"pub":true}},{"type":"Feature","geometry":{"type":"Point","coordinates":[-107.3642,38.5707]},"properties":{"s":90.0,"pub":true}},{"type":"Feature","geometry":{"type":"Point","coordinates":[-107.3642,38.5765]},"properties":{"s":90.0,"pub":true}},{"type":"Feature","geometry":{"type":"Point","coordinates":[-107.3642,38.6287]},"properties":{"s":86.7,"pub":true}},{"type":"Feature","geometry":{"type":"Point","coordinates":[-107.3642,38.6345]},"properties":{"s":90.0,"pub":true}},{"type":"Feature","geometry":{"type":"Point","coordinates":[-107.3642,38.6403]},"properties":{"s":90.0,"pub":true}},{"type":"Feature","geometry":{"type":"Point","coordinates":[-107.3642,38.6461]},"properties":{"s":90.0,"pub":true}},{"type":"Feature","geometry":{"type":"Point","coordinates":[-107.3642,38.6519]},"properties":{"s":90.0,"pub":true}},{"type":"Feature","geometry":{"type":"Point","coordinates":[-107.3642,38.6577]},"properties":{"s":90.0,"pub":true}},{"type":"Feature","geometry":{"type":"Point","coordinates":[-107.3642,38.6635]},"properties":{"s":90.0,"pub":true}},{"type":"Feature","geometry":{"type":"Point","coordinates":[-107.3642,38.6693]},"properties":{"s":90.0,"pub":true}},{"type":"Feature","geometry":{"type":"Point","coordinates":[-107.3642,38.6751]},"properties":{"s":90.0,"pub":true}},{"type":"Feature","geometry":{"type":"Point","coordinates":[-107.3642,38.6809]},"properties":{"s":86.7,"pub":true}},{"type":"Feature","geometry":{"type":"Point","coordinates":[-107.3642,38.6867]},"properties":{"s":86.7,"pub":true}},{"type":"Feature","geometry":{"type":"Point","coordinates":[-107.3642,38.6925]},"properties":{"s":86.7,"pub":true}},{"type":"Feature","geometry":{"type":"Point","coordinates":[-107.3642,38.6983]},"properties":{"s":86.7,"pub":true}},{"type":"Feature","geometry":{"type":"Point","coordinates":[-107.3567,38.4605]},"properties":{"s":53.3,"pub":false}},{"type":"Feature","geometry":{"type":"Point","coordinates":[-107.3567,38.4663]},"properties":{"s":53.3,"pub":false}},{"type":"Feature","geometry":{"type":"Point","coordinates":[-107.3567,38.4721]},"properties":{"s":93.3,"pub":false}},{"type":"Feature","geometry":{"type":"Point","coordinates":[-107.3567,38.4779]},"properties":{"s":93.3,"pub":false}},{"type":"Feature","geometry":{"type":"Point","coordinates":[-107.3567,38.4837]},"properties":{"s":93.3,"pub":false}},{"type":"Feature","geometry":{"type":"Point","coordinates":[-107.3567,38.4895]},"properties":{"s":93.3,"pub":false}},{"type":"Feature","geometry":{"type":"Point","coordinates":[-107.3567,38.4953]},"properties":{"s":93.3,"pub":false}},{"type":"Feature","geometry":{"type":"Point","coordinates":[-107.3567,38.5011]},"properties":{"s":93.3,"pub":true}},{"type":"Feature","geometry":{"type":"Point","coordinates":[-107.3567,38.5069]},"properties":{"s":93.3,"pub":true}},{"type":"Feature","geometry":{"type":"Point","coordinates":[-107.3567,38.5127]},"properties":{"s":93.3,"pub":true}},{"type":"Feature","geometry":{"type":"Point","coordinates":[-107.3567,38.5185]},"properties":{"s":93.3,"pub":true}},{"type":"Feature","geometry":{"type":"Point","coordinates":[-107.3567,38.5243]},"properties":{"s":93.3,"pub":true}},{"type":"Feature","geometry":{"type":"Point","coordinates":[-107.3567,38.5301]},"properties":{"s":93.3,"pub":true}},{"type":"Feature","geometry":{"type":"Point","coordinates":[-107.3567,38.5359]},"properties":{"s":93.3,"pub":true}},{"type":"Feature","geometry":{"type":"Point","coordinates":[-107.3567,38.5417]},"properties":{"s":93.3,"pub":true}},{"type":"Feature","geometry":{"type":"Point","coordinates":[-107.3567,38.5475]},"properties":{"s":93.3,"pub":true}},{"type":"Feature","geometry":{"type":"Point","coordinates":[-107.3567,38.5533]},"properties":{"s":93.3,"pub":true}},{"type":"Feature","geometry":{"type":"Point","coordinates":[-107.3567,38.5591]},"properties":{"s":93.3,"pub":true}},{"type":"Feature","geometry":{"type":"Point","coordinates":[-107.3567,38.5649]},"properties":{"s":93.3,"pub":true}},{"type":"Feature","geometry":{"type":"Point","coordinates":[-107.3567,38.5707]},"properties":{"s":90.0,"pub":true}},{"type":"Feature","geometry":{"type":"Point","coordinates":[-107.3567,38.5765]},"properties":{"s":90.0,"pub":true}},{"type":"Feature","geometry":{"type":"Point","coordinates":[-107.3567,38.5823]},"properties":{"s":90.0,"pub":true}},{"type":"Feature","geometry":{"type":"Point","coordinates":[-107.3567,38.5881]},"properties":{"s":90.0,"pub":true}},{"type":"Feature","geometry":{"type":"Point","coordinates":[-107.3567,38.5939]},"properties":{"s":90.0,"pub":true}},{"type":"Feature","geometry":{"type":"Point","coordinates":[-107.3567,38.5997]},"properties":{"s":90.0,"pub":true}},{"type":"Feature","geometry":{"type":"Point","coordinates":[-107.3567,38.6055]},"properties":{"s":90.0,"pub":true}},{"type":"Feature","geometry":{"type":"Point","coordinates":[-107.3567,38.6113]},"properties":{"s":90.0,"pub":true}},{"type":"Feature","geometry":{"type":"Point","coordinates":[-107.3567,38.6171]},"properties":{"s":90.0,"pub":true}},{"type":"Feature","geometry":{"type":"Point","coordinates":[-107.3567,38.6229]},"properties":{"s":90.0,"pub":true}},{"type":"Feature","geometry":{"type":"Point","coordinates":[-107.3567,38.6287]},"properties":{"s":90.0,"pub":true}},{"type":"Feature","geometry":{"type":"Point","coordinates":[-107.3567,38.6345]},"properties":{"s":90.0,"pub":true}},{"type":"Feature","geometry":{"type":"Point","coordinates":[-107.3567,38.6403]},"properties":{"s":90.0,"pub":true}},{"type":"Feature","geometry":{"type":"Point","coordinates":[-107.3567,38.6461]},"properties":{"s":90.0,"pub":true}},{"type":"Feature","geometry":{"type":"Point","coordinates":[-107.3567,38.6519]},"properties":{"s":90.0,"pub":true}},{"type":"Feature","geometry":{"type":"Point","coordinates":[-107.3567,38.6577]},"properties":{"s":90.0,"pub":true}},{"type":"Feature","geometry":{"type":"Point","coordinates":[-107.3567,38.6635]},"properties":{"s":90.0,"pub":true}},{"type":"Feature","geometry":{"type":"Point","coordinates":[-107.3567,38.6693]},"properties":{"s":90.0,"pub":true}},{"type":"Feature","geometry":{"type":"Point","coordinates":[-107.3567,38.6751]},"properties":{"s":86.7,"pub":true}},{"type":"Feature","geometry":{"type":"Point","coordinates":[-107.3567,38.6809]},"properties":{"s":86.7,"pub":true}},{"type":"Feature","geometry":{"type":"Point","coordinates":[-107.3567,38.6867]},"properties":{"s":86.7,"pub":true}},{"type":"Feature","geometry":{"type":"Point","coordinates":[-107.3567,38.6925]},"properties":{"s":86.7,"pub":true}},{"type":"Feature","geometry":{"type":"Point","coordinates":[-107.3567,38.6983]},"properties":{"s":86.7,"pub":true}},{"type":"Feature","geometry":{"type":"Point","coordinates":[-107.3492,38.4605]},"properties":{"s":53.3,"pub":false}},{"type":"Feature","geometry":{"type":"Point","coordinates":[-107.3492,38.4663]},"properties":{"s":53.3,"pub":false}},{"type":"Feature","geometry":{"type":"Point","coordinates":[-107.3492,38.4721]},"properties":{"s":93.3,"pub":false}},{"type":"Feature","geometry":{"type":"Point","coordinates":[-107.3492,38.4779]},"properties":{"s":93.3,"pub":false}},{"type":"Feature","geometry":{"type":"Point","coordinates":[-107.3492,38.4837]},"properties":{"s":93.3,"pub":false}},{"type":"Feature","geometry":{"type":"Point","coordinates":[-107.3492,38.4895]},"properties":{"s":93.3,"pub":false}},{"type":"Feature","geometry":{"type":"Point","coordinates":[-107.3492,38.4953]},"properties":{"s":93.3,"pub":false}},{"type":"Feature","geometry":{"type":"Point","coordinates":[-107.3492,38.5011]},"properties":{"s":93.3,"pub":true}},{"type":"Feature","geometry":{"type":"Point","coordinates":[-107.3492,38.5069]},"properties":{"s":93.3,"pub":true}},{"type":"Feature","geometry":{"type":"Point","coordinates":[-107.3492,38.5127]},"properties":{"s":93.3,"pub":true}},{"type":"Feature","geometry":{"type":"Point","coordinates":[-107.3492,38.5185]},"properties":{"s":93.3,"pub":true}},{"type":"Feature","geometry":{"type":"Point","coordinates":[-107.3492,38.5243]},"properties":{"s":93.3,"pub":true}},{"type":"Feature","geometry":{"type":"Point","coordinates":[-107.3492,38.5301]},"properties":{"s":93.3,"pub":true}},{"type":"Feature","geometry":{"type":"Point","coordinates":[-107.3492,38.5359]},"properties":{"s":93.3,"pub":true}},{"type":"Feature","geometry":{"type":"Point","coordinates":[-107.3492,38.5417]},"properties":{"s":93.3,"pub":true}},{"type":"Feature","geometry":{"type":"Point","coordinates":[-107.3492,38.5475]},"properties":{"s":93.3,"pub":true}},{"type":"Feature","geometry":{"type":"Point","coordinates":[-107.3492,38.5533]},"properties":{"s":93.3,"pub":true}},{"type":"Feature","geometry":{"type":"Point","coordinates":[-107.3492,38.5591]},"properties":{"s":93.3,"pub":true}},{"type":"Feature","geometry":{"type":"Point","coordinates":[-107.3492,38.5649]},"properties":{"s":93.3,"pub":true}},{"type":"Feature","geometry":{"type":"Point","coordinates":[-107.3492,38.5707]},"properties":{"s":93.3,"pub":true}},{"type":"Feature","geometry":{"type":"Point","coordinates":[-107.3492,38.5765]},"properties":{"s":93.3,"pub":true}},{"type":"Feature","geometry":{"type":"Point","coordinates":[-107.3492,38.5823]},"properties":{"s":93.3,"pub":true}},{"type":"Feature","geometry":{"type":"Point","coordinates":[-107.3492,38.5881]},"properties":{"s":93.3,"pub":true}},{"type":"Feature","geometry":{"type":"Point","coordinates":[-107.3492,38.5939]},"properties":{"s":93.3,"pub":true}},{"type":"Feature","geometry":{"type":"Point","coordinates":[-107.3492,38.5997]},"properties":{"s":93.3,"pub":true}},{"type":"Feature","geometry":{"type":"Point","coordinates":[-107.3492,38.6055]},"properties":{"s":93.3,"pub":true}},{"type":"Feature","geometry":{"type":"Point","coordinates":[-107.3492,38.6113]},"properties":{"s":93.3,"pub":true}},{"type":"Feature","geometry":{"type":"Point","coordinates":[-107.3492,38.6171]},"properties":{"s":93.3,"pub":true}},{"type":"Feature","geometry":{"type":"Point","coordinates":[-107.3492,38.6229]},"properties":{"s":90.0,"pub":true}},{"type":"Feature","geometry":{"type":"Point","coordinates":[-107.3492,38.6287]},"properties":{"s":90.0,"pub":true}},{"type":"Feature","geometry":{"type":"Point","coordinates":[-107.3492,38.6345]},"properties":{"s":90.0,"pub":true}},{"type":"Feature","geometry":{"type":"Point","coordinates":[-107.3492,38.6403]},"properties":{"s":90.0,"pub":true}},{"type":"Feature","geometry":{"type":"Point","coordinates":[-107.3492,38.6461]},"properties":{"s":90.0,"pub":true}},{"type":"Feature","geometry":{"type":"Point","coordinates":[-107.3492,38.6519]},"properties":{"s":90.0,"pub":true}},{"type":"Feature","geometry":{"type":"Point","coordinates":[-107.3492,38.6577]},"properties":{"s":90.0,"pub":true}},{"type":"Feature","geometry":{"type":"Point","coordinates":[-107.3492,38.6635]},"properties":{"s":86.7,"pub":true}},{"type":"Feature","geometry":{"type":"Point","coordinates":[-107.3492,38.6693]},"properties":{"s":86.7,"pub":true}},{"type":"Feature","geometry":{"type":"Point","coordinates":[-107.3492,38.6751]},"properties":{"s":86.7,"pub":true}},{"type":"Feature","geometry":{"type":"Point","coordinates":[-107.3492,38.6809]},"properties":{"s":86.7,"pub":true}},{"type":"Feature","geometry":{"type":"Point","coordinates":[-107.3492,38.6867]},"properties":{"s":86.7,"pub":true}},{"type":"Feature","geometry":{"type":"Point","coordinates":[-107.3492,38.6925]},"properties":{"s":86.7,"pub":true}},{"type":"Feature","geometry":{"type":"Point","coordinates":[-107.3492,38.6983]},"properties":{"s":86.7,"pub":true}},{"type":"Feature","geometry":{"type":"Point","coordinates":[-107.3492,38.7041]},"properties":{"s":86.7,"pub":true}},{"type":"Feature","geometry":{"type":"Point","coordinates":[-107.3417,38.4663]},"properties":{"s":53.3,"pub":false}},{"type":"Feature","geometry":{"type":"Point","coordinates":[-107.3417,38.4721]},"properties":{"s":93.3,"pub":false}},{"type":"Feature","geometry":{"type":"Point","coordinates":[-107.3417,38.4779]},"properties":{"s":93.3,"pub":false}},{"type":"Feature","geometry":{"type":"Point","coordinates":[-107.3417,38.4837]},"properties":{"s":93.3,"pub":false}},{"type":"Feature","geometry":{"type":"Point","coordinates":[-107.3417,38.4895]},"properties":{"s":93.3,"pub":false}},{"type":"Feature","geometry":{"type":"Point","coordinates":[-107.3417,38.4953]},"properties":{"s":93.3,"pub":false}},{"type":"Feature","geometry":{"type":"Point","coordinates":[-107.3417,38.5011]},"properties":{"s":93.3,"pub":false}},{"type":"Feature","geometry":{"type":"Point","coordinates":[-107.3417,38.5069]},"properties":{"s":93.3,"pub":false}},{"type":"Feature","geometry":{"type":"Point","coordinates":[-107.3417,38.5127]},"properties":{"s":93.3,"pub":false}},{"type":"Feature","geometry":{"type":"Point","coordinates":[-107.3417,38.5185]},"properties":{"s":93.3,"pub":true}},{"type":"Feature","geometry":{"type":"Point","coordinates":[-107.3417,38.5243]},"properties":{"s":93.3,"pub":true}},{"type":"Feature","geometry":{"type":"Point","coordinates":[-107.3417,38.5301]},"properties":{"s":93.3,"pub":true}},{"type":"Feature","geometry":{"type":"Point","coordinates":[-107.3417,38.5359]},"properties":{"s":93.3,"pub":true}},{"type":"Feature","geometry":{"type":"Point","coordinates":[-107.3417,38.5417]},"properties":{"s":93.3,"pub":true}},{"type":"Feature","geometry":{"type":"Point","coordinates":[-107.3417,38.5475]},"properties":{"s":93.3,"pub":true}},{"type":"Feature","geometry":{"type":"Point","coordinates":[-107.3417,38.5533]},"properties":{"s":93.3,"pub":true}},{"type":"Feature","geometry":{"type":"Point","coordinates":[-107.3417,38.5591]},"properties":{"s":93.3,"pub":true}},{"type":"Feature","geometry":{"type":"Point","coordinates":[-107.3417,38.5649]},"properties":{"s":93.3,"pub":true}},{"type":"Feature","geometry":{"type":"Point","coordinates":[-107.3417,38.5707]},"properties":{"s":93.3,"pub":true}},{"type":"Feature","geometry":{"type":"Point","coordinates":[-107.3417,38.5765]},"properties":{"s":93.3,"pub":true}},{"type":"Feature","geometry":{"type":"Point","coordinates":[-107.3417,38.5823]},"properties":{"s":93.3,"pub":true}},{"type":"Feature","geometry":{"type":"Point","coordinates":[-107.3417,38.5881]},"properties":{"s":93.3,"pub":true}},{"type":"Feature","geometry":{"type":"Point","coordinates":[-107.3417,38.5939]},"properties":{"s":93.3,"pub":true}},{"type":"Feature","geometry":{"type":"Point","coordinates":[-107.3417,38.5997]},"properties":{"s":93.3,"pub":true}},{"type":"Feature","geometry":{"type":"Point","coordinates":[-107.3417,38.6055]},"properties":{"s":93.3,"pub":true}},{"type":"Feature","geometry":{"type":"Point","coordinates":[-107.3417,38.6113]},"properties":{"s":93.3,"pub":true}},{"type":"Feature","geometry":{"type":"Point","coordinates":[-107.3417,38.6171]},"properties":{"s":93.3,"pub":true}},{"type":"Feature","geometry":{"type":"Point","coordinates":[-107.3417,38.6229]},"properties":{"s":93.3,"pub":true}},{"type":"Feature","geometry":{"type":"Point","coordinates":[-107.3417,38.6287]},"properties":{"s":93.3,"pub":true}},{"type":"Feature","geometry":{"type":"Point","coordinates":[-107.3417,38.6345]},"properties":{"s":93.3,"pub":true}},{"type":"Feature","geometry":{"type":"Point","coordinates":[-107.3417,38.6403]},"properties":{"s":93.3,"pub":true}},{"type":"Feature","geometry":{"type":"Point","coordinates":[-107.3417,38.6461]},"properties":{"s":93.3,"pub":true}},{"type":"Feature","geometry":{"type":"Point","coordinates":[-107.3417,38.6519]},"properties":{"s":93.3,"pub":true}},{"type":"Feature","geometry":{"type":"Point","coordinates":[-107.3417,38.6577]},"properties":{"s":93.3,"pub":true}},{"type":"Feature","geometry":{"type":"Point","coordinates":[-107.3417,38.6635]},"properties":{"s":86.7,"pub":true}},{"type":"Feature","geometry":{"type":"Point","coordinates":[-107.3417,38.6693]},"properties":{"s":86.7,"pub":true}},{"type":"Feature","geometry":{"type":"Point","coordinates":[-107.3417,38.6751]},"properties":{"s":86.7,"pub":true}},{"type":"Feature","geometry":{"type":"Point","coordinates":[-107.3417,38.6809]},"properties":{"s":86.7,"pub":true}},{"type":"Feature","geometry":{"type":"Point","coordinates":[-107.3417,38.6867]},"properties":{"s":86.7,"pub":true}},{"type":"Feature","geometry":{"type":"Point","coordinates":[-107.3417,38.6925]},"properties":{"s":86.7,"pub":true}},{"type":"Feature","geometry":{"type":"Point","coordinates":[-107.3417,38.6983]},"properties":{"s":86.7,"pub":true}},{"type":"Feature","geometry":{"type":"Point","coordinates":[-107.3417,38.7041]},"properties":{"s":86.7,"pub":true}},{"type":"Feature","geometry":{"type":"Point","coordinates":[-107.3342,38.4663]},"properties":{"s":53.3,"pub":true}},{"type":"Feature","geometry":{"type":"Point","coordinates":[-107.3342,38.4721]},"properties":{"s":53.3,"pub":false}},{"type":"Feature","geometry":{"type":"Point","coordinates":[-107.3342,38.4779]},"properties":{"s":93.3,"pub":false}},{"type":"Feature","geometry":{"type":"Point","coordinates":[-107.3342,38.4837]},"properties":{"s":93.3,"pub":false}},{"type":"Feature","geometry":{"type":"Point","coordinates":[-107.3342,38.4895]},"properties":{"s":93.3,"pub":false}},{"type":"Feature","geometry":{"type":"Point","coordinates":[-107.3342,38.4953]},"properties":{"s":93.3,"pub":false}},{"type":"Feature","geometry":{"type":"Point","coordinates":[-107.3342,38.5011]},"properties":{"s":93.3,"pub":false}},{"type":"Feature","geometry":{"type":"Point","coordinates":[-107.3342,38.5069]},"properties":{"s":93.3,"pub":false}},{"type":"Feature","geometry":{"type":"Point","coordinates":[-107.3342,38.5127]},"properties":{"s":53.3,"pub":false}},{"type":"Feature","geometry":{"type":"Point","coordinates":[-107.3342,38.5185]},"properties":{"s":53.3,"pub":true}},{"type":"Feature","geometry":{"type":"Point","coordinates":[-107.3342,38.5243]},"properties":{"s":93.3,"pub":true}},{"type":"Feature","geometry":{"type":"Point","coordinates":[-107.3342,38.5301]},"properties":{"s":93.3,"pub":true}},{"type":"Feature","geometry":{"type":"Point","coordinates":[-107.3342,38.5359]},"properties":{"s":93.3,"pub":true}},{"type":"Feature","geometry":{"type":"Point","coordinates":[-107.3342,38.5417]},"properties":{"s":93.3,"pub":true}},{"type":"Feature","geometry":{"type":"Point","coordinates":[-107.3342,38.5475]},"properties":{"s":93.3,"pub":true}},{"type":"Feature","geometry":{"type":"Point","coordinates":[-107.3342,38.5533]},"properties":{"s":93.3,"pub":true}},{"type":"Feature","geometry":{"type":"Point","coordinates":[-107.3342,38.5591]},"properties":{"s":93.3,"pub":true}},{"type":"Feature","geometry":{"type":"Point","coordinates":[-107.3342,38.5649]},"properties":{"s":53.3,"pub":true}},{"type":"Feature","geometry":{"type":"Point","coordinates":[-107.3342,38.5707]},"properties":{"s":53.3,"pub":true}},{"type":"Feature","geometry":{"type":"Point","coordinates":[-107.3342,38.5765]},"properties":{"s":53.3,"pub":true}},{"type":"Feature","geometry":{"type":"Point","coordinates":[-107.3342,38.5823]},"properties":{"s":53.3,"pub":true}},{"type":"Feature","geometry":{"type":"Point","coordinates":[-107.3342,38.5881]},"properties":{"s":53.3,"pub":true}},{"type":"Feature","geometry":{"type":"Point","coordinates":[-107.3342,38.5939]},"properties":{"s":53.3,"pub":true}},{"type":"Feature","geometry":{"type":"Point","coordinates":[-107.3342,38.5997]},"properties":{"s":53.3,"pub":true}},{"type":"Feature","geometry":{"type":"Point","coordinates":[-107.3342,38.6055]},"properties":{"s":53.3,"pub":true}},{"type":"Feature","geometry":{"type":"Point","coordinates":[-107.3342,38.6113]},"properties":{"s":53.3,"pub":true}},{"type":"Feature","geometry":{"type":"Point","coordinates":[-107.3342,38.6171]},"properties":{"s":53.3,"pub":true}},{"type":"Feature","geometry":{"type":"Point","coordinates":[-107.3342,38.6229]},"properties":{"s":93.3,"pub":true}},{"type":"Feature","geometry":{"type":"Point","coordinates":[-107.3342,38.6287]},"properties":{"s":93.3,"pub":true}},{"type":"Feature","geometry":{"type":"Point","coordinates":[-107.3342,38.6345]},"properties":{"s":93.3,"pub":true}},{"type":"Feature","geometry":{"type":"Point","coordinates":[-107.3342,38.6403]},"properties":{"s":93.3,"pub":true}},{"type":"Feature","geometry":{"type":"Point","coordinates":[-107.3342,38.6461]},"properties":{"s":93.3,"pub":true}},{"type":"Feature","geometry":{"type":"Point","coordinates":[-107.3342,38.6519]},"properties":{"s":53.3,"pub":true}},{"type":"Feature","geometry":{"type":"Point","coordinates":[-107.3342,38.6577]},"properties":{"s":93.3,"pub":true}},{"type":"Feature","geometry":{"type":"Point","coordinates":[-107.3342,38.6635]},"properties":{"s":90.0,"pub":true}},{"type":"Feature","geometry":{"type":"Point","coordinates":[-107.3342,38.6693]},"properties":{"s":86.7,"pub":true}},{"type":"Feature","geometry":{"type":"Point","coordinates":[-107.3342,38.6751]},"properties":{"s":86.7,"pub":true}},{"type":"Feature","geometry":{"type":"Point","coordinates":[-107.3342,38.6809]},"properties":{"s":86.7,"pub":true}},{"type":"Feature","geometry":{"type":"Point","coordinates":[-107.3342,38.6867]},"properties":{"s":86.7,"pub":true}},{"type":"Feature","geometry":{"type":"Point","coordinates":[-107.3342,38.6925]},"properties":{"s":86.7,"pub":true}},{"type":"Feature","geometry":{"type":"Point","coordinates":[-107.3342,38.6983]},"properties":{"s":86.7,"pub":true}},{"type":"Feature","geometry":{"type":"Point","coordinates":[-107.3342,38.7041]},"properties":{"s":86.7,"pub":true}},{"type":"Feature","geometry":{"type":"Point","coordinates":[-107.3342,38.7099]},"properties":{"s":86.7,"pub":true}},{"type":"Feature","geometry":{"type":"Point","coordinates":[-107.3267,38.4721]},"properties":{"s":53.3,"pub":false}},{"type":"Feature","geometry":{"type":"Point","coordinates":[-107.3267,38.4779]},"properties":{"s":53.3,"pub":false}},{"type":"Feature","geometry":{"type":"Point","coordinates":[-107.3267,38.4837]},"properties":{"s":93.3,"pub":false}},{"type":"Feature","geometry":{"type":"Point","coordinates":[-107.3267,38.4895]},"properties":{"s":100.0,"pub":false}},{"type":"Feature","geometry":{"type":"Point","coordinates":[-107.3267,38.4953]},"properties":{"s":60.0,"pub":false}},{"type":"Feature","geometry":{"type":"Point","coordinates":[-107.3267,38.5011]},"properties":{"s":60.0,"pub":false}},{"type":"Feature","geometry":{"type":"Point","coordinates":[-107.3267,38.5069]},"properties":{"s":53.3,"pub":false}},{"type":"Feature","geometry":{"type":"Point","coordinates":[-107.3267,38.5127]},"properties":{"s":60.0,"pub":false}},{"type":"Feature","geometry":{"type":"Point","coordinates":[-107.3267,38.5185]},"properties":{"s":60.0,"pub":true}},{"type":"Feature","geometry":{"type":"Point","coordinates":[-107.3267,38.5243]},"properties":{"s":60.0,"pub":true}},{"type":"Feature","geometry":{"type":"Point","coordinates":[-107.3267,38.5301]},"properties":{"s":100.0,"pub":true}},{"type":"Feature","geometry":{"type":"Point","coordinates":[-107.3267,38.5359]},"properties":{"s":93.3,"pub":true}},{"type":"Feature","geometry":{"type":"Point","coordinates":[-107.3267,38.5417]},"properties":{"s":93.3,"pub":true}},{"type":"Feature","geometry":{"type":"Point","coordinates":[-107.3267,38.5475]},"properties":{"s":53.3,"pub":true}},{"type":"Feature","geometry":{"type":"Point","coordinates":[-107.3267,38.5533]},"properties":{"s":53.3,"pub":true}},{"type":"Feature","geometry":{"type":"Point","coordinates":[-107.3267,38.5591]},"properties":{"s":53.3,"pub":true}},{"type":"Feature","geometry":{"type":"Point","coordinates":[-107.3267,38.5649]},"properties":{"s":53.3,"pub":true}},{"type":"Feature","geometry":{"type":"Point","coordinates":[-107.3267,38.5707]},"properties":{"s":93.3,"pub":true}},{"type":"Feature","geometry":{"type":"Point","coordinates":[-107.3267,38.5765]},"properties":{"s":93.3,"pub":true}},{"type":"Feature","geometry":{"type":"Point","coordinates":[-107.3267,38.5823]},"properties":{"s":93.3,"pub":true}},{"type":"Feature","geometry":{"type":"Point","coordinates":[-107.3267,38.5881]},"properties":{"s":93.3,"pub":true}},{"type":"Feature","geometry":{"type":"Point","coordinates":[-107.3267,38.5939]},"properties":{"s":93.3,"pub":true}},{"type":"Feature","geometry":{"type":"Point","coordinates":[-107.3267,38.5997]},"properties":{"s":93.3,"pub":true}},{"type":"Feature","geometry":{"type":"Point","coordinates":[-107.3267,38.6055]},"properties":{"s":93.3,"pub":true}},{"type":"Feature","geometry":{"type":"Point","coordinates":[-107.3267,38.6113]},"properties":{"s":93.3,"pub":true}},{"type":"Feature","geometry":{"type":"Point","coordinates":[-107.3267,38.6171]},"properties":{"s":53.3,"pub":true}},{"type":"Feature","geometry":{"type":"Point","coordinates":[-107.3267,38.6229]},"properties":{"s":53.3,"pub":true}},{"type":"Feature","geometry":{"type":"Point","coordinates":[-107.3267,38.6287]},"properties":{"s":53.3,"pub":true}},{"type":"Feature","geometry":{"type":"Point","coordinates":[-107.3267,38.6345]},"properties":{"s":53.3,"pub":true}},{"type":"Feature","geometry":{"type":"Point","coordinates":[-107.3267,38.6403]},"properties":{"s":53.3,"pub":true}},{"type":"Feature","geometry":{"type":"Point","coordinates":[-107.3267,38.6461]},"properties":{"s":53.3,"pub":true}},{"type":"Feature","geometry":{"type":"Point","coordinates":[-107.3267,38.6519]},"properties":{"s":53.3,"pub":true}},{"type":"Feature","geometry":{"type":"Point","coordinates":[-107.3267,38.6577]},"properties":{"s":93.3,"pub":true}},{"type":"Feature","geometry":{"type":"Point","coordinates":[-107.3267,38.6635]},"properties":{"s":93.3,"pub":true}},{"type":"Feature","geometry":{"type":"Point","coordinates":[-107.3267,38.6693]},"properties":{"s":90.0,"pub":true}},{"type":"Feature","geometry":{"type":"Point","coordinates":[-107.3267,38.6751]},"properties":{"s":86.7,"pub":true}},{"type":"Feature","geometry":{"type":"Point","coordinates":[-107.3267,38.6809]},"properties":{"s":86.7,"pub":true}},{"type":"Feature","geometry":{"type":"Point","coordinates":[-107.3267,38.6867]},"properties":{"s":86.7,"pub":true}},{"type":"Feature","geometry":{"type":"Point","coordinates":[-107.3267,38.6925]},"properties":{"s":86.7,"pub":true}},{"type":"Feature","geometry":{"type":"Point","coordinates":[-107.3267,38.6983]},"properties":{"s":86.7,"pub":true}},{"type":"Feature","geometry":{"type":"Point","coordinates":[-107.3267,38.7041]},"properties":{"s":86.7,"pub":true}},{"type":"Feature","geometry":{"type":"Point","coordinates":[-107.3267,38.7099]},"properties":{"s":86.7,"pub":true}},{"type":"Feature","geometry":{"type":"Point","coordinates":[-107.3192,38.4779]},"properties":{"s":53.3,"pub":false}},{"type":"Feature","geometry":{"type":"Point","coordinates":[-107.3192,38.4837]},"properties":{"s":53.3,"pub":false}},{"type":"Feature","geometry":{"type":"Point","coordinates":[-107.3192,38.4895]},"properties":{"s":60.0,"pub":false}},{"type":"Feature","geometry":{"type":"Point","coordinates":[-107.3192,38.4953]},"properties":{"s":60.0,"pub":false}},{"type":"Feature","geometry":{"type":"Point","coordinates":[-107.3192,38.5011]},"properties":{"s":60.0,"pub":false}},{"type":"Feature","geometry":{"type":"Point","coordinates":[-107.3192,38.5069]},"properties":{"s":60.0,"pub":false}},{"type":"Feature","geometry":{"type":"Point","coordinates":[-107.3192,38.5127]},"properties":{"s":60.0,"pub":false}},{"type":"Feature","geometry":{"type":"Point","coordinates":[-107.3192,38.5185]},"properties":{"s":60.0,"pub":true}},{"type":"Feature","geometry":{"type":"Point","coordinates":[-107.3192,38.5359]},"properties":{"s":60.0,"pub":true}},{"type":"Feature","geometry":{"type":"Point","coordinates":[-107.3192,38.5417]},"properties":{"s":60.0,"pub":true}},{"type":"Feature","geometry":{"type":"Point","coordinates":[-107.3192,38.5475]},"properties":{"s":53.3,"pub":true}},{"type":"Feature","geometry":{"type":"Point","coordinates":[-107.3192,38.5533]},"properties":{"s":53.3,"pub":true}},{"type":"Feature","geometry":{"type":"Point","coordinates":[-107.3192,38.5591]},"properties":{"s":53.3,"pub":true}},{"type":"Feature","geometry":{"type":"Point","coordinates":[-107.3192,38.5649]},"properties":{"s":53.3,"pub":true}},{"type":"Feature","geometry":{"type":"Point","coordinates":[-107.3192,38.5707]},"properties":{"s":53.3,"pub":true}},{"type":"Feature","geometry":{"type":"Point","coordinates":[-107.3192,38.5765]},"properties":{"s":53.3,"pub":true}},{"type":"Feature","geometry":{"type":"Point","coordinates":[-107.3192,38.5823]},"properties":{"s":93.3,"pub":true}},{"type":"Feature","geometry":{"type":"Point","coordinates":[-107.3192,38.5881]},"properties":{"s":93.3,"pub":true}},{"type":"Feature","geometry":{"type":"Point","coordinates":[-107.3192,38.5939]},"properties":{"s":93.3,"pub":true}},{"type":"Feature","geometry":{"type":"Point","coordinates":[-107.3192,38.5997]},"properties":{"s":93.3,"pub":true}},{"type":"Feature","geometry":{"type":"Point","coordinates":[-107.3192,38.6055]},"properties":{"s":93.3,"pub":true}},{"type":"Feature","geometry":{"type":"Point","coordinates":[-107.3192,38.6113]},"properties":{"s":93.3,"pub":true}},{"type":"Feature","geometry":{"type":"Point","coordinates":[-107.3192,38.6171]},"properties":{"s":93.3,"pub":true}},{"type":"Feature","geometry":{"type":"Point","coordinates":[-107.3192,38.6229]},"properties":{"s":93.3,"pub":true}},{"type":"Feature","geometry":{"type":"Point","coordinates":[-107.3192,38.6287]},"properties":{"s":93.3,"pub":true}},{"type":"Feature","geometry":{"type":"Point","coordinates":[-107.3192,38.6345]},"properties":{"s":53.3,"pub":true}},{"type":"Feature","geometry":{"type":"Point","coordinates":[-107.3192,38.6403]},"properties":{"s":93.3,"pub":true}},{"type":"Feature","geometry":{"type":"Point","coordinates":[-107.3192,38.6461]},"properties":{"s":53.3,"pub":true}},{"type":"Feature","geometry":{"type":"Point","coordinates":[-107.3192,38.6519]},"properties":{"s":93.3,"pub":true}},{"type":"Feature","geometry":{"type":"Point","coordinates":[-107.3192,38.6577]},"properties":{"s":93.3,"pub":true}},{"type":"Feature","geometry":{"type":"Point","coordinates":[-107.3192,38.6635]},"properties":{"s":93.3,"pub":true}},{"type":"Feature","geometry":{"type":"Point","coordinates":[-107.3192,38.6693]},"properties":{"s":90.0,"pub":true}},{"type":"Feature","geometry":{"type":"Point","coordinates":[-107.3192,38.6751]},"properties":{"s":90.0,"pub":true}},{"type":"Feature","geometry":{"type":"Point","coordinates":[-107.3192,38.6809]},"properties":{"s":90.0,"pub":true}},{"type":"Feature","geometry":{"type":"Point","coordinates":[-107.3192,38.6867]},"properties":{"s":90.0,"pub":true}},{"type":"Feature","geometry":{"type":"Point","coordinates":[-107.3192,38.6925]},"properties":{"s":90.0,"pub":true}},{"type":"Feature","geometry":{"type":"Point","coordinates":[-107.3192,38.6983]},"properties":{"s":90.0,"pub":true}},{"type":"Feature","geometry":{"type":"Point","coordinates":[-107.3192,38.7041]},"properties":{"s":90.0,"pub":true}},{"type":"Feature","geometry":{"type":"Point","coordinates":[-107.3192,38.7099]},"properties":{"s":86.7,"pub":true}},{"type":"Feature","geometry":{"type":"Point","coordinates":[-107.3192,38.7157]},"properties":{"s":60.0,"pub":true}},{"type":"Feature","geometry":{"type":"Point","coordinates":[-107.3117,38.5417]},"properties":{"s":60.0,"pub":true}},{"type":"Feature","geometry":{"type":"Point","coordinates":[-107.3117,38.5475]},"properties":{"s":60.0,"pub":true}},{"type":"Feature","geometry":{"type":"Point","coordinates":[-107.3117,38.5533]},"properties":{"s":53.3,"pub":true}},{"type":"Feature","geometry":{"type":"Point","coordinates":[-107.3117,38.5591]},"properties":{"s":53.3,"pub":true}},{"type":"Feature","geometry":{"type":"Point","coordinates":[-107.3117,38.5649]},"properties":{"s":53.3,"pub":true}},{"type":"Feature","geometry":{"type":"Point","coordinates":[-107.3117,38.5707]},"properties":{"s":53.3,"pub":true}},{"type":"Feature","geometry":{"type":"Point","coordinates":[-107.3117,38.5765]},"properties":{"s":53.3,"pub":true}},{"type":"Feature","geometry":{"type":"Point","coordinates":[-107.3117,38.5823]},"properties":{"s":53.3,"pub":true}},{"type":"Feature","geometry":{"type":"Point","coordinates":[-107.3117,38.5881]},"properties":{"s":53.3,"pub":true}},{"type":"Feature","geometry":{"type":"Point","coordinates":[-107.3117,38.5939]},"properties":{"s":66.7,"pub":true}},{"type":"Feature","geometry":{"type":"Point","coordinates":[-107.3117,38.5997]},"properties":{"s":93.3,"pub":true}},{"type":"Feature","geometry":{"type":"Point","coordinates":[-107.3117,38.6055]},"properties":{"s":93.3,"pub":true}},{"type":"Feature","geometry":{"type":"Point","coordinates":[-107.3117,38.6113]},"properties":{"s":93.3,"pub":true}},{"type":"Feature","geometry":{"type":"Point","coordinates":[-107.3117,38.6171]},"properties":{"s":66.7,"pub":true}},{"type":"Feature","geometry":{"type":"Point","coordinates":[-107.3117,38.6229]},"properties":{"s":66.7,"pub":true}},{"type":"Feature","geometry":{"type":"Point","coordinates":[-107.3117,38.6287]},"properties":{"s":66.7,"pub":true}},{"type":"Feature","geometry":{"type":"Point","coordinates":[-107.3117,38.6345]},"properties":{"s":93.3,"pub":true}},{"type":"Feature","geometry":{"type":"Point","coordinates":[-107.3117,38.6403]},"properties":{"s":93.3,"pub":true}},{"type":"Feature","geometry":{"type":"Point","coordinates":[-107.3117,38.6461]},"properties":{"s":93.3,"pub":true}},{"type":"Feature","geometry":{"type":"Point","coordinates":[-107.3117,38.6519]},"properties":{"s":93.3,"pub":true}},{"type":"Feature","geometry":{"type":"Point","coordinates":[-107.3117,38.6577]},"properties":{"s":93.3,"pub":true}},{"type":"Feature","geometry":{"type":"Point","coordinates":[-107.3117,38.6635]},"properties":{"s":93.3,"pub":true}},{"type":"Feature","geometry":{"type":"Point","coordinates":[-107.3117,38.6693]},"properties":{"s":93.3,"pub":true}},{"type":"Feature","geometry":{"type":"Point","coordinates":[-107.3117,38.6751]},"properties":{"s":90.0,"pub":true}},{"type":"Feature","geometry":{"type":"Point","coordinates":[-107.3117,38.6809]},"properties":{"s":90.0,"pub":true}},{"type":"Feature","geometry":{"type":"Point","coordinates":[-107.3117,38.6867]},"properties":{"s":90.0,"pub":true}},{"type":"Feature","geometry":{"type":"Point","coordinates":[-107.3117,38.6925]},"properties":{"s":90.0,"pub":true}},{"type":"Feature","geometry":{"type":"Point","coordinates":[-107.3117,38.6983]},"properties":{"s":90.0,"pub":true}},{"type":"Feature","geometry":{"type":"Point","coordinates":[-107.3117,38.7041]},"properties":{"s":90.0,"pub":true}},{"type":"Feature","geometry":{"type":"Point","coordinates":[-107.3117,38.7099]},"properties":{"s":90.0,"pub":true}},{"type":"Feature","geometry":{"type":"Point","coordinates":[-107.3117,38.7157]},"properties":{"s":63.3,"pub":true}},{"type":"Feature","geometry":{"type":"Point","coordinates":[-107.3042,38.5359]},"properties":{"s":60.0,"pub":true}},{"type":"Feature","geometry":{"type":"Point","coordinates":[-107.3042,38.5417]},"properties":{"s":60.0,"pub":true}},{"type":"Feature","geometry":{"type":"Point","coordinates":[-107.3042,38.5475]},"properties":{"s":60.0,"pub":true}},{"type":"Feature","geometry":{"type":"Point","coordinates":[-107.3042,38.5533]},"properties":{"s":53.3,"pub":true}},{"type":"Feature","geometry":{"type":"Point","coordinates":[-107.3042,38.5591]},"properties":{"s":53.3,"pub":true}},{"type":"Feature","geometry":{"type":"Point","coordinates":[-107.3042,38.5649]},"properties":{"s":53.3,"pub":true}},{"type":"Feature","geometry":{"type":"Point","coordinates":[-107.3042,38.5707]},"properties":{"s":53.3,"pub":true}},{"type":"Feature","geometry":{"type":"Point","coordinates":[-107.3042,38.5765]},"properties":{"s":53.3,"pub":true}},{"type":"Feature","geometry":{"type":"Point","coordinates":[-107.3042,38.5823]},"properties":{"s":53.3,"pub":true}},{"type":"Feature","geometry":{"type":"Point","coordinates":[-107.3042,38.6113]},"properties":{"s":66.7,"pub":true}},{"type":"Feature","geometry":{"type":"Point","coordinates":[-107.3042,38.6171]},"properties":{"s":66.7,"pub":true}},{"type":"Feature","geometry":{"type":"Point","coordinates":[-107.3042,38.6229]},"properties":{"s":66.7,"pub":true}},{"type":"Feature","geometry":{"type":"Point","coordinates":[-107.3042,38.6287]},"properties":{"s":66.7,"pub":true}},{"type":"Feature","geometry":{"type":"Point","coordinates":[-107.3042,38.6345]},"properties":{"s":66.7,"pub":true}},{"type":"Feature","geometry":{"type":"Point","coordinates":[-107.3042,38.6403]},"properties":{"s":66.7,"pub":true}},{"type":"Feature","geometry":{"type":"Point","coordinates":[-107.3042,38.6461]},"properties":{"s":93.3,"pub":true}},{"type":"Feature","geometry":{"type":"Point","coordinates":[-107.3042,38.6519]},"properties":{"s":93.3,"pub":true}},{"type":"Feature","geometry":{"type":"Point","coordinates":[-107.3042,38.6577]},"properties":{"s":93.3,"pub":true}},{"type":"Feature","geometry":{"type":"Point","coordinates":[-107.3042,38.6635]},"properties":{"s":93.3,"pub":true}},{"type":"Feature","geometry":{"type":"Point","coordinates":[-107.3042,38.6693]},"properties":{"s":93.3,"pub":true}},{"type":"Feature","geometry":{"type":"Point","coordinates":[-107.3042,38.6751]},"properties":{"s":90.0,"pub":true}},{"type":"Feature","geometry":{"type":"Point","coordinates":[-107.3042,38.6809]},"properties":{"s":90.0,"pub":true}},{"type":"Feature","geometry":{"type":"Point","coordinates":[-107.3042,38.6867]},"properties":{"s":90.0,"pub":true}},{"type":"Feature","geometry":{"type":"Point","coordinates":[-107.3042,38.6925]},"properties":{"s":90.0,"pub":true}},{"type":"Feature","geometry":{"type":"Point","coordinates":[-107.3042,38.6983]},"properties":{"s":90.0,"pub":true}},{"type":"Feature","geometry":{"type":"Point","coordinates":[-107.3042,38.7041]},"properties":{"s":90.0,"pub":true}},{"type":"Feature","geometry":{"type":"Point","coordinates":[-107.3042,38.7099]},"properties":{"s":90.0,"pub":true}},{"type":"Feature","geometry":{"type":"Point","coordinates":[-107.3042,38.7157]},"properties":{"s":63.3,"pub":true}},{"type":"Feature","geometry":{"type":"Point","coordinates":[-107.3042,38.7215]},"properties":{"s":63.3,"pub":true}},{"type":"Feature","geometry":{"type":"Point","coordinates":[-107.2967,38.5359]},"properties":{"s":53.3,"pub":true}},{"type":"Feature","geometry":{"type":"Point","coordinates":[-107.2967,38.5417]},"properties":{"s":53.3,"pub":true}},{"type":"Feature","geometry":{"type":"Point","coordinates":[-107.2967,38.5475]},"properties":{"s":53.3,"pub":true}},{"type":"Feature","geometry":{"type":"Point","coordinates":[-107.2967,38.5533]},"properties":{"s":53.3,"pub":true}},{"type":"Feature","geometry":{"type":"Point","coordinates":[-107.2967,38.5591]},"properties":{"s":53.3,"pub":true}},{"type":"Feature","geometry":{"type":"Point","coordinates":[-107.2967,38.5649]},"properties":{"s":53.3,"pub":true}},{"type":"Feature","geometry":{"type":"Point","coordinates":[-107.2967,38.5707]},"properties":{"s":53.3,"pub":true}},{"type":"Feature","geometry":{"type":"Point","coordinates":[-107.2967,38.5765]},"properties":{"s":53.3,"pub":true}},{"type":"Feature","geometry":{"type":"Point","coordinates":[-107.2967,38.5823]},"properties":{"s":53.3,"pub":true}},{"type":"Feature","geometry":{"type":"Point","coordinates":[-107.2967,38.6229]},"properties":{"s":66.7,"pub":true}},{"type":"Feature","geometry":{"type":"Point","coordinates":[-107.2967,38.6287]},"properties":{"s":66.7,"pub":true}},{"type":"Feature","geometry":{"type":"Point","coordinates":[-107.2967,38.6345]},"properties":{"s":66.7,"pub":true}},{"type":"Feature","geometry":{"type":"Point","coordinates":[-107.2967,38.6403]},"properties":{"s":66.7,"pub":true}},{"type":"Feature","geometry":{"type":"Point","coordinates":[-107.2967,38.6461]},"properties":{"s":66.7,"pub":true}},{"type":"Feature","geometry":{"type":"Point","coordinates":[-107.2967,38.6519]},"properties":{"s":93.3,"pub":true}},{"type":"Feature","geometry":{"type":"Point","coordinates":[-107.2967,38.6577]},"properties":{"s":93.3,"pub":true}},{"type":"Feature","geometry":{"type":"Point","coordinates":[-107.2967,38.6635]},"properties":{"s":93.3,"pub":true}},{"type":"Feature","geometry":{"type":"Point","coordinates":[-107.2967,38.6693]},"properties":{"s":93.3,"pub":true}},{"type":"Feature","geometry":{"type":"Point","coordinates":[-107.2967,38.6751]},"properties":{"s":90.0,"pub":true}},{"type":"Feature","geometry":{"type":"Point","coordinates":[-107.2967,38.6809]},"properties":{"s":90.0,"pub":true}},{"type":"Feature","geometry":{"type":"Point","coordinates":[-107.2967,38.6867]},"properties":{"s":90.0,"pub":true}},{"type":"Feature","geometry":{"type":"Point","coordinates":[-107.2967,38.6925]},"properties":{"s":90.0,"pub":true}},{"type":"Feature","geometry":{"type":"Point","coordinates":[-107.2967,38.6983]},"properties":{"s":90.0,"pub":true}},{"type":"Feature","geometry":{"type":"Point","coordinates":[-107.2967,38.7041]},"properties":{"s":90.0,"pub":true}},{"type":"Feature","geometry":{"type":"Point","coordinates":[-107.2967,38.7099]},"properties":{"s":90.0,"pub":true}},{"type":"Feature","geometry":{"type":"Point","coordinates":[-107.2967,38.7157]},"properties":{"s":63.3,"pub":true}},{"type":"Feature","geometry":{"type":"Point","coordinates":[-107.2967,38.7215]},"properties":{"s":63.3,"pub":true}},{"type":"Feature","geometry":{"type":"Point","coordinates":[-107.2967,38.7273]},"properties":{"s":63.3,"pub":true}},{"type":"Feature","geometry":{"type":"Point","coordinates":[-107.2892,38.5243]},"properties":{"s":60.0,"pub":true}},{"type":"Feature","geometry":{"type":"Point","coordinates":[-107.2892,38.5301]},"properties":{"s":53.3,"pub":true}},{"type":"Feature","geometry":{"type":"Point","coordinates":[-107.2892,38.5359]},"properties":{"s":53.3,"pub":true}},{"type":"Feature","geometry":{"type":"Point","coordinates":[-107.2892,38.5417]},"properties":{"s":53.3,"pub":true}},{"type":"Feature","geometry":{"type":"Point","coordinates":[-107.2892,38.5475]},"properties":{"s":53.3,"pub":true}},{"type":"Feature","geometry":{"type":"Point","coordinates":[-107.2892,38.5533]},"properties":{"s":53.3,"pub":true}},{"type":"Feature","geometry":{"type":"Point","coordinates":[-107.2892,38.5591]},"properties":{"s":53.3,"pub":true}},{"type":"Feature","geometry":{"type":"Point","coordinates":[-107.2892,38.5649]},"properties":{"s":53.3,"pub":true}},{"type":"Feature","geometry":{"type":"Point","coordinates":[-107.2892,38.5707]},"properties":{"s":53.3,"pub":true}},{"type":"Feature","geometry":{"type":"Point","coordinates":[-107.2892,38.5765]},"properties":{"s":53.3,"pub":true}},{"type":"Feature","geometry":{"type":"Point","coordinates":[-107.2892,38.5823]},"properties":{"s":53.3,"pub":true}},{"type":"Feature","geometry":{"type":"Point","coordinates":[-107.2892,38.6287]},"properties":{"s":63.3,"pub":true}},{"type":"Feature","geometry":{"type":"Point","coordinates":[-107.2892,38.6345]},"properties":{"s":63.3,"pub":true}},{"type":"Feature","geometry":{"type":"Point","coordinates":[-107.2892,38.6403]},"properties":{"s":63.3,"pub":true}},{"type":"Feature","geometry":{"type":"Point","coordinates":[-107.2892,38.6461]},"properties":{"s":66.7,"pub":true}},{"type":"Feature","geometry":{"type":"Point","coordinates":[-107.2892,38.6519]},"properties":{"s":63.3,"pub":true}},{"type":"Feature","geometry":{"type":"Point","coordinates":[-107.2892,38.6577]},"properties":{"s":63.3,"pub":true}},{"type":"Feature","geometry":{"type":"Point","coordinates":[-107.2892,38.6635]},"properties":{"s":93.3,"pub":true}},{"type":"Feature","geometry":{"type":"Point","coordinates":[-107.2892,38.6693]},"properties":{"s":93.3,"pub":true}},{"type":"Feature","geometry":{"type":"Point","coordinates":[-107.2892,38.6751]},"properties":{"s":90.0,"pub":true}},{"type":"Feature","geometry":{"type":"Point","coordinates":[-107.2892,38.6809]},"properties":{"s":90.0,"pub":true}},{"type":"Feature","geometry":{"type":"Point","coordinates":[-107.2892,38.6867]},"properties":{"s":90.0,"pub":true}},{"type":"Feature","geometry":{"type":"Point","coordinates":[-107.2892,38.6925]},"properties":{"s":90.0,"pub":true}},{"type":"Feature","geometry":{"type":"Point","coordinates":[-107.2892,38.6983]},"properties":{"s":90.0,"pub":true}},{"type":"Feature","geometry":{"type":"Point","coordinates":[-107.2892,38.7041]},"properties":{"s":90.0,"pub":true}},{"type":"Feature","geometry":{"type":"Point","coordinates":[-107.2892,38.7099]},"properties":{"s":90.0,"pub":true}},{"type":"Feature","geometry":{"type":"Point","coordinates":[-107.2892,38.7157]},"properties":{"s":90.0,"pub":true}},{"type":"Feature","geometry":{"type":"Point","coordinates":[-107.2892,38.7215]},"properties":{"s":63.3,"pub":true}},{"type":"Feature","geometry":{"type":"Point","coordinates":[-107.2892,38.7273]},"properties":{"s":63.3,"pub":true}},{"type":"Feature","geometry":{"type":"Point","coordinates":[-107.2817,38.5185]},"properties":{"s":60.0,"pub":true}},{"type":"Feature","geometry":{"type":"Point","coordinates":[-107.2817,38.5243]},"properties":{"s":53.3,"pub":true}},{"type":"Feature","geometry":{"type":"Point","coordinates":[-107.2817,38.5301]},"properties":{"s":53.3,"pub":true}},{"type":"Feature","geometry":{"type":"Point","coordinates":[-107.2817,38.5359]},"properties":{"s":53.3,"pub":true}},{"type":"Feature","geometry":{"type":"Point","coordinates":[-107.2817,38.5417]},"properties":{"s":53.3,"pub":true}},{"type":"Feature","geometry":{"type":"Point","coordinates":[-107.2817,38.5475]},"properties":{"s":53.3,"pub":true}},{"type":"Feature","geometry":{"type":"Point","coordinates":[-107.2817,38.5533]},"properties":{"s":53.3,"pub":true}},{"type":"Feature","geometry":{"type":"Point","coordinates":[-107.2817,38.5591]},"properties":{"s":53.3,"pub":true}},{"type":"Feature","geometry":{"type":"Point","coordinates":[-107.2817,38.5649]},"properties":{"s":53.3,"pub":true}},{"type":"Feature","geometry":{"type":"Point","coordinates":[-107.2817,38.5707]},"properties":{"s":53.3,"pub":true}},{"type":"Feature","geometry":{"type":"Point","coordinates":[-107.2817,38.5765]},"properties":{"s":53.3,"pub":true}},{"type":"Feature","geometry":{"type":"Point","coordinates":[-107.2817,38.6287]},"properties":{"s":63.3,"pub":true}},{"type":"Feature","geometry":{"type":"Point","coordinates":[-107.2817,38.6345]},"properties":{"s":63.3,"pub":true}},{"type":"Feature","geometry":{"type":"Point","coordinates":[-107.2817,38.6403]},"properties":{"s":63.3,"pub":true}},{"type":"Feature","geometry":{"type":"Point","coordinates":[-107.2817,38.6461]},"properties":{"s":63.3,"pub":true}},{"type":"Feature","geometry":{"type":"Point","coordinates":[-107.2817,38.6519]},"properties":{"s":63.3,"pub":true}},{"type":"Feature","geometry":{"type":"Point","coordinates":[-107.2817,38.6577]},"properties":{"s":63.3,"pub":true}},{"type":"Feature","geometry":{"type":"Point","coordinates":[-107.2817,38.6635]},"properties":{"s":63.3,"pub":true}},{"type":"Feature","geometry":{"type":"Point","coordinates":[-107.2817,38.6693]},"properties":{"s":90.0,"pub":true}},{"type":"Feature","geometry":{"type":"Point","coordinates":[-107.2817,38.6751]},"properties":{"s":90.0,"pub":true}},{"type":"Feature","geometry":{"type":"Point","coordinates":[-107.2817,38.6809]},"properties":{"s":90.0,"pub":true}},{"type":"Feature","geometry":{"type":"Point","coordinates":[-107.2817,38.6867]},"properties":{"s":90.0,"pub":true}},{"type":"Feature","geometry":{"type":"Point","coordinates":[-107.2817,38.6925]},"properties":{"s":90.0,"pub":true}},{"type":"Feature","geometry":{"type":"Point","coordinates":[-107.2817,38.6983]},"properties":{"s":90.0,"pub":true}},{"type":"Feature","geometry":{"type":"Point","coordinates":[-107.2817,38.7041]},"properties":{"s":90.0,"pub":true}},{"type":"Feature","geometry":{"type":"Point","coordinates":[-107.2817,38.7099]},"properties":{"s":90.0,"pub":true}},{"type":"Feature","geometry":{"type":"Point","coordinates":[-107.2817,38.7157]},"properties":{"s":90.0,"pub":true}},{"type":"Feature","geometry":{"type":"Point","coordinates":[-107.2817,38.7215]},"properties":{"s":63.3,"pub":true}},{"type":"Feature","geometry":{"type":"Point","coordinates":[-107.2817,38.7273]},"properties":{"s":63.3,"pub":true}},{"type":"Feature","geometry":{"type":"Point","coordinates":[-107.2817,38.7331]},"properties":{"s":63.3,"pub":true}},{"type":"Feature","geometry":{"type":"Point","coordinates":[-107.2742,38.5127]},"properties":{"s":60.0,"pub":true}},{"type":"Feature","geometry":{"type":"Point","coordinates":[-107.2742,38.5185]},"properties":{"s":60.0,"pub":true}},{"type":"Feature","geometry":{"type":"Point","coordinates":[-107.2742,38.5243]},"properties":{"s":53.3,"pub":true}},{"type":"Feature","geometry":{"type":"Point","coordinates":[-107.2742,38.5301]},"properties":{"s":53.3,"pub":true}},{"type":"Feature","geometry":{"type":"Point","coordinates":[-107.2742,38.5359]},"properties":{"s":53.3,"pub":true}},{"type":"Feature","geometry":{"type":"Point","coordinates":[-107.2742,38.5417]},"properties":{"s":53.3,"pub":true}},{"type":"Feature","geometry":{"type":"Point","coordinates":[-107.2742,38.5475]},"properties":{"s":53.3,"pub":true}},{"type":"Feature","geometry":{"type":"Point","coordinates":[-107.2742,38.5533]},"properties":{"s":53.3,"pub":true}},{"type":"Feature","geometry":{"type":"Point","coordinates":[-107.2742,38.5591]},"properties":{"s":53.3,"pub":true}},{"type":"Feature","geometry":{"type":"Point","coordinates":[-107.2742,38.5649]},"properties":{"s":53.3,"pub":true}},{"type":"Feature","geometry":{"type":"Point","coordinates":[-107.2742,38.5707]},"properties":{"s":53.3,"pub":true}},{"type":"Feature","geometry":{"type":"Point","coordinates":[-107.2742,38.6345]},"properties":{"s":63.3,"pub":true}},{"type":"Feature","geometry":{"type":"Point","coordinates":[-107.2742,38.6403]},"properties":{"s":63.3,"pub":true}},{"type":"Feature","geometry":{"type":"Point","coordinates":[-107.2742,38.6461]},"properties":{"s":63.3,"pub":true}},{"type":"Feature","geometry":{"type":"Point","coordinates":[-107.2742,38.6519]},"properties":{"s":63.3,"pub":true}},{"type":"Feature","geometry":{"type":"Point","coordinates":[-107.2742,38.6577]},"properties":{"s":63.3,"pub":true}},{"type":"Feature","geometry":{"type":"Point","coordinates":[-107.2742,38.6635]},"properties":{"s":63.3,"pub":true}},{"type":"Feature","geometry":{"type":"Point","coordinates":[-107.2742,38.6693]},"properties":{"s":63.3,"pub":true}},{"type":"Feature","geometry":{"type":"Point","coordinates":[-107.2742,38.6751]},"properties":{"s":90.0,"pub":true}},{"type":"Feature","geometry":{"type":"Point","coordinates":[-107.2742,38.6809]},"properties":{"s":90.0,"pub":true}},{"type":"Feature","geometry":{"type":"Point","coordinates":[-107.2742,38.6867]},"properties":{"s":90.0,"pub":true}},{"type":"Feature","geometry":{"type":"Point","coordinates":[-107.2742,38.6925]},"properties":{"s":90.0,"pub":true}},{"type":"Feature","geometry":{"type":"Point","coordinates":[-107.2742,38.6983]},"properties":{"s":90.0,"pub":true}},{"type":"Feature","geometry":{"type":"Point","coordinates":[-107.2742,38.7041]},"properties":{"s":90.0,"pub":true}},{"type":"Feature","geometry":{"type":"Point","coordinates":[-107.2742,38.7099]},"properties":{"s":90.0,"pub":true}},{"type":"Feature","geometry":{"type":"Point","coordinates":[-107.2742,38.7157]},"properties":{"s":90.0,"pub":true}},{"type":"Feature","geometry":{"type":"Point","coordinates":[-107.2742,38.7215]},"properties":{"s":90.0,"pub":true}},{"type":"Feature","geometry":{"type":"Point","coordinates":[-107.2742,38.7273]},"properties":{"s":63.3,"pub":true}},{"type":"Feature","geometry":{"type":"Point","coordinates":[-107.2742,38.7331]},"properties":{"s":63.3,"pub":true}},{"type":"Feature","geometry":{"type":"Point","coordinates":[-107.2667,38.5127]},"properties":{"s":60.0,"pub":true}},{"type":"Feature","geometry":{"type":"Point","coordinates":[-107.2667,38.5185]},"properties":{"s":60.0,"pub":true}},{"type":"Feature","geometry":{"type":"Point","coordinates":[-107.2667,38.5243]},"properties":{"s":60.0,"pub":true}},{"type":"Feature","geometry":{"type":"Point","coordinates":[-107.2667,38.5301]},"properties":{"s":53.3,"pub":true}},{"type":"Feature","geometry":{"type":"Point","coordinates":[-107.2667,38.5359]},"properties":{"s":53.3,"pub":true}},{"type":"Feature","geometry":{"type":"Point","coordinates":[-107.2667,38.5417]},"properties":{"s":53.3,"pub":true}},{"type":"Feature","geometry":{"type":"Point","coordinates":[-107.2667,38.5475]},"properties":{"s":53.3,"pub":true}},{"type":"Feature","geometry":{"type":"Point","coordinates":[-107.2667,38.5533]},"properties":{"s":53.3,"pub":true}},{"type":"Feature","geometry":{"type":"Point","coordinates":[-107.2667,38.5591]},"properties":{"s":53.3,"pub":true}},{"type":"Feature","geometry":{"type":"Point","coordinates":[-107.2667,38.5649]},"properties":{"s":53.3,"pub":true}},{"type":"Feature","geometry":{"type":"Point","coordinates":[-107.2667,38.5707]},"properties":{"s":53.3,"pub":true}},{"type":"Feature","geometry":{"type":"Point","coordinates":[-107.2667,38.6403]},"properties":{"s":63.3,"pub":true}},{"type":"Feature","geometry":{"type":"Point","coordinates":[-107.2667,38.6461]},"properties":{"s":63.3,"pub":true}},{"type":"Feature","geometry":{"type":"Point","coordinates":[-107.2667,38.6519]},"properties":{"s":63.3,"pub":true}},{"type":"Feature","geometry":{"type":"Point","coordinates":[-107.2667,38.6577]},"properties":{"s":63.3,"pub":true}},{"type":"Feature","geometry":{"type":"Point","coordinates":[-107.2667,38.6635]},"properties":{"s":63.3,"pub":true}},{"type":"Feature","geometry":{"type":"Point","coordinates":[-107.2667,38.6693]},"properties":{"s":63.3,"pub":true}},{"type":"Feature","geometry":{"type":"Point","coordinates":[-107.2667,38.6751]},"properties":{"s":63.3,"pub":true}},{"type":"Feature","geometry":{"type":"Point","coordinates":[-107.2667,38.6809]},"properties":{"s":90.0,"pub":true}},{"type":"Feature","geometry":{"type":"Point","coordinates":[-107.2667,38.6867]},"properties":{"s":90.0,"pub":true}},{"type":"Feature","geometry":{"type":"Point","coordinates":[-107.2667,38.6925]},"properties":{"s":90.0,"pub":true}},{"type":"Feature","geometry":{"type":"Point","coordinates":[-107.2667,38.6983]},"properties":{"s":90.0,"pub":true}},{"type":"Feature","geometry":{"type":"Point","coordinates":[-107.2667,38.7041]},"properties":{"s":90.0,"pub":true}},{"type":"Feature","geometry":{"type":"Point","coordinates":[-107.2667,38.7099]},"properties":{"s":90.0,"pub":true}},{"type":"Feature","geometry":{"type":"Point","coordinates":[-107.2667,38.7157]},"properties":{"s":90.0,"pub":true}},{"type":"Feature","geometry":{"type":"Point","coordinates":[-107.2667,38.7215]},"properties":{"s":90.0,"pub":true}},{"type":"Feature","geometry":{"type":"Point","coordinates":[-107.2667,38.7273]},"properties":{"s":63.3,"pub":true}},{"type":"Feature","geometry":{"type":"Point","coordinates":[-107.2667,38.7331]},"properties":{"s":63.3,"pub":true}},{"type":"Feature","geometry":{"type":"Point","coordinates":[-107.2667,38.7389]},"properties":{"s":63.3,"pub":true}},{"type":"Feature","geometry":{"type":"Point","coordinates":[-107.2592,38.5069]},"properties":{"s":60.0,"pub":true}},{"type":"Feature","geometry":{"type":"Point","coordinates":[-107.2592,38.5127]},"properties":{"s":60.0,"pub":true}},{"type":"Feature","geometry":{"type":"Point","coordinates":[-107.2592,38.5185]},"properties":{"s":60.0,"pub":true}},{"type":"Feature","geometry":{"type":"Point","coordinates":[-107.2592,38.5243]},"properties":{"s":60.0,"pub":true}},{"type":"Feature","geometry":{"type":"Point","coordinates":[-107.2592,38.5301]},"properties":{"s":60.0,"pub":true}},{"type":"Feature","geometry":{"type":"Point","coordinates":[-107.2592,38.5359]},"properties":{"s":60.0,"pub":true}},{"type":"Feature","geometry":{"type":"Point","coordinates":[-107.2592,38.5417]},"properties":{"s":60.0,"pub":true}},{"type":"Feature","geometry":{"type":"Point","coordinates":[-107.2592,38.5475]},"properties":{"s":53.3,"pub":true}},{"type":"Feature","geometry":{"type":"Point","coordinates":[-107.2592,38.5533]},"properties":{"s":53.3,"pub":true}},{"type":"Feature","geometry":{"type":"Point","coordinates":[-107.2592,38.5591]},"properties":{"s":53.3,"pub":true}},{"type":"Feature","geometry":{"type":"Point","coordinates":[-107.2592,38.5649]},"properties":{"s":53.3,"pub":true}},{"type":"Feature","geometry":{"type":"Point","coordinates":[-107.2592,38.5707]},"properties":{"s":53.3,"pub":true}},{"type":"Feature","geometry":{"type":"Point","coordinates":[-107.2592,38.6461]},"properties":{"s":63.3,"pub":true}},{"type":"Feature","geometry":{"type":"Point","coordinates":[-107.2592,38.6519]},"properties":{"s":63.3,"pub":true}},{"type":"Feature","geometry":{"type":"Point","coordinates":[-107.2592,38.6577]},"properties":{"s":63.3,"pub":true}},{"type":"Feature","geometry":{"type":"Point","coordinates":[-107.2592,38.6635]},"properties":{"s":63.3,"pub":true}},{"type":"Feature","geometry":{"type":"Point","coordinates":[-107.2592,38.6693]},"properties":{"s":63.3,"pub":true}},{"type":"Feature","geometry":{"type":"Point","coordinates":[-107.2592,38.6751]},"properties":{"s":63.3,"pub":true}},{"type":"Feature","geometry":{"type":"Point","coordinates":[-107.2592,38.6809]},"properties":{"s":90.0,"pub":true}},{"type":"Feature","geometry":{"type":"Point","coordinates":[-107.2592,38.6867]},"properties":{"s":90.0,"pub":true}},{"type":"Feature","geometry":{"type":"Point","coordinates":[-107.2592,38.6925]},"properties":{"s":90.0,"pub":true}},{"type":"Feature","geometry":{"type":"Point","coordinates":[-107.2592,38.6983]},"properties":{"s":90.0,"pub":true}},{"type":"Feature","geometry":{"type":"Point","coordinates":[-107.2592,38.7041]},"properties":{"s":90.0,"pub":true}},{"type":"Feature","geometry":{"type":"Point","coordinates":[-107.2592,38.7099]},"properties":{"s":90.0,"pub":true}},{"type":"Feature","geometry":{"type":"Point","coordinates":[-107.2592,38.7157]},"properties":{"s":90.0,"pub":true}},{"type":"Feature","geometry":{"type":"Point","coordinates":[-107.2592,38.7215]},"properties":{"s":90.0,"pub":true}},{"type":"Feature","geometry":{"type":"Point","coordinates":[-107.2592,38.7273]},"properties":{"s":90.0,"pub":true}},{"type":"Feature","geometry":{"type":"Point","coordinates":[-107.2592,38.7331]},"properties":{"s":63.3,"pub":true}},{"type":"Feature","geometry":{"type":"Point","coordinates":[-107.2592,38.7389]},"properties":{"s":63.3,"pub":true}},{"type":"Feature","geometry":{"type":"Point","coordinates":[-107.2517,38.5069]},"properties":{"s":60.0,"pub":true}},{"type":"Feature","geometry":{"type":"Point","coordinates":[-107.2517,38.5127]},"properties":{"s":60.0,"pub":true}},{"type":"Feature","geometry":{"type":"Point","coordinates":[-107.2517,38.5185]},"properties":{"s":60.0,"pub":true}},{"type":"Feature","geometry":{"type":"Point","coordinates":[-107.2517,38.5243]},"properties":{"s":60.0,"pub":true}},{"type":"Feature","geometry":{"type":"Point","coordinates":[-107.2517,38.5301]},"properties":{"s":60.0,"pub":true}},{"type":"Feature","geometry":{"type":"Point","coordinates":[-107.2517,38.5359]},"properties":{"s":53.3,"pub":true}},{"type":"Feature","geometry":{"type":"Point","coordinates":[-107.2517,38.5417]},"properties":{"s":53.3,"pub":true}},{"type":"Feature","geometry":{"type":"Point","coordinates":[-107.2517,38.5475]},"properties":{"s":53.3,"pub":true}},{"type":"Feature","geometry":{"type":"Point","coordinates":[-107.2517,38.5533]},"properties":{"s":60.0,"pub":true}},{"type":"Feature","geometry":{"type":"Point","coordinates":[-107.2517,38.5591]},"properties":{"s":53.3,"pub":true}},{"type":"Feature","geometry":{"type":"Point","coordinates":[-107.2517,38.5649]},"properties":{"s":53.3,"pub":true}},{"type":"Feature","geometry":{"type":"Point","coordinates":[-107.2517,38.5707]},"properties":{"s":53.3,"pub":true}},{"type":"Feature","geometry":{"type":"Point","coordinates":[-107.2517,38.6461]},"properties":{"s":63.3,"pub":true}},{"type":"Feature","geometry":{"type":"Point","coordinates":[-107.2517,38.6519]},"properties":{"s":63.3,"pub":true}},{"type":"Feature","geometry":{"type":"Point","coordinates":[-107.2517,38.6577]},"properties":{"s":63.3,"pub":true}},{"type":"Feature","geometry":{"type":"Point","coordinates":[-107.2517,38.6635]},"properties":{"s":63.3,"pub":true}},{"type":"Feature","geometry":{"type":"Point","coordinates":[-107.2517,38.6693]},"properties":{"s":63.3,"pub":true}},{"type":"Feature","geometry":{"type":"Point","coordinates":[-107.2517,38.6751]},"properties":{"s":63.3,"pub":true}},{"type":"Feature","geometry":{"type":"Point","coordinates":[-107.2517,38.6809]},"properties":{"s":90.0,"pub":true}},{"type":"Feature","geometry":{"type":"Point","coordinates":[-107.2517,38.6867]},"properties":{"s":90.0,"pub":true}},{"type":"Feature","geometry":{"type":"Point","coordinates":[-107.2517,38.6925]},"properties":{"s":90.0,"pub":true}},{"type":"Feature","geometry":{"type":"Point","coordinates":[-107.2517,38.6983]},"properties":{"s":90.0,"pub":true}},{"type":"Feature","geometry":{"type":"Point","coordinates":[-107.2517,38.7041]},"properties":{"s":90.0,"pub":true}},{"type":"Feature","geometry":{"type":"Point","coordinates":[-107.2517,38.7099]},"properties":{"s":90.0,"pub":true}},{"type":"Feature","geometry":{"type":"Point","coordinates":[-107.2517,38.7157]},"properties":{"s":90.0,"pub":true}},{"type":"Feature","geometry":{"type":"Point","coordinates":[-107.2517,38.7215]},"properties":{"s":90.0,"pub":true}},{"type":"Feature","geometry":{"type":"Point","coordinates":[-107.2517,38.7273]},"properties":{"s":90.0,"pub":true}},{"type":"Feature","geometry":{"type":"Point","coordinates":[-107.2517,38.7331]},"properties":{"s":90.0,"pub":true}},{"type":"Feature","geometry":{"type":"Point","coordinates":[-107.2517,38.7389]},"properties":{"s":90.0,"pub":true}},{"type":"Feature","geometry":{"type":"Point","coordinates":[-107.2517,38.7447]},"properties":{"s":63.3,"pub":true}},{"type":"Feature","geometry":{"type":"Point","coordinates":[-107.2517,38.7505]},"properties":{"s":90.0,"pub":true}},{"type":"Feature","geometry":{"type":"Point","coordinates":[-107.2442,38.5069]},"properties":{"s":60.0,"pub":true}},{"type":"Feature","geometry":{"type":"Point","coordinates":[-107.2442,38.5127]},"properties":{"s":60.0,"pub":true}},{"type":"Feature","geometry":{"type":"Point","coordinates":[-107.2442,38.5185]},"properties":{"s":60.0,"pub":true}},{"type":"Feature","geometry":{"type":"Point","coordinates":[-107.2442,38.5243]},"properties":{"s":60.0,"pub":true}},{"type":"Feature","geometry":{"type":"Point","coordinates":[-107.2442,38.5301]},"properties":{"s":60.0,"pub":true}},{"type":"Feature","geometry":{"type":"Point","coordinates":[-107.2442,38.5359]},"properties":{"s":53.3,"pub":true}},{"type":"Feature","geometry":{"type":"Point","coordinates":[-107.2442,38.5417]},"properties":{"s":53.3,"pub":true}},{"type":"Feature","geometry":{"type":"Point","coordinates":[-107.2442,38.5475]},"properties":{"s":53.3,"pub":true}},{"type":"Feature","geometry":{"type":"Point","coordinates":[-107.2442,38.5533]},"properties":{"s":53.3,"pub":true}},{"type":"Feature","geometry":{"type":"Point","coordinates":[-107.2442,38.5591]},"properties":{"s":53.3,"pub":true}},{"type":"Feature","geometry":{"type":"Point","coordinates":[-107.2442,38.5649]},"properties":{"s":53.3,"pub":true}},{"type":"Feature","geometry":{"type":"Point","coordinates":[-107.2442,38.5707]},"properties":{"s":53.3,"pub":true}},{"type":"Feature","geometry":{"type":"Point","coordinates":[-107.2442,38.5765]},"properties":{"s":53.3,"pub":true}},{"type":"Feature","geometry":{"type":"Point","coordinates":[-107.2442,38.6461]},"properties":{"s":63.3,"pub":true}},{"type":"Feature","geometry":{"type":"Point","coordinates":[-107.2442,38.6519]},"properties":{"s":63.3,"pub":true}},{"type":"Feature","geometry":{"type":"Point","coordinates":[-107.2442,38.6577]},"properties":{"s":63.3,"pub":true}},{"type":"Feature","geometry":{"type":"Point","coordinates":[-107.2442,38.6635]},"properties":{"s":63.3,"pub":true}},{"type":"Feature","geometry":{"type":"Point","coordinates":[-107.2442,38.6693]},"properties":{"s":63.3,"pub":true}},{"type":"Feature","geometry":{"type":"Point","coordinates":[-107.2442,38.6751]},"properties":{"s":63.3,"pub":true}},{"type":"Feature","geometry":{"type":"Point","coordinates":[-107.2442,38.6809]},"properties":{"s":63.3,"pub":true}},{"type":"Feature","geometry":{"type":"Point","coordinates":[-107.2442,38.6867]},"properties":{"s":90.0,"pub":true}},{"type":"Feature","geometry":{"type":"Point","coordinates":[-107.2442,38.6925]},"properties":{"s":90.0,"pub":true}},{"type":"Feature","geometry":{"type":"Point","coordinates":[-107.2442,38.6983]},"properties":{"s":90.0,"pub":true}},{"type":"Feature","geometry":{"type":"Point","coordinates":[-107.2442,38.7041]},"properties":{"s":90.0,"pub":true}},{"type":"Feature","geometry":{"type":"Point","coordinates":[-107.2442,38.7099]},"properties":{"s":90.0,"pub":true}},{"type":"Feature","geometry":{"type":"Point","coordinates":[-107.2442,38.7157]},"properties":{"s":90.0,"pub":true}},{"type":"Feature","geometry":{"type":"Point","coordinates":[-107.2442,38.7215]},"properties":{"s":90.0,"pub":true}},{"type":"Feature","geometry":{"type":"Point","coordinates":[-107.2442,38.7273]},"properties":{"s":90.0,"pub":true}},{"type":"Feature","geometry":{"type":"Point","coordinates":[-107.2442,38.7331]},"properties":{"s":90.0,"pub":true}},{"type":"Feature","geometry":{"type":"Point","coordinates":[-107.2442,38.7389]},"properties":{"s":90.0,"pub":true}},{"type":"Feature","geometry":{"type":"Point","coordinates":[-107.2442,38.7447]},"properties":{"s":90.0,"pub":true}},{"type":"Feature","geometry":{"type":"Point","coordinates":[-107.2442,38.7505]},"properties":{"s":63.3,"pub":true}},{"type":"Feature","geometry":{"type":"Point","coordinates":[-107.2367,38.5127]},"properties":{"s":60.0,"pub":true}},{"type":"Feature","geometry":{"type":"Point","coordinates":[-107.2367,38.5185]},"properties":{"s":60.0,"pub":true}},{"type":"Feature","geometry":{"type":"Point","coordinates":[-107.2367,38.5243]},"properties":{"s":60.0,"pub":true}},{"type":"Feature","geometry":{"type":"Point","coordinates":[-107.2367,38.5301]},"properties":{"s":60.0,"pub":true}},{"type":"Feature","geometry":{"type":"Point","coordinates":[-107.2367,38.5359]},"properties":{"s":60.0,"pub":true}},{"type":"Feature","geometry":{"type":"Point","coordinates":[-107.2367,38.5417]},"properties":{"s":53.3,"pub":true}},{"type":"Feature","geometry":{"type":"Point","coordinates":[-107.2367,38.5475]},"properties":{"s":53.3,"pub":true}},{"type":"Feature","geometry":{"type":"Point","coordinates":[-107.2367,38.5533]},"properties":{"s":53.3,"pub":true}},{"type":"Feature","geometry":{"type":"Point","coordinates":[-107.2367,38.5591]},"properties":{"s":53.3,"pub":true}},{"type":"Feature","geometry":{"type":"Point","coordinates":[-107.2367,38.5649]},"properties":{"s":53.3,"pub":true}},{"type":"Feature","geometry":{"type":"Point","coordinates":[-107.2367,38.5707]},"properties":{"s":53.3,"pub":true}},{"type":"Feature","geometry":{"type":"Point","coordinates":[-107.2367,38.5765]},"properties":{"s":53.3,"pub":true}},{"type":"Feature","geometry":{"type":"Point","coordinates":[-107.2367,38.6461]},"properties":{"s":60.0,"pub":true}},{"type":"Feature","geometry":{"type":"Point","coordinates":[-107.2367,38.6519]},"properties":{"s":63.3,"pub":true}},{"type":"Feature","geometry":{"type":"Point","coordinates":[-107.2367,38.6577]},"properties":{"s":63.3,"pub":true}},{"type":"Feature","geometry":{"type":"Point","coordinates":[-107.2367,38.6635]},"properties":{"s":63.3,"pub":true}},{"type":"Feature","geometry":{"type":"Point","coordinates":[-107.2367,38.6693]},"properties":{"s":63.3,"pub":true}},{"type":"Feature","geometry":{"type":"Point","coordinates":[-107.2367,38.6751]},"properties":{"s":63.3,"pub":true}},{"type":"Feature","geometry":{"type":"Point","coordinates":[-107.2367,38.6809]},"properties":{"s":63.3,"pub":true}},{"type":"Feature","geometry":{"type":"Point","coordinates":[-107.2367,38.6867]},"properties":{"s":63.3,"pub":true}},{"type":"Feature","geometry":{"type":"Point","coordinates":[-107.2367,38.6925]},"properties":{"s":63.3,"pub":true}},{"type":"Feature","geometry":{"type":"Point","coordinates":[-107.2367,38.6983]},"properties":{"s":90.0,"pub":true}},{"type":"Feature","geometry":{"type":"Point","coordinates":[-107.2367,38.7041]},"properties":{"s":90.0,"pub":true}},{"type":"Feature","geometry":{"type":"Point","coordinates":[-107.2367,38.7099]},"properties":{"s":90.0,"pub":true}},{"type":"Feature","geometry":{"type":"Point","coordinates":[-107.2367,38.7157]},"properties":{"s":90.0,"pub":true}},{"type":"Feature","geometry":{"type":"Point","coordinates":[-107.2367,38.7215]},"properties":{"s":90.0,"pub":true}},{"type":"Feature","geometry":{"type":"Point","coordinates":[-107.2367,38.7273]},"properties":{"s":90.0,"pub":true}},{"type":"Feature","geometry":{"type":"Point","coordinates":[-107.2367,38.7331]},"properties":{"s":90.0,"pub":true}},{"type":"Feature","geometry":{"type":"Point","coordinates":[-107.2367,38.7389]},"properties":{"s":90.0,"pub":true}},{"type":"Feature","geometry":{"type":"Point","coordinates":[-107.2367,38.7447]},"properties":{"s":90.0,"pub":true}},{"type":"Feature","geometry":{"type":"Point","coordinates":[-107.2367,38.7505]},"properties":{"s":63.3,"pub":true}},{"type":"Feature","geometry":{"type":"Point","coordinates":[-107.2292,38.5127]},"properties":{"s":60.0,"pub":true}},{"type":"Feature","geometry":{"type":"Point","coordinates":[-107.2292,38.5185]},"properties":{"s":60.0,"pub":true}},{"type":"Feature","geometry":{"type":"Point","coordinates":[-107.2292,38.5243]},"properties":{"s":60.0,"pub":true}},{"type":"Feature","geometry":{"type":"Point","coordinates":[-107.2292,38.5301]},"properties":{"s":60.0,"pub":true}},{"type":"Feature","geometry":{"type":"Point","coordinates":[-107.2292,38.5359]},"properties":{"s":60.0,"pub":true}},{"type":"Feature","geometry":{"type":"Point","coordinates":[-107.2292,38.5417]},"properties":{"s":60.0,"pub":true}},{"type":"Feature","geometry":{"type":"Point","coordinates":[-107.2292,38.5475]},"properties":{"s":53.3,"pub":true}},{"type":"Feature","geometry":{"type":"Point","coordinates":[-107.2292,38.5533]},"properties":{"s":53.3,"pub":true}},{"type":"Feature","geometry":{"type":"Point","coordinates":[-107.2292,38.5591]},"properties":{"s":53.3,"pub":true}},{"type":"Feature","geometry":{"type":"Point","coordinates":[-107.2292,38.5649]},"properties":{"s":53.3,"pub":true}},{"type":"Feature","geometry":{"type":"Point","coordinates":[-107.2292,38.5707]},"properties":{"s":53.3,"pub":true}},{"type":"Feature","geometry":{"type":"Point","coordinates":[-107.2292,38.6461]},"properties":{"s":60.0,"pub":true}},{"type":"Feature","geometry":{"type":"Point","coordinates":[-107.2292,38.6519]},"properties":{"s":60.0,"pub":true}},{"type":"Feature","geometry":{"type":"Point","coordinates":[-107.2292,38.6577]},"properties":{"s":63.3,"pub":true}},{"type":"Feature","geometry":{"type":"Point","coordinates":[-107.2292,38.6635]},"properties":{"s":63.3,"pub":true}},{"type":"Feature","geometry":{"type":"Point","coordinates":[-107.2292,38.6693]},"properties":{"s":63.3,"pub":true}},{"type":"Feature","geometry":{"type":"Point","coordinates":[-107.2292,38.6751]},"properties":{"s":63.3,"pub":true}},{"type":"Feature","geometry":{"type":"Point","coordinates":[-107.2292,38.6809]},"properties":{"s":63.3,"pub":true}},{"type":"Feature","geometry":{"type":"Point","coordinates":[-107.2292,38.6867]},"properties":{"s":63.3,"pub":true}},{"type":"Feature","geometry":{"type":"Point","coordinates":[-107.2292,38.6925]},"properties":{"s":63.3,"pub":true}},{"type":"Feature","geometry":{"type":"Point","coordinates":[-107.2292,38.6983]},"properties":{"s":63.3,"pub":true}},{"type":"Feature","geometry":{"type":"Point","coordinates":[-107.2292,38.7041]},"properties":{"s":90.0,"pub":true}},{"type":"Feature","geometry":{"type":"Point","coordinates":[-107.2292,38.7099]},"properties":{"s":90.0,"pub":true}},{"type":"Feature","geometry":{"type":"Point","coordinates":[-107.2292,38.7157]},"properties":{"s":90.0,"pub":true}},{"type":"Feature","geometry":{"type":"Point","coordinates":[-107.2292,38.7215]},"properties":{"s":90.0,"pub":true}},{"type":"Feature","geometry":{"type":"Point","coordinates":[-107.2292,38.7273]},"properties":{"s":90.0,"pub":true}},{"type":"Feature","geometry":{"type":"Point","coordinates":[-107.2292,38.7331]},"properties":{"s":90.0,"pub":true}},{"type":"Feature","geometry":{"type":"Point","coordinates":[-107.2292,38.7389]},"properties":{"s":90.0,"pub":true}},{"type":"Feature","geometry":{"type":"Point","coordinates":[-107.2292,38.7447]},"properties":{"s":90.0,"pub":true}},{"type":"Feature","geometry":{"type":"Point","coordinates":[-107.2217,38.5127]},"properties":{"s":60.0,"pub":true}},{"type":"Feature","geometry":{"type":"Point","coordinates":[-107.2217,38.5185]},"properties":{"s":60.0,"pub":true}},{"type":"Feature","geometry":{"type":"Point","coordinates":[-107.2217,38.5243]},"properties":{"s":60.0,"pub":true}},{"type":"Feature","geometry":{"type":"Point","coordinates":[-107.2217,38.5301]},"properties":{"s":60.0,"pub":true}},{"type":"Feature","geometry":{"type":"Point","coordinates":[-107.2217,38.5359]},"properties":{"s":60.0,"pub":true}},{"type":"Feature","geometry":{"type":"Point","coordinates":[-107.2217,38.5417]},"properties":{"s":60.0,"pub":true}},{"type":"Feature","geometry":{"type":"Point","coordinates":[-107.2217,38.5475]},"properties":{"s":60.0,"pub":true}},{"type":"Feature","geometry":{"type":"Point","coordinates":[-107.2217,38.5533]},"properties":{"s":53.3,"pub":true}},{"type":"Feature","geometry":{"type":"Point","coordinates":[-107.2217,38.5591]},"properties":{"s":53.3,"pub":true}},{"type":"Feature","geometry":{"type":"Point","coordinates":[-107.2217,38.5649]},"properties":{"s":53.3,"pub":true}},{"type":"Feature","geometry":{"type":"Point","coordinates":[-107.2217,38.6577]},"properties":{"s":60.0,"pub":true}},{"type":"Feature","geometry":{"type":"Point","coordinates":[-107.2217,38.6635]},"properties":{"s":60.0,"pub":true}},{"type":"Feature","geometry":{"type":"Point","coordinates":[-107.2217,38.6693]},"properties":{"s":63.3,"pub":true}},{"type":"Feature","geometry":{"type":"Point","coordinates":[-107.2217,38.6751]},"properties":{"s":63.3,"pub":true}},{"type":"Feature","geometry":{"type":"Point","coordinates":[-107.2217,38.6809]},"properties":{"s":63.3,"pub":true}},{"type":"Feature","geometry":{"type":"Point","coordinates":[-107.2217,38.6867]},"properties":{"s":63.3,"pub":true}},{"type":"Feature","geometry":{"type":"Point","coordinates":[-107.2217,38.6925]},"properties":{"s":63.3,"pub":true}},{"type":"Feature","geometry":{"type":"Point","coordinates":[-107.2217,38.6983]},"properties":{"s":63.3,"pub":true}},{"type":"Feature","geometry":{"type":"Point","coordinates":[-107.2217,38.7041]},"properties":{"s":90.0,"pub":true}},{"type":"Feature","geometry":{"type":"Point","coordinates":[-107.2217,38.7099]},"properties":{"s":90.0,"pub":true}},{"type":"Feature","geometry":{"type":"Point","coordinates":[-107.2217,38.7157]},"properties":{"s":90.0,"pub":true}},{"type":"Feature","geometry":{"type":"Point","coordinates":[-107.2217,38.7215]},"properties":{"s":90.0,"pub":true}},{"type":"Feature","geometry":{"type":"Point","coordinates":[-107.2217,38.7273]},"properties":{"s":90.0,"pub":true}},{"type":"Feature","geometry":{"type":"Point","coordinates":[-107.2217,38.7331]},"properties":{"s":90.0,"pub":true}},{"type":"Feature","geometry":{"type":"Point","coordinates":[-107.2217,38.7389]},"properties":{"s":90.0,"pub":true}},{"type":"Feature","geometry":{"type":"Point","coordinates":[-107.2217,38.7447]},"properties":{"s":86.7,"pub":true}},{"type":"Feature","geometry":{"type":"Point","coordinates":[-107.2142,38.5127]},"properties":{"s":60.0,"pub":true}},{"type":"Feature","geometry":{"type":"Point","coordinates":[-107.2142,38.5185]},"properties":{"s":60.0,"pub":true}},{"type":"Feature","geometry":{"type":"Point","coordinates":[-107.2142,38.5243]},"properties":{"s":60.0,"pub":true}},{"type":"Feature","geometry":{"type":"Point","coordinates":[-107.2142,38.5301]},"properties":{"s":60.0,"pub":true}},{"type":"Feature","geometry":{"type":"Point","coordinates":[-107.2142,38.5359]},"properties":{"s":60.0,"pub":true}},{"type":"Feature","geometry":{"type":"Point","coordinates":[-107.2142,38.5417]},"properties":{"s":60.0,"pub":true}},{"type":"Feature","geometry":{"type":"Point","coordinates":[-107.2142,38.5475]},"properties":{"s":60.0,"pub":true}},{"type":"Feature","geometry":{"type":"Point","coordinates":[-107.2142,38.5533]},"properties":{"s":53.3,"pub":true}},{"type":"Feature","geometry":{"type":"Point","coordinates":[-107.2142,38.5591]},"properties":{"s":53.3,"pub":true}},{"type":"Feature","geometry":{"type":"Point","coordinates":[-107.2142,38.6577]},"properties":{"s":60.0,"pub":true}},{"type":"Feature","geometry":{"type":"Point","coordinates":[-107.2142,38.6635]},"properties":{"s":60.0,"pub":true}},{"type":"Feature","geometry":{"type":"Point","coordinates":[-107.2142,38.6693]},"properties":{"s":86.7,"pub":true}},{"type":"Feature","geometry":{"type":"Point","coordinates":[-107.2142,38.6751]},"properties":{"s":86.7,"pub":true}},{"type":"Feature","geometry":{"type":"Point","coordinates":[-107.2142,38.6809]},"properties":{"s":90.0,"pub":true}},{"type":"Feature","geometry":{"type":"Point","coordinates":[-107.2142,38.6867]},"properties":{"s":63.3,"pub":true}},{"type":"Feature","geometry":{"type":"Point","coordinates":[-107.2142,38.6925]},"properties":{"s":63.3,"pub":true}},{"type":"Feature","geometry":{"type":"Point","coordinates":[-107.2142,38.6983]},"properties":{"s":90.0,"pub":true}},{"type":"Feature","geometry":{"type":"Point","coordinates":[-107.2142,38.7041]},"properties":{"s":90.0,"pub":true}},{"type":"Feature","geometry":{"type":"Point","coordinates":[-107.2142,38.7099]},"properties":{"s":90.0,"pub":true}},{"type":"Feature","geometry":{"type":"Point","coordinates":[-107.2142,38.7157]},"properties":{"s":90.0,"pub":true}},{"type":"Feature","geometry":{"type":"Point","coordinates":[-107.2142,38.7215]},"properties":{"s":90.0,"pub":true}},{"type":"Feature","geometry":{"type":"Point","coordinates":[-107.2142,38.7273]},"properties":{"s":86.7,"pub":true}},{"type":"Feature","geometry":{"type":"Point","coordinates":[-107.2142,38.7331]},"properties":{"s":86.7,"pub":true}},{"type":"Feature","geometry":{"type":"Point","coordinates":[-107.2142,38.7389]},"properties":{"s":86.7,"pub":true}},{"type":"Feature","geometry":{"type":"Point","coordinates":[-107.2142,38.7447]},"properties":{"s":86.7,"pub":true}},{"type":"Feature","geometry":{"type":"Point","coordinates":[-107.2067,38.5127]},"properties":{"s":60.0,"pub":true}},{"type":"Feature","geometry":{"type":"Point","coordinates":[-107.2067,38.5185]},"properties":{"s":60.0,"pub":true}},{"type":"Feature","geometry":{"type":"Point","coordinates":[-107.2067,38.5243]},"properties":{"s":60.0,"pub":true}},{"type":"Feature","geometry":{"type":"Point","coordinates":[-107.2067,38.5301]},"properties":{"s":60.0,"pub":true}},{"type":"Feature","geometry":{"type":"Point","coordinates":[-107.2067,38.5359]},"properties":{"s":60.0,"pub":true}},{"type":"Feature","geometry":{"type":"Point","coordinates":[-107.2067,38.5417]},"properties":{"s":60.0,"pub":true}},{"type":"Feature","geometry":{"type":"Point","coordinates":[-107.2067,38.5475]},"properties":{"s":53.3,"pub":true}},{"type":"Feature","geometry":{"type":"Point","coordinates":[-107.2067,38.5533]},"properties":{"s":53.3,"pub":true}},{"type":"Feature","geometry":{"type":"Point","coordinates":[-107.2067,38.6577]},"properties":{"s":60.0,"pub":true}},{"type":"Feature","geometry":{"type":"Point","coordinates":[-107.2067,38.6635]},"properties":{"s":86.7,"pub":true}},{"type":"Feature","geometry":{"type":"Point","coordinates":[-107.2067,38.6693]},"properties":{"s":86.7,"pub":true}},{"type":"Feature","geometry":{"type":"Point","coordinates":[-107.2067,38.6751]},"properties":{"s":86.7,"pub":true}},{"type":"Feature","geometry":{"type":"Point","coordinates":[-107.2067,38.6809]},"properties":{"s":86.7,"pub":true}},{"type":"Feature","geometry":{"type":"Point","coordinates":[-107.2067,38.6867]},"properties":{"s":86.7,"pub":true}},{"type":"Feature","geometry":{"type":"Point","coordinates":[-107.2067,38.6925]},"properties":{"s":90.0,"pub":true}},{"type":"Feature","geometry":{"type":"Point","coordinates":[-107.2067,38.6983]},"properties":{"s":90.0,"pub":true}},{"type":"Feature","geometry":{"type":"Point","coordinates":[-107.2067,38.7041]},"properties":{"s":90.0,"pub":true}},{"type":"Feature","geometry":{"type":"Point","coordinates":[-107.2067,38.7099]},"properties":{"s":86.7,"pub":true}},{"type":"Feature","geometry":{"type":"Point","coordinates":[-107.2067,38.7157]},"properties":{"s":86.7,"pub":true}},{"type":"Feature","geometry":{"type":"Point","coordinates":[-107.2067,38.7215]},"properties":{"s":86.7,"pub":true}},{"type":"Feature","geometry":{"type":"Point","coordinates":[-107.2067,38.7273]},"properties":{"s":86.7,"pub":true}},{"type":"Feature","geometry":{"type":"Point","coordinates":[-107.2067,38.7331]},"properties":{"s":86.7,"pub":true}},{"type":"Feature","geometry":{"type":"Point","coordinates":[-107.2067,38.7389]},"properties":{"s":86.7,"pub":true}},{"type":"Feature","geometry":{"type":"Point","coordinates":[-107.2067,38.7447]},"properties":{"s":86.7,"pub":true}},{"type":"Feature","geometry":{"type":"Point","coordinates":[-107.1992,38.5127]},"properties":{"s":60.0,"pub":true}},{"type":"Feature","geometry":{"type":"Point","coordinates":[-107.1992,38.5185]},"properties":{"s":60.0,"pub":true}},{"type":"Feature","geometry":{"type":"Point","coordinates":[-107.1992,38.5243]},"properties":{"s":60.0,"pub":true}},{"type":"Feature","geometry":{"type":"Point","coordinates":[-107.1992,38.5301]},"properties":{"s":60.0,"pub":true}},{"type":"Feature","geometry":{"type":"Point","coordinates":[-107.1992,38.5359]},"properties":{"s":60.0,"pub":true}},{"type":"Feature","geometry":{"type":"Point","coordinates":[-107.1992,38.5417]},"properties":{"s":60.0,"pub":true}},{"type":"Feature","geometry":{"type":"Point","coordinates":[-107.1992,38.5475]},"properties":{"s":53.3,"pub":true}},{"type":"Feature","geometry":{"type":"Point","coordinates":[-107.1992,38.6577]},"properties":{"s":86.7,"pub":true}},{"type":"Feature","geometry":{"type":"Point","coordinates":[-107.1992,38.6635]},"properties":{"s":86.7,"pub":true}},{"type":"Feature","geometry":{"type":"Point","coordinates":[-107.1992,38.6693]},"properties":{"s":86.7,"pub":true}},{"type":"Feature","geometry":{"type":"Point","coordinates":[-107.1992,38.6751]},"properties":{"s":86.7,"pub":true}},{"type":"Feature","geometry":{"type":"Point","coordinates":[-107.1992,38.6809]},"properties":{"s":86.7,"pub":true}},{"type":"Feature","geometry":{"type":"Point","coordinates":[-107.1992,38.6867]},"properties":{"s":86.7,"pub":true}},{"type":"Feature","geometry":{"type":"Point","coordinates":[-107.1992,38.6925]},"properties":{"s":86.7,"pub":true}},{"type":"Feature","geometry":{"type":"Point","coordinates":[-107.1992,38.6983]},"properties":{"s":86.7,"pub":true}},{"type":"Feature","geometry":{"type":"Point","coordinates":[-107.1992,38.7041]},"properties":{"s":86.7,"pub":true}},{"type":"Feature","geometry":{"type":"Point","coordinates":[-107.1992,38.7099]},"properties":{"s":86.7,"pub":true}},{"type":"Feature","geometry":{"type":"Point","coordinates":[-107.1992,38.7157]},"properties":{"s":86.7,"pub":true}},{"type":"Feature","geometry":{"type":"Point","coordinates":[-107.1992,38.7215]},"properties":{"s":86.7,"pub":true}},{"type":"Feature","geometry":{"type":"Point","coordinates":[-107.1992,38.7273]},"properties":{"s":86.7,"pub":true}},{"type":"Feature","geometry":{"type":"Point","coordinates":[-107.1992,38.7331]},"properties":{"s":86.7,"pub":true}},{"type":"Feature","geometry":{"type":"Point","coordinates":[-107.1992,38.7389]},"properties":{"s":86.7,"pub":true}},{"type":"Feature","geometry":{"type":"Point","coordinates":[-107.1992,38.7447]},"properties":{"s":86.7,"pub":true}},{"type":"Feature","geometry":{"type":"Point","coordinates":[-107.1992,38.7505]},"properties":{"s":86.7,"pub":true}},{"type":"Feature","geometry":{"type":"Point","coordinates":[-107.1992,38.7563]},"properties":{"s":60.0,"pub":true}},{"type":"Feature","geometry":{"type":"Point","coordinates":[-107.1992,38.7621]},"properties":{"s":60.0,"pub":true}},{"type":"Feature","geometry":{"type":"Point","coordinates":[-107.1917,38.5069]},"properties":{"s":60.0,"pub":true}},{"type":"Feature","geometry":{"type":"Point","coordinates":[-107.1917,38.5127]},"properties":{"s":60.0,"pub":true}},{"type":"Feature","geometry":{"type":"Point","coordinates":[-107.1917,38.5185]},"properties":{"s":60.0,"pub":true}},{"type":"Feature","geometry":{"type":"Point","coordinates":[-107.1917,38.5243]},"properties":{"s":60.0,"pub":true}},{"type":"Feature","geometry":{"type":"Point","coordinates":[-107.1917,38.5301]},"properties":{"s":60.0,"pub":true}},{"type":"Feature","geometry":{"type":"Point","coordinates":[-107.1917,38.5359]},"properties":{"s":56.7,"pub":true}},{"type":"Feature","geometry":{"type":"Point","coordinates":[-107.1917,38.5417]},"properties":{"s":56.7,"pub":true}},{"type":"Feature","geometry":{"type":"Point","coordinates":[-107.1917,38.6577]},"properties":{"s":60.0,"pub":true}},{"type":"Feature","geometry":{"type":"Point","coordinates":[-107.1917,38.6635]},"properties":{"s":86.7,"pub":true}},{"type":"Feature","geometry":{"type":"Point","coordinates":[-107.1917,38.6693]},"properties":{"s":86.7,"pub":true}},{"type":"Feature","geometry":{"type":"Point","coordinates":[-107.1917,38.6751]},"properties":{"s":86.7,"pub":true}},{"type":"Feature","geometry":{"type":"Point","coordinates":[-107.1917,38.6809]},"properties":{"s":86.7,"pub":true}},{"type":"Feature","geometry":{"type":"Point","coordinates":[-107.1917,38.6867]},"properties":{"s":86.7,"pub":true}},{"type":"Feature","geometry":{"type":"Point","coordinates":[-107.1917,38.6925]},"properties":{"s":86.7,"pub":true}},{"type":"Feature","geometry":{"type":"Point","coordinates":[-107.1917,38.6983]},"properties":{"s":86.7,"pub":true}},{"type":"Feature","geometry":{"type":"Point","coordinates":[-107.1917,38.7041]},"properties":{"s":86.7,"pub":true}},{"type":"Feature","geometry":{"type":"Point","coordinates":[-107.1917,38.7099]},"properties":{"s":86.7,"pub":true}},{"type":"Feature","geometry":{"type":"Point","coordinates":[-107.1917,38.7157]},"properties":{"s":86.7,"pub":true}},{"type":"Feature","geometry":{"type":"Point","coordinates":[-107.1917,38.7215]},"properties":{"s":86.7,"pub":true}},{"type":"Feature","geometry":{"type":"Point","coordinates":[-107.1917,38.7273]},"properties":{"s":86.7,"pub":true}},{"type":"Feature","geometry":{"type":"Point","coordinates":[-107.1917,38.7331]},"properties":{"s":86.7,"pub":true}},{"type":"Feature","geometry":{"type":"Point","coordinates":[-107.1917,38.7389]},"properties":{"s":86.7,"pub":true}},{"type":"Feature","geometry":{"type":"Point","coordinates":[-107.1917,38.7447]},"properties":{"s":86.7,"pub":true}},{"type":"Feature","geometry":{"type":"Point","coordinates":[-107.1917,38.7505]},"properties":{"s":86.7,"pub":true}},{"type":"Feature","geometry":{"type":"Point","coordinates":[-107.1917,38.7563]},"properties":{"s":60.0,"pub":true}},{"type":"Feature","geometry":{"type":"Point","coordinates":[-107.1917,38.7621]},"properties":{"s":60.0,"pub":true}},{"type":"Feature","geometry":{"type":"Point","coordinates":[-107.1917,38.7679]},"properties":{"s":60.0,"pub":true}},{"type":"Feature","geometry":{"type":"Point","coordinates":[-107.1842,38.5069]},"properties":{"s":60.0,"pub":true}},{"type":"Feature","geometry":{"type":"Point","coordinates":[-107.1842,38.5127]},"properties":{"s":60.0,"pub":true}},{"type":"Feature","geometry":{"type":"Point","coordinates":[-107.1842,38.5185]},"properties":{"s":60.0,"pub":true}},{"type":"Feature","geometry":{"type":"Point","coordinates":[-107.1842,38.5243]},"properties":{"s":56.7,"pub":true}},{"type":"Feature","geometry":{"type":"Point","coordinates":[-107.1842,38.5301]},"properties":{"s":56.7,"pub":true}},{"type":"Feature","geometry":{"type":"Point","coordinates":[-107.1842,38.5359]},"properties":{"s":56.7,"pub":true}},{"type":"Feature","geometry":{"type":"Point","coordinates":[-107.1842,38.5417]},"properties":{"s":56.7,"pub":true}},{"type":"Feature","geometry":{"type":"Point","coordinates":[-107.1842,38.6577]},"properties":{"s":60.0,"pub":true}},{"type":"Feature","geometry":{"type":"Point","coordinates":[-107.1842,38.6635]},"properties":{"s":86.7,"pub":true}},{"type":"Feature","geometry":{"type":"Point","coordinates":[-107.1842,38.6693]},"properties":{"s":86.7,"pub":true}},{"type":"Feature","geometry":{"type":"Point","coordinates":[-107.1842,38.6751]},"properties":{"s":86.7,"pub":true}},{"type":"Feature","geometry":{"type":"Point","coordinates":[-107.1842,38.6809]},"properties":{"s":86.7,"pub":true}},{"type":"Feature","geometry":{"type":"Point","coordinates":[-107.1842,38.6867]},"properties":{"s":86.7,"pub":true}},{"type":"Feature","geometry":{"type":"Point","coordinates":[-107.1842,38.6925]},"properties":{"s":86.7,"pub":true}},{"type":"Feature","geometry":{"type":"Point","coordinates":[-107.1842,38.6983]},"properties":{"s":86.7,"pub":true}},{"type":"Feature","geometry":{"type":"Point","coordinates":[-107.1842,38.7041]},"properties":{"s":86.7,"pub":true}},{"type":"Feature","geometry":{"type":"Point","coordinates":[-107.1842,38.7099]},"properties":{"s":86.7,"pub":true}},{"type":"Feature","geometry":{"type":"Point","coordinates":[-107.1842,38.7157]},"properties":{"s":86.7,"pub":true}},{"type":"Feature","geometry":{"type":"Point","coordinates":[-107.1842,38.7215]},"properties":{"s":86.7,"pub":true}},{"type":"Feature","geometry":{"type":"Point","coordinates":[-107.1842,38.7273]},"properties":{"s":86.7,"pub":true}},{"type":"Feature","geometry":{"type":"Point","coordinates":[-107.1842,38.7331]},"properties":{"s":86.7,"pub":true}},{"type":"Feature","geometry":{"type":"Point","coordinates":[-107.1842,38.7389]},"properties":{"s":86.7,"pub":true}},{"type":"Feature","geometry":{"type":"Point","coordinates":[-107.1842,38.7447]},"properties":{"s":86.7,"pub":true}},{"type":"Feature","geometry":{"type":"Point","coordinates":[-107.1842,38.7505]},"properties":{"s":86.7,"pub":true}},{"type":"Feature","geometry":{"type":"Point","coordinates":[-107.1842,38.7563]},"properties":{"s":86.7,"pub":true}},{"type":"Feature","geometry":{"type":"Point","coordinates":[-107.1842,38.7621]},"properties":{"s":60.0,"pub":true}},{"type":"Feature","geometry":{"type":"Point","coordinates":[-107.1842,38.7679]},"properties":{"s":60.0,"pub":true}},{"type":"Feature","geometry":{"type":"Point","coordinates":[-107.1842,38.7737]},"properties":{"s":60.0,"pub":true}},{"type":"Feature","geometry":{"type":"Point","coordinates":[-107.1842,38.7795]},"properties":{"s":86.7,"pub":true}},{"type":"Feature","geometry":{"type":"Point","coordinates":[-107.1842,38.7853]},"properties":{"s":86.7,"pub":true}},{"type":"Feature","geometry":{"type":"Point","coordinates":[-107.1767,38.5069]},"properties":{"s":56.7,"pub":true}},{"type":"Feature","geometry":{"type":"Point","coordinates":[-107.1767,38.5127]},"properties":{"s":56.7,"pub":true}},{"type":"Feature","geometry":{"type":"Point","coordinates":[-107.1767,38.5185]},"properties":{"s":56.7,"pub":true}},{"type":"Feature","geometry":{"type":"Point","coordinates":[-107.1767,38.5243]},"properties":{"s":56.7,"pub":true}},{"type":"Feature","geometry":{"type":"Point","coordinates":[-107.1767,38.5301]},"properties":{"s":56.7,"pub":true}},{"type":"Feature","geometry":{"type":"Point","coordinates":[-107.1767,38.5359]},"properties":{"s":56.7,"pub":true}},{"type":"Feature","geometry":{"type":"Point","coordinates":[-107.1767,38.5417]},"properties":{"s":56.7,"pub":true}},{"type":"Feature","geometry":{"type":"Point","coordinates":[-107.1767,38.6577]},"properties":{"s":60.0,"pub":true}},{"type":"Feature","geometry":{"type":"Point","coordinates":[-107.1767,38.6635]},"properties":{"s":60.0,"pub":true}},{"type":"Feature","geometry":{"type":"Point","coordinates":[-107.1767,38.6693]},"properties":{"s":86.7,"pub":true}},{"type":"Feature","geometry":{"type":"Point","coordinates":[-107.1767,38.6751]},"properties":{"s":86.7,"pub":true}},{"type":"Feature","geometry":{"type":"Point","coordinates":[-107.1767,38.6809]},"properties":{"s":86.7,"pub":true}},{"type":"Feature","geometry":{"type":"Point","coordinates":[-107.1767,38.6867]},"properties":{"s":60.0,"pub":true}},{"type":"Feature","geometry":{"type":"Point","coordinates":[-107.1767,38.6925]},"properties":{"s":86.7,"pub":true}}]}