{"type":"FeatureCollection","features":[{"type":"Feature","geometry":{"type":"Point","coordinates":[-106.4445,38.6908]},"properties":{"s":86.7,"pub":true}},{"type":"Feature","geometry":{"type":"Point","coordinates":[-106.4445,38.6966]},"properties":{"s":86.7,"pub":true}},{"type":"Feature","geometry":{"type":"Point","coordinates":[-106.4445,38.7024]},"properties":{"s":86.7,"pub":true}},{"type":"Feature","geometry":{"type":"Point","coordinates":[-106.4445,38.7082]},"properties":{"s":86.7,"pub":true}},{"type":"Feature","geometry":{"type":"Point","coordinates":[-106.437,38.6792]},"properties":{"s":86.7,"pub":true}},{"type":"Feature","geometry":{"type":"Point","coordinates":[-106.437,38.685]},"properties":{"s":86.7,"pub":true}},{"type":"Feature","geometry":{"type":"Point","coordinates":[-106.437,38.6908]},"properties":{"s":86.7,"pub":true}},{"type":"Feature","geometry":{"type":"Point","coordinates":[-106.437,38.6966]},"properties":{"s":86.7,"pub":true}},{"type":"Feature","geometry":{"type":"Point","coordinates":[-106.437,38.7024]},"properties":{"s":86.7,"pub":true}},{"type":"Feature","geometry":{"type":"Point","coordinates":[-106.437,38.7082]},"properties":{"s":46.7,"pub":true}},{"type":"Feature","geometry":{"type":"Point","coordinates":[-106.4295,38.656]},"properties":{"s":86.7,"pub":true}},{"type":"Feature","geometry":{"type":"Point","coordinates":[-106.4295,38.6618]},"properties":{"s":86.7,"pub":true}},{"type":"Feature","geometry":{"type":"Point","coordinates":[-106.4295,38.6676]},"properties":{"s":86.7,"pub":true}},{"type":"Feature","geometry":{"type":"Point","coordinates":[-106.4295,38.6734]},"properties":{"s":86.7,"pub":true}},{"type":"Feature","geometry":{"type":"Point","coordinates":[-106.4295,38.6792]},"properties":{"s":86.7,"pub":true}},{"type":"Feature","geometry":{"type":"Point","coordinates":[-106.4295,38.685]},"properties":{"s":86.7,"pub":true}},{"type":"Feature","geometry":{"type":"Point","coordinates":[-106.4295,38.6908]},"properties":{"s":86.7,"pub":true}},{"type":"Feature","geometry":{"type":"Point","coordinates":[-106.4295,38.6966]},"properties":{"s":86.7,"pub":true}},{"type":"Feature","geometry":{"type":"Point","coordinates":[-106.4295,38.7024]},"properties":{"s":86.7,"pub":true}},{"type":"Feature","geometry":{"type":"Point","coordinates":[-106.422,38.6502]},"properties":{"s":86.7,"pub":true}},{"type":"Feature","geometry":{"type":"Point","coordinates":[-106.422,38.656]},"properties":{"s":86.7,"pub":true}},{"type":"Feature","geometry":{"type":"Point","coordinates":[-106.422,38.6618]},"properties":{"s":86.7,"pub":true}},{"type":"Feature","geometry":{"type":"Point","coordinates":[-106.422,38.6676]},"properties":{"s":86.7,"pub":true}},{"type":"Feature","geometry":{"type":"Point","coordinates":[-106.422,38.6734]},"properties":{"s":86.7,"pub":true}},{"type":"Feature","geometry":{"type":"Point","coordinates":[-106.422,38.6792]},"properties":{"s":86.7,"pub":true}},{"type":"Feature","geometry":{"type":"Point","coordinates":[-106.422,38.685]},"properties":{"s":86.7,"pub":true}},{"type":"Feature","geometry":{"type":"Point","coordinates":[-106.422,38.6908]},"properties":{"s":86.7,"pub":true}},{"type":"Feature","geometry":{"type":"Point","coordinates":[-106.4145,38.6502]},"properties":{"s":86.7,"pub":true}},{"type":"Feature","geometry":{"type":"Point","coordinates":[-106.4145,38.656]},"properties":{"s":86.7,"pub":true}},{"type":"Feature","geometry":{"type":"Point","coordinates":[-106.4145,38.6618]},"properties":{"s":86.7,"pub":true}},{"type":"Feature","geometry":{"type":"Point","coordinates":[-106.4145,38.6676]},"properties":{"s":86.7,"pub":true}},{"type":"Feature","geometry":{"type":"Point","coordinates":[-106.4145,38.6734]},"properties":{"s":60.0,"pub":true}},{"type":"Feature","geometry":{"type":"Point","coordinates":[-106.4145,38.6792]},"properties":{"s":60.0,"pub":true}},{"type":"Feature","geometry":{"type":"Point","coordinates":[-106.4145,38.685]},"properties":{"s":86.7,"pub":true}},{"type":"Feature","geometry":{"type":"Point","coordinates":[-106.4145,38.6908]},"properties":{"s":86.7,"pub":true}},{"type":"Feature","geometry":{"type":"Point","coordinates":[-106.407,38.6502]},"properties":{"s":86.7,"pub":true}},{"type":"Feature","geometry":{"type":"Point","coordinates":[-106.407,38.656]},"properties":{"s":86.7,"pub":true}},{"type":"Feature","geometry":{"type":"Point","coordinates":[-106.407,38.6618]},"properties":{"s":86.7,"pub":true}},{"type":"Feature","geometry":{"type":"Point","coordinates":[-106.407,38.6676]},"properties":{"s":60.0,"pub":true}},{"type":"Feature","geometry":{"type":"Point","coordinates":[-106.407,38.6734]},"properties":{"s":60.0,"pub":true}},{"type":"Feature","geometry":{"type":"Point","coordinates":[-106.407,38.6792]},"properties":{"s":60.0,"pub":true}},{"type":"Feature","geometry":{"type":"Point","coordinates":[-106.407,38.685]},"properties":{"s":60.0,"pub":true}},{"type":"Feature","geometry":{"type":"Point","coordinates":[-106.407,38.6908]},"properties":{"s":86.7,"pub":true}},{"type":"Feature","geometry":{"type":"Point","coordinates":[-106.3995,38.6444]},"properties":{"s":86.7,"pub":true}},{"type":"Feature","geometry":{"type":"Point","coordinates":[-106.3995,38.6502]},"properties":{"s":86.7,"pub":true}},{"type":"Feature","geometry":{"type":"Point","coordinates":[-106.3995,38.656]},"properties":{"s":86.7,"pub":true}},{"type":"Feature","geometry":{"type":"Point","coordinates":[-106.3995,38.6618]},"properties":{"s":86.7,"pub":true}},{"type":"Feature","geometry":{"type":"Point","coordinates":[-106.3995,38.6676]},"properties":{"s":60.0,"pub":true}},{"type":"Feature","geometry":{"type":"Point","coordinates":[-106.3995,38.6734]},"properties":{"s":60.0,"pub":true}},{"type":"Feature","geometry":{"type":"Point","coordinates":[-106.3995,38.6792]},"properties":{"s":60.0,"pub":true}},{"type":"Feature","geometry":{"type":"Point","coordinates":[-106.3995,38.685]},"properties":{"s":60.0,"pub":true}},{"type":"Feature","geometry":{"type":"Point","coordinates":[-106.3995,38.6908]},"properties":{"s":86.7,"pub":true}},{"type":"Feature","geometry":{"type":"Point","coordinates":[-106.392,38.6444]},"properties":{"s":86.7,"pub":true}},{"type":"Feature","geometry":{"type":"Point","coordinates":[-106.392,38.6502]},"properties":{"s":86.7,"pub":true}},{"type":"Feature","geometry":{"type":"Point","coordinates":[-106.392,38.656]},"properties":{"s":60.0,"pub":true}},{"type":"Feature","geometry":{"type":"Point","coordinates":[-106.392,38.6618]},"properties":{"s":60.0,"pub":true}},{"type":"Feature","geometry":{"type":"Point","coordinates":[-106.392,38.6676]},"properties":{"s":60.0,"pub":true}},{"type":"Feature","geometry":{"type":"Point","coordinates":[-106.392,38.6734]},"properties":{"s":60.0,"pub":true}},{"type":"Feature","geometry":{"type":"Point","coordinates":[-106.392,38.6792]},"properties":{"s":60.0,"pub":true}},{"type":"Feature","geometry":{"type":"Point","coordinates":[-106.392,38.685]},"properties":{"s":60.0,"pub":true}},{"type":"Feature","geometry":{"type":"Point","coordinates":[-106.392,38.6908]},"properties":{"s":60.0,"pub":true}},{"type":"Feature","geometry":{"type":"Point","coordinates":[-106.3845,38.627]},"properties":{"s":86.7,"pub":true}},{"type":"Feature","geometry":{"type":"Point","coordinates":[-106.3845,38.6328]},"properties":{"s":86.7,"pub":true}},{"type":"Feature","geometry":{"type":"Point","coordinates":[-106.3845,38.6444]},"properties":{"s":60.0,"pub":true}},{"type":"Feature","geometry":{"type":"Point","coordinates":[-106.3845,38.6502]},"properties":{"s":60.0,"pub":true}},{"type":"Feature","geometry":{"type":"Point","coordinates":[-106.3845,38.656]},"properties":{"s":60.0,"pub":true}},{"type":"Feature","geometry":{"type":"Point","coordinates":[-106.3845,38.6618]},"properties":{"s":60.0,"pub":true}},{"type":"Feature","geometry":{"type":"Point","coordinates":[-106.3845,38.6676]},"properties":{"s":60.0,"pub":true}},{"type":"Feature","geometry":{"type":"Point","coordinates":[-106.3845,38.6734]},"properties":{"s":60.0,"pub":true}},{"type":"Feature","geometry":{"type":"Point","coordinates":[-106.3845,38.6792]},"properties":{"s":60.0,"pub":true}},{"type":"Feature","geometry":{"type":"Point","coordinates":[-106.3845,38.685]},"properties":{"s":60.0,"pub":true}},{"type":"Feature","geometry":{"type":"Point","coordinates":[-106.3845,38.6908]},"properties":{"s":60.0,"pub":true}},{"type":"Feature","geometry":{"type":"Point","coordinates":[-106.3845,38.6966]},"properties":{"s":60.0,"pub":true}},{"type":"Feature","geometry":{"type":"Point","coordinates":[-106.377,38.6212]},"properties":{"s":46.7,"pub":true}},{"type":"Feature","geometry":{"type":"Point","coordinates":[-106.377,38.627]},"properties":{"s":86.7,"pub":true}},{"type":"Feature","geometry":{"type":"Point","coordinates":[-106.377,38.6328]},"properties":{"s":86.7,"pub":true}},{"type":"Feature","geometry":{"type":"Point","coordinates":[-106.377,38.6386]},"properties":{"s":60.0,"pub":true}},{"type":"Feature","geometry":{"type":"Point","coordinates":[-106.377,38.6444]},"properties":{"s":60.0,"pub":true}},{"type":"Feature","geometry":{"type":"Point","coordinates":[-106.377,38.6502]},"properties":{"s":60.0,"pub":true}},{"type":"Feature","geometry":{"type":"Point","coordinates":[-106.377,38.656]},"properties":{"s":60.0,"pub":true}},{"type":"Feature","geometry":{"type":"Point","coordinates":[-106.377,38.6618]},"properties":{"s":60.0,"pub":true}},{"type":"Feature","geometry":{"type":"Point","coordinates":[-106.377,38.6676]},"properties":{"s":60.0,"pub":true}},{"type":"Feature","geometry":{"type":"Point","coordinates":[-106.377,38.6734]},"properties":{"s":60.0,"pub":true}},{"type":"Feature","geometry":{"type":"Point","coordinates":[-106.377,38.6792]},"properties":{"s":60.0,"pub":true}},{"type":"Feature","geometry":{"type":"Point","coordinates":[-106.377,38.685]},"properties":{"s":60.0,"pub":true}},{"type":"Feature","geometry":{"type":"Point","coordinates":[-106.377,38.6908]},"properties":{"s":60.0,"pub":true}},{"type":"Feature","geometry":{"type":"Point","coordinates":[-106.377,38.6966]},"properties":{"s":60.0,"pub":true}},{"type":"Feature","geometry":{"type":"Point","coordinates":[-106.3695,38.627]},"properties":{"s":60.0,"pub":true}},{"type":"Feature","geometry":{"type":"Point","coordinates":[-106.3695,38.6328]},"properties":{"s":60.0,"pub":true}},{"type":"Feature","geometry":{"type":"Point","coordinates":[-106.3695,38.6386]},"properties":{"s":60.0,"pub":true}},{"type":"Feature","geometry":{"type":"Point","coordinates":[-106.3695,38.6444]},"properties":{"s":60.0,"pub":true}},{"type":"Feature","geometry":{"type":"Point","coordinates":[-106.3695,38.6502]},"properties":{"s":60.0,"pub":true}},{"type":"Feature","geometry":{"type":"Point","coordinates":[-106.3695,38.656]},"properties":{"s":60.0,"pub":true}},{"type":"Feature","geometry":{"type":"Point","coordinates":[-106.3695,38.6618]},"properties":{"s":60.0,"pub":true}},{"type":"Feature","geometry":{"type":"Point","coordinates":[-106.3695,38.6676]},"properties":{"s":60.0,"pub":true}},{"type":"Feature","geometry":{"type":"Point","coordinates":[-106.3695,38.6734]},"properties":{"s":60.0,"pub":true}},{"type":"Feature","geometry":{"type":"Point","coordinates":[-106.3695,38.6792]},"properties":{"s":60.0,"pub":true}},{"type":"Feature","geometry":{"type":"Point","coordinates":[-106.3695,38.685]},"properties":{"s":60.0,"pub":true}},{"type":"Feature","geometry":{"type":"Point","coordinates":[-106.3695,38.6908]},"properties":{"s":60.0,"pub":true}},{"type":"Feature","geometry":{"type":"Point","coordinates":[-106.3695,38.6966]},"properties":{"s":60.0,"pub":true}},{"type":"Feature","geometry":{"type":"Point","coordinates":[-106.362,38.6212]},"properties":{"s":60.0,"pub":true}},{"type":"Feature","geometry":{"type":"Point","coordinates":[-106.362,38.627]},"properties":{"s":60.0,"pub":true}},{"type":"Feature","geometry":{"type":"Point","coordinates":[-106.362,38.6328]},"properties":{"s":60.0,"pub":true}},{"type":"Feature","geometry":{"type":"Point","coordinates":[-106.362,38.6386]},"properties":{"s":60.0,"pub":true}},{"type":"Feature","geometry":{"type":"Point","coordinates":[-106.362,38.6444]},"properties":{"s":60.0,"pub":true}},{"type":"Feature","geometry":{"type":"Point","coordinates":[-106.362,38.6502]},"properties":{"s":60.0,"pub":true}},{"type":"Feature","geometry":{"type":"Point","coordinates":[-106.362,38.656]},"properties":{"s":60.0,"pub":true}},{"type":"Feature","geometry":{"type":"Point","coordinates":[-106.362,38.6618]},"properties":{"s":60.0,"pub":true}},{"type":"Feature","geometry":{"type":"Point","coordinates":[-106.362,38.6676]},"properties":{"s":60.0,"pub":true}},{"type":"Feature","geometry":{"type":"Point","coordinates":[-106.362,38.6734]},"properties":{"s":60.0,"pub":true}},{"type":"Feature","geometry":{"type":"Point","coordinates":[-106.362,38.6792]},"properties":{"s":60.0,"pub":true}},{"type":"Feature","geometry":{"type":"Point","coordinates":[-106.362,38.685]},"properties":{"s":60.0,"pub":true}},{"type":"Feature","geometry":{"type":"Point","coordinates":[-106.362,38.6908]},"properties":{"s":60.0,"pub":true}},{"type":"Feature","geometry":{"type":"Point","coordinates":[-106.362,38.6966]},"properties":{"s":60.0,"pub":true}},{"type":"Feature","geometry":{"type":"Point","coordinates":[-106.3545,38.5922]},"properties":{"s":60.0,"pub":true}},{"type":"Feature","geometry":{"type":"Point","coordinates":[-106.3545,38.598]},"properties":{"s":60.0,"pub":true}},{"type":"Feature","geometry":{"type":"Point","coordinates":[-106.3545,38.6154]},"properties":{"s":60.0,"pub":true}},{"type":"Feature","geometry":{"type":"Point","coordinates":[-106.3545,38.6212]},"properties":{"s":60.0,"pub":true}},{"type":"Feature","geometry":{"type":"Point","coordinates":[-106.3545,38.627]},"properties":{"s":60.0,"pub":true}},{"type":"Feature","geometry":{"type":"Point","coordinates":[-106.3545,38.656]},"properties":{"s":60.0,"pub":true}},{"type":"Feature","geometry":{"type":"Point","coordinates":[-106.3545,38.6618]},"properties":{"s":60.0,"pub":true}},{"type":"Feature","geometry":{"type":"Point","coordinates":[-106.3545,38.685]},"properties":{"s":60.0,"pub":true}},{"type":"Feature","geometry":{"type":"Point","coordinates":[-106.3545,38.6908]},"properties":{"s":60.0,"pub":true}},{"type":"Feature","geometry":{"type":"Point","coordinates":[-106.3545,38.6966]},"properties":{"s":60.0,"pub":true}},{"type":"Feature","geometry":{"type":"Point","coordinates":[-106.3545,38.7024]},"properties":{"s":60.0,"pub":true}},{"type":"Feature","geometry":{"type":"Point","coordinates":[-106.347,38.511]},"properties":{"s":63.3,"pub":true}},{"type":"Feature","geometry":{"type":"Point","coordinates":[-106.347,38.5342]},"properties":{"s":60.0,"pub":true}},{"type":"Feature","geometry":{"type":"Point","coordinates":[-106.347,38.54]},"properties":{"s":60.0,"pub":true}},{"type":"Feature","geometry":{"type":"Point","coordinates":[-106.347,38.5458]},"properties":{"s":60.0,"pub":true}},{"type":"Feature","geometry":{"type":"Point","coordinates":[-106.347,38.5516]},"properties":{"s":60.0,"pub":true}},{"type":"Feature","geometry":{"type":"Point","coordinates":[-106.347,38.5922]},"properties":{"s":60.0,"pub":true}},{"type":"Feature","geometry":{"type":"Point","coordinates":[-106.347,38.598]},"properties":{"s":60.0,"pub":true}},{"type":"Feature","geometry":{"type":"Point","coordinates":[-106.347,38.656]},"properties":{"s":60.0,"pub":true}},{"type":"Feature","geometry":{"type":"Point","coordinates":[-106.347,38.685]},"properties":{"s":60.0,"pub":true}},{"type":"Feature","geometry":{"type":"Point","coordinates":[-106.347,38.6908]},"properties":{"s":60.0,"pub":true}},{"type":"Feature","geometry":{"type":"Point","coordinates":[-106.347,38.6966]},"properties":{"s":60.0,"pub":true}},{"type":"Feature","geometry":{"type":"Point","coordinates":[-106.347,38.7024]},"properties":{"s":60.0,"pub":true}},{"type":"Feature","geometry":{"type":"Point","coordinates":[-106.3395,38.5052]},"properties":{"s":60.0,"pub":true}},{"type":"Feature","geometry":{"type":"Point","coordinates":[-106.3395,38.511]},"properties":{"s":60.0,"pub":true}},{"type":"Feature","geometry":{"type":"Point","coordinates":[-106.3395,38.5168]},"properties":{"s":63.3,"pub":true}},{"type":"Feature","geometry":{"type":"Point","coordinates":[-106.3395,38.5226]},"properties":{"s":63.3,"pub":true}},{"type":"Feature","geometry":{"type":"Point","coordinates":[-106.3395,38.5284]},"properties":{"s":63.3,"pub":true}},{"type":"Feature","geometry":{"type":"Point","coordinates":[-106.3395,38.5342]},"properties":{"s":63.3,"pub":true}},{"type":"Feature","geometry":{"type":"Point","coordinates":[-106.3395,38.54]},"properties":{"s":60.0,"pub":true}},{"type":"Feature","geometry":{"type":"Point","coordinates":[-106.3395,38.5458]},"properties":{"s":60.0,"pub":true}},{"type":"Feature","geometry":{"type":"Point","coordinates":[-106.3395,38.5516]},"properties":{"s":60.0,"pub":true}},{"type":"Feature","geometry":{"type":"Point","coordinates":[-106.3395,38.5574]},"properties":{"s":60.0,"pub":true}},{"type":"Feature","geometry":{"type":"Point","coordinates":[-106.3395,38.5806]},"properties":{"s":60.0,"pub":true}},{"type":"Feature","geometry":{"type":"Point","coordinates":[-106.3395,38.5864]},"properties":{"s":60.0,"pub":true}},{"type":"Feature","geometry":{"type":"Point","coordinates":[-106.3395,38.6154]},"properties":{"s":60.0,"pub":true}},{"type":"Feature","geometry":{"type":"Point","coordinates":[-106.3395,38.6676]},"properties":{"s":60.0,"pub":true}},{"type":"Feature","geometry":{"type":"Point","coordinates":[-106.3395,38.6734]},"properties":{"s":60.0,"pub":true}},{"type":"Feature","geometry":{"type":"Point","coordinates":[-106.3395,38.6792]},"properties":{"s":60.0,"pub":true}},{"type":"Feature","geometry":{"type":"Point","coordinates":[-106.3395,38.685]},"properties":{"s":60.0,"pub":true}},{"type":"Feature","geometry":{"type":"Point","coordinates":[-106.3395,38.6908]},"properties":{"s":60.0,"pub":true}},{"type":"Feature","geometry":{"type":"Point","coordinates":[-106.3395,38.6966]},"properties":{"s":60.0,"pub":true}},{"type":"Feature","geometry":{"type":"Point","coordinates":[-106.3395,38.7024]},"properties":{"s":60.0,"pub":true}},{"type":"Feature","geometry":{"type":"Point","coordinates":[-106.332,38.5052]},"properties":{"s":60.0,"pub":true}},{"type":"Feature","geometry":{"type":"Point","coordinates":[-106.332,38.511]},"properties":{"s":60.0,"pub":true}},{"type":"Feature","geometry":{"type":"Point","coordinates":[-106.332,38.5168]},"properties":{"s":60.0,"pub":true}},{"type":"Feature","geometry":{"type":"Point","coordinates":[-106.332,38.5226]},"properties":{"s":63.3,"pub":true}},{"type":"Feature","geometry":{"type":"Point","coordinates":[-106.332,38.5284]},"properties":{"s":63.3,"pub":true}},{"type":"Feature","geometry":{"type":"Point","coordinates":[-106.332,38.5342]},"properties":{"s":63.3,"pub":true}},{"type":"Feature","geometry":{"type":"Point","coordinates":[-106.332,38.54]},"properties":{"s":60.0,"pub":true}},{"type":"Feature","geometry":{"type":"Point","coordinates":[-106.332,38.5458]},"properties":{"s":60.0,"pub":true}},{"type":"Feature","geometry":{"type":"Point","coordinates":[-106.332,38.5516]},"properties":{"s":60.0,"pub":true}},{"type":"Feature","geometry":{"type":"Point","coordinates":[-106.332,38.5574]},"properties":{"s":60.0,"pub":true}},{"type":"Feature","geometry":{"type":"Point","coordinates":[-106.332,38.5632]},"properties":{"s":60.0,"pub":true}},{"type":"Feature","geometry":{"type":"Point","coordinates":[-106.332,38.569]},"properties":{"s":60.0,"pub":true}},{"type":"Feature","geometry":{"type":"Point","coordinates":[-106.332,38.5748]},"properties":{"s":60.0,"pub":true}},{"type":"Feature","geometry":{"type":"Point","coordinates":[-106.332,38.5806]},"properties":{"s":60.0,"pub":true}},{"type":"Feature","geometry":{"type":"Point","coordinates":[-106.332,38.6154]},"properties":{"s":60.0,"pub":true}},{"type":"Feature","geometry":{"type":"Point","coordinates":[-106.332,38.6212]},"properties":{"s":60.0,"pub":true}},{"type":"Feature","geometry":{"type":"Point","coordinates":[-106.332,38.6502]},"properties":{"s":60.0,"pub":true}},{"type":"Feature","geometry":{"type":"Point","coordinates":[-106.332,38.656]},"properties":{"s":60.0,"pub":true}},{"type":"Feature","geometry":{"type":"Point","coordinates":[-106.332,38.6618]},"properties":{"s":60.0,"pub":true}},{"type":"Feature","geometry":{"type":"Point","coordinates":[-106.332,38.6676]},"properties":{"s":60.0,"pub":true}},{"type":"Feature","geometry":{"type":"Point","coordinates":[-106.332,38.6734]},"properties":{"s":60.0,"pub":true}},{"type":"Feature","geometry":{"type":"Point","coordinates":[-106.332,38.6792]},"properties":{"s":60.0,"pub":true}},{"type":"Feature","geometry":{"type":"Point","coordinates":[-106.332,38.7082]},"properties":{"s":60.0,"pub":true}},{"type":"Feature","geometry":{"type":"Point","coordinates":[-106.3245,38.5342]},"properties":{"s":63.3,"pub":true}},{"type":"Feature","geometry":{"type":"Point","coordinates":[-106.3245,38.54]},"properties":{"s":63.3,"pub":true}},{"type":"Feature","geometry":{"type":"Point","coordinates":[-106.3245,38.5458]},"properties":{"s":60.0,"pub":true}},{"type":"Feature","geometry":{"type":"Point","coordinates":[-106.3245,38.5516]},"properties":{"s":60.0,"pub":true}},{"type":"Feature","geometry":{"type":"Point","coordinates":[-106.3245,38.5574]},"properties":{"s":60.0,"pub":true}},{"type":"Feature","geometry":{"type":"Point","coordinates":[-106.3245,38.5632]},"properties":{"s":60.0,"pub":true}},{"type":"Feature","geometry":{"type":"Point","coordinates":[-106.3245,38.569]},"properties":{"s":60.0,"pub":true}},{"type":"Feature","geometry":{"type":"Point","coordinates":[-106.3245,38.5748]},"properties":{"s":60.0,"pub":true}},{"type":"Feature","geometry":{"type":"Point","coordinates":[-106.3245,38.6096]},"properties":{"s":60.0,"pub":true}},{"type":"Feature","geometry":{"type":"Point","coordinates":[-106.3245,38.6154]},"properties":{"s":60.0,"pub":true}},{"type":"Feature","geometry":{"type":"Point","coordinates":[-106.3245,38.6212]},"properties":{"s":60.0,"pub":true}},{"type":"Feature","geometry":{"type":"Point","coordinates":[-106.3245,38.6444]},"properties":{"s":60.0,"pub":true}},{"type":"Feature","geometry":{"type":"Point","coordinates":[-106.3245,38.7082]},"properties":{"s":60.0,"pub":true}},{"type":"Feature","geometry":{"type":"Point","coordinates":[-106.317,38.54]},"properties":{"s":63.3,"pub":true}},{"type":"Feature","geometry":{"type":"Point","coordinates":[-106.317,38.5458]},"properties":{"s":63.3,"pub":true}},{"type":"Feature","geometry":{"type":"Point","coordinates":[-106.317,38.5516]},"properties":{"s":60.0,"pub":true}},{"type":"Feature","geometry":{"type":"Point","coordinates":[-106.317,38.5574]},"properties":{"s":60.0,"pub":true}},{"type":"Feature","geometry":{"type":"Point","coordinates":[-106.317,38.5632]},"properties":{"s":60.0,"pub":true}},{"type":"Feature","geometry":{"type":"Point","coordinates":[-106.317,38.569]},"properties":{"s":60.0,"pub":true}},{"type":"Feature","geometry":{"type":"Point","coordinates":[-106.317,38.5748]},"properties":{"s":60.0,"pub":true}},{"type":"Feature","geometry":{"type":"Point","coordinates":[-106.317,38.6096]},"properties":{"s":63.3,"pub":true}},{"type":"Feature","geometry":{"type":"Point","coordinates":[-106.317,38.6154]},"properties":{"s":63.3,"pub":true}},{"type":"Feature","geometry":{"type":"Point","coordinates":[-106.317,38.7082]},"properties":{"s":60.0,"pub":true}},{"type":"Feature","geometry":{"type":"Point","coordinates":[-106.3095,38.5458]},"properties":{"s":63.3,"pub":true}},{"type":"Feature","geometry":{"type":"Point","coordinates":[-106.3095,38.5516]},"properties":{"s":60.0,"pub":true}},{"type":"Feature","geometry":{"type":"Point","coordinates":[-106.3095,38.5574]},"properties":{"s":60.0,"pub":true}},{"type":"Feature","geometry":{"type":"Point","coordinates":[-106.3095,38.5632]},"properties":{"s":60.0,"pub":true}},{"type":"Feature","geometry":{"type":"Point","coordinates":[-106.3095,38.569]},"properties":{"s":60.0,"pub":true}},{"type":"Feature","geometry":{"type":"Point","coordinates":[-106.3095,38.6096]},"properties":{"s":63.3,"pub":true}},{"type":"Feature","geometry":{"type":"Point","coordinates":[-106.3095,38.627]},"properties":{"s":60.0,"pub":true}},{"type":"Feature","geometry":{"type":"Point","coordinates":[-106.3095,38.6328]},"properties":{"s":60.0,"pub":true}},{"type":"Feature","geometry":{"type":"Point","coordinates":[-106.3095,38.7082]},"properties":{"s":60.0,"pub":true}},{"type":"Feature","geometry":{"type":"Point","coordinates":[-106.302,38.5516]},"properties":{"s":63.3,"pub":true}},{"type":"Feature","geometry":{"type":"Point","coordinates":[-106.302,38.5574]},"properties":{"s":60.0,"pub":true}},{"type":"Feature","geometry":{"type":"Point","coordinates":[-106.302,38.5632]},"properties":{"s":60.0,"pub":true}},{"type":"Feature","geometry":{"type":"Point","coordinates":[-106.302,38.5806]},"properties":{"s":46.7,"pub":true}},{"type":"Feature","geometry":{"type":"Point","coordinates":[-106.302,38.5864]},"properties":{"s":46.7,"pub":true}},{"type":"Feature","geometry":{"type":"Point","coordinates":[-106.302,38.6096]},"properties":{"s":63.3,"pub":true}},{"type":"Feature","geometry":{"type":"Point","coordinates":[-106.302,38.6212]},"properties":{"s":60.0,"pub":true}},{"type":"Feature","geometry":{"type":"Point","coordinates":[-106.302,38.7082]},"properties":{"s":60.0,"pub":true}},{"type":"Feature","geometry":{"type":"Point","coordinates":[-106.2945,38.5574]},"properties":{"s":60.0,"pub":true}},{"type":"Feature","geometry":{"type":"Point","coordinates":[-106.2945,38.5632]},"properties":{"s":60.0,"pub":true}},{"type":"Feature","geometry":{"type":"Point","coordinates":[-106.2945,38.5748]},"properties":{"s":46.7,"pub":true}},{"type":"Feature","geometry":{"type":"Point","coordinates":[-106.2945,38.5806]},"properties":{"s":46.7,"pub":true}},{"type":"Feature","geometry":{"type":"Point","coordinates":[-106.2945,38.5864]},"properties":{"s":46.7,"pub":true}},{"type":"Feature","geometry":{"type":"Point","coordinates":[-106.2945,38.5922]},"properties":{"s":46.7,"pub":true}},{"type":"Feature","geometry":{"type":"Point","coordinates":[-106.2945,38.598]},"properties":{"s":63.3,"pub":true}},{"type":"Feature","geometry":{"type":"Point","coordinates":[-106.2945,38.6038]},"properties":{"s":63.3,"pub":true}},{"type":"Feature","geometry":{"type":"Point","coordinates":[-106.2945,38.6096]},"properties":{"s":63.3,"pub":true}},{"type":"Feature","geometry":{"type":"Point","coordinates":[-106.2945,38.7024]},"properties":{"s":60.0,"pub":true}},{"type":"Feature","geometry":{"type":"Point","coordinates":[-106.2945,38.7082]},"properties":{"s":60.0,"pub":true}},{"type":"Feature","geometry":{"type":"Point","coordinates":[-106.287,38.5516]},"properties":{"s":63.3,"pub":true}},{"type":"Feature","geometry":{"type":"Point","coordinates":[-106.287,38.5574]},"properties":{"s":63.3,"pub":true}},{"type":"Feature","geometry":{"type":"Point","coordinates":[-106.287,38.5632]},"properties":{"s":60.0,"pub":true}},{"type":"Feature","geometry":{"type":"Point","coordinates":[-106.287,38.5748]},"properties":{"s":46.7,"pub":true}},{"type":"Feature","geometry":{"type":"Point","coordinates":[-106.287,38.5806]},"properties":{"s":46.7,"pub":true}},{"type":"Feature","geometry":{"type":"Point","coordinates":[-106.287,38.5864]},"properties":{"s":46.7,"pub":true}},{"type":"Feature","geometry":{"type":"Point","coordinates":[-106.287,38.5922]},"properties":{"s":90.0,"pub":true}},{"type":"Feature","geometry":{"type":"Point","coordinates":[-106.287,38.598]},"properties":{"s":63.3,"pub":true}},{"type":"Feature","geometry":{"type":"Point","coordinates":[-106.287,38.6038]},"properties":{"s":63.3,"pub":true}},{"type":"Feature","geometry":{"type":"Point","coordinates":[-106.287,38.6734]},"properties":{"s":60.0,"pub":true}},{"type":"Feature","geometry":{"type":"Point","coordinates":[-106.287,38.7024]},"properties":{"s":60.0,"pub":true}},{"type":"Feature","geometry":{"type":"Point","coordinates":[-106.287,38.7082]},"properties":{"s":30.0,"pub":true}},{"type":"Feature","geometry":{"type":"Point","coordinates":[-106.2795,38.5516]},"properties":{"s":63.3,"pub":true}},{"type":"Feature","geometry":{"type":"Point","coordinates":[-106.2795,38.5574]},"properties":{"s":63.3,"pub":true}},{"type":"Feature","geometry":{"type":"Point","coordinates":[-106.2795,38.5632]},"properties":{"s":60.0,"pub":true}},{"type":"Feature","geometry":{"type":"Point","coordinates":[-106.2795,38.569]},"properties":{"s":86.7,"pub":true}},{"type":"Feature","geometry":{"type":"Point","coordinates":[-106.2795,38.5748]},"properties":{"s":86.7,"pub":true}},{"type":"Feature","geometry":{"type":"Point","coordinates":[-106.2795,38.5806]},"properties":{"s":86.7,"pub":true}},{"type":"Feature","geometry":{"type":"Point","coordinates":[-106.2795,38.5864]},"properties":{"s":86.7,"pub":true}},{"type":"Feature","geometry":{"type":"Point","coordinates":[-106.2795,38.5922]},"properties":{"s":90.0,"pub":true}},{"type":"Feature","geometry":{"type":"Point","coordinates":[-106.2795,38.598]},"properties":{"s":63.3,"pub":true}},{"type":"Feature","geometry":{"type":"Point","coordinates":[-106.2795,38.6038]},"properties":{"s":63.3,"pub":true}},{"type":"Feature","geometry":{"type":"Point","coordinates":[-106.2795,38.6386]},"properties":{"s":60.0,"pub":true}},{"type":"Feature","geometry":{"type":"Point","coordinates":[-106.2795,38.6444]},"properties":{"s":60.0,"pub":true}},{"type":"Feature","geometry":{"type":"Point","coordinates":[-106.2795,38.6792]},"properties":{"s":60.0,"pub":true}},{"type":"Feature","geometry":{"type":"Point","coordinates":[-106.2795,38.685]},"properties":{"s":60.0,"pub":true}},{"type":"Feature","geometry":{"type":"Point","coordinates":[-106.2795,38.6908]},"properties":{"s":60.0,"pub":true}},{"type":"Feature","geometry":{"type":"Point","coordinates":[-106.2795,38.6966]},"properties":{"s":60.0,"pub":true}},{"type":"Feature","geometry":{"type":"Point","coordinates":[-106.2795,38.7024]},"properties":{"s":60.0,"pub":true}},{"type":"Feature","geometry":{"type":"Point","coordinates":[-106.2795,38.7082]},"properties":{"s":70.0,"pub":true}},{"type":"Feature","geometry":{"type":"Point","coordinates":[-106.272,38.5516]},"properties":{"s":66.7,"pub":true}},{"type":"Feature","geometry":{"type":"Point","coordinates":[-106.272,38.569]},"properties":{"s":60.0,"pub":true}},{"type":"Feature","geometry":{"type":"Point","coordinates":[-106.272,38.5748]},"properties":{"s":86.7,"pub":true}},{"type":"Feature","geometry":{"type":"Point","coordinates":[-106.272,38.5806]},"properties":{"s":86.7,"pub":true}},{"type":"Feature","geometry":{"type":"Point","coordinates":[-106.272,38.5864]},"properties":{"s":86.7,"pub":true}},{"type":"Feature","geometry":{"type":"Point","coordinates":[-106.272,38.5922]},"properties":{"s":90.0,"pub":true}},{"type":"Feature","geometry":{"type":"Point","coordinates":[-106.272,38.598]},"properties":{"s":63.3,"pub":true}},{"type":"Feature","geometry":{"type":"Point","coordinates":[-106.272,38.6386]},"properties":{"s":63.3,"pub":true}},{"type":"Feature","geometry":{"type":"Point","coordinates":[-106.272,38.6444]},"properties":{"s":63.3,"pub":true}},{"type":"Feature","geometry":{"type":"Point","coordinates":[-106.272,38.6676]},"properties":{"s":60.0,"pub":true}},{"type":"Feature","geometry":{"type":"Point","coordinates":[-106.272,38.6792]},"properties":{"s":60.0,"pub":true}},{"type":"Feature","geometry":{"type":"Point","coordinates":[-106.272,38.685]},"properties":{"s":60.0,"pub":true}},{"type":"Feature","geometry":{"type":"Point","coordinates":[-106.272,38.6908]},"properties":{"s":60.0,"pub":true}},{"type":"Feature","geometry":{"type":"Point","coordinates":[-106.272,38.6966]},"properties":{"s":60.0,"pub":true}},{"type":"Feature","geometry":{"type":"Point","coordinates":[-106.272,38.7024]},"properties":{"s":60.0,"pub":true}},{"type":"Feature","geometry":{"type":"Point","coordinates":[-106.272,38.7082]},"properties":{"s":70.0,"pub":true}},{"type":"Feature","geometry":{"type":"Point","coordinates":[-106.272,38.714]},"properties":{"s":30.0,"pub":true}},{"type":"Feature","geometry":{"type":"Point","coordinates":[-106.2645,38.5516]},"properties":{"s":66.7,"pub":true}},{"type":"Feature","geometry":{"type":"Point","coordinates":[-106.2645,38.569]},"properties":{"s":60.0,"pub":true}},{"type":"Feature","geometry":{"type":"Point","coordinates":[-106.2645,38.5748]},"properties":{"s":86.7,"pub":true}},{"type":"Feature","geometry":{"type":"Point","coordinates":[-106.2645,38.5806]},"properties":{"s":86.7,"pub":true}},{"type":"Feature","geometry":{"type":"Point","coordinates":[-106.2645,38.5864]},"properties":{"s":86.7,"pub":true}},{"type":"Feature","geometry":{"type":"Point","coordinates":[-106.2645,38.5922]},"properties":{"s":90.0,"pub":true}},{"type":"Feature","geometry":{"type":"Point","coordinates":[-106.2645,38.598]},"properties":{"s":63.3,"pub":true}},{"type":"Feature","geometry":{"type":"Point","coordinates":[-106.2645,38.6038]},"properties":{"s":63.3,"pub":true}},{"type":"Feature","geometry":{"type":"Point","coordinates":[-106.2645,38.6096]},"properties":{"s":63.3,"pub":true}},{"type":"Feature","geometry":{"type":"Point","coordinates":[-106.2645,38.6386]},"properties":{"s":63.3,"pub":true}},{"type":"Feature","geometry":{"type":"Point","coordinates":[-106.2645,38.6444]},"properties":{"s":63.3,"pub":true}},{"type":"Feature","geometry":{"type":"Point","coordinates":[-106.2645,38.6734]},"properties":{"s":60.0,"pub":true}},{"type":"Feature","geometry":{"type":"Point","coordinates":[-106.2645,38.6908]},"properties":{"s":60.0,"pub":true}},{"type":"Feature","geometry":{"type":"Point","coordinates":[-106.2645,38.6966]},"properties":{"s":60.0,"pub":true}},{"type":"Feature","geometry":{"type":"Point","coordinates":[-106.2645,38.7024]},"properties":{"s":60.0,"pub":true}},{"type":"Feature","geometry":{"type":"Point","coordinates":[-106.2645,38.7082]},"properties":{"s":70.0,"pub":true}},{"type":"Feature","geometry":{"type":"Point","coordinates":[-106.257,38.5748]},"properties":{"s":86.7,"pub":true}},{"type":"Feature","geometry":{"type":"Point","coordinates":[-106.257,38.5806]},"properties":{"s":86.7,"pub":true}},{"type":"Feature","geometry":{"type":"Point","coordinates":[-106.257,38.5864]},"properties":{"s":86.7,"pub":true}},{"type":"Feature","geometry":{"type":"Point","coordinates":[-106.257,38.5922]},"properties":{"s":90.0,"pub":true}},{"type":"Feature","geometry":{"type":"Point","coordinates":[-106.257,38.598]},"properties":{"s":63.3,"pub":true}},{"type":"Feature","geometry":{"type":"Point","coordinates":[-106.257,38.6038]},"properties":{"s":63.3,"pub":true}},{"type":"Feature","geometry":{"type":"Point","coordinates":[-106.257,38.6386]},"properties":{"s":60.0,"pub":true}},{"type":"Feature","geometry":{"type":"Point","coordinates":[-106.257,38.6444]},"properties":{"s":63.3,"pub":true}},{"type":"Feature","geometry":{"type":"Point","coordinates":[-106.257,38.7082]},"properties":{"s":60.0,"pub":true}},{"type":"Feature","geometry":{"type":"Point","coordinates":[-106.257,38.714]},"properties":{"s":33.3,"pub":true}},{"type":"Feature","geometry":{"type":"Point","coordinates":[-106.2495,38.5748]},"properties":{"s":46.7,"pub":true}},{"type":"Feature","geometry":{"type":"Point","coordinates":[-106.2495,38.5806]},"properties":{"s":46.7,"pub":true}},{"type":"Feature","geometry":{"type":"Point","coordinates":[-106.2495,38.5864]},"properties":{"s":46.7,"pub":true}},{"type":"Feature","geometry":{"type":"Point","coordinates":[-106.2495,38.5922]},"properties":{"s":66.7,"pub":true}},{"type":"Feature","geometry":{"type":"Point","coordinates":[-106.2495,38.6386]},"properties":{"s":60.0,"pub":true}},{"type":"Feature","geometry":{"type":"Point","coordinates":[-106.2495,38.6444]},"properties":{"s":63.3,"pub":true}},{"type":"Feature","geometry":{"type":"Point","coordinates":[-106.2495,38.7082]},"properties":{"s":63.3,"pub":true}},{"type":"Feature","geometry":{"type":"Point","coordinates":[-106.2495,38.714]},"properties":{"s":33.3,"pub":true}},{"type":"Feature","geometry":{"type":"Point","coordinates":[-106.242,38.5748]},"properties":{"s":50.0,"pub":true}},{"type":"Feature","geometry":{"type":"Point","coordinates":[-106.242,38.5806]},"properties":{"s":50.0,"pub":true}},{"type":"Feature","geometry":{"type":"Point","coordinates":[-106.242,38.5864]},"properties":{"s":46.7,"pub":true}},{"type":"Feature","geometry":{"type":"Point","coordinates":[-106.242,38.6386]},"properties":{"s":60.0,"pub":true}},{"type":"Feature","geometry":{"type":"Point","coordinates":[-106.242,38.6444]},"properties":{"s":63.3,"pub":true}},{"type":"Feature","geometry":{"type":"Point","coordinates":[-106.242,38.6618]},"properties":{"s":60.0,"pub":true}},{"type":"Feature","geometry":{"type":"Point","coordinates":[-106.242,38.7082]},"properties":{"s":63.3,"pub":true}},{"type":"Feature","geometry":{"type":"Point","coordinates":[-106.2345,38.5458]},"properties":{"s":33.3,"pub":true}},{"type":"Feature","geometry":{"type":"Point","coordinates":[-106.2345,38.5748]},"properties":{"s":50.0,"pub":true}},{"type":"Feature","geometry":{"type":"Point","coordinates":[-106.2345,38.5806]},"properties":{"s":50.0,"pub":true}},{"type":"Feature","geometry":{"type":"Point","coordinates":[-106.2345,38.5864]},"properties":{"s":50.0,"pub":true}},{"type":"Feature","geometry":{"type":"Point","coordinates":[-106.2345,38.598]},"properties":{"s":63.3,"pub":true}},{"type":"Feature","geometry":{"type":"Point","coordinates":[-106.2345,38.6386]},"properties":{"s":60.0,"pub":true}},{"type":"Feature","geometry":{"type":"Point","coordinates":[-106.2345,38.6444]},"properties":{"s":63.3,"pub":true}},{"type":"Feature","geometry":{"type":"Point","coordinates":[-106.2345,38.6618]},"properties":{"s":60.0,"pub":true}},{"type":"Feature","geometry":{"type":"Point","coordinates":[-106.2345,38.6676]},"properties":{"s":60.0,"pub":true}},{"type":"Feature","geometry":{"type":"Point","coordinates":[-106.2345,38.6908]},"properties":{"s":60.0,"pub":true}},{"type":"Feature","geometry":{"type":"Point","coordinates":[-106.2345,38.6966]},"properties":{"s":60.0,"pub":true}},{"type":"Feature","geometry":{"type":"Point","coordinates":[-106.2345,38.7024]},"properties":{"s":60.0,"pub":true}},{"type":"Feature","geometry":{"type":"Point","coordinates":[-106.2345,38.7082]},"properties":{"s":63.3,"pub":true}},{"type":"Feature","geometry":{"type":"Point","coordinates":[-106.227,38.5458]},"properties":{"s":33.3,"pub":true}},{"type":"Feature","geometry":{"type":"Point","coordinates":[-106.227,38.5516]},"properties":{"s":33.3,"pub":true}},{"type":"Feature","geometry":{"type":"Point","coordinates":[-106.227,38.5806]},"properties":{"s":50.0,"pub":true}},{"type":"Feature","geometry":{"type":"Point","coordinates":[-106.227,38.5864]},"properties":{"s":33.3,"pub":true}},{"type":"Feature","geometry":{"type":"Point","coordinates":[-106.227,38.598]},"properties":{"s":63.3,"pub":true}},{"type":"Feature","geometry":{"type":"Point","coordinates":[-106.227,38.6096]},"properties":{"s":63.3,"pub":true}},{"type":"Feature","geometry":{"type":"Point","coordinates":[-106.227,38.6386]},"properties":{"s":60.0,"pub":true}},{"type":"Feature","geometry":{"type":"Point","coordinates":[-106.227,38.6444]},"properties":{"s":63.3,"pub":true}},{"type":"Feature","geometry":{"type":"Point","coordinates":[-106.227,38.6618]},"properties":{"s":60.0,"pub":true}},{"type":"Feature","geometry":{"type":"Point","coordinates":[-106.227,38.6676]},"properties":{"s":60.0,"pub":true}},{"type":"Feature","geometry":{"type":"Point","coordinates":[-106.227,38.7024]},"properties":{"s":60.0,"pub":true}},{"type":"Feature","geometry":{"type":"Point","coordinates":[-106.227,38.7082]},"properties":{"s":63.3,"pub":true}},{"type":"Feature","geometry":{"type":"Point","coordinates":[-106.2195,38.5458]},"properties":{"s":33.3,"pub":true}},{"type":"Feature","geometry":{"type":"Point","coordinates":[-106.2195,38.5516]},"properties":{"s":33.3,"pub":true}},{"type":"Feature","geometry":{"type":"Point","coordinates":[-106.2195,38.5864]},"properties":{"s":33.3,"pub":true}},{"type":"Feature","geometry":{"type":"Point","coordinates":[-106.2195,38.598]},"properties":{"s":63.3,"pub":true}},{"type":"Feature","geometry":{"type":"Point","coordinates":[-106.2195,38.6038]},"properties":{"s":63.3,"pub":true}},{"type":"Feature","geometry":{"type":"Point","coordinates":[-106.2195,38.6096]},"properties":{"s":63.3,"pub":true}},{"type":"Feature","geometry":{"type":"Point","coordinates":[-106.2195,38.6154]},"properties":{"s":60.0,"pub":true}},{"type":"Feature","geometry":{"type":"Point","coordinates":[-106.2195,38.6212]},"properties":{"s":60.0,"pub":true}},{"type":"Feature","geometry":{"type":"Point","coordinates":[-106.2195,38.627]},"properties":{"s":60.0,"pub":true}},{"type":"Feature","geometry":{"type":"Point","coordinates":[-106.2195,38.6444]},"properties":{"s":63.3,"pub":true}},{"type":"Feature","geometry":{"type":"Point","coordinates":[-106.2195,38.6502]},"properties":{"s":60.0,"pub":true}},{"type":"Feature","geometry":{"type":"Point","coordinates":[-106.2195,38.6618]},"properties":{"s":60.0,"pub":true}},{"type":"Feature","geometry":{"type":"Point","coordinates":[-106.2195,38.6676]},"properties":{"s":60.0,"pub":true}},{"type":"Feature","geometry":{"type":"Point","coordinates":[-106.2195,38.7024]},"properties":{"s":60.0,"pub":true}},{"type":"Feature","geometry":{"type":"Point","coordinates":[-106.2195,38.7082]},"properties":{"s":63.3,"pub":true}},{"type":"Feature","geometry":{"type":"Point","coordinates":[-106.212,38.5458]},"properties":{"s":33.3,"pub":true}},{"type":"Feature","geometry":{"type":"Point","coordinates":[-106.212,38.5516]},"properties":{"s":33.3,"pub":true}},{"type":"Feature","geometry":{"type":"Point","coordinates":[-106.212,38.5864]},"properties":{"s":33.3,"pub":true}},{"type":"Feature","geometry":{"type":"Point","coordinates":[-106.212,38.598]},"properties":{"s":63.3,"pub":true}},{"type":"Feature","geometry":{"type":"Point","coordinates":[-106.212,38.6038]},"properties":{"s":63.3,"pub":true}},{"type":"Feature","geometry":{"type":"Point","coordinates":[-106.212,38.6096]},"properties":{"s":63.3,"pub":true}},{"type":"Feature","geometry":{"type":"Point","coordinates":[-106.212,38.6154]},"properties":{"s":60.0,"pub":true}},{"type":"Feature","geometry":{"type":"Point","coordinates":[-106.212,38.6212]},"properties":{"s":60.0,"pub":true}},{"type":"Feature","geometry":{"type":"Point","coordinates":[-106.212,38.627]},"properties":{"s":60.0,"pub":true}},{"type":"Feature","geometry":{"type":"Point","coordinates":[-106.212,38.6444]},"properties":{"s":63.3,"pub":true}},{"type":"Feature","geometry":{"type":"Point","coordinates":[-106.212,38.6502]},"properties":{"s":60.0,"pub":true}},{"type":"Feature","geometry":{"type":"Point","coordinates":[-106.212,38.6618]},"properties":{"s":60.0,"pub":true}},{"type":"Feature","geometry":{"type":"Point","coordinates":[-106.212,38.6676]},"properties":{"s":60.0,"pub":true}},{"type":"Feature","geometry":{"type":"Point","coordinates":[-106.212,38.6734]},"properties":{"s":60.0,"pub":true}},{"type":"Feature","geometry":{"type":"Point","coordinates":[-106.212,38.6792]},"properties":{"s":63.3,"pub":true}},{"type":"Feature","geometry":{"type":"Point","coordinates":[-106.212,38.685]},"properties":{"s":63.3,"pub":true}},{"type":"Feature","geometry":{"type":"Point","coordinates":[-106.212,38.6908]},"properties":{"s":63.3,"pub":true}},{"type":"Feature","geometry":{"type":"Point","coordinates":[-106.212,38.6966]},"properties":{"s":60.0,"pub":true}},{"type":"Feature","geometry":{"type":"Point","coordinates":[-106.212,38.7024]},"properties":{"s":60.0,"pub":true}},{"type":"Feature","geometry":{"type":"Point","coordinates":[-106.212,38.7082]},"properties":{"s":63.3,"pub":true}},{"type":"Feature","geometry":{"type":"Point","coordinates":[-106.2045,38.5458]},"properties":{"s":30.0,"pub":true}},{"type":"Feature","geometry":{"type":"Point","coordinates":[-106.2045,38.5516]},"properties":{"s":33.3,"pub":true}},{"type":"Feature","geometry":{"type":"Point","coordinates":[-106.2045,38.5806]},"properties":{"s":33.3,"pub":true}},{"type":"Feature","geometry":{"type":"Point","coordinates":[-106.2045,38.6038]},"properties":{"s":63.3,"pub":true}},{"type":"Feature","geometry":{"type":"Point","coordinates":[-106.2045,38.6096]},"properties":{"s":63.3,"pub":true}},{"type":"Feature","geometry":{"type":"Point","coordinates":[-106.2045,38.6154]},"properties":{"s":63.3,"pub":true}},{"type":"Feature","geometry":{"type":"Point","coordinates":[-106.2045,38.6212]},"properties":{"s":60.0,"pub":true}},{"type":"Feature","geometry":{"type":"Point","coordinates":[-106.2045,38.627]},"properties":{"s":60.0,"pub":true}},{"type":"Feature","geometry":{"type":"Point","coordinates":[-106.2045,38.6328]},"properties":{"s":60.0,"pub":true}},{"type":"Feature","geometry":{"type":"Point","coordinates":[-106.2045,38.6444]},"properties":{"s":63.3,"pub":true}},{"type":"Feature","geometry":{"type":"Point","coordinates":[-106.2045,38.6502]},"properties":{"s":86.7,"pub":true}},{"type":"Feature","geometry":{"type":"Point","coordinates":[-106.2045,38.656]},"properties":{"s":60.0,"pub":true}},{"type":"Feature","geometry":{"type":"Point","coordinates":[-106.2045,38.6618]},"properties":{"s":60.0,"pub":true}},{"type":"Feature","geometry":{"type":"Point","coordinates":[-106.2045,38.6676]},"properties":{"s":60.0,"pub":true}},{"type":"Feature","geometry":{"type":"Point","coordinates":[-106.2045,38.6734]},"properties":{"s":90.0,"pub":true}},{"type":"Feature","geometry":{"type":"Point","coordinates":[-106.2045,38.6792]},"properties":{"s":90.0,"pub":true}},{"type":"Feature","geometry":{"type":"Point","coordinates":[-106.2045,38.685]},"properties":{"s":90.0,"pub":true}},{"type":"Feature","geometry":{"type":"Point","coordinates":[-106.2045,38.6908]},"properties":{"s":63.3,"pub":true}},{"type":"Feature","geometry":{"type":"Point","coordinates":[-106.2045,38.6966]},"properties":{"s":60.0,"pub":true}},{"type":"Feature","geometry":{"type":"Point","coordinates":[-106.2045,38.7024]},"properties":{"s":60.0,"pub":true}},{"type":"Feature","geometry":{"type":"Point","coordinates":[-106.2045,38.7082]},"properties":{"s":63.3,"pub":true}},{"type":"Feature","geometry":{"type":"Point","coordinates":[-106.197,38.5458]},"properties":{"s":30.0,"pub":true}},{"type":"Feature","geometry":{"type":"Point","coordinates":[-106.197,38.5516]},"properties":{"s":30.0,"pub":false}},{"type":"Feature","geometry":{"type":"Point","coordinates":[-106.197,38.5632]},"properties":{"s":33.3,"pub":true}},{"type":"Feature","geometry":{"type":"Point","coordinates":[-106.197,38.569]},"properties":{"s":73.3,"pub":true}},{"type":"Feature","geometry":{"type":"Point","coordinates":[-106.197,38.5748]},"properties":{"s":73.3,"pub":true}},{"type":"Feature","geometry":{"type":"Point","coordinates":[-106.197,38.5806]},"properties":{"s":73.3,"pub":true}},{"type":"Feature","geometry":{"type":"Point","coordinates":[-106.197,38.5864]},"properties":{"s":93.3,"pub":true}},{"type":"Feature","geometry":{"type":"Point","coordinates":[-106.197,38.5922]},"properties":{"s":93.3,"pub":true}},{"type":"Feature","geometry":{"type":"Point","coordinates":[-106.197,38.6212]},"properties":{"s":60.0,"pub":true}},{"type":"Feature","geometry":{"type":"Point","coordinates":[-106.197,38.627]},"properties":{"s":86.7,"pub":true}},{"type":"Feature","geometry":{"type":"Point","coordinates":[-106.197,38.6328]},"properties":{"s":60.0,"pub":true}},{"type":"Feature","geometry":{"type":"Point","coordinates":[-106.197,38.6386]},"properties":{"s":60.0,"pub":true}},{"type":"Feature","geometry":{"type":"Point","coordinates":[-106.197,38.6444]},"properties":{"s":90.0,"pub":true}},{"type":"Feature","geometry":{"type":"Point","coordinates":[-106.197,38.6502]},"properties":{"s":90.0,"pub":true}},{"type":"Feature","geometry":{"type":"Point","coordinates":[-106.197,38.656]},"properties":{"s":86.7,"pub":true}},{"type":"Feature","geometry":{"type":"Point","coordinates":[-106.197,38.6618]},"properties":{"s":86.7,"pub":true}},{"type":"Feature","geometry":{"type":"Point","coordinates":[-106.197,38.6676]},"properties":{"s":90.0,"pub":true}},{"type":"Feature","geometry":{"type":"Point","coordinates":[-106.197,38.6734]},"properties":{"s":90.0,"pub":true}},{"type":"Feature","geometry":{"type":"Point","coordinates":[-106.197,38.6792]},"properties":{"s":50.0,"pub":true}},{"type":"Feature","geometry":{"type":"Point","coordinates":[-106.197,38.685]},"properties":{"s":50.0,"pub":true}},{"type":"Feature","geometry":{"type":"Point","coordinates":[-106.197,38.6908]},"properties":{"s":90.0,"pub":true}},{"type":"Feature","geometry":{"type":"Point","coordinates":[-106.197,38.6966]},"properties":{"s":60.0,"pub":true}},{"type":"Feature","geometry":{"type":"Point","coordinates":[-106.197,38.7024]},"properties":{"s":60.0,"pub":true}},{"type":"Feature","geometry":{"type":"Point","coordinates":[-106.197,38.714]},"properties":{"s":33.3,"pub":true}},{"type":"Feature","geometry":{"type":"Point","coordinates":[-106.1895,38.5458]},"properties":{"s":30.0,"pub":false}},{"type":"Feature","geometry":{"type":"Point","coordinates":[-106.1895,38.5516]},"properties":{"s":30.0,"pub":false}},{"type":"Feature","geometry":{"type":"Point","coordinates":[-106.1895,38.5574]},"properties":{"s":33.3,"pub":true}},{"type":"Feature","geometry":{"type":"Point","coordinates":[-106.1895,38.5632]},"properties":{"s":33.3,"pub":true}},{"type":"Feature","geometry":{"type":"Point","coordinates":[-106.1895,38.569]},"properties":{"s":100.0,"pub":true}},{"type":"Feature","geometry":{"type":"Point","coordinates":[-106.1895,38.5748]},"properties":{"s":93.3,"pub":true}},{"type":"Feature","geometry":{"type":"Point","coordinates":[-106.1895,38.5806]},"properties":{"s":93.3,"pub":true}},{"type":"Feature","geometry":{"type":"Point","coordinates":[-106.1895,38.5864]},"properties":{"s":93.3,"pub":true}},{"type":"Feature","geometry":{"type":"Point","coordinates":[-106.1895,38.5922]},"properties":{"s":93.3,"pub":true}},{"type":"Feature","geometry":{"type":"Point","coordinates":[-106.1895,38.598]},"properties":{"s":93.3,"pub":true}},{"type":"Feature","geometry":{"type":"Point","coordinates":[-106.1895,38.6212]},"properties":{"s":53.3,"pub":true}},{"type":"Feature","geometry":{"type":"Point","coordinates":[-106.1895,38.627]},"properties":{"s":46.7,"pub":true}},{"type":"Feature","geometry":{"type":"Point","coordinates":[-106.1895,38.6328]},"properties":{"s":46.7,"pub":true}},{"type":"Feature","geometry":{"type":"Point","coordinates":[-106.1895,38.6386]},"properties":{"s":86.7,"pub":true}},{"type":"Feature","geometry":{"type":"Point","coordinates":[-106.1895,38.6444]},"properties":{"s":90.0,"pub":true}},{"type":"Feature","geometry":{"type":"Point","coordinates":[-106.1895,38.6502]},"properties":{"s":90.0,"pub":true}},{"type":"Feature","geometry":{"type":"Point","coordinates":[-106.1895,38.656]},"properties":{"s":90.0,"pub":true}},{"type":"Feature","geometry":{"type":"Point","coordinates":[-106.1895,38.6618]},"properties":{"s":50.0,"pub":true}},{"type":"Feature","geometry":{"type":"Point","coordinates":[-106.1895,38.6676]},"properties":{"s":50.0,"pub":true}},{"type":"Feature","geometry":{"type":"Point","coordinates":[-106.1895,38.6734]},"properties":{"s":50.0,"pub":true}},{"type":"Feature","geometry":{"type":"Point","coordinates":[-106.1895,38.6792]},"properties":{"s":53.3,"pub":true}},{"type":"Feature","geometry":{"type":"Point","coordinates":[-106.1895,38.685]},"properties":{"s":53.3,"pub":true}},{"type":"Feature","geometry":{"type":"Point","coordinates":[-106.1895,38.6908]},"properties":{"s":90.0,"pub":true}},{"type":"Feature","geometry":{"type":"Point","coordinates":[-106.1895,38.6966]},"properties":{"s":60.0,"pub":true}},{"type":"Feature","geometry":{"type":"Point","coordinates":[-106.1895,38.7024]},"properties":{"s":60.0,"pub":true}},{"type":"Feature","geometry":{"type":"Point","coordinates":[-106.1895,38.714]},"properties":{"s":33.3,"pub":true}},{"type":"Feature","geometry":{"type":"Point","coordinates":[-106.182,38.54]},"properties":{"s":30.0,"pub":true}},{"type":"Feature","geometry":{"type":"Point","coordinates":[-106.182,38.5458]},"properties":{"s":30.0,"pub":true}},{"type":"Feature","geometry":{"type":"Point","coordinates":[-106.182,38.5516]},"properties":{"s":56.7,"pub":true}},{"type":"Feature","geometry":{"type":"Point","coordinates":[-106.182,38.5574]},"properties":{"s":60.0,"pub":true}},{"type":"Feature","geometry":{"type":"Point","coordinates":[-106.182,38.5632]},"properties":{"s":100.0,"pub":false}},{"type":"Feature","geometry":{"type":"Point","coordinates":[-106.182,38.569]},"properties":{"s":93.3,"pub":true}},{"type":"Feature","geometry":{"type":"Point","coordinates":[-106.182,38.5748]},"properties":{"s":93.3,"pub":true}},{"type":"Feature","geometry":{"type":"Point","coordinates":[-106.182,38.5806]},"properties":{"s":93.3,"pub":true}},{"type":"Feature","geometry":{"type":"Point","coordinates":[-106.182,38.5864]},"properties":{"s":93.3,"pub":true}},{"type":"Feature","geometry":{"type":"Point","coordinates":[-106.182,38.5922]},"properties":{"s":93.3,"pub":true}},{"type":"Feature","geometry":{"type":"Point","coordinates":[-106.182,38.598]},"properties":{"s":93.3,"pub":true}},{"type":"Feature","geometry":{"type":"Point","coordinates":[-106.182,38.6038]},"properties":{"s":93.3,"pub":true}},{"type":"Feature","geometry":{"type":"Point","coordinates":[-106.182,38.6212]},"properties":{"s":53.3,"pub":true}},{"type":"Feature","geometry":{"type":"Point","coordinates":[-106.182,38.627]},"properties":{"s":53.3,"pub":true}},{"type":"Feature","geometry":{"type":"Point","coordinates":[-106.182,38.6328]},"properties":{"s":53.3,"pub":true}},{"type":"Feature","geometry":{"type":"Point","coordinates":[-106.182,38.6386]},"properties":{"s":50.0,"pub":true}},{"type":"Feature","geometry":{"type":"Point","coordinates":[-106.182,38.6444]},"properties":{"s":53.3,"pub":true}},{"type":"Feature","geometry":{"type":"Point","coordinates":[-106.182,38.6502]},"properties":{"s":53.3,"pub":true}},{"type":"Feature","geometry":{"type":"Point","coordinates":[-106.182,38.656]},"properties":{"s":53.3,"pub":true}},{"type":"Feature","geometry":{"type":"Point","coordinates":[-106.182,38.6618]},"properties":{"s":53.3,"pub":true}},{"type":"Feature","geometry":{"type":"Point","coordinates":[-106.182,38.6676]},"properties":{"s":53.3,"pub":true}},{"type":"Feature","geometry":{"type":"Point","coordinates":[-106.182,38.6734]},"properties":{"s":53.3,"pub":true}},{"type":"Feature","geometry":{"type":"Point","coordinates":[-106.182,38.6792]},"properties":{"s":53.3,"pub":true}},{"type":"Feature","geometry":{"type":"Point","coordinates":[-106.182,38.685]},"properties":{"s":53.3,"pub":true}},{"type":"Feature","geometry":{"type":"Point","coordinates":[-106.182,38.6908]},"properties":{"s":63.3,"pub":true}},{"type":"Feature","geometry":{"type":"Point","coordinates":[-106.182,38.6966]},"properties":{"s":60.0,"pub":true}},{"type":"Feature","geometry":{"type":"Point","coordinates":[-106.182,38.7024]},"properties":{"s":30.0,"pub":true}},{"type":"Feature","geometry":{"type":"Point","coordinates":[-106.182,38.7082]},"properties":{"s":33.3,"pub":true}},{"type":"Feature","geometry":{"type":"Point","coordinates":[-106.182,38.714]},"properties":{"s":33.3,"pub":true}},{"type":"Feature","geometry":{"type":"Point","coordinates":[-106.182,38.7198]},"properties":{"s":33.3,"pub":false}},{"type":"Feature","geometry":{"type":"Point","coordinates":[-106.1745,38.54]},"properties":{"s":30.0,"pub":false}},{"type":"Feature","geometry":{"type":"Point","coordinates":[-106.1745,38.5458]},"properties":{"s":56.7,"pub":false}},{"type":"Feature","geometry":{"type":"Point","coordinates":[-106.1745,38.5516]},"properties":{"s":56.7,"pub":false}},{"type":"Feature","geometry":{"type":"Point","coordinates":[-106.1745,38.5574]},"properties":{"s":60.0,"pub":false}},{"type":"Feature","geometry":{"type":"Point","coordinates":[-106.1745,38.5632]},"properties":{"s":100.0,"pub":false}},{"type":"Feature","geometry":{"type":"Point","coordinates":[-106.1745,38.569]},"properties":{"s":93.3,"pub":true}},{"type":"Feature","geometry":{"type":"Point","coordinates":[-106.1745,38.5748]},"properties":{"s":93.3,"pub":true}},{"type":"Feature","geometry":{"type":"Point","coordinates":[-106.1745,38.5806]},"properties":{"s":93.3,"pub":true}},{"type":"Feature","geometry":{"type":"Point","coordinates":[-106.1745,38.5864]},"properties":{"s":93.3,"pub":true}},{"type":"Feature","geometry":{"type":"Point","coordinates":[-106.1745,38.5922]},"properties":{"s":93.3,"pub":true}},{"type":"Feature","geometry":{"type":"Point","coordinates":[-106.1745,38.598]},"properties":{"s":93.3,"pub":true}},{"type":"Feature","geometry":{"type":"Point","coordinates":[-106.1745,38.6038]},"properties":{"s":53.3,"pub":true}},{"type":"Feature","geometry":{"type":"Point","coordinates":[-106.1745,38.6212]},"properties":{"s":53.3,"pub":true}},{"type":"Feature","geometry":{"type":"Point","coordinates":[-106.1745,38.627]},"properties":{"s":53.3,"pub":true}},{"type":"Feature","geometry":{"type":"Point","coordinates":[-106.1745,38.6328]},"properties":{"s":53.3,"pub":true}},{"type":"Feature","geometry":{"type":"Point","coordinates":[-106.1745,38.6386]},"properties":{"s":53.3,"pub":true}},{"type":"Feature","geometry":{"type":"Point","coordinates":[-106.1745,38.6444]},"properties":{"s":53.3,"pub":true}},{"type":"Feature","geometry":{"type":"Point","coordinates":[-106.1745,38.6502]},"properties":{"s":53.3,"pub":true}},{"type":"Feature","geometry":{"type":"Point","coordinates":[-106.1745,38.656]},"properties":{"s":53.3,"pub":true}},{"type":"Feature","geometry":{"type":"Point","coordinates":[-106.1745,38.6618]},"properties":{"s":53.3,"pub":true}},{"type":"Feature","geometry":{"type":"Point","coordinates":[-106.1745,38.6676]},"properties":{"s":53.3,"pub":true}},{"type":"Feature","geometry":{"type":"Point","coordinates":[-106.1745,38.6734]},"properties":{"s":53.3,"pub":true}},{"type":"Feature","geometry":{"type":"Point","coordinates":[-106.1745,38.6966]},"properties":{"s":30.0,"pub":true}},{"type":"Feature","geometry":{"type":"Point","coordinates":[-106.1745,38.7024]},"properties":{"s":30.0,"pub":true}},{"type":"Feature","geometry":{"type":"Point","coordinates":[-106.1745,38.7082]},"properties":{"s":33.3,"pub":true}},{"type":"Feature","geometry":{"type":"Point","coordinates":[-106.1745,38.714]},"properties":{"s":33.3,"pub":true}},{"type":"Feature","geometry":{"type":"Point","coordinates":[-106.1745,38.7198]},"properties":{"s":33.3,"pub":false}},{"type":"Feature","geometry":{"type":"Point","coordinates":[-106.167,38.54]},"properties":{"s":30.0,"pub":false}},{"type":"Feature","geometry":{"type":"Point","coordinates":[-106.167,38.5458]},"properties":{"s":56.7,"pub":false}},{"type":"Feature","geometry":{"type":"Point","coordinates":[-106.167,38.5516]},"properties":{"s":100.0,"pub":false}},{"type":"Feature","geometry":{"type":"Point","coordinates":[-106.167,38.5574]},"properties":{"s":100.0,"pub":false}},{"type":"Feature","geometry":{"type":"Point","coordinates":[-106.167,38.5632]},"properties":{"s":100.0,"pub":false}},{"type":"Feature","geometry":{"type":"Point","coordinates":[-106.167,38.569]},"properties":{"s":100.0,"pub":true}},{"type":"Feature","geometry":{"type":"Point","coordinates":[-106.167,38.5748]},"properties":{"s":100.0,"pub":true}},{"type":"Feature","geometry":{"type":"Point","coordinates":[-106.167,38.5806]},"properties":{"s":100.0,"pub":true}},{"type":"Feature","geometry":{"type":"Point","coordinates":[-106.167,38.5864]},"properties":{"s":93.3,"pub":true}},{"type":"Feature","geometry":{"type":"Point","coordinates":[-106.167,38.5922]},"properties":{"s":93.3,"pub":true}},{"type":"Feature","geometry":{"type":"Point","coordinates":[-106.167,38.598]},"properties":{"s":93.3,"pub":true}},{"type":"Feature","geometry":{"type":"Point","coordinates":[-106.167,38.6444]},"properties":{"s":53.3,"pub":true}},{"type":"Feature","geometry":{"type":"Point","coordinates":[-106.167,38.6502]},"properties":{"s":53.3,"pub":true}},{"type":"Feature","geometry":{"type":"Point","coordinates":[-106.167,38.656]},"properties":{"s":53.3,"pub":true}},{"type":"Feature","geometry":{"type":"Point","coordinates":[-106.167,38.6618]},"properties":{"s":53.3,"pub":true}},{"type":"Feature","geometry":{"type":"Point","coordinates":[-106.167,38.6908]},"properties":{"s":33.3,"pub":true}},{"type":"Feature","geometry":{"type":"Point","coordinates":[-106.167,38.6966]},"properties":{"s":30.0,"pub":true}},{"type":"Feature","geometry":{"type":"Point","coordinates":[-106.167,38.7024]},"properties":{"s":30.0,"pub":true}},{"type":"Feature","geometry":{"type":"Point","coordinates":[-106.167,38.7082]},"properties":{"s":33.3,"pub":true}},{"type":"Feature","geometry":{"type":"Point","coordinates":[-106.167,38.714]},"properties":{"s":33.3,"pub":true}},{"type":"Feature","geometry":{"type":"Point","coordinates":[-106.167,38.7198]},"properties":{"s":33.3,"pub":false}},{"type":"Feature","geometry":{"type":"Point","coordinates":[-106.167,38.7256]},"properties":{"s":33.3,"pub":false}},{"type":"Feature","geometry":{"type":"Point","coordinates":[-106.1595,38.54]},"properties":{"s":56.7,"pub":false}},{"type":"Feature","geometry":{"type":"Point","coordinates":[-106.1595,38.5458]},"properties":{"s":96.7,"pub":false}},{"type":"Feature","geometry":{"type":"Point","coordinates":[-106.1595,38.5516]},"properties":{"s":100.0,"pub":false}},{"type":"Feature","geometry":{"type":"Point","coordinates":[-106.1595,38.5574]},"properties":{"s":100.0,"pub":false}},{"type":"Feature","geometry":{"type":"Point","coordinates":[-106.1595,38.5632]},"properties":{"s":100.0,"pub":true}},{"type":"Feature","geometry":{"type":"Point","coordinates":[-106.1595,38.569]},"properties":{"s":60.0,"pub":true}},{"type":"Feature","geometry":{"type":"Point","coordinates":[-106.1595,38.5748]},"properties":{"s":60.0,"pub":true}},{"type":"Feature","geometry":{"type":"Point","coordinates":[-106.1595,38.5806]},"properties":{"s":100.0,"pub":true}},{"type":"Feature","geometry":{"type":"Point","coordinates":[-106.1595,38.5864]},"properties":{"s":100.0,"pub":true}},{"type":"Feature","geometry":{"type":"Point","coordinates":[-106.1595,38.5922]},"properties":{"s":100.0,"pub":true}},{"type":"Feature","geometry":{"type":"Point","coordinates":[-106.1595,38.598]},"properties":{"s":66.7,"pub":true}},{"type":"Feature","geometry":{"type":"Point","coordinates":[-106.1595,38.627]},"properties":{"s":33.3,"pub":true}},{"type":"Feature","geometry":{"type":"Point","coordinates":[-106.1595,38.6386]},"properties":{"s":33.3,"pub":true}},{"type":"Feature","geometry":{"type":"Point","coordinates":[-106.1595,38.685]},"properties":{"s":33.3,"pub":true}},{"type":"Feature","geometry":{"type":"Point","coordinates":[-106.1595,38.6908]},"properties":{"s":33.3,"pub":true}},{"type":"Feature","geometry":{"type":"Point","coordinates":[-106.1595,38.6966]},"properties":{"s":30.0,"pub":true}},{"type":"Feature","geometry":{"type":"Point","coordinates":[-106.1595,38.7024]},"properties":{"s":30.0,"pub":true}},{"type":"Feature","geometry":{"type":"Point","coordinates":[-106.1595,38.7082]},"properties":{"s":33.3,"pub":true}},{"type":"Feature","geometry":{"type":"Point","coordinates":[-106.1595,38.714]},"properties":{"s":33.3,"pub":true}},{"type":"Feature","geometry":{"type":"Point","coordinates":[-106.1595,38.7198]},"properties":{"s":33.3,"pub":false}},{"type":"Feature","geometry":{"type":"Point","coordinates":[-106.1595,38.7256]},"properties":{"s":33.3,"pub":false}},{"type":"Feature","geometry":{"type":"Point","coordinates":[-106.1595,38.7314]},"properties":{"s":33.3,"pub":false}},{"type":"Feature","geometry":{"type":"Point","coordinates":[-106.152,38.54]},"properties":{"s":56.7,"pub":false}},{"type":"Feature","geometry":{"type":"Point","coordinates":[-106.152,38.5458]},"properties":{"s":96.7,"pub":false}},{"type":"Feature","geometry":{"type":"Point","coordinates":[-106.152,38.5516]},"properties":{"s":100.0,"pub":false}},{"type":"Feature","geometry":{"type":"Point","coordinates":[-106.152,38.5574]},"properties":{"s":100.0,"pub":false}},{"type":"Feature","geometry":{"type":"Point","coordinates":[-106.152,38.5632]},"properties":{"s":60.0,"pub":true}},{"type":"Feature","geometry":{"type":"Point","coordinates":[-106.152,38.569]},"properties":{"s":60.0,"pub":true}},{"type":"Feature","geometry":{"type":"Point","coordinates":[-106.152,38.5748]},"properties":{"s":60.0,"pub":true}},{"type":"Feature","geometry":{"type":"Point","coordinates":[-106.152,38.5806]},"properties":{"s":60.0,"pub":true}},{"type":"Feature","geometry":{"type":"Point","coordinates":[-106.152,38.5864]},"properties":{"s":56.7,"pub":true}},{"type":"Feature","geometry":{"type":"Point","coordinates":[-106.152,38.5922]},"properties":{"s":70.0,"pub":true}},{"type":"Feature","geometry":{"type":"Point","coordinates":[-106.152,38.598]},"properties":{"s":30.0,"pub":false}},{"type":"Feature","geometry":{"type":"Point","coordinates":[-106.152,38.6038]},"properties":{"s":30.0,"pub":false}},{"type":"Feature","geometry":{"type":"Point","coordinates":[-106.152,38.6096]},"properties":{"s":30.0,"pub":true}},{"type":"Feature","geometry":{"type":"Point","coordinates":[-106.152,38.6154]},"properties":{"s":30.0,"pub":true}},{"type":"Feature","geometry":{"type":"Point","coordinates":[-106.152,38.6212]},"properties":{"s":30.0,"pub":true}},{"type":"Feature","geometry":{"type":"Point","coordinates":[-106.152,38.627]},"properties":{"s":30.0,"pub":true}},{"type":"Feature","geometry":{"type":"Point","coordinates":[-106.152,38.6328]},"properties":{"s":33.3,"pub":true}},{"type":"Feature","geometry":{"type":"Point","coordinates":[-106.152,38.6386]},"properties":{"s":33.3,"pub":true}},{"type":"Feature","geometry":{"type":"Point","coordinates":[-106.152,38.6444]},"properties":{"s":33.3,"pub":true}},{"type":"Feature","geometry":{"type":"Point","coordinates":[-106.152,38.6502]},"properties":{"s":33.3,"pub":true}},{"type":"Feature","geometry":{"type":"Point","coordinates":[-106.152,38.656]},"properties":{"s":33.3,"pub":true}},{"type":"Feature","geometry":{"type":"Point","coordinates":[-106.152,38.6618]},"properties":{"s":33.3,"pub":true}},{"type":"Feature","geometry":{"type":"Point","coordinates":[-106.152,38.6676]},"properties":{"s":30.0,"pub":true}},{"type":"Feature","geometry":{"type":"Point","coordinates":[-106.152,38.6734]},"properties":{"s":30.0,"pub":false}},{"type":"Feature","geometry":{"type":"Point","coordinates":[-106.152,38.6792]},"properties":{"s":33.3,"pub":true}},{"type":"Feature","geometry":{"type":"Point","coordinates":[-106.152,38.685]},"properties":{"s":33.3,"pub":true}},{"type":"Feature","geometry":{"type":"Point","coordinates":[-106.152,38.6908]},"properties":{"s":33.3,"pub":true}},{"type":"Feature","geometry":{"type":"Point","coordinates":[-106.152,38.6966]},"properties":{"s":30.0,"pub":true}},{"type":"Feature","geometry":{"type":"Point","coordinates":[-106.152,38.7024]},"properties":{"s":30.0,"pub":false}},{"type":"Feature","geometry":{"type":"Point","coordinates":[-106.152,38.7082]},"properties":{"s":33.3,"pub":false}},{"type":"Feature","geometry":{"type":"Point","coordinates":[-106.152,38.714]},"properties":{"s":33.3,"pub":false}},{"type":"Feature","geometry":{"type":"Point","coordinates":[-106.152,38.7198]},"properties":{"s":33.3,"pub":false}},{"type":"Feature","geometry":{"type":"Point","coordinates":[-106.152,38.7256]},"properties":{"s":33.3,"pub":false}},{"type":"Feature","geometry":{"type":"Point","coordinates":[-106.152,38.7314]},"properties":{"s":33.3,"pub":false}},{"type":"Feature","geometry":{"type":"Point","coordinates":[-106.1445,38.5342]},"properties":{"s":30.0,"pub":false}},{"type":"Feature","geometry":{"type":"Point","coordinates":[-106.1445,38.54]},"properties":{"s":56.7,"pub":false}},{"type":"Feature","geometry":{"type":"Point","coordinates":[-106.1445,38.5458]},"properties":{"s":100.0,"pub":false}},{"type":"Feature","geometry":{"type":"Point","coordinates":[-106.1445,38.5516]},"properties":{"s":100.0,"pub":false}},{"type":"Feature","geometry":{"type":"Point","coordinates":[-106.1445,38.5574]},"properties":{"s":100.0,"pub":true}},{"type":"Feature","geometry":{"type":"Point","coordinates":[-106.1445,38.5632]},"properties":{"s":60.0,"pub":true}},{"type":"Feature","geometry":{"type":"Point","coordinates":[-106.1445,38.569]},"properties":{"s":60.0,"pub":true}},{"type":"Feature","geometry":{"type":"Point","coordinates":[-106.1445,38.5748]},"properties":{"s":60.0,"pub":true}},{"type":"Feature","geometry":{"type":"Point","coordinates":[-106.1445,38.5806]},"properties":{"s":56.7,"pub":true}},{"type":"Feature","geometry":{"type":"Point","coordinates":[-106.1445,38.5864]},"properties":{"s":56.7,"pub":true}},{"type":"Feature","geometry":{"type":"Point","coordinates":[-106.1445,38.5922]},"properties":{"s":30.0,"pub":true}},{"type":"Feature","geometry":{"type":"Point","coordinates":[-106.1445,38.598]},"properties":{"s":30.0,"pub":false}},{"type":"Feature","geometry":{"type":"Point","coordinates":[-106.1445,38.6038]},"properties":{"s":30.0,"pub":false}},{"type":"Feature","geometry":{"type":"Point","coordinates":[-106.1445,38.6096]},"properties":{"s":30.0,"pub":false}},{"type":"Feature","geometry":{"type":"Point","coordinates":[-106.1445,38.6154]},"properties":{"s":30.0,"pub":true}},{"type":"Feature","geometry":{"type":"Point","coordinates":[-106.1445,38.6212]},"properties":{"s":30.0,"pub":true}},{"type":"Feature","geometry":{"type":"Point","coordinates":[-106.1445,38.627]},"properties":{"s":30.0,"pub":true}},{"type":"Feature","geometry":{"type":"Point","coordinates":[-106.1445,38.6328]},"properties":{"s":30.0,"pub":true}},{"type":"Feature","geometry":{"type":"Point","coordinates":[-106.1445,38.6386]},"properties":{"s":33.3,"pub":true}},{"type":"Feature","geometry":{"type":"Point","coordinates":[-106.1445,38.6444]},"properties":{"s":33.3,"pub":true}},{"type":"Feature","geometry":{"type":"Point","coordinates":[-106.1445,38.6502]},"properties":{"s":33.3,"pub":true}},{"type":"Feature","geometry":{"type":"Point","coordinates":[-106.1445,38.656]},"properties":{"s":33.3,"pub":true}},{"type":"Feature","geometry":{"type":"Point","coordinates":[-106.1445,38.6618]},"properties":{"s":30.0,"pub":true}},{"type":"Feature","geometry":{"type":"Point","coordinates":[-106.1445,38.6676]},"properties":{"s":30.0,"pub":true}},{"type":"Feature","geometry":{"type":"Point","coordinates":[-106.1445,38.6734]},"properties":{"s":30.0,"pub":true}},{"type":"Feature","geometry":{"type":"Point","coordinates":[-106.1445,38.6792]},"properties":{"s":30.0,"pub":true}},{"type":"Feature","geometry":{"type":"Point","coordinates":[-106.1445,38.685]},"properties":{"s":33.3,"pub":true}},{"type":"Feature","geometry":{"type":"Point","coordinates":[-106.1445,38.6908]},"properties":{"s":33.3,"pub":false}},{"type":"Feature","geometry":{"type":"Point","coordinates":[-106.1445,38.6966]},"properties":{"s":33.3,"pub":true}},{"type":"Feature","geometry":{"type":"Point","coordinates":[-106.1445,38.7024]},"properties":{"s":33.3,"pub":false}},{"type":"Feature","geometry":{"type":"Point","coordinates":[-106.1445,38.7082]},"properties":{"s":33.3,"pub":false}},{"type":"Feature","geometry":{"type":"Point","coordinates":[-106.1445,38.714]},"properties":{"s":33.3,"pub":false}},{"type":"Feature","geometry":{"type":"Point","coordinates":[-106.1445,38.7198]},"properties":{"s":33.3,"pub":false}},{"type":"Feature","geometry":{"type":"Point","coordinates":[-106.1445,38.7256]},"properties":{"s":33.3,"pub":false}},{"type":"Feature","geometry":{"type":"Point","coordinates":[-106.1445,38.7314]},"properties":{"s":33.3,"pub":false}},{"type":"Feature","geometry":{"type":"Point","coordinates":[-106.1445,38.7372]},"properties":{"s":33.3,"pub":false}},{"type":"Feature","geometry":{"type":"Point","coordinates":[-106.137,38.5342]},"properties":{"s":56.7,"pub":false}},{"type":"Feature","geometry":{"type":"Point","coordinates":[-106.137,38.54]},"properties":{"s":60.0,"pub":false}},{"type":"Feature","geometry":{"type":"Point","coordinates":[-106.137,38.5458]},"properties":{"s":100.0,"pub":false}},{"type":"Feature","geometry":{"type":"Point","coordinates":[-106.137,38.5516]},"properties":{"s":100.0,"pub":false}},{"type":"Feature","geometry":{"type":"Point","coordinates":[-106.137,38.5574]},"properties":{"s":100.0,"pub":true}},{"type":"Feature","geometry":{"type":"Point","coordinates":[-106.137,38.5632]},"properties":{"s":60.0,"pub":true}},{"type":"Feature","geometry":{"type":"Point","coordinates":[-106.137,38.569]},"properties":{"s":60.0,"pub":true}},{"type":"Feature","geometry":{"type":"Point","coordinates":[-106.137,38.5748]},"properties":{"s":60.0,"pub":true}},{"type":"Feature","geometry":{"type":"Point","coordinates":[-106.137,38.5806]},"properties":{"s":56.7,"pub":true}},{"type":"Feature","geometry":{"type":"Point","coordinates":[-106.137,38.5864]},"properties":{"s":56.7,"pub":true}},{"type":"Feature","geometry":{"type":"Point","coordinates":[-106.137,38.5922]},"properties":{"s":30.0,"pub":false}},{"type":"Feature","geometry":{"type":"Point","coordinates":[-106.137,38.598]},"properties":{"s":30.0,"pub":false}},{"type":"Feature","geometry":{"type":"Point","coordinates":[-106.137,38.6038]},"properties":{"s":30.0,"pub":false}},{"type":"Feature","geometry":{"type":"Point","coordinates":[-106.137,38.6096]},"properties":{"s":30.0,"pub":false}},{"type":"Feature","geometry":{"type":"Point","coordinates":[-106.137,38.6154]},"properties":{"s":30.0,"pub":true}},{"type":"Feature","geometry":{"type":"Point","coordinates":[-106.137,38.6212]},"properties":{"s":30.0,"pub":true}},{"type":"Feature","geometry":{"type":"Point","coordinates":[-106.137,38.627]},"properties":{"s":30.0,"pub":true}},{"type":"Feature","geometry":{"type":"Point","coordinates":[-106.137,38.6328]},"properties":{"s":30.0,"pub":true}},{"type":"Feature","geometry":{"type":"Point","coordinates":[-106.137,38.6386]},"properties":{"s":30.0,"pub":true}},{"type":"Feature","geometry":{"type":"Point","coordinates":[-106.137,38.6444]},"properties":{"s":33.3,"pub":true}},{"type":"Feature","geometry":{"type":"Point","coordinates":[-106.137,38.6502]},"properties":{"s":33.3,"pub":true}},{"type":"Feature","geometry":{"type":"Point","coordinates":[-106.137,38.656]},"properties":{"s":33.3,"pub":true}},{"type":"Feature","geometry":{"type":"Point","coordinates":[-106.137,38.6618]},"properties":{"s":30.0,"pub":true}},{"type":"Feature","geometry":{"type":"Point","coordinates":[-106.137,38.6676]},"properties":{"s":30.0,"pub":true}},{"type":"Feature","geometry":{"type":"Point","coordinates":[-106.137,38.6734]},"properties":{"s":30.0,"pub":true}},{"type":"Feature","geometry":{"type":"Point","coordinates":[-106.137,38.6792]},"properties":{"s":30.0,"pub":false}},{"type":"Feature","geometry":{"type":"Point","coordinates":[-106.137,38.685]},"properties":{"s":33.3,"pub":false}},{"type":"Feature","geometry":{"type":"Point","coordinates":[-106.137,38.6908]},"properties":{"s":33.3,"pub":true}},{"type":"Feature","geometry":{"type":"Point","coordinates":[-106.137,38.6966]},"properties":{"s":33.3,"pub":true}},{"type":"Feature","geometry":{"type":"Point","coordinates":[-106.137,38.7024]},"properties":{"s":33.3,"pub":false}},{"type":"Feature","geometry":{"type":"Point","coordinates":[-106.137,38.7082]},"properties":{"s":33.3,"pub":false}},{"type":"Feature","geometry":{"type":"Point","coordinates":[-106.137,38.714]},"properties":{"s":33.3,"pub":false}},{"type":"Feature","geometry":{"type":"Point","coordinates":[-106.137,38.7198]},"properties":{"s":33.3,"pub":false}},{"type":"Feature","geometry":{"type":"Point","coordinates":[-106.137,38.7256]},"properties":{"s":33.3,"pub":false}},{"type":"Feature","geometry":{"type":"Point","coordinates":[-106.137,38.7314]},"properties":{"s":33.3,"pub":false}},{"type":"Feature","geometry":{"type":"Point","coordinates":[-106.137,38.7372]},"properties":{"s":33.3,"pub":false}},{"type":"Feature","geometry":{"type":"Point","coordinates":[-106.137,38.743]},"properties":{"s":33.3,"pub":false}},{"type":"Feature","geometry":{"type":"Point","coordinates":[-106.1295,38.5284]},"properties":{"s":30.0,"pub":false}},{"type":"Feature","geometry":{"type":"Point","coordinates":[-106.1295,38.5342]},"properties":{"s":56.7,"pub":false}},{"type":"Feature","geometry":{"type":"Point","coordinates":[-106.1295,38.54]},"properties":{"s":60.0,"pub":false}},{"type":"Feature","geometry":{"type":"Point","coordinates":[-106.1295,38.5458]},"properties":{"s":100.0,"pub":false}},{"type":"Feature","geometry":{"type":"Point","coordinates":[-106.1295,38.5516]},"properties":{"s":100.0,"pub":true}},{"type":"Feature","geometry":{"type":"Point","coordinates":[-106.1295,38.5574]},"properties":{"s":96.7,"pub":true}},{"type":"Feature","geometry":{"type":"Point","coordinates":[-106.1295,38.5632]},"properties":{"s":60.0,"pub":true}},{"type":"Feature","geometry":{"type":"Point","coordinates":[-106.1295,38.569]},"properties":{"s":60.0,"pub":true}},{"type":"Feature","geometry":{"type":"Point","coordinates":[-106.1295,38.5748]},"properties":{"s":56.7,"pub":true}},{"type":"Feature","geometry":{"type":"Point","coordinates":[-106.1295,38.5806]},"properties":{"s":56.7,"pub":true}},{"type":"Feature","geometry":{"type":"Point","coordinates":[-106.1295,38.5864]},"properties":{"s":30.0,"pub":true}},{"type":"Feature","geometry":{"type":"Point","coordinates":[-106.1295,38.5922]},"properties":{"s":30.0,"pub":true}},{"type":"Feature","geometry":{"type":"Point","coordinates":[-106.1295,38.598]},"properties":{"s":30.0,"pub":true}},{"type":"Feature","geometry":{"type":"Point","coordinates":[-106.1295,38.6038]},"properties":{"s":30.0,"pub":true}},{"type":"Feature","geometry":{"type":"Point","coordinates":[-106.1295,38.6096]},"properties":{"s":30.0,"pub":true}},{"type":"Feature","geometry":{"type":"Point","coordinates":[-106.1295,38.6154]},"properties":{"s":30.0,"pub":false}},{"type":"Feature","geometry":{"type":"Point","coordinates":[-106.1295,38.6212]},"properties":{"s":30.0,"pub":false}},{"type":"Feature","geometry":{"type":"Point","coordinates":[-106.1295,38.627]},"properties":{"s":30.0,"pub":false}},{"type":"Feature","geometry":{"type":"Point","coordinates":[-106.1295,38.6328]},"properties":{"s":30.0,"pub":false}},{"type":"Feature","geometry":{"type":"Point","coordinates":[-106.1295,38.6386]},"properties":{"s":30.0,"pub":false}},{"type":"Feature","geometry":{"type":"Point","coordinates":[-106.1295,38.6444]},"properties":{"s":33.3,"pub":false}},{"type":"Feature","geometry":{"type":"Point","coordinates":[-106.1295,38.6502]},"properties":{"s":33.3,"pub":false}},{"type":"Feature","geometry":{"type":"Point","coordinates":[-106.1295,38.656]},"properties":{"s":33.3,"pub":false}},{"type":"Feature","geometry":{"type":"Point","coordinates":[-106.1295,38.6618]},"properties":{"s":33.3,"pub":false}},{"type":"Feature","geometry":{"type":"Point","coordinates":[-106.1295,38.6676]},"properties":{"s":30.0,"pub":false}},{"type":"Feature","geometry":{"type":"Point","coordinates":[-106.1295,38.6734]},"properties":{"s":30.0,"pub":false}},{"type":"Feature","geometry":{"type":"Point","coordinates":[-106.1295,38.6792]},"properties":{"s":30.0,"pub":false}},{"type":"Feature","geometry":{"type":"Point","coordinates":[-106.1295,38.685]},"properties":{"s":33.3,"pub":true}},{"type":"Feature","geometry":{"type":"Point","coordinates":[-106.1295,38.6908]},"properties":{"s":33.3,"pub":true}},{"type":"Feature","geometry":{"type":"Point","coordinates":[-106.1295,38.6966]},"properties":{"s":33.3,"pub":true}},{"type":"Feature","geometry":{"type":"Point","coordinates":[-106.1295,38.7024]},"properties":{"s":33.3,"pub":false}},{"type":"Feature","geometry":{"type":"Point","coordinates":[-106.1295,38.7082]},"properties":{"s":33.3,"pub":false}},{"type":"Feature","geometry":{"type":"Point","coordinates":[-106.1295,38.714]},"properties":{"s":33.3,"pub":false}},{"type":"Feature","geometry":{"type":"Point","coordinates":[-106.1295,38.7198]},"properties":{"s":33.3,"pub":false}},{"type":"Feature","geometry":{"type":"Point","coordinates":[-106.1295,38.7256]},"properties":{"s":33.3,"pub":false}},{"type":"Feature","geometry":{"type":"Point","coordinates":[-106.1295,38.7314]},"properties":{"s":33.3,"pub":false}},{"type":"Feature","geometry":{"type":"Point","coordinates":[-106.1295,38.7372]},"properties":{"s":33.3,"pub":false}},{"type":"Feature","geometry":{"type":"Point","coordinates":[-106.1295,38.743]},"properties":{"s":33.3,"pub":false}},{"type":"Feature","geometry":{"type":"Point","coordinates":[-106.1295,38.7488]},"properties":{"s":33.3,"pub":false}},{"type":"Feature","geometry":{"type":"Point","coordinates":[-106.122,38.5284]},"properties":{"s":30.0,"pub":false}},{"type":"Feature","geometry":{"type":"Point","coordinates":[-106.122,38.5342]},"properties":{"s":60.0,"pub":false}},{"type":"Feature","geometry":{"type":"Point","coordinates":[-106.122,38.54]},"properties":{"s":100.0,"pub":false}},{"type":"Feature","geometry":{"type":"Point","coordinates":[-106.122,38.5458]},"properties":{"s":100.0,"pub":false}},{"type":"Feature","geometry":{"type":"Point","coordinates":[-106.122,38.5516]},"properties":{"s":96.7,"pub":true}},{"type":"Feature","geometry":{"type":"Point","coordinates":[-106.122,38.5574]},"properties":{"s":96.7,"pub":true}},{"type":"Feature","geometry":{"type":"Point","coordinates":[-106.122,38.5632]},"properties":{"s":60.0,"pub":true}},{"type":"Feature","geometry":{"type":"Point","coordinates":[-106.122,38.569]},"properties":{"s":60.0,"pub":true}},{"type":"Feature","geometry":{"type":"Point","coordinates":[-106.122,38.5748]},"properties":{"s":56.7,"pub":true}},{"type":"Feature","geometry":{"type":"Point","coordinates":[-106.122,38.5806]},"properties":{"s":56.7,"pub":true}},{"type":"Feature","geometry":{"type":"Point","coordinates":[-106.122,38.5864]},"properties":{"s":30.0,"pub":true}},{"type":"Feature","geometry":{"type":"Point","coordinates":[-106.122,38.5922]},"properties":{"s":30.0,"pub":true}},{"type":"Feature","geometry":{"type":"Point","coordinates":[-106.122,38.598]},"properties":{"s":30.0,"pub":true}},{"type":"Feature","geometry":{"type":"Point","coordinates":[-106.122,38.6038]},"properties":{"s":30.0,"pub":true}},{"type":"Feature","geometry":{"type":"Point","coordinates":[-106.122,38.6096]},"properties":{"s":30.0,"pub":true}},{"type":"Feature","geometry":{"type":"Point","coordinates":[-106.122,38.6154]},"properties":{"s":30.0,"pub":false}},{"type":"Feature","geometry":{"type":"Point","coordinates":[-106.122,38.6212]},"properties":{"s":30.0,"pub":false}},{"type":"Feature","geometry":{"type":"Point","coordinates":[-106.122,38.627]},"properties":{"s":30.0,"pub":false}},{"type":"Feature","geometry":{"type":"Point","coordinates":[-106.122,38.6328]},"properties":{"s":30.0,"pub":false}},{"type":"Feature","geometry":{"type":"Point","coordinates":[-106.122,38.6386]},"properties":{"s":30.0,"pub":false}},{"type":"Feature","geometry":{"type":"Point","coordinates":[-106.122,38.6444]},"properties":{"s":30.0,"pub":false}},{"type":"Feature","geometry":{"type":"Point","coordinates":[-106.122,38.6502]},"properties":{"s":33.3,"pub":false}},{"type":"Feature","geometry":{"type":"Point","coordinates":[-106.122,38.656]},"properties":{"s":33.3,"pub":false}},{"type":"Feature","geometry":{"type":"Point","coordinates":[-106.122,38.6618]},"properties":{"s":33.3,"pub":false}},{"type":"Feature","geometry":{"type":"Point","coordinates":[-106.122,38.6676]},"properties":{"s":30.0,"pub":false}},{"type":"Feature","geometry":{"type":"Point","coordinates":[-106.122,38.6734]},"properties":{"s":30.0,"pub":false}},{"type":"Feature","geometry":{"type":"Point","coordinates":[-106.122,38.6792]},"properties":{"s":30.0,"pub":false}},{"type":"Feature","geometry":{"type":"Point","coordinates":[-106.122,38.685]},"properties":{"s":33.3,"pub":true}},{"type":"Feature","geometry":{"type":"Point","coordinates":[-106.122,38.6908]},"properties":{"s":33.3,"pub":true}},{"type":"Feature","geometry":{"type":"Point","coordinates":[-106.122,38.6966]},"properties":{"s":33.3,"pub":true}},{"type":"Feature","geometry":{"type":"Point","coordinates":[-106.122,38.7024]},"properties":{"s":33.3,"pub":false}},{"type":"Feature","geometry":{"type":"Point","coordinates":[-106.122,38.7082]},"properties":{"s":33.3,"pub":false}},{"type":"Feature","geometry":{"type":"Point","coordinates":[-106.122,38.714]},"properties":{"s":33.3,"pub":false}},{"type":"Feature","geometry":{"type":"Point","coordinates":[-106.122,38.7198]},"properties":{"s":33.3,"pub":false}},{"type":"Feature","geometry":{"type":"Point","coordinates":[-106.122,38.7256]},"properties":{"s":33.3,"pub":false}},{"type":"Feature","geometry":{"type":"Point","coordinates":[-106.122,38.7314]},"properties":{"s":33.3,"pub":false}},{"type":"Feature","geometry":{"type":"Point","coordinates":[-106.122,38.7372]},"properties":{"s":33.3,"pub":false}},{"type":"Feature","geometry":{"type":"Point","coordinates":[-106.122,38.743]},"properties":{"s":33.3,"pub":false}},{"type":"Feature","geometry":{"type":"Point","coordinates":[-106.122,38.7488]},"properties":{"s":33.3,"pub":false}},{"type":"Feature","geometry":{"type":"Point","coordinates":[-106.1145,38.5284]},"properties":{"s":30.0,"pub":false}},{"type":"Feature","geometry":{"type":"Point","coordinates":[-106.1145,38.5342]},"properties":{"s":60.0,"pub":false}},{"type":"Feature","geometry":{"type":"Point","coordinates":[-106.1145,38.54]},"properties":{"s":60.0,"pub":false}},{"type":"Feature","geometry":{"type":"Point","coordinates":[-106.1145,38.5458]},"properties":{"s":56.7,"pub":false}},{"type":"Feature","geometry":{"type":"Point","coordinates":[-106.1145,38.5516]},"properties":{"s":56.7,"pub":true}},{"type":"Feature","geometry":{"type":"Point","coordinates":[-106.1145,38.5574]},"properties":{"s":56.7,"pub":true}},{"type":"Feature","geometry":{"type":"Point","coordinates":[-106.1145,38.5632]},"properties":{"s":56.7,"pub":true}},{"type":"Feature","geometry":{"type":"Point","coordinates":[-106.1145,38.569]},"properties":{"s":56.7,"pub":true}},{"type":"Feature","geometry":{"type":"Point","coordinates":[-106.1145,38.5748]},"properties":{"s":56.7,"pub":true}},{"type":"Feature","geometry":{"type":"Point","coordinates":[-106.1145,38.5806]},"properties":{"s":56.7,"pub":true}},{"type":"Feature","geometry":{"type":"Point","coordinates":[-106.1145,38.5864]},"properties":{"s":30.0,"pub":true}},{"type":"Feature","geometry":{"type":"Point","coordinates":[-106.1145,38.5922]},"properties":{"s":30.0,"pub":true}},{"type":"Feature","geometry":{"type":"Point","coordinates":[-106.1145,38.598]},"properties":{"s":30.0,"pub":true}},{"type":"Feature","geometry":{"type":"Point","coordinates":[-106.1145,38.6038]},"properties":{"s":30.0,"pub":true}},{"type":"Feature","geometry":{"type":"Point","coordinates":[-106.1145,38.6096]},"properties":{"s":30.0,"pub":false}},{"type":"Feature","geometry":{"type":"Point","coordinates":[-106.1145,38.6154]},"properties":{"s":30.0,"pub":false}},{"type":"Feature","geometry":{"type":"Point","coordinates":[-106.1145,38.6212]},"properties":{"s":30.0,"pub":false}},{"type":"Feature","geometry":{"type":"Point","coordinates":[-106.1145,38.627]},"properties":{"s":30.0,"pub":false}},{"type":"Feature","geometry":{"type":"Point","coordinates":[-106.1145,38.6328]},"properties":{"s":30.0,"pub":false}},{"type":"Feature","geometry":{"type":"Point","coordinates":[-106.1145,38.6386]},"properties":{"s":30.0,"pub":false}},{"type":"Feature","geometry":{"type":"Point","coordinates":[-106.1145,38.6444]},"properties":{"s":30.0,"pub":false}},{"type":"Feature","geometry":{"type":"Point","coordinates":[-106.1145,38.6502]},"properties":{"s":33.3,"pub":false}},{"type":"Feature","geometry":{"type":"Point","coordinates":[-106.1145,38.656]},"properties":{"s":33.3,"pub":false}},{"type":"Feature","geometry":{"type":"Point","coordinates":[-106.1145,38.6618]},"properties":{"s":33.3,"pub":false}},{"type":"Feature","geometry":{"type":"Point","coordinates":[-106.1145,38.6676]},"properties":{"s":30.0,"pub":false}},{"type":"Feature","geometry":{"type":"Point","coordinates":[-106.1145,38.6734]},"properties":{"s":30.0,"pub":false}},{"type":"Feature","geometry":{"type":"Point","coordinates":[-106.1145,38.6792]},"properties":{"s":30.0,"pub":false}},{"type":"Feature","geometry":{"type":"Point","coordinates":[-106.1145,38.685]},"properties":{"s":33.3,"pub":false}},{"type":"Feature","geometry":{"type":"Point","coordinates":[-106.1145,38.6908]},"properties":{"s":33.3,"pub":false}},{"type":"Feature","geometry":{"type":"Point","coordinates":[-106.1145,38.6966]},"properties":{"s":33.3,"pub":false}},{"type":"Feature","geometry":{"type":"Point","coordinates":[-106.1145,38.7024]},"properties":{"s":33.3,"pub":false}},{"type":"Feature","geometry":{"type":"Point","coordinates":[-106.1145,38.7082]},"properties":{"s":33.3,"pub":false}},{"type":"Feature","geometry":{"type":"Point","coordinates":[-106.1145,38.714]},"properties":{"s":33.3,"pub":false}},{"type":"Feature","geometry":{"type":"Point","coordinates":[-106.1145,38.7198]},"properties":{"s":33.3,"pub":false}},{"type":"Feature","geometry":{"type":"Point","coordinates":[-106.1145,38.7256]},"properties":{"s":33.3,"pub":false}},{"type":"Feature","geometry":{"type":"Point","coordinates":[-106.1145,38.7314]},"properties":{"s":33.3,"pub":false}},{"type":"Feature","geometry":{"type":"Point","coordinates":[-106.1145,38.7372]},"properties":{"s":33.3,"pub":false}},{"type":"Feature","geometry":{"type":"Point","coordinates":[-106.1145,38.743]},"properties":{"s":33.3,"pub":false}},{"type":"Feature","geometry":{"type":"Point","coordinates":[-106.107,38.5226]},"properties":{"s":30.0,"pub":false}},{"type":"Feature","geometry":{"type":"Point","coordinates":[-106.107,38.5284]},"properties":{"s":56.7,"pub":false}},{"type":"Feature","geometry":{"type":"Point","coordinates":[-106.107,38.5342]},"properties":{"s":60.0,"pub":false}},{"type":"Feature","geometry":{"type":"Point","coordinates":[-106.107,38.54]},"properties":{"s":56.7,"pub":false}},{"type":"Feature","geometry":{"type":"Point","coordinates":[-106.107,38.5458]},"properties":{"s":56.7,"pub":false}},{"type":"Feature","geometry":{"type":"Point","coordinates":[-106.107,38.5516]},"properties":{"s":56.7,"pub":true}},{"type":"Feature","geometry":{"type":"Point","coordinates":[-106.107,38.5574]},"properties":{"s":56.7,"pub":true}},{"type":"Feature","geometry":{"type":"Point","coordinates":[-106.107,38.5632]},"properties":{"s":56.7,"pub":true}},{"type":"Feature","geometry":{"type":"Point","coordinates":[-106.107,38.569]},"properties":{"s":56.7,"pub":true}},{"type":"Feature","geometry":{"type":"Point","coordinates":[-106.107,38.5748]},"properties":{"s":56.7,"pub":true}},{"type":"Feature","geometry":{"type":"Point","coordinates":[-106.107,38.5806]},"properties":{"s":56.7,"pub":true}},{"type":"Feature","geometry":{"type":"Point","coordinates":[-106.107,38.5864]},"properties":{"s":30.0,"pub":true}},{"type":"Feature","geometry":{"type":"Point","coordinates":[-106.107,38.5922]},"properties":{"s":30.0,"pub":true}},{"type":"Feature","geometry":{"type":"Point","coordinates":[-106.107,38.598]},"properties":{"s":30.0,"pub":true}},{"type":"Feature","geometry":{"type":"Point","coordinates":[-106.107,38.6038]},"properties":{"s":30.0,"pub":true}},{"type":"Feature","geometry":{"type":"Point","coordinates":[-106.107,38.6096]},"properties":{"s":30.0,"pub":false}},{"type":"Feature","geometry":{"type":"Point","coordinates":[-106.107,38.6154]},"properties":{"s":30.0,"pub":true}},{"type":"Feature","geometry":{"type":"Point","coordinates":[-106.107,38.6212]},"properties":{"s":30.0,"pub":true}},{"type":"Feature","geometry":{"type":"Point","coordinates":[-106.107,38.627]},"properties":{"s":30.0,"pub":false}},{"type":"Feature","geometry":{"type":"Point","coordinates":[-106.107,38.6328]},"properties":{"s":30.0,"pub":true}},{"type":"Feature","geometry":{"type":"Point","coordinates":[-106.107,38.6386]},"properties":{"s":30.0,"pub":false}},{"type":"Feature","geometry":{"type":"Point","coordinates":[-106.107,38.6444]},"properties":{"s":30.0,"pub":false}},{"type":"Feature","geometry":{"type":"Point","coordinates":[-106.107,38.6502]},"properties":{"s":30.0,"pub":false}},{"type":"Feature","geometry":{"type":"Point","coordinates":[-106.107,38.656]},"properties":{"s":33.3,"pub":false}},{"type":"Feature","geometry":{"type":"Point","coordinates":[-106.107,38.6618]},"properties":{"s":33.3,"pub":false}},{"type":"Feature","geometry":{"type":"Point","coordinates":[-106.107,38.6676]},"properties":{"s":30.0,"pub":false}},{"type":"Feature","geometry":{"type":"Point","coordinates":[-106.107,38.6734]},"properties":{"s":30.0,"pub":false}},{"type":"Feature","geometry":{"type":"Point","coordinates":[-106.107,38.6792]},"properties":{"s":30.0,"pub":false}},{"type":"Feature","geometry":{"type":"Point","coordinates":[-106.107,38.685]},"properties":{"s":33.3,"pub":false}},{"type":"Feature","geometry":{"type":"Point","coordinates":[-106.107,38.6908]},"properties":{"s":33.3,"pub":false}},{"type":"Feature","geometry":{"type":"Point","coordinates":[-106.107,38.6966]},"properties":{"s":33.3,"pub":false}},{"type":"Feature","geometry":{"type":"Point","coordinates":[-106.107,38.7024]},"properties":{"s":33.3,"pub":false}},{"type":"Feature","geometry":{"type":"Point","coordinates":[-106.107,38.7082]},"properties":{"s":33.3,"pub":false}},{"type":"Feature","geometry":{"type":"Point","coordinates":[-106.107,38.714]},"properties":{"s":33.3,"pub":false}},{"type":"Feature","geometry":{"type":"Point","coordinates":[-106.107,38.7198]},"properties":{"s":33.3,"pub":false}},{"type":"Feature","geometry":{"type":"Point","coordinates":[-106.107,38.7256]},"properties":{"s":33.3,"pub":false}},{"type":"Feature","geometry":{"type":"Point","coordinates":[-106.107,38.7314]},"properties":{"s":33.3,"pub":false}},{"type":"Feature","geometry":{"type":"Point","coordinates":[-106.107,38.7372]},"properties":{"s":33.3,"pub":false}},{"type":"Feature","geometry":{"type":"Point","coordinates":[-106.107,38.743]},"properties":{"s":33.3,"pub":false}},{"type":"Feature","geometry":{"type":"Point","coordinates":[-106.0995,38.5226]},"properties":{"s":30.0,"pub":false}},{"type":"Feature","geometry":{"type":"Point","coordinates":[-106.0995,38.5284]},"properties":{"s":56.7,"pub":false}},{"type":"Feature","geometry":{"type":"Point","coordinates":[-106.0995,38.5342]},"properties":{"s":60.0,"pub":false}},{"type":"Feature","geometry":{"type":"Point","coordinates":[-106.0995,38.54]},"properties":{"s":56.7,"pub":false}},{"type":"Feature","geometry":{"type":"Point","coordinates":[-106.0995,38.5458]},"properties":{"s":56.7,"pub":false}},{"type":"Feature","geometry":{"type":"Point","coordinates":[-106.0995,38.5516]},"properties":{"s":56.7,"pub":false}},{"type":"Feature","geometry":{"type":"Point","coordinates":[-106.0995,38.5574]},"properties":{"s":56.7,"pub":true}},{"type":"Feature","geometry":{"type":"Point","coordinates":[-106.0995,38.5632]},"properties":{"s":56.7,"pub":true}},{"type":"Feature","geometry":{"type":"Point","coordinates":[-106.0995,38.569]},"properties":{"s":56.7,"pub":true}},{"type":"Feature","geometry":{"type":"Point","coordinates":[-106.0995,38.5748]},"properties":{"s":56.7,"pub":true}},{"type":"Feature","geometry":{"type":"Point","coordinates":[-106.0995,38.5806]},"properties":{"s":30.0,"pub":true}},{"type":"Feature","geometry":{"type":"Point","coordinates":[-106.0995,38.5864]},"properties":{"s":30.0,"pub":true}},{"type":"Feature","geometry":{"type":"Point","coordinates":[-106.0995,38.5922]},"properties":{"s":30.0,"pub":true}},{"type":"Feature","geometry":{"type":"Point","coordinates":[-106.0995,38.598]},"properties":{"s":30.0,"pub":false}},{"type":"Feature","geometry":{"type":"Point","coordinates":[-106.0995,38.6038]},"properties":{"s":30.0,"pub":false}},{"type":"Feature","geometry":{"type":"Point","coordinates":[-106.0995,38.6096]},"properties":{"s":30.0,"pub":false}},{"type":"Feature","geometry":{"type":"Point","coordinates":[-106.0995,38.6154]},"properties":{"s":30.0,"pub":true}},{"type":"Feature","geometry":{"type":"Point","coordinates":[-106.0995,38.6212]},"properties":{"s":30.0,"pub":true}},{"type":"Feature","geometry":{"type":"Point","coordinates":[-106.0995,38.627]},"properties":{"s":30.0,"pub":false}},{"type":"Feature","geometry":{"type":"Point","coordinates":[-106.0995,38.6328]},"properties":{"s":30.0,"pub":false}},{"type":"Feature","geometry":{"type":"Point","coordinates":[-106.0995,38.6386]},"properties":{"s":30.0,"pub":false}},{"type":"Feature","geometry":{"type":"Point","coordinates":[-106.0995,38.6444]},"properties":{"s":30.0,"pub":false}},{"type":"Feature","geometry":{"type":"Point","coordinates":[-106.0995,38.6502]},"properties":{"s":30.0,"pub":false}},{"type":"Feature","geometry":{"type":"Point","coordinates":[-106.0995,38.656]},"properties":{"s":33.3,"pub":false}},{"type":"Feature","geometry":{"type":"Point","coordinates":[-106.0995,38.6618]},"properties":{"s":33.3,"pub":false}},{"type":"Feature","geometry":{"type":"Point","coordinates":[-106.0995,38.6676]},"properties":{"s":30.0,"pub":false}},{"type":"Feature","geometry":{"type":"Point","coordinates":[-106.0995,38.6734]},"properties":{"s":30.0,"pub":false}},{"type":"Feature","geometry":{"type":"Point","coordinates":[-106.0995,38.6792]},"properties":{"s":30.0,"pub":false}},{"type":"Feature","geometry":{"type":"Point","coordinates":[-106.0995,38.685]},"properties":{"s":33.3,"pub":false}},{"type":"Feature","geometry":{"type":"Point","coordinates":[-106.0995,38.6908]},"properties":{"s":33.3,"pub":false}},{"type":"Feature","geometry":{"type":"Point","coordinates":[-106.0995,38.6966]},"properties":{"s":33.3,"pub":false}},{"type":"Feature","geometry":{"type":"Point","coordinates":[-106.0995,38.7024]},"properties":{"s":33.3,"pub":false}},{"type":"Feature","geometry":{"type":"Point","coordinates":[-106.0995,38.7082]},"properties":{"s":33.3,"pub":false}},{"type":"Feature","geometry":{"type":"Point","coordinates":[-106.0995,38.714]},"properties":{"s":33.3,"pub":false}},{"type":"Feature","geometry":{"type":"Point","coordinates":[-106.0995,38.7198]},"properties":{"s":33.3,"pub":false}},{"type":"Feature","geometry":{"type":"Point","coordinates":[-106.0995,38.7256]},"properties":{"s":33.3,"pub":false}},{"type":"Feature","geometry":{"type":"Point","coordinates":[-106.0995,38.7314]},"properties":{"s":33.3,"pub":false}},{"type":"Feature","geometry":{"type":"Point","coordinates":[-106.0995,38.7372]},"properties":{"s":33.3,"pub":false}},{"type":"Feature","geometry":{"type":"Point","coordinates":[-106.0995,38.743]},"properties":{"s":33.3,"pub":false}},{"type":"Feature","geometry":{"type":"Point","coordinates":[-106.092,38.5226]},"properties":{"s":30.0,"pub":false}},{"type":"Feature","geometry":{"type":"Point","coordinates":[-106.092,38.5284]},"properties":{"s":60.0,"pub":false}},{"type":"Feature","geometry":{"type":"Point","coordinates":[-106.092,38.5342]},"properties":{"s":60.0,"pub":false}},{"type":"Feature","geometry":{"type":"Point","coordinates":[-106.092,38.54]},"properties":{"s":56.7,"pub":false}},{"type":"Feature","geometry":{"type":"Point","coordinates":[-106.092,38.5458]},"properties":{"s":56.7,"pub":false}},{"type":"Feature","geometry":{"type":"Point","coordinates":[-106.092,38.5516]},"properties":{"s":56.7,"pub":true}},{"type":"Feature","geometry":{"type":"Point","coordinates":[-106.092,38.5574]},"properties":{"s":56.7,"pub":true}},{"type":"Feature","geometry":{"type":"Point","coordinates":[-106.092,38.5632]},"properties":{"s":56.7,"pub":false}},{"type":"Feature","geometry":{"type":"Point","coordinates":[-106.092,38.569]},"properties":{"s":56.7,"pub":true}},{"type":"Feature","geometry":{"type":"Point","coordinates":[-106.092,38.5748]},"properties":{"s":56.7,"pub":true}},{"type":"Feature","geometry":{"type":"Point","coordinates":[-106.092,38.5806]},"properties":{"s":30.0,"pub":false}},{"type":"Feature","geometry":{"type":"Point","coordinates":[-106.092,38.5864]},"properties":{"s":30.0,"pub":true}},{"type":"Feature","geometry":{"type":"Point","coordinates":[-106.092,38.5922]},"properties":{"s":30.0,"pub":true}},{"type":"Feature","geometry":{"type":"Point","coordinates":[-106.092,38.598]},"properties":{"s":30.0,"pub":false}},{"type":"Feature","geometry":{"type":"Point","coordinates":[-106.092,38.6038]},"properties":{"s":30.0,"pub":false}},{"type":"Feature","geometry":{"type":"Point","coordinates":[-106.092,38.6096]},"properties":{"s":30.0,"pub":false}},{"type":"Feature","geometry":{"type":"Point","coordinates":[-106.092,38.6154]},"properties":{"s":30.0,"pub":false}},{"type":"Feature","geometry":{"type":"Point","coordinates":[-106.092,38.6212]},"properties":{"s":30.0,"pub":false}},{"type":"Feature","geometry":{"type":"Point","coordinates":[-106.092,38.627]},"properties":{"s":30.0,"pub":false}},{"type":"Feature","geometry":{"type":"Point","coordinates":[-106.092,38.6328]},"properties":{"s":30.0,"pub":false}},{"type":"Feature","geometry":{"type":"Point","coordinates":[-106.092,38.6386]},"properties":{"s":30.0,"pub":false}},{"type":"Feature","geometry":{"type":"Point","coordinates":[-106.092,38.6444]},"properties":{"s":30.0,"pub":false}},{"type":"Feature","geometry":{"type":"Point","coordinates":[-106.092,38.6502]},"properties":{"s":30.0,"pub":false}},{"type":"Feature","geometry":{"type":"Point","coordinates":[-106.092,38.656]},"properties":{"s":30.0,"pub":false}},{"type":"Feature","geometry":{"type":"Point","coordinates":[-106.092,38.6618]},"properties":{"s":33.3,"pub":false}},{"type":"Feature","geometry":{"type":"Point","coordinates":[-106.092,38.6676]},"properties":{"s":30.0,"pub":false}},{"type":"Feature","geometry":{"type":"Point","coordinates":[-106.092,38.6734]},"properties":{"s":30.0,"pub":false}},{"type":"Feature","geometry":{"type":"Point","coordinates":[-106.092,38.6792]},"properties":{"s":30.0,"pub":false}},{"type":"Feature","geometry":{"type":"Point","coordinates":[-106.092,38.685]},"properties":{"s":30.0,"pub":false}},{"type":"Feature","geometry":{"type":"Point","coordinates":[-106.092,38.6908]},"properties":{"s":30.0,"pub":false}},{"type":"Feature","geometry":{"type":"Point","coordinates":[-106.092,38.6966]},"properties":{"s":33.3,"pub":false}},{"type":"Feature","geometry":{"type":"Point","coordinates":[-106.092,38.7024]},"properties":{"s":33.3,"pub":false}},{"type":"Feature","geometry":{"type":"Point","coordinates":[-106.092,38.7082]},"properties":{"s":33.3,"pub":false}},{"type":"Feature","geometry":{"type":"Point","coordinates":[-106.092,38.714]},"properties":{"s":33.3,"pub":false}},{"type":"Feature","geometry":{"type":"Point","coordinates":[-106.092,38.7198]},"properties":{"s":33.3,"pub":false}},{"type":"Feature","geometry":{"type":"Point","coordinates":[-106.092,38.7256]},"properties":{"s":33.3,"pub":false}},{"type":"Feature","geometry":{"type":"Point","coordinates":[-106.092,38.7314]},"properties":{"s":33.3,"pub":false}},{"type":"Feature","geometry":{"type":"Point","coordinates":[-106.092,38.7372]},"properties":{"s":30.0,"pub":false}},{"type":"Feature","geometry":{"type":"Point","coordinates":[-106.092,38.743]},"properties":{"s":30.0,"pub":false}},{"type":"Feature","geometry":{"type":"Point","coordinates":[-106.0845,38.5226]},"properties":{"s":30.0,"pub":false}},{"type":"Feature","geometry":{"type":"Point","coordinates":[-106.0845,38.5284]},"properties":{"s":60.0,"pub":false}},{"type":"Feature","geometry":{"type":"Point","coordinates":[-106.0845,38.5342]},"properties":{"s":56.7,"pub":false}},{"type":"Feature","geometry":{"type":"Point","coordinates":[-106.0845,38.54]},"properties":{"s":56.7,"pub":false}},{"type":"Feature","geometry":{"type":"Point","coordinates":[-106.0845,38.5458]},"properties":{"s":56.7,"pub":false}},{"type":"Feature","geometry":{"type":"Point","coordinates":[-106.0845,38.5516]},"properties":{"s":56.7,"pub":false}},{"type":"Feature","geometry":{"type":"Point","coordinates":[-106.0845,38.5574]},"properties":{"s":30.0,"pub":false}},{"type":"Feature","geometry":{"type":"Point","coordinates":[-106.0845,38.5632]},"properties":{"s":56.7,"pub":false}},{"type":"Feature","geometry":{"type":"Point","coordinates":[-106.0845,38.569]},"properties":{"s":56.7,"pub":true}}]}