{"type":"FeatureCollection","features":[{"type":"Feature","geometry":{"type":"Point","coordinates":[-106.0906,38.7842]},"properties":{"s":100.0,"pub":false}},{"type":"Feature","geometry":{"type":"Point","coordinates":[-106.0906,38.79]},"properties":{"s":100.0,"pub":false}},{"type":"Feature","geometry":{"type":"Point","coordinates":[-106.0906,38.7958]},"properties":{"s":100.0,"pub":false}},{"type":"Feature","geometry":{"type":"Point","coordinates":[-106.0906,38.8016]},"properties":{"s":97.5,"pub":false}},{"type":"Feature","geometry":{"type":"Point","coordinates":[-106.0906,38.8074]},"properties":{"s":97.5,"pub":false}},{"type":"Feature","geometry":{"type":"Point","coordinates":[-106.0831,38.7784]},"properties":{"s":100.0,"pub":false}},{"type":"Feature","geometry":{"type":"Point","coordinates":[-106.0831,38.7842]},"properties":{"s":100.0,"pub":false}},{"type":"Feature","geometry":{"type":"Point","coordinates":[-106.0831,38.79]},"properties":{"s":100.0,"pub":true}},{"type":"Feature","geometry":{"type":"Point","coordinates":[-106.0831,38.7958]},"properties":{"s":100.0,"pub":true}},{"type":"Feature","geometry":{"type":"Point","coordinates":[-106.0456,38.5986]},"properties":{"s":52.5,"pub":false}},{"type":"Feature","geometry":{"type":"Point","coordinates":[-106.0456,38.6044]},"properties":{"s":52.5,"pub":false}},{"type":"Feature","geometry":{"type":"Point","coordinates":[-106.0456,38.6102]},"properties":{"s":52.5,"pub":true}},{"type":"Feature","geometry":{"type":"Point","coordinates":[-106.0381,38.5986]},"properties":{"s":52.5,"pub":true}},{"type":"Feature","geometry":{"type":"Point","coordinates":[-106.0381,38.6044]},"properties":{"s":52.5,"pub":true}},{"type":"Feature","geometry":{"type":"Point","coordinates":[-106.0381,38.6102]},"properties":{"s":47.5,"pub":true}},{"type":"Feature","geometry":{"type":"Point","coordinates":[-106.0381,38.616]},"properties":{"s":47.5,"pub":true}},{"type":"Feature","geometry":{"type":"Point","coordinates":[-106.0306,38.5986]},"properties":{"s":52.5,"pub":true}},{"type":"Feature","geometry":{"type":"Point","coordinates":[-106.0306,38.6044]},"properties":{"s":52.5,"pub":true}},{"type":"Feature","geometry":{"type":"Point","coordinates":[-106.0306,38.6102]},"properties":{"s":47.5,"pub":true}},{"type":"Feature","geometry":{"type":"Point","coordinates":[-106.0306,38.616]},"properties":{"s":47.5,"pub":true}},{"type":"Feature","geometry":{"type":"Point","coordinates":[-106.0231,38.5986]},"properties":{"s":55.0,"pub":true}},{"type":"Feature","geometry":{"type":"Point","coordinates":[-106.0231,38.6044]},"properties":{"s":47.5,"pub":true}},{"type":"Feature","geometry":{"type":"Point","coordinates":[-106.0231,38.6102]},"properties":{"s":47.5,"pub":true}},{"type":"Feature","geometry":{"type":"Point","coordinates":[-106.0231,38.616]},"properties":{"s":47.5,"pub":true}},{"type":"Feature","geometry":{"type":"Point","coordinates":[-106.0156,38.5986]},"properties":{"s":55.0,"pub":true}},{"type":"Feature","geometry":{"type":"Point","coordinates":[-106.0156,38.6044]},"properties":{"s":47.5,"pub":true}},{"type":"Feature","geometry":{"type":"Point","coordinates":[-106.0156,38.6102]},"properties":{"s":47.5,"pub":true}},{"type":"Feature","geometry":{"type":"Point","coordinates":[-106.0156,38.616]},"properties":{"s":47.5,"pub":true}},{"type":"Feature","geometry":{"type":"Point","coordinates":[-106.0081,38.6044]},"properties":{"s":47.5,"pub":true}},{"type":"Feature","geometry":{"type":"Point","coordinates":[-106.0081,38.6102]},"properties":{"s":47.5,"pub":true}},{"type":"Feature","geometry":{"type":"Point","coordinates":[-106.0081,38.616]},"properties":{"s":47.5,"pub":true}},{"type":"Feature","geometry":{"type":"Point","coordinates":[-106.0006,38.6044]},"properties":{"s":52.5,"pub":true}},{"type":"Feature","geometry":{"type":"Point","coordinates":[-106.0006,38.6102]},"properties":{"s":47.5,"pub":true}},{"type":"Feature","geometry":{"type":"Point","coordinates":[-106.0006,38.616]},"properties":{"s":47.5,"pub":true}},{"type":"Feature","geometry":{"type":"Point","coordinates":[-106.0006,38.7842]},"properties":{"s":42.5,"pub":true}},{"type":"Feature","geometry":{"type":"Point","coordinates":[-106.0006,38.79]},"properties":{"s":42.5,"pub":true}},{"type":"Feature","geometry":{"type":"Point","coordinates":[-106.0006,38.7958]},"properties":{"s":42.5,"pub":true}},{"type":"Feature","geometry":{"type":"Point","coordinates":[-106.0006,38.8016]},"properties":{"s":42.5,"pub":true}},{"type":"Feature","geometry":{"type":"Point","coordinates":[-106.0006,38.8074]},"properties":{"s":42.5,"pub":true}},{"type":"Feature","geometry":{"type":"Point","coordinates":[-105.9931,38.6044]},"properties":{"s":52.5,"pub":true}},{"type":"Feature","geometry":{"type":"Point","coordinates":[-105.9931,38.6102]},"properties":{"s":47.5,"pub":true}},{"type":"Feature","geometry":{"type":"Point","coordinates":[-105.9931,38.616]},"properties":{"s":47.5,"pub":true}},{"type":"Feature","geometry":{"type":"Point","coordinates":[-105.9931,38.6798]},"properties":{"s":37.5,"pub":true}},{"type":"Feature","geometry":{"type":"Point","coordinates":[-105.9931,38.6856]},"properties":{"s":37.5,"pub":true}},{"type":"Feature","geometry":{"type":"Point","coordinates":[-105.9931,38.6914]},"properties":{"s":37.5,"pub":true}},{"type":"Feature","geometry":{"type":"Point","coordinates":[-105.9931,38.6972]},"properties":{"s":37.5,"pub":true}},{"type":"Feature","geometry":{"type":"Point","coordinates":[-105.9931,38.703]},"properties":{"s":37.5,"pub":true}},{"type":"Feature","geometry":{"type":"Point","coordinates":[-105.9931,38.7088]},"properties":{"s":37.5,"pub":true}},{"type":"Feature","geometry":{"type":"Point","coordinates":[-105.9931,38.7146]},"properties":{"s":37.5,"pub":true}},{"type":"Feature","geometry":{"type":"Point","coordinates":[-105.9931,38.7204]},"properties":{"s":37.5,"pub":true}},{"type":"Feature","geometry":{"type":"Point","coordinates":[-105.9931,38.7262]},"properties":{"s":37.5,"pub":true}},{"type":"Feature","geometry":{"type":"Point","coordinates":[-105.9931,38.7784]},"properties":{"s":37.5,"pub":true}},{"type":"Feature","geometry":{"type":"Point","coordinates":[-105.9931,38.7842]},"properties":{"s":67.5,"pub":true}},{"type":"Feature","geometry":{"type":"Point","coordinates":[-105.9931,38.79]},"properties":{"s":72.5,"pub":true}},{"type":"Feature","geometry":{"type":"Point","coordinates":[-105.9931,38.7958]},"properties":{"s":42.5,"pub":true}},{"type":"Feature","geometry":{"type":"Point","coordinates":[-105.9931,38.8016]},"properties":{"s":42.5,"pub":true}},{"type":"Feature","geometry":{"type":"Point","coordinates":[-105.9931,38.8074]},"properties":{"s":42.5,"pub":true}},{"type":"Feature","geometry":{"type":"Point","coordinates":[-105.9931,38.8132]},"properties":{"s":45.0,"pub":true}},{"type":"Feature","geometry":{"type":"Point","coordinates":[-105.9931,38.819]},"properties":{"s":45.0,"pub":true}},{"type":"Feature","geometry":{"type":"Point","coordinates":[-105.9931,38.8248]},"properties":{"s":45.0,"pub":true}},{"type":"Feature","geometry":{"type":"Point","coordinates":[-105.9856,38.6044]},"properties":{"s":52.5,"pub":true}},{"type":"Feature","geometry":{"type":"Point","coordinates":[-105.9856,38.6102]},"properties":{"s":47.5,"pub":true}},{"type":"Feature","geometry":{"type":"Point","coordinates":[-105.9856,38.616]},"properties":{"s":47.5,"pub":true}},{"type":"Feature","geometry":{"type":"Point","coordinates":[-105.9856,38.645]},"properties":{"s":37.5,"pub":true}},{"type":"Feature","geometry":{"type":"Point","coordinates":[-105.9856,38.6508]},"properties":{"s":37.5,"pub":true}},{"type":"Feature","geometry":{"type":"Point","coordinates":[-105.9856,38.6566]},"properties":{"s":37.5,"pub":true}},{"type":"Feature","geometry":{"type":"Point","coordinates":[-105.9856,38.6624]},"properties":{"s":37.5,"pub":true}},{"type":"Feature","geometry":{"type":"Point","coordinates":[-105.9856,38.6682]},"properties":{"s":37.5,"pub":true}},{"type":"Feature","geometry":{"type":"Point","coordinates":[-105.9856,38.674]},"properties":{"s":37.5,"pub":true}},{"type":"Feature","geometry":{"type":"Point","coordinates":[-105.9856,38.6798]},"properties":{"s":37.5,"pub":true}},{"type":"Feature","geometry":{"type":"Point","coordinates":[-105.9856,38.6856]},"properties":{"s":37.5,"pub":true}},{"type":"Feature","geometry":{"type":"Point","coordinates":[-105.9856,38.6914]},"properties":{"s":37.5,"pub":true}},{"type":"Feature","geometry":{"type":"Point","coordinates":[-105.9856,38.6972]},"properties":{"s":37.5,"pub":true}},{"type":"Feature","geometry":{"type":"Point","coordinates":[-105.9856,38.703]},"properties":{"s":37.5,"pub":true}},{"type":"Feature","geometry":{"type":"Point","coordinates":[-105.9856,38.7088]},"properties":{"s":37.5,"pub":true}},{"type":"Feature","geometry":{"type":"Point","coordinates":[-105.9856,38.7146]},"properties":{"s":37.5,"pub":true}},{"type":"Feature","geometry":{"type":"Point","coordinates":[-105.9856,38.7204]},"properties":{"s":37.5,"pub":true}},{"type":"Feature","geometry":{"type":"Point","coordinates":[-105.9856,38.7262]},"properties":{"s":37.5,"pub":true}},{"type":"Feature","geometry":{"type":"Point","coordinates":[-105.9856,38.732]},"properties":{"s":37.5,"pub":true}},{"type":"Feature","geometry":{"type":"Point","coordinates":[-105.9856,38.7784]},"properties":{"s":67.5,"pub":true}},{"type":"Feature","geometry":{"type":"Point","coordinates":[-105.9856,38.7842]},"properties":{"s":67.5,"pub":true}},{"type":"Feature","geometry":{"type":"Point","coordinates":[-105.9856,38.79]},"properties":{"s":67.5,"pub":true}},{"type":"Feature","geometry":{"type":"Point","coordinates":[-105.9856,38.7958]},"properties":{"s":67.5,"pub":true}},{"type":"Feature","geometry":{"type":"Point","coordinates":[-105.9856,38.8016]},"properties":{"s":42.5,"pub":true}},{"type":"Feature","geometry":{"type":"Point","coordinates":[-105.9856,38.8074]},"properties":{"s":42.5,"pub":true}},{"type":"Feature","geometry":{"type":"Point","coordinates":[-105.9856,38.8132]},"properties":{"s":42.5,"pub":true}},{"type":"Feature","geometry":{"type":"Point","coordinates":[-105.9856,38.819]},"properties":{"s":45.0,"pub":true}},{"type":"Feature","geometry":{"type":"Point","coordinates":[-105.9856,38.8248]},"properties":{"s":45.0,"pub":true}},{"type":"Feature","geometry":{"type":"Point","coordinates":[-105.9856,38.8306]},"properties":{"s":45.0,"pub":true}},{"type":"Feature","geometry":{"type":"Point","coordinates":[-105.9856,38.877]},"properties":{"s":55.0,"pub":true}},{"type":"Feature","geometry":{"type":"Point","coordinates":[-105.9856,38.8828]},"properties":{"s":75.0,"pub":true}},{"type":"Feature","geometry":{"type":"Point","coordinates":[-105.9856,38.8886]},"properties":{"s":70.0,"pub":true}},{"type":"Feature","geometry":{"type":"Point","coordinates":[-105.9856,38.8944]},"properties":{"s":70.0,"pub":true}},{"type":"Feature","geometry":{"type":"Point","coordinates":[-105.9856,38.9002]},"properties":{"s":70.0,"pub":true}},{"type":"Feature","geometry":{"type":"Point","coordinates":[-105.9781,38.6044]},"properties":{"s":47.5,"pub":true}},{"type":"Feature","geometry":{"type":"Point","coordinates":[-105.9781,38.6102]},"properties":{"s":47.5,"pub":true}},{"type":"Feature","geometry":{"type":"Point","coordinates":[-105.9781,38.616]},"properties":{"s":67.5,"pub":true}},{"type":"Feature","geometry":{"type":"Point","coordinates":[-105.9781,38.6218]},"properties":{"s":37.5,"pub":true}},{"type":"Feature","geometry":{"type":"Point","coordinates":[-105.9781,38.6392]},"properties":{"s":37.5,"pub":true}},{"type":"Feature","geometry":{"type":"Point","coordinates":[-105.9781,38.645]},"properties":{"s":37.5,"pub":true}},{"type":"Feature","geometry":{"type":"Point","coordinates":[-105.9781,38.6508]},"properties":{"s":37.5,"pub":true}},{"type":"Feature","geometry":{"type":"Point","coordinates":[-105.9781,38.6566]},"properties":{"s":37.5,"pub":true}},{"type":"Feature","geometry":{"type":"Point","coordinates":[-105.9781,38.6624]},"properties":{"s":37.5,"pub":true}},{"type":"Feature","geometry":{"type":"Point","coordinates":[-105.9781,38.6682]},"properties":{"s":37.5,"pub":true}},{"type":"Feature","geometry":{"type":"Point","coordinates":[-105.9781,38.674]},"properties":{"s":37.5,"pub":true}},{"type":"Feature","geometry":{"type":"Point","coordinates":[-105.9781,38.6798]},"properties":{"s":37.5,"pub":true}},{"type":"Feature","geometry":{"type":"Point","coordinates":[-105.9781,38.6856]},"properties":{"s":37.5,"pub":true}},{"type":"Feature","geometry":{"type":"Point","coordinates":[-105.9781,38.6914]},"properties":{"s":37.5,"pub":true}},{"type":"Feature","geometry":{"type":"Point","coordinates":[-105.9781,38.6972]},"properties":{"s":37.5,"pub":true}},{"type":"Feature","geometry":{"type":"Point","coordinates":[-105.9781,38.703]},"properties":{"s":37.5,"pub":true}},{"type":"Feature","geometry":{"type":"Point","coordinates":[-105.9781,38.7088]},"properties":{"s":37.5,"pub":true}},{"type":"Feature","geometry":{"type":"Point","coordinates":[-105.9781,38.7146]},"properties":{"s":37.5,"pub":true}},{"type":"Feature","geometry":{"type":"Point","coordinates":[-105.9781,38.7204]},"properties":{"s":37.5,"pub":true}},{"type":"Feature","geometry":{"type":"Point","coordinates":[-105.9781,38.7262]},"properties":{"s":37.5,"pub":true}},{"type":"Feature","geometry":{"type":"Point","coordinates":[-105.9781,38.732]},"properties":{"s":37.5,"pub":true}},{"type":"Feature","geometry":{"type":"Point","coordinates":[-105.9781,38.7378]},"properties":{"s":37.5,"pub":true}},{"type":"Feature","geometry":{"type":"Point","coordinates":[-105.9781,38.7726]},"properties":{"s":47.5,"pub":true}},{"type":"Feature","geometry":{"type":"Point","coordinates":[-105.9781,38.7784]},"properties":{"s":67.5,"pub":true}},{"type":"Feature","geometry":{"type":"Point","coordinates":[-105.9781,38.7842]},"properties":{"s":67.5,"pub":true}},{"type":"Feature","geometry":{"type":"Point","coordinates":[-105.9781,38.79]},"properties":{"s":67.5,"pub":true}},{"type":"Feature","geometry":{"type":"Point","coordinates":[-105.9781,38.7958]},"properties":{"s":67.5,"pub":true}},{"type":"Feature","geometry":{"type":"Point","coordinates":[-105.9781,38.8016]},"properties":{"s":67.5,"pub":true}},{"type":"Feature","geometry":{"type":"Point","coordinates":[-105.9781,38.8074]},"properties":{"s":72.5,"pub":true}},{"type":"Feature","geometry":{"type":"Point","coordinates":[-105.9781,38.8132]},"properties":{"s":72.5,"pub":true}},{"type":"Feature","geometry":{"type":"Point","coordinates":[-105.9781,38.819]},"properties":{"s":45.0,"pub":true}},{"type":"Feature","geometry":{"type":"Point","coordinates":[-105.9781,38.8248]},"properties":{"s":45.0,"pub":true}},{"type":"Feature","geometry":{"type":"Point","coordinates":[-105.9781,38.8306]},"properties":{"s":45.0,"pub":true}},{"type":"Feature","geometry":{"type":"Point","coordinates":[-105.9781,38.8364]},"properties":{"s":45.0,"pub":true}},{"type":"Feature","geometry":{"type":"Point","coordinates":[-105.9781,38.8422]},"properties":{"s":45.0,"pub":true}},{"type":"Feature","geometry":{"type":"Point","coordinates":[-105.9781,38.877]},"properties":{"s":70.0,"pub":true}},{"type":"Feature","geometry":{"type":"Point","coordinates":[-105.9781,38.8828]},"properties":{"s":50.0,"pub":true}},{"type":"Feature","geometry":{"type":"Point","coordinates":[-105.9706,38.6044]},"properties":{"s":72.5,"pub":true}},{"type":"Feature","geometry":{"type":"Point","coordinates":[-105.9706,38.6102]},"properties":{"s":67.5,"pub":true}},{"type":"Feature","geometry":{"type":"Point","coordinates":[-105.9706,38.616]},"properties":{"s":67.5,"pub":true}},{"type":"Feature","geometry":{"type":"Point","coordinates":[-105.9706,38.6218]},"properties":{"s":37.5,"pub":true}},{"type":"Feature","geometry":{"type":"Point","coordinates":[-105.9706,38.6276]},"properties":{"s":37.5,"pub":true}},{"type":"Feature","geometry":{"type":"Point","coordinates":[-105.9706,38.6334]},"properties":{"s":67.5,"pub":true}},{"type":"Feature","geometry":{"type":"Point","coordinates":[-105.9706,38.6392]},"properties":{"s":67.5,"pub":true}},{"type":"Feature","geometry":{"type":"Point","coordinates":[-105.9706,38.645]},"properties":{"s":67.5,"pub":true}},{"type":"Feature","geometry":{"type":"Point","coordinates":[-105.9706,38.6508]},"properties":{"s":67.5,"pub":true}},{"type":"Feature","geometry":{"type":"Point","coordinates":[-105.9706,38.6566]},"properties":{"s":67.5,"pub":true}},{"type":"Feature","geometry":{"type":"Point","coordinates":[-105.9706,38.6624]},"properties":{"s":37.5,"pub":true}},{"type":"Feature","geometry":{"type":"Point","coordinates":[-105.9706,38.6682]},"properties":{"s":67.5,"pub":true}},{"type":"Feature","geometry":{"type":"Point","coordinates":[-105.9706,38.674]},"properties":{"s":67.5,"pub":true}},{"type":"Feature","geometry":{"type":"Point","coordinates":[-105.9706,38.6798]},"properties":{"s":67.5,"pub":true}},{"type":"Feature","geometry":{"type":"Point","coordinates":[-105.9706,38.6856]},"properties":{"s":37.5,"pub":true}},{"type":"Feature","geometry":{"type":"Point","coordinates":[-105.9706,38.6914]},"properties":{"s":37.5,"pub":false}},{"type":"Feature","geometry":{"type":"Point","coordinates":[-105.9706,38.6972]},"properties":{"s":37.5,"pub":true}},{"type":"Feature","geometry":{"type":"Point","coordinates":[-105.9706,38.703]},"properties":{"s":37.5,"pub":true}},{"type":"Feature","geometry":{"type":"Point","coordinates":[-105.9706,38.7088]},"properties":{"s":37.5,"pub":true}},{"type":"Feature","geometry":{"type":"Point","coordinates":[-105.9706,38.7146]},"properties":{"s":67.5,"pub":true}},{"type":"Feature","geometry":{"type":"Point","coordinates":[-105.9706,38.7204]},"properties":{"s":37.5,"pub":true}},{"type":"Feature","geometry":{"type":"Point","coordinates":[-105.9706,38.7262]},"properties":{"s":37.5,"pub":true}},{"type":"Feature","geometry":{"type":"Point","coordinates":[-105.9706,38.732]},"properties":{"s":37.5,"pub":true}},{"type":"Feature","geometry":{"type":"Point","coordinates":[-105.9706,38.7378]},"properties":{"s":37.5,"pub":true}},{"type":"Feature","geometry":{"type":"Point","coordinates":[-105.9706,38.761]},"properties":{"s":47.5,"pub":true}},{"type":"Feature","geometry":{"type":"Point","coordinates":[-105.9706,38.7668]},"properties":{"s":47.5,"pub":true}},{"type":"Feature","geometry":{"type":"Point","coordinates":[-105.9706,38.7726]},"properties":{"s":47.5,"pub":true}},{"type":"Feature","geometry":{"type":"Point","coordinates":[-105.9706,38.7784]},"properties":{"s":67.5,"pub":true}},{"type":"Feature","geometry":{"type":"Point","coordinates":[-105.9706,38.7842]},"properties":{"s":67.5,"pub":true}},{"type":"Feature","geometry":{"type":"Point","coordinates":[-105.9706,38.79]},"properties":{"s":67.5,"pub":true}},{"type":"Feature","geometry":{"type":"Point","coordinates":[-105.9706,38.7958]},"properties":{"s":67.5,"pub":true}},{"type":"Feature","geometry":{"type":"Point","coordinates":[-105.9706,38.8016]},"properties":{"s":67.5,"pub":true}},{"type":"Feature","geometry":{"type":"Point","coordinates":[-105.9706,38.8074]},"properties":{"s":72.5,"pub":true}},{"type":"Feature","geometry":{"type":"Point","coordinates":[-105.9706,38.8132]},"properties":{"s":72.5,"pub":true}},{"type":"Feature","geometry":{"type":"Point","coordinates":[-105.9706,38.819]},"properties":{"s":75.0,"pub":true}},{"type":"Feature","geometry":{"type":"Point","coordinates":[-105.9706,38.8248]},"properties":{"s":70.0,"pub":true}},{"type":"Feature","geometry":{"type":"Point","coordinates":[-105.9706,38.8306]},"properties":{"s":70.0,"pub":true}},{"type":"Feature","geometry":{"type":"Point","coordinates":[-105.9706,38.8364]},"properties":{"s":75.0,"pub":true}},{"type":"Feature","geometry":{"type":"Point","coordinates":[-105.9706,38.8422]},"properties":{"s":45.0,"pub":true}},{"type":"Feature","geometry":{"type":"Point","coordinates":[-105.9706,38.848]},"properties":{"s":45.0,"pub":true}},{"type":"Feature","geometry":{"type":"Point","coordinates":[-105.9706,38.877]},"properties":{"s":40.0,"pub":true}},{"type":"Feature","geometry":{"type":"Point","coordinates":[-105.9631,38.5986]},"properties":{"s":45.0,"pub":true}},{"type":"Feature","geometry":{"type":"Point","coordinates":[-105.9631,38.6044]},"properties":{"s":75.0,"pub":true}},{"type":"Feature","geometry":{"type":"Point","coordinates":[-105.9631,38.6102]},"properties":{"s":67.5,"pub":true}},{"type":"Feature","geometry":{"type":"Point","coordinates":[-105.9631,38.616]},"properties":{"s":67.5,"pub":true}},{"type":"Feature","geometry":{"type":"Point","coordinates":[-105.9631,38.6218]},"properties":{"s":37.5,"pub":true}},{"type":"Feature","geometry":{"type":"Point","coordinates":[-105.9631,38.6276]},"properties":{"s":67.5,"pub":true}},{"type":"Feature","geometry":{"type":"Point","coordinates":[-105.9631,38.6334]},"properties":{"s":67.5,"pub":true}},{"type":"Feature","geometry":{"type":"Point","coordinates":[-105.9631,38.6392]},"properties":{"s":67.5,"pub":false}},{"type":"Feature","geometry":{"type":"Point","coordinates":[-105.9631,38.645]},"properties":{"s":67.5,"pub":false}},{"type":"Feature","geometry":{"type":"Point","coordinates":[-105.9631,38.6508]},"properties":{"s":67.5,"pub":true}},{"type":"Feature","geometry":{"type":"Point","coordinates":[-105.9631,38.6566]},"properties":{"s":67.5,"pub":true}},{"type":"Feature","geometry":{"type":"Point","coordinates":[-105.9631,38.6624]},"properties":{"s":67.5,"pub":true}},{"type":"Feature","geometry":{"type":"Point","coordinates":[-105.9631,38.6682]},"properties":{"s":67.5,"pub":true}},{"type":"Feature","geometry":{"type":"Point","coordinates":[-105.9631,38.674]},"properties":{"s":67.5,"pub":false}},{"type":"Feature","geometry":{"type":"Point","coordinates":[-105.9631,38.6798]},"properties":{"s":67.5,"pub":false}},{"type":"Feature","geometry":{"type":"Point","coordinates":[-105.9631,38.6856]},"properties":{"s":67.5,"pub":false}},{"type":"Feature","geometry":{"type":"Point","coordinates":[-105.9631,38.6914]},"properties":{"s":67.5,"pub":false}},{"type":"Feature","geometry":{"type":"Point","coordinates":[-105.9631,38.6972]},"properties":{"s":67.5,"pub":true}},{"type":"Feature","geometry":{"type":"Point","coordinates":[-105.9631,38.703]},"properties":{"s":67.5,"pub":true}},{"type":"Feature","geometry":{"type":"Point","coordinates":[-105.9631,38.7088]},"properties":{"s":67.5,"pub":true}},{"type":"Feature","geometry":{"type":"Point","coordinates":[-105.9631,38.7146]},"properties":{"s":67.5,"pub":true}},{"type":"Feature","geometry":{"type":"Point","coordinates":[-105.9631,38.7204]},"properties":{"s":67.5,"pub":true}},{"type":"Feature","geometry":{"type":"Point","coordinates":[-105.9631,38.7262]},"properties":{"s":67.5,"pub":true}},{"type":"Feature","geometry":{"type":"Point","coordinates":[-105.9631,38.732]},"properties":{"s":67.5,"pub":true}},{"type":"Feature","geometry":{"type":"Point","coordinates":[-105.9631,38.7378]},"properties":{"s":67.5,"pub":true}},{"type":"Feature","geometry":{"type":"Point","coordinates":[-105.9631,38.7436]},"properties":{"s":67.5,"pub":true}},{"type":"Feature","geometry":{"type":"Point","coordinates":[-105.9631,38.7494]},"properties":{"s":47.5,"pub":true}},{"type":"Feature","geometry":{"type":"Point","coordinates":[-105.9631,38.7552]},"properties":{"s":47.5,"pub":true}},{"type":"Feature","geometry":{"type":"Point","coordinates":[-105.9631,38.761]},"properties":{"s":47.5,"pub":true}},{"type":"Feature","geometry":{"type":"Point","coordinates":[-105.9631,38.7668]},"properties":{"s":47.5,"pub":true}},{"type":"Feature","geometry":{"type":"Point","coordinates":[-105.9631,38.7726]},"properties":{"s":47.5,"pub":true}},{"type":"Feature","geometry":{"type":"Point","coordinates":[-105.9631,38.7784]},"properties":{"s":47.5,"pub":true}},{"type":"Feature","geometry":{"type":"Point","coordinates":[-105.9631,38.7842]},"properties":{"s":67.5,"pub":true}},{"type":"Feature","geometry":{"type":"Point","coordinates":[-105.9631,38.79]},"properties":{"s":67.5,"pub":true}},{"type":"Feature","geometry":{"type":"Point","coordinates":[-105.9631,38.7958]},"properties":{"s":67.5,"pub":true}},{"type":"Feature","geometry":{"type":"Point","coordinates":[-105.9631,38.8016]},"properties":{"s":67.5,"pub":true}},{"type":"Feature","geometry":{"type":"Point","coordinates":[-105.9631,38.8074]},"properties":{"s":72.5,"pub":true}},{"type":"Feature","geometry":{"type":"Point","coordinates":[-105.9631,38.8132]},"properties":{"s":70.0,"pub":true}},{"type":"Feature","geometry":{"type":"Point","coordinates":[-105.9631,38.819]},"properties":{"s":70.0,"pub":true}},{"type":"Feature","geometry":{"type":"Point","coordinates":[-105.9631,38.8248]},"properties":{"s":70.0,"pub":true}},{"type":"Feature","geometry":{"type":"Point","coordinates":[-105.9631,38.8306]},"properties":{"s":70.0,"pub":true}},{"type":"Feature","geometry":{"type":"Point","coordinates":[-105.9631,38.8364]},"properties":{"s":75.0,"pub":true}},{"type":"Feature","geometry":{"type":"Point","coordinates":[-105.9631,38.8422]},"properties":{"s":40.0,"pub":true}},{"type":"Feature","geometry":{"type":"Point","coordinates":[-105.9631,38.848]},"properties":{"s":40.0,"pub":true}},{"type":"Feature","geometry":{"type":"Point","coordinates":[-105.9631,38.8538]},"properties":{"s":40.0,"pub":true}},{"type":"Feature","geometry":{"type":"Point","coordinates":[-105.9556,38.5928]},"properties":{"s":42.5,"pub":true}},{"type":"Feature","geometry":{"type":"Point","coordinates":[-105.9556,38.5986]},"properties":{"s":75.0,"pub":true}},{"type":"Feature","geometry":{"type":"Point","coordinates":[-105.9556,38.6044]},"properties":{"s":75.0,"pub":true}},{"type":"Feature","geometry":{"type":"Point","coordinates":[-105.9556,38.6102]},"properties":{"s":72.5,"pub":true}},{"type":"Feature","geometry":{"type":"Point","coordinates":[-105.9556,38.616]},"properties":{"s":67.5,"pub":true}},{"type":"Feature","geometry":{"type":"Point","coordinates":[-105.9556,38.6218]},"properties":{"s":67.5,"pub":true}},{"type":"Feature","geometry":{"type":"Point","coordinates":[-105.9556,38.6276]},"properties":{"s":67.5,"pub":true}},{"type":"Feature","geometry":{"type":"Point","coordinates":[-105.9556,38.6334]},"properties":{"s":67.5,"pub":true}},{"type":"Feature","geometry":{"type":"Point","coordinates":[-105.9556,38.6392]},"properties":{"s":67.5,"pub":false}},{"type":"Feature","geometry":{"type":"Point","coordinates":[-105.9556,38.645]},"properties":{"s":67.5,"pub":false}},{"type":"Feature","geometry":{"type":"Point","coordinates":[-105.9556,38.6508]},"properties":{"s":67.5,"pub":true}},{"type":"Feature","geometry":{"type":"Point","coordinates":[-105.9556,38.6566]},"properties":{"s":67.5,"pub":true}},{"type":"Feature","geometry":{"type":"Point","coordinates":[-105.9556,38.6624]},"properties":{"s":67.5,"pub":true}},{"type":"Feature","geometry":{"type":"Point","coordinates":[-105.9556,38.6682]},"properties":{"s":67.5,"pub":false}},{"type":"Feature","geometry":{"type":"Point","coordinates":[-105.9556,38.674]},"properties":{"s":67.5,"pub":false}},{"type":"Feature","geometry":{"type":"Point","coordinates":[-105.9556,38.6798]},"properties":{"s":67.5,"pub":false}},{"type":"Feature","geometry":{"type":"Point","coordinates":[-105.9556,38.6856]},"properties":{"s":67.5,"pub":false}},{"type":"Feature","geometry":{"type":"Point","coordinates":[-105.9556,38.6914]},"properties":{"s":67.5,"pub":false}},{"type":"Feature","geometry":{"type":"Point","coordinates":[-105.9556,38.6972]},"properties":{"s":67.5,"pub":true}},{"type":"Feature","geometry":{"type":"Point","coordinates":[-105.9556,38.703]},"properties":{"s":67.5,"pub":true}},{"type":"Feature","geometry":{"type":"Point","coordinates":[-105.9556,38.7088]},"properties":{"s":67.5,"pub":true}},{"type":"Feature","geometry":{"type":"Point","coordinates":[-105.9556,38.7146]},"properties":{"s":67.5,"pub":true}},{"type":"Feature","geometry":{"type":"Point","coordinates":[-105.9556,38.7204]},"properties":{"s":67.5,"pub":true}},{"type":"Feature","geometry":{"type":"Point","coordinates":[-105.9556,38.7262]},"properties":{"s":67.5,"pub":true}},{"type":"Feature","geometry":{"type":"Point","coordinates":[-105.9556,38.732]},"properties":{"s":67.5,"pub":true}},{"type":"Feature","geometry":{"type":"Point","coordinates":[-105.9556,38.7378]},"properties":{"s":67.5,"pub":true}},{"type":"Feature","geometry":{"type":"Point","coordinates":[-105.9556,38.7436]},"properties":{"s":67.5,"pub":true}},{"type":"Feature","geometry":{"type":"Point","coordinates":[-105.9556,38.7494]},"properties":{"s":67.5,"pub":true}},{"type":"Feature","geometry":{"type":"Point","coordinates":[-105.9556,38.7552]},"properties":{"s":67.5,"pub":true}},{"type":"Feature","geometry":{"type":"Point","coordinates":[-105.9556,38.761]},"properties":{"s":67.5,"pub":true}},{"type":"Feature","geometry":{"type":"Point","coordinates":[-105.9556,38.7668]},"properties":{"s":47.5,"pub":true}},{"type":"Feature","geometry":{"type":"Point","coordinates":[-105.9556,38.7726]},"properties":{"s":47.5,"pub":true}},{"type":"Feature","geometry":{"type":"Point","coordinates":[-105.9556,38.7784]},"properties":{"s":47.5,"pub":true}},{"type":"Feature","geometry":{"type":"Point","coordinates":[-105.9556,38.7842]},"properties":{"s":67.5,"pub":true}},{"type":"Feature","geometry":{"type":"Point","coordinates":[-105.9556,38.79]},"properties":{"s":67.5,"pub":true}},{"type":"Feature","geometry":{"type":"Point","coordinates":[-105.9556,38.7958]},"properties":{"s":67.5,"pub":true}},{"type":"Feature","geometry":{"type":"Point","coordinates":[-105.9556,38.8016]},"properties":{"s":72.5,"pub":true}},{"type":"Feature","geometry":{"type":"Point","coordinates":[-105.9556,38.8074]},"properties":{"s":67.5,"pub":true}},{"type":"Feature","geometry":{"type":"Point","coordinates":[-105.9556,38.8132]},"properties":{"s":70.0,"pub":true}},{"type":"Feature","geometry":{"type":"Point","coordinates":[-105.9556,38.819]},"properties":{"s":70.0,"pub":true}},{"type":"Feature","geometry":{"type":"Point","coordinates":[-105.9556,38.8248]},"properties":{"s":70.0,"pub":true}},{"type":"Feature","geometry":{"type":"Point","coordinates":[-105.9556,38.8306]},"properties":{"s":70.0,"pub":true}},{"type":"Feature","geometry":{"type":"Point","coordinates":[-105.9556,38.8364]},"properties":{"s":70.0,"pub":true}},{"type":"Feature","geometry":{"type":"Point","coordinates":[-105.9556,38.8422]},"properties":{"s":70.0,"pub":true}},{"type":"Feature","geometry":{"type":"Point","coordinates":[-105.9556,38.848]},"properties":{"s":70.0,"pub":true}},{"type":"Feature","geometry":{"type":"Point","coordinates":[-105.9556,38.8538]},"properties":{"s":70.0,"pub":true}},{"type":"Feature","geometry":{"type":"Point","coordinates":[-105.9556,38.8596]},"properties":{"s":70.0,"pub":true}},{"type":"Feature","geometry":{"type":"Point","coordinates":[-105.9481,38.5754]},"properties":{"s":47.5,"pub":true}},{"type":"Feature","geometry":{"type":"Point","coordinates":[-105.9481,38.5812]},"properties":{"s":47.5,"pub":true}},{"type":"Feature","geometry":{"type":"Point","coordinates":[-105.9481,38.587]},"properties":{"s":67.5,"pub":true}},{"type":"Feature","geometry":{"type":"Point","coordinates":[-105.9481,38.5928]},"properties":{"s":72.5,"pub":true}},{"type":"Feature","geometry":{"type":"Point","coordinates":[-105.9481,38.5986]},"properties":{"s":72.5,"pub":true}},{"type":"Feature","geometry":{"type":"Point","coordinates":[-105.9481,38.6044]},"properties":{"s":75.0,"pub":true}},{"type":"Feature","geometry":{"type":"Point","coordinates":[-105.9481,38.6102]},"properties":{"s":70.0,"pub":true}},{"type":"Feature","geometry":{"type":"Point","coordinates":[-105.9481,38.616]},"properties":{"s":67.5,"pub":true}},{"type":"Feature","geometry":{"type":"Point","coordinates":[-105.9481,38.6218]},"properties":{"s":67.5,"pub":true}},{"type":"Feature","geometry":{"type":"Point","coordinates":[-105.9481,38.6276]},"properties":{"s":67.5,"pub":true}},{"type":"Feature","geometry":{"type":"Point","coordinates":[-105.9481,38.6334]},"properties":{"s":67.5,"pub":false}},{"type":"Feature","geometry":{"type":"Point","coordinates":[-105.9481,38.6392]},"properties":{"s":67.5,"pub":false}},{"type":"Feature","geometry":{"type":"Point","coordinates":[-105.9481,38.645]},"properties":{"s":67.5,"pub":false}},{"type":"Feature","geometry":{"type":"Point","coordinates":[-105.9481,38.6508]},"properties":{"s":67.5,"pub":false}},{"type":"Feature","geometry":{"type":"Point","coordinates":[-105.9481,38.6566]},"properties":{"s":67.5,"pub":false}},{"type":"Feature","geometry":{"type":"Point","coordinates":[-105.9481,38.6624]},"properties":{"s":67.5,"pub":false}},{"type":"Feature","geometry":{"type":"Point","coordinates":[-105.9481,38.6682]},"properties":{"s":67.5,"pub":false}},{"type":"Feature","geometry":{"type":"Point","coordinates":[-105.9481,38.674]},"properties":{"s":67.5,"pub":false}},{"type":"Feature","geometry":{"type":"Point","coordinates":[-105.9481,38.6798]},"properties":{"s":67.5,"pub":false}},{"type":"Feature","geometry":{"type":"Point","coordinates":[-105.9481,38.6856]},"properties":{"s":67.5,"pub":true}},{"type":"Feature","geometry":{"type":"Point","coordinates":[-105.9481,38.6914]},"properties":{"s":67.5,"pub":true}},{"type":"Feature","geometry":{"type":"Point","coordinates":[-105.9481,38.6972]},"properties":{"s":67.5,"pub":true}},{"type":"Feature","geometry":{"type":"Point","coordinates":[-105.9481,38.703]},"properties":{"s":67.5,"pub":true}},{"type":"Feature","geometry":{"type":"Point","coordinates":[-105.9481,38.7088]},"properties":{"s":67.5,"pub":true}},{"type":"Feature","geometry":{"type":"Point","coordinates":[-105.9481,38.7146]},"properties":{"s":67.5,"pub":true}},{"type":"Feature","geometry":{"type":"Point","coordinates":[-105.9481,38.7204]},"properties":{"s":67.5,"pub":true}},{"type":"Feature","geometry":{"type":"Point","coordinates":[-105.9481,38.7262]},"properties":{"s":67.5,"pub":true}},{"type":"Feature","geometry":{"type":"Point","coordinates":[-105.9481,38.732]},"properties":{"s":67.5,"pub":true}},{"type":"Feature","geometry":{"type":"Point","coordinates":[-105.9481,38.7378]},"properties":{"s":67.5,"pub":true}},{"type":"Feature","geometry":{"type":"Point","coordinates":[-105.9481,38.7436]},"properties":{"s":67.5,"pub":true}},{"type":"Feature","geometry":{"type":"Point","coordinates":[-105.9481,38.7494]},"properties":{"s":67.5,"pub":true}},{"type":"Feature","geometry":{"type":"Point","coordinates":[-105.9481,38.7552]},"properties":{"s":67.5,"pub":true}},{"type":"Feature","geometry":{"type":"Point","coordinates":[-105.9481,38.761]},"properties":{"s":67.5,"pub":true}},{"type":"Feature","geometry":{"type":"Point","coordinates":[-105.9481,38.7668]},"properties":{"s":67.5,"pub":true}},{"type":"Feature","geometry":{"type":"Point","coordinates":[-105.9481,38.7726]},"properties":{"s":67.5,"pub":true}},{"type":"Feature","geometry":{"type":"Point","coordinates":[-105.9481,38.7784]},"properties":{"s":67.5,"pub":true}},{"type":"Feature","geometry":{"type":"Point","coordinates":[-105.9481,38.7842]},"properties":{"s":67.5,"pub":true}},{"type":"Feature","geometry":{"type":"Point","coordinates":[-105.9481,38.79]},"properties":{"s":67.5,"pub":true}},{"type":"Feature","geometry":{"type":"Point","coordinates":[-105.9481,38.7958]},"properties":{"s":75.0,"pub":true}},{"type":"Feature","geometry":{"type":"Point","coordinates":[-105.9481,38.8016]},"properties":{"s":70.0,"pub":true}},{"type":"Feature","geometry":{"type":"Point","coordinates":[-105.9481,38.8074]},"properties":{"s":70.0,"pub":true}},{"type":"Feature","geometry":{"type":"Point","coordinates":[-105.9481,38.8132]},"properties":{"s":70.0,"pub":true}},{"type":"Feature","geometry":{"type":"Point","coordinates":[-105.9481,38.819]},"properties":{"s":70.0,"pub":true}},{"type":"Feature","geometry":{"type":"Point","coordinates":[-105.9481,38.8248]},"properties":{"s":70.0,"pub":true}},{"type":"Feature","geometry":{"type":"Point","coordinates":[-105.9481,38.8306]},"properties":{"s":70.0,"pub":true}},{"type":"Feature","geometry":{"type":"Point","coordinates":[-105.9481,38.8364]},"properties":{"s":70.0,"pub":true}},{"type":"Feature","geometry":{"type":"Point","coordinates":[-105.9481,38.8422]},"properties":{"s":70.0,"pub":true}},{"type":"Feature","geometry":{"type":"Point","coordinates":[-105.9481,38.848]},"properties":{"s":70.0,"pub":true}},{"type":"Feature","geometry":{"type":"Point","coordinates":[-105.9481,38.8538]},"properties":{"s":70.0,"pub":true}},{"type":"Feature","geometry":{"type":"Point","coordinates":[-105.9406,38.5638]},"properties":{"s":47.5,"pub":true}},{"type":"Feature","geometry":{"type":"Point","coordinates":[-105.9406,38.5696]},"properties":{"s":50.0,"pub":true}},{"type":"Feature","geometry":{"type":"Point","coordinates":[-105.9406,38.5754]},"properties":{"s":50.0,"pub":true}},{"type":"Feature","geometry":{"type":"Point","coordinates":[-105.9406,38.5812]},"properties":{"s":67.5,"pub":true}},{"type":"Feature","geometry":{"type":"Point","coordinates":[-105.9406,38.587]},"properties":{"s":67.5,"pub":true}},{"type":"Feature","geometry":{"type":"Point","coordinates":[-105.9406,38.5928]},"properties":{"s":67.5,"pub":true}},{"type":"Feature","geometry":{"type":"Point","coordinates":[-105.9406,38.5986]},"properties":{"s":72.5,"pub":true}},{"type":"Feature","geometry":{"type":"Point","coordinates":[-105.9406,38.6044]},"properties":{"s":72.5,"pub":true}},{"type":"Feature","geometry":{"type":"Point","coordinates":[-105.9406,38.6102]},"properties":{"s":70.0,"pub":true}},{"type":"Feature","geometry":{"type":"Point","coordinates":[-105.9406,38.616]},"properties":{"s":70.0,"pub":true}},{"type":"Feature","geometry":{"type":"Point","coordinates":[-105.9406,38.6218]},"properties":{"s":67.5,"pub":true}},{"type":"Feature","geometry":{"type":"Point","coordinates":[-105.9406,38.6276]},"properties":{"s":67.5,"pub":true}},{"type":"Feature","geometry":{"type":"Point","coordinates":[-105.9406,38.6334]},"properties":{"s":67.5,"pub":true}},{"type":"Feature","geometry":{"type":"Point","coordinates":[-105.9406,38.6392]},"properties":{"s":67.5,"pub":false}},{"type":"Feature","geometry":{"type":"Point","coordinates":[-105.9406,38.645]},"properties":{"s":67.5,"pub":false}},{"type":"Feature","geometry":{"type":"Point","coordinates":[-105.9406,38.6508]},"properties":{"s":67.5,"pub":true}},{"type":"Feature","geometry":{"type":"Point","coordinates":[-105.9406,38.6566]},"properties":{"s":67.5,"pub":false}},{"type":"Feature","geometry":{"type":"Point","coordinates":[-105.9406,38.6624]},"properties":{"s":67.5,"pub":false}},{"type":"Feature","geometry":{"type":"Point","coordinates":[-105.9406,38.6682]},"properties":{"s":67.5,"pub":false}},{"type":"Feature","geometry":{"type":"Point","coordinates":[-105.9406,38.674]},"properties":{"s":67.5,"pub":false}},{"type":"Feature","geometry":{"type":"Point","coordinates":[-105.9406,38.6798]},"properties":{"s":67.5,"pub":false}},{"type":"Feature","geometry":{"type":"Point","coordinates":[-105.9406,38.6856]},"properties":{"s":67.5,"pub":true}},{"type":"Feature","geometry":{"type":"Point","coordinates":[-105.9406,38.6914]},"properties":{"s":67.5,"pub":true}},{"type":"Feature","geometry":{"type":"Point","coordinates":[-105.9406,38.6972]},"properties":{"s":67.5,"pub":true}},{"type":"Feature","geometry":{"type":"Point","coordinates":[-105.9406,38.703]},"properties":{"s":67.5,"pub":true}},{"type":"Feature","geometry":{"type":"Point","coordinates":[-105.9406,38.7088]},"properties":{"s":67.5,"pub":true}},{"type":"Feature","geometry":{"type":"Point","coordinates":[-105.9406,38.7146]},"properties":{"s":67.5,"pub":true}},{"type":"Feature","geometry":{"type":"Point","coordinates":[-105.9406,38.7204]},"properties":{"s":67.5,"pub":true}},{"type":"Feature","geometry":{"type":"Point","coordinates":[-105.9406,38.7262]},"properties":{"s":67.5,"pub":true}},{"type":"Feature","geometry":{"type":"Point","coordinates":[-105.9406,38.732]},"properties":{"s":67.5,"pub":true}},{"type":"Feature","geometry":{"type":"Point","coordinates":[-105.9406,38.7378]},"properties":{"s":67.5,"pub":true}},{"type":"Feature","geometry":{"type":"Point","coordinates":[-105.9406,38.7436]},"properties":{"s":67.5,"pub":true}},{"type":"Feature","geometry":{"type":"Point","coordinates":[-105.9406,38.7494]},"properties":{"s":67.5,"pub":true}},{"type":"Feature","geometry":{"type":"Point","coordinates":[-105.9406,38.7552]},"properties":{"s":67.5,"pub":true}},{"type":"Feature","geometry":{"type":"Point","coordinates":[-105.9406,38.761]},"properties":{"s":67.5,"pub":true}},{"type":"Feature","geometry":{"type":"Point","coordinates":[-105.9406,38.7668]},"properties":{"s":67.5,"pub":true}},{"type":"Feature","geometry":{"type":"Point","coordinates":[-105.9406,38.7726]},"properties":{"s":67.5,"pub":true}},{"type":"Feature","geometry":{"type":"Point","coordinates":[-105.9406,38.7784]},"properties":{"s":67.5,"pub":true}},{"type":"Feature","geometry":{"type":"Point","coordinates":[-105.9406,38.7842]},"properties":{"s":70.0,"pub":true}},{"type":"Feature","geometry":{"type":"Point","coordinates":[-105.9406,38.79]},"properties":{"s":70.0,"pub":true}},{"type":"Feature","geometry":{"type":"Point","coordinates":[-105.9406,38.7958]},"properties":{"s":75.0,"pub":true}},{"type":"Feature","geometry":{"type":"Point","coordinates":[-105.9406,38.8016]},"properties":{"s":70.0,"pub":true}},{"type":"Feature","geometry":{"type":"Point","coordinates":[-105.9406,38.8074]},"properties":{"s":70.0,"pub":true}},{"type":"Feature","geometry":{"type":"Point","coordinates":[-105.9406,38.8132]},"properties":{"s":70.0,"pub":true}},{"type":"Feature","geometry":{"type":"Point","coordinates":[-105.9406,38.819]},"properties":{"s":70.0,"pub":true}},{"type":"Feature","geometry":{"type":"Point","coordinates":[-105.9406,38.8248]},"properties":{"s":70.0,"pub":true}},{"type":"Feature","geometry":{"type":"Point","coordinates":[-105.9406,38.8306]},"properties":{"s":70.0,"pub":true}},{"type":"Feature","geometry":{"type":"Point","coordinates":[-105.9406,38.8364]},"properties":{"s":70.0,"pub":true}},{"type":"Feature","geometry":{"type":"Point","coordinates":[-105.9406,38.848]},"properties":{"s":70.0,"pub":true}},{"type":"Feature","geometry":{"type":"Point","coordinates":[-105.9331,38.558]},"properties":{"s":47.5,"pub":true}},{"type":"Feature","geometry":{"type":"Point","coordinates":[-105.9331,38.5638]},"properties":{"s":67.5,"pub":true}},{"type":"Feature","geometry":{"type":"Point","coordinates":[-105.9331,38.5696]},"properties":{"s":67.5,"pub":true}},{"type":"Feature","geometry":{"type":"Point","coordinates":[-105.9331,38.5754]},"properties":{"s":70.0,"pub":true}},{"type":"Feature","geometry":{"type":"Point","coordinates":[-105.9331,38.5812]},"properties":{"s":70.0,"pub":true}},{"type":"Feature","geometry":{"type":"Point","coordinates":[-105.9331,38.587]},"properties":{"s":67.5,"pub":true}},{"type":"Feature","geometry":{"type":"Point","coordinates":[-105.9331,38.5928]},"properties":{"s":67.5,"pub":true}},{"type":"Feature","geometry":{"type":"Point","coordinates":[-105.9331,38.5986]},"properties":{"s":67.5,"pub":true}},{"type":"Feature","geometry":{"type":"Point","coordinates":[-105.9331,38.6044]},"properties":{"s":72.5,"pub":true}},{"type":"Feature","geometry":{"type":"Point","coordinates":[-105.9331,38.6102]},"properties":{"s":67.5,"pub":true}},{"type":"Feature","geometry":{"type":"Point","coordinates":[-105.9331,38.616]},"properties":{"s":70.0,"pub":true}},{"type":"Feature","geometry":{"type":"Point","coordinates":[-105.9331,38.6218]},"properties":{"s":70.0,"pub":true}},{"type":"Feature","geometry":{"type":"Point","coordinates":[-105.9331,38.6276]},"properties":{"s":67.5,"pub":true}},{"type":"Feature","geometry":{"type":"Point","coordinates":[-105.9331,38.6334]},"properties":{"s":67.5,"pub":false}},{"type":"Feature","geometry":{"type":"Point","coordinates":[-105.9331,38.6392]},"properties":{"s":67.5,"pub":false}},{"type":"Feature","geometry":{"type":"Point","coordinates":[-105.9331,38.645]},"properties":{"s":67.5,"pub":false}},{"type":"Feature","geometry":{"type":"Point","coordinates":[-105.9331,38.6508]},"properties":{"s":67.5,"pub":false}},{"type":"Feature","geometry":{"type":"Point","coordinates":[-105.9331,38.6566]},"properties":{"s":67.5,"pub":false}},{"type":"Feature","geometry":{"type":"Point","coordinates":[-105.9331,38.6624]},"properties":{"s":67.5,"pub":false}},{"type":"Feature","geometry":{"type":"Point","coordinates":[-105.9331,38.6682]},"properties":{"s":67.5,"pub":false}},{"type":"Feature","geometry":{"type":"Point","coordinates":[-105.9331,38.674]},"properties":{"s":67.5,"pub":false}},{"type":"Feature","geometry":{"type":"Point","coordinates":[-105.9331,38.6798]},"properties":{"s":67.5,"pub":false}},{"type":"Feature","geometry":{"type":"Point","coordinates":[-105.9331,38.6856]},"properties":{"s":67.5,"pub":false}},{"type":"Feature","geometry":{"type":"Point","coordinates":[-105.9331,38.6914]},"properties":{"s":67.5,"pub":true}},{"type":"Feature","geometry":{"type":"Point","coordinates":[-105.9331,38.6972]},"properties":{"s":67.5,"pub":true}},{"type":"Feature","geometry":{"type":"Point","coordinates":[-105.9331,38.703]},"properties":{"s":67.5,"pub":true}},{"type":"Feature","geometry":{"type":"Point","coordinates":[-105.9331,38.7088]},"properties":{"s":67.5,"pub":true}},{"type":"Feature","geometry":{"type":"Point","coordinates":[-105.9331,38.7146]},"properties":{"s":67.5,"pub":true}},{"type":"Feature","geometry":{"type":"Point","coordinates":[-105.9331,38.7204]},"properties":{"s":67.5,"pub":true}},{"type":"Feature","geometry":{"type":"Point","coordinates":[-105.9331,38.7262]},"properties":{"s":67.5,"pub":true}},{"type":"Feature","geometry":{"type":"Point","coordinates":[-105.9331,38.732]},"properties":{"s":67.5,"pub":true}},{"type":"Feature","geometry":{"type":"Point","coordinates":[-105.9331,38.7378]},"properties":{"s":67.5,"pub":true}},{"type":"Feature","geometry":{"type":"Point","coordinates":[-105.9331,38.7436]},"properties":{"s":67.5,"pub":true}},{"type":"Feature","geometry":{"type":"Point","coordinates":[-105.9331,38.7494]},"properties":{"s":67.5,"pub":true}},{"type":"Feature","geometry":{"type":"Point","coordinates":[-105.9331,38.7552]},"properties":{"s":67.5,"pub":true}},{"type":"Feature","geometry":{"type":"Point","coordinates":[-105.9331,38.761]},"properties":{"s":67.5,"pub":true}},{"type":"Feature","geometry":{"type":"Point","coordinates":[-105.9331,38.7668]},"properties":{"s":70.0,"pub":true}},{"type":"Feature","geometry":{"type":"Point","coordinates":[-105.9331,38.7726]},"properties":{"s":70.0,"pub":true}},{"type":"Feature","geometry":{"type":"Point","coordinates":[-105.9331,38.7784]},"properties":{"s":70.0,"pub":true}},{"type":"Feature","geometry":{"type":"Point","coordinates":[-105.9331,38.7842]},"properties":{"s":70.0,"pub":true}},{"type":"Feature","geometry":{"type":"Point","coordinates":[-105.9331,38.79]},"properties":{"s":70.0,"pub":true}},{"type":"Feature","geometry":{"type":"Point","coordinates":[-105.9331,38.7958]},"properties":{"s":75.0,"pub":true}},{"type":"Feature","geometry":{"type":"Point","coordinates":[-105.9331,38.8016]},"properties":{"s":70.0,"pub":true}},{"type":"Feature","geometry":{"type":"Point","coordinates":[-105.9331,38.8074]},"properties":{"s":70.0,"pub":true}},{"type":"Feature","geometry":{"type":"Point","coordinates":[-105.9331,38.8132]},"properties":{"s":70.0,"pub":true}},{"type":"Feature","geometry":{"type":"Point","coordinates":[-105.9331,38.819]},"properties":{"s":70.0,"pub":true}},{"type":"Feature","geometry":{"type":"Point","coordinates":[-105.9331,38.8248]},"properties":{"s":70.0,"pub":true}},{"type":"Feature","geometry":{"type":"Point","coordinates":[-105.9331,38.8306]},"properties":{"s":70.0,"pub":true}},{"type":"Feature","geometry":{"type":"Point","coordinates":[-105.9256,38.5464]},"properties":{"s":37.5,"pub":true}},{"type":"Feature","geometry":{"type":"Point","coordinates":[-105.9256,38.5522]},"properties":{"s":37.5,"pub":false}},{"type":"Feature","geometry":{"type":"Point","coordinates":[-105.9256,38.558]},"properties":{"s":67.5,"pub":true}},{"type":"Feature","geometry":{"type":"Point","coordinates":[-105.9256,38.5638]},"properties":{"s":67.5,"pub":true}},{"type":"Feature","geometry":{"type":"Point","coordinates":[-105.9256,38.5696]},"properties":{"s":67.5,"pub":true}},{"type":"Feature","geometry":{"type":"Point","coordinates":[-105.9256,38.5754]},"properties":{"s":67.5,"pub":true}},{"type":"Feature","geometry":{"type":"Point","coordinates":[-105.9256,38.5812]},"properties":{"s":70.0,"pub":false}},{"type":"Feature","geometry":{"type":"Point","coordinates":[-105.9256,38.587]},"properties":{"s":70.0,"pub":true}},{"type":"Feature","geometry":{"type":"Point","coordinates":[-105.9256,38.5928]},"properties":{"s":70.0,"pub":true}},{"type":"Feature","geometry":{"type":"Point","coordinates":[-105.9256,38.5986]},"properties":{"s":67.5,"pub":true}},{"type":"Feature","geometry":{"type":"Point","coordinates":[-105.9256,38.6044]},"properties":{"s":67.5,"pub":true}},{"type":"Feature","geometry":{"type":"Point","coordinates":[-105.9256,38.6102]},"properties":{"s":67.5,"pub":true}},{"type":"Feature","geometry":{"type":"Point","coordinates":[-105.9256,38.616]},"properties":{"s":70.0,"pub":false}},{"type":"Feature","geometry":{"type":"Point","coordinates":[-105.9256,38.6218]},"properties":{"s":70.0,"pub":true}},{"type":"Feature","geometry":{"type":"Point","coordinates":[-105.9256,38.6276]},"properties":{"s":70.0,"pub":true}},{"type":"Feature","geometry":{"type":"Point","coordinates":[-105.9256,38.6334]},"properties":{"s":67.5,"pub":true}},{"type":"Feature","geometry":{"type":"Point","coordinates":[-105.9256,38.6392]},"properties":{"s":67.5,"pub":false}},{"type":"Feature","geometry":{"type":"Point","coordinates":[-105.9256,38.645]},"properties":{"s":67.5,"pub":false}},{"type":"Feature","geometry":{"type":"Point","coordinates":[-105.9256,38.6508]},"properties":{"s":67.5,"pub":false}},{"type":"Feature","geometry":{"type":"Point","coordinates":[-105.9256,38.6566]},"properties":{"s":67.5,"pub":false}},{"type":"Feature","geometry":{"type":"Point","coordinates":[-105.9256,38.6624]},"properties":{"s":67.5,"pub":false}},{"type":"Feature","geometry":{"type":"Point","coordinates":[-105.9256,38.6682]},"properties":{"s":67.5,"pub":false}},{"type":"Feature","geometry":{"type":"Point","coordinates":[-105.9256,38.674]},"properties":{"s":67.5,"pub":false}},{"type":"Feature","geometry":{"type":"Point","coordinates":[-105.9256,38.6798]},"properties":{"s":67.5,"pub":false}},{"type":"Feature","geometry":{"type":"Point","coordinates":[-105.9256,38.6856]},"properties":{"s":67.5,"pub":false}},{"type":"Feature","geometry":{"type":"Point","coordinates":[-105.9256,38.6914]},"properties":{"s":67.5,"pub":true}},{"type":"Feature","geometry":{"type":"Point","coordinates":[-105.9256,38.6972]},"properties":{"s":67.5,"pub":true}},{"type":"Feature","geometry":{"type":"Point","coordinates":[-105.9256,38.703]},"properties":{"s":67.5,"pub":true}},{"type":"Feature","geometry":{"type":"Point","coordinates":[-105.9256,38.7088]},"properties":{"s":67.5,"pub":true}},{"type":"Feature","geometry":{"type":"Point","coordinates":[-105.9256,38.7146]},"properties":{"s":67.5,"pub":true}},{"type":"Feature","geometry":{"type":"Point","coordinates":[-105.9256,38.7204]},"properties":{"s":67.5,"pub":true}},{"type":"Feature","geometry":{"type":"Point","coordinates":[-105.9256,38.7262]},"properties":{"s":67.5,"pub":true}},{"type":"Feature","geometry":{"type":"Point","coordinates":[-105.9256,38.732]},"properties":{"s":67.5,"pub":true}},{"type":"Feature","geometry":{"type":"Point","coordinates":[-105.9256,38.7378]},"properties":{"s":67.5,"pub":true}},{"type":"Feature","geometry":{"type":"Point","coordinates":[-105.9256,38.7436]},"properties":{"s":67.5,"pub":true}},{"type":"Feature","geometry":{"type":"Point","coordinates":[-105.9256,38.7494]},"properties":{"s":67.5,"pub":true}},{"type":"Feature","geometry":{"type":"Point","coordinates":[-105.9256,38.7552]},"properties":{"s":67.5,"pub":true}},{"type":"Feature","geometry":{"type":"Point","coordinates":[-105.9256,38.761]},"properties":{"s":70.0,"pub":true}},{"type":"Feature","geometry":{"type":"Point","coordinates":[-105.9256,38.7668]},"properties":{"s":70.0,"pub":true}},{"type":"Feature","geometry":{"type":"Point","coordinates":[-105.9256,38.7726]},"properties":{"s":70.0,"pub":true}},{"type":"Feature","geometry":{"type":"Point","coordinates":[-105.9256,38.7784]},"properties":{"s":70.0,"pub":true}},{"type":"Feature","geometry":{"type":"Point","coordinates":[-105.9256,38.7842]},"properties":{"s":70.0,"pub":true}},{"type":"Feature","geometry":{"type":"Point","coordinates":[-105.9256,38.79]},"properties":{"s":70.0,"pub":true}},{"type":"Feature","geometry":{"type":"Point","coordinates":[-105.9256,38.7958]},"properties":{"s":70.0,"pub":true}},{"type":"Feature","geometry":{"type":"Point","coordinates":[-105.9256,38.8016]},"properties":{"s":75.0,"pub":true}},{"type":"Feature","geometry":{"type":"Point","coordinates":[-105.9256,38.8074]},"properties":{"s":70.0,"pub":true}},{"type":"Feature","geometry":{"type":"Point","coordinates":[-105.9256,38.8132]},"properties":{"s":70.0,"pub":true}},{"type":"Feature","geometry":{"type":"Point","coordinates":[-105.9256,38.819]},"properties":{"s":70.0,"pub":true}},{"type":"Feature","geometry":{"type":"Point","coordinates":[-105.9256,38.8248]},"properties":{"s":70.0,"pub":true}},{"type":"Feature","geometry":{"type":"Point","coordinates":[-105.9181,38.5406]},"properties":{"s":37.5,"pub":true}},{"type":"Feature","geometry":{"type":"Point","coordinates":[-105.9181,38.5464]},"properties":{"s":37.5,"pub":true}},{"type":"Feature","geometry":{"type":"Point","coordinates":[-105.9181,38.5522]},"properties":{"s":67.5,"pub":false}},{"type":"Feature","geometry":{"type":"Point","coordinates":[-105.9181,38.558]},"properties":{"s":67.5,"pub":true}},{"type":"Feature","geometry":{"type":"Point","coordinates":[-105.9181,38.5638]},"properties":{"s":67.5,"pub":true}},{"type":"Feature","geometry":{"type":"Point","coordinates":[-105.9181,38.5696]},"properties":{"s":67.5,"pub":true}},{"type":"Feature","geometry":{"type":"Point","coordinates":[-105.9181,38.5754]},"properties":{"s":67.5,"pub":true}},{"type":"Feature","geometry":{"type":"Point","coordinates":[-105.9181,38.5812]},"properties":{"s":67.5,"pub":false}},{"type":"Feature","geometry":{"type":"Point","coordinates":[-105.9181,38.587]},"properties":{"s":70.0,"pub":false}},{"type":"Feature","geometry":{"type":"Point","coordinates":[-105.9181,38.5928]},"properties":{"s":70.0,"pub":true}},{"type":"Feature","geometry":{"type":"Point","coordinates":[-105.9181,38.5986]},"properties":{"s":70.0,"pub":true}},{"type":"Feature","geometry":{"type":"Point","coordinates":[-105.9181,38.6044]},"properties":{"s":67.5,"pub":true}},{"type":"Feature","geometry":{"type":"Point","coordinates":[-105.9181,38.6102]},"properties":{"s":67.5,"pub":true}},{"type":"Feature","geometry":{"type":"Point","coordinates":[-105.9181,38.616]},"properties":{"s":67.5,"pub":true}},{"type":"Feature","geometry":{"type":"Point","coordinates":[-105.9181,38.6218]},"properties":{"s":70.0,"pub":true}},{"type":"Feature","geometry":{"type":"Point","coordinates":[-105.9181,38.6276]},"properties":{"s":70.0,"pub":true}},{"type":"Feature","geometry":{"type":"Point","coordinates":[-105.9181,38.6334]},"properties":{"s":67.5,"pub":true}},{"type":"Feature","geometry":{"type":"Point","coordinates":[-105.9181,38.6392]},"properties":{"s":67.5,"pub":false}},{"type":"Feature","geometry":{"type":"Point","coordinates":[-105.9181,38.645]},"properties":{"s":67.5,"pub":false}},{"type":"Feature","geometry":{"type":"Point","coordinates":[-105.9181,38.6508]},"properties":{"s":67.5,"pub":false}},{"type":"Feature","geometry":{"type":"Point","coordinates":[-105.9181,38.6566]},"properties":{"s":67.5,"pub":false}},{"type":"Feature","geometry":{"type":"Point","coordinates":[-105.9181,38.6624]},"properties":{"s":67.5,"pub":false}},{"type":"Feature","geometry":{"type":"Point","coordinates":[-105.9181,38.6682]},"properties":{"s":67.5,"pub":false}},{"type":"Feature","geometry":{"type":"Point","coordinates":[-105.9181,38.674]},"properties":{"s":67.5,"pub":false}},{"type":"Feature","geometry":{"type":"Point","coordinates":[-105.9181,38.6798]},"properties":{"s":67.5,"pub":false}},{"type":"Feature","geometry":{"type":"Point","coordinates":[-105.9181,38.6856]},"properties":{"s":67.5,"pub":false}},{"type":"Feature","geometry":{"type":"Point","coordinates":[-105.9181,38.6914]},"properties":{"s":67.5,"pub":true}},{"type":"Feature","geometry":{"type":"Point","coordinates":[-105.9181,38.6972]},"properties":{"s":67.5,"pub":true}},{"type":"Feature","geometry":{"type":"Point","coordinates":[-105.9181,38.703]},"properties":{"s":67.5,"pub":true}},{"type":"Feature","geometry":{"type":"Point","coordinates":[-105.9181,38.7088]},"properties":{"s":67.5,"pub":true}},{"type":"Feature","geometry":{"type":"Point","coordinates":[-105.9181,38.7146]},"properties":{"s":67.5,"pub":true}},{"type":"Feature","geometry":{"type":"Point","coordinates":[-105.9181,38.7204]},"properties":{"s":67.5,"pub":true}},{"type":"Feature","geometry":{"type":"Point","coordinates":[-105.9181,38.7262]},"properties":{"s":67.5,"pub":true}},{"type":"Feature","geometry":{"type":"Point","coordinates":[-105.9181,38.732]},"properties":{"s":67.5,"pub":true}},{"type":"Feature","geometry":{"type":"Point","coordinates":[-105.9181,38.7378]},"properties":{"s":67.5,"pub":true}},{"type":"Feature","geometry":{"type":"Point","coordinates":[-105.9181,38.7436]},"properties":{"s":67.5,"pub":true}},{"type":"Feature","geometry":{"type":"Point","coordinates":[-105.9181,38.7494]},"properties":{"s":67.5,"pub":true}},{"type":"Feature","geometry":{"type":"Point","coordinates":[-105.9181,38.7552]},"properties":{"s":70.0,"pub":true}},{"type":"Feature","geometry":{"type":"Point","coordinates":[-105.9181,38.761]},"properties":{"s":70.0,"pub":true}},{"type":"Feature","geometry":{"type":"Point","coordinates":[-105.9181,38.7668]},"properties":{"s":70.0,"pub":true}},{"type":"Feature","geometry":{"type":"Point","coordinates":[-105.9181,38.7726]},"properties":{"s":70.0,"pub":true}},{"type":"Feature","geometry":{"type":"Point","coordinates":[-105.9181,38.7784]},"properties":{"s":70.0,"pub":true}},{"type":"Feature","geometry":{"type":"Point","coordinates":[-105.9181,38.7842]},"properties":{"s":70.0,"pub":true}},{"type":"Feature","geometry":{"type":"Point","coordinates":[-105.9181,38.79]},"properties":{"s":70.0,"pub":true}},{"type":"Feature","geometry":{"type":"Point","coordinates":[-105.9181,38.7958]},"properties":{"s":70.0,"pub":true}},{"type":"Feature","geometry":{"type":"Point","coordinates":[-105.9181,38.8016]},"properties":{"s":70.0,"pub":true}},{"type":"Feature","geometry":{"type":"Point","coordinates":[-105.9181,38.8074]},"properties":{"s":70.0,"pub":true}},{"type":"Feature","geometry":{"type":"Point","coordinates":[-105.9181,38.8132]},"properties":{"s":70.0,"pub":true}},{"type":"Feature","geometry":{"type":"Point","coordinates":[-105.9106,38.5348]},"properties":{"s":37.5,"pub":true}},{"type":"Feature","geometry":{"type":"Point","coordinates":[-105.9106,38.5406]},"properties":{"s":37.5,"pub":true}},{"type":"Feature","geometry":{"type":"Point","coordinates":[-105.9106,38.5464]},"properties":{"s":37.5,"pub":false}},{"type":"Feature","geometry":{"type":"Point","coordinates":[-105.9106,38.5522]},"properties":{"s":67.5,"pub":true}},{"type":"Feature","geometry":{"type":"Point","coordinates":[-105.9106,38.558]},"properties":{"s":67.5,"pub":true}},{"type":"Feature","geometry":{"type":"Point","coordinates":[-105.9106,38.5638]},"properties":{"s":67.5,"pub":true}},{"type":"Feature","geometry":{"type":"Point","coordinates":[-105.9106,38.5696]},"properties":{"s":67.5,"pub":true}},{"type":"Feature","geometry":{"type":"Point","coordinates":[-105.9106,38.5754]},"properties":{"s":67.5,"pub":true}},{"type":"Feature","geometry":{"type":"Point","coordinates":[-105.9106,38.5812]},"properties":{"s":67.5,"pub":true}},{"type":"Feature","geometry":{"type":"Point","coordinates":[-105.9106,38.587]},"properties":{"s":67.5,"pub":true}},{"type":"Feature","geometry":{"type":"Point","coordinates":[-105.9106,38.5928]},"properties":{"s":67.5,"pub":false}},{"type":"Feature","geometry":{"type":"Point","coordinates":[-105.9106,38.5986]},"properties":{"s":70.0,"pub":true}},{"type":"Feature","geometry":{"type":"Point","coordinates":[-105.9106,38.6044]},"properties":{"s":70.0,"pub":true}},{"type":"Feature","geometry":{"type":"Point","coordinates":[-105.9106,38.6102]},"properties":{"s":67.5,"pub":false}},{"type":"Feature","geometry":{"type":"Point","coordinates":[-105.9106,38.616]},"properties":{"s":67.5,"pub":false}},{"type":"Feature","geometry":{"type":"Point","coordinates":[-105.9106,38.6218]},"properties":{"s":70.0,"pub":true}},{"type":"Feature","geometry":{"type":"Point","coordinates":[-105.9106,38.6276]},"properties":{"s":70.0,"pub":false}},{"type":"Feature","geometry":{"type":"Point","coordinates":[-105.9106,38.6334]},"properties":{"s":67.5,"pub":false}},{"type":"Feature","geometry":{"type":"Point","coordinates":[-105.9106,38.6392]},"properties":{"s":67.5,"pub":true}},{"type":"Feature","geometry":{"type":"Point","coordinates":[-105.9106,38.645]},"properties":{"s":67.5,"pub":false}},{"type":"Feature","geometry":{"type":"Point","coordinates":[-105.9106,38.6508]},"properties":{"s":67.5,"pub":false}},{"type":"Feature","geometry":{"type":"Point","coordinates":[-105.9106,38.6566]},"properties":{"s":67.5,"pub":false}},{"type":"Feature","geometry":{"type":"Point","coordinates":[-105.9106,38.6624]},"properties":{"s":67.5,"pub":false}},{"type":"Feature","geometry":{"type":"Point","coordinates":[-105.9106,38.6682]},"properties":{"s":67.5,"pub":false}},{"type":"Feature","geometry":{"type":"Point","coordinates":[-105.9106,38.674]},"properties":{"s":67.5,"pub":false}},{"type":"Feature","geometry":{"type":"Point","coordinates":[-105.9106,38.6798]},"properties":{"s":67.5,"pub":true}},{"type":"Feature","geometry":{"type":"Point","coordinates":[-105.9106,38.6856]},"properties":{"s":67.5,"pub":true}},{"type":"Feature","geometry":{"type":"Point","coordinates":[-105.9106,38.6914]},"properties":{"s":67.5,"pub":true}},{"type":"Feature","geometry":{"type":"Point","coordinates":[-105.9106,38.6972]},"properties":{"s":67.5,"pub":true}},{"type":"Feature","geometry":{"type":"Point","coordinates":[-105.9106,38.703]},"properties":{"s":67.5,"pub":true}},{"type":"Feature","geometry":{"type":"Point","coordinates":[-105.9106,38.7088]},"properties":{"s":67.5,"pub":true}},{"type":"Feature","geometry":{"type":"Point","coordinates":[-105.9106,38.7146]},"properties":{"s":67.5,"pub":true}},{"type":"Feature","geometry":{"type":"Point","coordinates":[-105.9106,38.7204]},"properties":{"s":67.5,"pub":true}},{"type":"Feature","geometry":{"type":"Point","coordinates":[-105.9106,38.7262]},"properties":{"s":67.5,"pub":true}},{"type":"Feature","geometry":{"type":"Point","coordinates":[-105.9106,38.732]},"properties":{"s":67.5,"pub":true}},{"type":"Feature","geometry":{"type":"Point","coordinates":[-105.9106,38.7378]},"properties":{"s":67.5,"pub":true}},{"type":"Feature","geometry":{"type":"Point","coordinates":[-105.9106,38.7436]},"properties":{"s":67.5,"pub":true}},{"type":"Feature","geometry":{"type":"Point","coordinates":[-105.9106,38.7494]},"properties":{"s":70.0,"pub":true}},{"type":"Feature","geometry":{"type":"Point","coordinates":[-105.9106,38.7552]},"properties":{"s":70.0,"pub":true}},{"type":"Feature","geometry":{"type":"Point","coordinates":[-105.9106,38.761]},"properties":{"s":70.0,"pub":true}},{"type":"Feature","geometry":{"type":"Point","coordinates":[-105.9106,38.7668]},"properties":{"s":70.0,"pub":true}},{"type":"Feature","geometry":{"type":"Point","coordinates":[-105.9106,38.7726]},"properties":{"s":70.0,"pub":true}},{"type":"Feature","geometry":{"type":"Point","coordinates":[-105.9106,38.7784]},"properties":{"s":70.0,"pub":true}},{"type":"Feature","geometry":{"type":"Point","coordinates":[-105.9106,38.7842]},"properties":{"s":70.0,"pub":true}},{"type":"Feature","geometry":{"type":"Point","coordinates":[-105.9106,38.79]},"properties":{"s":70.0,"pub":true}},{"type":"Feature","geometry":{"type":"Point","coordinates":[-105.9106,38.7958]},"properties":{"s":70.0,"pub":true}},{"type":"Feature","geometry":{"type":"Point","coordinates":[-105.9106,38.8016]},"properties":{"s":70.0,"pub":true}},{"type":"Feature","geometry":{"type":"Point","coordinates":[-105.9106,38.8074]},"properties":{"s":70.0,"pub":true}},{"type":"Feature","geometry":{"type":"Point","coordinates":[-105.9031,38.5348]},"properties":{"s":37.5,"pub":true}},{"type":"Feature","geometry":{"type":"Point","coordinates":[-105.9031,38.5406]},"properties":{"s":37.5,"pub":true}},{"type":"Feature","geometry":{"type":"Point","coordinates":[-105.9031,38.5464]},"properties":{"s":37.5,"pub":true}},{"type":"Feature","geometry":{"type":"Point","coordinates":[-105.9031,38.5522]},"properties":{"s":67.5,"pub":true}},{"type":"Feature","geometry":{"type":"Point","coordinates":[-105.9031,38.558]},"properties":{"s":67.5,"pub":true}},{"type":"Feature","geometry":{"type":"Point","coordinates":[-105.9031,38.5638]},"properties":{"s":67.5,"pub":true}},{"type":"Feature","geometry":{"type":"Point","coordinates":[-105.9031,38.5696]},"properties":{"s":67.5,"pub":true}},{"type":"Feature","geometry":{"type":"Point","coordinates":[-105.9031,38.5754]},"properties":{"s":67.5,"pub":true}},{"type":"Feature","geometry":{"type":"Point","coordinates":[-105.9031,38.5812]},"properties":{"s":67.5,"pub":false}},{"type":"Feature","geometry":{"type":"Point","coordinates":[-105.9031,38.587]},"properties":{"s":67.5,"pub":true}},{"type":"Feature","geometry":{"type":"Point","coordinates":[-105.9031,38.5928]},"properties":{"s":67.5,"pub":false}},{"type":"Feature","geometry":{"type":"Point","coordinates":[-105.9031,38.5986]},"properties":{"s":67.5,"pub":true}},{"type":"Feature","geometry":{"type":"Point","coordinates":[-105.9031,38.6044]},"properties":{"s":70.0,"pub":true}},{"type":"Feature","geometry":{"type":"Point","coordinates":[-105.9031,38.6102]},"properties":{"s":70.0,"pub":false}},{"type":"Feature","geometry":{"type":"Point","coordinates":[-105.9031,38.616]},"properties":{"s":70.0,"pub":false}},{"type":"Feature","geometry":{"type":"Point","coordinates":[-105.9031,38.6218]},"properties":{"s":67.5,"pub":false}},{"type":"Feature","geometry":{"type":"Point","coordinates":[-105.9031,38.6276]},"properties":{"s":70.0,"pub":false}},{"type":"Feature","geometry":{"type":"Point","coordinates":[-105.9031,38.6334]},"properties":{"s":67.5,"pub":false}},{"type":"Feature","geometry":{"type":"Point","coordinates":[-105.9031,38.6392]},"properties":{"s":67.5,"pub":false}},{"type":"Feature","geometry":{"type":"Point","coordinates":[-105.9031,38.645]},"properties":{"s":67.5,"pub":false}},{"type":"Feature","geometry":{"type":"Point","coordinates":[-105.9031,38.6508]},"properties":{"s":67.5,"pub":false}},{"type":"Feature","geometry":{"type":"Point","coordinates":[-105.9031,38.6566]},"properties":{"s":67.5,"pub":false}},{"type":"Feature","geometry":{"type":"Point","coordinates":[-105.9031,38.6624]},"properties":{"s":67.5,"pub":false}},{"type":"Feature","geometry":{"type":"Point","coordinates":[-105.9031,38.6682]},"properties":{"s":67.5,"pub":false}},{"type":"Feature","geometry":{"type":"Point","coordinates":[-105.9031,38.674]},"properties":{"s":67.5,"pub":false}},{"type":"Feature","geometry":{"type":"Point","coordinates":[-105.9031,38.6798]},"properties":{"s":67.5,"pub":true}},{"type":"Feature","geometry":{"type":"Point","coordinates":[-105.9031,38.6856]},"properties":{"s":70.0,"pub":false}},{"type":"Feature","geometry":{"type":"Point","coordinates":[-105.9031,38.6914]},"properties":{"s":70.0,"pub":true}},{"type":"Feature","geometry":{"type":"Point","coordinates":[-105.9031,38.6972]},"properties":{"s":70.0,"pub":true}},{"type":"Feature","geometry":{"type":"Point","coordinates":[-105.9031,38.703]},"properties":{"s":67.5,"pub":true}},{"type":"Feature","geometry":{"type":"Point","coordinates":[-105.9031,38.7088]},"properties":{"s":67.5,"pub":true}},{"type":"Feature","geometry":{"type":"Point","coordinates":[-105.9031,38.7146]},"properties":{"s":67.5,"pub":true}},{"type":"Feature","geometry":{"type":"Point","coordinates":[-105.9031,38.7204]},"properties":{"s":67.5,"pub":true}},{"type":"Feature","geometry":{"type":"Point","coordinates":[-105.9031,38.7262]},"properties":{"s":67.5,"pub":false}},{"type":"Feature","geometry":{"type":"Point","coordinates":[-105.9031,38.732]},"properties":{"s":67.5,"pub":false}},{"type":"Feature","geometry":{"type":"Point","coordinates":[-105.9031,38.7378]},"properties":{"s":67.5,"pub":true}},{"type":"Feature","geometry":{"type":"Point","coordinates":[-105.9031,38.7436]},"properties":{"s":67.5,"pub":true}},{"type":"Feature","geometry":{"type":"Point","coordinates":[-105.9031,38.7494]},"properties":{"s":70.0,"pub":true}},{"type":"Feature","geometry":{"type":"Point","coordinates":[-105.9031,38.7552]},"properties":{"s":70.0,"pub":true}},{"type":"Feature","geometry":{"type":"Point","coordinates":[-105.9031,38.761]},"properties":{"s":70.0,"pub":true}},{"type":"Feature","geometry":{"type":"Point","coordinates":[-105.9031,38.7668]},"properties":{"s":70.0,"pub":true}},{"type":"Feature","geometry":{"type":"Point","coordinates":[-105.9031,38.7726]},"properties":{"s":70.0,"pub":true}},{"type":"Feature","geometry":{"type":"Point","coordinates":[-105.9031,38.7784]},"properties":{"s":70.0,"pub":true}},{"type":"Feature","geometry":{"type":"Point","coordinates":[-105.9031,38.7842]},"properties":{"s":70.0,"pub":true}},{"type":"Feature","geometry":{"type":"Point","coordinates":[-105.9031,38.79]},"properties":{"s":70.0,"pub":true}},{"type":"Feature","geometry":{"type":"Point","coordinates":[-105.9031,38.7958]},"properties":{"s":70.0,"pub":true}},{"type":"Feature","geometry":{"type":"Point","coordinates":[-105.9031,38.8016]},"properties":{"s":70.0,"pub":true}},{"type":"Feature","geometry":{"type":"Point","coordinates":[-105.8956,38.5406]},"properties":{"s":37.5,"pub":true}},{"type":"Feature","geometry":{"type":"Point","coordinates":[-105.8956,38.5464]},"properties":{"s":37.5,"pub":true}},{"type":"Feature","geometry":{"type":"Point","coordinates":[-105.8956,38.5522]},"properties":{"s":37.5,"pub":true}},{"type":"Feature","geometry":{"type":"Point","coordinates":[-105.8956,38.558]},"properties":{"s":67.5,"pub":true}},{"type":"Feature","geometry":{"type":"Point","coordinates":[-105.8956,38.5638]},"properties":{"s":67.5,"pub":true}},{"type":"Feature","geometry":{"type":"Point","coordinates":[-105.8956,38.5696]},"properties":{"s":67.5,"pub":false}},{"type":"Feature","geometry":{"type":"Point","coordinates":[-105.8956,38.5754]},"properties":{"s":67.5,"pub":false}},{"type":"Feature","geometry":{"type":"Point","coordinates":[-105.8956,38.5812]},"properties":{"s":67.5,"pub":false}},{"type":"Feature","geometry":{"type":"Point","coordinates":[-105.8956,38.587]},"properties":{"s":67.5,"pub":false}},{"type":"Feature","geometry":{"type":"Point","coordinates":[-105.8956,38.5928]},"properties":{"s":67.5,"pub":false}},{"type":"Feature","geometry":{"type":"Point","coordinates":[-105.8956,38.5986]},"properties":{"s":67.5,"pub":false}},{"type":"Feature","geometry":{"type":"Point","coordinates":[-105.8956,38.6044]},"properties":{"s":67.5,"pub":false}},{"type":"Feature","geometry":{"type":"Point","coordinates":[-105.8956,38.6102]},"properties":{"s":70.0,"pub":false}},{"type":"Feature","geometry":{"type":"Point","coordinates":[-105.8956,38.616]},"properties":{"s":70.0,"pub":false}},{"type":"Feature","geometry":{"type":"Point","coordinates":[-105.8956,38.6218]},"properties":{"s":70.0,"pub":true}},{"type":"Feature","geometry":{"type":"Point","coordinates":[-105.8956,38.6276]},"properties":{"s":70.0,"pub":false}},{"type":"Feature","geometry":{"type":"Point","coordinates":[-105.8956,38.6334]},"properties":{"s":67.5,"pub":false}},{"type":"Feature","geometry":{"type":"Point","coordinates":[-105.8956,38.6392]},"properties":{"s":67.5,"pub":true}},{"type":"Feature","geometry":{"type":"Point","coordinates":[-105.8956,38.645]},"properties":{"s":67.5,"pub":false}},{"type":"Feature","geometry":{"type":"Point","coordinates":[-105.8956,38.6508]},"properties":{"s":67.5,"pub":true}},{"type":"Feature","geometry":{"type":"Point","coordinates":[-105.8956,38.6566]},"properties":{"s":67.5,"pub":false}},{"type":"Feature","geometry":{"type":"Point","coordinates":[-105.8956,38.6624]},"properties":{"s":67.5,"pub":false}},{"type":"Feature","geometry":{"type":"Point","coordinates":[-105.8956,38.6682]},"properties":{"s":67.5,"pub":false}},{"type":"Feature","geometry":{"type":"Point","coordinates":[-105.8956,38.674]},"properties":{"s":67.5,"pub":false}},{"type":"Feature","geometry":{"type":"Point","coordinates":[-105.8956,38.6798]},"properties":{"s":67.5,"pub":true}},{"type":"Feature","geometry":{"type":"Point","coordinates":[-105.8956,38.6856]},"properties":{"s":70.0,"pub":true}},{"type":"Feature","geometry":{"type":"Point","coordinates":[-105.8956,38.6914]},"properties":{"s":70.0,"pub":false}},{"type":"Feature","geometry":{"type":"Point","coordinates":[-105.8956,38.6972]},"properties":{"s":70.0,"pub":false}},{"type":"Feature","geometry":{"type":"Point","coordinates":[-105.8956,38.703]},"properties":{"s":67.5,"pub":false}},{"type":"Feature","geometry":{"type":"Point","coordinates":[-105.8956,38.7088]},"properties":{"s":67.5,"pub":false}},{"type":"Feature","geometry":{"type":"Point","coordinates":[-105.8956,38.7146]},"properties":{"s":67.5,"pub":false}},{"type":"Feature","geometry":{"type":"Point","coordinates":[-105.8956,38.7204]},"properties":{"s":67.5,"pub":false}},{"type":"Feature","geometry":{"type":"Point","coordinates":[-105.8956,38.7262]},"properties":{"s":67.5,"pub":false}},{"type":"Feature","geometry":{"type":"Point","coordinates":[-105.8956,38.732]},"properties":{"s":67.5,"pub":false}},{"type":"Feature","geometry":{"type":"Point","coordinates":[-105.8956,38.7378]},"properties":{"s":67.5,"pub":true}},{"type":"Feature","geometry":{"type":"Point","coordinates":[-105.8956,38.7436]},"properties":{"s":67.5,"pub":true}},{"type":"Feature","geometry":{"type":"Point","coordinates":[-105.8956,38.7494]},"properties":{"s":70.0,"pub":true}},{"type":"Feature","geometry":{"type":"Point","coordinates":[-105.8956,38.7552]},"properties":{"s":70.0,"pub":true}},{"type":"Feature","geometry":{"type":"Point","coordinates":[-105.8956,38.761]},"properties":{"s":70.0,"pub":true}},{"type":"Feature","geometry":{"type":"Point","coordinates":[-105.8956,38.7668]},"properties":{"s":70.0,"pub":true}},{"type":"Feature","geometry":{"type":"Point","coordinates":[-105.8956,38.7726]},"properties":{"s":70.0,"pub":true}},{"type":"Feature","geometry":{"type":"Point","coordinates":[-105.8956,38.7784]},"properties":{"s":70.0,"pub":true}},{"type":"Feature","geometry":{"type":"Point","coordinates":[-105.8956,38.7842]},"properties":{"s":70.0,"pub":true}},{"type":"Feature","geometry":{"type":"Point","coordinates":[-105.8956,38.79]},"properties":{"s":70.0,"pub":true}},{"type":"Feature","geometry":{"type":"Point","coordinates":[-105.8956,38.7958]},"properties":{"s":70.0,"pub":true}},{"type":"Feature","geometry":{"type":"Point","coordinates":[-105.8956,38.8016]},"properties":{"s":70.0,"pub":true}},{"type":"Feature","geometry":{"type":"Point","coordinates":[-105.8881,38.5464]},"properties":{"s":37.5,"pub":true}},{"type":"Feature","geometry":{"type":"Point","coordinates":[-105.8881,38.5522]},"properties":{"s":37.5,"pub":true}},{"type":"Feature","geometry":{"type":"Point","coordinates":[-105.8881,38.558]},"properties":{"s":67.5,"pub":true}},{"type":"Feature","geometry":{"type":"Point","coordinates":[-105.8881,38.5638]},"properties":{"s":67.5,"pub":false}},{"type":"Feature","geometry":{"type":"Point","coordinates":[-105.8881,38.5696]},"properties":{"s":67.5,"pub":false}},{"type":"Feature","geometry":{"type":"Point","coordinates":[-105.8881,38.5754]},"properties":{"s":67.5,"pub":false}},{"type":"Feature","geometry":{"type":"Point","coordinates":[-105.8881,38.5812]},"properties":{"s":67.5,"pub":false}},{"type":"Feature","geometry":{"type":"Point","coordinates":[-105.8881,38.587]},"properties":{"s":67.5,"pub":true}},{"type":"Feature","geometry":{"type":"Point","coordinates":[-105.8881,38.5928]},"properties":{"s":67.5,"pub":false}},{"type":"Feature","geometry":{"type":"Point","coordinates":[-105.8881,38.5986]},"properties":{"s":67.5,"pub":false}},{"type":"Feature","geometry":{"type":"Point","coordinates":[-105.8881,38.6044]},"properties":{"s":67.5,"pub":false}},{"type":"Feature","geometry":{"type":"Point","coordinates":[-105.8881,38.6102]},"properties":{"s":67.5,"pub":true}},{"type":"Feature","geometry":{"type":"Point","coordinates":[-105.8881,38.616]},"properties":{"s":67.5,"pub":true}},{"type":"Feature","geometry":{"type":"Point","coordinates":[-105.8881,38.6218]},"properties":{"s":70.0,"pub":true}},{"type":"Feature","geometry":{"type":"Point","coordinates":[-105.8881,38.6276]},"properties":{"s":70.0,"pub":false}},{"type":"Feature","geometry":{"type":"Point","coordinates":[-105.8881,38.6334]},"properties":{"s":67.5,"pub":false}},{"type":"Feature","geometry":{"type":"Point","coordinates":[-105.8881,38.6392]},"properties":{"s":67.5,"pub":true}},{"type":"Feature","geometry":{"type":"Point","coordinates":[-105.8881,38.645]},"properties":{"s":67.5,"pub":true}},{"type":"Feature","geometry":{"type":"Point","coordinates":[-105.8881,38.6508]},"properties":{"s":67.5,"pub":true}},{"type":"Feature","geometry":{"type":"Point","coordinates":[-105.8881,38.6566]},"properties":{"s":67.5,"pub":true}},{"type":"Feature","geometry":{"type":"Point","coordinates":[-105.8881,38.6624]},"properties":{"s":67.5,"pub":false}},{"type":"Feature","geometry":{"type":"Point","coordinates":[-105.8881,38.6682]},"properties":{"s":67.5,"pub":false}},{"type":"Feature","geometry":{"type":"Point","coordinates":[-105.8881,38.674]},"properties":{"s":67.5,"pub":false}},{"type":"Feature","geometry":{"type":"Point","coordinates":[-105.8881,38.6798]},"properties":{"s":67.5,"pub":true}},{"type":"Feature","geometry":{"type":"Point","coordinates":[-105.8881,38.6856]},"properties":{"s":70.0,"pub":true}},{"type":"Feature","geometry":{"type":"Point","coordinates":[-105.8881,38.6914]},"properties":{"s":70.0,"pub":false}},{"type":"Feature","geometry":{"type":"Point","coordinates":[-105.8881,38.6972]},"properties":{"s":70.0,"pub":false}},{"type":"Feature","geometry":{"type":"Point","coordinates":[-105.8881,38.703]},"properties":{"s":67.5,"pub":false}},{"type":"Feature","geometry":{"type":"Point","coordinates":[-105.8881,38.7088]},"properties":{"s":67.5,"pub":false}},{"type":"Feature","geometry":{"type":"Point","coordinates":[-105.8881,38.7146]},"properties":{"s":67.5,"pub":false}},{"type":"Feature","geometry":{"type":"Point","coordinates":[-105.8881,38.7204]},"properties":{"s":67.5,"pub":false}},{"type":"Feature","geometry":{"type":"Point","coordinates":[-105.8881,38.7262]},"properties":{"s":67.5,"pub":false}},{"type":"Feature","geometry":{"type":"Point","coordinates":[-105.8881,38.732]},"properties":{"s":67.5,"pub":false}},{"type":"Feature","geometry":{"type":"Point","coordinates":[-105.8881,38.7378]},"properties":{"s":67.5,"pub":false}},{"type":"Feature","geometry":{"type":"Point","coordinates":[-105.8881,38.7436]},"properties":{"s":67.5,"pub":false}},{"type":"Feature","geometry":{"type":"Point","coordinates":[-105.8881,38.7494]},"properties":{"s":70.0,"pub":false}},{"type":"Feature","geometry":{"type":"Point","coordinates":[-105.8881,38.7552]},"properties":{"s":70.0,"pub":false}},{"type":"Feature","geometry":{"type":"Point","coordinates":[-105.8881,38.761]},"properties":{"s":70.0,"pub":true}},{"type":"Feature","geometry":{"type":"Point","coordinates":[-105.8881,38.7668]},"properties":{"s":70.0,"pub":true}},{"type":"Feature","geometry":{"type":"Point","coordinates":[-105.8881,38.7726]},"properties":{"s":70.0,"pub":true}},{"type":"Feature","geometry":{"type":"Point","coordinates":[-105.8881,38.7784]},"properties":{"s":70.0,"pub":true}},{"type":"Feature","geometry":{"type":"Point","coordinates":[-105.8881,38.7842]},"properties":{"s":40.0,"pub":true}},{"type":"Feature","geometry":{"type":"Point","coordinates":[-105.8881,38.79]},"properties":{"s":40.0,"pub":true}},{"type":"Feature","geometry":{"type":"Point","coordinates":[-105.8881,38.7958]},"properties":{"s":40.0,"pub":true}},{"type":"Feature","geometry":{"type":"Point","coordinates":[-105.8881,38.8016]},"properties":{"s":70.0,"pub":true}},{"type":"Feature","geometry":{"type":"Point","coordinates":[-105.8881,38.8074]},"properties":{"s":70.0,"pub":false}},{"type":"Feature","geometry":{"type":"Point","coordinates":[-105.8806,38.5522]},"properties":{"s":37.5,"pub":true}},{"type":"Feature","geometry":{"type":"Point","coordinates":[-105.8806,38.558]},"properties":{"s":37.5,"pub":true}},{"type":"Feature","geometry":{"type":"Point","coordinates":[-105.8806,38.5638]},"properties":{"s":67.5,"pub":false}},{"type":"Feature","geometry":{"type":"Point","coordinates":[-105.8806,38.5696]},"properties":{"s":67.5,"pub":false}},{"type":"Feature","geometry":{"type":"Point","coordinates":[-105.8806,38.5754]},"properties":{"s":67.5,"pub":false}},{"type":"Feature","geometry":{"type":"Point","coordinates":[-105.8806,38.5812]},"properties":{"s":67.5,"pub":false}},{"type":"Feature","geometry":{"type":"Point","coordinates":[-105.8806,38.587]},"properties":{"s":67.5,"pub":true}},{"type":"Feature","geometry":{"type":"Point","coordinates":[-105.8806,38.5928]},"properties":{"s":67.5,"pub":true}},{"type":"Feature","geometry":{"type":"Point","coordinates":[-105.8806,38.5986]},"properties":{"s":67.5,"pub":true}},{"type":"Feature","geometry":{"type":"Point","coordinates":[-105.8806,38.6044]},"properties":{"s":67.5,"pub":true}},{"type":"Feature","geometry":{"type":"Point","coordinates":[-105.8806,38.6102]},"properties":{"s":67.5,"pub":true}},{"type":"Feature","geometry":{"type":"Point","coordinates":[-105.8806,38.616]},"properties":{"s":67.5,"pub":true}},{"type":"Feature","geometry":{"type":"Point","coordinates":[-105.8806,38.6218]},"properties":{"s":70.0,"pub":true}},{"type":"Feature","geometry":{"type":"Point","coordinates":[-105.8806,38.6276]},"properties":{"s":70.0,"pub":false}},{"type":"Feature","geometry":{"type":"Point","coordinates":[-105.8806,38.6334]},"properties":{"s":67.5,"pub":true}},{"type":"Feature","geometry":{"type":"Point","coordinates":[-105.8806,38.6392]},"properties":{"s":67.5,"pub":true}},{"type":"Feature","geometry":{"type":"Point","coordinates":[-105.8806,38.645]},"properties":{"s":67.5,"pub":true}},{"type":"Feature","geometry":{"type":"Point","coordinates":[-105.8806,38.6508]},"properties":{"s":67.5,"pub":true}},{"type":"Feature","geometry":{"type":"Point","coordinates":[-105.8806,38.6566]},"properties":{"s":67.5,"pub":true}},{"type":"Feature","geometry":{"type":"Point","coordinates":[-105.8806,38.6624]},"properties":{"s":67.5,"pub":true}},{"type":"Feature","geometry":{"type":"Point","coordinates":[-105.8806,38.6682]},"properties":{"s":67.5,"pub":true}},{"type":"Feature","geometry":{"type":"Point","coordinates":[-105.8806,38.674]},"properties":{"s":67.5,"pub":true}},{"type":"Feature","geometry":{"type":"Point","coordinates":[-105.8806,38.6798]},"properties":{"s":67.5,"pub":true}},{"type":"Feature","geometry":{"type":"Point","coordinates":[-105.8806,38.6856]},"properties":{"s":70.0,"pub":true}},{"type":"Feature","geometry":{"type":"Point","coordinates":[-105.8806,38.6914]},"properties":{"s":70.0,"pub":true}},{"type":"Feature","geometry":{"type":"Point","coordinates":[-105.8806,38.6972]},"properties":{"s":70.0,"pub":false}},{"type":"Feature","geometry":{"type":"Point","coordinates":[-105.8806,38.703]},"properties":{"s":70.0,"pub":false}},{"type":"Feature","geometry":{"type":"Point","coordinates":[-105.8806,38.7088]},"properties":{"s":67.5,"pub":false}},{"type":"Feature","geometry":{"type":"Point","coordinates":[-105.8806,38.7146]},"properties":{"s":67.5,"pub":false}},{"type":"Feature","geometry":{"type":"Point","coordinates":[-105.8806,38.7204]},"properties":{"s":67.5,"pub":false}},{"type":"Feature","geometry":{"type":"Point","coordinates":[-105.8806,38.7262]},"properties":{"s":67.5,"pub":false}},{"type":"Feature","geometry":{"type":"Point","coordinates":[-105.8806,38.732]},"properties":{"s":67.5,"pub":false}},{"type":"Feature","geometry":{"type":"Point","coordinates":[-105.8806,38.7378]},"properties":{"s":67.5,"pub":false}},{"type":"Feature","geometry":{"type":"Point","coordinates":[-105.8806,38.7436]},"properties":{"s":70.0,"pub":false}},{"type":"Feature","geometry":{"type":"Point","coordinates":[-105.8806,38.7494]},"properties":{"s":70.0,"pub":false}},{"type":"Feature","geometry":{"type":"Point","coordinates":[-105.8806,38.7552]},"properties":{"s":70.0,"pub":false}},{"type":"Feature","geometry":{"type":"Point","coordinates":[-105.8806,38.761]},"properties":{"s":70.0,"pub":false}},{"type":"Feature","geometry":{"type":"Point","coordinates":[-105.8806,38.7668]},"properties":{"s":70.0,"pub":true}},{"type":"Feature","geometry":{"type":"Point","coordinates":[-105.8806,38.7726]},"properties":{"s":40.0,"pub":true}},{"type":"Feature","geometry":{"type":"Point","coordinates":[-105.8806,38.7784]},"properties":{"s":40.0,"pub":true}},{"type":"Feature","geometry":{"type":"Point","coordinates":[-105.8806,38.7842]},"properties":{"s":40.0,"pub":true}},{"type":"Feature","geometry":{"type":"Point","coordinates":[-105.8806,38.79]},"properties":{"s":40.0,"pub":true}},{"type":"Feature","geometry":{"type":"Point","coordinates":[-105.8806,38.7958]},"properties":{"s":40.0,"pub":true}},{"type":"Feature","geometry":{"type":"Point","coordinates":[-105.8806,38.8016]},"properties":{"s":40.0,"pub":true}},{"type":"Feature","geometry":{"type":"Point","coordinates":[-105.8731,38.5522]},"properties":{"s":37.5,"pub":true}},{"type":"Feature","geometry":{"type":"Point","coordinates":[-105.8731,38.558]},"properties":{"s":37.5,"pub":true}},{"type":"Feature","geometry":{"type":"Point","coordinates":[-105.8731,38.5638]},"properties":{"s":37.5,"pub":true}},{"type":"Feature","geometry":{"type":"Point","coordinates":[-105.8731,38.5696]},"properties":{"s":37.5,"pub":true}},{"type":"Feature","geometry":{"type":"Point","coordinates":[-105.8731,38.5754]},"properties":{"s":67.5,"pub":true}},{"type":"Feature","geometry":{"type":"Point","coordinates":[-105.8731,38.5812]},"properties":{"s":67.5,"pub":true}},{"type":"Feature","geometry":{"type":"Point","coordinates":[-105.8731,38.587]},"properties":{"s":67.5,"pub":true}},{"type":"Feature","geometry":{"type":"Point","coordinates":[-105.8731,38.5928]},"properties":{"s":67.5,"pub":true}},{"type":"Feature","geometry":{"type":"Point","coordinates":[-105.8731,38.5986]},"properties":{"s":67.5,"pub":true}},{"type":"Feature","geometry":{"type":"Point","coordinates":[-105.8731,38.6044]},"properties":{"s":67.5,"pub":true}},{"type":"Feature","geometry":{"type":"Point","coordinates":[-105.8731,38.6102]},"properties":{"s":67.5,"pub":true}},{"type":"Feature","geometry":{"type":"Point","coordinates":[-105.8731,38.616]},"properties":{"s":67.5,"pub":true}},{"type":"Feature","geometry":{"type":"Point","coordinates":[-105.8731,38.6218]},"properties":{"s":70.0,"pub":true}},{"type":"Feature","geometry":{"type":"Point","coordinates":[-105.8731,38.6276]},"properties":{"s":70.0,"pub":false}},{"type":"Feature","geometry":{"type":"Point","coordinates":[-105.8731,38.6334]},"properties":{"s":70.0,"pub":false}},{"type":"Feature","geometry":{"type":"Point","coordinates":[-105.8731,38.6392]},"properties":{"s":67.5,"pub":true}},{"type":"Feature","geometry":{"type":"Point","coordinates":[-105.8731,38.645]},"properties":{"s":67.5,"pub":true}},{"type":"Feature","geometry":{"type":"Point","coordinates":[-105.8731,38.6508]},"properties":{"s":67.5,"pub":true}},{"type":"Feature","geometry":{"type":"Point","coordinates":[-105.8731,38.6566]},"properties":{"s":67.5,"pub":true}},{"type":"Feature","geometry":{"type":"Point","coordinates":[-105.8731,38.6624]},"properties":{"s":67.5,"pub":true}},{"type":"Feature","geometry":{"type":"Point","coordinates":[-105.8731,38.6682]},"properties":{"s":67.5,"pub":true}},{"type":"Feature","geometry":{"type":"Point","coordinates":[-105.8731,38.674]},"properties":{"s":67.5,"pub":true}},{"type":"Feature","geometry":{"type":"Point","coordinates":[-105.8731,38.6798]},"properties":{"s":67.5,"pub":true}},{"type":"Feature","geometry":{"type":"Point","coordinates":[-105.8731,38.6856]},"properties":{"s":70.0,"pub":true}},{"type":"Feature","geometry":{"type":"Point","coordinates":[-105.8731,38.6914]},"properties":{"s":75.0,"pub":true}},{"type":"Feature","geometry":{"type":"Point","coordinates":[-105.8731,38.6972]},"properties":{"s":70.0,"pub":true}},{"type":"Feature","geometry":{"type":"Point","coordinates":[-105.8731,38.703]},"properties":{"s":70.0,"pub":false}},{"type":"Feature","geometry":{"type":"Point","coordinates":[-105.8731,38.7088]},"properties":{"s":67.5,"pub":true}},{"type":"Feature","geometry":{"type":"Point","coordinates":[-105.8731,38.7146]},"properties":{"s":67.5,"pub":false}},{"type":"Feature","geometry":{"type":"Point","coordinates":[-105.8731,38.7204]},"properties":{"s":67.5,"pub":true}},{"type":"Feature","geometry":{"type":"Point","coordinates":[-105.8731,38.7262]},"properties":{"s":67.5,"pub":false}},{"type":"Feature","geometry":{"type":"Point","coordinates":[-105.8731,38.732]},"properties":{"s":70.0,"pub":false}},{"type":"Feature","geometry":{"type":"Point","coordinates":[-105.8731,38.7378]},"properties":{"s":70.0,"pub":false}},{"type":"Feature","geometry":{"type":"Point","coordinates":[-105.8731,38.7436]},"properties":{"s":70.0,"pub":false}},{"type":"Feature","geometry":{"type":"Point","coordinates":[-105.8731,38.7494]},"properties":{"s":70.0,"pub":false}},{"type":"Feature","geometry":{"type":"Point","coordinates":[-105.8731,38.7552]},"properties":{"s":40.0,"pub":false}},{"type":"Feature","geometry":{"type":"Point","coordinates":[-105.8731,38.761]},"properties":{"s":40.0,"pub":false}},{"type":"Feature","geometry":{"type":"Point","coordinates":[-105.8731,38.7668]},"properties":{"s":40.0,"pub":true}},{"type":"Feature","geometry":{"type":"Point","coordinates":[-105.8731,38.7726]},"properties":{"s":40.0,"pub":true}},{"type":"Feature","geometry":{"type":"Point","coordinates":[-105.8731,38.7784]},"properties":{"s":40.0,"pub":true}},{"type":"Feature","geometry":{"type":"Point","coordinates":[-105.8731,38.7842]},"properties":{"s":40.0,"pub":false}},{"type":"Feature","geometry":{"type":"Point","coordinates":[-105.8731,38.79]},"properties":{"s":40.0,"pub":false}},{"type":"Feature","geometry":{"type":"Point","coordinates":[-105.8731,38.7958]},"properties":{"s":40.0,"pub":false}},{"type":"Feature","geometry":{"type":"Point","coordinates":[-105.8731,38.8016]},"properties":{"s":37.5,"pub":false}},{"type":"Feature","geometry":{"type":"Point","coordinates":[-105.8656,38.5754]},"properties":{"s":37.5,"pub":true}},{"type":"Feature","geometry":{"type":"Point","coordinates":[-105.8656,38.5812]},"properties":{"s":67.5,"pub":true}},{"type":"Feature","geometry":{"type":"Point","coordinates":[-105.8656,38.587]},"properties":{"s":67.5,"pub":true}},{"type":"Feature","geometry":{"type":"Point","coordinates":[-105.8656,38.5928]},"properties":{"s":67.5,"pub":true}},{"type":"Feature","geometry":{"type":"Point","coordinates":[-105.8656,38.5986]},"properties":{"s":67.5,"pub":true}},{"type":"Feature","geometry":{"type":"Point","coordinates":[-105.8656,38.6044]},"properties":{"s":67.5,"pub":true}},{"type":"Feature","geometry":{"type":"Point","coordinates":[-105.8656,38.6102]},"properties":{"s":67.5,"pub":true}},{"type":"Feature","geometry":{"type":"Point","coordinates":[-105.8656,38.616]},"properties":{"s":67.5,"pub":true}},{"type":"Feature","geometry":{"type":"Point","coordinates":[-105.8656,38.6218]},"properties":{"s":70.0,"pub":true}},{"type":"Feature","geometry":{"type":"Point","coordinates":[-105.8656,38.6276]},"properties":{"s":70.0,"pub":true}},{"type":"Feature","geometry":{"type":"Point","coordinates":[-105.8656,38.6334]},"properties":{"s":70.0,"pub":true}},{"type":"Feature","geometry":{"type":"Point","coordinates":[-105.8656,38.6392]},"properties":{"s":67.5,"pub":true}},{"type":"Feature","geometry":{"type":"Point","coordinates":[-105.8656,38.645]},"properties":{"s":67.5,"pub":true}},{"type":"Feature","geometry":{"type":"Point","coordinates":[-105.8656,38.6508]},"properties":{"s":67.5,"pub":true}},{"type":"Feature","geometry":{"type":"Point","coordinates":[-105.8656,38.6566]},"properties":{"s":67.5,"pub":true}},{"type":"Feature","geometry":{"type":"Point","coordinates":[-105.8656,38.6624]},"properties":{"s":67.5,"pub":false}},{"type":"Feature","geometry":{"type":"Point","coordinates":[-105.8656,38.6682]},"properties":{"s":67.5,"pub":false}},{"type":"Feature","geometry":{"type":"Point","coordinates":[-105.8656,38.674]},"properties":{"s":67.5,"pub":true}},{"type":"Feature","geometry":{"type":"Point","coordinates":[-105.8656,38.6798]},"properties":{"s":67.5,"pub":true}},{"type":"Feature","geometry":{"type":"Point","coordinates":[-105.8656,38.6856]},"properties":{"s":75.0,"pub":true}},{"type":"Feature","geometry":{"type":"Point","coordinates":[-105.8656,38.6914]},"properties":{"s":75.0,"pub":true}},{"type":"Feature","geometry":{"type":"Point","coordinates":[-105.8656,38.6972]},"properties":{"s":75.0,"pub":true}},{"type":"Feature","geometry":{"type":"Point","coordinates":[-105.8656,38.703]},"properties":{"s":70.0,"pub":true}},{"type":"Feature","geometry":{"type":"Point","coordinates":[-105.8656,38.7088]},"properties":{"s":67.5,"pub":true}},{"type":"Feature","geometry":{"type":"Point","coordinates":[-105.8656,38.7146]},"properties":{"s":67.5,"pub":false}},{"type":"Feature","geometry":{"type":"Point","coordinates":[-105.8656,38.7204]},"properties":{"s":37.5,"pub":true}},{"type":"Feature","geometry":{"type":"Point","coordinates":[-105.8656,38.7262]},"properties":{"s":40.0,"pub":false}},{"type":"Feature","geometry":{"type":"Point","coordinates":[-105.8656,38.732]},"properties":{"s":40.0,"pub":false}},{"type":"Feature","geometry":{"type":"Point","coordinates":[-105.8656,38.7378]},"properties":{"s":40.0,"pub":false}},{"type":"Feature","geometry":{"type":"Point","coordinates":[-105.8656,38.7436]},"properties":{"s":40.0,"pub":false}},{"type":"Feature","geometry":{"type":"Point","coordinates":[-105.8656,38.7494]},"properties":{"s":40.0,"pub":true}},{"type":"Feature","geometry":{"type":"Point","coordinates":[-105.8656,38.7552]},"properties":{"s":40.0,"pub":false}},{"type":"Feature","geometry":{"type":"Point","coordinates":[-105.8656,38.761]},"properties":{"s":40.0,"pub":false}},{"type":"Feature","geometry":{"type":"Point","coordinates":[-105.8656,38.7668]},"properties":{"s":40.0,"pub":false}},{"type":"Feature","geometry":{"type":"Point","coordinates":[-105.8656,38.7726]},"properties":{"s":40.0,"pub":false}},{"type":"Feature","geometry":{"type":"Point","coordinates":[-105.8656,38.7784]},"properties":{"s":40.0,"pub":false}},{"type":"Feature","geometry":{"type":"Point","coordinates":[-105.8656,38.7842]},"properties":{"s":40.0,"pub":false}},{"type":"Feature","geometry":{"type":"Point","coordinates":[-105.8656,38.79]},"properties":{"s":40.0,"pub":false}},{"type":"Feature","geometry":{"type":"Point","coordinates":[-105.8656,38.7958]},"properties":{"s":40.0,"pub":false}},{"type":"Feature","geometry":{"type":"Point","coordinates":[-105.8656,38.8016]},"properties":{"s":37.5,"pub":false}},{"type":"Feature","geometry":{"type":"Point","coordinates":[-105.8581,38.5812]},"properties":{"s":37.5,"pub":true}},{"type":"Feature","geometry":{"type":"Point","coordinates":[-105.8581,38.587]},"properties":{"s":67.5,"pub":true}},{"type":"Feature","geometry":{"type":"Point","coordinates":[-105.8581,38.5928]},"properties":{"s":67.5,"pub":true}},{"type":"Feature","geometry":{"type":"Point","coordinates":[-105.8581,38.5986]},"properties":{"s":67.5,"pub":true}},{"type":"Feature","geometry":{"type":"Point","coordinates":[-105.8581,38.6044]},"properties":{"s":67.5,"pub":true}},{"type":"Feature","geometry":{"type":"Point","coordinates":[-105.8581,38.6102]},"properties":{"s":67.5,"pub":true}},{"type":"Feature","geometry":{"type":"Point","coordinates":[-105.8581,38.616]},"properties":{"s":67.5,"pub":true}},{"type":"Feature","geometry":{"type":"Point","coordinates":[-105.8581,38.6218]},"properties":{"s":70.0,"pub":true}},{"type":"Feature","geometry":{"type":"Point","coordinates":[-105.8581,38.6276]},"properties":{"s":70.0,"pub":true}},{"type":"Feature","geometry":{"type":"Point","coordinates":[-105.8581,38.6334]},"properties":{"s":70.0,"pub":true}},{"type":"Feature","geometry":{"type":"Point","coordinates":[-105.8581,38.6392]},"properties":{"s":67.5,"pub":true}},{"type":"Feature","geometry":{"type":"Point","coordinates":[-105.8581,38.645]},"properties":{"s":67.5,"pub":false}},{"type":"Feature","geometry":{"type":"Point","coordinates":[-105.8581,38.6508]},"properties":{"s":67.5,"pub":false}},{"type":"Feature","geometry":{"type":"Point","coordinates":[-105.8581,38.6566]},"properties":{"s":67.5,"pub":false}},{"type":"Feature","geometry":{"type":"Point","coordinates":[-105.8581,38.6624]},"properties":{"s":67.5,"pub":false}},{"type":"Feature","geometry":{"type":"Point","coordinates":[-105.8581,38.6682]},"properties":{"s":67.5,"pub":false}},{"type":"Feature","geometry":{"type":"Point","coordinates":[-105.8581,38.674]},"properties":{"s":67.5,"pub":true}},{"type":"Feature","geometry":{"type":"Point","coordinates":[-105.8581,38.6798]},"properties":{"s":75.0,"pub":true}},{"type":"Feature","geometry":{"type":"Point","coordinates":[-105.8581,38.6856]},"properties":{"s":75.0,"pub":true}},{"type":"Feature","geometry":{"type":"Point","coordinates":[-105.8581,38.6914]},"properties":{"s":75.0,"pub":true}},{"type":"Feature","geometry":{"type":"Point","coordinates":[-105.8581,38.6972]},"properties":{"s":75.0,"pub":true}},{"type":"Feature","geometry":{"type":"Point","coordinates":[-105.8581,38.703]},"properties":{"s":45.0,"pub":true}},{"type":"Feature","geometry":{"type":"Point","coordinates":[-105.8581,38.7088]},"properties":{"s":37.5,"pub":true}},{"type":"Feature","geometry":{"type":"Point","coordinates":[-105.8581,38.7146]},"properties":{"s":37.5,"pub":false}},{"type":"Feature","geometry":{"type":"Point","coordinates":[-105.8581,38.7204]},"properties":{"s":40.0,"pub":true}},{"type":"Feature","geometry":{"type":"Point","coordinates":[-105.8581,38.7262]},"properties":{"s":40.0,"pub":false}},{"type":"Feature","geometry":{"type":"Point","coordinates":[-105.8581,38.732]},"properties":{"s":40.0,"pub":false}},{"type":"Feature","geometry":{"type":"Point","coordinates":[-105.8581,38.7378]},"properties":{"s":40.0,"pub":false}},{"type":"Feature","geometry":{"type":"Point","coordinates":[-105.8581,38.7436]},"properties":{"s":40.0,"pub":false}},{"type":"Feature","geometry":{"type":"Point","coordinates":[-105.8581,38.7494]},"properties":{"s":40.0,"pub":true}},{"type":"Feature","geometry":{"type":"Point","coordinates":[-105.8581,38.7552]},"properties":{"s":40.0,"pub":false}},{"type":"Feature","geometry":{"type":"Point","coordinates":[-105.8581,38.761]},"properties":{"s":40.0,"pub":false}},{"type":"Feature","geometry":{"type":"Point","coordinates":[-105.8581,38.7668]},"properties":{"s":40.0,"pub":false}},{"type":"Feature","geometry":{"type":"Point","coordinates":[-105.8581,38.7726]},"properties":{"s":40.0,"pub":false}},{"type":"Feature","geometry":{"type":"Point","coordinates":[-105.8581,38.7784]},"properties":{"s":40.0,"pub":false}},{"type":"Feature","geometry":{"type":"Point","coordinates":[-105.8581,38.7842]},"properties":{"s":40.0,"pub":false}},{"type":"Feature","geometry":{"type":"Point","coordinates":[-105.8581,38.79]},"properties":{"s":40.0,"pub":false}},{"type":"Feature","geometry":{"type":"Point","coordinates":[-105.8581,38.7958]},"properties":{"s":37.5,"pub":false}},{"type":"Feature","geometry":{"type":"Point","coordinates":[-105.8581,38.8016]},"properties":{"s":37.5,"pub":false}},{"type":"Feature","geometry":{"type":"Point","coordinates":[-105.8506,38.5812]},"properties":{"s":37.5,"pub":true}},{"type":"Feature","geometry":{"type":"Point","coordinates":[-105.8506,38.587]},"properties":{"s":37.5,"pub":true}},{"type":"Feature","geometry":{"type":"Point","coordinates":[-105.8506,38.5928]},"properties":{"s":37.5,"pub":true}},{"type":"Feature","geometry":{"type":"Point","coordinates":[-105.8506,38.5986]},"properties":{"s":67.5,"pub":true}},{"type":"Feature","geometry":{"type":"Point","coordinates":[-105.8506,38.6044]},"properties":{"s":67.5,"pub":true}},{"type":"Feature","geometry":{"type":"Point","coordinates":[-105.8506,38.6102]},"properties":{"s":67.5,"pub":true}},{"type":"Feature","geometry":{"type":"Point","coordinates":[-105.8506,38.616]},"properties":{"s":67.5,"pub":false}},{"type":"Feature","geometry":{"type":"Point","coordinates":[-105.8506,38.6218]},"properties":{"s":67.5,"pub":false}},{"type":"Feature","geometry":{"type":"Point","coordinates":[-105.8506,38.6276]},"properties":{"s":70.0,"pub":false}},{"type":"Feature","geometry":{"type":"Point","coordinates":[-105.8506,38.6334]},"properties":{"s":70.0,"pub":true}},{"type":"Feature","geometry":{"type":"Point","coordinates":[-105.8506,38.6392]},"properties":{"s":67.5,"pub":true}},{"type":"Feature","geometry":{"type":"Point","coordinates":[-105.8506,38.645]},"properties":{"s":67.5,"pub":false}},{"type":"Feature","geometry":{"type":"Point","coordinates":[-105.8506,38.6508]},"properties":{"s":67.5,"pub":false}},{"type":"Feature","geometry":{"type":"Point","coordinates":[-105.8506,38.6566]},"properties":{"s":67.5,"pub":false}},{"type":"Feature","geometry":{"type":"Point","coordinates":[-105.8506,38.6624]},"properties":{"s":67.5,"pub":true}},{"type":"Feature","geometry":{"type":"Point","coordinates":[-105.8506,38.6682]},"properties":{"s":67.5,"pub":true}},{"type":"Feature","geometry":{"type":"Point","coordinates":[-105.8506,38.674]},"properties":{"s":67.5,"pub":true}},{"type":"Feature","geometry":{"type":"Point","coordinates":[-105.8506,38.6798]},"properties":{"s":75.0,"pub":true}},{"type":"Feature","geometry":{"type":"Point","coordinates":[-105.8506,38.6856]},"properties":{"s":75.0,"pub":true}},{"type":"Feature","geometry":{"type":"Point","coordinates":[-105.8506,38.6914]},"properties":{"s":45.0,"pub":true}},{"type":"Feature","geometry":{"type":"Point","coordinates":[-105.8506,38.6972]},"properties":{"s":45.0,"pub":true}},{"type":"Feature","geometry":{"type":"Point","coordinates":[-105.8506,38.703]},"properties":{"s":45.0,"pub":true}},{"type":"Feature","geometry":{"type":"Point","coordinates":[-105.8506,38.7088]},"properties":{"s":45.0,"pub":true}},{"type":"Feature","geometry":{"type":"Point","coordinates":[-105.8506,38.7146]},"properties":{"s":40.0,"pub":false}},{"type":"Feature","geometry":{"type":"Point","coordinates":[-105.8506,38.7204]},"properties":{"s":40.0,"pub":false}},{"type":"Feature","geometry":{"type":"Point","coordinates":[-105.8506,38.7262]},"properties":{"s":40.0,"pub":true}},{"type":"Feature","geometry":{"type":"Point","coordinates":[-105.8506,38.732]},"properties":{"s":40.0,"pub":true}},{"type":"Feature","geometry":{"type":"Point","coordinates":[-105.8506,38.7552]},"properties":{"s":40.0,"pub":true}},{"type":"Feature","geometry":{"type":"Point","coordinates":[-105.8506,38.7784]},"properties":{"s":40.0,"pub":false}},{"type":"Feature","geometry":{"type":"Point","coordinates":[-105.8506,38.7842]},"properties":{"s":40.0,"pub":false}},{"type":"Feature","geometry":{"type":"Point","coordinates":[-105.8506,38.79]},"properties":{"s":37.5,"pub":false}},{"type":"Feature","geometry":{"type":"Point","coordinates":[-105.8506,38.7958]},"properties":{"s":37.5,"pub":false}},{"type":"Feature","geometry":{"type":"Point","coordinates":[-105.8506,38.8016]},"properties":{"s":37.5,"pub":false}},{"type":"Feature","geometry":{"type":"Point","coordinates":[-105.8431,38.587]},"properties":{"s":37.5,"pub":true}},{"type":"Feature","geometry":{"type":"Point","coordinates":[-105.8431,38.5928]},"properties":{"s":37.5,"pub":true}},{"type":"Feature","geometry":{"type":"Point","coordinates":[-105.8431,38.5986]},"properties":{"s":37.5,"pub":true}},{"type":"Feature","geometry":{"type":"Point","coordinates":[-105.8431,38.6044]},"properties":{"s":37.5,"pub":true}},{"type":"Feature","geometry":{"type":"Point","coordinates":[-105.8431,38.6102]},"properties":{"s":37.5,"pub":true}},{"type":"Feature","geometry":{"type":"Point","coordinates":[-105.8431,38.616]},"properties":{"s":67.5,"pub":true}}]}