{"type":"FeatureCollection","features":[{"type":"Feature","geometry":{"type":"Point","coordinates":[-108.9046,38.6464]},"properties":{"s":23.3,"pub":true}},{"type":"Feature","geometry":{"type":"Point","coordinates":[-108.9046,38.6522]},"properties":{"s":23.3,"pub":true}},{"type":"Feature","geometry":{"type":"Point","coordinates":[-108.9046,38.658]},"properties":{"s":23.3,"pub":true}},{"type":"Feature","geometry":{"type":"Point","coordinates":[-108.9046,38.6638]},"properties":{"s":23.3,"pub":true}},{"type":"Feature","geometry":{"type":"Point","coordinates":[-108.9046,38.6696]},"properties":{"s":23.3,"pub":true}},{"type":"Feature","geometry":{"type":"Point","coordinates":[-108.9046,38.6754]},"properties":{"s":23.3,"pub":true}},{"type":"Feature","geometry":{"type":"Point","coordinates":[-108.9046,38.6812]},"properties":{"s":23.3,"pub":true}},{"type":"Feature","geometry":{"type":"Point","coordinates":[-108.8971,38.6406]},"properties":{"s":23.3,"pub":true}},{"type":"Feature","geometry":{"type":"Point","coordinates":[-108.8971,38.6464]},"properties":{"s":23.3,"pub":true}},{"type":"Feature","geometry":{"type":"Point","coordinates":[-108.8971,38.6522]},"properties":{"s":23.3,"pub":true}},{"type":"Feature","geometry":{"type":"Point","coordinates":[-108.8971,38.658]},"properties":{"s":23.3,"pub":true}},{"type":"Feature","geometry":{"type":"Point","coordinates":[-108.8971,38.6638]},"properties":{"s":23.3,"pub":true}},{"type":"Feature","geometry":{"type":"Point","coordinates":[-108.8971,38.6696]},"properties":{"s":23.3,"pub":true}},{"type":"Feature","geometry":{"type":"Point","coordinates":[-108.8971,38.6754]},"properties":{"s":23.3,"pub":true}},{"type":"Feature","geometry":{"type":"Point","coordinates":[-108.8971,38.6812]},"properties":{"s":23.3,"pub":true}},{"type":"Feature","geometry":{"type":"Point","coordinates":[-108.8896,38.6406]},"properties":{"s":23.3,"pub":true}},{"type":"Feature","geometry":{"type":"Point","coordinates":[-108.8896,38.6464]},"properties":{"s":23.3,"pub":true}},{"type":"Feature","geometry":{"type":"Point","coordinates":[-108.8896,38.6522]},"properties":{"s":23.3,"pub":true}},{"type":"Feature","geometry":{"type":"Point","coordinates":[-108.8896,38.658]},"properties":{"s":23.3,"pub":true}},{"type":"Feature","geometry":{"type":"Point","coordinates":[-108.8896,38.6638]},"properties":{"s":23.3,"pub":true}},{"type":"Feature","geometry":{"type":"Point","coordinates":[-108.8896,38.6696]},"properties":{"s":23.3,"pub":true}},{"type":"Feature","geometry":{"type":"Point","coordinates":[-108.8896,38.6754]},"properties":{"s":23.3,"pub":true}},{"type":"Feature","geometry":{"type":"Point","coordinates":[-108.8896,38.6812]},"properties":{"s":23.3,"pub":true}},{"type":"Feature","geometry":{"type":"Point","coordinates":[-108.8896,38.687]},"properties":{"s":26.7,"pub":true}},{"type":"Feature","geometry":{"type":"Point","coordinates":[-108.8821,38.6406]},"properties":{"s":23.3,"pub":true}},{"type":"Feature","geometry":{"type":"Point","coordinates":[-108.8821,38.6464]},"properties":{"s":23.3,"pub":true}},{"type":"Feature","geometry":{"type":"Point","coordinates":[-108.8821,38.6522]},"properties":{"s":23.3,"pub":true}},{"type":"Feature","geometry":{"type":"Point","coordinates":[-108.8821,38.658]},"properties":{"s":23.3,"pub":true}},{"type":"Feature","geometry":{"type":"Point","coordinates":[-108.8821,38.6638]},"properties":{"s":23.3,"pub":true}},{"type":"Feature","geometry":{"type":"Point","coordinates":[-108.8821,38.6696]},"properties":{"s":23.3,"pub":true}},{"type":"Feature","geometry":{"type":"Point","coordinates":[-108.8821,38.6754]},"properties":{"s":23.3,"pub":true}},{"type":"Feature","geometry":{"type":"Point","coordinates":[-108.8821,38.6812]},"properties":{"s":26.7,"pub":true}},{"type":"Feature","geometry":{"type":"Point","coordinates":[-108.8821,38.687]},"properties":{"s":26.7,"pub":true}},{"type":"Feature","geometry":{"type":"Point","coordinates":[-108.8746,38.6406]},"properties":{"s":23.3,"pub":true}},{"type":"Feature","geometry":{"type":"Point","coordinates":[-108.8746,38.6464]},"properties":{"s":23.3,"pub":true}},{"type":"Feature","geometry":{"type":"Point","coordinates":[-108.8746,38.6522]},"properties":{"s":23.3,"pub":true}},{"type":"Feature","geometry":{"type":"Point","coordinates":[-108.8746,38.658]},"properties":{"s":23.3,"pub":true}},{"type":"Feature","geometry":{"type":"Point","coordinates":[-108.8746,38.6638]},"properties":{"s":23.3,"pub":true}},{"type":"Feature","geometry":{"type":"Point","coordinates":[-108.8746,38.6696]},"properties":{"s":23.3,"pub":true}},{"type":"Feature","geometry":{"type":"Point","coordinates":[-108.8746,38.6754]},"properties":{"s":23.3,"pub":true}},{"type":"Feature","geometry":{"type":"Point","coordinates":[-108.8746,38.6812]},"properties":{"s":26.7,"pub":true}},{"type":"Feature","geometry":{"type":"Point","coordinates":[-108.8746,38.687]},"properties":{"s":33.3,"pub":true}},{"type":"Feature","geometry":{"type":"Point","coordinates":[-108.8746,38.774]},"properties":{"s":30.0,"pub":false}},{"type":"Feature","geometry":{"type":"Point","coordinates":[-108.8671,38.6406]},"properties":{"s":23.3,"pub":true}},{"type":"Feature","geometry":{"type":"Point","coordinates":[-108.8671,38.6464]},"properties":{"s":23.3,"pub":true}},{"type":"Feature","geometry":{"type":"Point","coordinates":[-108.8671,38.6522]},"properties":{"s":23.3,"pub":true}},{"type":"Feature","geometry":{"type":"Point","coordinates":[-108.8671,38.658]},"properties":{"s":23.3,"pub":true}},{"type":"Feature","geometry":{"type":"Point","coordinates":[-108.8671,38.6638]},"properties":{"s":23.3,"pub":true}},{"type":"Feature","geometry":{"type":"Point","coordinates":[-108.8671,38.6696]},"properties":{"s":23.3,"pub":true}},{"type":"Feature","geometry":{"type":"Point","coordinates":[-108.8671,38.6754]},"properties":{"s":30.0,"pub":true}},{"type":"Feature","geometry":{"type":"Point","coordinates":[-108.8671,38.6812]},"properties":{"s":33.3,"pub":true}},{"type":"Feature","geometry":{"type":"Point","coordinates":[-108.8671,38.687]},"properties":{"s":33.3,"pub":true}},{"type":"Feature","geometry":{"type":"Point","coordinates":[-108.8671,38.6928]},"properties":{"s":33.3,"pub":true}},{"type":"Feature","geometry":{"type":"Point","coordinates":[-108.8671,38.7334]},"properties":{"s":23.3,"pub":true}},{"type":"Feature","geometry":{"type":"Point","coordinates":[-108.8671,38.7392]},"properties":{"s":23.3,"pub":true}},{"type":"Feature","geometry":{"type":"Point","coordinates":[-108.8671,38.745]},"properties":{"s":23.3,"pub":true}},{"type":"Feature","geometry":{"type":"Point","coordinates":[-108.8671,38.7508]},"properties":{"s":23.3,"pub":true}},{"type":"Feature","geometry":{"type":"Point","coordinates":[-108.8671,38.7566]},"properties":{"s":30.0,"pub":true}},{"type":"Feature","geometry":{"type":"Point","coordinates":[-108.8671,38.7624]},"properties":{"s":30.0,"pub":true}},{"type":"Feature","geometry":{"type":"Point","coordinates":[-108.8671,38.7682]},"properties":{"s":30.0,"pub":true}},{"type":"Feature","geometry":{"type":"Point","coordinates":[-108.8671,38.774]},"properties":{"s":30.0,"pub":true}},{"type":"Feature","geometry":{"type":"Point","coordinates":[-108.8596,38.6406]},"properties":{"s":23.3,"pub":true}},{"type":"Feature","geometry":{"type":"Point","coordinates":[-108.8596,38.6464]},"properties":{"s":23.3,"pub":true}},{"type":"Feature","geometry":{"type":"Point","coordinates":[-108.8596,38.6522]},"properties":{"s":23.3,"pub":true}},{"type":"Feature","geometry":{"type":"Point","coordinates":[-108.8596,38.658]},"properties":{"s":23.3,"pub":true}},{"type":"Feature","geometry":{"type":"Point","coordinates":[-108.8596,38.6638]},"properties":{"s":23.3,"pub":true}},{"type":"Feature","geometry":{"type":"Point","coordinates":[-108.8596,38.6696]},"properties":{"s":30.0,"pub":true}},{"type":"Feature","geometry":{"type":"Point","coordinates":[-108.8596,38.6754]},"properties":{"s":30.0,"pub":true}},{"type":"Feature","geometry":{"type":"Point","coordinates":[-108.8596,38.6812]},"properties":{"s":33.3,"pub":true}},{"type":"Feature","geometry":{"type":"Point","coordinates":[-108.8596,38.687]},"properties":{"s":33.3,"pub":true}},{"type":"Feature","geometry":{"type":"Point","coordinates":[-108.8596,38.6928]},"properties":{"s":33.3,"pub":true}},{"type":"Feature","geometry":{"type":"Point","coordinates":[-108.8596,38.7276]},"properties":{"s":23.3,"pub":true}},{"type":"Feature","geometry":{"type":"Point","coordinates":[-108.8596,38.7334]},"properties":{"s":23.3,"pub":true}},{"type":"Feature","geometry":{"type":"Point","coordinates":[-108.8596,38.7392]},"properties":{"s":23.3,"pub":true}},{"type":"Feature","geometry":{"type":"Point","coordinates":[-108.8596,38.745]},"properties":{"s":23.3,"pub":true}},{"type":"Feature","geometry":{"type":"Point","coordinates":[-108.8596,38.7508]},"properties":{"s":23.3,"pub":true}},{"type":"Feature","geometry":{"type":"Point","coordinates":[-108.8596,38.7566]},"properties":{"s":23.3,"pub":true}},{"type":"Feature","geometry":{"type":"Point","coordinates":[-108.8596,38.7624]},"properties":{"s":30.0,"pub":true}},{"type":"Feature","geometry":{"type":"Point","coordinates":[-108.8596,38.7682]},"properties":{"s":30.0,"pub":true}},{"type":"Feature","geometry":{"type":"Point","coordinates":[-108.8596,38.774]},"properties":{"s":30.0,"pub":true}},{"type":"Feature","geometry":{"type":"Point","coordinates":[-108.8596,38.7798]},"properties":{"s":30.0,"pub":false}},{"type":"Feature","geometry":{"type":"Point","coordinates":[-108.8521,38.6348]},"properties":{"s":23.3,"pub":true}},{"type":"Feature","geometry":{"type":"Point","coordinates":[-108.8521,38.6406]},"properties":{"s":23.3,"pub":true}},{"type":"Feature","geometry":{"type":"Point","coordinates":[-108.8521,38.6464]},"properties":{"s":23.3,"pub":true}},{"type":"Feature","geometry":{"type":"Point","coordinates":[-108.8521,38.6522]},"properties":{"s":23.3,"pub":true}},{"type":"Feature","geometry":{"type":"Point","coordinates":[-108.8521,38.658]},"properties":{"s":23.3,"pub":true}},{"type":"Feature","geometry":{"type":"Point","coordinates":[-108.8521,38.6638]},"properties":{"s":30.0,"pub":true}},{"type":"Feature","geometry":{"type":"Point","coordinates":[-108.8521,38.6696]},"properties":{"s":30.0,"pub":true}},{"type":"Feature","geometry":{"type":"Point","coordinates":[-108.8521,38.6754]},"properties":{"s":30.0,"pub":true}},{"type":"Feature","geometry":{"type":"Point","coordinates":[-108.8521,38.6812]},"properties":{"s":33.3,"pub":true}},{"type":"Feature","geometry":{"type":"Point","coordinates":[-108.8521,38.687]},"properties":{"s":33.3,"pub":true}},{"type":"Feature","geometry":{"type":"Point","coordinates":[-108.8521,38.6928]},"properties":{"s":33.3,"pub":true}},{"type":"Feature","geometry":{"type":"Point","coordinates":[-108.8521,38.6986]},"properties":{"s":30.0,"pub":true}},{"type":"Feature","geometry":{"type":"Point","coordinates":[-108.8521,38.716]},"properties":{"s":30.0,"pub":true}},{"type":"Feature","geometry":{"type":"Point","coordinates":[-108.8521,38.7276]},"properties":{"s":23.3,"pub":false}},{"type":"Feature","geometry":{"type":"Point","coordinates":[-108.8521,38.7334]},"properties":{"s":23.3,"pub":false}},{"type":"Feature","geometry":{"type":"Point","coordinates":[-108.8521,38.7392]},"properties":{"s":23.3,"pub":false}},{"type":"Feature","geometry":{"type":"Point","coordinates":[-108.8521,38.745]},"properties":{"s":23.3,"pub":false}},{"type":"Feature","geometry":{"type":"Point","coordinates":[-108.8521,38.7508]},"properties":{"s":23.3,"pub":true}},{"type":"Feature","geometry":{"type":"Point","coordinates":[-108.8521,38.7566]},"properties":{"s":23.3,"pub":true}},{"type":"Feature","geometry":{"type":"Point","coordinates":[-108.8521,38.7624]},"properties":{"s":23.3,"pub":true}},{"type":"Feature","geometry":{"type":"Point","coordinates":[-108.8521,38.7682]},"properties":{"s":30.0,"pub":true}},{"type":"Feature","geometry":{"type":"Point","coordinates":[-108.8521,38.774]},"properties":{"s":30.0,"pub":true}},{"type":"Feature","geometry":{"type":"Point","coordinates":[-108.8521,38.7798]},"properties":{"s":33.3,"pub":false}},{"type":"Feature","geometry":{"type":"Point","coordinates":[-108.8446,38.6348]},"properties":{"s":23.3,"pub":true}},{"type":"Feature","geometry":{"type":"Point","coordinates":[-108.8446,38.6406]},"properties":{"s":23.3,"pub":true}},{"type":"Feature","geometry":{"type":"Point","coordinates":[-108.8446,38.6464]},"properties":{"s":23.3,"pub":true}},{"type":"Feature","geometry":{"type":"Point","coordinates":[-108.8446,38.6522]},"properties":{"s":23.3,"pub":true}},{"type":"Feature","geometry":{"type":"Point","coordinates":[-108.8446,38.658]},"properties":{"s":30.0,"pub":true}},{"type":"Feature","geometry":{"type":"Point","coordinates":[-108.8446,38.6638]},"properties":{"s":30.0,"pub":true}},{"type":"Feature","geometry":{"type":"Point","coordinates":[-108.8446,38.6696]},"properties":{"s":30.0,"pub":true}},{"type":"Feature","geometry":{"type":"Point","coordinates":[-108.8446,38.6754]},"properties":{"s":33.3,"pub":true}},{"type":"Feature","geometry":{"type":"Point","coordinates":[-108.8446,38.6812]},"properties":{"s":33.3,"pub":true}},{"type":"Feature","geometry":{"type":"Point","coordinates":[-108.8446,38.687]},"properties":{"s":33.3,"pub":true}},{"type":"Feature","geometry":{"type":"Point","coordinates":[-108.8446,38.6928]},"properties":{"s":30.0,"pub":true}},{"type":"Feature","geometry":{"type":"Point","coordinates":[-108.8446,38.6986]},"properties":{"s":30.0,"pub":true}},{"type":"Feature","geometry":{"type":"Point","coordinates":[-108.8446,38.7044]},"properties":{"s":33.3,"pub":true}},{"type":"Feature","geometry":{"type":"Point","coordinates":[-108.8446,38.7102]},"properties":{"s":33.3,"pub":true}},{"type":"Feature","geometry":{"type":"Point","coordinates":[-108.8446,38.716]},"properties":{"s":30.0,"pub":true}},{"type":"Feature","geometry":{"type":"Point","coordinates":[-108.8446,38.7218]},"properties":{"s":23.3,"pub":true}},{"type":"Feature","geometry":{"type":"Point","coordinates":[-108.8446,38.7276]},"properties":{"s":23.3,"pub":true}},{"type":"Feature","geometry":{"type":"Point","coordinates":[-108.8446,38.7334]},"properties":{"s":23.3,"pub":true}},{"type":"Feature","geometry":{"type":"Point","coordinates":[-108.8446,38.7392]},"properties":{"s":23.3,"pub":true}},{"type":"Feature","geometry":{"type":"Point","coordinates":[-108.8446,38.745]},"properties":{"s":23.3,"pub":true}},{"type":"Feature","geometry":{"type":"Point","coordinates":[-108.8446,38.7508]},"properties":{"s":23.3,"pub":true}},{"type":"Feature","geometry":{"type":"Point","coordinates":[-108.8446,38.7566]},"properties":{"s":23.3,"pub":true}},{"type":"Feature","geometry":{"type":"Point","coordinates":[-108.8446,38.7624]},"properties":{"s":30.0,"pub":true}},{"type":"Feature","geometry":{"type":"Point","coordinates":[-108.8446,38.7682]},"properties":{"s":70.0,"pub":false}},{"type":"Feature","geometry":{"type":"Point","coordinates":[-108.8446,38.774]},"properties":{"s":70.0,"pub":true}},{"type":"Feature","geometry":{"type":"Point","coordinates":[-108.8371,38.629]},"properties":{"s":23.3,"pub":true}},{"type":"Feature","geometry":{"type":"Point","coordinates":[-108.8371,38.6348]},"properties":{"s":23.3,"pub":true}},{"type":"Feature","geometry":{"type":"Point","coordinates":[-108.8371,38.6406]},"properties":{"s":23.3,"pub":true}},{"type":"Feature","geometry":{"type":"Point","coordinates":[-108.8371,38.6464]},"properties":{"s":23.3,"pub":true}},{"type":"Feature","geometry":{"type":"Point","coordinates":[-108.8371,38.6522]},"properties":{"s":30.0,"pub":true}},{"type":"Feature","geometry":{"type":"Point","coordinates":[-108.8371,38.658]},"properties":{"s":30.0,"pub":true}},{"type":"Feature","geometry":{"type":"Point","coordinates":[-108.8371,38.6638]},"properties":{"s":30.0,"pub":true}},{"type":"Feature","geometry":{"type":"Point","coordinates":[-108.8371,38.6696]},"properties":{"s":30.0,"pub":true}},{"type":"Feature","geometry":{"type":"Point","coordinates":[-108.8371,38.6754]},"properties":{"s":33.3,"pub":true}},{"type":"Feature","geometry":{"type":"Point","coordinates":[-108.8371,38.6812]},"properties":{"s":33.3,"pub":true}},{"type":"Feature","geometry":{"type":"Point","coordinates":[-108.8371,38.687]},"properties":{"s":33.3,"pub":true}},{"type":"Feature","geometry":{"type":"Point","coordinates":[-108.8371,38.6928]},"properties":{"s":30.0,"pub":true}},{"type":"Feature","geometry":{"type":"Point","coordinates":[-108.8371,38.6986]},"properties":{"s":33.3,"pub":true}},{"type":"Feature","geometry":{"type":"Point","coordinates":[-108.8371,38.7044]},"properties":{"s":33.3,"pub":true}},{"type":"Feature","geometry":{"type":"Point","coordinates":[-108.8371,38.7102]},"properties":{"s":33.3,"pub":true}},{"type":"Feature","geometry":{"type":"Point","coordinates":[-108.8371,38.716]},"properties":{"s":30.0,"pub":true}},{"type":"Feature","geometry":{"type":"Point","coordinates":[-108.8371,38.7218]},"properties":{"s":23.3,"pub":true}},{"type":"Feature","geometry":{"type":"Point","coordinates":[-108.8371,38.7276]},"properties":{"s":23.3,"pub":true}},{"type":"Feature","geometry":{"type":"Point","coordinates":[-108.8371,38.7334]},"properties":{"s":23.3,"pub":true}},{"type":"Feature","geometry":{"type":"Point","coordinates":[-108.8371,38.7392]},"properties":{"s":23.3,"pub":true}},{"type":"Feature","geometry":{"type":"Point","coordinates":[-108.8371,38.745]},"properties":{"s":23.3,"pub":true}},{"type":"Feature","geometry":{"type":"Point","coordinates":[-108.8371,38.7508]},"properties":{"s":23.3,"pub":true}},{"type":"Feature","geometry":{"type":"Point","coordinates":[-108.8371,38.7566]},"properties":{"s":60.0,"pub":true}},{"type":"Feature","geometry":{"type":"Point","coordinates":[-108.8371,38.7624]},"properties":{"s":70.0,"pub":false}},{"type":"Feature","geometry":{"type":"Point","coordinates":[-108.8371,38.7682]},"properties":{"s":70.0,"pub":false}},{"type":"Feature","geometry":{"type":"Point","coordinates":[-108.8371,38.774]},"properties":{"s":33.3,"pub":false}},{"type":"Feature","geometry":{"type":"Point","coordinates":[-108.8296,38.629]},"properties":{"s":23.3,"pub":true}},{"type":"Feature","geometry":{"type":"Point","coordinates":[-108.8296,38.6348]},"properties":{"s":23.3,"pub":true}},{"type":"Feature","geometry":{"type":"Point","coordinates":[-108.8296,38.6406]},"properties":{"s":23.3,"pub":true}},{"type":"Feature","geometry":{"type":"Point","coordinates":[-108.8296,38.6464]},"properties":{"s":30.0,"pub":true}},{"type":"Feature","geometry":{"type":"Point","coordinates":[-108.8296,38.6522]},"properties":{"s":30.0,"pub":true}},{"type":"Feature","geometry":{"type":"Point","coordinates":[-108.8296,38.658]},"properties":{"s":30.0,"pub":true}},{"type":"Feature","geometry":{"type":"Point","coordinates":[-108.8296,38.6638]},"properties":{"s":30.0,"pub":true}},{"type":"Feature","geometry":{"type":"Point","coordinates":[-108.8296,38.6696]},"properties":{"s":30.0,"pub":true}},{"type":"Feature","geometry":{"type":"Point","coordinates":[-108.8296,38.6754]},"properties":{"s":33.3,"pub":true}},{"type":"Feature","geometry":{"type":"Point","coordinates":[-108.8296,38.6812]},"properties":{"s":33.3,"pub":true}},{"type":"Feature","geometry":{"type":"Point","coordinates":[-108.8296,38.687]},"properties":{"s":33.3,"pub":true}},{"type":"Feature","geometry":{"type":"Point","coordinates":[-108.8296,38.6928]},"properties":{"s":33.3,"pub":true}},{"type":"Feature","geometry":{"type":"Point","coordinates":[-108.8296,38.6986]},"properties":{"s":33.3,"pub":true}},{"type":"Feature","geometry":{"type":"Point","coordinates":[-108.8296,38.7044]},"properties":{"s":33.3,"pub":true}},{"type":"Feature","geometry":{"type":"Point","coordinates":[-108.8296,38.7102]},"properties":{"s":33.3,"pub":true}},{"type":"Feature","geometry":{"type":"Point","coordinates":[-108.8296,38.716]},"properties":{"s":23.3,"pub":true}},{"type":"Feature","geometry":{"type":"Point","coordinates":[-108.8296,38.7218]},"properties":{"s":23.3,"pub":true}},{"type":"Feature","geometry":{"type":"Point","coordinates":[-108.8296,38.7276]},"properties":{"s":23.3,"pub":true}},{"type":"Feature","geometry":{"type":"Point","coordinates":[-108.8296,38.7334]},"properties":{"s":23.3,"pub":true}},{"type":"Feature","geometry":{"type":"Point","coordinates":[-108.8296,38.7566]},"properties":{"s":60.0,"pub":true}},{"type":"Feature","geometry":{"type":"Point","coordinates":[-108.8296,38.7624]},"properties":{"s":70.0,"pub":true}},{"type":"Feature","geometry":{"type":"Point","coordinates":[-108.8296,38.7682]},"properties":{"s":73.3,"pub":false}},{"type":"Feature","geometry":{"type":"Point","coordinates":[-108.8296,38.774]},"properties":{"s":33.3,"pub":false}},{"type":"Feature","geometry":{"type":"Point","coordinates":[-108.8221,38.6232]},"properties":{"s":23.3,"pub":true}},{"type":"Feature","geometry":{"type":"Point","coordinates":[-108.8221,38.629]},"properties":{"s":23.3,"pub":true}},{"type":"Feature","geometry":{"type":"Point","coordinates":[-108.8221,38.6348]},"properties":{"s":23.3,"pub":true}},{"type":"Feature","geometry":{"type":"Point","coordinates":[-108.8221,38.6406]},"properties":{"s":30.0,"pub":true}},{"type":"Feature","geometry":{"type":"Point","coordinates":[-108.8221,38.6464]},"properties":{"s":30.0,"pub":true}},{"type":"Feature","geometry":{"type":"Point","coordinates":[-108.8221,38.6522]},"properties":{"s":30.0,"pub":true}},{"type":"Feature","geometry":{"type":"Point","coordinates":[-108.8221,38.658]},"properties":{"s":30.0,"pub":true}},{"type":"Feature","geometry":{"type":"Point","coordinates":[-108.8221,38.6638]},"properties":{"s":30.0,"pub":true}},{"type":"Feature","geometry":{"type":"Point","coordinates":[-108.8221,38.6696]},"properties":{"s":30.0,"pub":true}},{"type":"Feature","geometry":{"type":"Point","coordinates":[-108.8221,38.6754]},"properties":{"s":33.3,"pub":true}},{"type":"Feature","geometry":{"type":"Point","coordinates":[-108.8221,38.6812]},"properties":{"s":33.3,"pub":true}},{"type":"Feature","geometry":{"type":"Point","coordinates":[-108.8221,38.687]},"properties":{"s":33.3,"pub":true}},{"type":"Feature","geometry":{"type":"Point","coordinates":[-108.8221,38.6928]},"properties":{"s":33.3,"pub":true}},{"type":"Feature","geometry":{"type":"Point","coordinates":[-108.8221,38.6986]},"properties":{"s":33.3,"pub":true}},{"type":"Feature","geometry":{"type":"Point","coordinates":[-108.8221,38.7044]},"properties":{"s":33.3,"pub":true}},{"type":"Feature","geometry":{"type":"Point","coordinates":[-108.8221,38.7102]},"properties":{"s":26.7,"pub":true}},{"type":"Feature","geometry":{"type":"Point","coordinates":[-108.8221,38.716]},"properties":{"s":26.7,"pub":true}},{"type":"Feature","geometry":{"type":"Point","coordinates":[-108.8221,38.7218]},"properties":{"s":23.3,"pub":true}},{"type":"Feature","geometry":{"type":"Point","coordinates":[-108.8221,38.7276]},"properties":{"s":23.3,"pub":true}},{"type":"Feature","geometry":{"type":"Point","coordinates":[-108.8221,38.7334]},"properties":{"s":23.3,"pub":true}},{"type":"Feature","geometry":{"type":"Point","coordinates":[-108.8221,38.7508]},"properties":{"s":60.0,"pub":true}},{"type":"Feature","geometry":{"type":"Point","coordinates":[-108.8221,38.7566]},"properties":{"s":70.0,"pub":true}},{"type":"Feature","geometry":{"type":"Point","coordinates":[-108.8221,38.7624]},"properties":{"s":70.0,"pub":false}},{"type":"Feature","geometry":{"type":"Point","coordinates":[-108.8221,38.7682]},"properties":{"s":73.3,"pub":false}},{"type":"Feature","geometry":{"type":"Point","coordinates":[-108.8146,38.6174]},"properties":{"s":23.3,"pub":true}},{"type":"Feature","geometry":{"type":"Point","coordinates":[-108.8146,38.6232]},"properties":{"s":23.3,"pub":true}},{"type":"Feature","geometry":{"type":"Point","coordinates":[-108.8146,38.629]},"properties":{"s":23.3,"pub":true}},{"type":"Feature","geometry":{"type":"Point","coordinates":[-108.8146,38.6348]},"properties":{"s":23.3,"pub":true}},{"type":"Feature","geometry":{"type":"Point","coordinates":[-108.8146,38.6406]},"properties":{"s":30.0,"pub":true}},{"type":"Feature","geometry":{"type":"Point","coordinates":[-108.8146,38.6464]},"properties":{"s":30.0,"pub":true}},{"type":"Feature","geometry":{"type":"Point","coordinates":[-108.8146,38.6522]},"properties":{"s":30.0,"pub":true}},{"type":"Feature","geometry":{"type":"Point","coordinates":[-108.8146,38.658]},"properties":{"s":30.0,"pub":true}},{"type":"Feature","geometry":{"type":"Point","coordinates":[-108.8146,38.6638]},"properties":{"s":30.0,"pub":true}},{"type":"Feature","geometry":{"type":"Point","coordinates":[-108.8146,38.6696]},"properties":{"s":33.3,"pub":true}},{"type":"Feature","geometry":{"type":"Point","coordinates":[-108.8146,38.6754]},"properties":{"s":33.3,"pub":true}},{"type":"Feature","geometry":{"type":"Point","coordinates":[-108.8146,38.6812]},"properties":{"s":33.3,"pub":true}},{"type":"Feature","geometry":{"type":"Point","coordinates":[-108.8146,38.687]},"properties":{"s":33.3,"pub":true}},{"type":"Feature","geometry":{"type":"Point","coordinates":[-108.8146,38.6928]},"properties":{"s":33.3,"pub":true}},{"type":"Feature","geometry":{"type":"Point","coordinates":[-108.8146,38.6986]},"properties":{"s":26.7,"pub":true}},{"type":"Feature","geometry":{"type":"Point","coordinates":[-108.8146,38.7044]},"properties":{"s":26.7,"pub":true}},{"type":"Feature","geometry":{"type":"Point","coordinates":[-108.8146,38.7102]},"properties":{"s":26.7,"pub":true}},{"type":"Feature","geometry":{"type":"Point","coordinates":[-108.8146,38.716]},"properties":{"s":26.7,"pub":true}},{"type":"Feature","geometry":{"type":"Point","coordinates":[-108.8146,38.7276]},"properties":{"s":23.3,"pub":true}},{"type":"Feature","geometry":{"type":"Point","coordinates":[-108.8146,38.745]},"properties":{"s":60.0,"pub":true}},{"type":"Feature","geometry":{"type":"Point","coordinates":[-108.8146,38.7508]},"properties":{"s":70.0,"pub":true}},{"type":"Feature","geometry":{"type":"Point","coordinates":[-108.8146,38.7566]},"properties":{"s":70.0,"pub":true}},{"type":"Feature","geometry":{"type":"Point","coordinates":[-108.8146,38.7624]},"properties":{"s":70.0,"pub":true}},{"type":"Feature","geometry":{"type":"Point","coordinates":[-108.8146,38.7682]},"properties":{"s":73.3,"pub":false}},{"type":"Feature","geometry":{"type":"Point","coordinates":[-108.8071,38.6116]},"properties":{"s":23.3,"pub":true}},{"type":"Feature","geometry":{"type":"Point","coordinates":[-108.8071,38.6174]},"properties":{"s":23.3,"pub":true}},{"type":"Feature","geometry":{"type":"Point","coordinates":[-108.8071,38.6232]},"properties":{"s":23.3,"pub":true}},{"type":"Feature","geometry":{"type":"Point","coordinates":[-108.8071,38.629]},"properties":{"s":23.3,"pub":true}},{"type":"Feature","geometry":{"type":"Point","coordinates":[-108.8071,38.6348]},"properties":{"s":23.3,"pub":true}},{"type":"Feature","geometry":{"type":"Point","coordinates":[-108.8071,38.6406]},"properties":{"s":30.0,"pub":true}},{"type":"Feature","geometry":{"type":"Point","coordinates":[-108.8071,38.6464]},"properties":{"s":30.0,"pub":true}},{"type":"Feature","geometry":{"type":"Point","coordinates":[-108.8071,38.6522]},"properties":{"s":30.0,"pub":true}},{"type":"Feature","geometry":{"type":"Point","coordinates":[-108.8071,38.658]},"properties":{"s":30.0,"pub":true}},{"type":"Feature","geometry":{"type":"Point","coordinates":[-108.8071,38.6638]},"properties":{"s":30.0,"pub":true}},{"type":"Feature","geometry":{"type":"Point","coordinates":[-108.8071,38.6696]},"properties":{"s":33.3,"pub":true}},{"type":"Feature","geometry":{"type":"Point","coordinates":[-108.8071,38.6754]},"properties":{"s":33.3,"pub":true}},{"type":"Feature","geometry":{"type":"Point","coordinates":[-108.8071,38.6812]},"properties":{"s":33.3,"pub":true}},{"type":"Feature","geometry":{"type":"Point","coordinates":[-108.8071,38.687]},"properties":{"s":33.3,"pub":true}},{"type":"Feature","geometry":{"type":"Point","coordinates":[-108.8071,38.6928]},"properties":{"s":26.7,"pub":true}},{"type":"Feature","geometry":{"type":"Point","coordinates":[-108.8071,38.6986]},"properties":{"s":26.7,"pub":true}},{"type":"Feature","geometry":{"type":"Point","coordinates":[-108.8071,38.7044]},"properties":{"s":26.7,"pub":true}},{"type":"Feature","geometry":{"type":"Point","coordinates":[-108.8071,38.7102]},"properties":{"s":26.7,"pub":true}},{"type":"Feature","geometry":{"type":"Point","coordinates":[-108.8071,38.716]},"properties":{"s":26.7,"pub":true}},{"type":"Feature","geometry":{"type":"Point","coordinates":[-108.8071,38.7276]},"properties":{"s":60.0,"pub":true}},{"type":"Feature","geometry":{"type":"Point","coordinates":[-108.8071,38.7334]},"properties":{"s":60.0,"pub":true}},{"type":"Feature","geometry":{"type":"Point","coordinates":[-108.8071,38.745]},"properties":{"s":70.0,"pub":true}},{"type":"Feature","geometry":{"type":"Point","coordinates":[-108.8071,38.7508]},"properties":{"s":70.0,"pub":true}},{"type":"Feature","geometry":{"type":"Point","coordinates":[-108.8071,38.7566]},"properties":{"s":70.0,"pub":false}},{"type":"Feature","geometry":{"type":"Point","coordinates":[-108.8071,38.7624]},"properties":{"s":73.3,"pub":true}},{"type":"Feature","geometry":{"type":"Point","coordinates":[-108.8071,38.7682]},"properties":{"s":73.3,"pub":false}},{"type":"Feature","geometry":{"type":"Point","coordinates":[-108.7996,38.6058]},"properties":{"s":23.3,"pub":true}},{"type":"Feature","geometry":{"type":"Point","coordinates":[-108.7996,38.6116]},"properties":{"s":23.3,"pub":true}},{"type":"Feature","geometry":{"type":"Point","coordinates":[-108.7996,38.6174]},"properties":{"s":23.3,"pub":true}},{"type":"Feature","geometry":{"type":"Point","coordinates":[-108.7996,38.6232]},"properties":{"s":23.3,"pub":true}},{"type":"Feature","geometry":{"type":"Point","coordinates":[-108.7996,38.629]},"properties":{"s":23.3,"pub":true}},{"type":"Feature","geometry":{"type":"Point","coordinates":[-108.7996,38.6348]},"properties":{"s":23.3,"pub":true}},{"type":"Feature","geometry":{"type":"Point","coordinates":[-108.7996,38.6406]},"properties":{"s":23.3,"pub":true}},{"type":"Feature","geometry":{"type":"Point","coordinates":[-108.7996,38.6464]},"properties":{"s":30.0,"pub":true}},{"type":"Feature","geometry":{"type":"Point","coordinates":[-108.7996,38.6522]},"properties":{"s":30.0,"pub":true}},{"type":"Feature","geometry":{"type":"Point","coordinates":[-108.7996,38.658]},"properties":{"s":30.0,"pub":true}},{"type":"Feature","geometry":{"type":"Point","coordinates":[-108.7996,38.6638]},"properties":{"s":33.3,"pub":true}},{"type":"Feature","geometry":{"type":"Point","coordinates":[-108.7996,38.6696]},"properties":{"s":33.3,"pub":true}},{"type":"Feature","geometry":{"type":"Point","coordinates":[-108.7996,38.6754]},"properties":{"s":33.3,"pub":true}},{"type":"Feature","geometry":{"type":"Point","coordinates":[-108.7996,38.6812]},"properties":{"s":26.7,"pub":true}},{"type":"Feature","geometry":{"type":"Point","coordinates":[-108.7996,38.687]},"properties":{"s":26.7,"pub":true}},{"type":"Feature","geometry":{"type":"Point","coordinates":[-108.7996,38.6928]},"properties":{"s":26.7,"pub":true}},{"type":"Feature","geometry":{"type":"Point","coordinates":[-108.7996,38.6986]},"properties":{"s":26.7,"pub":true}},{"type":"Feature","geometry":{"type":"Point","coordinates":[-108.7996,38.7044]},"properties":{"s":26.7,"pub":true}},{"type":"Feature","geometry":{"type":"Point","coordinates":[-108.7996,38.7102]},"properties":{"s":26.7,"pub":true}},{"type":"Feature","geometry":{"type":"Point","coordinates":[-108.7996,38.716]},"properties":{"s":23.3,"pub":true}},{"type":"Feature","geometry":{"type":"Point","coordinates":[-108.7996,38.7218]},"properties":{"s":60.0,"pub":true}},{"type":"Feature","geometry":{"type":"Point","coordinates":[-108.7996,38.7276]},"properties":{"s":60.0,"pub":true}},{"type":"Feature","geometry":{"type":"Point","coordinates":[-108.7996,38.7334]},"properties":{"s":60.0,"pub":true}},{"type":"Feature","geometry":{"type":"Point","coordinates":[-108.7996,38.7508]},"properties":{"s":30.0,"pub":true}},{"type":"Feature","geometry":{"type":"Point","coordinates":[-108.7996,38.7566]},"properties":{"s":70.0,"pub":true}},{"type":"Feature","geometry":{"type":"Point","coordinates":[-108.7996,38.7624]},"properties":{"s":73.3,"pub":false}},{"type":"Feature","geometry":{"type":"Point","coordinates":[-108.7996,38.7682]},"properties":{"s":33.3,"pub":false}},{"type":"Feature","geometry":{"type":"Point","coordinates":[-108.7921,38.5942]},"properties":{"s":23.3,"pub":true}},{"type":"Feature","geometry":{"type":"Point","coordinates":[-108.7921,38.6]},"properties":{"s":23.3,"pub":true}},{"type":"Feature","geometry":{"type":"Point","coordinates":[-108.7921,38.6058]},"properties":{"s":23.3,"pub":true}},{"type":"Feature","geometry":{"type":"Point","coordinates":[-108.7921,38.6116]},"properties":{"s":23.3,"pub":true}},{"type":"Feature","geometry":{"type":"Point","coordinates":[-108.7921,38.6174]},"properties":{"s":23.3,"pub":true}},{"type":"Feature","geometry":{"type":"Point","coordinates":[-108.7921,38.6232]},"properties":{"s":23.3,"pub":true}},{"type":"Feature","geometry":{"type":"Point","coordinates":[-108.7921,38.629]},"properties":{"s":23.3,"pub":true}},{"type":"Feature","geometry":{"type":"Point","coordinates":[-108.7921,38.6348]},"properties":{"s":23.3,"pub":true}},{"type":"Feature","geometry":{"type":"Point","coordinates":[-108.7921,38.6406]},"properties":{"s":23.3,"pub":true}},{"type":"Feature","geometry":{"type":"Point","coordinates":[-108.7921,38.6464]},"properties":{"s":23.3,"pub":true}},{"type":"Feature","geometry":{"type":"Point","coordinates":[-108.7921,38.6522]},"properties":{"s":23.3,"pub":true}},{"type":"Feature","geometry":{"type":"Point","coordinates":[-108.7921,38.658]},"properties":{"s":33.3,"pub":true}},{"type":"Feature","geometry":{"type":"Point","coordinates":[-108.7921,38.6638]},"properties":{"s":33.3,"pub":true}},{"type":"Feature","geometry":{"type":"Point","coordinates":[-108.7921,38.6696]},"properties":{"s":26.7,"pub":true}},{"type":"Feature","geometry":{"type":"Point","coordinates":[-108.7921,38.6754]},"properties":{"s":26.7,"pub":true}},{"type":"Feature","geometry":{"type":"Point","coordinates":[-108.7921,38.6812]},"properties":{"s":26.7,"pub":true}},{"type":"Feature","geometry":{"type":"Point","coordinates":[-108.7921,38.687]},"properties":{"s":26.7,"pub":true}},{"type":"Feature","geometry":{"type":"Point","coordinates":[-108.7921,38.6928]},"properties":{"s":26.7,"pub":true}},{"type":"Feature","geometry":{"type":"Point","coordinates":[-108.7921,38.6986]},"properties":{"s":26.7,"pub":true}},{"type":"Feature","geometry":{"type":"Point","coordinates":[-108.7921,38.7044]},"properties":{"s":26.7,"pub":true}},{"type":"Feature","geometry":{"type":"Point","coordinates":[-108.7921,38.7102]},"properties":{"s":23.3,"pub":true}},{"type":"Feature","geometry":{"type":"Point","coordinates":[-108.7921,38.716]},"properties":{"s":23.3,"pub":true}},{"type":"Feature","geometry":{"type":"Point","coordinates":[-108.7921,38.7218]},"properties":{"s":60.0,"pub":true}},{"type":"Feature","geometry":{"type":"Point","coordinates":[-108.7921,38.7276]},"properties":{"s":60.0,"pub":true}},{"type":"Feature","geometry":{"type":"Point","coordinates":[-108.7921,38.7334]},"properties":{"s":60.0,"pub":true}},{"type":"Feature","geometry":{"type":"Point","coordinates":[-108.7921,38.7508]},"properties":{"s":30.0,"pub":true}},{"type":"Feature","geometry":{"type":"Point","coordinates":[-108.7921,38.7566]},"properties":{"s":30.0,"pub":true}},{"type":"Feature","geometry":{"type":"Point","coordinates":[-108.7921,38.7624]},"properties":{"s":33.3,"pub":false}},{"type":"Feature","geometry":{"type":"Point","coordinates":[-108.7921,38.7682]},"properties":{"s":33.3,"pub":false}},{"type":"Feature","geometry":{"type":"Point","coordinates":[-108.7846,38.5884]},"properties":{"s":23.3,"pub":true}},{"type":"Feature","geometry":{"type":"Point","coordinates":[-108.7846,38.5942]},"properties":{"s":23.3,"pub":true}},{"type":"Feature","geometry":{"type":"Point","coordinates":[-108.7846,38.6]},"properties":{"s":23.3,"pub":true}},{"type":"Feature","geometry":{"type":"Point","coordinates":[-108.7846,38.6058]},"properties":{"s":23.3,"pub":true}},{"type":"Feature","geometry":{"type":"Point","coordinates":[-108.7846,38.6116]},"properties":{"s":23.3,"pub":true}},{"type":"Feature","geometry":{"type":"Point","coordinates":[-108.7846,38.6174]},"properties":{"s":23.3,"pub":true}},{"type":"Feature","geometry":{"type":"Point","coordinates":[-108.7846,38.6232]},"properties":{"s":23.3,"pub":true}},{"type":"Feature","geometry":{"type":"Point","coordinates":[-108.7846,38.629]},"properties":{"s":23.3,"pub":true}},{"type":"Feature","geometry":{"type":"Point","coordinates":[-108.7846,38.6348]},"properties":{"s":23.3,"pub":true}},{"type":"Feature","geometry":{"type":"Point","coordinates":[-108.7846,38.6406]},"properties":{"s":23.3,"pub":true}},{"type":"Feature","geometry":{"type":"Point","coordinates":[-108.7846,38.6464]},"properties":{"s":26.7,"pub":true}},{"type":"Feature","geometry":{"type":"Point","coordinates":[-108.7846,38.6522]},"properties":{"s":26.7,"pub":true}},{"type":"Feature","geometry":{"type":"Point","coordinates":[-108.7846,38.658]},"properties":{"s":26.7,"pub":true}},{"type":"Feature","geometry":{"type":"Point","coordinates":[-108.7846,38.6638]},"properties":{"s":26.7,"pub":true}},{"type":"Feature","geometry":{"type":"Point","coordinates":[-108.7846,38.6696]},"properties":{"s":26.7,"pub":true}},{"type":"Feature","geometry":{"type":"Point","coordinates":[-108.7846,38.6754]},"properties":{"s":26.7,"pub":true}},{"type":"Feature","geometry":{"type":"Point","coordinates":[-108.7846,38.6812]},"properties":{"s":26.7,"pub":true}},{"type":"Feature","geometry":{"type":"Point","coordinates":[-108.7846,38.687]},"properties":{"s":26.7,"pub":true}},{"type":"Feature","geometry":{"type":"Point","coordinates":[-108.7846,38.6928]},"properties":{"s":23.3,"pub":true}},{"type":"Feature","geometry":{"type":"Point","coordinates":[-108.7846,38.6986]},"properties":{"s":26.7,"pub":true}},{"type":"Feature","geometry":{"type":"Point","coordinates":[-108.7846,38.7044]},"properties":{"s":23.3,"pub":true}},{"type":"Feature","geometry":{"type":"Point","coordinates":[-108.7846,38.7102]},"properties":{"s":50.0,"pub":true}},{"type":"Feature","geometry":{"type":"Point","coordinates":[-108.7846,38.716]},"properties":{"s":86.7,"pub":true}},{"type":"Feature","geometry":{"type":"Point","coordinates":[-108.7846,38.7218]},"properties":{"s":60.0,"pub":true}},{"type":"Feature","geometry":{"type":"Point","coordinates":[-108.7846,38.7276]},"properties":{"s":60.0,"pub":true}},{"type":"Feature","geometry":{"type":"Point","coordinates":[-108.7846,38.7334]},"properties":{"s":60.0,"pub":true}},{"type":"Feature","geometry":{"type":"Point","coordinates":[-108.7846,38.7508]},"properties":{"s":30.0,"pub":true}},{"type":"Feature","geometry":{"type":"Point","coordinates":[-108.7846,38.7566]},"properties":{"s":30.0,"pub":false}},{"type":"Feature","geometry":{"type":"Point","coordinates":[-108.7846,38.7624]},"properties":{"s":33.3,"pub":false}},{"type":"Feature","geometry":{"type":"Point","coordinates":[-108.7771,38.5826]},"properties":{"s":23.3,"pub":true}},{"type":"Feature","geometry":{"type":"Point","coordinates":[-108.7771,38.5884]},"properties":{"s":23.3,"pub":true}},{"type":"Feature","geometry":{"type":"Point","coordinates":[-108.7771,38.5942]},"properties":{"s":23.3,"pub":true}},{"type":"Feature","geometry":{"type":"Point","coordinates":[-108.7771,38.6]},"properties":{"s":23.3,"pub":true}},{"type":"Feature","geometry":{"type":"Point","coordinates":[-108.7771,38.6058]},"properties":{"s":23.3,"pub":true}},{"type":"Feature","geometry":{"type":"Point","coordinates":[-108.7771,38.6116]},"properties":{"s":23.3,"pub":true}},{"type":"Feature","geometry":{"type":"Point","coordinates":[-108.7771,38.6174]},"properties":{"s":23.3,"pub":true}},{"type":"Feature","geometry":{"type":"Point","coordinates":[-108.7771,38.6232]},"properties":{"s":23.3,"pub":true}},{"type":"Feature","geometry":{"type":"Point","coordinates":[-108.7771,38.629]},"properties":{"s":23.3,"pub":true}},{"type":"Feature","geometry":{"type":"Point","coordinates":[-108.7771,38.6348]},"properties":{"s":23.3,"pub":true}},{"type":"Feature","geometry":{"type":"Point","coordinates":[-108.7771,38.6406]},"properties":{"s":26.7,"pub":true}},{"type":"Feature","geometry":{"type":"Point","coordinates":[-108.7771,38.6464]},"properties":{"s":26.7,"pub":true}},{"type":"Feature","geometry":{"type":"Point","coordinates":[-108.7771,38.6522]},"properties":{"s":26.7,"pub":true}},{"type":"Feature","geometry":{"type":"Point","coordinates":[-108.7771,38.658]},"properties":{"s":26.7,"pub":true}},{"type":"Feature","geometry":{"type":"Point","coordinates":[-108.7771,38.6638]},"properties":{"s":26.7,"pub":true}},{"type":"Feature","geometry":{"type":"Point","coordinates":[-108.7771,38.6696]},"properties":{"s":26.7,"pub":true}},{"type":"Feature","geometry":{"type":"Point","coordinates":[-108.7771,38.6754]},"properties":{"s":23.3,"pub":true}},{"type":"Feature","geometry":{"type":"Point","coordinates":[-108.7771,38.6812]},"properties":{"s":23.3,"pub":true}},{"type":"Feature","geometry":{"type":"Point","coordinates":[-108.7771,38.687]},"properties":{"s":23.3,"pub":true}},{"type":"Feature","geometry":{"type":"Point","coordinates":[-108.7771,38.7044]},"properties":{"s":90.0,"pub":true}},{"type":"Feature","geometry":{"type":"Point","coordinates":[-108.7771,38.7102]},"properties":{"s":86.7,"pub":true}},{"type":"Feature","geometry":{"type":"Point","coordinates":[-108.7771,38.716]},"properties":{"s":86.7,"pub":true}},{"type":"Feature","geometry":{"type":"Point","coordinates":[-108.7771,38.7218]},"properties":{"s":86.7,"pub":true}},{"type":"Feature","geometry":{"type":"Point","coordinates":[-108.7771,38.7276]},"properties":{"s":60.0,"pub":true}},{"type":"Feature","geometry":{"type":"Point","coordinates":[-108.7771,38.745]},"properties":{"s":30.0,"pub":true}},{"type":"Feature","geometry":{"type":"Point","coordinates":[-108.7771,38.7508]},"properties":{"s":30.0,"pub":false}},{"type":"Feature","geometry":{"type":"Point","coordinates":[-108.7771,38.7566]},"properties":{"s":33.3,"pub":false}},{"type":"Feature","geometry":{"type":"Point","coordinates":[-108.7771,38.7624]},"properties":{"s":33.3,"pub":false}},{"type":"Feature","geometry":{"type":"Point","coordinates":[-108.7696,38.571]},"properties":{"s":23.3,"pub":true}},{"type":"Feature","geometry":{"type":"Point","coordinates":[-108.7696,38.5768]},"properties":{"s":23.3,"pub":true}},{"type":"Feature","geometry":{"type":"Point","coordinates":[-108.7696,38.5826]},"properties":{"s":23.3,"pub":true}},{"type":"Feature","geometry":{"type":"Point","coordinates":[-108.7696,38.5884]},"properties":{"s":23.3,"pub":true}},{"type":"Feature","geometry":{"type":"Point","coordinates":[-108.7696,38.5942]},"properties":{"s":23.3,"pub":true}},{"type":"Feature","geometry":{"type":"Point","coordinates":[-108.7696,38.6]},"properties":{"s":23.3,"pub":true}},{"type":"Feature","geometry":{"type":"Point","coordinates":[-108.7696,38.6058]},"properties":{"s":23.3,"pub":true}},{"type":"Feature","geometry":{"type":"Point","coordinates":[-108.7696,38.6116]},"properties":{"s":23.3,"pub":true}},{"type":"Feature","geometry":{"type":"Point","coordinates":[-108.7696,38.6174]},"properties":{"s":23.3,"pub":true}},{"type":"Feature","geometry":{"type":"Point","coordinates":[-108.7696,38.6232]},"properties":{"s":23.3,"pub":true}},{"type":"Feature","geometry":{"type":"Point","coordinates":[-108.7696,38.629]},"properties":{"s":26.7,"pub":true}},{"type":"Feature","geometry":{"type":"Point","coordinates":[-108.7696,38.6348]},"properties":{"s":26.7,"pub":true}},{"type":"Feature","geometry":{"type":"Point","coordinates":[-108.7696,38.6406]},"properties":{"s":26.7,"pub":true}},{"type":"Feature","geometry":{"type":"Point","coordinates":[-108.7696,38.6464]},"properties":{"s":26.7,"pub":true}},{"type":"Feature","geometry":{"type":"Point","coordinates":[-108.7696,38.6522]},"properties":{"s":26.7,"pub":true}},{"type":"Feature","geometry":{"type":"Point","coordinates":[-108.7696,38.658]},"properties":{"s":26.7,"pub":true}},{"type":"Feature","geometry":{"type":"Point","coordinates":[-108.7696,38.6638]},"properties":{"s":23.3,"pub":true}},{"type":"Feature","geometry":{"type":"Point","coordinates":[-108.7696,38.6696]},"properties":{"s":23.3,"pub":true}},{"type":"Feature","geometry":{"type":"Point","coordinates":[-108.7696,38.6754]},"properties":{"s":23.3,"pub":true}},{"type":"Feature","geometry":{"type":"Point","coordinates":[-108.7696,38.6812]},"properties":{"s":23.3,"pub":true}},{"type":"Feature","geometry":{"type":"Point","coordinates":[-108.7696,38.6928]},"properties":{"s":60.0,"pub":true}},{"type":"Feature","geometry":{"type":"Point","coordinates":[-108.7696,38.6986]},"properties":{"s":86.7,"pub":true}},{"type":"Feature","geometry":{"type":"Point","coordinates":[-108.7696,38.7044]},"properties":{"s":86.7,"pub":true}},{"type":"Feature","geometry":{"type":"Point","coordinates":[-108.7696,38.7102]},"properties":{"s":86.7,"pub":true}},{"type":"Feature","geometry":{"type":"Point","coordinates":[-108.7696,38.716]},"properties":{"s":86.7,"pub":true}},{"type":"Feature","geometry":{"type":"Point","coordinates":[-108.7696,38.7218]},"properties":{"s":86.7,"pub":true}},{"type":"Feature","geometry":{"type":"Point","coordinates":[-108.7696,38.745]},"properties":{"s":30.0,"pub":true}},{"type":"Feature","geometry":{"type":"Point","coordinates":[-108.7696,38.7508]},"properties":{"s":33.3,"pub":false}},{"type":"Feature","geometry":{"type":"Point","coordinates":[-108.7696,38.7566]},"properties":{"s":33.3,"pub":false}},{"type":"Feature","geometry":{"type":"Point","coordinates":[-108.7621,38.5652]},"properties":{"s":23.3,"pub":true}},{"type":"Feature","geometry":{"type":"Point","coordinates":[-108.7621,38.571]},"properties":{"s":23.3,"pub":true}},{"type":"Feature","geometry":{"type":"Point","coordinates":[-108.7621,38.5768]},"properties":{"s":23.3,"pub":true}},{"type":"Feature","geometry":{"type":"Point","coordinates":[-108.7621,38.5826]},"properties":{"s":23.3,"pub":true}},{"type":"Feature","geometry":{"type":"Point","coordinates":[-108.7621,38.5884]},"properties":{"s":23.3,"pub":true}},{"type":"Feature","geometry":{"type":"Point","coordinates":[-108.7621,38.5942]},"properties":{"s":23.3,"pub":true}},{"type":"Feature","geometry":{"type":"Point","coordinates":[-108.7621,38.6]},"properties":{"s":23.3,"pub":true}},{"type":"Feature","geometry":{"type":"Point","coordinates":[-108.7621,38.6058]},"properties":{"s":23.3,"pub":true}},{"type":"Feature","geometry":{"type":"Point","coordinates":[-108.7621,38.6116]},"properties":{"s":23.3,"pub":true}},{"type":"Feature","geometry":{"type":"Point","coordinates":[-108.7621,38.6174]},"properties":{"s":23.3,"pub":true}},{"type":"Feature","geometry":{"type":"Point","coordinates":[-108.7621,38.6232]},"properties":{"s":26.7,"pub":true}},{"type":"Feature","geometry":{"type":"Point","coordinates":[-108.7621,38.629]},"properties":{"s":26.7,"pub":true}},{"type":"Feature","geometry":{"type":"Point","coordinates":[-108.7621,38.6348]},"properties":{"s":26.7,"pub":true}},{"type":"Feature","geometry":{"type":"Point","coordinates":[-108.7621,38.6406]},"properties":{"s":26.7,"pub":true}},{"type":"Feature","geometry":{"type":"Point","coordinates":[-108.7621,38.6464]},"properties":{"s":26.7,"pub":true}},{"type":"Feature","geometry":{"type":"Point","coordinates":[-108.7621,38.6522]},"properties":{"s":23.3,"pub":true}},{"type":"Feature","geometry":{"type":"Point","coordinates":[-108.7621,38.658]},"properties":{"s":23.3,"pub":true}},{"type":"Feature","geometry":{"type":"Point","coordinates":[-108.7621,38.6638]},"properties":{"s":23.3,"pub":true}},{"type":"Feature","geometry":{"type":"Point","coordinates":[-108.7621,38.6696]},"properties":{"s":23.3,"pub":true}},{"type":"Feature","geometry":{"type":"Point","coordinates":[-108.7621,38.6754]},"properties":{"s":23.3,"pub":true}},{"type":"Feature","geometry":{"type":"Point","coordinates":[-108.7621,38.687]},"properties":{"s":60.0,"pub":true}},{"type":"Feature","geometry":{"type":"Point","coordinates":[-108.7621,38.6928]},"properties":{"s":86.7,"pub":true}},{"type":"Feature","geometry":{"type":"Point","coordinates":[-108.7621,38.6986]},"properties":{"s":86.7,"pub":true}},{"type":"Feature","geometry":{"type":"Point","coordinates":[-108.7621,38.7044]},"properties":{"s":86.7,"pub":true}},{"type":"Feature","geometry":{"type":"Point","coordinates":[-108.7621,38.7102]},"properties":{"s":86.7,"pub":true}},{"type":"Feature","geometry":{"type":"Point","coordinates":[-108.7621,38.716]},"properties":{"s":86.7,"pub":true}},{"type":"Feature","geometry":{"type":"Point","coordinates":[-108.7621,38.7218]},"properties":{"s":86.7,"pub":true}},{"type":"Feature","geometry":{"type":"Point","coordinates":[-108.7621,38.745]},"properties":{"s":30.0,"pub":true}},{"type":"Feature","geometry":{"type":"Point","coordinates":[-108.7621,38.7508]},"properties":{"s":33.3,"pub":false}},{"type":"Feature","geometry":{"type":"Point","coordinates":[-108.7546,38.5594]},"properties":{"s":23.3,"pub":true}},{"type":"Feature","geometry":{"type":"Point","coordinates":[-108.7546,38.5652]},"properties":{"s":23.3,"pub":true}},{"type":"Feature","geometry":{"type":"Point","coordinates":[-108.7546,38.571]},"properties":{"s":23.3,"pub":true}},{"type":"Feature","geometry":{"type":"Point","coordinates":[-108.7546,38.5768]},"properties":{"s":23.3,"pub":true}},{"type":"Feature","geometry":{"type":"Point","coordinates":[-108.7546,38.5826]},"properties":{"s":23.3,"pub":true}},{"type":"Feature","geometry":{"type":"Point","coordinates":[-108.7546,38.5884]},"properties":{"s":23.3,"pub":true}},{"type":"Feature","geometry":{"type":"Point","coordinates":[-108.7546,38.5942]},"properties":{"s":50.0,"pub":true}},{"type":"Feature","geometry":{"type":"Point","coordinates":[-108.7546,38.6]},"properties":{"s":50.0,"pub":true}},{"type":"Feature","geometry":{"type":"Point","coordinates":[-108.7546,38.6058]},"properties":{"s":23.3,"pub":true}},{"type":"Feature","geometry":{"type":"Point","coordinates":[-108.7546,38.6116]},"properties":{"s":23.3,"pub":true}},{"type":"Feature","geometry":{"type":"Point","coordinates":[-108.7546,38.6174]},"properties":{"s":26.7,"pub":true}},{"type":"Feature","geometry":{"type":"Point","coordinates":[-108.7546,38.6232]},"properties":{"s":26.7,"pub":true}},{"type":"Feature","geometry":{"type":"Point","coordinates":[-108.7546,38.629]},"properties":{"s":26.7,"pub":true}},{"type":"Feature","geometry":{"type":"Point","coordinates":[-108.7546,38.6348]},"properties":{"s":26.7,"pub":true}},{"type":"Feature","geometry":{"type":"Point","coordinates":[-108.7546,38.6406]},"properties":{"s":23.3,"pub":true}},{"type":"Feature","geometry":{"type":"Point","coordinates":[-108.7546,38.6464]},"properties":{"s":23.3,"pub":true}},{"type":"Feature","geometry":{"type":"Point","coordinates":[-108.7546,38.6522]},"properties":{"s":23.3,"pub":true}},{"type":"Feature","geometry":{"type":"Point","coordinates":[-108.7546,38.658]},"properties":{"s":23.3,"pub":true}},{"type":"Feature","geometry":{"type":"Point","coordinates":[-108.7546,38.6638]},"properties":{"s":23.3,"pub":true}},{"type":"Feature","geometry":{"type":"Point","coordinates":[-108.7546,38.6696]},"properties":{"s":23.3,"pub":true}},{"type":"Feature","geometry":{"type":"Point","coordinates":[-108.7546,38.6812]},"properties":{"s":60.0,"pub":true}},{"type":"Feature","geometry":{"type":"Point","coordinates":[-108.7546,38.687]},"properties":{"s":86.7,"pub":true}},{"type":"Feature","geometry":{"type":"Point","coordinates":[-108.7546,38.6928]},"properties":{"s":86.7,"pub":true}},{"type":"Feature","geometry":{"type":"Point","coordinates":[-108.7546,38.6986]},"properties":{"s":86.7,"pub":true}},{"type":"Feature","geometry":{"type":"Point","coordinates":[-108.7546,38.7044]},"properties":{"s":86.7,"pub":true}},{"type":"Feature","geometry":{"type":"Point","coordinates":[-108.7546,38.7102]},"properties":{"s":86.7,"pub":true}},{"type":"Feature","geometry":{"type":"Point","coordinates":[-108.7546,38.716]},"properties":{"s":86.7,"pub":true}},{"type":"Feature","geometry":{"type":"Point","coordinates":[-108.7546,38.7218]},"properties":{"s":86.7,"pub":true}},{"type":"Feature","geometry":{"type":"Point","coordinates":[-108.7546,38.7276]},"properties":{"s":86.7,"pub":true}},{"type":"Feature","geometry":{"type":"Point","coordinates":[-108.7546,38.7392]},"properties":{"s":30.0,"pub":true}},{"type":"Feature","geometry":{"type":"Point","coordinates":[-108.7546,38.745]},"properties":{"s":30.0,"pub":false}},{"type":"Feature","geometry":{"type":"Point","coordinates":[-108.7546,38.7508]},"properties":{"s":33.3,"pub":false}},{"type":"Feature","geometry":{"type":"Point","coordinates":[-108.7546,38.7566]},"properties":{"s":33.3,"pub":false}},{"type":"Feature","geometry":{"type":"Point","coordinates":[-108.7471,38.5478]},"properties":{"s":23.3,"pub":true}},{"type":"Feature","geometry":{"type":"Point","coordinates":[-108.7471,38.5536]},"properties":{"s":23.3,"pub":true}},{"type":"Feature","geometry":{"type":"Point","coordinates":[-108.7471,38.5594]},"properties":{"s":23.3,"pub":true}},{"type":"Feature","geometry":{"type":"Point","coordinates":[-108.7471,38.5652]},"properties":{"s":23.3,"pub":true}},{"type":"Feature","geometry":{"type":"Point","coordinates":[-108.7471,38.571]},"properties":{"s":23.3,"pub":true}},{"type":"Feature","geometry":{"type":"Point","coordinates":[-108.7471,38.5768]},"properties":{"s":23.3,"pub":true}},{"type":"Feature","geometry":{"type":"Point","coordinates":[-108.7471,38.5826]},"properties":{"s":23.3,"pub":true}},{"type":"Feature","geometry":{"type":"Point","coordinates":[-108.7471,38.5884]},"properties":{"s":23.3,"pub":true}},{"type":"Feature","geometry":{"type":"Point","coordinates":[-108.7471,38.5942]},"properties":{"s":23.3,"pub":true}},{"type":"Feature","geometry":{"type":"Point","coordinates":[-108.7471,38.6]},"properties":{"s":50.0,"pub":true}},{"type":"Feature","geometry":{"type":"Point","coordinates":[-108.7471,38.6058]},"properties":{"s":50.0,"pub":true}},{"type":"Feature","geometry":{"type":"Point","coordinates":[-108.7471,38.6116]},"properties":{"s":26.7,"pub":true}},{"type":"Feature","geometry":{"type":"Point","coordinates":[-108.7471,38.6174]},"properties":{"s":26.7,"pub":true}},{"type":"Feature","geometry":{"type":"Point","coordinates":[-108.7471,38.6232]},"properties":{"s":26.7,"pub":true}},{"type":"Feature","geometry":{"type":"Point","coordinates":[-108.7471,38.629]},"properties":{"s":26.7,"pub":true}},{"type":"Feature","geometry":{"type":"Point","coordinates":[-108.7471,38.6348]},"properties":{"s":26.7,"pub":true}},{"type":"Feature","geometry":{"type":"Point","coordinates":[-108.7471,38.6406]},"properties":{"s":23.3,"pub":true}},{"type":"Feature","geometry":{"type":"Point","coordinates":[-108.7471,38.6464]},"properties":{"s":23.3,"pub":true}},{"type":"Feature","geometry":{"type":"Point","coordinates":[-108.7471,38.6522]},"properties":{"s":23.3,"pub":true}},{"type":"Feature","geometry":{"type":"Point","coordinates":[-108.7471,38.658]},"properties":{"s":23.3,"pub":true}},{"type":"Feature","geometry":{"type":"Point","coordinates":[-108.7471,38.6638]},"properties":{"s":23.3,"pub":true}},{"type":"Feature","geometry":{"type":"Point","coordinates":[-108.7471,38.6812]},"properties":{"s":86.7,"pub":true}},{"type":"Feature","geometry":{"type":"Point","coordinates":[-108.7471,38.687]},"properties":{"s":86.7,"pub":true}},{"type":"Feature","geometry":{"type":"Point","coordinates":[-108.7471,38.6928]},"properties":{"s":86.7,"pub":true}},{"type":"Feature","geometry":{"type":"Point","coordinates":[-108.7471,38.6986]},"properties":{"s":86.7,"pub":true}},{"type":"Feature","geometry":{"type":"Point","coordinates":[-108.7471,38.7044]},"properties":{"s":86.7,"pub":true}},{"type":"Feature","geometry":{"type":"Point","coordinates":[-108.7471,38.7102]},"properties":{"s":86.7,"pub":true}},{"type":"Feature","geometry":{"type":"Point","coordinates":[-108.7471,38.716]},"properties":{"s":86.7,"pub":true}},{"type":"Feature","geometry":{"type":"Point","coordinates":[-108.7471,38.7218]},"properties":{"s":86.7,"pub":true}},{"type":"Feature","geometry":{"type":"Point","coordinates":[-108.7471,38.7276]},"properties":{"s":86.7,"pub":true}},{"type":"Feature","geometry":{"type":"Point","coordinates":[-108.7471,38.745]},"properties":{"s":30.0,"pub":true}},{"type":"Feature","geometry":{"type":"Point","coordinates":[-108.7471,38.7508]},"properties":{"s":33.3,"pub":true}},{"type":"Feature","geometry":{"type":"Point","coordinates":[-108.7471,38.7566]},"properties":{"s":33.3,"pub":false}},{"type":"Feature","geometry":{"type":"Point","coordinates":[-108.7471,38.7624]},"properties":{"s":33.3,"pub":false}},{"type":"Feature","geometry":{"type":"Point","coordinates":[-108.7396,38.5362]},"properties":{"s":23.3,"pub":true}},{"type":"Feature","geometry":{"type":"Point","coordinates":[-108.7396,38.542]},"properties":{"s":23.3,"pub":true}},{"type":"Feature","geometry":{"type":"Point","coordinates":[-108.7396,38.5478]},"properties":{"s":23.3,"pub":true}},{"type":"Feature","geometry":{"type":"Point","coordinates":[-108.7396,38.5536]},"properties":{"s":23.3,"pub":true}},{"type":"Feature","geometry":{"type":"Point","coordinates":[-108.7396,38.5594]},"properties":{"s":23.3,"pub":true}},{"type":"Feature","geometry":{"type":"Point","coordinates":[-108.7396,38.5652]},"properties":{"s":23.3,"pub":true}},{"type":"Feature","geometry":{"type":"Point","coordinates":[-108.7396,38.571]},"properties":{"s":23.3,"pub":true}},{"type":"Feature","geometry":{"type":"Point","coordinates":[-108.7396,38.5768]},"properties":{"s":23.3,"pub":true}},{"type":"Feature","geometry":{"type":"Point","coordinates":[-108.7396,38.5826]},"properties":{"s":23.3,"pub":true}},{"type":"Feature","geometry":{"type":"Point","coordinates":[-108.7396,38.5884]},"properties":{"s":50.0,"pub":true}},{"type":"Feature","geometry":{"type":"Point","coordinates":[-108.7396,38.5942]},"properties":{"s":50.0,"pub":true}},{"type":"Feature","geometry":{"type":"Point","coordinates":[-108.7396,38.6]},"properties":{"s":50.0,"pub":true}},{"type":"Feature","geometry":{"type":"Point","coordinates":[-108.7396,38.6058]},"properties":{"s":53.3,"pub":true}},{"type":"Feature","geometry":{"type":"Point","coordinates":[-108.7396,38.6116]},"properties":{"s":53.3,"pub":true}},{"type":"Feature","geometry":{"type":"Point","coordinates":[-108.7396,38.6174]},"properties":{"s":26.7,"pub":true}},{"type":"Feature","geometry":{"type":"Point","coordinates":[-108.7396,38.6232]},"properties":{"s":26.7,"pub":true}},{"type":"Feature","geometry":{"type":"Point","coordinates":[-108.7396,38.629]},"properties":{"s":23.3,"pub":true}},{"type":"Feature","geometry":{"type":"Point","coordinates":[-108.7396,38.6348]},"properties":{"s":23.3,"pub":true}},{"type":"Feature","geometry":{"type":"Point","coordinates":[-108.7396,38.6406]},"properties":{"s":23.3,"pub":true}},{"type":"Feature","geometry":{"type":"Point","coordinates":[-108.7396,38.6464]},"properties":{"s":23.3,"pub":true}},{"type":"Feature","geometry":{"type":"Point","coordinates":[-108.7396,38.6522]},"properties":{"s":23.3,"pub":true}},{"type":"Feature","geometry":{"type":"Point","coordinates":[-108.7396,38.658]},"properties":{"s":23.3,"pub":true}},{"type":"Feature","geometry":{"type":"Point","coordinates":[-108.7396,38.6754]},"properties":{"s":86.7,"pub":true}},{"type":"Feature","geometry":{"type":"Point","coordinates":[-108.7396,38.6812]},"properties":{"s":86.7,"pub":true}},{"type":"Feature","geometry":{"type":"Point","coordinates":[-108.7396,38.687]},"properties":{"s":86.7,"pub":true}},{"type":"Feature","geometry":{"type":"Point","coordinates":[-108.7396,38.6928]},"properties":{"s":86.7,"pub":true}},{"type":"Feature","geometry":{"type":"Point","coordinates":[-108.7396,38.6986]},"properties":{"s":86.7,"pub":true}},{"type":"Feature","geometry":{"type":"Point","coordinates":[-108.7396,38.7044]},"properties":{"s":86.7,"pub":true}},{"type":"Feature","geometry":{"type":"Point","coordinates":[-108.7396,38.7102]},"properties":{"s":86.7,"pub":true}},{"type":"Feature","geometry":{"type":"Point","coordinates":[-108.7396,38.716]},"properties":{"s":86.7,"pub":true}},{"type":"Feature","geometry":{"type":"Point","coordinates":[-108.7396,38.7218]},"properties":{"s":86.7,"pub":true}},{"type":"Feature","geometry":{"type":"Point","coordinates":[-108.7396,38.7276]},"properties":{"s":86.7,"pub":true}},{"type":"Feature","geometry":{"type":"Point","coordinates":[-108.7396,38.7334]},"properties":{"s":46.7,"pub":true}},{"type":"Feature","geometry":{"type":"Point","coordinates":[-108.7396,38.745]},"properties":{"s":30.0,"pub":true}},{"type":"Feature","geometry":{"type":"Point","coordinates":[-108.7396,38.7508]},"properties":{"s":30.0,"pub":true}},{"type":"Feature","geometry":{"type":"Point","coordinates":[-108.7396,38.7566]},"properties":{"s":33.3,"pub":false}},{"type":"Feature","geometry":{"type":"Point","coordinates":[-108.7396,38.7624]},"properties":{"s":33.3,"pub":false}},{"type":"Feature","geometry":{"type":"Point","coordinates":[-108.7321,38.5304]},"properties":{"s":23.3,"pub":true}},{"type":"Feature","geometry":{"type":"Point","coordinates":[-108.7321,38.5362]},"properties":{"s":23.3,"pub":true}},{"type":"Feature","geometry":{"type":"Point","coordinates":[-108.7321,38.542]},"properties":{"s":23.3,"pub":true}},{"type":"Feature","geometry":{"type":"Point","coordinates":[-108.7321,38.5478]},"properties":{"s":23.3,"pub":true}},{"type":"Feature","geometry":{"type":"Point","coordinates":[-108.7321,38.5536]},"properties":{"s":23.3,"pub":true}},{"type":"Feature","geometry":{"type":"Point","coordinates":[-108.7321,38.5594]},"properties":{"s":23.3,"pub":true}},{"type":"Feature","geometry":{"type":"Point","coordinates":[-108.7321,38.5652]},"properties":{"s":23.3,"pub":true}},{"type":"Feature","geometry":{"type":"Point","coordinates":[-108.7321,38.571]},"properties":{"s":23.3,"pub":true}},{"type":"Feature","geometry":{"type":"Point","coordinates":[-108.7321,38.5768]},"properties":{"s":23.3,"pub":true}},{"type":"Feature","geometry":{"type":"Point","coordinates":[-108.7321,38.5826]},"properties":{"s":50.0,"pub":true}},{"type":"Feature","geometry":{"type":"Point","coordinates":[-108.7321,38.5884]},"properties":{"s":50.0,"pub":true}},{"type":"Feature","geometry":{"type":"Point","coordinates":[-108.7321,38.5942]},"properties":{"s":50.0,"pub":true}},{"type":"Feature","geometry":{"type":"Point","coordinates":[-108.7321,38.6]},"properties":{"s":53.3,"pub":true}},{"type":"Feature","geometry":{"type":"Point","coordinates":[-108.7321,38.6058]},"properties":{"s":53.3,"pub":true}},{"type":"Feature","geometry":{"type":"Point","coordinates":[-108.7321,38.6116]},"properties":{"s":53.3,"pub":true}},{"type":"Feature","geometry":{"type":"Point","coordinates":[-108.7321,38.6174]},"properties":{"s":50.0,"pub":true}},{"type":"Feature","geometry":{"type":"Point","coordinates":[-108.7321,38.6232]},"properties":{"s":50.0,"pub":true}},{"type":"Feature","geometry":{"type":"Point","coordinates":[-108.7321,38.629]},"properties":{"s":50.0,"pub":true}},{"type":"Feature","geometry":{"type":"Point","coordinates":[-108.7321,38.6348]},"properties":{"s":23.3,"pub":true}},{"type":"Feature","geometry":{"type":"Point","coordinates":[-108.7321,38.6406]},"properties":{"s":23.3,"pub":true}},{"type":"Feature","geometry":{"type":"Point","coordinates":[-108.7321,38.6464]},"properties":{"s":23.3,"pub":true}},{"type":"Feature","geometry":{"type":"Point","coordinates":[-108.7321,38.6522]},"properties":{"s":23.3,"pub":true}},{"type":"Feature","geometry":{"type":"Point","coordinates":[-108.7321,38.6696]},"properties":{"s":86.7,"pub":true}},{"type":"Feature","geometry":{"type":"Point","coordinates":[-108.7321,38.6754]},"properties":{"s":86.7,"pub":true}},{"type":"Feature","geometry":{"type":"Point","coordinates":[-108.7321,38.6812]},"properties":{"s":86.7,"pub":true}},{"type":"Feature","geometry":{"type":"Point","coordinates":[-108.7321,38.687]},"properties":{"s":86.7,"pub":true}},{"type":"Feature","geometry":{"type":"Point","coordinates":[-108.7321,38.6928]},"properties":{"s":86.7,"pub":true}},{"type":"Feature","geometry":{"type":"Point","coordinates":[-108.7321,38.6986]},"properties":{"s":86.7,"pub":true}},{"type":"Feature","geometry":{"type":"Point","coordinates":[-108.7321,38.7044]},"properties":{"s":86.7,"pub":true}},{"type":"Feature","geometry":{"type":"Point","coordinates":[-108.7321,38.7102]},"properties":{"s":86.7,"pub":true}},{"type":"Feature","geometry":{"type":"Point","coordinates":[-108.7321,38.716]},"properties":{"s":86.7,"pub":true}},{"type":"Feature","geometry":{"type":"Point","coordinates":[-108.7321,38.7218]},"properties":{"s":86.7,"pub":true}},{"type":"Feature","geometry":{"type":"Point","coordinates":[-108.7321,38.7276]},"properties":{"s":86.7,"pub":true}},{"type":"Feature","geometry":{"type":"Point","coordinates":[-108.7321,38.7334]},"properties":{"s":86.7,"pub":true}},{"type":"Feature","geometry":{"type":"Point","coordinates":[-108.7321,38.7392]},"properties":{"s":46.7,"pub":true}},{"type":"Feature","geometry":{"type":"Point","coordinates":[-108.7321,38.745]},"properties":{"s":30.0,"pub":true}},{"type":"Feature","geometry":{"type":"Point","coordinates":[-108.7321,38.7508]},"properties":{"s":30.0,"pub":true}},{"type":"Feature","geometry":{"type":"Point","coordinates":[-108.7321,38.7566]},"properties":{"s":30.0,"pub":true}},{"type":"Feature","geometry":{"type":"Point","coordinates":[-108.7321,38.7624]},"properties":{"s":33.3,"pub":true}},{"type":"Feature","geometry":{"type":"Point","coordinates":[-108.7321,38.7682]},"properties":{"s":33.3,"pub":true}},{"type":"Feature","geometry":{"type":"Point","coordinates":[-108.7246,38.5188]},"properties":{"s":23.3,"pub":true}},{"type":"Feature","geometry":{"type":"Point","coordinates":[-108.7246,38.5246]},"properties":{"s":23.3,"pub":true}},{"type":"Feature","geometry":{"type":"Point","coordinates":[-108.7246,38.5304]},"properties":{"s":23.3,"pub":true}},{"type":"Feature","geometry":{"type":"Point","coordinates":[-108.7246,38.5362]},"properties":{"s":23.3,"pub":true}},{"type":"Feature","geometry":{"type":"Point","coordinates":[-108.7246,38.542]},"properties":{"s":23.3,"pub":true}},{"type":"Feature","geometry":{"type":"Point","coordinates":[-108.7246,38.5478]},"properties":{"s":23.3,"pub":true}},{"type":"Feature","geometry":{"type":"Point","coordinates":[-108.7246,38.5536]},"properties":{"s":23.3,"pub":true}},{"type":"Feature","geometry":{"type":"Point","coordinates":[-108.7246,38.5594]},"properties":{"s":23.3,"pub":true}},{"type":"Feature","geometry":{"type":"Point","coordinates":[-108.7246,38.5652]},"properties":{"s":23.3,"pub":true}},{"type":"Feature","geometry":{"type":"Point","coordinates":[-108.7246,38.571]},"properties":{"s":23.3,"pub":true}},{"type":"Feature","geometry":{"type":"Point","coordinates":[-108.7246,38.5768]},"properties":{"s":23.3,"pub":true}},{"type":"Feature","geometry":{"type":"Point","coordinates":[-108.7246,38.5826]},"properties":{"s":50.0,"pub":true}},{"type":"Feature","geometry":{"type":"Point","coordinates":[-108.7246,38.5884]},"properties":{"s":50.0,"pub":true}},{"type":"Feature","geometry":{"type":"Point","coordinates":[-108.7246,38.5942]},"properties":{"s":50.0,"pub":true}},{"type":"Feature","geometry":{"type":"Point","coordinates":[-108.7246,38.6]},"properties":{"s":50.0,"pub":true}},{"type":"Feature","geometry":{"type":"Point","coordinates":[-108.7246,38.6058]},"properties":{"s":53.3,"pub":true}},{"type":"Feature","geometry":{"type":"Point","coordinates":[-108.7246,38.6116]},"properties":{"s":50.0,"pub":true}},{"type":"Feature","geometry":{"type":"Point","coordinates":[-108.7246,38.6174]},"properties":{"s":50.0,"pub":true}},{"type":"Feature","geometry":{"type":"Point","coordinates":[-108.7246,38.6232]},"properties":{"s":50.0,"pub":true}},{"type":"Feature","geometry":{"type":"Point","coordinates":[-108.7246,38.629]},"properties":{"s":50.0,"pub":true}},{"type":"Feature","geometry":{"type":"Point","coordinates":[-108.7246,38.6348]},"properties":{"s":90.0,"pub":true}},{"type":"Feature","geometry":{"type":"Point","coordinates":[-108.7246,38.6406]},"properties":{"s":63.3,"pub":true}},{"type":"Feature","geometry":{"type":"Point","coordinates":[-108.7246,38.6464]},"properties":{"s":86.7,"pub":true}},{"type":"Feature","geometry":{"type":"Point","coordinates":[-108.7246,38.6522]},"properties":{"s":86.7,"pub":true}},{"type":"Feature","geometry":{"type":"Point","coordinates":[-108.7246,38.658]},"properties":{"s":86.7,"pub":true}},{"type":"Feature","geometry":{"type":"Point","coordinates":[-108.7246,38.6638]},"properties":{"s":86.7,"pub":true}},{"type":"Feature","geometry":{"type":"Point","coordinates":[-108.7246,38.6696]},"properties":{"s":86.7,"pub":true}},{"type":"Feature","geometry":{"type":"Point","coordinates":[-108.7246,38.6754]},"properties":{"s":86.7,"pub":true}},{"type":"Feature","geometry":{"type":"Point","coordinates":[-108.7246,38.6812]},"properties":{"s":86.7,"pub":true}},{"type":"Feature","geometry":{"type":"Point","coordinates":[-108.7246,38.687]},"properties":{"s":86.7,"pub":true}},{"type":"Feature","geometry":{"type":"Point","coordinates":[-108.7246,38.6928]},"properties":{"s":86.7,"pub":true}},{"type":"Feature","geometry":{"type":"Point","coordinates":[-108.7246,38.6986]},"properties":{"s":86.7,"pub":true}},{"type":"Feature","geometry":{"type":"Point","coordinates":[-108.7246,38.7044]},"properties":{"s":86.7,"pub":true}},{"type":"Feature","geometry":{"type":"Point","coordinates":[-108.7246,38.7102]},"properties":{"s":86.7,"pub":true}},{"type":"Feature","geometry":{"type":"Point","coordinates":[-108.7246,38.716]},"properties":{"s":86.7,"pub":true}},{"type":"Feature","geometry":{"type":"Point","coordinates":[-108.7246,38.7218]},"properties":{"s":86.7,"pub":true}},{"type":"Feature","geometry":{"type":"Point","coordinates":[-108.7246,38.7276]},"properties":{"s":86.7,"pub":true}},{"type":"Feature","geometry":{"type":"Point","coordinates":[-108.7246,38.7334]},"properties":{"s":86.7,"pub":true}},{"type":"Feature","geometry":{"type":"Point","coordinates":[-108.7246,38.7392]},"properties":{"s":86.7,"pub":true}},{"type":"Feature","geometry":{"type":"Point","coordinates":[-108.7246,38.745]},"properties":{"s":60.0,"pub":true}},{"type":"Feature","geometry":{"type":"Point","coordinates":[-108.7246,38.7508]},"properties":{"s":70.0,"pub":true}},{"type":"Feature","geometry":{"type":"Point","coordinates":[-108.7246,38.7566]},"properties":{"s":30.0,"pub":true}},{"type":"Feature","geometry":{"type":"Point","coordinates":[-108.7246,38.7624]},"properties":{"s":30.0,"pub":true}},{"type":"Feature","geometry":{"type":"Point","coordinates":[-108.7246,38.7682]},"properties":{"s":33.3,"pub":true}},{"type":"Feature","geometry":{"type":"Point","coordinates":[-108.7246,38.774]},"properties":{"s":60.0,"pub":false}},{"type":"Feature","geometry":{"type":"Point","coordinates":[-108.7171,38.5014]},"properties":{"s":23.3,"pub":true}},{"type":"Feature","geometry":{"type":"Point","coordinates":[-108.7171,38.5072]},"properties":{"s":23.3,"pub":true}},{"type":"Feature","geometry":{"type":"Point","coordinates":[-108.7171,38.513]},"properties":{"s":23.3,"pub":true}},{"type":"Feature","geometry":{"type":"Point","coordinates":[-108.7171,38.5188]},"properties":{"s":23.3,"pub":true}},{"type":"Feature","geometry":{"type":"Point","coordinates":[-108.7171,38.5246]},"properties":{"s":23.3,"pub":true}},{"type":"Feature","geometry":{"type":"Point","coordinates":[-108.7171,38.5304]},"properties":{"s":23.3,"pub":true}},{"type":"Feature","geometry":{"type":"Point","coordinates":[-108.7171,38.5362]},"properties":{"s":23.3,"pub":true}},{"type":"Feature","geometry":{"type":"Point","coordinates":[-108.7171,38.542]},"properties":{"s":23.3,"pub":true}},{"type":"Feature","geometry":{"type":"Point","coordinates":[-108.7171,38.5478]},"properties":{"s":23.3,"pub":true}},{"type":"Feature","geometry":{"type":"Point","coordinates":[-108.7171,38.5536]},"properties":{"s":23.3,"pub":true}},{"type":"Feature","geometry":{"type":"Point","coordinates":[-108.7171,38.5594]},"properties":{"s":23.3,"pub":true}},{"type":"Feature","geometry":{"type":"Point","coordinates":[-108.7171,38.5652]},"properties":{"s":23.3,"pub":true}},{"type":"Feature","geometry":{"type":"Point","coordinates":[-108.7171,38.571]},"properties":{"s":23.3,"pub":true}},{"type":"Feature","geometry":{"type":"Point","coordinates":[-108.7171,38.5768]},"properties":{"s":23.3,"pub":true}},{"type":"Feature","geometry":{"type":"Point","coordinates":[-108.7171,38.5826]},"properties":{"s":23.3,"pub":true}},{"type":"Feature","geometry":{"type":"Point","coordinates":[-108.7171,38.5884]},"properties":{"s":50.0,"pub":true}},{"type":"Feature","geometry":{"type":"Point","coordinates":[-108.7171,38.5942]},"properties":{"s":50.0,"pub":true}},{"type":"Feature","geometry":{"type":"Point","coordinates":[-108.7171,38.6]},"properties":{"s":50.0,"pub":true}},{"type":"Feature","geometry":{"type":"Point","coordinates":[-108.7171,38.6058]},"properties":{"s":46.7,"pub":true}},{"type":"Feature","geometry":{"type":"Point","coordinates":[-108.7171,38.6116]},"properties":{"s":46.7,"pub":true}},{"type":"Feature","geometry":{"type":"Point","coordinates":[-108.7171,38.6174]},"properties":{"s":46.7,"pub":true}},{"type":"Feature","geometry":{"type":"Point","coordinates":[-108.7171,38.6232]},"properties":{"s":86.7,"pub":true}},{"type":"Feature","geometry":{"type":"Point","coordinates":[-108.7171,38.629]},"properties":{"s":86.7,"pub":true}},{"type":"Feature","geometry":{"type":"Point","coordinates":[-108.7171,38.6348]},"properties":{"s":86.7,"pub":true}},{"type":"Feature","geometry":{"type":"Point","coordinates":[-108.7171,38.6406]},"properties":{"s":86.7,"pub":true}},{"type":"Feature","geometry":{"type":"Point","coordinates":[-108.7171,38.6464]},"properties":{"s":86.7,"pub":true}},{"type":"Feature","geometry":{"type":"Point","coordinates":[-108.7171,38.6522]},"properties":{"s":86.7,"pub":true}},{"type":"Feature","geometry":{"type":"Point","coordinates":[-108.7171,38.658]},"properties":{"s":86.7,"pub":true}},{"type":"Feature","geometry":{"type":"Point","coordinates":[-108.7171,38.6638]},"properties":{"s":86.7,"pub":true}},{"type":"Feature","geometry":{"type":"Point","coordinates":[-108.7171,38.6696]},"properties":{"s":86.7,"pub":true}},{"type":"Feature","geometry":{"type":"Point","coordinates":[-108.7171,38.6754]},"properties":{"s":86.7,"pub":true}},{"type":"Feature","geometry":{"type":"Point","coordinates":[-108.7171,38.6812]},"properties":{"s":86.7,"pub":true}},{"type":"Feature","geometry":{"type":"Point","coordinates":[-108.7171,38.687]},"properties":{"s":86.7,"pub":true}},{"type":"Feature","geometry":{"type":"Point","coordinates":[-108.7171,38.6928]},"properties":{"s":86.7,"pub":true}},{"type":"Feature","geometry":{"type":"Point","coordinates":[-108.7171,38.6986]},"properties":{"s":86.7,"pub":true}},{"type":"Feature","geometry":{"type":"Point","coordinates":[-108.7171,38.7044]},"properties":{"s":86.7,"pub":true}},{"type":"Feature","geometry":{"type":"Point","coordinates":[-108.7171,38.7102]},"properties":{"s":86.7,"pub":true}},{"type":"Feature","geometry":{"type":"Point","coordinates":[-108.7171,38.716]},"properties":{"s":86.7,"pub":true}},{"type":"Feature","geometry":{"type":"Point","coordinates":[-108.7171,38.7218]},"properties":{"s":86.7,"pub":true}},{"type":"Feature","geometry":{"type":"Point","coordinates":[-108.7171,38.7276]},"properties":{"s":86.7,"pub":true}},{"type":"Feature","geometry":{"type":"Point","coordinates":[-108.7171,38.7334]},"properties":{"s":86.7,"pub":true}},{"type":"Feature","geometry":{"type":"Point","coordinates":[-108.7171,38.7392]},"properties":{"s":86.7,"pub":true}},{"type":"Feature","geometry":{"type":"Point","coordinates":[-108.7171,38.745]},"properties":{"s":86.7,"pub":true}},{"type":"Feature","geometry":{"type":"Point","coordinates":[-108.7171,38.7508]},"properties":{"s":70.0,"pub":true}},{"type":"Feature","geometry":{"type":"Point","coordinates":[-108.7171,38.7566]},"properties":{"s":70.0,"pub":true}},{"type":"Feature","geometry":{"type":"Point","coordinates":[-108.7171,38.7682]},"properties":{"s":56.7,"pub":true}},{"type":"Feature","geometry":{"type":"Point","coordinates":[-108.7171,38.774]},"properties":{"s":60.0,"pub":true}},{"type":"Feature","geometry":{"type":"Point","coordinates":[-108.7171,38.7798]},"properties":{"s":100.0,"pub":false}},{"type":"Feature","geometry":{"type":"Point","coordinates":[-108.7096,38.4898]},"properties":{"s":23.3,"pub":true}},{"type":"Feature","geometry":{"type":"Point","coordinates":[-108.7096,38.4956]},"properties":{"s":23.3,"pub":true}},{"type":"Feature","geometry":{"type":"Point","coordinates":[-108.7096,38.5014]},"properties":{"s":23.3,"pub":true}},{"type":"Feature","geometry":{"type":"Point","coordinates":[-108.7096,38.5072]},"properties":{"s":23.3,"pub":true}},{"type":"Feature","geometry":{"type":"Point","coordinates":[-108.7096,38.513]},"properties":{"s":23.3,"pub":true}},{"type":"Feature","geometry":{"type":"Point","coordinates":[-108.7096,38.5188]},"properties":{"s":23.3,"pub":true}},{"type":"Feature","geometry":{"type":"Point","coordinates":[-108.7096,38.5246]},"properties":{"s":23.3,"pub":true}},{"type":"Feature","geometry":{"type":"Point","coordinates":[-108.7096,38.5304]},"properties":{"s":23.3,"pub":true}},{"type":"Feature","geometry":{"type":"Point","coordinates":[-108.7096,38.5362]},"properties":{"s":23.3,"pub":true}},{"type":"Feature","geometry":{"type":"Point","coordinates":[-108.7096,38.542]},"properties":{"s":23.3,"pub":true}},{"type":"Feature","geometry":{"type":"Point","coordinates":[-108.7096,38.5478]},"properties":{"s":23.3,"pub":true}},{"type":"Feature","geometry":{"type":"Point","coordinates":[-108.7096,38.5536]},"properties":{"s":23.3,"pub":true}},{"type":"Feature","geometry":{"type":"Point","coordinates":[-108.7096,38.5594]},"properties":{"s":90.0,"pub":true}},{"type":"Feature","geometry":{"type":"Point","coordinates":[-108.7096,38.5652]},"properties":{"s":63.3,"pub":true}},{"type":"Feature","geometry":{"type":"Point","coordinates":[-108.7096,38.571]},"properties":{"s":63.3,"pub":true}},{"type":"Feature","geometry":{"type":"Point","coordinates":[-108.7096,38.5768]},"properties":{"s":90.0,"pub":true}},{"type":"Feature","geometry":{"type":"Point","coordinates":[-108.7096,38.5826]},"properties":{"s":90.0,"pub":true}},{"type":"Feature","geometry":{"type":"Point","coordinates":[-108.7096,38.5884]},"properties":{"s":86.7,"pub":true}},{"type":"Feature","geometry":{"type":"Point","coordinates":[-108.7096,38.5942]},"properties":{"s":90.0,"pub":true}},{"type":"Feature","geometry":{"type":"Point","coordinates":[-108.7096,38.6]},"properties":{"s":90.0,"pub":true}},{"type":"Feature","geometry":{"type":"Point","coordinates":[-108.7096,38.6058]},"properties":{"s":86.7,"pub":true}},{"type":"Feature","geometry":{"type":"Point","coordinates":[-108.7096,38.6116]},"properties":{"s":86.7,"pub":true}},{"type":"Feature","geometry":{"type":"Point","coordinates":[-108.7096,38.6174]},"properties":{"s":86.7,"pub":true}},{"type":"Feature","geometry":{"type":"Point","coordinates":[-108.7096,38.6232]},"properties":{"s":86.7,"pub":true}},{"type":"Feature","geometry":{"type":"Point","coordinates":[-108.7096,38.629]},"properties":{"s":86.7,"pub":true}},{"type":"Feature","geometry":{"type":"Point","coordinates":[-108.7096,38.6348]},"properties":{"s":86.7,"pub":true}},{"type":"Feature","geometry":{"type":"Point","coordinates":[-108.7096,38.6406]},"properties":{"s":86.7,"pub":true}},{"type":"Feature","geometry":{"type":"Point","coordinates":[-108.7096,38.6464]},"properties":{"s":86.7,"pub":true}},{"type":"Feature","geometry":{"type":"Point","coordinates":[-108.7096,38.6522]},"properties":{"s":86.7,"pub":true}},{"type":"Feature","geometry":{"type":"Point","coordinates":[-108.7096,38.658]},"properties":{"s":86.7,"pub":true}},{"type":"Feature","geometry":{"type":"Point","coordinates":[-108.7096,38.6638]},"properties":{"s":60.0,"pub":true}},{"type":"Feature","geometry":{"type":"Point","coordinates":[-108.7096,38.6696]},"properties":{"s":60.0,"pub":true}},{"type":"Feature","geometry":{"type":"Point","coordinates":[-108.7096,38.6754]},"properties":{"s":86.7,"pub":true}},{"type":"Feature","geometry":{"type":"Point","coordinates":[-108.7096,38.6812]},"properties":{"s":86.7,"pub":true}},{"type":"Feature","geometry":{"type":"Point","coordinates":[-108.7096,38.687]},"properties":{"s":86.7,"pub":true}},{"type":"Feature","geometry":{"type":"Point","coordinates":[-108.7096,38.6928]},"properties":{"s":86.7,"pub":true}},{"type":"Feature","geometry":{"type":"Point","coordinates":[-108.7096,38.6986]},"properties":{"s":86.7,"pub":true}},{"type":"Feature","geometry":{"type":"Point","coordinates":[-108.7096,38.7044]},"properties":{"s":86.7,"pub":true}},{"type":"Feature","geometry":{"type":"Point","coordinates":[-108.7096,38.7102]},"properties":{"s":86.7,"pub":true}},{"type":"Feature","geometry":{"type":"Point","coordinates":[-108.7096,38.716]},"properties":{"s":86.7,"pub":true}},{"type":"Feature","geometry":{"type":"Point","coordinates":[-108.7096,38.7218]},"properties":{"s":86.7,"pub":true}},{"type":"Feature","geometry":{"type":"Point","coordinates":[-108.7096,38.7276]},"properties":{"s":86.7,"pub":true}},{"type":"Feature","geometry":{"type":"Point","coordinates":[-108.7096,38.7334]},"properties":{"s":86.7,"pub":true}},{"type":"Feature","geometry":{"type":"Point","coordinates":[-108.7096,38.7392]},"properties":{"s":86.7,"pub":true}},{"type":"Feature","geometry":{"type":"Point","coordinates":[-108.7096,38.745]},"properties":{"s":86.7,"pub":true}},{"type":"Feature","geometry":{"type":"Point","coordinates":[-108.7096,38.7508]},"properties":{"s":86.7,"pub":true}},{"type":"Feature","geometry":{"type":"Point","coordinates":[-108.7096,38.7566]},"properties":{"s":86.7,"pub":true}},{"type":"Feature","geometry":{"type":"Point","coordinates":[-108.7096,38.7624]},"properties":{"s":60.0,"pub":true}},{"type":"Feature","geometry":{"type":"Point","coordinates":[-108.7096,38.7682]},"properties":{"s":56.7,"pub":true}},{"type":"Feature","geometry":{"type":"Point","coordinates":[-108.7096,38.774]},"properties":{"s":100.0,"pub":true}},{"type":"Feature","geometry":{"type":"Point","coordinates":[-108.7096,38.7798]},"properties":{"s":100.0,"pub":false}},{"type":"Feature","geometry":{"type":"Point","coordinates":[-108.7021,38.4898]},"properties":{"s":23.3,"pub":true}},{"type":"Feature","geometry":{"type":"Point","coordinates":[-108.7021,38.4956]},"properties":{"s":23.3,"pub":true}},{"type":"Feature","geometry":{"type":"Point","coordinates":[-108.7021,38.5014]},"properties":{"s":23.3,"pub":true}},{"type":"Feature","geometry":{"type":"Point","coordinates":[-108.7021,38.5072]},"properties":{"s":23.3,"pub":true}},{"type":"Feature","geometry":{"type":"Point","coordinates":[-108.7021,38.513]},"properties":{"s":23.3,"pub":true}},{"type":"Feature","geometry":{"type":"Point","coordinates":[-108.7021,38.5188]},"properties":{"s":23.3,"pub":true}},{"type":"Feature","geometry":{"type":"Point","coordinates":[-108.7021,38.5246]},"properties":{"s":23.3,"pub":true}},{"type":"Feature","geometry":{"type":"Point","coordinates":[-108.7021,38.5304]},"properties":{"s":23.3,"pub":true}},{"type":"Feature","geometry":{"type":"Point","coordinates":[-108.7021,38.5362]},"properties":{"s":23.3,"pub":true}},{"type":"Feature","geometry":{"type":"Point","coordinates":[-108.7021,38.542]},"properties":{"s":23.3,"pub":true}},{"type":"Feature","geometry":{"type":"Point","coordinates":[-108.7021,38.5478]},"properties":{"s":50.0,"pub":true}},{"type":"Feature","geometry":{"type":"Point","coordinates":[-108.7021,38.5536]},"properties":{"s":90.0,"pub":true}},{"type":"Feature","geometry":{"type":"Point","coordinates":[-108.7021,38.5594]},"properties":{"s":63.3,"pub":true}},{"type":"Feature","geometry":{"type":"Point","coordinates":[-108.7021,38.5652]},"properties":{"s":63.3,"pub":true}},{"type":"Feature","geometry":{"type":"Point","coordinates":[-108.7021,38.571]},"properties":{"s":63.3,"pub":true}},{"type":"Feature","geometry":{"type":"Point","coordinates":[-108.7021,38.5768]},"properties":{"s":86.7,"pub":true}},{"type":"Feature","geometry":{"type":"Point","coordinates":[-108.7021,38.5826]},"properties":{"s":86.7,"pub":true}},{"type":"Feature","geometry":{"type":"Point","coordinates":[-108.7021,38.5884]},"properties":{"s":90.0,"pub":true}},{"type":"Feature","geometry":{"type":"Point","coordinates":[-108.7021,38.5942]},"properties":{"s":90.0,"pub":true}},{"type":"Feature","geometry":{"type":"Point","coordinates":[-108.7021,38.6]},"properties":{"s":90.0,"pub":true}},{"type":"Feature","geometry":{"type":"Point","coordinates":[-108.7021,38.6058]},"properties":{"s":86.7,"pub":true}},{"type":"Feature","geometry":{"type":"Point","coordinates":[-108.7021,38.6116]},"properties":{"s":86.7,"pub":true}},{"type":"Feature","geometry":{"type":"Point","coordinates":[-108.7021,38.6174]},"properties":{"s":86.7,"pub":true}},{"type":"Feature","geometry":{"type":"Point","coordinates":[-108.7021,38.6232]},"properties":{"s":86.7,"pub":true}},{"type":"Feature","geometry":{"type":"Point","coordinates":[-108.7021,38.629]},"properties":{"s":86.7,"pub":true}},{"type":"Feature","geometry":{"type":"Point","coordinates":[-108.7021,38.6348]},"properties":{"s":86.7,"pub":true}},{"type":"Feature","geometry":{"type":"Point","coordinates":[-108.7021,38.6406]},"properties":{"s":60.0,"pub":true}},{"type":"Feature","geometry":{"type":"Point","coordinates":[-108.7021,38.6464]},"properties":{"s":60.0,"pub":true}},{"type":"Feature","geometry":{"type":"Point","coordinates":[-108.7021,38.6522]},"properties":{"s":60.0,"pub":true}},{"type":"Feature","geometry":{"type":"Point","coordinates":[-108.7021,38.658]},"properties":{"s":60.0,"pub":true}},{"type":"Feature","geometry":{"type":"Point","coordinates":[-108.7021,38.6696]},"properties":{"s":60.0,"pub":true}},{"type":"Feature","geometry":{"type":"Point","coordinates":[-108.7021,38.6754]},"properties":{"s":60.0,"pub":true}},{"type":"Feature","geometry":{"type":"Point","coordinates":[-108.7021,38.6812]},"properties":{"s":60.0,"pub":true}},{"type":"Feature","geometry":{"type":"Point","coordinates":[-108.7021,38.687]},"properties":{"s":86.7,"pub":true}},{"type":"Feature","geometry":{"type":"Point","coordinates":[-108.7021,38.6928]},"properties":{"s":86.7,"pub":true}},{"type":"Feature","geometry":{"type":"Point","coordinates":[-108.7021,38.6986]},"properties":{"s":86.7,"pub":true}},{"type":"Feature","geometry":{"type":"Point","coordinates":[-108.7021,38.7044]},"properties":{"s":86.7,"pub":true}},{"type":"Feature","geometry":{"type":"Point","coordinates":[-108.7021,38.7102]},"properties":{"s":86.7,"pub":true}},{"type":"Feature","geometry":{"type":"Point","coordinates":[-108.7021,38.716]},"properties":{"s":86.7,"pub":true}},{"type":"Feature","geometry":{"type":"Point","coordinates":[-108.7021,38.7218]},"properties":{"s":86.7,"pub":true}},{"type":"Feature","geometry":{"type":"Point","coordinates":[-108.7021,38.7276]},"properties":{"s":86.7,"pub":true}},{"type":"Feature","geometry":{"type":"Point","coordinates":[-108.7021,38.7334]},"properties":{"s":86.7,"pub":true}},{"type":"Feature","geometry":{"type":"Point","coordinates":[-108.7021,38.7392]},"properties":{"s":86.7,"pub":true}},{"type":"Feature","geometry":{"type":"Point","coordinates":[-108.7021,38.745]},"properties":{"s":86.7,"pub":true}},{"type":"Feature","geometry":{"type":"Point","coordinates":[-108.7021,38.7508]},"properties":{"s":86.7,"pub":true}},{"type":"Feature","geometry":{"type":"Point","coordinates":[-108.7021,38.7566]},"properties":{"s":86.7,"pub":true}},{"type":"Feature","geometry":{"type":"Point","coordinates":[-108.7021,38.7624]},"properties":{"s":86.7,"pub":true}},{"type":"Feature","geometry":{"type":"Point","coordinates":[-108.7021,38.7682]},"properties":{"s":46.7,"pub":true}},{"type":"Feature","geometry":{"type":"Point","coordinates":[-108.7021,38.774]},"properties":{"s":100.0,"pub":true}},{"type":"Feature","geometry":{"type":"Point","coordinates":[-108.7021,38.7798]},"properties":{"s":100.0,"pub":false}},{"type":"Feature","geometry":{"type":"Point","coordinates":[-108.7021,38.7856]},"properties":{"s":100.0,"pub":false}},{"type":"Feature","geometry":{"type":"Point","coordinates":[-108.6946,38.484]},"properties":{"s":23.3,"pub":true}},{"type":"Feature","geometry":{"type":"Point","coordinates":[-108.6946,38.4898]},"properties":{"s":23.3,"pub":true}},{"type":"Feature","geometry":{"type":"Point","coordinates":[-108.6946,38.4956]},"properties":{"s":23.3,"pub":true}},{"type":"Feature","geometry":{"type":"Point","coordinates":[-108.6946,38.5014]},"properties":{"s":23.3,"pub":true}},{"type":"Feature","geometry":{"type":"Point","coordinates":[-108.6946,38.5072]},"properties":{"s":23.3,"pub":true}},{"type":"Feature","geometry":{"type":"Point","coordinates":[-108.6946,38.513]},"properties":{"s":23.3,"pub":true}},{"type":"Feature","geometry":{"type":"Point","coordinates":[-108.6946,38.5188]},"properties":{"s":23.3,"pub":true}},{"type":"Feature","geometry":{"type":"Point","coordinates":[-108.6946,38.5246]},"properties":{"s":23.3,"pub":true}},{"type":"Feature","geometry":{"type":"Point","coordinates":[-108.6946,38.5304]},"properties":{"s":23.3,"pub":false}},{"type":"Feature","geometry":{"type":"Point","coordinates":[-108.6946,38.5362]},"properties":{"s":50.0,"pub":true}},{"type":"Feature","geometry":{"type":"Point","coordinates":[-108.6946,38.542]},"properties":{"s":50.0,"pub":true}},{"type":"Feature","geometry":{"type":"Point","coordinates":[-108.6946,38.5478]},"properties":{"s":90.0,"pub":true}},{"type":"Feature","geometry":{"type":"Point","coordinates":[-108.6946,38.5536]},"properties":{"s":63.3,"pub":true}},{"type":"Feature","geometry":{"type":"Point","coordinates":[-108.6946,38.5594]},"properties":{"s":63.3,"pub":true}},{"type":"Feature","geometry":{"type":"Point","coordinates":[-108.6946,38.5652]},"properties":{"s":63.3,"pub":true}},{"type":"Feature","geometry":{"type":"Point","coordinates":[-108.6946,38.571]},"properties":{"s":63.3,"pub":true}},{"type":"Feature","geometry":{"type":"Point","coordinates":[-108.6946,38.5768]},"properties":{"s":60.0,"pub":true}},{"type":"Feature","geometry":{"type":"Point","coordinates":[-108.6946,38.5826]},"properties":{"s":86.7,"pub":true}},{"type":"Feature","geometry":{"type":"Point","coordinates":[-108.6946,38.5884]},"properties":{"s":90.0,"pub":true}},{"type":"Feature","geometry":{"type":"Point","coordinates":[-108.6946,38.5942]},"properties":{"s":90.0,"pub":true}},{"type":"Feature","geometry":{"type":"Point","coordinates":[-108.6946,38.6]},"properties":{"s":90.0,"pub":true}},{"type":"Feature","geometry":{"type":"Point","coordinates":[-108.6946,38.6058]},"properties":{"s":86.7,"pub":true}},{"type":"Feature","geometry":{"type":"Point","coordinates":[-108.6946,38.6116]},"properties":{"s":86.7,"pub":true}},{"type":"Feature","geometry":{"type":"Point","coordinates":[-108.6946,38.6174]},"properties":{"s":86.7,"pub":true}},{"type":"Feature","geometry":{"type":"Point","coordinates":[-108.6946,38.6232]},"properties":{"s":86.7,"pub":true}},{"type":"Feature","geometry":{"type":"Point","coordinates":[-108.6946,38.629]},"properties":{"s":60.0,"pub":true}},{"type":"Feature","geometry":{"type":"Point","coordinates":[-108.6946,38.6348]},"properties":{"s":60.0,"pub":true}},{"type":"Feature","geometry":{"type":"Point","coordinates":[-108.6946,38.6406]},"properties":{"s":60.0,"pub":true}},{"type":"Feature","geometry":{"type":"Point","coordinates":[-108.6946,38.6464]},"properties":{"s":60.0,"pub":true}},{"type":"Feature","geometry":{"type":"Point","coordinates":[-108.6946,38.6986]},"properties":{"s":46.7,"pub":true}},{"type":"Feature","geometry":{"type":"Point","coordinates":[-108.6946,38.7044]},"properties":{"s":46.7,"pub":true}},{"type":"Feature","geometry":{"type":"Point","coordinates":[-108.6946,38.7102]},"properties":{"s":86.7,"pub":true}},{"type":"Feature","geometry":{"type":"Point","coordinates":[-108.6946,38.716]},"properties":{"s":86.7,"pub":true}},{"type":"Feature","geometry":{"type":"Point","coordinates":[-108.6946,38.7218]},"properties":{"s":86.7,"pub":true}},{"type":"Feature","geometry":{"type":"Point","coordinates":[-108.6946,38.7276]},"properties":{"s":86.7,"pub":true}},{"type":"Feature","geometry":{"type":"Point","coordinates":[-108.6946,38.7334]},"properties":{"s":86.7,"pub":true}},{"type":"Feature","geometry":{"type":"Point","coordinates":[-108.6946,38.7392]},"properties":{"s":86.7,"pub":true}},{"type":"Feature","geometry":{"type":"Point","coordinates":[-108.6946,38.745]},"properties":{"s":86.7,"pub":true}},{"type":"Feature","geometry":{"type":"Point","coordinates":[-108.6946,38.7508]},"properties":{"s":86.7,"pub":true}},{"type":"Feature","geometry":{"type":"Point","coordinates":[-108.6946,38.7566]},"properties":{"s":86.7,"pub":true}},{"type":"Feature","geometry":{"type":"Point","coordinates":[-108.6946,38.7624]},"properties":{"s":86.7,"pub":true}},{"type":"Feature","geometry":{"type":"Point","coordinates":[-108.6946,38.7682]},"properties":{"s":86.7,"pub":true}},{"type":"Feature","geometry":{"type":"Point","coordinates":[-108.6946,38.774]},"properties":{"s":56.7,"pub":true}},{"type":"Feature","geometry":{"type":"Point","coordinates":[-108.6946,38.7798]},"properties":{"s":100.0,"pub":false}},{"type":"Feature","geometry":{"type":"Point","coordinates":[-108.6871,38.4782]},"properties":{"s":23.3,"pub":true}},{"type":"Feature","geometry":{"type":"Point","coordinates":[-108.6871,38.484]},"properties":{"s":23.3,"pub":true}},{"type":"Feature","geometry":{"type":"Point","coordinates":[-108.6871,38.4898]},"properties":{"s":23.3,"pub":true}},{"type":"Feature","geometry":{"type":"Point","coordinates":[-108.6871,38.4956]},"properties":{"s":23.3,"pub":true}},{"type":"Feature","geometry":{"type":"Point","coordinates":[-108.6871,38.5014]},"properties":{"s":23.3,"pub":true}},{"type":"Feature","geometry":{"type":"Point","coordinates":[-108.6871,38.5072]},"properties":{"s":23.3,"pub":true}},{"type":"Feature","geometry":{"type":"Point","coordinates":[-108.6871,38.513]},"properties":{"s":23.3,"pub":true}},{"type":"Feature","geometry":{"type":"Point","coordinates":[-108.6871,38.5188]},"properties":{"s":63.3,"pub":true}},{"type":"Feature","geometry":{"type":"Point","coordinates":[-108.6871,38.5246]},"properties":{"s":63.3,"pub":true}},{"type":"Feature","geometry":{"type":"Point","coordinates":[-108.6871,38.5304]},"properties":{"s":90.0,"pub":false}},{"type":"Feature","geometry":{"type":"Point","coordinates":[-108.6871,38.5362]},"properties":{"s":90.0,"pub":true}},{"type":"Feature","geometry":{"type":"Point","coordinates":[-108.6871,38.542]},"properties":{"s":90.0,"pub":true}},{"type":"Feature","geometry":{"type":"Point","coordinates":[-108.6871,38.5478]},"properties":{"s":63.3,"pub":true}},{"type":"Feature","geometry":{"type":"Point","coordinates":[-108.6871,38.5536]},"properties":{"s":90.0,"pub":true}},{"type":"Feature","geometry":{"type":"Point","coordinates":[-108.6871,38.5594]},"properties":{"s":90.0,"pub":true}},{"type":"Feature","geometry":{"type":"Point","coordinates":[-108.6871,38.5652]},"properties":{"s":86.7,"pub":true}},{"type":"Feature","geometry":{"type":"Point","coordinates":[-108.6871,38.571]},"properties":{"s":86.7,"pub":true}},{"type":"Feature","geometry":{"type":"Point","coordinates":[-108.6871,38.5768]},"properties":{"s":90.0,"pub":true}},{"type":"Feature","geometry":{"type":"Point","coordinates":[-108.6871,38.5826]},"properties":{"s":63.3,"pub":true}},{"type":"Feature","geometry":{"type":"Point","coordinates":[-108.6871,38.5884]},"properties":{"s":90.0,"pub":true}},{"type":"Feature","geometry":{"type":"Point","coordinates":[-108.6871,38.5942]},"properties":{"s":90.0,"pub":true}},{"type":"Feature","geometry":{"type":"Point","coordinates":[-108.6871,38.6]},"properties":{"s":90.0,"pub":true}},{"type":"Feature","geometry":{"type":"Point","coordinates":[-108.6871,38.6058]},"properties":{"s":86.7,"pub":true}},{"type":"Feature","geometry":{"type":"Point","coordinates":[-108.6871,38.6116]},"properties":{"s":86.7,"pub":true}},{"type":"Feature","geometry":{"type":"Point","coordinates":[-108.6871,38.6174]},"properties":{"s":86.7,"pub":true}},{"type":"Feature","geometry":{"type":"Point","coordinates":[-108.6871,38.6232]},"properties":{"s":60.0,"pub":true}},{"type":"Feature","geometry":{"type":"Point","coordinates":[-108.6871,38.629]},"properties":{"s":60.0,"pub":true}},{"type":"Feature","geometry":{"type":"Point","coordinates":[-108.6871,38.6348]},"properties":{"s":60.0,"pub":true}},{"type":"Feature","geometry":{"type":"Point","coordinates":[-108.6871,38.6406]},"properties":{"s":60.0,"pub":true}},{"type":"Feature","geometry":{"type":"Point","coordinates":[-108.6871,38.6464]},"properties":{"s":60.0,"pub":true}},{"type":"Feature","geometry":{"type":"Point","coordinates":[-108.6871,38.6986]},"properties":{"s":46.7,"pub":true}},{"type":"Feature","geometry":{"type":"Point","coordinates":[-108.6871,38.7044]},"properties":{"s":46.7,"pub":true}},{"type":"Feature","geometry":{"type":"Point","coordinates":[-108.6871,38.7102]},"properties":{"s":86.7,"pub":true}},{"type":"Feature","geometry":{"type":"Point","coordinates":[-108.6871,38.716]},"properties":{"s":86.7,"pub":true}},{"type":"Feature","geometry":{"type":"Point","coordinates":[-108.6871,38.7218]},"properties":{"s":86.7,"pub":true}},{"type":"Feature","geometry":{"type":"Point","coordinates":[-108.6871,38.7276]},"properties":{"s":86.7,"pub":true}},{"type":"Feature","geometry":{"type":"Point","coordinates":[-108.6871,38.7334]},"properties":{"s":86.7,"pub":true}},{"type":"Feature","geometry":{"type":"Point","coordinates":[-108.6871,38.7392]},"properties":{"s":86.7,"pub":true}},{"type":"Feature","geometry":{"type":"Point","coordinates":[-108.6871,38.745]},"properties":{"s":86.7,"pub":true}},{"type":"Feature","geometry":{"type":"Point","coordinates":[-108.6871,38.7508]},"properties":{"s":86.7,"pub":true}},{"type":"Feature","geometry":{"type":"Point","coordinates":[-108.6871,38.7566]},"properties":{"s":86.7,"pub":true}},{"type":"Feature","geometry":{"type":"Point","coordinates":[-108.6871,38.7624]},"properties":{"s":86.7,"pub":true}},{"type":"Feature","geometry":{"type":"Point","coordinates":[-108.6871,38.7682]},"properties":{"s":86.7,"pub":true}},{"type":"Feature","geometry":{"type":"Point","coordinates":[-108.6871,38.774]},"properties":{"s":56.7,"pub":true}},{"type":"Feature","geometry":{"type":"Point","coordinates":[-108.6871,38.7798]},"properties":{"s":100.0,"pub":false}},{"type":"Feature","geometry":{"type":"Point","coordinates":[-108.6796,38.4782]},"properties":{"s":23.3,"pub":true}},{"type":"Feature","geometry":{"type":"Point","coordinates":[-108.6796,38.484]},"properties":{"s":23.3,"pub":true}},{"type":"Feature","geometry":{"type":"Point","coordinates":[-108.6796,38.4898]},"properties":{"s":23.3,"pub":true}},{"type":"Feature","geometry":{"type":"Point","coordinates":[-108.6796,38.4956]},"properties":{"s":23.3,"pub":true}},{"type":"Feature","geometry":{"type":"Point","coordinates":[-108.6796,38.5014]},"properties":{"s":23.3,"pub":true}},{"type":"Feature","geometry":{"type":"Point","coordinates":[-108.6796,38.5072]},"properties":{"s":23.3,"pub":true}},{"type":"Feature","geometry":{"type":"Point","coordinates":[-108.6796,38.513]},"properties":{"s":63.3,"pub":true}},{"type":"Feature","geometry":{"type":"Point","coordinates":[-108.6796,38.5188]},"properties":{"s":63.3,"pub":true}},{"type":"Feature","geometry":{"type":"Point","coordinates":[-108.6796,38.5246]},"properties":{"s":90.0,"pub":true}},{"type":"Feature","geometry":{"type":"Point","coordinates":[-108.6796,38.5304]},"properties":{"s":90.0,"pub":true}},{"type":"Feature","geometry":{"type":"Point","coordinates":[-108.6796,38.5362]},"properties":{"s":90.0,"pub":true}},{"type":"Feature","geometry":{"type":"Point","coordinates":[-108.6796,38.542]},"properties":{"s":90.0,"pub":true}},{"type":"Feature","geometry":{"type":"Point","coordinates":[-108.6796,38.5478]},"properties":{"s":63.3,"pub":true}},{"type":"Feature","geometry":{"type":"Point","coordinates":[-108.6796,38.5536]},"properties":{"s":90.0,"pub":true}},{"type":"Feature","geometry":{"type":"Point","coordinates":[-108.6796,38.5594]},"properties":{"s":63.3,"pub":true}},{"type":"Feature","geometry":{"type":"Point","coordinates":[-108.6796,38.5652]},"properties":{"s":86.7,"pub":true}},{"type":"Feature","geometry":{"type":"Point","coordinates":[-108.6796,38.571]},"properties":{"s":90.0,"pub":true}},{"type":"Feature","geometry":{"type":"Point","coordinates":[-108.6796,38.5768]},"properties":{"s":90.0,"pub":true}},{"type":"Feature","geometry":{"type":"Point","coordinates":[-108.6796,38.5826]},"properties":{"s":90.0,"pub":true}},{"type":"Feature","geometry":{"type":"Point","coordinates":[-108.6796,38.5884]},"properties":{"s":90.0,"pub":true}},{"type":"Feature","geometry":{"type":"Point","coordinates":[-108.6796,38.5942]},"properties":{"s":63.3,"pub":true}},{"type":"Feature","geometry":{"type":"Point","coordinates":[-108.6796,38.6]},"properties":{"s":60.0,"pub":true}},{"type":"Feature","geometry":{"type":"Point","coordinates":[-108.6796,38.6058]},"properties":{"s":60.0,"pub":true}},{"type":"Feature","geometry":{"type":"Point","coordinates":[-108.6796,38.6116]},"properties":{"s":60.0,"pub":true}},{"type":"Feature","geometry":{"type":"Point","coordinates":[-108.6796,38.6174]},"properties":{"s":60.0,"pub":true}},{"type":"Feature","geometry":{"type":"Point","coordinates":[-108.6796,38.6232]},"properties":{"s":60.0,"pub":true}},{"type":"Feature","geometry":{"type":"Point","coordinates":[-108.6796,38.629]},"properties":{"s":60.0,"pub":true}},{"type":"Feature","geometry":{"type":"Point","coordinates":[-108.6796,38.7044]},"properties":{"s":46.7,"pub":true}},{"type":"Feature","geometry":{"type":"Point","coordinates":[-108.6796,38.7102]},"properties":{"s":86.7,"pub":true}},{"type":"Feature","geometry":{"type":"Point","coordinates":[-108.6796,38.716]},"properties":{"s":86.7,"pub":true}},{"type":"Feature","geometry":{"type":"Point","coordinates":[-108.6796,38.7218]},"properties":{"s":86.7,"pub":true}},{"type":"Feature","geometry":{"type":"Point","coordinates":[-108.6796,38.7276]},"properties":{"s":86.7,"pub":true}},{"type":"Feature","geometry":{"type":"Point","coordinates":[-108.6796,38.7334]},"properties":{"s":86.7,"pub":true}},{"type":"Feature","geometry":{"type":"Point","coordinates":[-108.6796,38.7392]},"properties":{"s":86.7,"pub":true}},{"type":"Feature","geometry":{"type":"Point","coordinates":[-108.6796,38.745]},"properties":{"s":86.7,"pub":true}},{"type":"Feature","geometry":{"type":"Point","coordinates":[-108.6796,38.7508]},"properties":{"s":86.7,"pub":true}},{"type":"Feature","geometry":{"type":"Point","coordinates":[-108.6796,38.7566]},"properties":{"s":86.7,"pub":true}},{"type":"Feature","geometry":{"type":"Point","coordinates":[-108.6796,38.7624]},"properties":{"s":86.7,"pub":true}},{"type":"Feature","geometry":{"type":"Point","coordinates":[-108.6796,38.7682]},"properties":{"s":86.7,"pub":true}},{"type":"Feature","geometry":{"type":"Point","coordinates":[-108.6796,38.774]},"properties":{"s":60.0,"pub":true}},{"type":"Feature","geometry":{"type":"Point","coordinates":[-108.6796,38.7798]},"properties":{"s":100.0,"pub":false}},{"type":"Feature","geometry":{"type":"Point","coordinates":[-108.6721,38.4782]},"properties":{"s":23.3,"pub":true}},{"type":"Feature","geometry":{"type":"Point","coordinates":[-108.6721,38.484]},"properties":{"s":23.3,"pub":true}},{"type":"Feature","geometry":{"type":"Point","coordinates":[-108.6721,38.4898]},"properties":{"s":23.3,"pub":true}},{"type":"Feature","geometry":{"type":"Point","coordinates":[-108.6721,38.4956]},"properties":{"s":23.3,"pub":true}},{"type":"Feature","geometry":{"type":"Point","coordinates":[-108.6721,38.5014]},"properties":{"s":23.3,"pub":true}},{"type":"Feature","geometry":{"type":"Point","coordinates":[-108.6721,38.5072]},"properties":{"s":63.3,"pub":true}},{"type":"Feature","geometry":{"type":"Point","coordinates":[-108.6721,38.513]},"properties":{"s":63.3,"pub":true}},{"type":"Feature","geometry":{"type":"Point","coordinates":[-108.6721,38.5188]},"properties":{"s":63.3,"pub":true}}]}