{"type":"FeatureCollection","features":[{"type":"Feature","geometry":{"type":"Point","coordinates":[-108.6966,38.6565]},"properties":{"s":64.3,"pub":true}},{"type":"Feature","geometry":{"type":"Point","coordinates":[-108.6966,38.6623]},"properties":{"s":64.3,"pub":true}},{"type":"Feature","geometry":{"type":"Point","coordinates":[-108.6966,38.6739]},"properties":{"s":64.3,"pub":true}},{"type":"Feature","geometry":{"type":"Point","coordinates":[-108.6891,38.6507]},"properties":{"s":64.3,"pub":true}},{"type":"Feature","geometry":{"type":"Point","coordinates":[-108.6891,38.6565]},"properties":{"s":64.3,"pub":true}},{"type":"Feature","geometry":{"type":"Point","coordinates":[-108.6891,38.6623]},"properties":{"s":64.3,"pub":true}},{"type":"Feature","geometry":{"type":"Point","coordinates":[-108.6891,38.6681]},"properties":{"s":64.3,"pub":true}},{"type":"Feature","geometry":{"type":"Point","coordinates":[-108.6891,38.6739]},"properties":{"s":21.4,"pub":true}},{"type":"Feature","geometry":{"type":"Point","coordinates":[-108.6891,38.6797]},"properties":{"s":21.4,"pub":true}},{"type":"Feature","geometry":{"type":"Point","coordinates":[-108.6816,38.6391]},"properties":{"s":64.3,"pub":true}},{"type":"Feature","geometry":{"type":"Point","coordinates":[-108.6816,38.6449]},"properties":{"s":64.3,"pub":true}},{"type":"Feature","geometry":{"type":"Point","coordinates":[-108.6816,38.6507]},"properties":{"s":64.3,"pub":true}},{"type":"Feature","geometry":{"type":"Point","coordinates":[-108.6816,38.6565]},"properties":{"s":64.3,"pub":true}},{"type":"Feature","geometry":{"type":"Point","coordinates":[-108.6816,38.6623]},"properties":{"s":64.3,"pub":true}},{"type":"Feature","geometry":{"type":"Point","coordinates":[-108.6816,38.6681]},"properties":{"s":21.4,"pub":true}},{"type":"Feature","geometry":{"type":"Point","coordinates":[-108.6816,38.6739]},"properties":{"s":21.4,"pub":true}},{"type":"Feature","geometry":{"type":"Point","coordinates":[-108.6816,38.6797]},"properties":{"s":21.4,"pub":true}},{"type":"Feature","geometry":{"type":"Point","coordinates":[-108.6816,38.6855]},"properties":{"s":21.4,"pub":true}},{"type":"Feature","geometry":{"type":"Point","coordinates":[-108.6816,38.6913]},"properties":{"s":21.4,"pub":true}},{"type":"Feature","geometry":{"type":"Point","coordinates":[-108.6741,38.6333]},"properties":{"s":64.3,"pub":true}},{"type":"Feature","geometry":{"type":"Point","coordinates":[-108.6741,38.6391]},"properties":{"s":64.3,"pub":true}},{"type":"Feature","geometry":{"type":"Point","coordinates":[-108.6741,38.6449]},"properties":{"s":64.3,"pub":true}},{"type":"Feature","geometry":{"type":"Point","coordinates":[-108.6741,38.6507]},"properties":{"s":64.3,"pub":true}},{"type":"Feature","geometry":{"type":"Point","coordinates":[-108.6741,38.6565]},"properties":{"s":64.3,"pub":true}},{"type":"Feature","geometry":{"type":"Point","coordinates":[-108.6741,38.6623]},"properties":{"s":21.4,"pub":true}},{"type":"Feature","geometry":{"type":"Point","coordinates":[-108.6741,38.6681]},"properties":{"s":21.4,"pub":true}},{"type":"Feature","geometry":{"type":"Point","coordinates":[-108.6741,38.6739]},"properties":{"s":21.4,"pub":true}},{"type":"Feature","geometry":{"type":"Point","coordinates":[-108.6741,38.6797]},"properties":{"s":21.4,"pub":true}},{"type":"Feature","geometry":{"type":"Point","coordinates":[-108.6741,38.6855]},"properties":{"s":21.4,"pub":true}},{"type":"Feature","geometry":{"type":"Point","coordinates":[-108.6741,38.6913]},"properties":{"s":21.4,"pub":true}},{"type":"Feature","geometry":{"type":"Point","coordinates":[-108.6741,38.6971]},"properties":{"s":21.4,"pub":true}},{"type":"Feature","geometry":{"type":"Point","coordinates":[-108.6666,38.6043]},"properties":{"s":64.3,"pub":true}},{"type":"Feature","geometry":{"type":"Point","coordinates":[-108.6666,38.6217]},"properties":{"s":64.3,"pub":true}},{"type":"Feature","geometry":{"type":"Point","coordinates":[-108.6666,38.6275]},"properties":{"s":64.3,"pub":true}},{"type":"Feature","geometry":{"type":"Point","coordinates":[-108.6666,38.6333]},"properties":{"s":64.3,"pub":true}},{"type":"Feature","geometry":{"type":"Point","coordinates":[-108.6666,38.6391]},"properties":{"s":92.9,"pub":true}},{"type":"Feature","geometry":{"type":"Point","coordinates":[-108.6666,38.6449]},"properties":{"s":92.9,"pub":true}},{"type":"Feature","geometry":{"type":"Point","coordinates":[-108.6666,38.6507]},"properties":{"s":92.9,"pub":true}},{"type":"Feature","geometry":{"type":"Point","coordinates":[-108.6666,38.6565]},"properties":{"s":64.3,"pub":true}},{"type":"Feature","geometry":{"type":"Point","coordinates":[-108.6666,38.6623]},"properties":{"s":21.4,"pub":true}},{"type":"Feature","geometry":{"type":"Point","coordinates":[-108.6666,38.6681]},"properties":{"s":21.4,"pub":true}},{"type":"Feature","geometry":{"type":"Point","coordinates":[-108.6666,38.6739]},"properties":{"s":21.4,"pub":true}},{"type":"Feature","geometry":{"type":"Point","coordinates":[-108.6666,38.6797]},"properties":{"s":21.4,"pub":true}},{"type":"Feature","geometry":{"type":"Point","coordinates":[-108.6666,38.6855]},"properties":{"s":21.4,"pub":true}},{"type":"Feature","geometry":{"type":"Point","coordinates":[-108.6666,38.6913]},"properties":{"s":21.4,"pub":true}},{"type":"Feature","geometry":{"type":"Point","coordinates":[-108.6666,38.6971]},"properties":{"s":21.4,"pub":true}},{"type":"Feature","geometry":{"type":"Point","coordinates":[-108.6591,38.5985]},"properties":{"s":64.3,"pub":true}},{"type":"Feature","geometry":{"type":"Point","coordinates":[-108.6591,38.6043]},"properties":{"s":64.3,"pub":true}},{"type":"Feature","geometry":{"type":"Point","coordinates":[-108.6591,38.6101]},"properties":{"s":64.3,"pub":true}},{"type":"Feature","geometry":{"type":"Point","coordinates":[-108.6591,38.6159]},"properties":{"s":64.3,"pub":true}},{"type":"Feature","geometry":{"type":"Point","coordinates":[-108.6591,38.6217]},"properties":{"s":64.3,"pub":true}},{"type":"Feature","geometry":{"type":"Point","coordinates":[-108.6591,38.6275]},"properties":{"s":64.3,"pub":true}},{"type":"Feature","geometry":{"type":"Point","coordinates":[-108.6591,38.6333]},"properties":{"s":64.3,"pub":true}},{"type":"Feature","geometry":{"type":"Point","coordinates":[-108.6591,38.6391]},"properties":{"s":92.9,"pub":true}},{"type":"Feature","geometry":{"type":"Point","coordinates":[-108.6591,38.6449]},"properties":{"s":50.0,"pub":true}},{"type":"Feature","geometry":{"type":"Point","coordinates":[-108.6591,38.6507]},"properties":{"s":50.0,"pub":true}},{"type":"Feature","geometry":{"type":"Point","coordinates":[-108.6591,38.6565]},"properties":{"s":50.0,"pub":true}},{"type":"Feature","geometry":{"type":"Point","coordinates":[-108.6591,38.6623]},"properties":{"s":21.4,"pub":true}},{"type":"Feature","geometry":{"type":"Point","coordinates":[-108.6591,38.6681]},"properties":{"s":21.4,"pub":true}},{"type":"Feature","geometry":{"type":"Point","coordinates":[-108.6591,38.6739]},"properties":{"s":21.4,"pub":true}},{"type":"Feature","geometry":{"type":"Point","coordinates":[-108.6591,38.6797]},"properties":{"s":21.4,"pub":true}},{"type":"Feature","geometry":{"type":"Point","coordinates":[-108.6591,38.6855]},"properties":{"s":21.4,"pub":true}},{"type":"Feature","geometry":{"type":"Point","coordinates":[-108.6591,38.6913]},"properties":{"s":21.4,"pub":true}},{"type":"Feature","geometry":{"type":"Point","coordinates":[-108.6591,38.6971]},"properties":{"s":21.4,"pub":true}},{"type":"Feature","geometry":{"type":"Point","coordinates":[-108.6516,38.5753]},"properties":{"s":64.3,"pub":true}},{"type":"Feature","geometry":{"type":"Point","coordinates":[-108.6516,38.5927]},"properties":{"s":64.3,"pub":true}},{"type":"Feature","geometry":{"type":"Point","coordinates":[-108.6516,38.5985]},"properties":{"s":64.3,"pub":true}},{"type":"Feature","geometry":{"type":"Point","coordinates":[-108.6516,38.6043]},"properties":{"s":64.3,"pub":true}},{"type":"Feature","geometry":{"type":"Point","coordinates":[-108.6516,38.6101]},"properties":{"s":64.3,"pub":true}},{"type":"Feature","geometry":{"type":"Point","coordinates":[-108.6516,38.6159]},"properties":{"s":64.3,"pub":true}},{"type":"Feature","geometry":{"type":"Point","coordinates":[-108.6516,38.6217]},"properties":{"s":64.3,"pub":true}},{"type":"Feature","geometry":{"type":"Point","coordinates":[-108.6516,38.6275]},"properties":{"s":92.9,"pub":true}},{"type":"Feature","geometry":{"type":"Point","coordinates":[-108.6516,38.6333]},"properties":{"s":50.0,"pub":true}},{"type":"Feature","geometry":{"type":"Point","coordinates":[-108.6516,38.6391]},"properties":{"s":50.0,"pub":true}},{"type":"Feature","geometry":{"type":"Point","coordinates":[-108.6516,38.6449]},"properties":{"s":50.0,"pub":true}},{"type":"Feature","geometry":{"type":"Point","coordinates":[-108.6516,38.6507]},"properties":{"s":50.0,"pub":true}},{"type":"Feature","geometry":{"type":"Point","coordinates":[-108.6516,38.6565]},"properties":{"s":50.0,"pub":true}},{"type":"Feature","geometry":{"type":"Point","coordinates":[-108.6516,38.6623]},"properties":{"s":21.4,"pub":true}},{"type":"Feature","geometry":{"type":"Point","coordinates":[-108.6516,38.6681]},"properties":{"s":21.4,"pub":true}},{"type":"Feature","geometry":{"type":"Point","coordinates":[-108.6516,38.6739]},"properties":{"s":21.4,"pub":true}},{"type":"Feature","geometry":{"type":"Point","coordinates":[-108.6516,38.6797]},"properties":{"s":21.4,"pub":true}},{"type":"Feature","geometry":{"type":"Point","coordinates":[-108.6516,38.6855]},"properties":{"s":21.4,"pub":true}},{"type":"Feature","geometry":{"type":"Point","coordinates":[-108.6516,38.6913]},"properties":{"s":21.4,"pub":true}},{"type":"Feature","geometry":{"type":"Point","coordinates":[-108.6516,38.6971]},"properties":{"s":21.4,"pub":true}},{"type":"Feature","geometry":{"type":"Point","coordinates":[-108.6516,38.7029]},"properties":{"s":21.4,"pub":true}},{"type":"Feature","geometry":{"type":"Point","coordinates":[-108.6516,38.7087]},"properties":{"s":21.4,"pub":true}},{"type":"Feature","geometry":{"type":"Point","coordinates":[-108.6441,38.5521]},"properties":{"s":64.3,"pub":true}},{"type":"Feature","geometry":{"type":"Point","coordinates":[-108.6441,38.5579]},"properties":{"s":64.3,"pub":true}},{"type":"Feature","geometry":{"type":"Point","coordinates":[-108.6441,38.5637]},"properties":{"s":64.3,"pub":true}},{"type":"Feature","geometry":{"type":"Point","coordinates":[-108.6441,38.5695]},"properties":{"s":64.3,"pub":true}},{"type":"Feature","geometry":{"type":"Point","coordinates":[-108.6441,38.5753]},"properties":{"s":64.3,"pub":true}},{"type":"Feature","geometry":{"type":"Point","coordinates":[-108.6441,38.5811]},"properties":{"s":64.3,"pub":true}},{"type":"Feature","geometry":{"type":"Point","coordinates":[-108.6441,38.5869]},"properties":{"s":64.3,"pub":true}},{"type":"Feature","geometry":{"type":"Point","coordinates":[-108.6441,38.5927]},"properties":{"s":64.3,"pub":true}},{"type":"Feature","geometry":{"type":"Point","coordinates":[-108.6441,38.5985]},"properties":{"s":64.3,"pub":true}},{"type":"Feature","geometry":{"type":"Point","coordinates":[-108.6441,38.6043]},"properties":{"s":64.3,"pub":true}},{"type":"Feature","geometry":{"type":"Point","coordinates":[-108.6441,38.6101]},"properties":{"s":64.3,"pub":true}},{"type":"Feature","geometry":{"type":"Point","coordinates":[-108.6441,38.6159]},"properties":{"s":64.3,"pub":true}},{"type":"Feature","geometry":{"type":"Point","coordinates":[-108.6441,38.6217]},"properties":{"s":64.3,"pub":true}},{"type":"Feature","geometry":{"type":"Point","coordinates":[-108.6441,38.6275]},"properties":{"s":50.0,"pub":true}},{"type":"Feature","geometry":{"type":"Point","coordinates":[-108.6441,38.6333]},"properties":{"s":50.0,"pub":true}},{"type":"Feature","geometry":{"type":"Point","coordinates":[-108.6441,38.6391]},"properties":{"s":50.0,"pub":true}},{"type":"Feature","geometry":{"type":"Point","coordinates":[-108.6441,38.6449]},"properties":{"s":50.0,"pub":true}},{"type":"Feature","geometry":{"type":"Point","coordinates":[-108.6441,38.6507]},"properties":{"s":50.0,"pub":true}},{"type":"Feature","geometry":{"type":"Point","coordinates":[-108.6441,38.6565]},"properties":{"s":50.0,"pub":true}},{"type":"Feature","geometry":{"type":"Point","coordinates":[-108.6441,38.6623]},"properties":{"s":21.4,"pub":true}},{"type":"Feature","geometry":{"type":"Point","coordinates":[-108.6441,38.6681]},"properties":{"s":21.4,"pub":true}},{"type":"Feature","geometry":{"type":"Point","coordinates":[-108.6441,38.6739]},"properties":{"s":21.4,"pub":true}},{"type":"Feature","geometry":{"type":"Point","coordinates":[-108.6441,38.6797]},"properties":{"s":21.4,"pub":true}},{"type":"Feature","geometry":{"type":"Point","coordinates":[-108.6441,38.6855]},"properties":{"s":21.4,"pub":true}},{"type":"Feature","geometry":{"type":"Point","coordinates":[-108.6441,38.6913]},"properties":{"s":21.4,"pub":true}},{"type":"Feature","geometry":{"type":"Point","coordinates":[-108.6441,38.6971]},"properties":{"s":21.4,"pub":true}},{"type":"Feature","geometry":{"type":"Point","coordinates":[-108.6441,38.7029]},"properties":{"s":21.4,"pub":true}},{"type":"Feature","geometry":{"type":"Point","coordinates":[-108.6441,38.7087]},"properties":{"s":21.4,"pub":true}},{"type":"Feature","geometry":{"type":"Point","coordinates":[-108.6441,38.7145]},"properties":{"s":21.4,"pub":true}},{"type":"Feature","geometry":{"type":"Point","coordinates":[-108.6366,38.5521]},"properties":{"s":64.3,"pub":true}},{"type":"Feature","geometry":{"type":"Point","coordinates":[-108.6366,38.5579]},"properties":{"s":64.3,"pub":true}},{"type":"Feature","geometry":{"type":"Point","coordinates":[-108.6366,38.5637]},"properties":{"s":64.3,"pub":true}},{"type":"Feature","geometry":{"type":"Point","coordinates":[-108.6366,38.5695]},"properties":{"s":64.3,"pub":true}},{"type":"Feature","geometry":{"type":"Point","coordinates":[-108.6366,38.5753]},"properties":{"s":64.3,"pub":true}},{"type":"Feature","geometry":{"type":"Point","coordinates":[-108.6366,38.5811]},"properties":{"s":64.3,"pub":true}},{"type":"Feature","geometry":{"type":"Point","coordinates":[-108.6366,38.5869]},"properties":{"s":64.3,"pub":true}},{"type":"Feature","geometry":{"type":"Point","coordinates":[-108.6366,38.5927]},"properties":{"s":64.3,"pub":true}},{"type":"Feature","geometry":{"type":"Point","coordinates":[-108.6366,38.5985]},"properties":{"s":64.3,"pub":true}},{"type":"Feature","geometry":{"type":"Point","coordinates":[-108.6366,38.6043]},"properties":{"s":64.3,"pub":true}},{"type":"Feature","geometry":{"type":"Point","coordinates":[-108.6366,38.6101]},"properties":{"s":21.4,"pub":true}},{"type":"Feature","geometry":{"type":"Point","coordinates":[-108.6366,38.6159]},"properties":{"s":21.4,"pub":true}},{"type":"Feature","geometry":{"type":"Point","coordinates":[-108.6366,38.6217]},"properties":{"s":21.4,"pub":true}},{"type":"Feature","geometry":{"type":"Point","coordinates":[-108.6366,38.6275]},"properties":{"s":21.4,"pub":true}},{"type":"Feature","geometry":{"type":"Point","coordinates":[-108.6366,38.6333]},"properties":{"s":50.0,"pub":true}},{"type":"Feature","geometry":{"type":"Point","coordinates":[-108.6366,38.6391]},"properties":{"s":50.0,"pub":true}},{"type":"Feature","geometry":{"type":"Point","coordinates":[-108.6366,38.6449]},"properties":{"s":50.0,"pub":true}},{"type":"Feature","geometry":{"type":"Point","coordinates":[-108.6366,38.6507]},"properties":{"s":21.4,"pub":true}},{"type":"Feature","geometry":{"type":"Point","coordinates":[-108.6366,38.6565]},"properties":{"s":21.4,"pub":true}},{"type":"Feature","geometry":{"type":"Point","coordinates":[-108.6366,38.6623]},"properties":{"s":21.4,"pub":true}},{"type":"Feature","geometry":{"type":"Point","coordinates":[-108.6366,38.6681]},"properties":{"s":21.4,"pub":true}},{"type":"Feature","geometry":{"type":"Point","coordinates":[-108.6366,38.6739]},"properties":{"s":21.4,"pub":true}},{"type":"Feature","geometry":{"type":"Point","coordinates":[-108.6366,38.6797]},"properties":{"s":21.4,"pub":true}},{"type":"Feature","geometry":{"type":"Point","coordinates":[-108.6366,38.6855]},"properties":{"s":21.4,"pub":true}},{"type":"Feature","geometry":{"type":"Point","coordinates":[-108.6366,38.6913]},"properties":{"s":21.4,"pub":true}},{"type":"Feature","geometry":{"type":"Point","coordinates":[-108.6366,38.6971]},"properties":{"s":21.4,"pub":true}},{"type":"Feature","geometry":{"type":"Point","coordinates":[-108.6366,38.7029]},"properties":{"s":21.4,"pub":true}},{"type":"Feature","geometry":{"type":"Point","coordinates":[-108.6366,38.7087]},"properties":{"s":21.4,"pub":true}},{"type":"Feature","geometry":{"type":"Point","coordinates":[-108.6366,38.7145]},"properties":{"s":21.4,"pub":true}},{"type":"Feature","geometry":{"type":"Point","coordinates":[-108.6366,38.7203]},"properties":{"s":21.4,"pub":true}},{"type":"Feature","geometry":{"type":"Point","coordinates":[-108.6291,38.5521]},"properties":{"s":64.3,"pub":true}},{"type":"Feature","geometry":{"type":"Point","coordinates":[-108.6291,38.5579]},"properties":{"s":64.3,"pub":true}},{"type":"Feature","geometry":{"type":"Point","coordinates":[-108.6291,38.5637]},"properties":{"s":64.3,"pub":true}},{"type":"Feature","geometry":{"type":"Point","coordinates":[-108.6291,38.5695]},"properties":{"s":64.3,"pub":true}},{"type":"Feature","geometry":{"type":"Point","coordinates":[-108.6291,38.5753]},"properties":{"s":64.3,"pub":true}},{"type":"Feature","geometry":{"type":"Point","coordinates":[-108.6291,38.5811]},"properties":{"s":64.3,"pub":true}},{"type":"Feature","geometry":{"type":"Point","coordinates":[-108.6291,38.5869]},"properties":{"s":64.3,"pub":true}},{"type":"Feature","geometry":{"type":"Point","coordinates":[-108.6291,38.5927]},"properties":{"s":64.3,"pub":true}},{"type":"Feature","geometry":{"type":"Point","coordinates":[-108.6291,38.5985]},"properties":{"s":64.3,"pub":true}},{"type":"Feature","geometry":{"type":"Point","coordinates":[-108.6291,38.6043]},"properties":{"s":21.4,"pub":true}},{"type":"Feature","geometry":{"type":"Point","coordinates":[-108.6291,38.6101]},"properties":{"s":21.4,"pub":true}},{"type":"Feature","geometry":{"type":"Point","coordinates":[-108.6291,38.6159]},"properties":{"s":21.4,"pub":true}},{"type":"Feature","geometry":{"type":"Point","coordinates":[-108.6291,38.6217]},"properties":{"s":21.4,"pub":true}},{"type":"Feature","geometry":{"type":"Point","coordinates":[-108.6291,38.6275]},"properties":{"s":21.4,"pub":true}},{"type":"Feature","geometry":{"type":"Point","coordinates":[-108.6291,38.6333]},"properties":{"s":21.4,"pub":true}},{"type":"Feature","geometry":{"type":"Point","coordinates":[-108.6291,38.6391]},"properties":{"s":21.4,"pub":true}},{"type":"Feature","geometry":{"type":"Point","coordinates":[-108.6291,38.6449]},"properties":{"s":21.4,"pub":true}},{"type":"Feature","geometry":{"type":"Point","coordinates":[-108.6291,38.6507]},"properties":{"s":21.4,"pub":true}},{"type":"Feature","geometry":{"type":"Point","coordinates":[-108.6291,38.6565]},"properties":{"s":21.4,"pub":true}},{"type":"Feature","geometry":{"type":"Point","coordinates":[-108.6291,38.6623]},"properties":{"s":21.4,"pub":true}},{"type":"Feature","geometry":{"type":"Point","coordinates":[-108.6291,38.6681]},"properties":{"s":21.4,"pub":true}},{"type":"Feature","geometry":{"type":"Point","coordinates":[-108.6291,38.6739]},"properties":{"s":21.4,"pub":true}},{"type":"Feature","geometry":{"type":"Point","coordinates":[-108.6291,38.6797]},"properties":{"s":21.4,"pub":true}},{"type":"Feature","geometry":{"type":"Point","coordinates":[-108.6291,38.6855]},"properties":{"s":21.4,"pub":true}},{"type":"Feature","geometry":{"type":"Point","coordinates":[-108.6291,38.6913]},"properties":{"s":21.4,"pub":true}},{"type":"Feature","geometry":{"type":"Point","coordinates":[-108.6291,38.6971]},"properties":{"s":21.4,"pub":true}},{"type":"Feature","geometry":{"type":"Point","coordinates":[-108.6291,38.7029]},"properties":{"s":21.4,"pub":true}},{"type":"Feature","geometry":{"type":"Point","coordinates":[-108.6291,38.7087]},"properties":{"s":21.4,"pub":true}},{"type":"Feature","geometry":{"type":"Point","coordinates":[-108.6291,38.7145]},"properties":{"s":21.4,"pub":true}},{"type":"Feature","geometry":{"type":"Point","coordinates":[-108.6291,38.7203]},"properties":{"s":21.4,"pub":true}},{"type":"Feature","geometry":{"type":"Point","coordinates":[-108.6291,38.7261]},"properties":{"s":21.4,"pub":true}},{"type":"Feature","geometry":{"type":"Point","coordinates":[-108.6291,38.7319]},"properties":{"s":21.4,"pub":true}},{"type":"Feature","geometry":{"type":"Point","coordinates":[-108.6216,38.5521]},"properties":{"s":64.3,"pub":true}},{"type":"Feature","geometry":{"type":"Point","coordinates":[-108.6216,38.5579]},"properties":{"s":64.3,"pub":true}},{"type":"Feature","geometry":{"type":"Point","coordinates":[-108.6216,38.5637]},"properties":{"s":64.3,"pub":true}},{"type":"Feature","geometry":{"type":"Point","coordinates":[-108.6216,38.5695]},"properties":{"s":64.3,"pub":true}},{"type":"Feature","geometry":{"type":"Point","coordinates":[-108.6216,38.5753]},"properties":{"s":64.3,"pub":true}},{"type":"Feature","geometry":{"type":"Point","coordinates":[-108.6216,38.5811]},"properties":{"s":21.4,"pub":true}},{"type":"Feature","geometry":{"type":"Point","coordinates":[-108.6216,38.5869]},"properties":{"s":21.4,"pub":true}},{"type":"Feature","geometry":{"type":"Point","coordinates":[-108.6216,38.5927]},"properties":{"s":21.4,"pub":true}},{"type":"Feature","geometry":{"type":"Point","coordinates":[-108.6216,38.5985]},"properties":{"s":21.4,"pub":true}},{"type":"Feature","geometry":{"type":"Point","coordinates":[-108.6216,38.6043]},"properties":{"s":25.0,"pub":true}},{"type":"Feature","geometry":{"type":"Point","coordinates":[-108.6216,38.6101]},"properties":{"s":25.0,"pub":true}},{"type":"Feature","geometry":{"type":"Point","coordinates":[-108.6216,38.6159]},"properties":{"s":25.0,"pub":true}},{"type":"Feature","geometry":{"type":"Point","coordinates":[-108.6216,38.6217]},"properties":{"s":21.4,"pub":true}},{"type":"Feature","geometry":{"type":"Point","coordinates":[-108.6216,38.6275]},"properties":{"s":21.4,"pub":true}},{"type":"Feature","geometry":{"type":"Point","coordinates":[-108.6216,38.6333]},"properties":{"s":21.4,"pub":true}},{"type":"Feature","geometry":{"type":"Point","coordinates":[-108.6216,38.6391]},"properties":{"s":21.4,"pub":true}},{"type":"Feature","geometry":{"type":"Point","coordinates":[-108.6216,38.6449]},"properties":{"s":21.4,"pub":true}},{"type":"Feature","geometry":{"type":"Point","coordinates":[-108.6216,38.6507]},"properties":{"s":21.4,"pub":true}},{"type":"Feature","geometry":{"type":"Point","coordinates":[-108.6216,38.6565]},"properties":{"s":21.4,"pub":true}},{"type":"Feature","geometry":{"type":"Point","coordinates":[-108.6216,38.6623]},"properties":{"s":21.4,"pub":true}},{"type":"Feature","geometry":{"type":"Point","coordinates":[-108.6216,38.6681]},"properties":{"s":21.4,"pub":true}},{"type":"Feature","geometry":{"type":"Point","coordinates":[-108.6216,38.6739]},"properties":{"s":21.4,"pub":true}},{"type":"Feature","geometry":{"type":"Point","coordinates":[-108.6216,38.6797]},"properties":{"s":21.4,"pub":true}},{"type":"Feature","geometry":{"type":"Point","coordinates":[-108.6216,38.6855]},"properties":{"s":21.4,"pub":true}},{"type":"Feature","geometry":{"type":"Point","coordinates":[-108.6216,38.6913]},"properties":{"s":21.4,"pub":true}},{"type":"Feature","geometry":{"type":"Point","coordinates":[-108.6216,38.6971]},"properties":{"s":21.4,"pub":true}},{"type":"Feature","geometry":{"type":"Point","coordinates":[-108.6216,38.7029]},"properties":{"s":21.4,"pub":true}},{"type":"Feature","geometry":{"type":"Point","coordinates":[-108.6216,38.7087]},"properties":{"s":21.4,"pub":true}},{"type":"Feature","geometry":{"type":"Point","coordinates":[-108.6216,38.7145]},"properties":{"s":21.4,"pub":true}},{"type":"Feature","geometry":{"type":"Point","coordinates":[-108.6216,38.7203]},"properties":{"s":21.4,"pub":true}},{"type":"Feature","geometry":{"type":"Point","coordinates":[-108.6216,38.7261]},"properties":{"s":21.4,"pub":true}},{"type":"Feature","geometry":{"type":"Point","coordinates":[-108.6216,38.7319]},"properties":{"s":21.4,"pub":true}},{"type":"Feature","geometry":{"type":"Point","coordinates":[-108.6216,38.7377]},"properties":{"s":21.4,"pub":true}},{"type":"Feature","geometry":{"type":"Point","coordinates":[-108.6216,38.7435]},"properties":{"s":21.4,"pub":true}},{"type":"Feature","geometry":{"type":"Point","coordinates":[-108.6141,38.5289]},"properties":{"s":64.3,"pub":true}},{"type":"Feature","geometry":{"type":"Point","coordinates":[-108.6141,38.5347]},"properties":{"s":64.3,"pub":true}},{"type":"Feature","geometry":{"type":"Point","coordinates":[-108.6141,38.5405]},"properties":{"s":64.3,"pub":true}},{"type":"Feature","geometry":{"type":"Point","coordinates":[-108.6141,38.5463]},"properties":{"s":64.3,"pub":true}},{"type":"Feature","geometry":{"type":"Point","coordinates":[-108.6141,38.5521]},"properties":{"s":64.3,"pub":true}},{"type":"Feature","geometry":{"type":"Point","coordinates":[-108.6141,38.5579]},"properties":{"s":64.3,"pub":true}},{"type":"Feature","geometry":{"type":"Point","coordinates":[-108.6141,38.5637]},"properties":{"s":64.3,"pub":true}},{"type":"Feature","geometry":{"type":"Point","coordinates":[-108.6141,38.5695]},"properties":{"s":64.3,"pub":true}},{"type":"Feature","geometry":{"type":"Point","coordinates":[-108.6141,38.5753]},"properties":{"s":64.3,"pub":true}},{"type":"Feature","geometry":{"type":"Point","coordinates":[-108.6141,38.5811]},"properties":{"s":21.4,"pub":true}},{"type":"Feature","geometry":{"type":"Point","coordinates":[-108.6141,38.5869]},"properties":{"s":21.4,"pub":true}},{"type":"Feature","geometry":{"type":"Point","coordinates":[-108.6141,38.5927]},"properties":{"s":21.4,"pub":true}},{"type":"Feature","geometry":{"type":"Point","coordinates":[-108.6141,38.5985]},"properties":{"s":25.0,"pub":true}},{"type":"Feature","geometry":{"type":"Point","coordinates":[-108.6141,38.6043]},"properties":{"s":25.0,"pub":true}},{"type":"Feature","geometry":{"type":"Point","coordinates":[-108.6141,38.6101]},"properties":{"s":67.9,"pub":true}},{"type":"Feature","geometry":{"type":"Point","coordinates":[-108.6141,38.6159]},"properties":{"s":67.9,"pub":true}},{"type":"Feature","geometry":{"type":"Point","coordinates":[-108.6141,38.6217]},"properties":{"s":67.9,"pub":true}},{"type":"Feature","geometry":{"type":"Point","coordinates":[-108.6141,38.6275]},"properties":{"s":67.9,"pub":true}},{"type":"Feature","geometry":{"type":"Point","coordinates":[-108.6141,38.6333]},"properties":{"s":25.0,"pub":true}},{"type":"Feature","geometry":{"type":"Point","coordinates":[-108.6141,38.6391]},"properties":{"s":25.0,"pub":true}},{"type":"Feature","geometry":{"type":"Point","coordinates":[-108.6141,38.6449]},"properties":{"s":25.0,"pub":true}},{"type":"Feature","geometry":{"type":"Point","coordinates":[-108.6141,38.6507]},"properties":{"s":25.0,"pub":true}},{"type":"Feature","geometry":{"type":"Point","coordinates":[-108.6141,38.6565]},"properties":{"s":25.0,"pub":true}},{"type":"Feature","geometry":{"type":"Point","coordinates":[-108.6141,38.6623]},"properties":{"s":25.0,"pub":true}},{"type":"Feature","geometry":{"type":"Point","coordinates":[-108.6141,38.6681]},"properties":{"s":25.0,"pub":true}},{"type":"Feature","geometry":{"type":"Point","coordinates":[-108.6141,38.6739]},"properties":{"s":25.0,"pub":true}},{"type":"Feature","geometry":{"type":"Point","coordinates":[-108.6141,38.6797]},"properties":{"s":25.0,"pub":true}},{"type":"Feature","geometry":{"type":"Point","coordinates":[-108.6141,38.6855]},"properties":{"s":21.4,"pub":true}},{"type":"Feature","geometry":{"type":"Point","coordinates":[-108.6141,38.6913]},"properties":{"s":21.4,"pub":true}},{"type":"Feature","geometry":{"type":"Point","coordinates":[-108.6141,38.6971]},"properties":{"s":21.4,"pub":true}},{"type":"Feature","geometry":{"type":"Point","coordinates":[-108.6141,38.7029]},"properties":{"s":21.4,"pub":true}},{"type":"Feature","geometry":{"type":"Point","coordinates":[-108.6141,38.7087]},"properties":{"s":21.4,"pub":true}},{"type":"Feature","geometry":{"type":"Point","coordinates":[-108.6141,38.7145]},"properties":{"s":21.4,"pub":true}},{"type":"Feature","geometry":{"type":"Point","coordinates":[-108.6141,38.7203]},"properties":{"s":21.4,"pub":true}},{"type":"Feature","geometry":{"type":"Point","coordinates":[-108.6141,38.7261]},"properties":{"s":21.4,"pub":true}},{"type":"Feature","geometry":{"type":"Point","coordinates":[-108.6141,38.7319]},"properties":{"s":21.4,"pub":true}},{"type":"Feature","geometry":{"type":"Point","coordinates":[-108.6141,38.7377]},"properties":{"s":21.4,"pub":true}},{"type":"Feature","geometry":{"type":"Point","coordinates":[-108.6141,38.7435]},"properties":{"s":21.4,"pub":true}},{"type":"Feature","geometry":{"type":"Point","coordinates":[-108.6141,38.7493]},"properties":{"s":25.0,"pub":true}},{"type":"Feature","geometry":{"type":"Point","coordinates":[-108.6141,38.7551]},"properties":{"s":25.0,"pub":true}},{"type":"Feature","geometry":{"type":"Point","coordinates":[-108.6141,38.7609]},"properties":{"s":25.0,"pub":true}},{"type":"Feature","geometry":{"type":"Point","coordinates":[-108.6141,38.7667]},"properties":{"s":25.0,"pub":true}},{"type":"Feature","geometry":{"type":"Point","coordinates":[-108.6066,38.5289]},"properties":{"s":64.3,"pub":true}},{"type":"Feature","geometry":{"type":"Point","coordinates":[-108.6066,38.5347]},"properties":{"s":64.3,"pub":true}},{"type":"Feature","geometry":{"type":"Point","coordinates":[-108.6066,38.5405]},"properties":{"s":64.3,"pub":true}},{"type":"Feature","geometry":{"type":"Point","coordinates":[-108.6066,38.5463]},"properties":{"s":64.3,"pub":true}},{"type":"Feature","geometry":{"type":"Point","coordinates":[-108.6066,38.5521]},"properties":{"s":64.3,"pub":true}},{"type":"Feature","geometry":{"type":"Point","coordinates":[-108.6066,38.5579]},"properties":{"s":64.3,"pub":true}},{"type":"Feature","geometry":{"type":"Point","coordinates":[-108.6066,38.5637]},"properties":{"s":64.3,"pub":true}},{"type":"Feature","geometry":{"type":"Point","coordinates":[-108.6066,38.5695]},"properties":{"s":64.3,"pub":true}},{"type":"Feature","geometry":{"type":"Point","coordinates":[-108.6066,38.5753]},"properties":{"s":21.4,"pub":true}},{"type":"Feature","geometry":{"type":"Point","coordinates":[-108.6066,38.5811]},"properties":{"s":21.4,"pub":true}},{"type":"Feature","geometry":{"type":"Point","coordinates":[-108.6066,38.5869]},"properties":{"s":21.4,"pub":true}},{"type":"Feature","geometry":{"type":"Point","coordinates":[-108.6066,38.5927]},"properties":{"s":21.4,"pub":true}},{"type":"Feature","geometry":{"type":"Point","coordinates":[-108.6066,38.5985]},"properties":{"s":25.0,"pub":true}},{"type":"Feature","geometry":{"type":"Point","coordinates":[-108.6066,38.6043]},"properties":{"s":25.0,"pub":true}},{"type":"Feature","geometry":{"type":"Point","coordinates":[-108.6066,38.6101]},"properties":{"s":67.9,"pub":true}},{"type":"Feature","geometry":{"type":"Point","coordinates":[-108.6066,38.6159]},"properties":{"s":67.9,"pub":true}},{"type":"Feature","geometry":{"type":"Point","coordinates":[-108.6066,38.6217]},"properties":{"s":67.9,"pub":true}},{"type":"Feature","geometry":{"type":"Point","coordinates":[-108.6066,38.6275]},"properties":{"s":67.9,"pub":true}},{"type":"Feature","geometry":{"type":"Point","coordinates":[-108.6066,38.6333]},"properties":{"s":25.0,"pub":true}},{"type":"Feature","geometry":{"type":"Point","coordinates":[-108.6066,38.6391]},"properties":{"s":25.0,"pub":true}},{"type":"Feature","geometry":{"type":"Point","coordinates":[-108.6066,38.6449]},"properties":{"s":25.0,"pub":true}},{"type":"Feature","geometry":{"type":"Point","coordinates":[-108.6066,38.6507]},"properties":{"s":25.0,"pub":true}},{"type":"Feature","geometry":{"type":"Point","coordinates":[-108.6066,38.6565]},"properties":{"s":25.0,"pub":true}},{"type":"Feature","geometry":{"type":"Point","coordinates":[-108.6066,38.6623]},"properties":{"s":25.0,"pub":true}},{"type":"Feature","geometry":{"type":"Point","coordinates":[-108.6066,38.6681]},"properties":{"s":25.0,"pub":true}},{"type":"Feature","geometry":{"type":"Point","coordinates":[-108.6066,38.6739]},"properties":{"s":25.0,"pub":true}},{"type":"Feature","geometry":{"type":"Point","coordinates":[-108.6066,38.6797]},"properties":{"s":25.0,"pub":true}},{"type":"Feature","geometry":{"type":"Point","coordinates":[-108.6066,38.6855]},"properties":{"s":25.0,"pub":true}},{"type":"Feature","geometry":{"type":"Point","coordinates":[-108.6066,38.6913]},"properties":{"s":21.4,"pub":true}},{"type":"Feature","geometry":{"type":"Point","coordinates":[-108.6066,38.6971]},"properties":{"s":21.4,"pub":true}},{"type":"Feature","geometry":{"type":"Point","coordinates":[-108.6066,38.7029]},"properties":{"s":21.4,"pub":true}},{"type":"Feature","geometry":{"type":"Point","coordinates":[-108.6066,38.7087]},"properties":{"s":21.4,"pub":true}},{"type":"Feature","geometry":{"type":"Point","coordinates":[-108.6066,38.7145]},"properties":{"s":21.4,"pub":true}},{"type":"Feature","geometry":{"type":"Point","coordinates":[-108.6066,38.7203]},"properties":{"s":25.0,"pub":true}},{"type":"Feature","geometry":{"type":"Point","coordinates":[-108.6066,38.7261]},"properties":{"s":25.0,"pub":true}},{"type":"Feature","geometry":{"type":"Point","coordinates":[-108.6066,38.7319]},"properties":{"s":25.0,"pub":true}},{"type":"Feature","geometry":{"type":"Point","coordinates":[-108.6066,38.7377]},"properties":{"s":21.4,"pub":true}},{"type":"Feature","geometry":{"type":"Point","coordinates":[-108.6066,38.7435]},"properties":{"s":21.4,"pub":true}},{"type":"Feature","geometry":{"type":"Point","coordinates":[-108.6066,38.7493]},"properties":{"s":25.0,"pub":true}},{"type":"Feature","geometry":{"type":"Point","coordinates":[-108.6066,38.7551]},"properties":{"s":25.0,"pub":true}},{"type":"Feature","geometry":{"type":"Point","coordinates":[-108.6066,38.7609]},"properties":{"s":25.0,"pub":true}},{"type":"Feature","geometry":{"type":"Point","coordinates":[-108.6066,38.7667]},"properties":{"s":25.0,"pub":true}},{"type":"Feature","geometry":{"type":"Point","coordinates":[-108.6066,38.7725]},"properties":{"s":25.0,"pub":true}},{"type":"Feature","geometry":{"type":"Point","coordinates":[-108.6066,38.7783]},"properties":{"s":25.0,"pub":true}},{"type":"Feature","geometry":{"type":"Point","coordinates":[-108.5991,38.5231]},"properties":{"s":64.3,"pub":true}},{"type":"Feature","geometry":{"type":"Point","coordinates":[-108.5991,38.5289]},"properties":{"s":92.9,"pub":true}},{"type":"Feature","geometry":{"type":"Point","coordinates":[-108.5991,38.5347]},"properties":{"s":92.9,"pub":true}},{"type":"Feature","geometry":{"type":"Point","coordinates":[-108.5991,38.5405]},"properties":{"s":92.9,"pub":true}},{"type":"Feature","geometry":{"type":"Point","coordinates":[-108.5991,38.5463]},"properties":{"s":92.9,"pub":true}},{"type":"Feature","geometry":{"type":"Point","coordinates":[-108.5991,38.5521]},"properties":{"s":92.9,"pub":true}},{"type":"Feature","geometry":{"type":"Point","coordinates":[-108.5991,38.5579]},"properties":{"s":64.3,"pub":true}},{"type":"Feature","geometry":{"type":"Point","coordinates":[-108.5991,38.5637]},"properties":{"s":64.3,"pub":true}},{"type":"Feature","geometry":{"type":"Point","coordinates":[-108.5991,38.5695]},"properties":{"s":50.0,"pub":true}},{"type":"Feature","geometry":{"type":"Point","coordinates":[-108.5991,38.5753]},"properties":{"s":50.0,"pub":true}},{"type":"Feature","geometry":{"type":"Point","coordinates":[-108.5991,38.5811]},"properties":{"s":50.0,"pub":true}},{"type":"Feature","geometry":{"type":"Point","coordinates":[-108.5991,38.5869]},"properties":{"s":50.0,"pub":true}},{"type":"Feature","geometry":{"type":"Point","coordinates":[-108.5991,38.5927]},"properties":{"s":50.0,"pub":true}},{"type":"Feature","geometry":{"type":"Point","coordinates":[-108.5991,38.5985]},"properties":{"s":21.4,"pub":true}},{"type":"Feature","geometry":{"type":"Point","coordinates":[-108.5991,38.6043]},"properties":{"s":25.0,"pub":true}},{"type":"Feature","geometry":{"type":"Point","coordinates":[-108.5991,38.6101]},"properties":{"s":25.0,"pub":true}},{"type":"Feature","geometry":{"type":"Point","coordinates":[-108.5991,38.6159]},"properties":{"s":67.9,"pub":true}},{"type":"Feature","geometry":{"type":"Point","coordinates":[-108.5991,38.6217]},"properties":{"s":67.9,"pub":true}},{"type":"Feature","geometry":{"type":"Point","coordinates":[-108.5991,38.6275]},"properties":{"s":67.9,"pub":true}},{"type":"Feature","geometry":{"type":"Point","coordinates":[-108.5991,38.6333]},"properties":{"s":25.0,"pub":true}},{"type":"Feature","geometry":{"type":"Point","coordinates":[-108.5991,38.6391]},"properties":{"s":25.0,"pub":true}},{"type":"Feature","geometry":{"type":"Point","coordinates":[-108.5991,38.6449]},"properties":{"s":25.0,"pub":true}},{"type":"Feature","geometry":{"type":"Point","coordinates":[-108.5991,38.6507]},"properties":{"s":25.0,"pub":true}},{"type":"Feature","geometry":{"type":"Point","coordinates":[-108.5991,38.6565]},"properties":{"s":25.0,"pub":true}},{"type":"Feature","geometry":{"type":"Point","coordinates":[-108.5991,38.6623]},"properties":{"s":25.0,"pub":true}},{"type":"Feature","geometry":{"type":"Point","coordinates":[-108.5991,38.6681]},"properties":{"s":25.0,"pub":true}},{"type":"Feature","geometry":{"type":"Point","coordinates":[-108.5991,38.6739]},"properties":{"s":25.0,"pub":true}},{"type":"Feature","geometry":{"type":"Point","coordinates":[-108.5991,38.6797]},"properties":{"s":25.0,"pub":true}},{"type":"Feature","geometry":{"type":"Point","coordinates":[-108.5991,38.6855]},"properties":{"s":25.0,"pub":true}},{"type":"Feature","geometry":{"type":"Point","coordinates":[-108.5991,38.6913]},"properties":{"s":25.0,"pub":true}},{"type":"Feature","geometry":{"type":"Point","coordinates":[-108.5991,38.6971]},"properties":{"s":21.4,"pub":true}},{"type":"Feature","geometry":{"type":"Point","coordinates":[-108.5991,38.7029]},"properties":{"s":21.4,"pub":true}},{"type":"Feature","geometry":{"type":"Point","coordinates":[-108.5991,38.7087]},"properties":{"s":21.4,"pub":true}},{"type":"Feature","geometry":{"type":"Point","coordinates":[-108.5991,38.7145]},"properties":{"s":25.0,"pub":true}},{"type":"Feature","geometry":{"type":"Point","coordinates":[-108.5991,38.7203]},"properties":{"s":25.0,"pub":true}},{"type":"Feature","geometry":{"type":"Point","coordinates":[-108.5991,38.7261]},"properties":{"s":25.0,"pub":true}},{"type":"Feature","geometry":{"type":"Point","coordinates":[-108.5991,38.7319]},"properties":{"s":25.0,"pub":true}},{"type":"Feature","geometry":{"type":"Point","coordinates":[-108.5991,38.7377]},"properties":{"s":25.0,"pub":true}},{"type":"Feature","geometry":{"type":"Point","coordinates":[-108.5991,38.7435]},"properties":{"s":21.4,"pub":true}},{"type":"Feature","geometry":{"type":"Point","coordinates":[-108.5991,38.7493]},"properties":{"s":25.0,"pub":true}},{"type":"Feature","geometry":{"type":"Point","coordinates":[-108.5991,38.7551]},"properties":{"s":25.0,"pub":true}},{"type":"Feature","geometry":{"type":"Point","coordinates":[-108.5991,38.7609]},"properties":{"s":25.0,"pub":true}},{"type":"Feature","geometry":{"type":"Point","coordinates":[-108.5916,38.5115]},"properties":{"s":64.3,"pub":true}},{"type":"Feature","geometry":{"type":"Point","coordinates":[-108.5916,38.5173]},"properties":{"s":64.3,"pub":true}},{"type":"Feature","geometry":{"type":"Point","coordinates":[-108.5916,38.5231]},"properties":{"s":92.9,"pub":true}},{"type":"Feature","geometry":{"type":"Point","coordinates":[-108.5916,38.5289]},"properties":{"s":92.9,"pub":true}},{"type":"Feature","geometry":{"type":"Point","coordinates":[-108.5916,38.5347]},"properties":{"s":92.9,"pub":true}},{"type":"Feature","geometry":{"type":"Point","coordinates":[-108.5916,38.5405]},"properties":{"s":92.9,"pub":true}},{"type":"Feature","geometry":{"type":"Point","coordinates":[-108.5916,38.5463]},"properties":{"s":92.9,"pub":true}},{"type":"Feature","geometry":{"type":"Point","coordinates":[-108.5916,38.5521]},"properties":{"s":92.9,"pub":true}},{"type":"Feature","geometry":{"type":"Point","coordinates":[-108.5916,38.5579]},"properties":{"s":92.9,"pub":true}},{"type":"Feature","geometry":{"type":"Point","coordinates":[-108.5916,38.5637]},"properties":{"s":64.3,"pub":true}},{"type":"Feature","geometry":{"type":"Point","coordinates":[-108.5916,38.5695]},"properties":{"s":21.4,"pub":true}},{"type":"Feature","geometry":{"type":"Point","coordinates":[-108.5916,38.5753]},"properties":{"s":21.4,"pub":true}},{"type":"Feature","geometry":{"type":"Point","coordinates":[-108.5916,38.5811]},"properties":{"s":21.4,"pub":true}},{"type":"Feature","geometry":{"type":"Point","coordinates":[-108.5916,38.5869]},"properties":{"s":50.0,"pub":true}},{"type":"Feature","geometry":{"type":"Point","coordinates":[-108.5916,38.5927]},"properties":{"s":50.0,"pub":true}},{"type":"Feature","geometry":{"type":"Point","coordinates":[-108.5916,38.5985]},"properties":{"s":50.0,"pub":true}},{"type":"Feature","geometry":{"type":"Point","coordinates":[-108.5916,38.6043]},"properties":{"s":25.0,"pub":true}},{"type":"Feature","geometry":{"type":"Point","coordinates":[-108.5916,38.6101]},"properties":{"s":25.0,"pub":true}},{"type":"Feature","geometry":{"type":"Point","coordinates":[-108.5916,38.6159]},"properties":{"s":25.0,"pub":true}},{"type":"Feature","geometry":{"type":"Point","coordinates":[-108.5916,38.6217]},"properties":{"s":67.9,"pub":true}},{"type":"Feature","geometry":{"type":"Point","coordinates":[-108.5916,38.6275]},"properties":{"s":67.9,"pub":true}},{"type":"Feature","geometry":{"type":"Point","coordinates":[-108.5916,38.6333]},"properties":{"s":25.0,"pub":true}},{"type":"Feature","geometry":{"type":"Point","coordinates":[-108.5916,38.6391]},"properties":{"s":25.0,"pub":true}},{"type":"Feature","geometry":{"type":"Point","coordinates":[-108.5916,38.6449]},"properties":{"s":25.0,"pub":true}},{"type":"Feature","geometry":{"type":"Point","coordinates":[-108.5916,38.6507]},"properties":{"s":25.0,"pub":true}},{"type":"Feature","geometry":{"type":"Point","coordinates":[-108.5916,38.6565]},"properties":{"s":25.0,"pub":true}},{"type":"Feature","geometry":{"type":"Point","coordinates":[-108.5916,38.6623]},"properties":{"s":25.0,"pub":true}},{"type":"Feature","geometry":{"type":"Point","coordinates":[-108.5916,38.6681]},"properties":{"s":25.0,"pub":true}},{"type":"Feature","geometry":{"type":"Point","coordinates":[-108.5916,38.6739]},"properties":{"s":25.0,"pub":true}},{"type":"Feature","geometry":{"type":"Point","coordinates":[-108.5916,38.6797]},"properties":{"s":25.0,"pub":true}},{"type":"Feature","geometry":{"type":"Point","coordinates":[-108.5916,38.6855]},"properties":{"s":25.0,"pub":true}},{"type":"Feature","geometry":{"type":"Point","coordinates":[-108.5916,38.6913]},"properties":{"s":25.0,"pub":true}},{"type":"Feature","geometry":{"type":"Point","coordinates":[-108.5916,38.6971]},"properties":{"s":25.0,"pub":true}},{"type":"Feature","geometry":{"type":"Point","coordinates":[-108.5916,38.7029]},"properties":{"s":21.4,"pub":true}},{"type":"Feature","geometry":{"type":"Point","coordinates":[-108.5916,38.7087]},"properties":{"s":21.4,"pub":true}},{"type":"Feature","geometry":{"type":"Point","coordinates":[-108.5916,38.7145]},"properties":{"s":25.0,"pub":true}},{"type":"Feature","geometry":{"type":"Point","coordinates":[-108.5916,38.7203]},"properties":{"s":25.0,"pub":true}},{"type":"Feature","geometry":{"type":"Point","coordinates":[-108.5916,38.7261]},"properties":{"s":25.0,"pub":true}},{"type":"Feature","geometry":{"type":"Point","coordinates":[-108.5916,38.7319]},"properties":{"s":25.0,"pub":true}},{"type":"Feature","geometry":{"type":"Point","coordinates":[-108.5916,38.7377]},"properties":{"s":25.0,"pub":true}},{"type":"Feature","geometry":{"type":"Point","coordinates":[-108.5916,38.7435]},"properties":{"s":32.1,"pub":true}},{"type":"Feature","geometry":{"type":"Point","coordinates":[-108.5841,38.5057]},"properties":{"s":64.3,"pub":true}},{"type":"Feature","geometry":{"type":"Point","coordinates":[-108.5841,38.5115]},"properties":{"s":64.3,"pub":true}},{"type":"Feature","geometry":{"type":"Point","coordinates":[-108.5841,38.5173]},"properties":{"s":92.9,"pub":true}},{"type":"Feature","geometry":{"type":"Point","coordinates":[-108.5841,38.5231]},"properties":{"s":92.9,"pub":true}},{"type":"Feature","geometry":{"type":"Point","coordinates":[-108.5841,38.5289]},"properties":{"s":92.9,"pub":true}},{"type":"Feature","geometry":{"type":"Point","coordinates":[-108.5841,38.5347]},"properties":{"s":92.9,"pub":true}},{"type":"Feature","geometry":{"type":"Point","coordinates":[-108.5841,38.5405]},"properties":{"s":92.9,"pub":true}},{"type":"Feature","geometry":{"type":"Point","coordinates":[-108.5841,38.5463]},"properties":{"s":92.9,"pub":true}},{"type":"Feature","geometry":{"type":"Point","coordinates":[-108.5841,38.5521]},"properties":{"s":92.9,"pub":true}},{"type":"Feature","geometry":{"type":"Point","coordinates":[-108.5841,38.5579]},"properties":{"s":50.0,"pub":true}},{"type":"Feature","geometry":{"type":"Point","coordinates":[-108.5841,38.5637]},"properties":{"s":21.4,"pub":true}},{"type":"Feature","geometry":{"type":"Point","coordinates":[-108.5841,38.5695]},"properties":{"s":21.4,"pub":true}},{"type":"Feature","geometry":{"type":"Point","coordinates":[-108.5841,38.5753]},"properties":{"s":21.4,"pub":true}},{"type":"Feature","geometry":{"type":"Point","coordinates":[-108.5841,38.5811]},"properties":{"s":21.4,"pub":true}},{"type":"Feature","geometry":{"type":"Point","coordinates":[-108.5841,38.5869]},"properties":{"s":21.4,"pub":true}},{"type":"Feature","geometry":{"type":"Point","coordinates":[-108.5841,38.5927]},"properties":{"s":50.0,"pub":true}},{"type":"Feature","geometry":{"type":"Point","coordinates":[-108.5841,38.5985]},"properties":{"s":50.0,"pub":true}},{"type":"Feature","geometry":{"type":"Point","coordinates":[-108.5841,38.6043]},"properties":{"s":21.4,"pub":true}},{"type":"Feature","geometry":{"type":"Point","coordinates":[-108.5841,38.6101]},"properties":{"s":25.0,"pub":true}},{"type":"Feature","geometry":{"type":"Point","coordinates":[-108.5841,38.6159]},"properties":{"s":25.0,"pub":true}},{"type":"Feature","geometry":{"type":"Point","coordinates":[-108.5841,38.6217]},"properties":{"s":25.0,"pub":true}},{"type":"Feature","geometry":{"type":"Point","coordinates":[-108.5841,38.6275]},"properties":{"s":67.9,"pub":true}},{"type":"Feature","geometry":{"type":"Point","coordinates":[-108.5841,38.6333]},"properties":{"s":67.9,"pub":true}},{"type":"Feature","geometry":{"type":"Point","coordinates":[-108.5841,38.6391]},"properties":{"s":25.0,"pub":true}},{"type":"Feature","geometry":{"type":"Point","coordinates":[-108.5841,38.6449]},"properties":{"s":25.0,"pub":true}},{"type":"Feature","geometry":{"type":"Point","coordinates":[-108.5841,38.6507]},"properties":{"s":25.0,"pub":true}},{"type":"Feature","geometry":{"type":"Point","coordinates":[-108.5841,38.6565]},"properties":{"s":25.0,"pub":true}},{"type":"Feature","geometry":{"type":"Point","coordinates":[-108.5841,38.6623]},"properties":{"s":25.0,"pub":true}},{"type":"Feature","geometry":{"type":"Point","coordinates":[-108.5841,38.6681]},"properties":{"s":25.0,"pub":true}},{"type":"Feature","geometry":{"type":"Point","coordinates":[-108.5841,38.6739]},"properties":{"s":25.0,"pub":true}},{"type":"Feature","geometry":{"type":"Point","coordinates":[-108.5841,38.6797]},"properties":{"s":25.0,"pub":true}},{"type":"Feature","geometry":{"type":"Point","coordinates":[-108.5841,38.6855]},"properties":{"s":25.0,"pub":true}},{"type":"Feature","geometry":{"type":"Point","coordinates":[-108.5841,38.6913]},"properties":{"s":25.0,"pub":true}},{"type":"Feature","geometry":{"type":"Point","coordinates":[-108.5841,38.6971]},"properties":{"s":25.0,"pub":true}},{"type":"Feature","geometry":{"type":"Point","coordinates":[-108.5841,38.7029]},"properties":{"s":25.0,"pub":true}},{"type":"Feature","geometry":{"type":"Point","coordinates":[-108.5841,38.7087]},"properties":{"s":21.4,"pub":true}},{"type":"Feature","geometry":{"type":"Point","coordinates":[-108.5841,38.7145]},"properties":{"s":25.0,"pub":true}},{"type":"Feature","geometry":{"type":"Point","coordinates":[-108.5841,38.7203]},"properties":{"s":25.0,"pub":true}},{"type":"Feature","geometry":{"type":"Point","coordinates":[-108.5841,38.7261]},"properties":{"s":25.0,"pub":true}},{"type":"Feature","geometry":{"type":"Point","coordinates":[-108.5841,38.7319]},"properties":{"s":25.0,"pub":true}},{"type":"Feature","geometry":{"type":"Point","coordinates":[-108.5841,38.7377]},"properties":{"s":21.4,"pub":true}},{"type":"Feature","geometry":{"type":"Point","coordinates":[-108.5766,38.4883]},"properties":{"s":64.3,"pub":true}},{"type":"Feature","geometry":{"type":"Point","coordinates":[-108.5766,38.4941]},"properties":{"s":64.3,"pub":true}},{"type":"Feature","geometry":{"type":"Point","coordinates":[-108.5766,38.4999]},"properties":{"s":64.3,"pub":true}},{"type":"Feature","geometry":{"type":"Point","coordinates":[-108.5766,38.5057]},"properties":{"s":64.3,"pub":true}},{"type":"Feature","geometry":{"type":"Point","coordinates":[-108.5766,38.5115]},"properties":{"s":64.3,"pub":true}},{"type":"Feature","geometry":{"type":"Point","coordinates":[-108.5766,38.5173]},"properties":{"s":92.9,"pub":true}},{"type":"Feature","geometry":{"type":"Point","coordinates":[-108.5766,38.5231]},"properties":{"s":92.9,"pub":true}},{"type":"Feature","geometry":{"type":"Point","coordinates":[-108.5766,38.5289]},"properties":{"s":92.9,"pub":true}},{"type":"Feature","geometry":{"type":"Point","coordinates":[-108.5766,38.5347]},"properties":{"s":92.9,"pub":true}},{"type":"Feature","geometry":{"type":"Point","coordinates":[-108.5766,38.5405]},"properties":{"s":92.9,"pub":true}},{"type":"Feature","geometry":{"type":"Point","coordinates":[-108.5766,38.5463]},"properties":{"s":92.9,"pub":true}},{"type":"Feature","geometry":{"type":"Point","coordinates":[-108.5766,38.5521]},"properties":{"s":92.9,"pub":true}},{"type":"Feature","geometry":{"type":"Point","coordinates":[-108.5766,38.5579]},"properties":{"s":21.4,"pub":true}},{"type":"Feature","geometry":{"type":"Point","coordinates":[-108.5766,38.5637]},"properties":{"s":21.4,"pub":true}},{"type":"Feature","geometry":{"type":"Point","coordinates":[-108.5766,38.5695]},"properties":{"s":21.4,"pub":true}},{"type":"Feature","geometry":{"type":"Point","coordinates":[-108.5766,38.5753]},"properties":{"s":21.4,"pub":true}},{"type":"Feature","geometry":{"type":"Point","coordinates":[-108.5766,38.5811]},"properties":{"s":21.4,"pub":true}},{"type":"Feature","geometry":{"type":"Point","coordinates":[-108.5766,38.5869]},"properties":{"s":21.4,"pub":true}},{"type":"Feature","geometry":{"type":"Point","coordinates":[-108.5766,38.5927]},"properties":{"s":50.0,"pub":true}},{"type":"Feature","geometry":{"type":"Point","coordinates":[-108.5766,38.5985]},"properties":{"s":50.0,"pub":true}},{"type":"Feature","geometry":{"type":"Point","coordinates":[-108.5766,38.6043]},"properties":{"s":50.0,"pub":true}},{"type":"Feature","geometry":{"type":"Point","coordinates":[-108.5766,38.6101]},"properties":{"s":21.4,"pub":true}},{"type":"Feature","geometry":{"type":"Point","coordinates":[-108.5766,38.6159]},"properties":{"s":25.0,"pub":true}},{"type":"Feature","geometry":{"type":"Point","coordinates":[-108.5766,38.6217]},"properties":{"s":25.0,"pub":true}},{"type":"Feature","geometry":{"type":"Point","coordinates":[-108.5766,38.6275]},"properties":{"s":67.9,"pub":true}},{"type":"Feature","geometry":{"type":"Point","coordinates":[-108.5766,38.6333]},"properties":{"s":67.9,"pub":true}},{"type":"Feature","geometry":{"type":"Point","coordinates":[-108.5766,38.6391]},"properties":{"s":25.0,"pub":true}},{"type":"Feature","geometry":{"type":"Point","coordinates":[-108.5766,38.6449]},"properties":{"s":25.0,"pub":true}},{"type":"Feature","geometry":{"type":"Point","coordinates":[-108.5766,38.6507]},"properties":{"s":25.0,"pub":true}},{"type":"Feature","geometry":{"type":"Point","coordinates":[-108.5766,38.6565]},"properties":{"s":25.0,"pub":true}},{"type":"Feature","geometry":{"type":"Point","coordinates":[-108.5766,38.6623]},"properties":{"s":25.0,"pub":true}},{"type":"Feature","geometry":{"type":"Point","coordinates":[-108.5766,38.6681]},"properties":{"s":25.0,"pub":true}},{"type":"Feature","geometry":{"type":"Point","coordinates":[-108.5766,38.6739]},"properties":{"s":25.0,"pub":true}},{"type":"Feature","geometry":{"type":"Point","coordinates":[-108.5766,38.6797]},"properties":{"s":25.0,"pub":true}},{"type":"Feature","geometry":{"type":"Point","coordinates":[-108.5766,38.6855]},"properties":{"s":25.0,"pub":true}},{"type":"Feature","geometry":{"type":"Point","coordinates":[-108.5766,38.6913]},"properties":{"s":25.0,"pub":true}},{"type":"Feature","geometry":{"type":"Point","coordinates":[-108.5766,38.6971]},"properties":{"s":25.0,"pub":true}},{"type":"Feature","geometry":{"type":"Point","coordinates":[-108.5766,38.7029]},"properties":{"s":25.0,"pub":true}},{"type":"Feature","geometry":{"type":"Point","coordinates":[-108.5766,38.7087]},"properties":{"s":25.0,"pub":true}},{"type":"Feature","geometry":{"type":"Point","coordinates":[-108.5766,38.7145]},"properties":{"s":25.0,"pub":true}},{"type":"Feature","geometry":{"type":"Point","coordinates":[-108.5766,38.7203]},"properties":{"s":25.0,"pub":true}},{"type":"Feature","geometry":{"type":"Point","coordinates":[-108.5766,38.7261]},"properties":{"s":25.0,"pub":true}},{"type":"Feature","geometry":{"type":"Point","coordinates":[-108.5766,38.7319]},"properties":{"s":25.0,"pub":true}},{"type":"Feature","geometry":{"type":"Point","coordinates":[-108.5766,38.7377]},"properties":{"s":21.4,"pub":true}},{"type":"Feature","geometry":{"type":"Point","coordinates":[-108.5691,38.4767]},"properties":{"s":21.4,"pub":true}},{"type":"Feature","geometry":{"type":"Point","coordinates":[-108.5691,38.4825]},"properties":{"s":64.3,"pub":true}},{"type":"Feature","geometry":{"type":"Point","coordinates":[-108.5691,38.4883]},"properties":{"s":64.3,"pub":true}},{"type":"Feature","geometry":{"type":"Point","coordinates":[-108.5691,38.4941]},"properties":{"s":64.3,"pub":true}},{"type":"Feature","geometry":{"type":"Point","coordinates":[-108.5691,38.4999]},"properties":{"s":64.3,"pub":true}},{"type":"Feature","geometry":{"type":"Point","coordinates":[-108.5691,38.5057]},"properties":{"s":64.3,"pub":true}},{"type":"Feature","geometry":{"type":"Point","coordinates":[-108.5691,38.5115]},"properties":{"s":64.3,"pub":true}},{"type":"Feature","geometry":{"type":"Point","coordinates":[-108.5691,38.5173]},"properties":{"s":92.9,"pub":true}},{"type":"Feature","geometry":{"type":"Point","coordinates":[-108.5691,38.5231]},"properties":{"s":92.9,"pub":true}},{"type":"Feature","geometry":{"type":"Point","coordinates":[-108.5691,38.5289]},"properties":{"s":92.9,"pub":true}},{"type":"Feature","geometry":{"type":"Point","coordinates":[-108.5691,38.5347]},"properties":{"s":64.3,"pub":true}},{"type":"Feature","geometry":{"type":"Point","coordinates":[-108.5691,38.5405]},"properties":{"s":64.3,"pub":true}},{"type":"Feature","geometry":{"type":"Point","coordinates":[-108.5691,38.5463]},"properties":{"s":64.3,"pub":true}},{"type":"Feature","geometry":{"type":"Point","coordinates":[-108.5691,38.5521]},"properties":{"s":64.3,"pub":true}},{"type":"Feature","geometry":{"type":"Point","coordinates":[-108.5691,38.5579]},"properties":{"s":21.4,"pub":true}},{"type":"Feature","geometry":{"type":"Point","coordinates":[-108.5691,38.5637]},"properties":{"s":21.4,"pub":true}},{"type":"Feature","geometry":{"type":"Point","coordinates":[-108.5691,38.5695]},"properties":{"s":21.4,"pub":true}},{"type":"Feature","geometry":{"type":"Point","coordinates":[-108.5691,38.5753]},"properties":{"s":21.4,"pub":true}},{"type":"Feature","geometry":{"type":"Point","coordinates":[-108.5691,38.5811]},"properties":{"s":21.4,"pub":true}},{"type":"Feature","geometry":{"type":"Point","coordinates":[-108.5691,38.5869]},"properties":{"s":21.4,"pub":true}},{"type":"Feature","geometry":{"type":"Point","coordinates":[-108.5691,38.5927]},"properties":{"s":21.4,"pub":true}},{"type":"Feature","geometry":{"type":"Point","coordinates":[-108.5691,38.5985]},"properties":{"s":50.0,"pub":true}},{"type":"Feature","geometry":{"type":"Point","coordinates":[-108.5691,38.6043]},"properties":{"s":50.0,"pub":true}},{"type":"Feature","geometry":{"type":"Point","coordinates":[-108.5691,38.6101]},"properties":{"s":21.4,"pub":true}},{"type":"Feature","geometry":{"type":"Point","coordinates":[-108.5691,38.6159]},"properties":{"s":25.0,"pub":true}},{"type":"Feature","geometry":{"type":"Point","coordinates":[-108.5691,38.6217]},"properties":{"s":25.0,"pub":true}},{"type":"Feature","geometry":{"type":"Point","coordinates":[-108.5691,38.6275]},"properties":{"s":96.4,"pub":true}},{"type":"Feature","geometry":{"type":"Point","coordinates":[-108.5691,38.6333]},"properties":{"s":96.4,"pub":true}},{"type":"Feature","geometry":{"type":"Point","coordinates":[-108.5691,38.6391]},"properties":{"s":96.4,"pub":true}},{"type":"Feature","geometry":{"type":"Point","coordinates":[-108.5691,38.6449]},"properties":{"s":25.0,"pub":true}},{"type":"Feature","geometry":{"type":"Point","coordinates":[-108.5691,38.6507]},"properties":{"s":25.0,"pub":true}},{"type":"Feature","geometry":{"type":"Point","coordinates":[-108.5691,38.6565]},"properties":{"s":25.0,"pub":true}},{"type":"Feature","geometry":{"type":"Point","coordinates":[-108.5691,38.6623]},"properties":{"s":25.0,"pub":true}},{"type":"Feature","geometry":{"type":"Point","coordinates":[-108.5691,38.6681]},"properties":{"s":25.0,"pub":true}},{"type":"Feature","geometry":{"type":"Point","coordinates":[-108.5691,38.6739]},"properties":{"s":25.0,"pub":true}},{"type":"Feature","geometry":{"type":"Point","coordinates":[-108.5691,38.6797]},"properties":{"s":25.0,"pub":true}},{"type":"Feature","geometry":{"type":"Point","coordinates":[-108.5691,38.6855]},"properties":{"s":25.0,"pub":true}},{"type":"Feature","geometry":{"type":"Point","coordinates":[-108.5691,38.6913]},"properties":{"s":25.0,"pub":true}},{"type":"Feature","geometry":{"type":"Point","coordinates":[-108.5691,38.6971]},"properties":{"s":25.0,"pub":true}},{"type":"Feature","geometry":{"type":"Point","coordinates":[-108.5691,38.7029]},"properties":{"s":25.0,"pub":true}},{"type":"Feature","geometry":{"type":"Point","coordinates":[-108.5691,38.7087]},"properties":{"s":25.0,"pub":true}},{"type":"Feature","geometry":{"type":"Point","coordinates":[-108.5691,38.7145]},"properties":{"s":28.6,"pub":true}},{"type":"Feature","geometry":{"type":"Point","coordinates":[-108.5691,38.7203]},"properties":{"s":25.0,"pub":true}},{"type":"Feature","geometry":{"type":"Point","coordinates":[-108.5691,38.7261]},"properties":{"s":25.0,"pub":true}},{"type":"Feature","geometry":{"type":"Point","coordinates":[-108.5691,38.7319]},"properties":{"s":21.4,"pub":true}},{"type":"Feature","geometry":{"type":"Point","coordinates":[-108.5691,38.7377]},"properties":{"s":21.4,"pub":true}},{"type":"Feature","geometry":{"type":"Point","coordinates":[-108.5616,38.4767]},"properties":{"s":21.4,"pub":true}},{"type":"Feature","geometry":{"type":"Point","coordinates":[-108.5616,38.4825]},"properties":{"s":64.3,"pub":true}},{"type":"Feature","geometry":{"type":"Point","coordinates":[-108.5616,38.4883]},"properties":{"s":64.3,"pub":true}},{"type":"Feature","geometry":{"type":"Point","coordinates":[-108.5616,38.4941]},"properties":{"s":64.3,"pub":true}},{"type":"Feature","geometry":{"type":"Point","coordinates":[-108.5616,38.4999]},"properties":{"s":64.3,"pub":true}},{"type":"Feature","geometry":{"type":"Point","coordinates":[-108.5616,38.5057]},"properties":{"s":64.3,"pub":true}},{"type":"Feature","geometry":{"type":"Point","coordinates":[-108.5616,38.5115]},"properties":{"s":64.3,"pub":true}},{"type":"Feature","geometry":{"type":"Point","coordinates":[-108.5616,38.5173]},"properties":{"s":92.9,"pub":true}},{"type":"Feature","geometry":{"type":"Point","coordinates":[-108.5616,38.5231]},"properties":{"s":64.3,"pub":true}},{"type":"Feature","geometry":{"type":"Point","coordinates":[-108.5616,38.5289]},"properties":{"s":64.3,"pub":true}},{"type":"Feature","geometry":{"type":"Point","coordinates":[-108.5616,38.5347]},"properties":{"s":64.3,"pub":true}},{"type":"Feature","geometry":{"type":"Point","coordinates":[-108.5616,38.5405]},"properties":{"s":64.3,"pub":true}},{"type":"Feature","geometry":{"type":"Point","coordinates":[-108.5616,38.5463]},"properties":{"s":64.3,"pub":true}},{"type":"Feature","geometry":{"type":"Point","coordinates":[-108.5616,38.5521]},"properties":{"s":67.9,"pub":true}},{"type":"Feature","geometry":{"type":"Point","coordinates":[-108.5616,38.5579]},"properties":{"s":21.4,"pub":true}},{"type":"Feature","geometry":{"type":"Point","coordinates":[-108.5616,38.5637]},"properties":{"s":21.4,"pub":true}},{"type":"Feature","geometry":{"type":"Point","coordinates":[-108.5616,38.5695]},"properties":{"s":21.4,"pub":true}},{"type":"Feature","geometry":{"type":"Point","coordinates":[-108.5616,38.5753]},"properties":{"s":21.4,"pub":true}},{"type":"Feature","geometry":{"type":"Point","coordinates":[-108.5616,38.5811]},"properties":{"s":21.4,"pub":true}},{"type":"Feature","geometry":{"type":"Point","coordinates":[-108.5616,38.5869]},"properties":{"s":21.4,"pub":true}},{"type":"Feature","geometry":{"type":"Point","coordinates":[-108.5616,38.5927]},"properties":{"s":21.4,"pub":true}},{"type":"Feature","geometry":{"type":"Point","coordinates":[-108.5616,38.5985]},"properties":{"s":50.0,"pub":true}},{"type":"Feature","geometry":{"type":"Point","coordinates":[-108.5616,38.6043]},"properties":{"s":50.0,"pub":true}},{"type":"Feature","geometry":{"type":"Point","coordinates":[-108.5616,38.6101]},"properties":{"s":21.4,"pub":true}},{"type":"Feature","geometry":{"type":"Point","coordinates":[-108.5616,38.6159]},"properties":{"s":25.0,"pub":true}},{"type":"Feature","geometry":{"type":"Point","coordinates":[-108.5616,38.6217]},"properties":{"s":53.6,"pub":true}},{"type":"Feature","geometry":{"type":"Point","coordinates":[-108.5616,38.6275]},"properties":{"s":96.4,"pub":true}},{"type":"Feature","geometry":{"type":"Point","coordinates":[-108.5616,38.6333]},"properties":{"s":96.4,"pub":true}},{"type":"Feature","geometry":{"type":"Point","coordinates":[-108.5616,38.6391]},"properties":{"s":67.9,"pub":true}},{"type":"Feature","geometry":{"type":"Point","coordinates":[-108.5616,38.6449]},"properties":{"s":25.0,"pub":true}},{"type":"Feature","geometry":{"type":"Point","coordinates":[-108.5616,38.6507]},"properties":{"s":25.0,"pub":true}},{"type":"Feature","geometry":{"type":"Point","coordinates":[-108.5616,38.6565]},"properties":{"s":25.0,"pub":true}},{"type":"Feature","geometry":{"type":"Point","coordinates":[-108.5616,38.6623]},"properties":{"s":25.0,"pub":true}},{"type":"Feature","geometry":{"type":"Point","coordinates":[-108.5616,38.6681]},"properties":{"s":25.0,"pub":true}},{"type":"Feature","geometry":{"type":"Point","coordinates":[-108.5616,38.6739]},"properties":{"s":25.0,"pub":true}},{"type":"Feature","geometry":{"type":"Point","coordinates":[-108.5616,38.6797]},"properties":{"s":25.0,"pub":true}},{"type":"Feature","geometry":{"type":"Point","coordinates":[-108.5616,38.6855]},"properties":{"s":25.0,"pub":true}},{"type":"Feature","geometry":{"type":"Point","coordinates":[-108.5616,38.6913]},"properties":{"s":25.0,"pub":true}},{"type":"Feature","geometry":{"type":"Point","coordinates":[-108.5616,38.6971]},"properties":{"s":25.0,"pub":true}},{"type":"Feature","geometry":{"type":"Point","coordinates":[-108.5616,38.7029]},"properties":{"s":25.0,"pub":true}},{"type":"Feature","geometry":{"type":"Point","coordinates":[-108.5616,38.7087]},"properties":{"s":25.0,"pub":true}},{"type":"Feature","geometry":{"type":"Point","coordinates":[-108.5616,38.7145]},"properties":{"s":28.6,"pub":true}},{"type":"Feature","geometry":{"type":"Point","coordinates":[-108.5616,38.7203]},"properties":{"s":28.6,"pub":true}},{"type":"Feature","geometry":{"type":"Point","coordinates":[-108.5616,38.7261]},"properties":{"s":25.0,"pub":true}},{"type":"Feature","geometry":{"type":"Point","coordinates":[-108.5541,38.4709]},"properties":{"s":21.4,"pub":true}},{"type":"Feature","geometry":{"type":"Point","coordinates":[-108.5541,38.4767]},"properties":{"s":21.4,"pub":true}},{"type":"Feature","geometry":{"type":"Point","coordinates":[-108.5541,38.4825]},"properties":{"s":64.3,"pub":true}},{"type":"Feature","geometry":{"type":"Point","coordinates":[-108.5541,38.4883]},"properties":{"s":64.3,"pub":true}},{"type":"Feature","geometry":{"type":"Point","coordinates":[-108.5541,38.4941]},"properties":{"s":64.3,"pub":true}},{"type":"Feature","geometry":{"type":"Point","coordinates":[-108.5541,38.4999]},"properties":{"s":64.3,"pub":true}},{"type":"Feature","geometry":{"type":"Point","coordinates":[-108.5541,38.5057]},"properties":{"s":64.3,"pub":true}},{"type":"Feature","geometry":{"type":"Point","coordinates":[-108.5541,38.5115]},"properties":{"s":64.3,"pub":true}},{"type":"Feature","geometry":{"type":"Point","coordinates":[-108.5541,38.5173]},"properties":{"s":64.3,"pub":true}},{"type":"Feature","geometry":{"type":"Point","coordinates":[-108.5541,38.5231]},"properties":{"s":64.3,"pub":true}},{"type":"Feature","geometry":{"type":"Point","coordinates":[-108.5541,38.5289]},"properties":{"s":64.3,"pub":true}},{"type":"Feature","geometry":{"type":"Point","coordinates":[-108.5541,38.5347]},"properties":{"s":64.3,"pub":true}},{"type":"Feature","geometry":{"type":"Point","coordinates":[-108.5541,38.5405]},"properties":{"s":64.3,"pub":true}},{"type":"Feature","geometry":{"type":"Point","coordinates":[-108.5541,38.5463]},"properties":{"s":92.9,"pub":true}},{"type":"Feature","geometry":{"type":"Point","coordinates":[-108.5541,38.5521]},"properties":{"s":96.4,"pub":true}},{"type":"Feature","geometry":{"type":"Point","coordinates":[-108.5541,38.5579]},"properties":{"s":67.9,"pub":true}},{"type":"Feature","geometry":{"type":"Point","coordinates":[-108.5541,38.5637]},"properties":{"s":21.4,"pub":true}},{"type":"Feature","geometry":{"type":"Point","coordinates":[-108.5541,38.5695]},"properties":{"s":21.4,"pub":true}},{"type":"Feature","geometry":{"type":"Point","coordinates":[-108.5541,38.5753]},"properties":{"s":21.4,"pub":true}},{"type":"Feature","geometry":{"type":"Point","coordinates":[-108.5541,38.5811]},"properties":{"s":25.0,"pub":true}},{"type":"Feature","geometry":{"type":"Point","coordinates":[-108.5541,38.5869]},"properties":{"s":25.0,"pub":true}},{"type":"Feature","geometry":{"type":"Point","coordinates":[-108.5541,38.5927]},"properties":{"s":21.4,"pub":true}},{"type":"Feature","geometry":{"type":"Point","coordinates":[-108.5541,38.5985]},"properties":{"s":21.4,"pub":true}},{"type":"Feature","geometry":{"type":"Point","coordinates":[-108.5541,38.6043]},"properties":{"s":50.0,"pub":true}},{"type":"Feature","geometry":{"type":"Point","coordinates":[-108.5541,38.6101]},"properties":{"s":50.0,"pub":true}},{"type":"Feature","geometry":{"type":"Point","coordinates":[-108.5541,38.6159]},"properties":{"s":25.0,"pub":true}},{"type":"Feature","geometry":{"type":"Point","coordinates":[-108.5541,38.6217]},"properties":{"s":25.0,"pub":true}},{"type":"Feature","geometry":{"type":"Point","coordinates":[-108.5541,38.6275]},"properties":{"s":53.6,"pub":true}},{"type":"Feature","geometry":{"type":"Point","coordinates":[-108.5541,38.6333]},"properties":{"s":96.4,"pub":true}},{"type":"Feature","geometry":{"type":"Point","coordinates":[-108.5541,38.6391]},"properties":{"s":67.9,"pub":true}},{"type":"Feature","geometry":{"type":"Point","coordinates":[-108.5541,38.6449]},"properties":{"s":67.9,"pub":true}},{"type":"Feature","geometry":{"type":"Point","coordinates":[-108.5541,38.6507]},"properties":{"s":25.0,"pub":true}},{"type":"Feature","geometry":{"type":"Point","coordinates":[-108.5541,38.6565]},"properties":{"s":25.0,"pub":true}},{"type":"Feature","geometry":{"type":"Point","coordinates":[-108.5541,38.6623]},"properties":{"s":25.0,"pub":true}},{"type":"Feature","geometry":{"type":"Point","coordinates":[-108.5541,38.6681]},"properties":{"s":25.0,"pub":true}},{"type":"Feature","geometry":{"type":"Point","coordinates":[-108.5541,38.6739]},"properties":{"s":25.0,"pub":true}},{"type":"Feature","geometry":{"type":"Point","coordinates":[-108.5541,38.6797]},"properties":{"s":25.0,"pub":true}},{"type":"Feature","geometry":{"type":"Point","coordinates":[-108.5541,38.6855]},"properties":{"s":25.0,"pub":true}},{"type":"Feature","geometry":{"type":"Point","coordinates":[-108.5541,38.6913]},"properties":{"s":25.0,"pub":true}},{"type":"Feature","geometry":{"type":"Point","coordinates":[-108.5541,38.6971]},"properties":{"s":25.0,"pub":true}},{"type":"Feature","geometry":{"type":"Point","coordinates":[-108.5541,38.7029]},"properties":{"s":25.0,"pub":true}},{"type":"Feature","geometry":{"type":"Point","coordinates":[-108.5541,38.7087]},"properties":{"s":25.0,"pub":true}},{"type":"Feature","geometry":{"type":"Point","coordinates":[-108.5541,38.7145]},"properties":{"s":28.6,"pub":true}},{"type":"Feature","geometry":{"type":"Point","coordinates":[-108.5541,38.7203]},"properties":{"s":28.6,"pub":true}},{"type":"Feature","geometry":{"type":"Point","coordinates":[-108.5541,38.7261]},"properties":{"s":28.6,"pub":true}},{"type":"Feature","geometry":{"type":"Point","coordinates":[-108.5466,38.4651]},"properties":{"s":21.4,"pub":true}},{"type":"Feature","geometry":{"type":"Point","coordinates":[-108.5466,38.4709]},"properties":{"s":21.4,"pub":true}},{"type":"Feature","geometry":{"type":"Point","coordinates":[-108.5466,38.4767]},"properties":{"s":64.3,"pub":true}},{"type":"Feature","geometry":{"type":"Point","coordinates":[-108.5466,38.4825]},"properties":{"s":64.3,"pub":true}},{"type":"Feature","geometry":{"type":"Point","coordinates":[-108.5466,38.4883]},"properties":{"s":64.3,"pub":true}},{"type":"Feature","geometry":{"type":"Point","coordinates":[-108.5466,38.4941]},"properties":{"s":64.3,"pub":true}},{"type":"Feature","geometry":{"type":"Point","coordinates":[-108.5466,38.4999]},"properties":{"s":64.3,"pub":true}},{"type":"Feature","geometry":{"type":"Point","coordinates":[-108.5466,38.5057]},"properties":{"s":64.3,"pub":true}},{"type":"Feature","geometry":{"type":"Point","coordinates":[-108.5466,38.5115]},"properties":{"s":64.3,"pub":true}},{"type":"Feature","geometry":{"type":"Point","coordinates":[-108.5466,38.5173]},"properties":{"s":64.3,"pub":true}},{"type":"Feature","geometry":{"type":"Point","coordinates":[-108.5466,38.5231]},"properties":{"s":64.3,"pub":true}},{"type":"Feature","geometry":{"type":"Point","coordinates":[-108.5466,38.5289]},"properties":{"s":64.3,"pub":true}},{"type":"Feature","geometry":{"type":"Point","coordinates":[-108.5466,38.5347]},"properties":{"s":64.3,"pub":true}},{"type":"Feature","geometry":{"type":"Point","coordinates":[-108.5466,38.5405]},"properties":{"s":64.3,"pub":true}},{"type":"Feature","geometry":{"type":"Point","coordinates":[-108.5466,38.5463]},"properties":{"s":92.9,"pub":true}},{"type":"Feature","geometry":{"type":"Point","coordinates":[-108.5466,38.5521]},"properties":{"s":96.4,"pub":true}},{"type":"Feature","geometry":{"type":"Point","coordinates":[-108.5466,38.5579]},"properties":{"s":96.4,"pub":true}},{"type":"Feature","geometry":{"type":"Point","coordinates":[-108.5466,38.5637]},"properties":{"s":25.0,"pub":true}},{"type":"Feature","geometry":{"type":"Point","coordinates":[-108.5466,38.5695]},"properties":{"s":21.4,"pub":true}},{"type":"Feature","geometry":{"type":"Point","coordinates":[-108.5466,38.5753]},"properties":{"s":21.4,"pub":true}},{"type":"Feature","geometry":{"type":"Point","coordinates":[-108.5466,38.5811]},"properties":{"s":25.0,"pub":true}},{"type":"Feature","geometry":{"type":"Point","coordinates":[-108.5466,38.5869]},"properties":{"s":25.0,"pub":true}},{"type":"Feature","geometry":{"type":"Point","coordinates":[-108.5466,38.5927]},"properties":{"s":21.4,"pub":true}},{"type":"Feature","geometry":{"type":"Point","coordinates":[-108.5466,38.5985]},"properties":{"s":21.4,"pub":true}},{"type":"Feature","geometry":{"type":"Point","coordinates":[-108.5466,38.6043]},"properties":{"s":21.4,"pub":true}},{"type":"Feature","geometry":{"type":"Point","coordinates":[-108.5466,38.6101]},"properties":{"s":50.0,"pub":true}},{"type":"Feature","geometry":{"type":"Point","coordinates":[-108.5466,38.6159]},"properties":{"s":21.4,"pub":true}},{"type":"Feature","geometry":{"type":"Point","coordinates":[-108.5466,38.6217]},"properties":{"s":25.0,"pub":true}},{"type":"Feature","geometry":{"type":"Point","coordinates":[-108.5466,38.6275]},"properties":{"s":25.0,"pub":true}},{"type":"Feature","geometry":{"type":"Point","coordinates":[-108.5466,38.6333]},"properties":{"s":96.4,"pub":true}},{"type":"Feature","geometry":{"type":"Point","coordinates":[-108.5466,38.6391]},"properties":{"s":96.4,"pub":true}},{"type":"Feature","geometry":{"type":"Point","coordinates":[-108.5466,38.6449]},"properties":{"s":67.9,"pub":true}},{"type":"Feature","geometry":{"type":"Point","coordinates":[-108.5466,38.6507]},"properties":{"s":67.9,"pub":true}},{"type":"Feature","geometry":{"type":"Point","coordinates":[-108.5466,38.6565]},"properties":{"s":25.0,"pub":true}},{"type":"Feature","geometry":{"type":"Point","coordinates":[-108.5466,38.6623]},"properties":{"s":25.0,"pub":true}},{"type":"Feature","geometry":{"type":"Point","coordinates":[-108.5466,38.6681]},"properties":{"s":25.0,"pub":true}},{"type":"Feature","geometry":{"type":"Point","coordinates":[-108.5466,38.6739]},"properties":{"s":25.0,"pub":true}},{"type":"Feature","geometry":{"type":"Point","coordinates":[-108.5466,38.6797]},"properties":{"s":25.0,"pub":true}},{"type":"Feature","geometry":{"type":"Point","coordinates":[-108.5466,38.6855]},"properties":{"s":25.0,"pub":true}},{"type":"Feature","geometry":{"type":"Point","coordinates":[-108.5466,38.6913]},"properties":{"s":25.0,"pub":true}},{"type":"Feature","geometry":{"type":"Point","coordinates":[-108.5466,38.6971]},"properties":{"s":25.0,"pub":true}},{"type":"Feature","geometry":{"type":"Point","coordinates":[-108.5466,38.7029]},"properties":{"s":25.0,"pub":true}},{"type":"Feature","geometry":{"type":"Point","coordinates":[-108.5466,38.7087]},"properties":{"s":28.6,"pub":true}},{"type":"Feature","geometry":{"type":"Point","coordinates":[-108.5466,38.7145]},"properties":{"s":28.6,"pub":true}},{"type":"Feature","geometry":{"type":"Point","coordinates":[-108.5466,38.7203]},"properties":{"s":28.6,"pub":true}},{"type":"Feature","geometry":{"type":"Point","coordinates":[-108.5391,38.4593]},"properties":{"s":21.4,"pub":true}},{"type":"Feature","geometry":{"type":"Point","coordinates":[-108.5391,38.4651]},"properties":{"s":21.4,"pub":true}},{"type":"Feature","geometry":{"type":"Point","coordinates":[-108.5391,38.4709]},"properties":{"s":21.4,"pub":true}},{"type":"Feature","geometry":{"type":"Point","coordinates":[-108.5391,38.4767]},"properties":{"s":21.4,"pub":true}},{"type":"Feature","geometry":{"type":"Point","coordinates":[-108.5391,38.4825]},"properties":{"s":64.3,"pub":true}},{"type":"Feature","geometry":{"type":"Point","coordinates":[-108.5391,38.4883]},"properties":{"s":64.3,"pub":true}},{"type":"Feature","geometry":{"type":"Point","coordinates":[-108.5391,38.4941]},"properties":{"s":64.3,"pub":true}},{"type":"Feature","geometry":{"type":"Point","coordinates":[-108.5391,38.4999]},"properties":{"s":64.3,"pub":true}},{"type":"Feature","geometry":{"type":"Point","coordinates":[-108.5391,38.5057]},"properties":{"s":64.3,"pub":true}},{"type":"Feature","geometry":{"type":"Point","coordinates":[-108.5391,38.5115]},"properties":{"s":64.3,"pub":true}},{"type":"Feature","geometry":{"type":"Point","coordinates":[-108.5391,38.5173]},"properties":{"s":64.3,"pub":true}},{"type":"Feature","geometry":{"type":"Point","coordinates":[-108.5391,38.5231]},"properties":{"s":64.3,"pub":true}},{"type":"Feature","geometry":{"type":"Point","coordinates":[-108.5391,38.5289]},"properties":{"s":64.3,"pub":true}},{"type":"Feature","geometry":{"type":"Point","coordinates":[-108.5391,38.5347]},"properties":{"s":64.3,"pub":true}},{"type":"Feature","geometry":{"type":"Point","coordinates":[-108.5391,38.5405]},"properties":{"s":64.3,"pub":true}},{"type":"Feature","geometry":{"type":"Point","coordinates":[-108.5391,38.5463]},"properties":{"s":92.9,"pub":true}},{"type":"Feature","geometry":{"type":"Point","coordinates":[-108.5391,38.5521]},"properties":{"s":96.4,"pub":true}},{"type":"Feature","geometry":{"type":"Point","coordinates":[-108.5391,38.5579]},"properties":{"s":96.4,"pub":true}},{"type":"Feature","geometry":{"type":"Point","coordinates":[-108.5391,38.5637]},"properties":{"s":53.6,"pub":true}},{"type":"Feature","geometry":{"type":"Point","coordinates":[-108.5391,38.5695]},"properties":{"s":21.4,"pub":true}},{"type":"Feature","geometry":{"type":"Point","coordinates":[-108.5391,38.5753]},"properties":{"s":21.4,"pub":true}},{"type":"Feature","geometry":{"type":"Point","coordinates":[-108.5391,38.5811]},"properties":{"s":25.0,"pub":true}},{"type":"Feature","geometry":{"type":"Point","coordinates":[-108.5391,38.5869]},"properties":{"s":25.0,"pub":true}},{"type":"Feature","geometry":{"type":"Point","coordinates":[-108.5391,38.5927]},"properties":{"s":25.0,"pub":true}},{"type":"Feature","geometry":{"type":"Point","coordinates":[-108.5391,38.5985]},"properties":{"s":21.4,"pub":true}},{"type":"Feature","geometry":{"type":"Point","coordinates":[-108.5391,38.6043]},"properties":{"s":21.4,"pub":true}},{"type":"Feature","geometry":{"type":"Point","coordinates":[-108.5391,38.6101]},"properties":{"s":21.4,"pub":true}},{"type":"Feature","geometry":{"type":"Point","coordinates":[-108.5391,38.6159]},"properties":{"s":21.4,"pub":true}},{"type":"Feature","geometry":{"type":"Point","coordinates":[-108.5391,38.6217]},"properties":{"s":25.0,"pub":true}},{"type":"Feature","geometry":{"type":"Point","coordinates":[-108.5391,38.6275]},"properties":{"s":25.0,"pub":true}},{"type":"Feature","geometry":{"type":"Point","coordinates":[-108.5391,38.6333]},"properties":{"s":67.9,"pub":true}},{"type":"Feature","geometry":{"type":"Point","coordinates":[-108.5391,38.6391]},"properties":{"s":96.4,"pub":true}},{"type":"Feature","geometry":{"type":"Point","coordinates":[-108.5391,38.6449]},"properties":{"s":96.4,"pub":true}},{"type":"Feature","geometry":{"type":"Point","coordinates":[-108.5391,38.6507]},"properties":{"s":67.9,"pub":true}},{"type":"Feature","geometry":{"type":"Point","coordinates":[-108.5391,38.6565]},"properties":{"s":67.9,"pub":true}},{"type":"Feature","geometry":{"type":"Point","coordinates":[-108.5391,38.6623]},"properties":{"s":25.0,"pub":true}},{"type":"Feature","geometry":{"type":"Point","coordinates":[-108.5391,38.6681]},"properties":{"s":25.0,"pub":true}},{"type":"Feature","geometry":{"type":"Point","coordinates":[-108.5391,38.6739]},"properties":{"s":25.0,"pub":true}},{"type":"Feature","geometry":{"type":"Point","coordinates":[-108.5391,38.6797]},"properties":{"s":25.0,"pub":true}},{"type":"Feature","geometry":{"type":"Point","coordinates":[-108.5391,38.6855]},"properties":{"s":25.0,"pub":true}},{"type":"Feature","geometry":{"type":"Point","coordinates":[-108.5391,38.6913]},"properties":{"s":25.0,"pub":true}},{"type":"Feature","geometry":{"type":"Point","coordinates":[-108.5391,38.6971]},"properties":{"s":25.0,"pub":true}},{"type":"Feature","geometry":{"type":"Point","coordinates":[-108.5391,38.7029]},"properties":{"s":25.0,"pub":true}},{"type":"Feature","geometry":{"type":"Point","coordinates":[-108.5391,38.7087]},"properties":{"s":28.6,"pub":true}},{"type":"Feature","geometry":{"type":"Point","coordinates":[-108.5391,38.7145]},"properties":{"s":28.6,"pub":true}},{"type":"Feature","geometry":{"type":"Point","coordinates":[-108.5391,38.7203]},"properties":{"s":14.3,"pub":true}},{"type":"Feature","geometry":{"type":"Point","coordinates":[-108.5316,38.4593]},"properties":{"s":21.4,"pub":true}},{"type":"Feature","geometry":{"type":"Point","coordinates":[-108.5316,38.4651]},"properties":{"s":21.4,"pub":true}},{"type":"Feature","geometry":{"type":"Point","coordinates":[-108.5316,38.4709]},"properties":{"s":21.4,"pub":true}},{"type":"Feature","geometry":{"type":"Point","coordinates":[-108.5316,38.4767]},"properties":{"s":21.4,"pub":true}},{"type":"Feature","geometry":{"type":"Point","coordinates":[-108.5316,38.4825]},"properties":{"s":64.3,"pub":true}},{"type":"Feature","geometry":{"type":"Point","coordinates":[-108.5316,38.4883]},"properties":{"s":64.3,"pub":true}},{"type":"Feature","geometry":{"type":"Point","coordinates":[-108.5316,38.4941]},"properties":{"s":64.3,"pub":true}},{"type":"Feature","geometry":{"type":"Point","coordinates":[-108.5316,38.4999]},"properties":{"s":64.3,"pub":true}},{"type":"Feature","geometry":{"type":"Point","coordinates":[-108.5316,38.5057]},"properties":{"s":64.3,"pub":true}},{"type":"Feature","geometry":{"type":"Point","coordinates":[-108.5316,38.5115]},"properties":{"s":64.3,"pub":true}},{"type":"Feature","geometry":{"type":"Point","coordinates":[-108.5316,38.5173]},"properties":{"s":64.3,"pub":true}},{"type":"Feature","geometry":{"type":"Point","coordinates":[-108.5316,38.5231]},"properties":{"s":64.3,"pub":true}},{"type":"Feature","geometry":{"type":"Point","coordinates":[-108.5316,38.5289]},"properties":{"s":64.3,"pub":true}},{"type":"Feature","geometry":{"type":"Point","coordinates":[-108.5316,38.5347]},"properties":{"s":64.3,"pub":true}},{"type":"Feature","geometry":{"type":"Point","coordinates":[-108.5316,38.5405]},"properties":{"s":64.3,"pub":true}},{"type":"Feature","geometry":{"type":"Point","coordinates":[-108.5316,38.5463]},"properties":{"s":64.3,"pub":true}},{"type":"Feature","geometry":{"type":"Point","coordinates":[-108.5316,38.5521]},"properties":{"s":92.9,"pub":true}},{"type":"Feature","geometry":{"type":"Point","coordinates":[-108.5316,38.5579]},"properties":{"s":96.4,"pub":true}},{"type":"Feature","geometry":{"type":"Point","coordinates":[-108.5316,38.5637]},"properties":{"s":96.4,"pub":true}},{"type":"Feature","geometry":{"type":"Point","coordinates":[-108.5316,38.5695]},"properties":{"s":21.4,"pub":true}},{"type":"Feature","geometry":{"type":"Point","coordinates":[-108.5316,38.5753]},"properties":{"s":21.4,"pub":true}},{"type":"Feature","geometry":{"type":"Point","coordinates":[-108.5316,38.5811]},"properties":{"s":21.4,"pub":true}},{"type":"Feature","geometry":{"type":"Point","coordinates":[-108.5316,38.5869]},"properties":{"s":25.0,"pub":true}},{"type":"Feature","geometry":{"type":"Point","coordinates":[-108.5316,38.5927]},"properties":{"s":25.0,"pub":true}},{"type":"Feature","geometry":{"type":"Point","coordinates":[-108.5316,38.5985]},"properties":{"s":25.0,"pub":true}},{"type":"Feature","geometry":{"type":"Point","coordinates":[-108.5316,38.6043]},"properties":{"s":21.4,"pub":true}},{"type":"Feature","geometry":{"type":"Point","coordinates":[-108.5316,38.6101]},"properties":{"s":21.4,"pub":true}},{"type":"Feature","geometry":{"type":"Point","coordinates":[-108.5316,38.6159]},"properties":{"s":21.4,"pub":true}},{"type":"Feature","geometry":{"type":"Point","coordinates":[-108.5316,38.6217]},"properties":{"s":25.0,"pub":true}},{"type":"Feature","geometry":{"type":"Point","coordinates":[-108.5316,38.6275]},"properties":{"s":25.0,"pub":true}},{"type":"Feature","geometry":{"type":"Point","coordinates":[-108.5316,38.6333]},"properties":{"s":67.9,"pub":true}},{"type":"Feature","geometry":{"type":"Point","coordinates":[-108.5316,38.6391]},"properties":{"s":96.4,"pub":true}},{"type":"Feature","geometry":{"type":"Point","coordinates":[-108.5316,38.6449]},"properties":{"s":96.4,"pub":true}},{"type":"Feature","geometry":{"type":"Point","coordinates":[-108.5316,38.6507]},"properties":{"s":96.4,"pub":true}},{"type":"Feature","geometry":{"type":"Point","coordinates":[-108.5316,38.6565]},"properties":{"s":96.4,"pub":true}},{"type":"Feature","geometry":{"type":"Point","coordinates":[-108.5316,38.6623]},"properties":{"s":67.9,"pub":true}},{"type":"Feature","geometry":{"type":"Point","coordinates":[-108.5316,38.6681]},"properties":{"s":25.0,"pub":true}},{"type":"Feature","geometry":{"type":"Point","coordinates":[-108.5316,38.6739]},"properties":{"s":25.0,"pub":true}},{"type":"Feature","geometry":{"type":"Point","coordinates":[-108.5316,38.6797]},"properties":{"s":25.0,"pub":true}},{"type":"Feature","geometry":{"type":"Point","coordinates":[-108.5316,38.6855]},"properties":{"s":25.0,"pub":true}},{"type":"Feature","geometry":{"type":"Point","coordinates":[-108.5316,38.6913]},"properties":{"s":25.0,"pub":true}},{"type":"Feature","geometry":{"type":"Point","coordinates":[-108.5316,38.6971]},"properties":{"s":25.0,"pub":true}},{"type":"Feature","geometry":{"type":"Point","coordinates":[-108.5316,38.7029]},"properties":{"s":25.0,"pub":true}},{"type":"Feature","geometry":{"type":"Point","coordinates":[-108.5316,38.7087]},"properties":{"s":28.6,"pub":true}},{"type":"Feature","geometry":{"type":"Point","coordinates":[-108.5316,38.7145]},"properties":{"s":14.3,"pub":true}},{"type":"Feature","geometry":{"type":"Point","coordinates":[-108.5316,38.7203]},"properties":{"s":14.3,"pub":true}},{"type":"Feature","geometry":{"type":"Point","coordinates":[-108.5241,38.4651]},"properties":{"s":21.4,"pub":true}},{"type":"Feature","geometry":{"type":"Point","coordinates":[-108.5241,38.4709]},"properties":{"s":21.4,"pub":true}},{"type":"Feature","geometry":{"type":"Point","coordinates":[-108.5241,38.4767]},"properties":{"s":21.4,"pub":true}},{"type":"Feature","geometry":{"type":"Point","coordinates":[-108.5241,38.4825]},"properties":{"s":64.3,"pub":true}},{"type":"Feature","geometry":{"type":"Point","coordinates":[-108.5241,38.4883]},"properties":{"s":64.3,"pub":true}},{"type":"Feature","geometry":{"type":"Point","coordinates":[-108.5241,38.4941]},"properties":{"s":64.3,"pub":true}},{"type":"Feature","geometry":{"type":"Point","coordinates":[-108.5241,38.4999]},"properties":{"s":64.3,"pub":true}},{"type":"Feature","geometry":{"type":"Point","coordinates":[-108.5241,38.5057]},"properties":{"s":92.9,"pub":true}},{"type":"Feature","geometry":{"type":"Point","coordinates":[-108.5241,38.5115]},"properties":{"s":92.9,"pub":true}},{"type":"Feature","geometry":{"type":"Point","coordinates":[-108.5241,38.5173]},"properties":{"s":92.9,"pub":true}},{"type":"Feature","geometry":{"type":"Point","coordinates":[-108.5241,38.5231]},"properties":{"s":64.3,"pub":true}},{"type":"Feature","geometry":{"type":"Point","coordinates":[-108.5241,38.5289]},"properties":{"s":64.3,"pub":true}},{"type":"Feature","geometry":{"type":"Point","coordinates":[-108.5241,38.5347]},"properties":{"s":64.3,"pub":true}},{"type":"Feature","geometry":{"type":"Point","coordinates":[-108.5241,38.5405]},"properties":{"s":64.3,"pub":true}},{"type":"Feature","geometry":{"type":"Point","coordinates":[-108.5241,38.5463]},"properties":{"s":64.3,"pub":true}},{"type":"Feature","geometry":{"type":"Point","coordinates":[-108.5241,38.5521]},"properties":{"s":92.9,"pub":true}},{"type":"Feature","geometry":{"type":"Point","coordinates":[-108.5241,38.5579]},"properties":{"s":96.4,"pub":true}},{"type":"Feature","geometry":{"type":"Point","coordinates":[-108.5241,38.5637]},"properties":{"s":96.4,"pub":true}},{"type":"Feature","geometry":{"type":"Point","coordinates":[-108.5241,38.5695]},"properties":{"s":96.4,"pub":true}},{"type":"Feature","geometry":{"type":"Point","coordinates":[-108.5241,38.5753]},"properties":{"s":21.4,"pub":true}},{"type":"Feature","geometry":{"type":"Point","coordinates":[-108.5241,38.5811]},"properties":{"s":21.4,"pub":true}},{"type":"Feature","geometry":{"type":"Point","coordinates":[-108.5241,38.5869]},"properties":{"s":21.4,"pub":true}},{"type":"Feature","geometry":{"type":"Point","coordinates":[-108.5241,38.5927]},"properties":{"s":25.0,"pub":true}},{"type":"Feature","geometry":{"type":"Point","coordinates":[-108.5241,38.5985]},"properties":{"s":25.0,"pub":true}},{"type":"Feature","geometry":{"type":"Point","coordinates":[-108.5241,38.6043]},"properties":{"s":21.4,"pub":true}},{"type":"Feature","geometry":{"type":"Point","coordinates":[-108.5241,38.6101]},"properties":{"s":21.4,"pub":true}},{"type":"Feature","geometry":{"type":"Point","coordinates":[-108.5241,38.6159]},"properties":{"s":21.4,"pub":true}},{"type":"Feature","geometry":{"type":"Point","coordinates":[-108.5241,38.6217]},"properties":{"s":25.0,"pub":true}},{"type":"Feature","geometry":{"type":"Point","coordinates":[-108.5241,38.6275]},"properties":{"s":25.0,"pub":true}},{"type":"Feature","geometry":{"type":"Point","coordinates":[-108.5241,38.6333]},"properties":{"s":67.9,"pub":true}},{"type":"Feature","geometry":{"type":"Point","coordinates":[-108.5241,38.6391]},"properties":{"s":67.9,"pub":true}},{"type":"Feature","geometry":{"type":"Point","coordinates":[-108.5241,38.6449]},"properties":{"s":96.4,"pub":true}},{"type":"Feature","geometry":{"type":"Point","coordinates":[-108.5241,38.6507]},"properties":{"s":96.4,"pub":true}},{"type":"Feature","geometry":{"type":"Point","coordinates":[-108.5241,38.6565]},"properties":{"s":96.4,"pub":true}},{"type":"Feature","geometry":{"type":"Point","coordinates":[-108.5241,38.6623]},"properties":{"s":67.9,"pub":true}},{"type":"Feature","geometry":{"type":"Point","coordinates":[-108.5241,38.6681]},"properties":{"s":25.0,"pub":true}},{"type":"Feature","geometry":{"type":"Point","coordinates":[-108.5241,38.6739]},"properties":{"s":25.0,"pub":true}},{"type":"Feature","geometry":{"type":"Point","coordinates":[-108.5241,38.6797]},"properties":{"s":25.0,"pub":true}},{"type":"Feature","geometry":{"type":"Point","coordinates":[-108.5241,38.6855]},"properties":{"s":25.0,"pub":true}},{"type":"Feature","geometry":{"type":"Point","coordinates":[-108.5241,38.6913]},"properties":{"s":25.0,"pub":true}},{"type":"Feature","geometry":{"type":"Point","coordinates":[-108.5241,38.6971]},"properties":{"s":25.0,"pub":true}},{"type":"Feature","geometry":{"type":"Point","coordinates":[-108.5241,38.7029]},"properties":{"s":25.0,"pub":true}},{"type":"Feature","geometry":{"type":"Point","coordinates":[-108.5241,38.7145]},"properties":{"s":14.3,"pub":true}},{"type":"Feature","geometry":{"type":"Point","coordinates":[-108.5241,38.7203]},"properties":{"s":14.3,"pub":true}},{"type":"Feature","geometry":{"type":"Point","coordinates":[-108.5241,38.7261]},"properties":{"s":14.3,"pub":true}},{"type":"Feature","geometry":{"type":"Point","coordinates":[-108.5166,38.4709]},"properties":{"s":21.4,"pub":true}},{"type":"Feature","geometry":{"type":"Point","coordinates":[-108.5166,38.4767]},"properties":{"s":21.4,"pub":true}},{"type":"Feature","geometry":{"type":"Point","coordinates":[-108.5166,38.4825]},"properties":{"s":64.3,"pub":true}},{"type":"Feature","geometry":{"type":"Point","coordinates":[-108.5166,38.4883]},"properties":{"s":64.3,"pub":true}},{"type":"Feature","geometry":{"type":"Point","coordinates":[-108.5166,38.4941]},"properties":{"s":64.3,"pub":true}},{"type":"Feature","geometry":{"type":"Point","coordinates":[-108.5166,38.4999]},"properties":{"s":64.3,"pub":true}},{"type":"Feature","geometry":{"type":"Point","coordinates":[-108.5166,38.5057]},"properties":{"s":92.9,"pub":true}},{"type":"Feature","geometry":{"type":"Point","coordinates":[-108.5166,38.5115]},"properties":{"s":92.9,"pub":true}},{"type":"Feature","geometry":{"type":"Point","coordinates":[-108.5166,38.5173]},"properties":{"s":64.3,"pub":true}},{"type":"Feature","geometry":{"type":"Point","coordinates":[-108.5166,38.5231]},"properties":{"s":64.3,"pub":true}},{"type":"Feature","geometry":{"type":"Point","coordinates":[-108.5166,38.5289]},"properties":{"s":64.3,"pub":true}},{"type":"Feature","geometry":{"type":"Point","coordinates":[-108.5166,38.5347]},"properties":{"s":64.3,"pub":true}},{"type":"Feature","geometry":{"type":"Point","coordinates":[-108.5166,38.5405]},"properties":{"s":64.3,"pub":true}},{"type":"Feature","geometry":{"type":"Point","coordinates":[-108.5166,38.5463]},"properties":{"s":64.3,"pub":true}},{"type":"Feature","geometry":{"type":"Point","coordinates":[-108.5166,38.5521]},"properties":{"s":92.9,"pub":true}},{"type":"Feature","geometry":{"type":"Point","coordinates":[-108.5166,38.5579]},"properties":{"s":96.4,"pub":true}},{"type":"Feature","geometry":{"type":"Point","coordinates":[-108.5166,38.5637]},"properties":{"s":96.4,"pub":true}},{"type":"Feature","geometry":{"type":"Point","coordinates":[-108.5166,38.5695]},"properties":{"s":96.4,"pub":true}},{"type":"Feature","geometry":{"type":"Point","coordinates":[-108.5166,38.5753]},"properties":{"s":21.4,"pub":true}},{"type":"Feature","geometry":{"type":"Point","coordinates":[-108.5166,38.5811]},"properties":{"s":21.4,"pub":true}},{"type":"Feature","geometry":{"type":"Point","coordinates":[-108.5166,38.5869]},"properties":{"s":21.4,"pub":true}},{"type":"Feature","geometry":{"type":"Point","coordinates":[-108.5166,38.5927]},"properties":{"s":25.0,"pub":true}},{"type":"Feature","geometry":{"type":"Point","coordinates":[-108.5166,38.5985]},"properties":{"s":25.0,"pub":true}},{"type":"Feature","geometry":{"type":"Point","coordinates":[-108.5166,38.6043]},"properties":{"s":21.4,"pub":true}},{"type":"Feature","geometry":{"type":"Point","coordinates":[-108.5166,38.6101]},"properties":{"s":21.4,"pub":true}},{"type":"Feature","geometry":{"type":"Point","coordinates":[-108.5166,38.6159]},"properties":{"s":21.4,"pub":true}},{"type":"Feature","geometry":{"type":"Point","coordinates":[-108.5166,38.6217]},"properties":{"s":25.0,"pub":true}},{"type":"Feature","geometry":{"type":"Point","coordinates":[-108.5166,38.6275]},"properties":{"s":25.0,"pub":true}},{"type":"Feature","geometry":{"type":"Point","coordinates":[-108.5166,38.6333]},"properties":{"s":67.9,"pub":true}},{"type":"Feature","geometry":{"type":"Point","coordinates":[-108.5166,38.6391]},"properties":{"s":67.9,"pub":true}},{"type":"Feature","geometry":{"type":"Point","coordinates":[-108.5166,38.6449]},"properties":{"s":96.4,"pub":true}},{"type":"Feature","geometry":{"type":"Point","coordinates":[-108.5166,38.6507]},"properties":{"s":96.4,"pub":true}},{"type":"Feature","geometry":{"type":"Point","coordinates":[-108.5166,38.6565]},"properties":{"s":96.4,"pub":true}},{"type":"Feature","geometry":{"type":"Point","coordinates":[-108.5166,38.6623]},"properties":{"s":67.9,"pub":true}},{"type":"Feature","geometry":{"type":"Point","coordinates":[-108.5166,38.6681]},"properties":{"s":25.0,"pub":true}},{"type":"Feature","geometry":{"type":"Point","coordinates":[-108.5166,38.6739]},"properties":{"s":25.0,"pub":true}},{"type":"Feature","geometry":{"type":"Point","coordinates":[-108.5166,38.6797]},"properties":{"s":25.0,"pub":true}},{"type":"Feature","geometry":{"type":"Point","coordinates":[-108.5166,38.6855]},"properties":{"s":25.0,"pub":true}},{"type":"Feature","geometry":{"type":"Point","coordinates":[-108.5166,38.6913]},"properties":{"s":25.0,"pub":true}},{"type":"Feature","geometry":{"type":"Point","coordinates":[-108.5166,38.7145]},"properties":{"s":14.3,"pub":true}},{"type":"Feature","geometry":{"type":"Point","coordinates":[-108.5166,38.7203]},"properties":{"s":14.3,"pub":true}},{"type":"Feature","geometry":{"type":"Point","coordinates":[-108.5166,38.7261]},"properties":{"s":14.3,"pub":true}},{"type":"Feature","geometry":{"type":"Point","coordinates":[-108.5091,38.4709]},"properties":{"s":21.4,"pub":true}},{"type":"Feature","geometry":{"type":"Point","coordinates":[-108.5091,38.4767]},"properties":{"s":21.4,"pub":true}},{"type":"Feature","geometry":{"type":"Point","coordinates":[-108.5091,38.4825]},"properties":{"s":64.3,"pub":true}},{"type":"Feature","geometry":{"type":"Point","coordinates":[-108.5091,38.4883]},"properties":{"s":64.3,"pub":true}},{"type":"Feature","geometry":{"type":"Point","coordinates":[-108.5091,38.4941]},"properties":{"s":64.3,"pub":true}},{"type":"Feature","geometry":{"type":"Point","coordinates":[-108.5091,38.4999]},"properties":{"s":64.3,"pub":true}},{"type":"Feature","geometry":{"type":"Point","coordinates":[-108.5091,38.5057]},"properties":{"s":64.3,"pub":true}},{"type":"Feature","geometry":{"type":"Point","coordinates":[-108.5091,38.5115]},"properties":{"s":92.9,"pub":true}},{"type":"Feature","geometry":{"type":"Point","coordinates":[-108.5091,38.5173]},"properties":{"s":92.9,"pub":true}},{"type":"Feature","geometry":{"type":"Point","coordinates":[-108.5091,38.5231]},"properties":{"s":64.3,"pub":true}},{"type":"Feature","geometry":{"type":"Point","coordinates":[-108.5091,38.5289]},"properties":{"s":64.3,"pub":true}},{"type":"Feature","geometry":{"type":"Point","coordinates":[-108.5091,38.5347]},"properties":{"s":64.3,"pub":true}},{"type":"Feature","geometry":{"type":"Point","coordinates":[-108.5091,38.5405]},"properties":{"s":64.3,"pub":true}},{"type":"Feature","geometry":{"type":"Point","coordinates":[-108.5091,38.5463]},"properties":{"s":64.3,"pub":true}},{"type":"Feature","geometry":{"type":"Point","coordinates":[-108.5091,38.5521]},"properties":{"s":64.3,"pub":true}},{"type":"Feature","geometry":{"type":"Point","coordinates":[-108.5091,38.5579]},"properties":{"s":96.4,"pub":true}},{"type":"Feature","geometry":{"type":"Point","coordinates":[-108.5091,38.5637]},"properties":{"s":96.4,"pub":true}},{"type":"Feature","geometry":{"type":"Point","coordinates":[-108.5091,38.5695]},"properties":{"s":96.4,"pub":true}},{"type":"Feature","geometry":{"type":"Point","coordinates":[-108.5091,38.5753]},"properties":{"s":50.0,"pub":true}},{"type":"Feature","geometry":{"type":"Point","coordinates":[-108.5091,38.5811]},"properties":{"s":21.4,"pub":true}},{"type":"Feature","geometry":{"type":"Point","coordinates":[-108.5091,38.5869]},"properties":{"s":21.4,"pub":true}},{"type":"Feature","geometry":{"type":"Point","coordinates":[-108.5091,38.5927]},"properties":{"s":21.4,"pub":true}},{"type":"Feature","geometry":{"type":"Point","coordinates":[-108.5091,38.5985]},"properties":{"s":25.0,"pub":true}},{"type":"Feature","geometry":{"type":"Point","coordinates":[-108.5091,38.6043]},"properties":{"s":25.0,"pub":true}},{"type":"Feature","geometry":{"type":"Point","coordinates":[-108.5091,38.6101]},"properties":{"s":21.4,"pub":true}},{"type":"Feature","geometry":{"type":"Point","coordinates":[-108.5091,38.6159]},"properties":{"s":21.4,"pub":true}},{"type":"Feature","geometry":{"type":"Point","coordinates":[-108.5091,38.6217]},"properties":{"s":25.0,"pub":true}},{"type":"Feature","geometry":{"type":"Point","coordinates":[-108.5091,38.6275]},"properties":{"s":25.0,"pub":true}},{"type":"Feature","geometry":{"type":"Point","coordinates":[-108.5091,38.6333]},"properties":{"s":67.9,"pub":true}},{"type":"Feature","geometry":{"type":"Point","coordinates":[-108.5091,38.6391]},"properties":{"s":67.9,"pub":true}},{"type":"Feature","geometry":{"type":"Point","coordinates":[-108.5091,38.6449]},"properties":{"s":67.9,"pub":true}},{"type":"Feature","geometry":{"type":"Point","coordinates":[-108.5091,38.6507]},"properties":{"s":67.9,"pub":true}},{"type":"Feature","geometry":{"type":"Point","coordinates":[-108.5091,38.6565]},"properties":{"s":67.9,"pub":true}},{"type":"Feature","geometry":{"type":"Point","coordinates":[-108.5091,38.6623]},"properties":{"s":67.9,"pub":true}},{"type":"Feature","geometry":{"type":"Point","coordinates":[-108.5091,38.6681]},"properties":{"s":25.0,"pub":true}},{"type":"Feature","geometry":{"type":"Point","coordinates":[-108.5091,38.6739]},"properties":{"s":25.0,"pub":true}},{"type":"Feature","geometry":{"type":"Point","coordinates":[-108.5091,38.6797]},"properties":{"s":25.0,"pub":true}},{"type":"Feature","geometry":{"type":"Point","coordinates":[-108.5091,38.6855]},"properties":{"s":25.0,"pub":true}},{"type":"Feature","geometry":{"type":"Point","coordinates":[-108.5091,38.7203]},"properties":{"s":14.3,"pub":true}},{"type":"Feature","geometry":{"type":"Point","coordinates":[-108.5091,38.7261]},"properties":{"s":14.3,"pub":true}},{"type":"Feature","geometry":{"type":"Point","coordinates":[-108.5016,38.4709]},"properties":{"s":21.4,"pub":true}},{"type":"Feature","geometry":{"type":"Point","coordinates":[-108.5016,38.4767]},"properties":{"s":21.4,"pub":true}},{"type":"Feature","geometry":{"type":"Point","coordinates":[-108.5016,38.4825]},"properties":{"s":64.3,"pub":true}},{"type":"Feature","geometry":{"type":"Point","coordinates":[-108.5016,38.4883]},"properties":{"s":64.3,"pub":true}},{"type":"Feature","geometry":{"type":"Point","coordinates":[-108.5016,38.4941]},"properties":{"s":64.3,"pub":true}},{"type":"Feature","geometry":{"type":"Point","coordinates":[-108.5016,38.4999]},"properties":{"s":64.3,"pub":true}},{"type":"Feature","geometry":{"type":"Point","coordinates":[-108.5016,38.5057]},"properties":{"s":64.3,"pub":true}},{"type":"Feature","geometry":{"type":"Point","coordinates":[-108.5016,38.5115]},"properties":{"s":92.9,"pub":true}},{"type":"Feature","geometry":{"type":"Point","coordinates":[-108.5016,38.5173]},"properties":{"s":92.9,"pub":true}},{"type":"Feature","geometry":{"type":"Point","coordinates":[-108.5016,38.5231]},"properties":{"s":64.3,"pub":true}},{"type":"Feature","geometry":{"type":"Point","coordinates":[-108.5016,38.5289]},"properties":{"s":64.3,"pub":true}},{"type":"Feature","geometry":{"type":"Point","coordinates":[-108.5016,38.5347]},"properties":{"s":64.3,"pub":true}},{"type":"Feature","geometry":{"type":"Point","coordinates":[-108.5016,38.5405]},"properties":{"s":64.3,"pub":true}},{"type":"Feature","geometry":{"type":"Point","coordinates":[-108.5016,38.5463]},"properties":{"s":64.3,"pub":true}},{"type":"Feature","geometry":{"type":"Point","coordinates":[-108.5016,38.5521]},"properties":{"s":64.3,"pub":true}},{"type":"Feature","geometry":{"type":"Point","coordinates":[-108.5016,38.5579]},"properties":{"s":96.4,"pub":true}},{"type":"Feature","geometry":{"type":"Point","coordinates":[-108.5016,38.5637]},"properties":{"s":96.4,"pub":true}},{"type":"Feature","geometry":{"type":"Point","coordinates":[-108.5016,38.5695]},"properties":{"s":96.4,"pub":true}},{"type":"Feature","geometry":{"type":"Point","coordinates":[-108.5016,38.5753]},"properties":{"s":53.6,"pub":true}},{"type":"Feature","geometry":{"type":"Point","coordinates":[-108.5016,38.5811]},"properties":{"s":21.4,"pub":true}},{"type":"Feature","geometry":{"type":"Point","coordinates":[-108.5016,38.5869]},"properties":{"s":21.4,"pub":true}},{"type":"Feature","geometry":{"type":"Point","coordinates":[-108.5016,38.5927]},"properties":{"s":21.4,"pub":true}},{"type":"Feature","geometry":{"type":"Point","coordinates":[-108.5016,38.5985]},"properties":{"s":25.0,"pub":true}},{"type":"Feature","geometry":{"type":"Point","coordinates":[-108.5016,38.6043]},"properties":{"s":25.0,"pub":true}},{"type":"Feature","geometry":{"type":"Point","coordinates":[-108.5016,38.6101]},"properties":{"s":21.4,"pub":true}},{"type":"Feature","geometry":{"type":"Point","coordinates":[-108.5016,38.6159]},"properties":{"s":21.4,"pub":true}},{"type":"Feature","geometry":{"type":"Point","coordinates":[-108.5016,38.6217]},"properties":{"s":21.4,"pub":true}},{"type":"Feature","geometry":{"type":"Point","coordinates":[-108.5016,38.6275]},"properties":{"s":25.0,"pub":true}},{"type":"Feature","geometry":{"type":"Point","coordinates":[-108.5016,38.6333]},"properties":{"s":67.9,"pub":true}},{"type":"Feature","geometry":{"type":"Point","coordinates":[-108.5016,38.6391]},"properties":{"s":67.9,"pub":true}},{"type":"Feature","geometry":{"type":"Point","coordinates":[-108.5016,38.6449]},"properties":{"s":67.9,"pub":true}},{"type":"Feature","geometry":{"type":"Point","coordinates":[-108.5016,38.6507]},"properties":{"s":67.9,"pub":true}},{"type":"Feature","geometry":{"type":"Point","coordinates":[-108.5016,38.6565]},"properties":{"s":67.9,"pub":true}},{"type":"Feature","geometry":{"type":"Point","coordinates":[-108.5016,38.6623]},"properties":{"s":25.0,"pub":true}},{"type":"Feature","geometry":{"type":"Point","coordinates":[-108.5016,38.6681]},"properties":{"s":25.0,"pub":true}},{"type":"Feature","geometry":{"type":"Point","coordinates":[-108.5016,38.6739]},"properties":{"s":25.0,"pub":true}}]}