{"type":"FeatureCollection","features":[{"type":"Feature","geometry":{"type":"Point","coordinates":[-107.5313,37.8808]},"properties":{"s":64.3,"pub":true}},{"type":"Feature","geometry":{"type":"Point","coordinates":[-107.5313,37.8866]},"properties":{"s":64.3,"pub":true}},{"type":"Feature","geometry":{"type":"Point","coordinates":[-107.5238,37.875]},"properties":{"s":64.3,"pub":true}},{"type":"Feature","geometry":{"type":"Point","coordinates":[-107.5238,37.8808]},"properties":{"s":64.3,"pub":true}},{"type":"Feature","geometry":{"type":"Point","coordinates":[-107.5238,37.8866]},"properties":{"s":64.3,"pub":true}},{"type":"Feature","geometry":{"type":"Point","coordinates":[-107.5238,37.8924]},"properties":{"s":64.3,"pub":true}},{"type":"Feature","geometry":{"type":"Point","coordinates":[-107.5238,37.904]},"properties":{"s":61.9,"pub":true}},{"type":"Feature","geometry":{"type":"Point","coordinates":[-107.5238,37.9562]},"properties":{"s":45.2,"pub":true}},{"type":"Feature","geometry":{"type":"Point","coordinates":[-107.5238,37.962]},"properties":{"s":45.2,"pub":true}},{"type":"Feature","geometry":{"type":"Point","coordinates":[-107.5238,37.9678]},"properties":{"s":45.2,"pub":true}},{"type":"Feature","geometry":{"type":"Point","coordinates":[-107.5163,37.846]},"properties":{"s":45.2,"pub":true}},{"type":"Feature","geometry":{"type":"Point","coordinates":[-107.5163,37.8518]},"properties":{"s":64.3,"pub":true}},{"type":"Feature","geometry":{"type":"Point","coordinates":[-107.5163,37.8576]},"properties":{"s":64.3,"pub":true}},{"type":"Feature","geometry":{"type":"Point","coordinates":[-107.5163,37.8634]},"properties":{"s":64.3,"pub":true}},{"type":"Feature","geometry":{"type":"Point","coordinates":[-107.5163,37.8692]},"properties":{"s":64.3,"pub":true}},{"type":"Feature","geometry":{"type":"Point","coordinates":[-107.5163,37.875]},"properties":{"s":64.3,"pub":true}},{"type":"Feature","geometry":{"type":"Point","coordinates":[-107.5163,37.8808]},"properties":{"s":64.3,"pub":true}},{"type":"Feature","geometry":{"type":"Point","coordinates":[-107.5163,37.8866]},"properties":{"s":64.3,"pub":true}},{"type":"Feature","geometry":{"type":"Point","coordinates":[-107.5163,37.8924]},"properties":{"s":64.3,"pub":true}},{"type":"Feature","geometry":{"type":"Point","coordinates":[-107.5163,37.8982]},"properties":{"s":64.3,"pub":true}},{"type":"Feature","geometry":{"type":"Point","coordinates":[-107.5163,37.904]},"properties":{"s":64.3,"pub":true}},{"type":"Feature","geometry":{"type":"Point","coordinates":[-107.5163,37.9446]},"properties":{"s":45.2,"pub":true}},{"type":"Feature","geometry":{"type":"Point","coordinates":[-107.5163,37.9504]},"properties":{"s":45.2,"pub":true}},{"type":"Feature","geometry":{"type":"Point","coordinates":[-107.5163,37.9562]},"properties":{"s":45.2,"pub":true}},{"type":"Feature","geometry":{"type":"Point","coordinates":[-107.5163,37.962]},"properties":{"s":45.2,"pub":true}},{"type":"Feature","geometry":{"type":"Point","coordinates":[-107.5163,37.9678]},"properties":{"s":45.2,"pub":true}},{"type":"Feature","geometry":{"type":"Point","coordinates":[-107.5088,37.846]},"properties":{"s":64.3,"pub":true}},{"type":"Feature","geometry":{"type":"Point","coordinates":[-107.5088,37.8518]},"properties":{"s":64.3,"pub":true}},{"type":"Feature","geometry":{"type":"Point","coordinates":[-107.5088,37.8576]},"properties":{"s":64.3,"pub":true}},{"type":"Feature","geometry":{"type":"Point","coordinates":[-107.5088,37.8634]},"properties":{"s":64.3,"pub":true}},{"type":"Feature","geometry":{"type":"Point","coordinates":[-107.5088,37.8692]},"properties":{"s":64.3,"pub":true}},{"type":"Feature","geometry":{"type":"Point","coordinates":[-107.5088,37.875]},"properties":{"s":64.3,"pub":true}},{"type":"Feature","geometry":{"type":"Point","coordinates":[-107.5088,37.8808]},"properties":{"s":64.3,"pub":true}},{"type":"Feature","geometry":{"type":"Point","coordinates":[-107.5088,37.8866]},"properties":{"s":64.3,"pub":true}},{"type":"Feature","geometry":{"type":"Point","coordinates":[-107.5088,37.8924]},"properties":{"s":64.3,"pub":true}},{"type":"Feature","geometry":{"type":"Point","coordinates":[-107.5088,37.8982]},"properties":{"s":64.3,"pub":true}},{"type":"Feature","geometry":{"type":"Point","coordinates":[-107.5088,37.904]},"properties":{"s":64.3,"pub":true}},{"type":"Feature","geometry":{"type":"Point","coordinates":[-107.5088,37.9098]},"properties":{"s":64.3,"pub":true}},{"type":"Feature","geometry":{"type":"Point","coordinates":[-107.5088,37.9446]},"properties":{"s":45.2,"pub":true}},{"type":"Feature","geometry":{"type":"Point","coordinates":[-107.5088,37.9504]},"properties":{"s":45.2,"pub":true}},{"type":"Feature","geometry":{"type":"Point","coordinates":[-107.5088,37.9562]},"properties":{"s":45.2,"pub":true}},{"type":"Feature","geometry":{"type":"Point","coordinates":[-107.5088,37.962]},"properties":{"s":45.2,"pub":true}},{"type":"Feature","geometry":{"type":"Point","coordinates":[-107.5088,37.9678]},"properties":{"s":45.2,"pub":true}},{"type":"Feature","geometry":{"type":"Point","coordinates":[-107.5088,38.0316]},"properties":{"s":45.2,"pub":true}},{"type":"Feature","geometry":{"type":"Point","coordinates":[-107.5088,38.0374]},"properties":{"s":45.2,"pub":true}},{"type":"Feature","geometry":{"type":"Point","coordinates":[-107.5088,38.0432]},"properties":{"s":45.2,"pub":true}},{"type":"Feature","geometry":{"type":"Point","coordinates":[-107.5013,37.8518]},"properties":{"s":64.3,"pub":true}},{"type":"Feature","geometry":{"type":"Point","coordinates":[-107.5013,37.8576]},"properties":{"s":64.3,"pub":true}},{"type":"Feature","geometry":{"type":"Point","coordinates":[-107.5013,37.8634]},"properties":{"s":64.3,"pub":true}},{"type":"Feature","geometry":{"type":"Point","coordinates":[-107.5013,37.8692]},"properties":{"s":64.3,"pub":true}},{"type":"Feature","geometry":{"type":"Point","coordinates":[-107.5013,37.875]},"properties":{"s":64.3,"pub":true}},{"type":"Feature","geometry":{"type":"Point","coordinates":[-107.5013,37.8808]},"properties":{"s":64.3,"pub":true}},{"type":"Feature","geometry":{"type":"Point","coordinates":[-107.5013,37.8866]},"properties":{"s":64.3,"pub":true}},{"type":"Feature","geometry":{"type":"Point","coordinates":[-107.5013,37.8924]},"properties":{"s":64.3,"pub":true}},{"type":"Feature","geometry":{"type":"Point","coordinates":[-107.5013,37.8982]},"properties":{"s":64.3,"pub":true}},{"type":"Feature","geometry":{"type":"Point","coordinates":[-107.5013,37.904]},"properties":{"s":64.3,"pub":true}},{"type":"Feature","geometry":{"type":"Point","coordinates":[-107.5013,37.9098]},"properties":{"s":64.3,"pub":true}},{"type":"Feature","geometry":{"type":"Point","coordinates":[-107.5013,37.933]},"properties":{"s":45.2,"pub":true}},{"type":"Feature","geometry":{"type":"Point","coordinates":[-107.5013,37.9504]},"properties":{"s":45.2,"pub":true}},{"type":"Feature","geometry":{"type":"Point","coordinates":[-107.5013,37.9562]},"properties":{"s":45.2,"pub":true}},{"type":"Feature","geometry":{"type":"Point","coordinates":[-107.5013,37.962]},"properties":{"s":45.2,"pub":true}},{"type":"Feature","geometry":{"type":"Point","coordinates":[-107.5013,37.9678]},"properties":{"s":45.2,"pub":true}},{"type":"Feature","geometry":{"type":"Point","coordinates":[-107.5013,38.0316]},"properties":{"s":45.2,"pub":true}},{"type":"Feature","geometry":{"type":"Point","coordinates":[-107.5013,38.0374]},"properties":{"s":45.2,"pub":true}},{"type":"Feature","geometry":{"type":"Point","coordinates":[-107.5013,38.0432]},"properties":{"s":45.2,"pub":true}},{"type":"Feature","geometry":{"type":"Point","coordinates":[-107.5013,38.049]},"properties":{"s":45.2,"pub":true}},{"type":"Feature","geometry":{"type":"Point","coordinates":[-107.4938,37.8518]},"properties":{"s":64.3,"pub":true}},{"type":"Feature","geometry":{"type":"Point","coordinates":[-107.4938,37.8576]},"properties":{"s":64.3,"pub":true}},{"type":"Feature","geometry":{"type":"Point","coordinates":[-107.4938,37.8634]},"properties":{"s":64.3,"pub":true}},{"type":"Feature","geometry":{"type":"Point","coordinates":[-107.4938,37.8692]},"properties":{"s":64.3,"pub":true}},{"type":"Feature","geometry":{"type":"Point","coordinates":[-107.4938,37.875]},"properties":{"s":64.3,"pub":true}},{"type":"Feature","geometry":{"type":"Point","coordinates":[-107.4938,37.8808]},"properties":{"s":64.3,"pub":true}},{"type":"Feature","geometry":{"type":"Point","coordinates":[-107.4938,37.8866]},"properties":{"s":64.3,"pub":true}},{"type":"Feature","geometry":{"type":"Point","coordinates":[-107.4938,37.8924]},"properties":{"s":64.3,"pub":true}},{"type":"Feature","geometry":{"type":"Point","coordinates":[-107.4938,37.8982]},"properties":{"s":64.3,"pub":true}},{"type":"Feature","geometry":{"type":"Point","coordinates":[-107.4938,37.904]},"properties":{"s":64.3,"pub":true}},{"type":"Feature","geometry":{"type":"Point","coordinates":[-107.4938,37.9098]},"properties":{"s":64.3,"pub":true}},{"type":"Feature","geometry":{"type":"Point","coordinates":[-107.4938,37.9156]},"properties":{"s":64.3,"pub":true}},{"type":"Feature","geometry":{"type":"Point","coordinates":[-107.4938,37.9272]},"properties":{"s":45.2,"pub":true}},{"type":"Feature","geometry":{"type":"Point","coordinates":[-107.4938,37.933]},"properties":{"s":45.2,"pub":true}},{"type":"Feature","geometry":{"type":"Point","coordinates":[-107.4938,37.9388]},"properties":{"s":45.2,"pub":true}},{"type":"Feature","geometry":{"type":"Point","coordinates":[-107.4938,37.9504]},"properties":{"s":45.2,"pub":true}},{"type":"Feature","geometry":{"type":"Point","coordinates":[-107.4938,37.9562]},"properties":{"s":45.2,"pub":true}},{"type":"Feature","geometry":{"type":"Point","coordinates":[-107.4938,37.962]},"properties":{"s":45.2,"pub":true}},{"type":"Feature","geometry":{"type":"Point","coordinates":[-107.4938,37.9678]},"properties":{"s":45.2,"pub":true}},{"type":"Feature","geometry":{"type":"Point","coordinates":[-107.4938,37.9736]},"properties":{"s":45.2,"pub":true}},{"type":"Feature","geometry":{"type":"Point","coordinates":[-107.4938,38.0316]},"properties":{"s":45.2,"pub":true}},{"type":"Feature","geometry":{"type":"Point","coordinates":[-107.4938,38.0374]},"properties":{"s":45.2,"pub":true}},{"type":"Feature","geometry":{"type":"Point","coordinates":[-107.4863,37.8518]},"properties":{"s":64.3,"pub":true}},{"type":"Feature","geometry":{"type":"Point","coordinates":[-107.4863,37.8576]},"properties":{"s":64.3,"pub":true}},{"type":"Feature","geometry":{"type":"Point","coordinates":[-107.4863,37.8634]},"properties":{"s":64.3,"pub":true}},{"type":"Feature","geometry":{"type":"Point","coordinates":[-107.4863,37.8924]},"properties":{"s":64.3,"pub":true}},{"type":"Feature","geometry":{"type":"Point","coordinates":[-107.4863,37.8982]},"properties":{"s":64.3,"pub":true}},{"type":"Feature","geometry":{"type":"Point","coordinates":[-107.4863,37.904]},"properties":{"s":64.3,"pub":true}},{"type":"Feature","geometry":{"type":"Point","coordinates":[-107.4863,37.9098]},"properties":{"s":64.3,"pub":true}},{"type":"Feature","geometry":{"type":"Point","coordinates":[-107.4863,37.9156]},"properties":{"s":45.2,"pub":true}},{"type":"Feature","geometry":{"type":"Point","coordinates":[-107.4863,37.933]},"properties":{"s":45.2,"pub":true}},{"type":"Feature","geometry":{"type":"Point","coordinates":[-107.4863,37.9388]},"properties":{"s":45.2,"pub":true}},{"type":"Feature","geometry":{"type":"Point","coordinates":[-107.4863,37.9504]},"properties":{"s":45.2,"pub":true}},{"type":"Feature","geometry":{"type":"Point","coordinates":[-107.4863,37.9562]},"properties":{"s":45.2,"pub":true}},{"type":"Feature","geometry":{"type":"Point","coordinates":[-107.4863,37.962]},"properties":{"s":45.2,"pub":true}},{"type":"Feature","geometry":{"type":"Point","coordinates":[-107.4863,37.9678]},"properties":{"s":45.2,"pub":true}},{"type":"Feature","geometry":{"type":"Point","coordinates":[-107.4863,37.9736]},"properties":{"s":45.2,"pub":true}},{"type":"Feature","geometry":{"type":"Point","coordinates":[-107.4863,37.9794]},"properties":{"s":45.2,"pub":true}},{"type":"Feature","geometry":{"type":"Point","coordinates":[-107.4863,38.0258]},"properties":{"s":45.2,"pub":true}},{"type":"Feature","geometry":{"type":"Point","coordinates":[-107.4863,38.0316]},"properties":{"s":45.2,"pub":true}},{"type":"Feature","geometry":{"type":"Point","coordinates":[-107.4863,38.0374]},"properties":{"s":45.2,"pub":true}},{"type":"Feature","geometry":{"type":"Point","coordinates":[-107.4863,38.0432]},"properties":{"s":45.2,"pub":true}},{"type":"Feature","geometry":{"type":"Point","coordinates":[-107.4863,38.049]},"properties":{"s":45.2,"pub":true}},{"type":"Feature","geometry":{"type":"Point","coordinates":[-107.4788,37.8518]},"properties":{"s":64.3,"pub":true}},{"type":"Feature","geometry":{"type":"Point","coordinates":[-107.4788,37.8576]},"properties":{"s":64.3,"pub":true}},{"type":"Feature","geometry":{"type":"Point","coordinates":[-107.4788,37.8634]},"properties":{"s":64.3,"pub":true}},{"type":"Feature","geometry":{"type":"Point","coordinates":[-107.4788,37.8692]},"properties":{"s":64.3,"pub":true}},{"type":"Feature","geometry":{"type":"Point","coordinates":[-107.4788,37.875]},"properties":{"s":64.3,"pub":true}},{"type":"Feature","geometry":{"type":"Point","coordinates":[-107.4788,37.8808]},"properties":{"s":64.3,"pub":true}},{"type":"Feature","geometry":{"type":"Point","coordinates":[-107.4788,37.8982]},"properties":{"s":64.3,"pub":true}},{"type":"Feature","geometry":{"type":"Point","coordinates":[-107.4788,37.904]},"properties":{"s":64.3,"pub":true}},{"type":"Feature","geometry":{"type":"Point","coordinates":[-107.4788,37.9098]},"properties":{"s":64.3,"pub":true}},{"type":"Feature","geometry":{"type":"Point","coordinates":[-107.4788,37.9156]},"properties":{"s":45.2,"pub":true}},{"type":"Feature","geometry":{"type":"Point","coordinates":[-107.4788,37.9214]},"properties":{"s":45.2,"pub":true}},{"type":"Feature","geometry":{"type":"Point","coordinates":[-107.4788,37.9388]},"properties":{"s":45.2,"pub":true}},{"type":"Feature","geometry":{"type":"Point","coordinates":[-107.4788,37.9504]},"properties":{"s":45.2,"pub":true}},{"type":"Feature","geometry":{"type":"Point","coordinates":[-107.4788,37.9562]},"properties":{"s":45.2,"pub":true}},{"type":"Feature","geometry":{"type":"Point","coordinates":[-107.4788,37.962]},"properties":{"s":45.2,"pub":true}},{"type":"Feature","geometry":{"type":"Point","coordinates":[-107.4788,37.9678]},"properties":{"s":45.2,"pub":true}},{"type":"Feature","geometry":{"type":"Point","coordinates":[-107.4788,37.9736]},"properties":{"s":45.2,"pub":true}},{"type":"Feature","geometry":{"type":"Point","coordinates":[-107.4788,37.9794]},"properties":{"s":45.2,"pub":true}},{"type":"Feature","geometry":{"type":"Point","coordinates":[-107.4788,37.9852]},"properties":{"s":45.2,"pub":true}},{"type":"Feature","geometry":{"type":"Point","coordinates":[-107.4788,38.0258]},"properties":{"s":45.2,"pub":true}},{"type":"Feature","geometry":{"type":"Point","coordinates":[-107.4788,38.0316]},"properties":{"s":45.2,"pub":true}},{"type":"Feature","geometry":{"type":"Point","coordinates":[-107.4788,38.0374]},"properties":{"s":45.2,"pub":true}},{"type":"Feature","geometry":{"type":"Point","coordinates":[-107.4788,38.0432]},"properties":{"s":45.2,"pub":true}},{"type":"Feature","geometry":{"type":"Point","coordinates":[-107.4788,38.049]},"properties":{"s":45.2,"pub":true}},{"type":"Feature","geometry":{"type":"Point","coordinates":[-107.4713,37.8518]},"properties":{"s":61.9,"pub":true}},{"type":"Feature","geometry":{"type":"Point","coordinates":[-107.4713,37.8576]},"properties":{"s":64.3,"pub":true}},{"type":"Feature","geometry":{"type":"Point","coordinates":[-107.4713,37.8634]},"properties":{"s":64.3,"pub":true}},{"type":"Feature","geometry":{"type":"Point","coordinates":[-107.4713,37.8692]},"properties":{"s":64.3,"pub":true}},{"type":"Feature","geometry":{"type":"Point","coordinates":[-107.4713,37.875]},"properties":{"s":64.3,"pub":true}},{"type":"Feature","geometry":{"type":"Point","coordinates":[-107.4713,37.8808]},"properties":{"s":64.3,"pub":true}},{"type":"Feature","geometry":{"type":"Point","coordinates":[-107.4713,37.8866]},"properties":{"s":64.3,"pub":true}},{"type":"Feature","geometry":{"type":"Point","coordinates":[-107.4713,37.8982]},"properties":{"s":64.3,"pub":true}},{"type":"Feature","geometry":{"type":"Point","coordinates":[-107.4713,37.904]},"properties":{"s":64.3,"pub":true}},{"type":"Feature","geometry":{"type":"Point","coordinates":[-107.4713,37.9098]},"properties":{"s":45.2,"pub":true}},{"type":"Feature","geometry":{"type":"Point","coordinates":[-107.4713,37.9156]},"properties":{"s":45.2,"pub":true}},{"type":"Feature","geometry":{"type":"Point","coordinates":[-107.4713,37.9214]},"properties":{"s":45.2,"pub":true}},{"type":"Feature","geometry":{"type":"Point","coordinates":[-107.4713,37.9272]},"properties":{"s":45.2,"pub":true}},{"type":"Feature","geometry":{"type":"Point","coordinates":[-107.4713,37.9388]},"properties":{"s":45.2,"pub":true}},{"type":"Feature","geometry":{"type":"Point","coordinates":[-107.4713,37.9504]},"properties":{"s":45.2,"pub":true}},{"type":"Feature","geometry":{"type":"Point","coordinates":[-107.4713,37.9562]},"properties":{"s":45.2,"pub":true}},{"type":"Feature","geometry":{"type":"Point","coordinates":[-107.4713,37.962]},"properties":{"s":45.2,"pub":true}},{"type":"Feature","geometry":{"type":"Point","coordinates":[-107.4713,37.9678]},"properties":{"s":45.2,"pub":true}},{"type":"Feature","geometry":{"type":"Point","coordinates":[-107.4713,37.9736]},"properties":{"s":45.2,"pub":true}},{"type":"Feature","geometry":{"type":"Point","coordinates":[-107.4713,37.9794]},"properties":{"s":45.2,"pub":true}},{"type":"Feature","geometry":{"type":"Point","coordinates":[-107.4713,37.9852]},"properties":{"s":45.2,"pub":true}},{"type":"Feature","geometry":{"type":"Point","coordinates":[-107.4713,37.991]},"properties":{"s":45.2,"pub":true}},{"type":"Feature","geometry":{"type":"Point","coordinates":[-107.4713,37.9968]},"properties":{"s":45.2,"pub":true}},{"type":"Feature","geometry":{"type":"Point","coordinates":[-107.4713,38.0258]},"properties":{"s":45.2,"pub":true}},{"type":"Feature","geometry":{"type":"Point","coordinates":[-107.4713,38.0316]},"properties":{"s":45.2,"pub":true}},{"type":"Feature","geometry":{"type":"Point","coordinates":[-107.4713,38.0374]},"properties":{"s":45.2,"pub":true}},{"type":"Feature","geometry":{"type":"Point","coordinates":[-107.4713,38.0432]},"properties":{"s":45.2,"pub":true}},{"type":"Feature","geometry":{"type":"Point","coordinates":[-107.4713,38.049]},"properties":{"s":45.2,"pub":true}},{"type":"Feature","geometry":{"type":"Point","coordinates":[-107.4638,37.8634]},"properties":{"s":64.3,"pub":true}},{"type":"Feature","geometry":{"type":"Point","coordinates":[-107.4638,37.8692]},"properties":{"s":64.3,"pub":true}},{"type":"Feature","geometry":{"type":"Point","coordinates":[-107.4638,37.875]},"properties":{"s":64.3,"pub":true}},{"type":"Feature","geometry":{"type":"Point","coordinates":[-107.4638,37.8808]},"properties":{"s":64.3,"pub":true}},{"type":"Feature","geometry":{"type":"Point","coordinates":[-107.4638,37.8866]},"properties":{"s":64.3,"pub":true}},{"type":"Feature","geometry":{"type":"Point","coordinates":[-107.4638,37.904]},"properties":{"s":45.2,"pub":true}},{"type":"Feature","geometry":{"type":"Point","coordinates":[-107.4638,37.9098]},"properties":{"s":45.2,"pub":true}},{"type":"Feature","geometry":{"type":"Point","coordinates":[-107.4638,37.9156]},"properties":{"s":45.2,"pub":true}},{"type":"Feature","geometry":{"type":"Point","coordinates":[-107.4638,37.9214]},"properties":{"s":45.2,"pub":true}},{"type":"Feature","geometry":{"type":"Point","coordinates":[-107.4638,37.9272]},"properties":{"s":45.2,"pub":true}},{"type":"Feature","geometry":{"type":"Point","coordinates":[-107.4638,37.9504]},"properties":{"s":45.2,"pub":true}},{"type":"Feature","geometry":{"type":"Point","coordinates":[-107.4638,37.9562]},"properties":{"s":45.2,"pub":true}},{"type":"Feature","geometry":{"type":"Point","coordinates":[-107.4638,37.962]},"properties":{"s":45.2,"pub":true}},{"type":"Feature","geometry":{"type":"Point","coordinates":[-107.4638,37.9678]},"properties":{"s":45.2,"pub":true}},{"type":"Feature","geometry":{"type":"Point","coordinates":[-107.4638,37.9736]},"properties":{"s":45.2,"pub":true}},{"type":"Feature","geometry":{"type":"Point","coordinates":[-107.4638,37.9794]},"properties":{"s":45.2,"pub":true}},{"type":"Feature","geometry":{"type":"Point","coordinates":[-107.4638,37.9852]},"properties":{"s":45.2,"pub":true}},{"type":"Feature","geometry":{"type":"Point","coordinates":[-107.4638,37.991]},"properties":{"s":45.2,"pub":true}},{"type":"Feature","geometry":{"type":"Point","coordinates":[-107.4638,37.9968]},"properties":{"s":45.2,"pub":true}},{"type":"Feature","geometry":{"type":"Point","coordinates":[-107.4638,38.0026]},"properties":{"s":45.2,"pub":true}},{"type":"Feature","geometry":{"type":"Point","coordinates":[-107.4638,38.0142]},"properties":{"s":45.2,"pub":true}},{"type":"Feature","geometry":{"type":"Point","coordinates":[-107.4638,38.02]},"properties":{"s":45.2,"pub":true}},{"type":"Feature","geometry":{"type":"Point","coordinates":[-107.4638,38.0258]},"properties":{"s":45.2,"pub":true}},{"type":"Feature","geometry":{"type":"Point","coordinates":[-107.4638,38.0316]},"properties":{"s":45.2,"pub":true}},{"type":"Feature","geometry":{"type":"Point","coordinates":[-107.4638,38.0374]},"properties":{"s":45.2,"pub":true}},{"type":"Feature","geometry":{"type":"Point","coordinates":[-107.4638,38.0432]},"properties":{"s":45.2,"pub":true}},{"type":"Feature","geometry":{"type":"Point","coordinates":[-107.4638,38.049]},"properties":{"s":45.2,"pub":true}},{"type":"Feature","geometry":{"type":"Point","coordinates":[-107.4563,37.8576]},"properties":{"s":64.3,"pub":true}},{"type":"Feature","geometry":{"type":"Point","coordinates":[-107.4563,37.8634]},"properties":{"s":64.3,"pub":true}},{"type":"Feature","geometry":{"type":"Point","coordinates":[-107.4563,37.8692]},"properties":{"s":64.3,"pub":true}},{"type":"Feature","geometry":{"type":"Point","coordinates":[-107.4563,37.875]},"properties":{"s":64.3,"pub":true}},{"type":"Feature","geometry":{"type":"Point","coordinates":[-107.4563,37.8808]},"properties":{"s":45.2,"pub":true}},{"type":"Feature","geometry":{"type":"Point","coordinates":[-107.4563,37.8866]},"properties":{"s":45.2,"pub":true}},{"type":"Feature","geometry":{"type":"Point","coordinates":[-107.4563,37.8924]},"properties":{"s":45.2,"pub":true}},{"type":"Feature","geometry":{"type":"Point","coordinates":[-107.4563,37.904]},"properties":{"s":45.2,"pub":true}},{"type":"Feature","geometry":{"type":"Point","coordinates":[-107.4563,37.9098]},"properties":{"s":45.2,"pub":true}},{"type":"Feature","geometry":{"type":"Point","coordinates":[-107.4563,37.9156]},"properties":{"s":45.2,"pub":true}},{"type":"Feature","geometry":{"type":"Point","coordinates":[-107.4563,37.9446]},"properties":{"s":45.2,"pub":true}},{"type":"Feature","geometry":{"type":"Point","coordinates":[-107.4563,37.9504]},"properties":{"s":45.2,"pub":true}},{"type":"Feature","geometry":{"type":"Point","coordinates":[-107.4563,37.9562]},"properties":{"s":45.2,"pub":true}},{"type":"Feature","geometry":{"type":"Point","coordinates":[-107.4563,37.962]},"properties":{"s":45.2,"pub":true}},{"type":"Feature","geometry":{"type":"Point","coordinates":[-107.4563,37.9678]},"properties":{"s":45.2,"pub":true}},{"type":"Feature","geometry":{"type":"Point","coordinates":[-107.4563,37.9736]},"properties":{"s":45.2,"pub":true}},{"type":"Feature","geometry":{"type":"Point","coordinates":[-107.4563,37.9794]},"properties":{"s":45.2,"pub":true}},{"type":"Feature","geometry":{"type":"Point","coordinates":[-107.4563,37.9852]},"properties":{"s":45.2,"pub":true}},{"type":"Feature","geometry":{"type":"Point","coordinates":[-107.4563,37.991]},"properties":{"s":45.2,"pub":true}},{"type":"Feature","geometry":{"type":"Point","coordinates":[-107.4563,37.9968]},"properties":{"s":45.2,"pub":true}},{"type":"Feature","geometry":{"type":"Point","coordinates":[-107.4563,38.0026]},"properties":{"s":45.2,"pub":true}},{"type":"Feature","geometry":{"type":"Point","coordinates":[-107.4563,38.0142]},"properties":{"s":45.2,"pub":true}},{"type":"Feature","geometry":{"type":"Point","coordinates":[-107.4563,38.02]},"properties":{"s":45.2,"pub":true}},{"type":"Feature","geometry":{"type":"Point","coordinates":[-107.4563,38.0258]},"properties":{"s":45.2,"pub":true}},{"type":"Feature","geometry":{"type":"Point","coordinates":[-107.4563,38.0316]},"properties":{"s":45.2,"pub":true}},{"type":"Feature","geometry":{"type":"Point","coordinates":[-107.4563,38.0374]},"properties":{"s":45.2,"pub":true}},{"type":"Feature","geometry":{"type":"Point","coordinates":[-107.4563,38.0432]},"properties":{"s":45.2,"pub":true}},{"type":"Feature","geometry":{"type":"Point","coordinates":[-107.4563,38.049]},"properties":{"s":45.2,"pub":true}},{"type":"Feature","geometry":{"type":"Point","coordinates":[-107.4563,38.0722]},"properties":{"s":45.2,"pub":true}},{"type":"Feature","geometry":{"type":"Point","coordinates":[-107.4563,38.078]},"properties":{"s":45.2,"pub":true}},{"type":"Feature","geometry":{"type":"Point","coordinates":[-107.4563,38.0838]},"properties":{"s":45.2,"pub":true}},{"type":"Feature","geometry":{"type":"Point","coordinates":[-107.4488,37.8518]},"properties":{"s":64.3,"pub":true}},{"type":"Feature","geometry":{"type":"Point","coordinates":[-107.4488,37.8576]},"properties":{"s":64.3,"pub":true}},{"type":"Feature","geometry":{"type":"Point","coordinates":[-107.4488,37.8634]},"properties":{"s":64.3,"pub":true}},{"type":"Feature","geometry":{"type":"Point","coordinates":[-107.4488,37.8692]},"properties":{"s":64.3,"pub":true}},{"type":"Feature","geometry":{"type":"Point","coordinates":[-107.4488,37.875]},"properties":{"s":64.3,"pub":true}},{"type":"Feature","geometry":{"type":"Point","coordinates":[-107.4488,37.8808]},"properties":{"s":45.2,"pub":true}},{"type":"Feature","geometry":{"type":"Point","coordinates":[-107.4488,37.8866]},"properties":{"s":45.2,"pub":true}},{"type":"Feature","geometry":{"type":"Point","coordinates":[-107.4488,37.8924]},"properties":{"s":45.2,"pub":true}},{"type":"Feature","geometry":{"type":"Point","coordinates":[-107.4488,37.9098]},"properties":{"s":45.2,"pub":true}},{"type":"Feature","geometry":{"type":"Point","coordinates":[-107.4488,37.9272]},"properties":{"s":45.2,"pub":true}},{"type":"Feature","geometry":{"type":"Point","coordinates":[-107.4488,37.933]},"properties":{"s":45.2,"pub":true}},{"type":"Feature","geometry":{"type":"Point","coordinates":[-107.4488,37.9504]},"properties":{"s":45.2,"pub":true}},{"type":"Feature","geometry":{"type":"Point","coordinates":[-107.4488,37.9562]},"properties":{"s":45.2,"pub":true}},{"type":"Feature","geometry":{"type":"Point","coordinates":[-107.4488,37.962]},"properties":{"s":45.2,"pub":true}},{"type":"Feature","geometry":{"type":"Point","coordinates":[-107.4488,37.9678]},"properties":{"s":45.2,"pub":true}},{"type":"Feature","geometry":{"type":"Point","coordinates":[-107.4488,37.9736]},"properties":{"s":45.2,"pub":true}},{"type":"Feature","geometry":{"type":"Point","coordinates":[-107.4488,37.9794]},"properties":{"s":45.2,"pub":true}},{"type":"Feature","geometry":{"type":"Point","coordinates":[-107.4488,37.9852]},"properties":{"s":45.2,"pub":true}},{"type":"Feature","geometry":{"type":"Point","coordinates":[-107.4488,37.991]},"properties":{"s":45.2,"pub":true}},{"type":"Feature","geometry":{"type":"Point","coordinates":[-107.4488,37.9968]},"properties":{"s":45.2,"pub":true}},{"type":"Feature","geometry":{"type":"Point","coordinates":[-107.4488,38.0026]},"properties":{"s":45.2,"pub":true}},{"type":"Feature","geometry":{"type":"Point","coordinates":[-107.4488,38.0142]},"properties":{"s":45.2,"pub":true}},{"type":"Feature","geometry":{"type":"Point","coordinates":[-107.4488,38.02]},"properties":{"s":45.2,"pub":true}},{"type":"Feature","geometry":{"type":"Point","coordinates":[-107.4488,38.0258]},"properties":{"s":45.2,"pub":true}},{"type":"Feature","geometry":{"type":"Point","coordinates":[-107.4488,38.0316]},"properties":{"s":45.2,"pub":true}},{"type":"Feature","geometry":{"type":"Point","coordinates":[-107.4488,38.0374]},"properties":{"s":45.2,"pub":true}},{"type":"Feature","geometry":{"type":"Point","coordinates":[-107.4488,38.0432]},"properties":{"s":45.2,"pub":true}},{"type":"Feature","geometry":{"type":"Point","coordinates":[-107.4488,38.049]},"properties":{"s":45.2,"pub":true}},{"type":"Feature","geometry":{"type":"Point","coordinates":[-107.4488,38.0548]},"properties":{"s":45.2,"pub":true}},{"type":"Feature","geometry":{"type":"Point","coordinates":[-107.4488,38.078]},"properties":{"s":45.2,"pub":true}},{"type":"Feature","geometry":{"type":"Point","coordinates":[-107.4488,38.0838]},"properties":{"s":45.2,"pub":true}},{"type":"Feature","geometry":{"type":"Point","coordinates":[-107.4488,38.0896]},"properties":{"s":64.3,"pub":true}},{"type":"Feature","geometry":{"type":"Point","coordinates":[-107.4413,37.8866]},"properties":{"s":45.2,"pub":true}},{"type":"Feature","geometry":{"type":"Point","coordinates":[-107.4413,37.8924]},"properties":{"s":45.2,"pub":true}},{"type":"Feature","geometry":{"type":"Point","coordinates":[-107.4413,37.904]},"properties":{"s":45.2,"pub":true}},{"type":"Feature","geometry":{"type":"Point","coordinates":[-107.4413,37.9214]},"properties":{"s":45.2,"pub":true}},{"type":"Feature","geometry":{"type":"Point","coordinates":[-107.4413,37.9272]},"properties":{"s":45.2,"pub":true}},{"type":"Feature","geometry":{"type":"Point","coordinates":[-107.4413,37.933]},"properties":{"s":45.2,"pub":true}},{"type":"Feature","geometry":{"type":"Point","coordinates":[-107.4413,37.9388]},"properties":{"s":45.2,"pub":true}},{"type":"Feature","geometry":{"type":"Point","coordinates":[-107.4413,37.9562]},"properties":{"s":45.2,"pub":true}},{"type":"Feature","geometry":{"type":"Point","coordinates":[-107.4413,37.962]},"properties":{"s":45.2,"pub":true}},{"type":"Feature","geometry":{"type":"Point","coordinates":[-107.4413,37.9678]},"properties":{"s":45.2,"pub":true}},{"type":"Feature","geometry":{"type":"Point","coordinates":[-107.4413,37.9736]},"properties":{"s":45.2,"pub":true}},{"type":"Feature","geometry":{"type":"Point","coordinates":[-107.4413,37.9794]},"properties":{"s":45.2,"pub":true}},{"type":"Feature","geometry":{"type":"Point","coordinates":[-107.4413,37.9852]},"properties":{"s":45.2,"pub":true}},{"type":"Feature","geometry":{"type":"Point","coordinates":[-107.4413,37.991]},"properties":{"s":45.2,"pub":true}},{"type":"Feature","geometry":{"type":"Point","coordinates":[-107.4413,37.9968]},"properties":{"s":45.2,"pub":true}},{"type":"Feature","geometry":{"type":"Point","coordinates":[-107.4413,38.0026]},"properties":{"s":45.2,"pub":true}},{"type":"Feature","geometry":{"type":"Point","coordinates":[-107.4413,38.02]},"properties":{"s":45.2,"pub":true}},{"type":"Feature","geometry":{"type":"Point","coordinates":[-107.4413,38.0258]},"properties":{"s":45.2,"pub":true}},{"type":"Feature","geometry":{"type":"Point","coordinates":[-107.4413,38.0316]},"properties":{"s":45.2,"pub":true}},{"type":"Feature","geometry":{"type":"Point","coordinates":[-107.4413,38.0374]},"properties":{"s":45.2,"pub":true}},{"type":"Feature","geometry":{"type":"Point","coordinates":[-107.4413,38.0432]},"properties":{"s":45.2,"pub":true}},{"type":"Feature","geometry":{"type":"Point","coordinates":[-107.4413,38.049]},"properties":{"s":45.2,"pub":true}},{"type":"Feature","geometry":{"type":"Point","coordinates":[-107.4413,38.0548]},"properties":{"s":45.2,"pub":true}},{"type":"Feature","geometry":{"type":"Point","coordinates":[-107.4413,38.0606]},"properties":{"s":45.2,"pub":true}},{"type":"Feature","geometry":{"type":"Point","coordinates":[-107.4413,38.078]},"properties":{"s":45.2,"pub":true}},{"type":"Feature","geometry":{"type":"Point","coordinates":[-107.4413,38.0838]},"properties":{"s":45.2,"pub":true}},{"type":"Feature","geometry":{"type":"Point","coordinates":[-107.4413,38.0896]},"properties":{"s":64.3,"pub":true}},{"type":"Feature","geometry":{"type":"Point","coordinates":[-107.4413,38.0954]},"properties":{"s":64.3,"pub":true}},{"type":"Feature","geometry":{"type":"Point","coordinates":[-107.4413,38.1012]},"properties":{"s":64.3,"pub":true}},{"type":"Feature","geometry":{"type":"Point","coordinates":[-107.4413,38.107]},"properties":{"s":64.3,"pub":true}},{"type":"Feature","geometry":{"type":"Point","coordinates":[-107.4413,38.2984]},"properties":{"s":64.3,"pub":false}},{"type":"Feature","geometry":{"type":"Point","coordinates":[-107.4338,37.8518]},"properties":{"s":61.9,"pub":true}},{"type":"Feature","geometry":{"type":"Point","coordinates":[-107.4338,37.9156]},"properties":{"s":45.2,"pub":true}},{"type":"Feature","geometry":{"type":"Point","coordinates":[-107.4338,37.9214]},"properties":{"s":45.2,"pub":true}},{"type":"Feature","geometry":{"type":"Point","coordinates":[-107.4338,37.9272]},"properties":{"s":45.2,"pub":true}},{"type":"Feature","geometry":{"type":"Point","coordinates":[-107.4338,37.933]},"properties":{"s":45.2,"pub":true}},{"type":"Feature","geometry":{"type":"Point","coordinates":[-107.4338,37.9388]},"properties":{"s":45.2,"pub":true}},{"type":"Feature","geometry":{"type":"Point","coordinates":[-107.4338,37.9446]},"properties":{"s":45.2,"pub":true}},{"type":"Feature","geometry":{"type":"Point","coordinates":[-107.4338,37.9562]},"properties":{"s":45.2,"pub":true}},{"type":"Feature","geometry":{"type":"Point","coordinates":[-107.4338,37.962]},"properties":{"s":45.2,"pub":true}},{"type":"Feature","geometry":{"type":"Point","coordinates":[-107.4338,37.9678]},"properties":{"s":45.2,"pub":true}},{"type":"Feature","geometry":{"type":"Point","coordinates":[-107.4338,37.9736]},"properties":{"s":45.2,"pub":true}},{"type":"Feature","geometry":{"type":"Point","coordinates":[-107.4338,37.9794]},"properties":{"s":45.2,"pub":true}},{"type":"Feature","geometry":{"type":"Point","coordinates":[-107.4338,37.9852]},"properties":{"s":45.2,"pub":true}},{"type":"Feature","geometry":{"type":"Point","coordinates":[-107.4338,37.991]},"properties":{"s":45.2,"pub":true}},{"type":"Feature","geometry":{"type":"Point","coordinates":[-107.4338,37.9968]},"properties":{"s":45.2,"pub":true}},{"type":"Feature","geometry":{"type":"Point","coordinates":[-107.4338,38.0026]},"properties":{"s":45.2,"pub":true}},{"type":"Feature","geometry":{"type":"Point","coordinates":[-107.4338,38.0084]},"properties":{"s":45.2,"pub":true}},{"type":"Feature","geometry":{"type":"Point","coordinates":[-107.4338,38.02]},"properties":{"s":45.2,"pub":true}},{"type":"Feature","geometry":{"type":"Point","coordinates":[-107.4338,38.0258]},"properties":{"s":45.2,"pub":true}},{"type":"Feature","geometry":{"type":"Point","coordinates":[-107.4338,38.0316]},"properties":{"s":45.2,"pub":true}},{"type":"Feature","geometry":{"type":"Point","coordinates":[-107.4338,38.0374]},"properties":{"s":45.2,"pub":true}},{"type":"Feature","geometry":{"type":"Point","coordinates":[-107.4338,38.0432]},"properties":{"s":45.2,"pub":true}},{"type":"Feature","geometry":{"type":"Point","coordinates":[-107.4338,38.049]},"properties":{"s":45.2,"pub":true}},{"type":"Feature","geometry":{"type":"Point","coordinates":[-107.4338,38.0548]},"properties":{"s":45.2,"pub":true}},{"type":"Feature","geometry":{"type":"Point","coordinates":[-107.4338,38.0606]},"properties":{"s":45.2,"pub":true}},{"type":"Feature","geometry":{"type":"Point","coordinates":[-107.4338,38.0722]},"properties":{"s":45.2,"pub":true}},{"type":"Feature","geometry":{"type":"Point","coordinates":[-107.4338,38.078]},"properties":{"s":45.2,"pub":true}},{"type":"Feature","geometry":{"type":"Point","coordinates":[-107.4338,38.0838]},"properties":{"s":45.2,"pub":true}},{"type":"Feature","geometry":{"type":"Point","coordinates":[-107.4338,38.0896]},"properties":{"s":64.3,"pub":true}},{"type":"Feature","geometry":{"type":"Point","coordinates":[-107.4338,38.0954]},"properties":{"s":64.3,"pub":true}},{"type":"Feature","geometry":{"type":"Point","coordinates":[-107.4338,38.1012]},"properties":{"s":64.3,"pub":true}},{"type":"Feature","geometry":{"type":"Point","coordinates":[-107.4338,38.107]},"properties":{"s":64.3,"pub":true}},{"type":"Feature","geometry":{"type":"Point","coordinates":[-107.4338,38.1128]},"properties":{"s":64.3,"pub":true}},{"type":"Feature","geometry":{"type":"Point","coordinates":[-107.4338,38.1186]},"properties":{"s":64.3,"pub":true}},{"type":"Feature","geometry":{"type":"Point","coordinates":[-107.4338,38.2114]},"properties":{"s":45.2,"pub":true}},{"type":"Feature","geometry":{"type":"Point","coordinates":[-107.4338,38.281]},"properties":{"s":45.2,"pub":true}},{"type":"Feature","geometry":{"type":"Point","coordinates":[-107.4338,38.2868]},"properties":{"s":45.2,"pub":false}},{"type":"Feature","geometry":{"type":"Point","coordinates":[-107.4338,38.2926]},"properties":{"s":45.2,"pub":true}},{"type":"Feature","geometry":{"type":"Point","coordinates":[-107.4338,38.2984]},"properties":{"s":45.2,"pub":true}},{"type":"Feature","geometry":{"type":"Point","coordinates":[-107.4338,38.3042]},"properties":{"s":64.3,"pub":true}},{"type":"Feature","geometry":{"type":"Point","coordinates":[-107.4338,38.31]},"properties":{"s":64.3,"pub":true}},{"type":"Feature","geometry":{"type":"Point","coordinates":[-107.4338,38.3158]},"properties":{"s":64.3,"pub":false}},{"type":"Feature","geometry":{"type":"Point","coordinates":[-107.4338,38.3216]},"properties":{"s":64.3,"pub":true}},{"type":"Feature","geometry":{"type":"Point","coordinates":[-107.4338,38.3274]},"properties":{"s":64.3,"pub":true}},{"type":"Feature","geometry":{"type":"Point","coordinates":[-107.4338,38.3332]},"properties":{"s":66.7,"pub":false}},{"type":"Feature","geometry":{"type":"Point","coordinates":[-107.4338,38.339]},"properties":{"s":66.7,"pub":false}},{"type":"Feature","geometry":{"type":"Point","coordinates":[-107.4338,38.3448]},"properties":{"s":66.7,"pub":false}},{"type":"Feature","geometry":{"type":"Point","coordinates":[-107.4338,38.3506]},"properties":{"s":66.7,"pub":false}},{"type":"Feature","geometry":{"type":"Point","coordinates":[-107.4338,38.3564]},"properties":{"s":66.7,"pub":false}},{"type":"Feature","geometry":{"type":"Point","coordinates":[-107.4338,38.3622]},"properties":{"s":66.7,"pub":false}},{"type":"Feature","geometry":{"type":"Point","coordinates":[-107.4338,38.368]},"properties":{"s":66.7,"pub":false}},{"type":"Feature","geometry":{"type":"Point","coordinates":[-107.4338,38.3738]},"properties":{"s":66.7,"pub":false}},{"type":"Feature","geometry":{"type":"Point","coordinates":[-107.4338,38.3796]},"properties":{"s":66.7,"pub":false}},{"type":"Feature","geometry":{"type":"Point","coordinates":[-107.4338,38.3854]},"properties":{"s":66.7,"pub":false}},{"type":"Feature","geometry":{"type":"Point","coordinates":[-107.4263,37.8634]},"properties":{"s":64.3,"pub":true}},{"type":"Feature","geometry":{"type":"Point","coordinates":[-107.4263,37.8692]},"properties":{"s":64.3,"pub":true}},{"type":"Feature","geometry":{"type":"Point","coordinates":[-107.4263,37.875]},"properties":{"s":64.3,"pub":true}},{"type":"Feature","geometry":{"type":"Point","coordinates":[-107.4263,37.8808]},"properties":{"s":64.3,"pub":true}},{"type":"Feature","geometry":{"type":"Point","coordinates":[-107.4263,37.8866]},"properties":{"s":45.2,"pub":true}},{"type":"Feature","geometry":{"type":"Point","coordinates":[-107.4263,37.8924]},"properties":{"s":45.2,"pub":true}},{"type":"Feature","geometry":{"type":"Point","coordinates":[-107.4263,37.9098]},"properties":{"s":45.2,"pub":true}},{"type":"Feature","geometry":{"type":"Point","coordinates":[-107.4263,37.9156]},"properties":{"s":45.2,"pub":true}},{"type":"Feature","geometry":{"type":"Point","coordinates":[-107.4263,37.9388]},"properties":{"s":45.2,"pub":true}},{"type":"Feature","geometry":{"type":"Point","coordinates":[-107.4263,37.9446]},"properties":{"s":45.2,"pub":true}},{"type":"Feature","geometry":{"type":"Point","coordinates":[-107.4263,37.962]},"properties":{"s":45.2,"pub":true}},{"type":"Feature","geometry":{"type":"Point","coordinates":[-107.4263,37.9678]},"properties":{"s":45.2,"pub":true}},{"type":"Feature","geometry":{"type":"Point","coordinates":[-107.4263,37.9736]},"properties":{"s":45.2,"pub":true}},{"type":"Feature","geometry":{"type":"Point","coordinates":[-107.4263,37.9794]},"properties":{"s":45.2,"pub":true}},{"type":"Feature","geometry":{"type":"Point","coordinates":[-107.4263,37.9852]},"properties":{"s":45.2,"pub":true}},{"type":"Feature","geometry":{"type":"Point","coordinates":[-107.4263,37.991]},"properties":{"s":45.2,"pub":true}},{"type":"Feature","geometry":{"type":"Point","coordinates":[-107.4263,37.9968]},"properties":{"s":45.2,"pub":true}},{"type":"Feature","geometry":{"type":"Point","coordinates":[-107.4263,38.0026]},"properties":{"s":45.2,"pub":true}},{"type":"Feature","geometry":{"type":"Point","coordinates":[-107.4263,38.0084]},"properties":{"s":45.2,"pub":true}},{"type":"Feature","geometry":{"type":"Point","coordinates":[-107.4263,38.0258]},"properties":{"s":45.2,"pub":true}},{"type":"Feature","geometry":{"type":"Point","coordinates":[-107.4263,38.0316]},"properties":{"s":45.2,"pub":true}},{"type":"Feature","geometry":{"type":"Point","coordinates":[-107.4263,38.0374]},"properties":{"s":45.2,"pub":true}},{"type":"Feature","geometry":{"type":"Point","coordinates":[-107.4263,38.0432]},"properties":{"s":45.2,"pub":true}},{"type":"Feature","geometry":{"type":"Point","coordinates":[-107.4263,38.049]},"properties":{"s":45.2,"pub":true}},{"type":"Feature","geometry":{"type":"Point","coordinates":[-107.4263,38.0548]},"properties":{"s":45.2,"pub":true}},{"type":"Feature","geometry":{"type":"Point","coordinates":[-107.4263,38.0606]},"properties":{"s":45.2,"pub":true}},{"type":"Feature","geometry":{"type":"Point","coordinates":[-107.4263,38.0722]},"properties":{"s":45.2,"pub":true}},{"type":"Feature","geometry":{"type":"Point","coordinates":[-107.4263,38.078]},"properties":{"s":45.2,"pub":true}},{"type":"Feature","geometry":{"type":"Point","coordinates":[-107.4263,38.0838]},"properties":{"s":64.3,"pub":true}},{"type":"Feature","geometry":{"type":"Point","coordinates":[-107.4263,38.0896]},"properties":{"s":64.3,"pub":true}},{"type":"Feature","geometry":{"type":"Point","coordinates":[-107.4263,38.0954]},"properties":{"s":64.3,"pub":true}},{"type":"Feature","geometry":{"type":"Point","coordinates":[-107.4263,38.1012]},"properties":{"s":64.3,"pub":true}},{"type":"Feature","geometry":{"type":"Point","coordinates":[-107.4263,38.107]},"properties":{"s":64.3,"pub":true}},{"type":"Feature","geometry":{"type":"Point","coordinates":[-107.4263,38.1128]},"properties":{"s":64.3,"pub":true}},{"type":"Feature","geometry":{"type":"Point","coordinates":[-107.4263,38.1186]},"properties":{"s":64.3,"pub":true}},{"type":"Feature","geometry":{"type":"Point","coordinates":[-107.4263,38.1244]},"properties":{"s":64.3,"pub":true}},{"type":"Feature","geometry":{"type":"Point","coordinates":[-107.4263,38.1302]},"properties":{"s":64.3,"pub":true}},{"type":"Feature","geometry":{"type":"Point","coordinates":[-107.4263,38.194]},"properties":{"s":45.2,"pub":true}},{"type":"Feature","geometry":{"type":"Point","coordinates":[-107.4263,38.1998]},"properties":{"s":45.2,"pub":true}},{"type":"Feature","geometry":{"type":"Point","coordinates":[-107.4263,38.2056]},"properties":{"s":45.2,"pub":true}},{"type":"Feature","geometry":{"type":"Point","coordinates":[-107.4263,38.2114]},"properties":{"s":45.2,"pub":true}},{"type":"Feature","geometry":{"type":"Point","coordinates":[-107.4263,38.2172]},"properties":{"s":45.2,"pub":true}},{"type":"Feature","geometry":{"type":"Point","coordinates":[-107.4263,38.2752]},"properties":{"s":45.2,"pub":true}},{"type":"Feature","geometry":{"type":"Point","coordinates":[-107.4263,38.281]},"properties":{"s":45.2,"pub":true}},{"type":"Feature","geometry":{"type":"Point","coordinates":[-107.4263,38.2868]},"properties":{"s":45.2,"pub":true}},{"type":"Feature","geometry":{"type":"Point","coordinates":[-107.4263,38.2926]},"properties":{"s":45.2,"pub":true}},{"type":"Feature","geometry":{"type":"Point","coordinates":[-107.4263,38.2984]},"properties":{"s":45.2,"pub":true}},{"type":"Feature","geometry":{"type":"Point","coordinates":[-107.4263,38.3042]},"properties":{"s":64.3,"pub":true}},{"type":"Feature","geometry":{"type":"Point","coordinates":[-107.4263,38.31]},"properties":{"s":64.3,"pub":true}},{"type":"Feature","geometry":{"type":"Point","coordinates":[-107.4263,38.3158]},"properties":{"s":64.3,"pub":true}},{"type":"Feature","geometry":{"type":"Point","coordinates":[-107.4263,38.3216]},"properties":{"s":64.3,"pub":true}},{"type":"Feature","geometry":{"type":"Point","coordinates":[-107.4263,38.3274]},"properties":{"s":64.3,"pub":true}},{"type":"Feature","geometry":{"type":"Point","coordinates":[-107.4263,38.3332]},"properties":{"s":66.7,"pub":false}},{"type":"Feature","geometry":{"type":"Point","coordinates":[-107.4263,38.339]},"properties":{"s":66.7,"pub":false}},{"type":"Feature","geometry":{"type":"Point","coordinates":[-107.4263,38.3448]},"properties":{"s":66.7,"pub":false}},{"type":"Feature","geometry":{"type":"Point","coordinates":[-107.4263,38.3506]},"properties":{"s":66.7,"pub":false}},{"type":"Feature","geometry":{"type":"Point","coordinates":[-107.4263,38.3564]},"properties":{"s":66.7,"pub":false}},{"type":"Feature","geometry":{"type":"Point","coordinates":[-107.4263,38.3622]},"properties":{"s":66.7,"pub":false}},{"type":"Feature","geometry":{"type":"Point","coordinates":[-107.4263,38.368]},"properties":{"s":66.7,"pub":false}},{"type":"Feature","geometry":{"type":"Point","coordinates":[-107.4263,38.3738]},"properties":{"s":66.7,"pub":false}},{"type":"Feature","geometry":{"type":"Point","coordinates":[-107.4263,38.3796]},"properties":{"s":66.7,"pub":false}},{"type":"Feature","geometry":{"type":"Point","coordinates":[-107.4188,37.8634]},"properties":{"s":64.3,"pub":true}},{"type":"Feature","geometry":{"type":"Point","coordinates":[-107.4188,37.8692]},"properties":{"s":64.3,"pub":true}},{"type":"Feature","geometry":{"type":"Point","coordinates":[-107.4188,37.875]},"properties":{"s":64.3,"pub":true}},{"type":"Feature","geometry":{"type":"Point","coordinates":[-107.4188,37.8808]},"properties":{"s":64.3,"pub":true}},{"type":"Feature","geometry":{"type":"Point","coordinates":[-107.4188,37.8866]},"properties":{"s":45.2,"pub":true}},{"type":"Feature","geometry":{"type":"Point","coordinates":[-107.4188,37.8924]},"properties":{"s":45.2,"pub":true}},{"type":"Feature","geometry":{"type":"Point","coordinates":[-107.4188,37.8982]},"properties":{"s":45.2,"pub":true}},{"type":"Feature","geometry":{"type":"Point","coordinates":[-107.4188,37.9098]},"properties":{"s":47.6,"pub":true}},{"type":"Feature","geometry":{"type":"Point","coordinates":[-107.4188,37.9156]},"properties":{"s":45.2,"pub":true}},{"type":"Feature","geometry":{"type":"Point","coordinates":[-107.4188,37.9214]},"properties":{"s":45.2,"pub":true}},{"type":"Feature","geometry":{"type":"Point","coordinates":[-107.4188,37.9272]},"properties":{"s":45.2,"pub":true}},{"type":"Feature","geometry":{"type":"Point","coordinates":[-107.4188,37.962]},"properties":{"s":45.2,"pub":true}},{"type":"Feature","geometry":{"type":"Point","coordinates":[-107.4188,37.9678]},"properties":{"s":45.2,"pub":true}},{"type":"Feature","geometry":{"type":"Point","coordinates":[-107.4188,37.9736]},"properties":{"s":45.2,"pub":true}},{"type":"Feature","geometry":{"type":"Point","coordinates":[-107.4188,37.9794]},"properties":{"s":45.2,"pub":true}},{"type":"Feature","geometry":{"type":"Point","coordinates":[-107.4188,37.9852]},"properties":{"s":45.2,"pub":true}},{"type":"Feature","geometry":{"type":"Point","coordinates":[-107.4188,37.991]},"properties":{"s":45.2,"pub":true}},{"type":"Feature","geometry":{"type":"Point","coordinates":[-107.4188,37.9968]},"properties":{"s":45.2,"pub":true}},{"type":"Feature","geometry":{"type":"Point","coordinates":[-107.4188,38.0026]},"properties":{"s":45.2,"pub":true}},{"type":"Feature","geometry":{"type":"Point","coordinates":[-107.4188,38.0084]},"properties":{"s":45.2,"pub":true}},{"type":"Feature","geometry":{"type":"Point","coordinates":[-107.4188,38.0142]},"properties":{"s":45.2,"pub":true}},{"type":"Feature","geometry":{"type":"Point","coordinates":[-107.4188,38.0258]},"properties":{"s":45.2,"pub":true}},{"type":"Feature","geometry":{"type":"Point","coordinates":[-107.4188,38.0316]},"properties":{"s":45.2,"pub":true}},{"type":"Feature","geometry":{"type":"Point","coordinates":[-107.4188,38.0374]},"properties":{"s":45.2,"pub":true}},{"type":"Feature","geometry":{"type":"Point","coordinates":[-107.4188,38.0432]},"properties":{"s":45.2,"pub":true}},{"type":"Feature","geometry":{"type":"Point","coordinates":[-107.4188,38.049]},"properties":{"s":45.2,"pub":true}},{"type":"Feature","geometry":{"type":"Point","coordinates":[-107.4188,38.0664]},"properties":{"s":45.2,"pub":true}},{"type":"Feature","geometry":{"type":"Point","coordinates":[-107.4188,38.0722]},"properties":{"s":45.2,"pub":true}},{"type":"Feature","geometry":{"type":"Point","coordinates":[-107.4188,38.078]},"properties":{"s":45.2,"pub":true}},{"type":"Feature","geometry":{"type":"Point","coordinates":[-107.4188,38.0838]},"properties":{"s":64.3,"pub":true}},{"type":"Feature","geometry":{"type":"Point","coordinates":[-107.4188,38.0896]},"properties":{"s":64.3,"pub":true}},{"type":"Feature","geometry":{"type":"Point","coordinates":[-107.4188,38.0954]},"properties":{"s":64.3,"pub":true}},{"type":"Feature","geometry":{"type":"Point","coordinates":[-107.4188,38.1012]},"properties":{"s":64.3,"pub":true}},{"type":"Feature","geometry":{"type":"Point","coordinates":[-107.4188,38.107]},"properties":{"s":64.3,"pub":true}},{"type":"Feature","geometry":{"type":"Point","coordinates":[-107.4188,38.1128]},"properties":{"s":64.3,"pub":true}},{"type":"Feature","geometry":{"type":"Point","coordinates":[-107.4188,38.1186]},"properties":{"s":64.3,"pub":true}},{"type":"Feature","geometry":{"type":"Point","coordinates":[-107.4188,38.1244]},"properties":{"s":64.3,"pub":true}},{"type":"Feature","geometry":{"type":"Point","coordinates":[-107.4188,38.1302]},"properties":{"s":64.3,"pub":true}},{"type":"Feature","geometry":{"type":"Point","coordinates":[-107.4188,38.136]},"properties":{"s":64.3,"pub":true}},{"type":"Feature","geometry":{"type":"Point","coordinates":[-107.4188,38.1882]},"properties":{"s":64.3,"pub":true}},{"type":"Feature","geometry":{"type":"Point","coordinates":[-107.4188,38.194]},"properties":{"s":45.2,"pub":true}},{"type":"Feature","geometry":{"type":"Point","coordinates":[-107.4188,38.1998]},"properties":{"s":45.2,"pub":true}},{"type":"Feature","geometry":{"type":"Point","coordinates":[-107.4188,38.2056]},"properties":{"s":45.2,"pub":true}},{"type":"Feature","geometry":{"type":"Point","coordinates":[-107.4188,38.2114]},"properties":{"s":45.2,"pub":true}},{"type":"Feature","geometry":{"type":"Point","coordinates":[-107.4188,38.2172]},"properties":{"s":45.2,"pub":true}},{"type":"Feature","geometry":{"type":"Point","coordinates":[-107.4188,38.223]},"properties":{"s":64.3,"pub":true}},{"type":"Feature","geometry":{"type":"Point","coordinates":[-107.4188,38.2288]},"properties":{"s":45.2,"pub":true}},{"type":"Feature","geometry":{"type":"Point","coordinates":[-107.4188,38.2404]},"properties":{"s":45.2,"pub":true}},{"type":"Feature","geometry":{"type":"Point","coordinates":[-107.4188,38.2462]},"properties":{"s":45.2,"pub":true}},{"type":"Feature","geometry":{"type":"Point","coordinates":[-107.4188,38.252]},"properties":{"s":45.2,"pub":true}},{"type":"Feature","geometry":{"type":"Point","coordinates":[-107.4188,38.2636]},"properties":{"s":45.2,"pub":false}},{"type":"Feature","geometry":{"type":"Point","coordinates":[-107.4188,38.2694]},"properties":{"s":45.2,"pub":false}},{"type":"Feature","geometry":{"type":"Point","coordinates":[-107.4188,38.2752]},"properties":{"s":45.2,"pub":false}},{"type":"Feature","geometry":{"type":"Point","coordinates":[-107.4188,38.281]},"properties":{"s":45.2,"pub":false}},{"type":"Feature","geometry":{"type":"Point","coordinates":[-107.4188,38.2868]},"properties":{"s":45.2,"pub":true}},{"type":"Feature","geometry":{"type":"Point","coordinates":[-107.4188,38.3042]},"properties":{"s":64.3,"pub":true}},{"type":"Feature","geometry":{"type":"Point","coordinates":[-107.4188,38.31]},"properties":{"s":64.3,"pub":true}},{"type":"Feature","geometry":{"type":"Point","coordinates":[-107.4188,38.3158]},"properties":{"s":64.3,"pub":false}},{"type":"Feature","geometry":{"type":"Point","coordinates":[-107.4188,38.3216]},"properties":{"s":64.3,"pub":false}},{"type":"Feature","geometry":{"type":"Point","coordinates":[-107.4188,38.3274]},"properties":{"s":64.3,"pub":false}},{"type":"Feature","geometry":{"type":"Point","coordinates":[-107.4188,38.3332]},"properties":{"s":66.7,"pub":false}},{"type":"Feature","geometry":{"type":"Point","coordinates":[-107.4188,38.339]},"properties":{"s":66.7,"pub":false}},{"type":"Feature","geometry":{"type":"Point","coordinates":[-107.4188,38.3448]},"properties":{"s":66.7,"pub":false}},{"type":"Feature","geometry":{"type":"Point","coordinates":[-107.4188,38.3506]},"properties":{"s":66.7,"pub":false}},{"type":"Feature","geometry":{"type":"Point","coordinates":[-107.4188,38.3564]},"properties":{"s":66.7,"pub":false}},{"type":"Feature","geometry":{"type":"Point","coordinates":[-107.4188,38.3622]},"properties":{"s":66.7,"pub":false}},{"type":"Feature","geometry":{"type":"Point","coordinates":[-107.4188,38.368]},"properties":{"s":66.7,"pub":false}},{"type":"Feature","geometry":{"type":"Point","coordinates":[-107.4188,38.3738]},"properties":{"s":66.7,"pub":false}},{"type":"Feature","geometry":{"type":"Point","coordinates":[-107.4188,38.3796]},"properties":{"s":66.7,"pub":false}},{"type":"Feature","geometry":{"type":"Point","coordinates":[-107.4188,38.3854]},"properties":{"s":66.7,"pub":false}},{"type":"Feature","geometry":{"type":"Point","coordinates":[-107.4113,37.8634]},"properties":{"s":64.3,"pub":true}},{"type":"Feature","geometry":{"type":"Point","coordinates":[-107.4113,37.8692]},"properties":{"s":64.3,"pub":true}},{"type":"Feature","geometry":{"type":"Point","coordinates":[-107.4113,37.875]},"properties":{"s":64.3,"pub":true}},{"type":"Feature","geometry":{"type":"Point","coordinates":[-107.4113,37.8808]},"properties":{"s":64.3,"pub":true}},{"type":"Feature","geometry":{"type":"Point","coordinates":[-107.4113,37.8866]},"properties":{"s":45.2,"pub":true}},{"type":"Feature","geometry":{"type":"Point","coordinates":[-107.4113,37.8924]},"properties":{"s":45.2,"pub":true}},{"type":"Feature","geometry":{"type":"Point","coordinates":[-107.4113,37.8982]},"properties":{"s":45.2,"pub":true}},{"type":"Feature","geometry":{"type":"Point","coordinates":[-107.4113,37.9098]},"properties":{"s":47.6,"pub":true}},{"type":"Feature","geometry":{"type":"Point","coordinates":[-107.4113,37.9156]},"properties":{"s":47.6,"pub":true}},{"type":"Feature","geometry":{"type":"Point","coordinates":[-107.4113,37.9214]},"properties":{"s":45.2,"pub":true}},{"type":"Feature","geometry":{"type":"Point","coordinates":[-107.4113,37.9272]},"properties":{"s":45.2,"pub":true}},{"type":"Feature","geometry":{"type":"Point","coordinates":[-107.4113,37.933]},"properties":{"s":45.2,"pub":true}},{"type":"Feature","geometry":{"type":"Point","coordinates":[-107.4113,37.9388]},"properties":{"s":45.2,"pub":true}},{"type":"Feature","geometry":{"type":"Point","coordinates":[-107.4113,37.9562]},"properties":{"s":45.2,"pub":true}},{"type":"Feature","geometry":{"type":"Point","coordinates":[-107.4113,37.962]},"properties":{"s":45.2,"pub":true}},{"type":"Feature","geometry":{"type":"Point","coordinates":[-107.4113,37.9678]},"properties":{"s":45.2,"pub":true}},{"type":"Feature","geometry":{"type":"Point","coordinates":[-107.4113,37.9736]},"properties":{"s":45.2,"pub":true}},{"type":"Feature","geometry":{"type":"Point","coordinates":[-107.4113,37.9794]},"properties":{"s":45.2,"pub":true}},{"type":"Feature","geometry":{"type":"Point","coordinates":[-107.4113,37.9852]},"properties":{"s":45.2,"pub":true}},{"type":"Feature","geometry":{"type":"Point","coordinates":[-107.4113,37.991]},"properties":{"s":45.2,"pub":true}},{"type":"Feature","geometry":{"type":"Point","coordinates":[-107.4113,37.9968]},"properties":{"s":45.2,"pub":true}},{"type":"Feature","geometry":{"type":"Point","coordinates":[-107.4113,38.0026]},"properties":{"s":45.2,"pub":true}},{"type":"Feature","geometry":{"type":"Point","coordinates":[-107.4113,38.0084]},"properties":{"s":45.2,"pub":true}},{"type":"Feature","geometry":{"type":"Point","coordinates":[-107.4113,38.0142]},"properties":{"s":45.2,"pub":true}},{"type":"Feature","geometry":{"type":"Point","coordinates":[-107.4113,38.0258]},"properties":{"s":45.2,"pub":true}},{"type":"Feature","geometry":{"type":"Point","coordinates":[-107.4113,38.0316]},"properties":{"s":45.2,"pub":true}},{"type":"Feature","geometry":{"type":"Point","coordinates":[-107.4113,38.0374]},"properties":{"s":45.2,"pub":true}},{"type":"Feature","geometry":{"type":"Point","coordinates":[-107.4113,38.0432]},"properties":{"s":45.2,"pub":true}},{"type":"Feature","geometry":{"type":"Point","coordinates":[-107.4113,38.0548]},"properties":{"s":45.2,"pub":true}},{"type":"Feature","geometry":{"type":"Point","coordinates":[-107.4113,38.0606]},"properties":{"s":64.3,"pub":true}},{"type":"Feature","geometry":{"type":"Point","coordinates":[-107.4113,38.0664]},"properties":{"s":64.3,"pub":true}},{"type":"Feature","geometry":{"type":"Point","coordinates":[-107.4113,38.0722]},"properties":{"s":64.3,"pub":true}},{"type":"Feature","geometry":{"type":"Point","coordinates":[-107.4113,38.078]},"properties":{"s":64.3,"pub":true}},{"type":"Feature","geometry":{"type":"Point","coordinates":[-107.4113,38.0838]},"properties":{"s":64.3,"pub":true}},{"type":"Feature","geometry":{"type":"Point","coordinates":[-107.4113,38.0896]},"properties":{"s":64.3,"pub":true}},{"type":"Feature","geometry":{"type":"Point","coordinates":[-107.4113,38.0954]},"properties":{"s":64.3,"pub":true}},{"type":"Feature","geometry":{"type":"Point","coordinates":[-107.4113,38.1012]},"properties":{"s":64.3,"pub":true}},{"type":"Feature","geometry":{"type":"Point","coordinates":[-107.4113,38.107]},"properties":{"s":64.3,"pub":true}},{"type":"Feature","geometry":{"type":"Point","coordinates":[-107.4113,38.1128]},"properties":{"s":64.3,"pub":true}},{"type":"Feature","geometry":{"type":"Point","coordinates":[-107.4113,38.1186]},"properties":{"s":64.3,"pub":true}},{"type":"Feature","geometry":{"type":"Point","coordinates":[-107.4113,38.1244]},"properties":{"s":64.3,"pub":true}},{"type":"Feature","geometry":{"type":"Point","coordinates":[-107.4113,38.1302]},"properties":{"s":64.3,"pub":true}},{"type":"Feature","geometry":{"type":"Point","coordinates":[-107.4113,38.136]},"properties":{"s":64.3,"pub":true}},{"type":"Feature","geometry":{"type":"Point","coordinates":[-107.4113,38.1418]},"properties":{"s":64.3,"pub":true}},{"type":"Feature","geometry":{"type":"Point","coordinates":[-107.4113,38.1476]},"properties":{"s":64.3,"pub":true}},{"type":"Feature","geometry":{"type":"Point","coordinates":[-107.4113,38.1534]},"properties":{"s":64.3,"pub":true}},{"type":"Feature","geometry":{"type":"Point","coordinates":[-107.4113,38.1592]},"properties":{"s":64.3,"pub":true}},{"type":"Feature","geometry":{"type":"Point","coordinates":[-107.4113,38.165]},"properties":{"s":64.3,"pub":true}},{"type":"Feature","geometry":{"type":"Point","coordinates":[-107.4113,38.1708]},"properties":{"s":64.3,"pub":true}},{"type":"Feature","geometry":{"type":"Point","coordinates":[-107.4113,38.1766]},"properties":{"s":64.3,"pub":true}},{"type":"Feature","geometry":{"type":"Point","coordinates":[-107.4113,38.1824]},"properties":{"s":64.3,"pub":true}},{"type":"Feature","geometry":{"type":"Point","coordinates":[-107.4113,38.1882]},"properties":{"s":64.3,"pub":true}},{"type":"Feature","geometry":{"type":"Point","coordinates":[-107.4113,38.194]},"properties":{"s":64.3,"pub":true}},{"type":"Feature","geometry":{"type":"Point","coordinates":[-107.4113,38.1998]},"properties":{"s":64.3,"pub":true}},{"type":"Feature","geometry":{"type":"Point","coordinates":[-107.4113,38.2056]},"properties":{"s":64.3,"pub":true}},{"type":"Feature","geometry":{"type":"Point","coordinates":[-107.4113,38.2114]},"properties":{"s":45.2,"pub":true}},{"type":"Feature","geometry":{"type":"Point","coordinates":[-107.4113,38.2172]},"properties":{"s":45.2,"pub":true}},{"type":"Feature","geometry":{"type":"Point","coordinates":[-107.4113,38.223]},"properties":{"s":45.2,"pub":true}},{"type":"Feature","geometry":{"type":"Point","coordinates":[-107.4113,38.2288]},"properties":{"s":45.2,"pub":true}},{"type":"Feature","geometry":{"type":"Point","coordinates":[-107.4113,38.2346]},"properties":{"s":45.2,"pub":true}},{"type":"Feature","geometry":{"type":"Point","coordinates":[-107.4113,38.2404]},"properties":{"s":45.2,"pub":true}},{"type":"Feature","geometry":{"type":"Point","coordinates":[-107.4113,38.2462]},"properties":{"s":45.2,"pub":true}},{"type":"Feature","geometry":{"type":"Point","coordinates":[-107.4113,38.252]},"properties":{"s":45.2,"pub":true}},{"type":"Feature","geometry":{"type":"Point","coordinates":[-107.4113,38.2578]},"properties":{"s":45.2,"pub":true}},{"type":"Feature","geometry":{"type":"Point","coordinates":[-107.4113,38.2636]},"properties":{"s":45.2,"pub":true}},{"type":"Feature","geometry":{"type":"Point","coordinates":[-107.4113,38.2694]},"properties":{"s":45.2,"pub":true}},{"type":"Feature","geometry":{"type":"Point","coordinates":[-107.4113,38.2926]},"properties":{"s":64.3,"pub":true}},{"type":"Feature","geometry":{"type":"Point","coordinates":[-107.4113,38.2984]},"properties":{"s":64.3,"pub":false}},{"type":"Feature","geometry":{"type":"Point","coordinates":[-107.4113,38.3042]},"properties":{"s":64.3,"pub":false}},{"type":"Feature","geometry":{"type":"Point","coordinates":[-107.4113,38.31]},"properties":{"s":64.3,"pub":false}},{"type":"Feature","geometry":{"type":"Point","coordinates":[-107.4113,38.3158]},"properties":{"s":64.3,"pub":false}},{"type":"Feature","geometry":{"type":"Point","coordinates":[-107.4113,38.3216]},"properties":{"s":64.3,"pub":false}},{"type":"Feature","geometry":{"type":"Point","coordinates":[-107.4113,38.3274]},"properties":{"s":64.3,"pub":false}},{"type":"Feature","geometry":{"type":"Point","coordinates":[-107.4113,38.3332]},"properties":{"s":64.3,"pub":false}},{"type":"Feature","geometry":{"type":"Point","coordinates":[-107.4113,38.339]},"properties":{"s":66.7,"pub":false}},{"type":"Feature","geometry":{"type":"Point","coordinates":[-107.4113,38.3448]},"properties":{"s":66.7,"pub":false}},{"type":"Feature","geometry":{"type":"Point","coordinates":[-107.4113,38.3506]},"properties":{"s":66.7,"pub":false}},{"type":"Feature","geometry":{"type":"Point","coordinates":[-107.4113,38.3564]},"properties":{"s":66.7,"pub":false}},{"type":"Feature","geometry":{"type":"Point","coordinates":[-107.4113,38.3622]},"properties":{"s":66.7,"pub":false}},{"type":"Feature","geometry":{"type":"Point","coordinates":[-107.4113,38.368]},"properties":{"s":66.7,"pub":false}},{"type":"Feature","geometry":{"type":"Point","coordinates":[-107.4113,38.3738]},"properties":{"s":66.7,"pub":false}},{"type":"Feature","geometry":{"type":"Point","coordinates":[-107.4113,38.3796]},"properties":{"s":66.7,"pub":false}},{"type":"Feature","geometry":{"type":"Point","coordinates":[-107.4113,38.3854]},"properties":{"s":66.7,"pub":false}},{"type":"Feature","geometry":{"type":"Point","coordinates":[-107.4113,38.3912]},"properties":{"s":66.7,"pub":false}},{"type":"Feature","geometry":{"type":"Point","coordinates":[-107.4113,38.397]},"properties":{"s":66.7,"pub":false}},{"type":"Feature","geometry":{"type":"Point","coordinates":[-107.4038,37.8634]},"properties":{"s":64.3,"pub":true}},{"type":"Feature","geometry":{"type":"Point","coordinates":[-107.4038,37.8692]},"properties":{"s":64.3,"pub":true}},{"type":"Feature","geometry":{"type":"Point","coordinates":[-107.4038,37.875]},"properties":{"s":64.3,"pub":true}},{"type":"Feature","geometry":{"type":"Point","coordinates":[-107.4038,37.8808]},"properties":{"s":64.3,"pub":true}},{"type":"Feature","geometry":{"type":"Point","coordinates":[-107.4038,37.8866]},"properties":{"s":45.2,"pub":true}},{"type":"Feature","geometry":{"type":"Point","coordinates":[-107.4038,37.8924]},"properties":{"s":45.2,"pub":true}},{"type":"Feature","geometry":{"type":"Point","coordinates":[-107.4038,37.8982]},"properties":{"s":45.2,"pub":true}},{"type":"Feature","geometry":{"type":"Point","coordinates":[-107.4038,37.9098]},"properties":{"s":47.6,"pub":true}},{"type":"Feature","geometry":{"type":"Point","coordinates":[-107.4038,37.9156]},"properties":{"s":47.6,"pub":true}},{"type":"Feature","geometry":{"type":"Point","coordinates":[-107.4038,37.9214]},"properties":{"s":47.6,"pub":true}},{"type":"Feature","geometry":{"type":"Point","coordinates":[-107.4038,37.9272]},"properties":{"s":45.2,"pub":true}},{"type":"Feature","geometry":{"type":"Point","coordinates":[-107.4038,37.933]},"properties":{"s":45.2,"pub":true}},{"type":"Feature","geometry":{"type":"Point","coordinates":[-107.4038,37.9388]},"properties":{"s":45.2,"pub":true}},{"type":"Feature","geometry":{"type":"Point","coordinates":[-107.4038,37.9446]},"properties":{"s":45.2,"pub":true}},{"type":"Feature","geometry":{"type":"Point","coordinates":[-107.4038,37.9504]},"properties":{"s":45.2,"pub":true}},{"type":"Feature","geometry":{"type":"Point","coordinates":[-107.4038,37.9562]},"properties":{"s":45.2,"pub":true}},{"type":"Feature","geometry":{"type":"Point","coordinates":[-107.4038,37.962]},"properties":{"s":45.2,"pub":true}},{"type":"Feature","geometry":{"type":"Point","coordinates":[-107.4038,37.9678]},"properties":{"s":45.2,"pub":true}},{"type":"Feature","geometry":{"type":"Point","coordinates":[-107.4038,37.9736]},"properties":{"s":45.2,"pub":true}},{"type":"Feature","geometry":{"type":"Point","coordinates":[-107.4038,37.9794]},"properties":{"s":45.2,"pub":true}},{"type":"Feature","geometry":{"type":"Point","coordinates":[-107.4038,37.9852]},"properties":{"s":45.2,"pub":true}},{"type":"Feature","geometry":{"type":"Point","coordinates":[-107.4038,37.991]},"properties":{"s":45.2,"pub":true}},{"type":"Feature","geometry":{"type":"Point","coordinates":[-107.4038,37.9968]},"properties":{"s":45.2,"pub":true}},{"type":"Feature","geometry":{"type":"Point","coordinates":[-107.4038,38.0026]},"properties":{"s":45.2,"pub":true}},{"type":"Feature","geometry":{"type":"Point","coordinates":[-107.4038,38.0084]},"properties":{"s":45.2,"pub":true}},{"type":"Feature","geometry":{"type":"Point","coordinates":[-107.4038,38.0142]},"properties":{"s":45.2,"pub":true}},{"type":"Feature","geometry":{"type":"Point","coordinates":[-107.4038,38.0548]},"properties":{"s":64.3,"pub":true}},{"type":"Feature","geometry":{"type":"Point","coordinates":[-107.4038,38.0606]},"properties":{"s":64.3,"pub":true}},{"type":"Feature","geometry":{"type":"Point","coordinates":[-107.4038,38.0664]},"properties":{"s":64.3,"pub":true}},{"type":"Feature","geometry":{"type":"Point","coordinates":[-107.4038,38.0722]},"properties":{"s":64.3,"pub":true}},{"type":"Feature","geometry":{"type":"Point","coordinates":[-107.4038,38.078]},"properties":{"s":64.3,"pub":true}},{"type":"Feature","geometry":{"type":"Point","coordinates":[-107.4038,38.0838]},"properties":{"s":64.3,"pub":true}},{"type":"Feature","geometry":{"type":"Point","coordinates":[-107.4038,38.0896]},"properties":{"s":64.3,"pub":true}},{"type":"Feature","geometry":{"type":"Point","coordinates":[-107.4038,38.0954]},"properties":{"s":64.3,"pub":true}},{"type":"Feature","geometry":{"type":"Point","coordinates":[-107.4038,38.1012]},"properties":{"s":64.3,"pub":true}},{"type":"Feature","geometry":{"type":"Point","coordinates":[-107.4038,38.107]},"properties":{"s":64.3,"pub":true}},{"type":"Feature","geometry":{"type":"Point","coordinates":[-107.4038,38.1128]},"properties":{"s":64.3,"pub":true}},{"type":"Feature","geometry":{"type":"Point","coordinates":[-107.4038,38.1186]},"properties":{"s":64.3,"pub":true}},{"type":"Feature","geometry":{"type":"Point","coordinates":[-107.4038,38.1244]},"properties":{"s":64.3,"pub":true}},{"type":"Feature","geometry":{"type":"Point","coordinates":[-107.4038,38.1302]},"properties":{"s":64.3,"pub":true}},{"type":"Feature","geometry":{"type":"Point","coordinates":[-107.4038,38.136]},"properties":{"s":64.3,"pub":true}},{"type":"Feature","geometry":{"type":"Point","coordinates":[-107.4038,38.1418]},"properties":{"s":64.3,"pub":true}},{"type":"Feature","geometry":{"type":"Point","coordinates":[-107.4038,38.1476]},"properties":{"s":64.3,"pub":true}},{"type":"Feature","geometry":{"type":"Point","coordinates":[-107.4038,38.1534]},"properties":{"s":64.3,"pub":true}},{"type":"Feature","geometry":{"type":"Point","coordinates":[-107.4038,38.1592]},"properties":{"s":64.3,"pub":true}},{"type":"Feature","geometry":{"type":"Point","coordinates":[-107.4038,38.165]},"properties":{"s":64.3,"pub":true}},{"type":"Feature","geometry":{"type":"Point","coordinates":[-107.4038,38.1708]},"properties":{"s":64.3,"pub":true}},{"type":"Feature","geometry":{"type":"Point","coordinates":[-107.4038,38.1766]},"properties":{"s":64.3,"pub":true}},{"type":"Feature","geometry":{"type":"Point","coordinates":[-107.4038,38.1824]},"properties":{"s":64.3,"pub":true}},{"type":"Feature","geometry":{"type":"Point","coordinates":[-107.4038,38.1882]},"properties":{"s":64.3,"pub":true}},{"type":"Feature","geometry":{"type":"Point","coordinates":[-107.4038,38.194]},"properties":{"s":64.3,"pub":true}},{"type":"Feature","geometry":{"type":"Point","coordinates":[-107.4038,38.1998]},"properties":{"s":64.3,"pub":true}},{"type":"Feature","geometry":{"type":"Point","coordinates":[-107.4038,38.2056]},"properties":{"s":64.3,"pub":true}},{"type":"Feature","geometry":{"type":"Point","coordinates":[-107.4038,38.2114]},"properties":{"s":64.3,"pub":true}},{"type":"Feature","geometry":{"type":"Point","coordinates":[-107.4038,38.2172]},"properties":{"s":45.2,"pub":true}},{"type":"Feature","geometry":{"type":"Point","coordinates":[-107.4038,38.223]},"properties":{"s":45.2,"pub":true}},{"type":"Feature","geometry":{"type":"Point","coordinates":[-107.4038,38.2288]},"properties":{"s":45.2,"pub":true}},{"type":"Feature","geometry":{"type":"Point","coordinates":[-107.4038,38.2346]},"properties":{"s":45.2,"pub":true}},{"type":"Feature","geometry":{"type":"Point","coordinates":[-107.4038,38.2404]},"properties":{"s":45.2,"pub":true}},{"type":"Feature","geometry":{"type":"Point","coordinates":[-107.4038,38.2462]},"properties":{"s":45.2,"pub":true}},{"type":"Feature","geometry":{"type":"Point","coordinates":[-107.4038,38.252]},"properties":{"s":45.2,"pub":true}},{"type":"Feature","geometry":{"type":"Point","coordinates":[-107.4038,38.2578]},"properties":{"s":64.3,"pub":true}},{"type":"Feature","geometry":{"type":"Point","coordinates":[-107.4038,38.281]},"properties":{"s":64.3,"pub":true}},{"type":"Feature","geometry":{"type":"Point","coordinates":[-107.4038,38.2868]},"properties":{"s":64.3,"pub":true}},{"type":"Feature","geometry":{"type":"Point","coordinates":[-107.4038,38.2926]},"properties":{"s":64.3,"pub":false}},{"type":"Feature","geometry":{"type":"Point","coordinates":[-107.4038,38.2984]},"properties":{"s":64.3,"pub":false}},{"type":"Feature","geometry":{"type":"Point","coordinates":[-107.4038,38.3042]},"properties":{"s":64.3,"pub":false}},{"type":"Feature","geometry":{"type":"Point","coordinates":[-107.4038,38.31]},"properties":{"s":64.3,"pub":false}},{"type":"Feature","geometry":{"type":"Point","coordinates":[-107.4038,38.3158]},"properties":{"s":64.3,"pub":false}},{"type":"Feature","geometry":{"type":"Point","coordinates":[-107.4038,38.3216]},"properties":{"s":64.3,"pub":false}},{"type":"Feature","geometry":{"type":"Point","coordinates":[-107.4038,38.3274]},"properties":{"s":64.3,"pub":false}},{"type":"Feature","geometry":{"type":"Point","coordinates":[-107.4038,38.3332]},"properties":{"s":66.7,"pub":false}},{"type":"Feature","geometry":{"type":"Point","coordinates":[-107.4038,38.339]},"properties":{"s":66.7,"pub":false}},{"type":"Feature","geometry":{"type":"Point","coordinates":[-107.4038,38.3448]},"properties":{"s":66.7,"pub":false}},{"type":"Feature","geometry":{"type":"Point","coordinates":[-107.4038,38.3506]},"properties":{"s":66.7,"pub":false}},{"type":"Feature","geometry":{"type":"Point","coordinates":[-107.4038,38.3564]},"properties":{"s":66.7,"pub":false}},{"type":"Feature","geometry":{"type":"Point","coordinates":[-107.4038,38.3622]},"properties":{"s":66.7,"pub":false}},{"type":"Feature","geometry":{"type":"Point","coordinates":[-107.4038,38.368]},"properties":{"s":66.7,"pub":false}},{"type":"Feature","geometry":{"type":"Point","coordinates":[-107.4038,38.3738]},"properties":{"s":66.7,"pub":false}},{"type":"Feature","geometry":{"type":"Point","coordinates":[-107.4038,38.3796]},"properties":{"s":66.7,"pub":false}},{"type":"Feature","geometry":{"type":"Point","coordinates":[-107.4038,38.3854]},"properties":{"s":66.7,"pub":false}},{"type":"Feature","geometry":{"type":"Point","coordinates":[-107.4038,38.3912]},"properties":{"s":66.7,"pub":false}},{"type":"Feature","geometry":{"type":"Point","coordinates":[-107.4038,38.397]},"properties":{"s":66.7,"pub":true}},{"type":"Feature","geometry":{"type":"Point","coordinates":[-107.4038,38.4028]},"properties":{"s":66.7,"pub":true}},{"type":"Feature","geometry":{"type":"Point","coordinates":[-107.4038,38.4086]},"properties":{"s":66.7,"pub":true}},{"type":"Feature","geometry":{"type":"Point","coordinates":[-107.4038,38.4144]},"properties":{"s":64.3,"pub":false}},{"type":"Feature","geometry":{"type":"Point","coordinates":[-107.4038,38.4202]},"properties":{"s":64.3,"pub":false}},{"type":"Feature","geometry":{"type":"Point","coordinates":[-107.4038,38.426]},"properties":{"s":64.3,"pub":false}},{"type":"Feature","geometry":{"type":"Point","coordinates":[-107.4038,38.4318]},"properties":{"s":64.3,"pub":false}},{"type":"Feature","geometry":{"type":"Point","coordinates":[-107.4038,38.4376]},"properties":{"s":50.0,"pub":false}},{"type":"Feature","geometry":{"type":"Point","coordinates":[-107.3963,37.8576]},"properties":{"s":61.9,"pub":true}},{"type":"Feature","geometry":{"type":"Point","coordinates":[-107.3963,37.8634]},"properties":{"s":64.3,"pub":true}},{"type":"Feature","geometry":{"type":"Point","coordinates":[-107.3963,37.8692]},"properties":{"s":64.3,"pub":true}},{"type":"Feature","geometry":{"type":"Point","coordinates":[-107.3963,37.875]},"properties":{"s":64.3,"pub":true}},{"type":"Feature","geometry":{"type":"Point","coordinates":[-107.3963,37.8808]},"properties":{"s":64.3,"pub":true}},{"type":"Feature","geometry":{"type":"Point","coordinates":[-107.3963,37.8866]},"properties":{"s":45.2,"pub":true}},{"type":"Feature","geometry":{"type":"Point","coordinates":[-107.3963,37.8924]},"properties":{"s":45.2,"pub":true}},{"type":"Feature","geometry":{"type":"Point","coordinates":[-107.3963,37.8982]},"properties":{"s":45.2,"pub":true}},{"type":"Feature","geometry":{"type":"Point","coordinates":[-107.3963,37.9156]},"properties":{"s":47.6,"pub":true}},{"type":"Feature","geometry":{"type":"Point","coordinates":[-107.3963,37.9214]},"properties":{"s":47.6,"pub":true}},{"type":"Feature","geometry":{"type":"Point","coordinates":[-107.3963,37.9272]},"properties":{"s":47.6,"pub":true}},{"type":"Feature","geometry":{"type":"Point","coordinates":[-107.3963,37.933]},"properties":{"s":45.2,"pub":true}},{"type":"Feature","geometry":{"type":"Point","coordinates":[-107.3963,37.9388]},"properties":{"s":45.2,"pub":true}},{"type":"Feature","geometry":{"type":"Point","coordinates":[-107.3963,37.9446]},"properties":{"s":45.2,"pub":true}},{"type":"Feature","geometry":{"type":"Point","coordinates":[-107.3963,37.9504]},"properties":{"s":45.2,"pub":true}},{"type":"Feature","geometry":{"type":"Point","coordinates":[-107.3963,37.9562]},"properties":{"s":45.2,"pub":true}},{"type":"Feature","geometry":{"type":"Point","coordinates":[-107.3963,37.962]},"properties":{"s":45.2,"pub":true}},{"type":"Feature","geometry":{"type":"Point","coordinates":[-107.3963,37.9678]},"properties":{"s":45.2,"pub":true}},{"type":"Feature","geometry":{"type":"Point","coordinates":[-107.3963,37.9736]},"properties":{"s":45.2,"pub":true}},{"type":"Feature","geometry":{"type":"Point","coordinates":[-107.3963,37.9794]},"properties":{"s":45.2,"pub":true}},{"type":"Feature","geometry":{"type":"Point","coordinates":[-107.3963,37.9852]},"properties":{"s":45.2,"pub":true}},{"type":"Feature","geometry":{"type":"Point","coordinates":[-107.3963,37.991]},"properties":{"s":45.2,"pub":true}},{"type":"Feature","geometry":{"type":"Point","coordinates":[-107.3963,37.9968]},"properties":{"s":45.2,"pub":true}},{"type":"Feature","geometry":{"type":"Point","coordinates":[-107.3963,38.0026]},"properties":{"s":45.2,"pub":true}},{"type":"Feature","geometry":{"type":"Point","coordinates":[-107.3963,38.0084]},"properties":{"s":45.2,"pub":true}},{"type":"Feature","geometry":{"type":"Point","coordinates":[-107.3963,38.0142]},"properties":{"s":45.2,"pub":true}},{"type":"Feature","geometry":{"type":"Point","coordinates":[-107.3963,38.0374]},"properties":{"s":45.2,"pub":true}},{"type":"Feature","geometry":{"type":"Point","coordinates":[-107.3963,38.0432]},"properties":{"s":64.3,"pub":true}},{"type":"Feature","geometry":{"type":"Point","coordinates":[-107.3963,38.049]},"properties":{"s":64.3,"pub":true}},{"type":"Feature","geometry":{"type":"Point","coordinates":[-107.3963,38.0548]},"properties":{"s":64.3,"pub":true}},{"type":"Feature","geometry":{"type":"Point","coordinates":[-107.3963,38.0606]},"properties":{"s":64.3,"pub":true}},{"type":"Feature","geometry":{"type":"Point","coordinates":[-107.3963,38.0664]},"properties":{"s":64.3,"pub":true}},{"type":"Feature","geometry":{"type":"Point","coordinates":[-107.3963,38.0722]},"properties":{"s":64.3,"pub":true}},{"type":"Feature","geometry":{"type":"Point","coordinates":[-107.3963,38.078]},"properties":{"s":64.3,"pub":true}},{"type":"Feature","geometry":{"type":"Point","coordinates":[-107.3963,38.0838]},"properties":{"s":64.3,"pub":true}},{"type":"Feature","geometry":{"type":"Point","coordinates":[-107.3963,38.0896]},"properties":{"s":64.3,"pub":true}},{"type":"Feature","geometry":{"type":"Point","coordinates":[-107.3963,38.0954]},"properties":{"s":64.3,"pub":true}},{"type":"Feature","geometry":{"type":"Point","coordinates":[-107.3963,38.1012]},"properties":{"s":64.3,"pub":true}},{"type":"Feature","geometry":{"type":"Point","coordinates":[-107.3963,38.107]},"properties":{"s":64.3,"pub":true}},{"type":"Feature","geometry":{"type":"Point","coordinates":[-107.3963,38.1128]},"properties":{"s":64.3,"pub":true}},{"type":"Feature","geometry":{"type":"Point","coordinates":[-107.3963,38.1186]},"properties":{"s":64.3,"pub":true}},{"type":"Feature","geometry":{"type":"Point","coordinates":[-107.3963,38.1244]},"properties":{"s":64.3,"pub":true}},{"type":"Feature","geometry":{"type":"Point","coordinates":[-107.3963,38.1302]},"properties":{"s":64.3,"pub":true}},{"type":"Feature","geometry":{"type":"Point","coordinates":[-107.3963,38.136]},"properties":{"s":64.3,"pub":true}},{"type":"Feature","geometry":{"type":"Point","coordinates":[-107.3963,38.1418]},"properties":{"s":64.3,"pub":true}},{"type":"Feature","geometry":{"type":"Point","coordinates":[-107.3963,38.1476]},"properties":{"s":64.3,"pub":true}},{"type":"Feature","geometry":{"type":"Point","coordinates":[-107.3963,38.1534]},"properties":{"s":64.3,"pub":true}},{"type":"Feature","geometry":{"type":"Point","coordinates":[-107.3963,38.1592]},"properties":{"s":64.3,"pub":true}},{"type":"Feature","geometry":{"type":"Point","coordinates":[-107.3963,38.165]},"properties":{"s":64.3,"pub":true}},{"type":"Feature","geometry":{"type":"Point","coordinates":[-107.3963,38.1708]},"properties":{"s":64.3,"pub":true}},{"type":"Feature","geometry":{"type":"Point","coordinates":[-107.3963,38.1766]},"properties":{"s":64.3,"pub":true}},{"type":"Feature","geometry":{"type":"Point","coordinates":[-107.3963,38.1824]},"properties":{"s":64.3,"pub":true}},{"type":"Feature","geometry":{"type":"Point","coordinates":[-107.3963,38.1882]},"properties":{"s":64.3,"pub":true}},{"type":"Feature","geometry":{"type":"Point","coordinates":[-107.3963,38.194]},"properties":{"s":64.3,"pub":true}},{"type":"Feature","geometry":{"type":"Point","coordinates":[-107.3963,38.1998]},"properties":{"s":64.3,"pub":true}},{"type":"Feature","geometry":{"type":"Point","coordinates":[-107.3963,38.2056]},"properties":{"s":64.3,"pub":true}},{"type":"Feature","geometry":{"type":"Point","coordinates":[-107.3963,38.2114]},"properties":{"s":64.3,"pub":true}},{"type":"Feature","geometry":{"type":"Point","coordinates":[-107.3963,38.2172]},"properties":{"s":64.3,"pub":true}},{"type":"Feature","geometry":{"type":"Point","coordinates":[-107.3963,38.223]},"properties":{"s":45.2,"pub":true}},{"type":"Feature","geometry":{"type":"Point","coordinates":[-107.3963,38.2288]},"properties":{"s":45.2,"pub":true}},{"type":"Feature","geometry":{"type":"Point","coordinates":[-107.3963,38.2346]},"properties":{"s":45.2,"pub":true}},{"type":"Feature","geometry":{"type":"Point","coordinates":[-107.3963,38.2404]},"properties":{"s":45.2,"pub":true}},{"type":"Feature","geometry":{"type":"Point","coordinates":[-107.3963,38.2462]},"properties":{"s":64.3,"pub":true}},{"type":"Feature","geometry":{"type":"Point","coordinates":[-107.3963,38.2752]},"properties":{"s":64.3,"pub":false}},{"type":"Feature","geometry":{"type":"Point","coordinates":[-107.3963,38.281]},"properties":{"s":64.3,"pub":false}},{"type":"Feature","geometry":{"type":"Point","coordinates":[-107.3963,38.2868]},"properties":{"s":64.3,"pub":false}},{"type":"Feature","geometry":{"type":"Point","coordinates":[-107.3963,38.2926]},"properties":{"s":64.3,"pub":false}},{"type":"Feature","geometry":{"type":"Point","coordinates":[-107.3963,38.2984]},"properties":{"s":64.3,"pub":false}},{"type":"Feature","geometry":{"type":"Point","coordinates":[-107.3963,38.3042]},"properties":{"s":64.3,"pub":false}},{"type":"Feature","geometry":{"type":"Point","coordinates":[-107.3963,38.31]},"properties":{"s":64.3,"pub":false}},{"type":"Feature","geometry":{"type":"Point","coordinates":[-107.3963,38.3158]},"properties":{"s":64.3,"pub":false}},{"type":"Feature","geometry":{"type":"Point","coordinates":[-107.3963,38.3216]},"properties":{"s":64.3,"pub":false}},{"type":"Feature","geometry":{"type":"Point","coordinates":[-107.3963,38.3274]},"properties":{"s":64.3,"pub":false}},{"type":"Feature","geometry":{"type":"Point","coordinates":[-107.3963,38.3332]},"properties":{"s":64.3,"pub":false}},{"type":"Feature","geometry":{"type":"Point","coordinates":[-107.3963,38.339]},"properties":{"s":66.7,"pub":false}},{"type":"Feature","geometry":{"type":"Point","coordinates":[-107.3963,38.3448]},"properties":{"s":66.7,"pub":false}},{"type":"Feature","geometry":{"type":"Point","coordinates":[-107.3963,38.3506]},"properties":{"s":66.7,"pub":false}},{"type":"Feature","geometry":{"type":"Point","coordinates":[-107.3963,38.3564]},"properties":{"s":66.7,"pub":false}},{"type":"Feature","geometry":{"type":"Point","coordinates":[-107.3963,38.3622]},"properties":{"s":66.7,"pub":false}},{"type":"Feature","geometry":{"type":"Point","coordinates":[-107.3963,38.368]},"properties":{"s":66.7,"pub":false}},{"type":"Feature","geometry":{"type":"Point","coordinates":[-107.3963,38.3738]},"properties":{"s":66.7,"pub":false}},{"type":"Feature","geometry":{"type":"Point","coordinates":[-107.3963,38.3796]},"properties":{"s":66.7,"pub":false}},{"type":"Feature","geometry":{"type":"Point","coordinates":[-107.3963,38.3854]},"properties":{"s":66.7,"pub":false}},{"type":"Feature","geometry":{"type":"Point","coordinates":[-107.3963,38.3912]},"properties":{"s":66.7,"pub":false}},{"type":"Feature","geometry":{"type":"Point","coordinates":[-107.3963,38.397]},"properties":{"s":66.7,"pub":true}},{"type":"Feature","geometry":{"type":"Point","coordinates":[-107.3963,38.4028]},"properties":{"s":66.7,"pub":false}},{"type":"Feature","geometry":{"type":"Point","coordinates":[-107.3963,38.4086]},"properties":{"s":66.7,"pub":false}},{"type":"Feature","geometry":{"type":"Point","coordinates":[-107.3963,38.4144]},"properties":{"s":64.3,"pub":false}},{"type":"Feature","geometry":{"type":"Point","coordinates":[-107.3963,38.4202]},"properties":{"s":64.3,"pub":false}},{"type":"Feature","geometry":{"type":"Point","coordinates":[-107.3963,38.426]},"properties":{"s":64.3,"pub":false}},{"type":"Feature","geometry":{"type":"Point","coordinates":[-107.3963,38.4318]},"properties":{"s":64.3,"pub":false}},{"type":"Feature","geometry":{"type":"Point","coordinates":[-107.3963,38.4376]},"properties":{"s":45.2,"pub":false}},{"type":"Feature","geometry":{"type":"Point","coordinates":[-107.3888,37.8634]},"properties":{"s":64.3,"pub":true}},{"type":"Feature","geometry":{"type":"Point","coordinates":[-107.3888,37.8692]},"properties":{"s":64.3,"pub":true}},{"type":"Feature","geometry":{"type":"Point","coordinates":[-107.3888,37.875]},"properties":{"s":64.3,"pub":true}},{"type":"Feature","geometry":{"type":"Point","coordinates":[-107.3888,37.8808]},"properties":{"s":64.3,"pub":true}},{"type":"Feature","geometry":{"type":"Point","coordinates":[-107.3888,37.8866]},"properties":{"s":45.2,"pub":true}},{"type":"Feature","geometry":{"type":"Point","coordinates":[-107.3888,37.8924]},"properties":{"s":45.2,"pub":true}},{"type":"Feature","geometry":{"type":"Point","coordinates":[-107.3888,37.8982]},"properties":{"s":45.2,"pub":true}},{"type":"Feature","geometry":{"type":"Point","coordinates":[-107.3888,37.9156]},"properties":{"s":47.6,"pub":true}},{"type":"Feature","geometry":{"type":"Point","coordinates":[-107.3888,37.9214]},"properties":{"s":47.6,"pub":true}},{"type":"Feature","geometry":{"type":"Point","coordinates":[-107.3888,37.9272]},"properties":{"s":47.6,"pub":true}},{"type":"Feature","geometry":{"type":"Point","coordinates":[-107.3888,37.933]},"properties":{"s":45.2,"pub":true}},{"type":"Feature","geometry":{"type":"Point","coordinates":[-107.3888,37.9388]},"properties":{"s":45.2,"pub":true}},{"type":"Feature","geometry":{"type":"Point","coordinates":[-107.3888,37.9446]},"properties":{"s":45.2,"pub":true}},{"type":"Feature","geometry":{"type":"Point","coordinates":[-107.3888,37.9504]},"properties":{"s":45.2,"pub":true}},{"type":"Feature","geometry":{"type":"Point","coordinates":[-107.3888,37.9562]},"properties":{"s":45.2,"pub":true}},{"type":"Feature","geometry":{"type":"Point","coordinates":[-107.3888,37.962]},"properties":{"s":45.2,"pub":true}},{"type":"Feature","geometry":{"type":"Point","coordinates":[-107.3888,37.9678]},"properties":{"s":45.2,"pub":true}},{"type":"Feature","geometry":{"type":"Point","coordinates":[-107.3888,37.9736]},"properties":{"s":45.2,"pub":true}},{"type":"Feature","geometry":{"type":"Point","coordinates":[-107.3888,37.9794]},"properties":{"s":45.2,"pub":true}},{"type":"Feature","geometry":{"type":"Point","coordinates":[-107.3888,37.9852]},"properties":{"s":45.2,"pub":true}},{"type":"Feature","geometry":{"type":"Point","coordinates":[-107.3888,37.991]},"properties":{"s":45.2,"pub":true}},{"type":"Feature","geometry":{"type":"Point","coordinates":[-107.3888,37.9968]},"properties":{"s":45.2,"pub":true}},{"type":"Feature","geometry":{"type":"Point","coordinates":[-107.3888,38.0026]},"properties":{"s":45.2,"pub":true}},{"type":"Feature","geometry":{"type":"Point","coordinates":[-107.3888,38.0084]},"properties":{"s":45.2,"pub":true}},{"type":"Feature","geometry":{"type":"Point","coordinates":[-107.3888,38.0142]},"properties":{"s":45.2,"pub":true}},{"type":"Feature","geometry":{"type":"Point","coordinates":[-107.3888,38.0258]},"properties":{"s":64.3,"pub":true}},{"type":"Feature","geometry":{"type":"Point","coordinates":[-107.3888,38.0316]},"properties":{"s":64.3,"pub":true}},{"type":"Feature","geometry":{"type":"Point","coordinates":[-107.3888,38.0374]},"properties":{"s":64.3,"pub":true}},{"type":"Feature","geometry":{"type":"Point","coordinates":[-107.3888,38.0432]},"properties":{"s":64.3,"pub":true}},{"type":"Feature","geometry":{"type":"Point","coordinates":[-107.3888,38.049]},"properties":{"s":64.3,"pub":true}},{"type":"Feature","geometry":{"type":"Point","coordinates":[-107.3888,38.0548]},"properties":{"s":64.3,"pub":true}},{"type":"Feature","geometry":{"type":"Point","coordinates":[-107.3888,38.0606]},"properties":{"s":64.3,"pub":true}},{"type":"Feature","geometry":{"type":"Point","coordinates":[-107.3888,38.0664]},"properties":{"s":64.3,"pub":true}},{"type":"Feature","geometry":{"type":"Point","coordinates":[-107.3888,38.0722]},"properties":{"s":64.3,"pub":true}},{"type":"Feature","geometry":{"type":"Point","coordinates":[-107.3888,38.078]},"properties":{"s":64.3,"pub":true}},{"type":"Feature","geometry":{"type":"Point","coordinates":[-107.3888,38.0838]},"properties":{"s":64.3,"pub":true}},{"type":"Feature","geometry":{"type":"Point","coordinates":[-107.3888,38.0896]},"properties":{"s":64.3,"pub":true}},{"type":"Feature","geometry":{"type":"Point","coordinates":[-107.3888,38.0954]},"properties":{"s":64.3,"pub":true}},{"type":"Feature","geometry":{"type":"Point","coordinates":[-107.3888,38.1012]},"properties":{"s":64.3,"pub":true}},{"type":"Feature","geometry":{"type":"Point","coordinates":[-107.3888,38.107]},"properties":{"s":64.3,"pub":true}},{"type":"Feature","geometry":{"type":"Point","coordinates":[-107.3888,38.1128]},"properties":{"s":64.3,"pub":true}},{"type":"Feature","geometry":{"type":"Point","coordinates":[-107.3888,38.1186]},"properties":{"s":64.3,"pub":true}},{"type":"Feature","geometry":{"type":"Point","coordinates":[-107.3888,38.1244]},"properties":{"s":64.3,"pub":true}},{"type":"Feature","geometry":{"type":"Point","coordinates":[-107.3888,38.1302]},"properties":{"s":64.3,"pub":true}},{"type":"Feature","geometry":{"type":"Point","coordinates":[-107.3888,38.136]},"properties":{"s":64.3,"pub":true}},{"type":"Feature","geometry":{"type":"Point","coordinates":[-107.3888,38.1418]},"properties":{"s":64.3,"pub":true}},{"type":"Feature","geometry":{"type":"Point","coordinates":[-107.3888,38.1476]},"properties":{"s":64.3,"pub":true}},{"type":"Feature","geometry":{"type":"Point","coordinates":[-107.3888,38.1534]},"properties":{"s":64.3,"pub":true}},{"type":"Feature","geometry":{"type":"Point","coordinates":[-107.3888,38.1592]},"properties":{"s":64.3,"pub":true}},{"type":"Feature","geometry":{"type":"Point","coordinates":[-107.3888,38.165]},"properties":{"s":64.3,"pub":true}},{"type":"Feature","geometry":{"type":"Point","coordinates":[-107.3888,38.1708]},"properties":{"s":64.3,"pub":true}},{"type":"Feature","geometry":{"type":"Point","coordinates":[-107.3888,38.1766]},"properties":{"s":64.3,"pub":true}},{"type":"Feature","geometry":{"type":"Point","coordinates":[-107.3888,38.1824]},"properties":{"s":64.3,"pub":true}},{"type":"Feature","geometry":{"type":"Point","coordinates":[-107.3888,38.1882]},"properties":{"s":64.3,"pub":true}},{"type":"Feature","geometry":{"type":"Point","coordinates":[-107.3888,38.194]},"properties":{"s":64.3,"pub":true}},{"type":"Feature","geometry":{"type":"Point","coordinates":[-107.3888,38.2346]},"properties":{"s":45.2,"pub":true}},{"type":"Feature","geometry":{"type":"Point","coordinates":[-107.3888,38.2404]},"properties":{"s":64.3,"pub":true}},{"type":"Feature","geometry":{"type":"Point","coordinates":[-107.3888,38.2462]},"properties":{"s":64.3,"pub":true}},{"type":"Feature","geometry":{"type":"Point","coordinates":[-107.3888,38.2578]},"properties":{"s":64.3,"pub":true}},{"type":"Feature","geometry":{"type":"Point","coordinates":[-107.3888,38.2636]},"properties":{"s":64.3,"pub":true}},{"type":"Feature","geometry":{"type":"Point","coordinates":[-107.3888,38.2694]},"properties":{"s":64.3,"pub":true}},{"type":"Feature","geometry":{"type":"Point","coordinates":[-107.3888,38.2752]},"properties":{"s":64.3,"pub":false}},{"type":"Feature","geometry":{"type":"Point","coordinates":[-107.3888,38.281]},"properties":{"s":64.3,"pub":false}},{"type":"Feature","geometry":{"type":"Point","coordinates":[-107.3888,38.2868]},"properties":{"s":64.3,"pub":false}},{"type":"Feature","geometry":{"type":"Point","coordinates":[-107.3888,38.2926]},"properties":{"s":64.3,"pub":false}},{"type":"Feature","geometry":{"type":"Point","coordinates":[-107.3888,38.2984]},"properties":{"s":64.3,"pub":false}},{"type":"Feature","geometry":{"type":"Point","coordinates":[-107.3888,38.3042]},"properties":{"s":64.3,"pub":false}},{"type":"Feature","geometry":{"type":"Point","coordinates":[-107.3888,38.31]},"properties":{"s":64.3,"pub":false}},{"type":"Feature","geometry":{"type":"Point","coordinates":[-107.3888,38.3158]},"properties":{"s":64.3,"pub":false}},{"type":"Feature","geometry":{"type":"Point","coordinates":[-107.3888,38.3216]},"properties":{"s":64.3,"pub":false}},{"type":"Feature","geometry":{"type":"Point","coordinates":[-107.3888,38.3274]},"properties":{"s":64.3,"pub":false}},{"type":"Feature","geometry":{"type":"Point","coordinates":[-107.3888,38.3332]},"properties":{"s":64.3,"pub":false}},{"type":"Feature","geometry":{"type":"Point","coordinates":[-107.3888,38.339]},"properties":{"s":66.7,"pub":false}},{"type":"Feature","geometry":{"type":"Point","coordinates":[-107.3888,38.3448]},"properties":{"s":66.7,"pub":false}},{"type":"Feature","geometry":{"type":"Point","coordinates":[-107.3888,38.3506]},"properties":{"s":66.7,"pub":false}},{"type":"Feature","geometry":{"type":"Point","coordinates":[-107.3888,38.3564]},"properties":{"s":66.7,"pub":false}},{"type":"Feature","geometry":{"type":"Point","coordinates":[-107.3888,38.3622]},"properties":{"s":66.7,"pub":false}},{"type":"Feature","geometry":{"type":"Point","coordinates":[-107.3888,38.368]},"properties":{"s":66.7,"pub":false}},{"type":"Feature","geometry":{"type":"Point","coordinates":[-107.3888,38.3738]},"properties":{"s":66.7,"pub":false}},{"type":"Feature","geometry":{"type":"Point","coordinates":[-107.3888,38.3796]},"properties":{"s":66.7,"pub":false}},{"type":"Feature","geometry":{"type":"Point","coordinates":[-107.3888,38.3854]},"properties":{"s":66.7,"pub":false}},{"type":"Feature","geometry":{"type":"Point","coordinates":[-107.3888,38.3912]},"properties":{"s":66.7,"pub":false}},{"type":"Feature","geometry":{"type":"Point","coordinates":[-107.3888,38.397]},"properties":{"s":66.7,"pub":false}},{"type":"Feature","geometry":{"type":"Point","coordinates":[-107.3888,38.4028]},"properties":{"s":66.7,"pub":false}},{"type":"Feature","geometry":{"type":"Point","coordinates":[-107.3888,38.4086]},"properties":{"s":66.7,"pub":false}},{"type":"Feature","geometry":{"type":"Point","coordinates":[-107.3888,38.4144]},"properties":{"s":64.3,"pub":false}},{"type":"Feature","geometry":{"type":"Point","coordinates":[-107.3888,38.4202]},"properties":{"s":64.3,"pub":false}},{"type":"Feature","geometry":{"type":"Point","coordinates":[-107.3888,38.426]},"properties":{"s":64.3,"pub":false}},{"type":"Feature","geometry":{"type":"Point","coordinates":[-107.3888,38.4318]},"properties":{"s":64.3,"pub":false}},{"type":"Feature","geometry":{"type":"Point","coordinates":[-107.3888,38.4376]},"properties":{"s":69.0,"pub":false}},{"type":"Feature","geometry":{"type":"Point","coordinates":[-107.3813,37.8634]},"properties":{"s":64.3,"pub":true}},{"type":"Feature","geometry":{"type":"Point","coordinates":[-107.3813,37.8692]},"properties":{"s":64.3,"pub":true}},{"type":"Feature","geometry":{"type":"Point","coordinates":[-107.3813,37.875]},"properties":{"s":64.3,"pub":true}},{"type":"Feature","geometry":{"type":"Point","coordinates":[-107.3813,37.8808]},"properties":{"s":64.3,"pub":true}},{"type":"Feature","geometry":{"type":"Point","coordinates":[-107.3813,37.8866]},"properties":{"s":64.3,"pub":true}},{"type":"Feature","geometry":{"type":"Point","coordinates":[-107.3813,37.8924]},"properties":{"s":45.2,"pub":true}},{"type":"Feature","geometry":{"type":"Point","coordinates":[-107.3813,37.8982]},"properties":{"s":45.2,"pub":true}},{"type":"Feature","geometry":{"type":"Point","coordinates":[-107.3813,37.9156]},"properties":{"s":47.6,"pub":true}},{"type":"Feature","geometry":{"type":"Point","coordinates":[-107.3813,37.9214]},"properties":{"s":47.6,"pub":true}},{"type":"Feature","geometry":{"type":"Point","coordinates":[-107.3813,37.9272]},"properties":{"s":47.6,"pub":true}},{"type":"Feature","geometry":{"type":"Point","coordinates":[-107.3813,37.933]},"properties":{"s":45.2,"pub":true}},{"type":"Feature","geometry":{"type":"Point","coordinates":[-107.3813,37.9388]},"properties":{"s":45.2,"pub":true}},{"type":"Feature","geometry":{"type":"Point","coordinates":[-107.3813,37.9446]},"properties":{"s":45.2,"pub":true}},{"type":"Feature","geometry":{"type":"Point","coordinates":[-107.3813,37.9504]},"properties":{"s":45.2,"pub":true}},{"type":"Feature","geometry":{"type":"Point","coordinates":[-107.3813,37.9562]},"properties":{"s":45.2,"pub":true}},{"type":"Feature","geometry":{"type":"Point","coordinates":[-107.3813,37.962]},"properties":{"s":45.2,"pub":true}},{"type":"Feature","geometry":{"type":"Point","coordinates":[-107.3813,37.9678]},"properties":{"s":45.2,"pub":true}},{"type":"Feature","geometry":{"type":"Point","coordinates":[-107.3813,37.9736]},"properties":{"s":45.2,"pub":true}},{"type":"Feature","geometry":{"type":"Point","coordinates":[-107.3813,37.9794]},"properties":{"s":45.2,"pub":true}},{"type":"Feature","geometry":{"type":"Point","coordinates":[-107.3813,37.9852]},"properties":{"s":45.2,"pub":true}},{"type":"Feature","geometry":{"type":"Point","coordinates":[-107.3813,37.991]},"properties":{"s":45.2,"pub":true}},{"type":"Feature","geometry":{"type":"Point","coordinates":[-107.3813,37.9968]},"properties":{"s":45.2,"pub":true}},{"type":"Feature","geometry":{"type":"Point","coordinates":[-107.3813,38.0026]},"properties":{"s":45.2,"pub":true}},{"type":"Feature","geometry":{"type":"Point","coordinates":[-107.3813,38.0084]},"properties":{"s":45.2,"pub":true}},{"type":"Feature","geometry":{"type":"Point","coordinates":[-107.3813,38.0142]},"properties":{"s":45.2,"pub":true}},{"type":"Feature","geometry":{"type":"Point","coordinates":[-107.3813,38.0258]},"properties":{"s":64.3,"pub":true}},{"type":"Feature","geometry":{"type":"Point","coordinates":[-107.3813,38.0316]},"properties":{"s":64.3,"pub":true}},{"type":"Feature","geometry":{"type":"Point","coordinates":[-107.3813,38.0374]},"properties":{"s":64.3,"pub":true}},{"type":"Feature","geometry":{"type":"Point","coordinates":[-107.3813,38.0432]},"properties":{"s":64.3,"pub":true}},{"type":"Feature","geometry":{"type":"Point","coordinates":[-107.3813,38.049]},"properties":{"s":64.3,"pub":true}},{"type":"Feature","geometry":{"type":"Point","coordinates":[-107.3813,38.0548]},"properties":{"s":64.3,"pub":true}},{"type":"Feature","geometry":{"type":"Point","coordinates":[-107.3813,38.0606]},"properties":{"s":64.3,"pub":true}},{"type":"Feature","geometry":{"type":"Point","coordinates":[-107.3813,38.0664]},"properties":{"s":64.3,"pub":true}},{"type":"Feature","geometry":{"type":"Point","coordinates":[-107.3813,38.0722]},"properties":{"s":64.3,"pub":true}},{"type":"Feature","geometry":{"type":"Point","coordinates":[-107.3813,38.078]},"properties":{"s":64.3,"pub":true}},{"type":"Feature","geometry":{"type":"Point","coordinates":[-107.3813,38.0838]},"properties":{"s":64.3,"pub":true}},{"type":"Feature","geometry":{"type":"Point","coordinates":[-107.3813,38.0896]},"properties":{"s":64.3,"pub":true}},{"type":"Feature","geometry":{"type":"Point","coordinates":[-107.3813,38.0954]},"properties":{"s":64.3,"pub":true}},{"type":"Feature","geometry":{"type":"Point","coordinates":[-107.3813,38.1012]},"properties":{"s":64.3,"pub":true}},{"type":"Feature","geometry":{"type":"Point","coordinates":[-107.3813,38.107]},"properties":{"s":64.3,"pub":true}},{"type":"Feature","geometry":{"type":"Point","coordinates":[-107.3813,38.1128]},"properties":{"s":64.3,"pub":true}},{"type":"Feature","geometry":{"type":"Point","coordinates":[-107.3813,38.1186]},"properties":{"s":64.3,"pub":true}},{"type":"Feature","geometry":{"type":"Point","coordinates":[-107.3813,38.1244]},"properties":{"s":64.3,"pub":true}},{"type":"Feature","geometry":{"type":"Point","coordinates":[-107.3813,38.1302]},"properties":{"s":64.3,"pub":true}},{"type":"Feature","geometry":{"type":"Point","coordinates":[-107.3813,38.136]},"properties":{"s":64.3,"pub":true}},{"type":"Feature","geometry":{"type":"Point","coordinates":[-107.3813,38.1418]},"properties":{"s":64.3,"pub":true}},{"type":"Feature","geometry":{"type":"Point","coordinates":[-107.3813,38.1476]},"properties":{"s":64.3,"pub":true}},{"type":"Feature","geometry":{"type":"Point","coordinates":[-107.3813,38.1534]},"properties":{"s":64.3,"pub":true}},{"type":"Feature","geometry":{"type":"Point","coordinates":[-107.3813,38.1592]},"properties":{"s":64.3,"pub":true}},{"type":"Feature","geometry":{"type":"Point","coordinates":[-107.3813,38.165]},"properties":{"s":64.3,"pub":true}},{"type":"Feature","geometry":{"type":"Point","coordinates":[-107.3813,38.1708]},"properties":{"s":64.3,"pub":true}},{"type":"Feature","geometry":{"type":"Point","coordinates":[-107.3813,38.1766]},"properties":{"s":64.3,"pub":true}},{"type":"Feature","geometry":{"type":"Point","coordinates":[-107.3813,38.1824]},"properties":{"s":64.3,"pub":true}},{"type":"Feature","geometry":{"type":"Point","coordinates":[-107.3813,38.1882]},"properties":{"s":64.3,"pub":true}},{"type":"Feature","geometry":{"type":"Point","coordinates":[-107.3813,38.194]},"properties":{"s":64.3,"pub":true}},{"type":"Feature","geometry":{"type":"Point","coordinates":[-107.3813,38.2114]},"properties":{"s":64.3,"pub":true}},{"type":"Feature","geometry":{"type":"Point","coordinates":[-107.3813,38.2172]},"properties":{"s":64.3,"pub":true}},{"type":"Feature","geometry":{"type":"Point","coordinates":[-107.3813,38.2288]},"properties":{"s":45.2,"pub":true}},{"type":"Feature","geometry":{"type":"Point","coordinates":[-107.3813,38.2346]},"properties":{"s":64.3,"pub":true}},{"type":"Feature","geometry":{"type":"Point","coordinates":[-107.3813,38.2404]},"properties":{"s":64.3,"pub":true}},{"type":"Feature","geometry":{"type":"Point","coordinates":[-107.3813,38.2462]},"properties":{"s":64.3,"pub":true}},{"type":"Feature","geometry":{"type":"Point","coordinates":[-107.3813,38.2578]},"properties":{"s":64.3,"pub":true}},{"type":"Feature","geometry":{"type":"Point","coordinates":[-107.3813,38.2868]},"properties":{"s":64.3,"pub":false}},{"type":"Feature","geometry":{"type":"Point","coordinates":[-107.3813,38.2926]},"properties":{"s":64.3,"pub":false}},{"type":"Feature","geometry":{"type":"Point","coordinates":[-107.3813,38.2984]},"properties":{"s":64.3,"pub":false}},{"type":"Feature","geometry":{"type":"Point","coordinates":[-107.3813,38.3042]},"properties":{"s":64.3,"pub":false}},{"type":"Feature","geometry":{"type":"Point","coordinates":[-107.3813,38.31]},"properties":{"s":64.3,"pub":true}},{"type":"Feature","geometry":{"type":"Point","coordinates":[-107.3813,38.3158]},"properties":{"s":64.3,"pub":true}},{"type":"Feature","geometry":{"type":"Point","coordinates":[-107.3813,38.3216]},"properties":{"s":64.3,"pub":false}},{"type":"Feature","geometry":{"type":"Point","coordinates":[-107.3813,38.3274]},"properties":{"s":64.3,"pub":false}},{"type":"Feature","geometry":{"type":"Point","coordinates":[-107.3813,38.3332]},"properties":{"s":64.3,"pub":false}},{"type":"Feature","geometry":{"type":"Point","coordinates":[-107.3813,38.339]},"properties":{"s":66.7,"pub":false}},{"type":"Feature","geometry":{"type":"Point","coordinates":[-107.3813,38.3448]},"properties":{"s":66.7,"pub":false}},{"type":"Feature","geometry":{"type":"Point","coordinates":[-107.3813,38.3506]},"properties":{"s":66.7,"pub":false}},{"type":"Feature","geometry":{"type":"Point","coordinates":[-107.3813,38.3564]},"properties":{"s":66.7,"pub":false}},{"type":"Feature","geometry":{"type":"Point","coordinates":[-107.3813,38.3622]},"properties":{"s":66.7,"pub":false}}]}