{"type":"FeatureCollection","features":[{"type":"Feature","geometry":{"type":"Point","coordinates":[-106.8641,37.9337]},"properties":{"s":22.2,"pub":true}},{"type":"Feature","geometry":{"type":"Point","coordinates":[-106.8641,37.9395]},"properties":{"s":22.2,"pub":true}},{"type":"Feature","geometry":{"type":"Point","coordinates":[-106.8641,37.9453]},"properties":{"s":22.2,"pub":true}},{"type":"Feature","geometry":{"type":"Point","coordinates":[-106.8566,37.9279]},"properties":{"s":22.2,"pub":true}},{"type":"Feature","geometry":{"type":"Point","coordinates":[-106.8566,37.9337]},"properties":{"s":22.2,"pub":true}},{"type":"Feature","geometry":{"type":"Point","coordinates":[-106.8566,37.9395]},"properties":{"s":22.2,"pub":true}},{"type":"Feature","geometry":{"type":"Point","coordinates":[-106.8566,37.9453]},"properties":{"s":22.2,"pub":true}},{"type":"Feature","geometry":{"type":"Point","coordinates":[-106.8566,37.9511]},"properties":{"s":22.2,"pub":true}},{"type":"Feature","geometry":{"type":"Point","coordinates":[-106.8491,37.9279]},"properties":{"s":22.2,"pub":true}},{"type":"Feature","geometry":{"type":"Point","coordinates":[-106.8491,37.9337]},"properties":{"s":22.2,"pub":true}},{"type":"Feature","geometry":{"type":"Point","coordinates":[-106.8491,37.9395]},"properties":{"s":66.7,"pub":true}},{"type":"Feature","geometry":{"type":"Point","coordinates":[-106.8491,37.9453]},"properties":{"s":66.7,"pub":true}},{"type":"Feature","geometry":{"type":"Point","coordinates":[-106.8491,37.9511]},"properties":{"s":22.2,"pub":true}},{"type":"Feature","geometry":{"type":"Point","coordinates":[-106.8491,37.9569]},"properties":{"s":22.2,"pub":true}},{"type":"Feature","geometry":{"type":"Point","coordinates":[-106.8416,37.9221]},"properties":{"s":22.2,"pub":true}},{"type":"Feature","geometry":{"type":"Point","coordinates":[-106.8416,37.9279]},"properties":{"s":22.2,"pub":true}},{"type":"Feature","geometry":{"type":"Point","coordinates":[-106.8416,37.9337]},"properties":{"s":66.7,"pub":true}},{"type":"Feature","geometry":{"type":"Point","coordinates":[-106.8416,37.9395]},"properties":{"s":66.7,"pub":true}},{"type":"Feature","geometry":{"type":"Point","coordinates":[-106.8416,37.9453]},"properties":{"s":66.7,"pub":true}},{"type":"Feature","geometry":{"type":"Point","coordinates":[-106.8416,37.9511]},"properties":{"s":22.2,"pub":true}},{"type":"Feature","geometry":{"type":"Point","coordinates":[-106.8341,37.9221]},"properties":{"s":22.2,"pub":true}},{"type":"Feature","geometry":{"type":"Point","coordinates":[-106.8341,37.9279]},"properties":{"s":66.7,"pub":true}},{"type":"Feature","geometry":{"type":"Point","coordinates":[-106.8341,37.9337]},"properties":{"s":66.7,"pub":true}},{"type":"Feature","geometry":{"type":"Point","coordinates":[-106.8341,37.9395]},"properties":{"s":66.7,"pub":true}},{"type":"Feature","geometry":{"type":"Point","coordinates":[-106.8341,37.9453]},"properties":{"s":66.7,"pub":true}},{"type":"Feature","geometry":{"type":"Point","coordinates":[-106.8341,37.9511]},"properties":{"s":22.2,"pub":true}},{"type":"Feature","geometry":{"type":"Point","coordinates":[-106.8266,37.9221]},"properties":{"s":22.2,"pub":true}},{"type":"Feature","geometry":{"type":"Point","coordinates":[-106.8266,37.9279]},"properties":{"s":22.2,"pub":true}},{"type":"Feature","geometry":{"type":"Point","coordinates":[-106.8266,37.9337]},"properties":{"s":66.7,"pub":true}},{"type":"Feature","geometry":{"type":"Point","coordinates":[-106.8266,37.9395]},"properties":{"s":66.7,"pub":true}},{"type":"Feature","geometry":{"type":"Point","coordinates":[-106.8266,37.9453]},"properties":{"s":66.7,"pub":true}},{"type":"Feature","geometry":{"type":"Point","coordinates":[-106.8266,37.9511]},"properties":{"s":22.2,"pub":true}},{"type":"Feature","geometry":{"type":"Point","coordinates":[-106.8191,37.9163]},"properties":{"s":22.2,"pub":true}},{"type":"Feature","geometry":{"type":"Point","coordinates":[-106.8191,37.9221]},"properties":{"s":22.2,"pub":true}},{"type":"Feature","geometry":{"type":"Point","coordinates":[-106.8191,37.9279]},"properties":{"s":66.7,"pub":true}},{"type":"Feature","geometry":{"type":"Point","coordinates":[-106.8191,37.9337]},"properties":{"s":66.7,"pub":true}},{"type":"Feature","geometry":{"type":"Point","coordinates":[-106.8191,37.9395]},"properties":{"s":66.7,"pub":true}},{"type":"Feature","geometry":{"type":"Point","coordinates":[-106.8191,37.9453]},"properties":{"s":66.7,"pub":true}},{"type":"Feature","geometry":{"type":"Point","coordinates":[-106.8191,37.9511]},"properties":{"s":22.2,"pub":true}},{"type":"Feature","geometry":{"type":"Point","coordinates":[-106.8116,37.9163]},"properties":{"s":25.9,"pub":true}},{"type":"Feature","geometry":{"type":"Point","coordinates":[-106.8116,37.9221]},"properties":{"s":66.7,"pub":true}},{"type":"Feature","geometry":{"type":"Point","coordinates":[-106.8116,37.9279]},"properties":{"s":66.7,"pub":true}},{"type":"Feature","geometry":{"type":"Point","coordinates":[-106.8116,37.9337]},"properties":{"s":66.7,"pub":true}},{"type":"Feature","geometry":{"type":"Point","coordinates":[-106.8116,37.9395]},"properties":{"s":66.7,"pub":true}},{"type":"Feature","geometry":{"type":"Point","coordinates":[-106.8116,37.9453]},"properties":{"s":66.7,"pub":true}},{"type":"Feature","geometry":{"type":"Point","coordinates":[-106.8116,37.9511]},"properties":{"s":66.7,"pub":true}},{"type":"Feature","geometry":{"type":"Point","coordinates":[-106.8116,37.9569]},"properties":{"s":66.7,"pub":true}},{"type":"Feature","geometry":{"type":"Point","coordinates":[-106.8041,37.9163]},"properties":{"s":25.9,"pub":true}},{"type":"Feature","geometry":{"type":"Point","coordinates":[-106.8041,37.9221]},"properties":{"s":70.4,"pub":true}},{"type":"Feature","geometry":{"type":"Point","coordinates":[-106.8041,37.9279]},"properties":{"s":70.4,"pub":true}},{"type":"Feature","geometry":{"type":"Point","coordinates":[-106.8041,37.9337]},"properties":{"s":66.7,"pub":true}},{"type":"Feature","geometry":{"type":"Point","coordinates":[-106.8041,37.9395]},"properties":{"s":66.7,"pub":true}},{"type":"Feature","geometry":{"type":"Point","coordinates":[-106.8041,37.9453]},"properties":{"s":66.7,"pub":true}},{"type":"Feature","geometry":{"type":"Point","coordinates":[-106.8041,37.9511]},"properties":{"s":66.7,"pub":true}},{"type":"Feature","geometry":{"type":"Point","coordinates":[-106.8041,37.9569]},"properties":{"s":66.7,"pub":true}},{"type":"Feature","geometry":{"type":"Point","coordinates":[-106.8041,37.9627]},"properties":{"s":66.7,"pub":true}},{"type":"Feature","geometry":{"type":"Point","coordinates":[-106.8041,37.9685]},"properties":{"s":66.7,"pub":true}},{"type":"Feature","geometry":{"type":"Point","coordinates":[-106.8041,38.0149]},"properties":{"s":51.9,"pub":true}},{"type":"Feature","geometry":{"type":"Point","coordinates":[-106.8041,38.0207]},"properties":{"s":51.9,"pub":true}},{"type":"Feature","geometry":{"type":"Point","coordinates":[-106.8041,38.0265]},"properties":{"s":22.2,"pub":true}},{"type":"Feature","geometry":{"type":"Point","coordinates":[-106.8041,38.0323]},"properties":{"s":22.2,"pub":true}},{"type":"Feature","geometry":{"type":"Point","coordinates":[-106.7966,37.9163]},"properties":{"s":25.9,"pub":true}},{"type":"Feature","geometry":{"type":"Point","coordinates":[-106.7966,37.9221]},"properties":{"s":70.4,"pub":true}},{"type":"Feature","geometry":{"type":"Point","coordinates":[-106.7966,37.9279]},"properties":{"s":70.4,"pub":true}},{"type":"Feature","geometry":{"type":"Point","coordinates":[-106.7966,37.9337]},"properties":{"s":70.4,"pub":true}},{"type":"Feature","geometry":{"type":"Point","coordinates":[-106.7966,37.9395]},"properties":{"s":66.7,"pub":true}},{"type":"Feature","geometry":{"type":"Point","coordinates":[-106.7966,37.9453]},"properties":{"s":66.7,"pub":true}},{"type":"Feature","geometry":{"type":"Point","coordinates":[-106.7966,37.9511]},"properties":{"s":66.7,"pub":true}},{"type":"Feature","geometry":{"type":"Point","coordinates":[-106.7966,37.9569]},"properties":{"s":66.7,"pub":true}},{"type":"Feature","geometry":{"type":"Point","coordinates":[-106.7966,37.9627]},"properties":{"s":66.7,"pub":true}},{"type":"Feature","geometry":{"type":"Point","coordinates":[-106.7966,37.9685]},"properties":{"s":66.7,"pub":true}},{"type":"Feature","geometry":{"type":"Point","coordinates":[-106.7966,37.9743]},"properties":{"s":66.7,"pub":true}},{"type":"Feature","geometry":{"type":"Point","coordinates":[-106.7966,37.9801]},"properties":{"s":66.7,"pub":true}},{"type":"Feature","geometry":{"type":"Point","coordinates":[-106.7966,37.9859]},"properties":{"s":66.7,"pub":true}},{"type":"Feature","geometry":{"type":"Point","coordinates":[-106.7966,38.0091]},"properties":{"s":96.3,"pub":true}},{"type":"Feature","geometry":{"type":"Point","coordinates":[-106.7966,38.0149]},"properties":{"s":51.9,"pub":true}},{"type":"Feature","geometry":{"type":"Point","coordinates":[-106.7966,38.0207]},"properties":{"s":22.2,"pub":true}},{"type":"Feature","geometry":{"type":"Point","coordinates":[-106.7966,38.0265]},"properties":{"s":22.2,"pub":true}},{"type":"Feature","geometry":{"type":"Point","coordinates":[-106.7966,38.0323]},"properties":{"s":22.2,"pub":true}},{"type":"Feature","geometry":{"type":"Point","coordinates":[-106.7966,38.0381]},"properties":{"s":22.2,"pub":true}},{"type":"Feature","geometry":{"type":"Point","coordinates":[-106.7966,38.0439]},"properties":{"s":22.2,"pub":true}},{"type":"Feature","geometry":{"type":"Point","coordinates":[-106.7891,37.9105]},"properties":{"s":25.9,"pub":true}},{"type":"Feature","geometry":{"type":"Point","coordinates":[-106.7891,37.9163]},"properties":{"s":25.9,"pub":true}},{"type":"Feature","geometry":{"type":"Point","coordinates":[-106.7891,37.9221]},"properties":{"s":70.4,"pub":true}},{"type":"Feature","geometry":{"type":"Point","coordinates":[-106.7891,37.9279]},"properties":{"s":70.4,"pub":true}},{"type":"Feature","geometry":{"type":"Point","coordinates":[-106.7891,37.9337]},"properties":{"s":70.4,"pub":true}},{"type":"Feature","geometry":{"type":"Point","coordinates":[-106.7891,37.9395]},"properties":{"s":66.7,"pub":true}},{"type":"Feature","geometry":{"type":"Point","coordinates":[-106.7891,37.9453]},"properties":{"s":66.7,"pub":true}},{"type":"Feature","geometry":{"type":"Point","coordinates":[-106.7891,37.9511]},"properties":{"s":66.7,"pub":true}},{"type":"Feature","geometry":{"type":"Point","coordinates":[-106.7891,37.9569]},"properties":{"s":66.7,"pub":true}},{"type":"Feature","geometry":{"type":"Point","coordinates":[-106.7891,37.9627]},"properties":{"s":66.7,"pub":true}},{"type":"Feature","geometry":{"type":"Point","coordinates":[-106.7891,37.9685]},"properties":{"s":66.7,"pub":true}},{"type":"Feature","geometry":{"type":"Point","coordinates":[-106.7891,37.9743]},"properties":{"s":66.7,"pub":true}},{"type":"Feature","geometry":{"type":"Point","coordinates":[-106.7891,37.9801]},"properties":{"s":66.7,"pub":true}},{"type":"Feature","geometry":{"type":"Point","coordinates":[-106.7891,37.9859]},"properties":{"s":66.7,"pub":true}},{"type":"Feature","geometry":{"type":"Point","coordinates":[-106.7891,37.9917]},"properties":{"s":66.7,"pub":true}},{"type":"Feature","geometry":{"type":"Point","coordinates":[-106.7891,38.0091]},"properties":{"s":51.9,"pub":true}},{"type":"Feature","geometry":{"type":"Point","coordinates":[-106.7891,38.0149]},"properties":{"s":51.9,"pub":true}},{"type":"Feature","geometry":{"type":"Point","coordinates":[-106.7891,38.0207]},"properties":{"s":22.2,"pub":true}},{"type":"Feature","geometry":{"type":"Point","coordinates":[-106.7891,38.0265]},"properties":{"s":22.2,"pub":true}},{"type":"Feature","geometry":{"type":"Point","coordinates":[-106.7891,38.0323]},"properties":{"s":22.2,"pub":true}},{"type":"Feature","geometry":{"type":"Point","coordinates":[-106.7891,38.0381]},"properties":{"s":22.2,"pub":true}},{"type":"Feature","geometry":{"type":"Point","coordinates":[-106.7891,38.0439]},"properties":{"s":22.2,"pub":true}},{"type":"Feature","geometry":{"type":"Point","coordinates":[-106.7891,38.0497]},"properties":{"s":22.2,"pub":true}},{"type":"Feature","geometry":{"type":"Point","coordinates":[-106.7816,37.9047]},"properties":{"s":22.2,"pub":true}},{"type":"Feature","geometry":{"type":"Point","coordinates":[-106.7816,37.9105]},"properties":{"s":25.9,"pub":true}},{"type":"Feature","geometry":{"type":"Point","coordinates":[-106.7816,37.9163]},"properties":{"s":25.9,"pub":true}},{"type":"Feature","geometry":{"type":"Point","coordinates":[-106.7816,37.9221]},"properties":{"s":70.4,"pub":true}},{"type":"Feature","geometry":{"type":"Point","coordinates":[-106.7816,37.9279]},"properties":{"s":70.4,"pub":true}},{"type":"Feature","geometry":{"type":"Point","coordinates":[-106.7816,37.9337]},"properties":{"s":66.7,"pub":true}},{"type":"Feature","geometry":{"type":"Point","coordinates":[-106.7816,37.9395]},"properties":{"s":66.7,"pub":true}},{"type":"Feature","geometry":{"type":"Point","coordinates":[-106.7816,37.9453]},"properties":{"s":66.7,"pub":true}},{"type":"Feature","geometry":{"type":"Point","coordinates":[-106.7816,37.9511]},"properties":{"s":66.7,"pub":true}},{"type":"Feature","geometry":{"type":"Point","coordinates":[-106.7816,37.9569]},"properties":{"s":66.7,"pub":true}},{"type":"Feature","geometry":{"type":"Point","coordinates":[-106.7816,37.9627]},"properties":{"s":66.7,"pub":true}},{"type":"Feature","geometry":{"type":"Point","coordinates":[-106.7816,37.9685]},"properties":{"s":66.7,"pub":true}},{"type":"Feature","geometry":{"type":"Point","coordinates":[-106.7816,37.9743]},"properties":{"s":66.7,"pub":true}},{"type":"Feature","geometry":{"type":"Point","coordinates":[-106.7816,37.9801]},"properties":{"s":66.7,"pub":true}},{"type":"Feature","geometry":{"type":"Point","coordinates":[-106.7816,37.9859]},"properties":{"s":66.7,"pub":true}},{"type":"Feature","geometry":{"type":"Point","coordinates":[-106.7816,37.9917]},"properties":{"s":66.7,"pub":true}},{"type":"Feature","geometry":{"type":"Point","coordinates":[-106.7816,37.9975]},"properties":{"s":22.2,"pub":true}},{"type":"Feature","geometry":{"type":"Point","coordinates":[-106.7816,38.0033]},"properties":{"s":51.9,"pub":true}},{"type":"Feature","geometry":{"type":"Point","coordinates":[-106.7816,38.0091]},"properties":{"s":51.9,"pub":true}},{"type":"Feature","geometry":{"type":"Point","coordinates":[-106.7816,38.0149]},"properties":{"s":22.2,"pub":true}},{"type":"Feature","geometry":{"type":"Point","coordinates":[-106.7816,38.0207]},"properties":{"s":22.2,"pub":true}},{"type":"Feature","geometry":{"type":"Point","coordinates":[-106.7816,38.0265]},"properties":{"s":22.2,"pub":true}},{"type":"Feature","geometry":{"type":"Point","coordinates":[-106.7816,38.0323]},"properties":{"s":22.2,"pub":true}},{"type":"Feature","geometry":{"type":"Point","coordinates":[-106.7816,38.0381]},"properties":{"s":22.2,"pub":true}},{"type":"Feature","geometry":{"type":"Point","coordinates":[-106.7816,38.0439]},"properties":{"s":22.2,"pub":true}},{"type":"Feature","geometry":{"type":"Point","coordinates":[-106.7816,38.0497]},"properties":{"s":22.2,"pub":true}},{"type":"Feature","geometry":{"type":"Point","coordinates":[-106.7816,38.0555]},"properties":{"s":22.2,"pub":true}},{"type":"Feature","geometry":{"type":"Point","coordinates":[-106.7741,37.8931]},"properties":{"s":22.2,"pub":true}},{"type":"Feature","geometry":{"type":"Point","coordinates":[-106.7741,37.8989]},"properties":{"s":22.2,"pub":true}},{"type":"Feature","geometry":{"type":"Point","coordinates":[-106.7741,37.9047]},"properties":{"s":22.2,"pub":true}},{"type":"Feature","geometry":{"type":"Point","coordinates":[-106.7741,37.9105]},"properties":{"s":22.2,"pub":true}},{"type":"Feature","geometry":{"type":"Point","coordinates":[-106.7741,37.9163]},"properties":{"s":22.2,"pub":true}},{"type":"Feature","geometry":{"type":"Point","coordinates":[-106.7741,37.9221]},"properties":{"s":66.7,"pub":true}},{"type":"Feature","geometry":{"type":"Point","coordinates":[-106.7741,37.9279]},"properties":{"s":66.7,"pub":true}},{"type":"Feature","geometry":{"type":"Point","coordinates":[-106.7741,37.9337]},"properties":{"s":66.7,"pub":true}},{"type":"Feature","geometry":{"type":"Point","coordinates":[-106.7741,37.9395]},"properties":{"s":66.7,"pub":true}},{"type":"Feature","geometry":{"type":"Point","coordinates":[-106.7741,37.9453]},"properties":{"s":66.7,"pub":true}},{"type":"Feature","geometry":{"type":"Point","coordinates":[-106.7741,37.9511]},"properties":{"s":66.7,"pub":true}},{"type":"Feature","geometry":{"type":"Point","coordinates":[-106.7741,37.9569]},"properties":{"s":66.7,"pub":true}},{"type":"Feature","geometry":{"type":"Point","coordinates":[-106.7741,37.9627]},"properties":{"s":66.7,"pub":true}},{"type":"Feature","geometry":{"type":"Point","coordinates":[-106.7741,37.9685]},"properties":{"s":66.7,"pub":true}},{"type":"Feature","geometry":{"type":"Point","coordinates":[-106.7741,37.9743]},"properties":{"s":66.7,"pub":true}},{"type":"Feature","geometry":{"type":"Point","coordinates":[-106.7741,37.9801]},"properties":{"s":66.7,"pub":true}},{"type":"Feature","geometry":{"type":"Point","coordinates":[-106.7741,37.9859]},"properties":{"s":66.7,"pub":true}},{"type":"Feature","geometry":{"type":"Point","coordinates":[-106.7741,37.9917]},"properties":{"s":22.2,"pub":true}},{"type":"Feature","geometry":{"type":"Point","coordinates":[-106.7741,37.9975]},"properties":{"s":22.2,"pub":true}},{"type":"Feature","geometry":{"type":"Point","coordinates":[-106.7741,38.0033]},"properties":{"s":22.2,"pub":true}},{"type":"Feature","geometry":{"type":"Point","coordinates":[-106.7741,38.0091]},"properties":{"s":22.2,"pub":true}},{"type":"Feature","geometry":{"type":"Point","coordinates":[-106.7741,38.0149]},"properties":{"s":22.2,"pub":true}},{"type":"Feature","geometry":{"type":"Point","coordinates":[-106.7741,38.0207]},"properties":{"s":22.2,"pub":true}},{"type":"Feature","geometry":{"type":"Point","coordinates":[-106.7741,38.0265]},"properties":{"s":22.2,"pub":true}},{"type":"Feature","geometry":{"type":"Point","coordinates":[-106.7741,38.0323]},"properties":{"s":22.2,"pub":true}},{"type":"Feature","geometry":{"type":"Point","coordinates":[-106.7741,38.0381]},"properties":{"s":25.9,"pub":true}},{"type":"Feature","geometry":{"type":"Point","coordinates":[-106.7741,38.0439]},"properties":{"s":25.9,"pub":true}},{"type":"Feature","geometry":{"type":"Point","coordinates":[-106.7741,38.0497]},"properties":{"s":25.9,"pub":true}},{"type":"Feature","geometry":{"type":"Point","coordinates":[-106.7741,38.0555]},"properties":{"s":25.9,"pub":true}},{"type":"Feature","geometry":{"type":"Point","coordinates":[-106.7741,38.0613]},"properties":{"s":25.9,"pub":true}},{"type":"Feature","geometry":{"type":"Point","coordinates":[-106.7741,38.0671]},"properties":{"s":25.9,"pub":true}},{"type":"Feature","geometry":{"type":"Point","coordinates":[-106.7666,37.8873]},"properties":{"s":22.2,"pub":true}},{"type":"Feature","geometry":{"type":"Point","coordinates":[-106.7666,37.8931]},"properties":{"s":22.2,"pub":true}},{"type":"Feature","geometry":{"type":"Point","coordinates":[-106.7666,37.8989]},"properties":{"s":22.2,"pub":true}},{"type":"Feature","geometry":{"type":"Point","coordinates":[-106.7666,37.9047]},"properties":{"s":66.7,"pub":true}},{"type":"Feature","geometry":{"type":"Point","coordinates":[-106.7666,37.9105]},"properties":{"s":66.7,"pub":true}},{"type":"Feature","geometry":{"type":"Point","coordinates":[-106.7666,37.9163]},"properties":{"s":66.7,"pub":true}},{"type":"Feature","geometry":{"type":"Point","coordinates":[-106.7666,37.9221]},"properties":{"s":22.2,"pub":true}},{"type":"Feature","geometry":{"type":"Point","coordinates":[-106.7666,37.9279]},"properties":{"s":66.7,"pub":true}},{"type":"Feature","geometry":{"type":"Point","coordinates":[-106.7666,37.9337]},"properties":{"s":66.7,"pub":true}},{"type":"Feature","geometry":{"type":"Point","coordinates":[-106.7666,37.9395]},"properties":{"s":66.7,"pub":true}},{"type":"Feature","geometry":{"type":"Point","coordinates":[-106.7666,37.9453]},"properties":{"s":66.7,"pub":true}},{"type":"Feature","geometry":{"type":"Point","coordinates":[-106.7666,37.9511]},"properties":{"s":66.7,"pub":true}},{"type":"Feature","geometry":{"type":"Point","coordinates":[-106.7666,37.9569]},"properties":{"s":66.7,"pub":true}},{"type":"Feature","geometry":{"type":"Point","coordinates":[-106.7666,37.9627]},"properties":{"s":66.7,"pub":true}},{"type":"Feature","geometry":{"type":"Point","coordinates":[-106.7666,37.9685]},"properties":{"s":66.7,"pub":true}},{"type":"Feature","geometry":{"type":"Point","coordinates":[-106.7666,37.9743]},"properties":{"s":66.7,"pub":true}},{"type":"Feature","geometry":{"type":"Point","coordinates":[-106.7666,37.9801]},"properties":{"s":66.7,"pub":true}},{"type":"Feature","geometry":{"type":"Point","coordinates":[-106.7666,37.9859]},"properties":{"s":22.2,"pub":true}},{"type":"Feature","geometry":{"type":"Point","coordinates":[-106.7666,37.9917]},"properties":{"s":22.2,"pub":true}},{"type":"Feature","geometry":{"type":"Point","coordinates":[-106.7666,37.9975]},"properties":{"s":22.2,"pub":true}},{"type":"Feature","geometry":{"type":"Point","coordinates":[-106.7666,38.0033]},"properties":{"s":22.2,"pub":true}},{"type":"Feature","geometry":{"type":"Point","coordinates":[-106.7666,38.0091]},"properties":{"s":22.2,"pub":true}},{"type":"Feature","geometry":{"type":"Point","coordinates":[-106.7666,38.0149]},"properties":{"s":22.2,"pub":true}},{"type":"Feature","geometry":{"type":"Point","coordinates":[-106.7666,38.0207]},"properties":{"s":22.2,"pub":true}},{"type":"Feature","geometry":{"type":"Point","coordinates":[-106.7666,38.0265]},"properties":{"s":22.2,"pub":true}},{"type":"Feature","geometry":{"type":"Point","coordinates":[-106.7666,38.0323]},"properties":{"s":25.9,"pub":true}},{"type":"Feature","geometry":{"type":"Point","coordinates":[-106.7666,38.0381]},"properties":{"s":25.9,"pub":true}},{"type":"Feature","geometry":{"type":"Point","coordinates":[-106.7666,38.0439]},"properties":{"s":25.9,"pub":true}},{"type":"Feature","geometry":{"type":"Point","coordinates":[-106.7666,38.0497]},"properties":{"s":25.9,"pub":true}},{"type":"Feature","geometry":{"type":"Point","coordinates":[-106.7666,38.0555]},"properties":{"s":25.9,"pub":true}},{"type":"Feature","geometry":{"type":"Point","coordinates":[-106.7666,38.0613]},"properties":{"s":25.9,"pub":true}},{"type":"Feature","geometry":{"type":"Point","coordinates":[-106.7666,38.0671]},"properties":{"s":25.9,"pub":true}},{"type":"Feature","geometry":{"type":"Point","coordinates":[-106.7666,38.0729]},"properties":{"s":25.9,"pub":true}},{"type":"Feature","geometry":{"type":"Point","coordinates":[-106.7666,38.0787]},"properties":{"s":70.4,"pub":true}},{"type":"Feature","geometry":{"type":"Point","coordinates":[-106.7591,37.8873]},"properties":{"s":22.2,"pub":true}},{"type":"Feature","geometry":{"type":"Point","coordinates":[-106.7591,37.8931]},"properties":{"s":22.2,"pub":true}},{"type":"Feature","geometry":{"type":"Point","coordinates":[-106.7591,37.8989]},"properties":{"s":22.2,"pub":true}},{"type":"Feature","geometry":{"type":"Point","coordinates":[-106.7591,37.9047]},"properties":{"s":66.7,"pub":true}},{"type":"Feature","geometry":{"type":"Point","coordinates":[-106.7591,37.9105]},"properties":{"s":66.7,"pub":true}},{"type":"Feature","geometry":{"type":"Point","coordinates":[-106.7591,37.9163]},"properties":{"s":66.7,"pub":true}},{"type":"Feature","geometry":{"type":"Point","coordinates":[-106.7591,37.9221]},"properties":{"s":66.7,"pub":true}},{"type":"Feature","geometry":{"type":"Point","coordinates":[-106.7591,37.9279]},"properties":{"s":66.7,"pub":true}},{"type":"Feature","geometry":{"type":"Point","coordinates":[-106.7591,37.9337]},"properties":{"s":66.7,"pub":true}},{"type":"Feature","geometry":{"type":"Point","coordinates":[-106.7591,37.9395]},"properties":{"s":66.7,"pub":true}},{"type":"Feature","geometry":{"type":"Point","coordinates":[-106.7591,37.9453]},"properties":{"s":66.7,"pub":true}},{"type":"Feature","geometry":{"type":"Point","coordinates":[-106.7591,37.9511]},"properties":{"s":66.7,"pub":true}},{"type":"Feature","geometry":{"type":"Point","coordinates":[-106.7591,37.9569]},"properties":{"s":66.7,"pub":true}},{"type":"Feature","geometry":{"type":"Point","coordinates":[-106.7591,37.9627]},"properties":{"s":66.7,"pub":true}},{"type":"Feature","geometry":{"type":"Point","coordinates":[-106.7591,37.9685]},"properties":{"s":66.7,"pub":true}},{"type":"Feature","geometry":{"type":"Point","coordinates":[-106.7591,37.9743]},"properties":{"s":66.7,"pub":true}},{"type":"Feature","geometry":{"type":"Point","coordinates":[-106.7591,37.9801]},"properties":{"s":22.2,"pub":true}},{"type":"Feature","geometry":{"type":"Point","coordinates":[-106.7591,37.9859]},"properties":{"s":22.2,"pub":true}},{"type":"Feature","geometry":{"type":"Point","coordinates":[-106.7591,37.9917]},"properties":{"s":22.2,"pub":true}},{"type":"Feature","geometry":{"type":"Point","coordinates":[-106.7591,37.9975]},"properties":{"s":22.2,"pub":true}},{"type":"Feature","geometry":{"type":"Point","coordinates":[-106.7591,38.0033]},"properties":{"s":22.2,"pub":true}},{"type":"Feature","geometry":{"type":"Point","coordinates":[-106.7591,38.0091]},"properties":{"s":22.2,"pub":true}},{"type":"Feature","geometry":{"type":"Point","coordinates":[-106.7591,38.0149]},"properties":{"s":22.2,"pub":true}},{"type":"Feature","geometry":{"type":"Point","coordinates":[-106.7591,38.0207]},"properties":{"s":22.2,"pub":true}},{"type":"Feature","geometry":{"type":"Point","coordinates":[-106.7591,38.0265]},"properties":{"s":25.9,"pub":true}},{"type":"Feature","geometry":{"type":"Point","coordinates":[-106.7591,38.0323]},"properties":{"s":25.9,"pub":true}},{"type":"Feature","geometry":{"type":"Point","coordinates":[-106.7591,38.0381]},"properties":{"s":25.9,"pub":true}},{"type":"Feature","geometry":{"type":"Point","coordinates":[-106.7591,38.0439]},"properties":{"s":25.9,"pub":true}},{"type":"Feature","geometry":{"type":"Point","coordinates":[-106.7591,38.0497]},"properties":{"s":25.9,"pub":true}},{"type":"Feature","geometry":{"type":"Point","coordinates":[-106.7591,38.0555]},"properties":{"s":25.9,"pub":true}},{"type":"Feature","geometry":{"type":"Point","coordinates":[-106.7591,38.0613]},"properties":{"s":25.9,"pub":true}},{"type":"Feature","geometry":{"type":"Point","coordinates":[-106.7591,38.0671]},"properties":{"s":25.9,"pub":true}},{"type":"Feature","geometry":{"type":"Point","coordinates":[-106.7591,38.0729]},"properties":{"s":25.9,"pub":true}},{"type":"Feature","geometry":{"type":"Point","coordinates":[-106.7591,38.0787]},"properties":{"s":25.9,"pub":true}},{"type":"Feature","geometry":{"type":"Point","coordinates":[-106.7591,38.0845]},"properties":{"s":55.6,"pub":true}},{"type":"Feature","geometry":{"type":"Point","coordinates":[-106.7516,37.8815]},"properties":{"s":22.2,"pub":true}},{"type":"Feature","geometry":{"type":"Point","coordinates":[-106.7516,37.8873]},"properties":{"s":22.2,"pub":true}},{"type":"Feature","geometry":{"type":"Point","coordinates":[-106.7516,37.8931]},"properties":{"s":22.2,"pub":true}},{"type":"Feature","geometry":{"type":"Point","coordinates":[-106.7516,37.8989]},"properties":{"s":66.7,"pub":true}},{"type":"Feature","geometry":{"type":"Point","coordinates":[-106.7516,37.9047]},"properties":{"s":66.7,"pub":true}},{"type":"Feature","geometry":{"type":"Point","coordinates":[-106.7516,37.9105]},"properties":{"s":66.7,"pub":true}},{"type":"Feature","geometry":{"type":"Point","coordinates":[-106.7516,37.9163]},"properties":{"s":66.7,"pub":true}},{"type":"Feature","geometry":{"type":"Point","coordinates":[-106.7516,37.9221]},"properties":{"s":66.7,"pub":true}},{"type":"Feature","geometry":{"type":"Point","coordinates":[-106.7516,37.9279]},"properties":{"s":66.7,"pub":true}},{"type":"Feature","geometry":{"type":"Point","coordinates":[-106.7516,37.9337]},"properties":{"s":66.7,"pub":true}},{"type":"Feature","geometry":{"type":"Point","coordinates":[-106.7516,37.9395]},"properties":{"s":66.7,"pub":true}},{"type":"Feature","geometry":{"type":"Point","coordinates":[-106.7516,37.9453]},"properties":{"s":66.7,"pub":true}},{"type":"Feature","geometry":{"type":"Point","coordinates":[-106.7516,37.9511]},"properties":{"s":66.7,"pub":true}},{"type":"Feature","geometry":{"type":"Point","coordinates":[-106.7516,37.9569]},"properties":{"s":66.7,"pub":true}},{"type":"Feature","geometry":{"type":"Point","coordinates":[-106.7516,37.9627]},"properties":{"s":66.7,"pub":true}},{"type":"Feature","geometry":{"type":"Point","coordinates":[-106.7516,37.9685]},"properties":{"s":66.7,"pub":true}},{"type":"Feature","geometry":{"type":"Point","coordinates":[-106.7516,37.9743]},"properties":{"s":22.2,"pub":true}},{"type":"Feature","geometry":{"type":"Point","coordinates":[-106.7516,37.9801]},"properties":{"s":22.2,"pub":true}},{"type":"Feature","geometry":{"type":"Point","coordinates":[-106.7516,37.9859]},"properties":{"s":22.2,"pub":true}},{"type":"Feature","geometry":{"type":"Point","coordinates":[-106.7516,37.9917]},"properties":{"s":25.9,"pub":true}},{"type":"Feature","geometry":{"type":"Point","coordinates":[-106.7516,37.9975]},"properties":{"s":25.9,"pub":true}},{"type":"Feature","geometry":{"type":"Point","coordinates":[-106.7516,38.0033]},"properties":{"s":25.9,"pub":true}},{"type":"Feature","geometry":{"type":"Point","coordinates":[-106.7516,38.0091]},"properties":{"s":25.9,"pub":true}},{"type":"Feature","geometry":{"type":"Point","coordinates":[-106.7516,38.0149]},"properties":{"s":22.2,"pub":true}},{"type":"Feature","geometry":{"type":"Point","coordinates":[-106.7516,38.0207]},"properties":{"s":25.9,"pub":true}},{"type":"Feature","geometry":{"type":"Point","coordinates":[-106.7516,38.0265]},"properties":{"s":25.9,"pub":true}},{"type":"Feature","geometry":{"type":"Point","coordinates":[-106.7516,38.0323]},"properties":{"s":25.9,"pub":true}},{"type":"Feature","geometry":{"type":"Point","coordinates":[-106.7516,38.0381]},"properties":{"s":25.9,"pub":true}},{"type":"Feature","geometry":{"type":"Point","coordinates":[-106.7516,38.0439]},"properties":{"s":25.9,"pub":true}},{"type":"Feature","geometry":{"type":"Point","coordinates":[-106.7516,38.0497]},"properties":{"s":25.9,"pub":true}},{"type":"Feature","geometry":{"type":"Point","coordinates":[-106.7516,38.0555]},"properties":{"s":25.9,"pub":true}},{"type":"Feature","geometry":{"type":"Point","coordinates":[-106.7516,38.0613]},"properties":{"s":25.9,"pub":true}},{"type":"Feature","geometry":{"type":"Point","coordinates":[-106.7516,38.0671]},"properties":{"s":25.9,"pub":true}},{"type":"Feature","geometry":{"type":"Point","coordinates":[-106.7516,38.0729]},"properties":{"s":25.9,"pub":true}},{"type":"Feature","geometry":{"type":"Point","coordinates":[-106.7516,38.0787]},"properties":{"s":25.9,"pub":true}},{"type":"Feature","geometry":{"type":"Point","coordinates":[-106.7516,38.0845]},"properties":{"s":55.6,"pub":true}},{"type":"Feature","geometry":{"type":"Point","coordinates":[-106.7441,37.8873]},"properties":{"s":22.2,"pub":true}},{"type":"Feature","geometry":{"type":"Point","coordinates":[-106.7441,37.8931]},"properties":{"s":22.2,"pub":true}},{"type":"Feature","geometry":{"type":"Point","coordinates":[-106.7441,37.8989]},"properties":{"s":66.7,"pub":true}},{"type":"Feature","geometry":{"type":"Point","coordinates":[-106.7441,37.9047]},"properties":{"s":66.7,"pub":true}},{"type":"Feature","geometry":{"type":"Point","coordinates":[-106.7441,37.9105]},"properties":{"s":66.7,"pub":true}},{"type":"Feature","geometry":{"type":"Point","coordinates":[-106.7441,37.9163]},"properties":{"s":66.7,"pub":true}},{"type":"Feature","geometry":{"type":"Point","coordinates":[-106.7441,37.9221]},"properties":{"s":66.7,"pub":true}},{"type":"Feature","geometry":{"type":"Point","coordinates":[-106.7441,37.9279]},"properties":{"s":66.7,"pub":true}},{"type":"Feature","geometry":{"type":"Point","coordinates":[-106.7441,37.9337]},"properties":{"s":66.7,"pub":true}},{"type":"Feature","geometry":{"type":"Point","coordinates":[-106.7441,37.9395]},"properties":{"s":66.7,"pub":true}},{"type":"Feature","geometry":{"type":"Point","coordinates":[-106.7441,37.9453]},"properties":{"s":66.7,"pub":true}},{"type":"Feature","geometry":{"type":"Point","coordinates":[-106.7441,37.9511]},"properties":{"s":66.7,"pub":true}},{"type":"Feature","geometry":{"type":"Point","coordinates":[-106.7441,37.9569]},"properties":{"s":66.7,"pub":true}},{"type":"Feature","geometry":{"type":"Point","coordinates":[-106.7441,37.9627]},"properties":{"s":66.7,"pub":true}},{"type":"Feature","geometry":{"type":"Point","coordinates":[-106.7441,37.9685]},"properties":{"s":66.7,"pub":true}},{"type":"Feature","geometry":{"type":"Point","coordinates":[-106.7441,37.9743]},"properties":{"s":22.2,"pub":true}},{"type":"Feature","geometry":{"type":"Point","coordinates":[-106.7441,37.9801]},"properties":{"s":22.2,"pub":true}},{"type":"Feature","geometry":{"type":"Point","coordinates":[-106.7441,37.9859]},"properties":{"s":25.9,"pub":true}},{"type":"Feature","geometry":{"type":"Point","coordinates":[-106.7441,37.9917]},"properties":{"s":25.9,"pub":true}},{"type":"Feature","geometry":{"type":"Point","coordinates":[-106.7441,37.9975]},"properties":{"s":25.9,"pub":true}},{"type":"Feature","geometry":{"type":"Point","coordinates":[-106.7441,38.0033]},"properties":{"s":25.9,"pub":true}},{"type":"Feature","geometry":{"type":"Point","coordinates":[-106.7441,38.0091]},"properties":{"s":25.9,"pub":true}},{"type":"Feature","geometry":{"type":"Point","coordinates":[-106.7441,38.0149]},"properties":{"s":25.9,"pub":true}},{"type":"Feature","geometry":{"type":"Point","coordinates":[-106.7441,38.0207]},"properties":{"s":25.9,"pub":true}},{"type":"Feature","geometry":{"type":"Point","coordinates":[-106.7441,38.0265]},"properties":{"s":25.9,"pub":true}},{"type":"Feature","geometry":{"type":"Point","coordinates":[-106.7441,38.0323]},"properties":{"s":25.9,"pub":true}},{"type":"Feature","geometry":{"type":"Point","coordinates":[-106.7441,38.0381]},"properties":{"s":25.9,"pub":true}},{"type":"Feature","geometry":{"type":"Point","coordinates":[-106.7441,38.0439]},"properties":{"s":25.9,"pub":true}},{"type":"Feature","geometry":{"type":"Point","coordinates":[-106.7441,38.0497]},"properties":{"s":25.9,"pub":true}},{"type":"Feature","geometry":{"type":"Point","coordinates":[-106.7441,38.0555]},"properties":{"s":25.9,"pub":true}},{"type":"Feature","geometry":{"type":"Point","coordinates":[-106.7441,38.0613]},"properties":{"s":25.9,"pub":true}},{"type":"Feature","geometry":{"type":"Point","coordinates":[-106.7441,38.0671]},"properties":{"s":25.9,"pub":true}},{"type":"Feature","geometry":{"type":"Point","coordinates":[-106.7441,38.0729]},"properties":{"s":25.9,"pub":true}},{"type":"Feature","geometry":{"type":"Point","coordinates":[-106.7441,38.0787]},"properties":{"s":25.9,"pub":true}},{"type":"Feature","geometry":{"type":"Point","coordinates":[-106.7441,38.0845]},"properties":{"s":55.6,"pub":true}},{"type":"Feature","geometry":{"type":"Point","coordinates":[-106.7441,38.0903]},"properties":{"s":55.6,"pub":true}},{"type":"Feature","geometry":{"type":"Point","coordinates":[-106.7366,37.8931]},"properties":{"s":22.2,"pub":true}},{"type":"Feature","geometry":{"type":"Point","coordinates":[-106.7366,37.8989]},"properties":{"s":22.2,"pub":true}},{"type":"Feature","geometry":{"type":"Point","coordinates":[-106.7366,37.9047]},"properties":{"s":66.7,"pub":true}},{"type":"Feature","geometry":{"type":"Point","coordinates":[-106.7366,37.9105]},"properties":{"s":66.7,"pub":true}},{"type":"Feature","geometry":{"type":"Point","coordinates":[-106.7366,37.9163]},"properties":{"s":66.7,"pub":true}},{"type":"Feature","geometry":{"type":"Point","coordinates":[-106.7366,37.9221]},"properties":{"s":66.7,"pub":true}},{"type":"Feature","geometry":{"type":"Point","coordinates":[-106.7366,37.9279]},"properties":{"s":66.7,"pub":true}},{"type":"Feature","geometry":{"type":"Point","coordinates":[-106.7366,37.9337]},"properties":{"s":66.7,"pub":true}},{"type":"Feature","geometry":{"type":"Point","coordinates":[-106.7366,37.9395]},"properties":{"s":66.7,"pub":true}},{"type":"Feature","geometry":{"type":"Point","coordinates":[-106.7366,37.9453]},"properties":{"s":66.7,"pub":true}},{"type":"Feature","geometry":{"type":"Point","coordinates":[-106.7366,37.9511]},"properties":{"s":66.7,"pub":true}},{"type":"Feature","geometry":{"type":"Point","coordinates":[-106.7366,37.9569]},"properties":{"s":66.7,"pub":true}},{"type":"Feature","geometry":{"type":"Point","coordinates":[-106.7366,37.9627]},"properties":{"s":66.7,"pub":true}},{"type":"Feature","geometry":{"type":"Point","coordinates":[-106.7366,37.9685]},"properties":{"s":66.7,"pub":true}},{"type":"Feature","geometry":{"type":"Point","coordinates":[-106.7366,37.9743]},"properties":{"s":66.7,"pub":true}},{"type":"Feature","geometry":{"type":"Point","coordinates":[-106.7366,37.9801]},"properties":{"s":22.2,"pub":true}},{"type":"Feature","geometry":{"type":"Point","coordinates":[-106.7366,37.9859]},"properties":{"s":25.9,"pub":true}},{"type":"Feature","geometry":{"type":"Point","coordinates":[-106.7366,37.9917]},"properties":{"s":25.9,"pub":true}},{"type":"Feature","geometry":{"type":"Point","coordinates":[-106.7366,37.9975]},"properties":{"s":25.9,"pub":true}},{"type":"Feature","geometry":{"type":"Point","coordinates":[-106.7366,38.0033]},"properties":{"s":25.9,"pub":true}},{"type":"Feature","geometry":{"type":"Point","coordinates":[-106.7366,38.0091]},"properties":{"s":25.9,"pub":true}},{"type":"Feature","geometry":{"type":"Point","coordinates":[-106.7366,38.0149]},"properties":{"s":25.9,"pub":true}},{"type":"Feature","geometry":{"type":"Point","coordinates":[-106.7366,38.0207]},"properties":{"s":25.9,"pub":true}},{"type":"Feature","geometry":{"type":"Point","coordinates":[-106.7366,38.0265]},"properties":{"s":25.9,"pub":true}},{"type":"Feature","geometry":{"type":"Point","coordinates":[-106.7366,38.0323]},"properties":{"s":25.9,"pub":true}},{"type":"Feature","geometry":{"type":"Point","coordinates":[-106.7366,38.0381]},"properties":{"s":25.9,"pub":true}},{"type":"Feature","geometry":{"type":"Point","coordinates":[-106.7366,38.0439]},"properties":{"s":25.9,"pub":true}},{"type":"Feature","geometry":{"type":"Point","coordinates":[-106.7366,38.0497]},"properties":{"s":25.9,"pub":true}},{"type":"Feature","geometry":{"type":"Point","coordinates":[-106.7366,38.0555]},"properties":{"s":25.9,"pub":true}},{"type":"Feature","geometry":{"type":"Point","coordinates":[-106.7366,38.0613]},"properties":{"s":25.9,"pub":true}},{"type":"Feature","geometry":{"type":"Point","coordinates":[-106.7366,38.0671]},"properties":{"s":25.9,"pub":true}},{"type":"Feature","geometry":{"type":"Point","coordinates":[-106.7366,38.0729]},"properties":{"s":25.9,"pub":true}},{"type":"Feature","geometry":{"type":"Point","coordinates":[-106.7366,38.0787]},"properties":{"s":25.9,"pub":true}},{"type":"Feature","geometry":{"type":"Point","coordinates":[-106.7366,38.0845]},"properties":{"s":25.9,"pub":true}},{"type":"Feature","geometry":{"type":"Point","coordinates":[-106.7366,38.0903]},"properties":{"s":55.6,"pub":true}},{"type":"Feature","geometry":{"type":"Point","coordinates":[-106.7291,37.8815]},"properties":{"s":22.2,"pub":true}},{"type":"Feature","geometry":{"type":"Point","coordinates":[-106.7291,37.8873]},"properties":{"s":22.2,"pub":true}},{"type":"Feature","geometry":{"type":"Point","coordinates":[-106.7291,37.8931]},"properties":{"s":22.2,"pub":true}},{"type":"Feature","geometry":{"type":"Point","coordinates":[-106.7291,37.8989]},"properties":{"s":22.2,"pub":true}},{"type":"Feature","geometry":{"type":"Point","coordinates":[-106.7291,37.9047]},"properties":{"s":66.7,"pub":true}},{"type":"Feature","geometry":{"type":"Point","coordinates":[-106.7291,37.9105]},"properties":{"s":66.7,"pub":true}},{"type":"Feature","geometry":{"type":"Point","coordinates":[-106.7291,37.9163]},"properties":{"s":66.7,"pub":true}},{"type":"Feature","geometry":{"type":"Point","coordinates":[-106.7291,37.9221]},"properties":{"s":66.7,"pub":true}},{"type":"Feature","geometry":{"type":"Point","coordinates":[-106.7291,37.9279]},"properties":{"s":66.7,"pub":true}},{"type":"Feature","geometry":{"type":"Point","coordinates":[-106.7291,37.9337]},"properties":{"s":66.7,"pub":true}},{"type":"Feature","geometry":{"type":"Point","coordinates":[-106.7291,37.9395]},"properties":{"s":66.7,"pub":true}},{"type":"Feature","geometry":{"type":"Point","coordinates":[-106.7291,37.9453]},"properties":{"s":66.7,"pub":true}},{"type":"Feature","geometry":{"type":"Point","coordinates":[-106.7291,37.9511]},"properties":{"s":66.7,"pub":true}},{"type":"Feature","geometry":{"type":"Point","coordinates":[-106.7291,37.9569]},"properties":{"s":66.7,"pub":true}},{"type":"Feature","geometry":{"type":"Point","coordinates":[-106.7291,37.9627]},"properties":{"s":66.7,"pub":true}},{"type":"Feature","geometry":{"type":"Point","coordinates":[-106.7291,37.9685]},"properties":{"s":66.7,"pub":true}},{"type":"Feature","geometry":{"type":"Point","coordinates":[-106.7291,37.9743]},"properties":{"s":66.7,"pub":true}},{"type":"Feature","geometry":{"type":"Point","coordinates":[-106.7291,37.9801]},"properties":{"s":22.2,"pub":true}},{"type":"Feature","geometry":{"type":"Point","coordinates":[-106.7291,37.9859]},"properties":{"s":25.9,"pub":true}},{"type":"Feature","geometry":{"type":"Point","coordinates":[-106.7291,37.9917]},"properties":{"s":25.9,"pub":true}},{"type":"Feature","geometry":{"type":"Point","coordinates":[-106.7291,37.9975]},"properties":{"s":25.9,"pub":true}},{"type":"Feature","geometry":{"type":"Point","coordinates":[-106.7291,38.0033]},"properties":{"s":25.9,"pub":true}},{"type":"Feature","geometry":{"type":"Point","coordinates":[-106.7291,38.0091]},"properties":{"s":25.9,"pub":true}},{"type":"Feature","geometry":{"type":"Point","coordinates":[-106.7291,38.0149]},"properties":{"s":25.9,"pub":true}},{"type":"Feature","geometry":{"type":"Point","coordinates":[-106.7291,38.0207]},"properties":{"s":25.9,"pub":true}},{"type":"Feature","geometry":{"type":"Point","coordinates":[-106.7291,38.0265]},"properties":{"s":25.9,"pub":true}},{"type":"Feature","geometry":{"type":"Point","coordinates":[-106.7291,38.0323]},"properties":{"s":25.9,"pub":true}},{"type":"Feature","geometry":{"type":"Point","coordinates":[-106.7291,38.0381]},"properties":{"s":25.9,"pub":true}},{"type":"Feature","geometry":{"type":"Point","coordinates":[-106.7291,38.0439]},"properties":{"s":25.9,"pub":true}},{"type":"Feature","geometry":{"type":"Point","coordinates":[-106.7291,38.0497]},"properties":{"s":25.9,"pub":true}},{"type":"Feature","geometry":{"type":"Point","coordinates":[-106.7291,38.0555]},"properties":{"s":25.9,"pub":true}},{"type":"Feature","geometry":{"type":"Point","coordinates":[-106.7291,38.0613]},"properties":{"s":25.9,"pub":true}},{"type":"Feature","geometry":{"type":"Point","coordinates":[-106.7291,38.0671]},"properties":{"s":25.9,"pub":true}},{"type":"Feature","geometry":{"type":"Point","coordinates":[-106.7291,38.0729]},"properties":{"s":25.9,"pub":true}},{"type":"Feature","geometry":{"type":"Point","coordinates":[-106.7291,38.0787]},"properties":{"s":25.9,"pub":true}},{"type":"Feature","geometry":{"type":"Point","coordinates":[-106.7291,38.0845]},"properties":{"s":25.9,"pub":true}},{"type":"Feature","geometry":{"type":"Point","coordinates":[-106.7216,37.8757]},"properties":{"s":22.2,"pub":true}},{"type":"Feature","geometry":{"type":"Point","coordinates":[-106.7216,37.8815]},"properties":{"s":22.2,"pub":true}},{"type":"Feature","geometry":{"type":"Point","coordinates":[-106.7216,37.8873]},"properties":{"s":22.2,"pub":true}},{"type":"Feature","geometry":{"type":"Point","coordinates":[-106.7216,37.8931]},"properties":{"s":22.2,"pub":true}},{"type":"Feature","geometry":{"type":"Point","coordinates":[-106.7216,37.8989]},"properties":{"s":22.2,"pub":true}},{"type":"Feature","geometry":{"type":"Point","coordinates":[-106.7216,37.9047]},"properties":{"s":66.7,"pub":true}},{"type":"Feature","geometry":{"type":"Point","coordinates":[-106.7216,37.9105]},"properties":{"s":66.7,"pub":true}},{"type":"Feature","geometry":{"type":"Point","coordinates":[-106.7216,37.9163]},"properties":{"s":66.7,"pub":true}},{"type":"Feature","geometry":{"type":"Point","coordinates":[-106.7216,37.9221]},"properties":{"s":66.7,"pub":true}},{"type":"Feature","geometry":{"type":"Point","coordinates":[-106.7216,37.9279]},"properties":{"s":66.7,"pub":true}},{"type":"Feature","geometry":{"type":"Point","coordinates":[-106.7216,37.9337]},"properties":{"s":66.7,"pub":true}},{"type":"Feature","geometry":{"type":"Point","coordinates":[-106.7216,37.9395]},"properties":{"s":66.7,"pub":true}},{"type":"Feature","geometry":{"type":"Point","coordinates":[-106.7216,37.9453]},"properties":{"s":66.7,"pub":true}},{"type":"Feature","geometry":{"type":"Point","coordinates":[-106.7216,37.9511]},"properties":{"s":66.7,"pub":true}},{"type":"Feature","geometry":{"type":"Point","coordinates":[-106.7216,37.9569]},"properties":{"s":66.7,"pub":true}},{"type":"Feature","geometry":{"type":"Point","coordinates":[-106.7216,37.9627]},"properties":{"s":66.7,"pub":true}},{"type":"Feature","geometry":{"type":"Point","coordinates":[-106.7216,37.9685]},"properties":{"s":66.7,"pub":true}},{"type":"Feature","geometry":{"type":"Point","coordinates":[-106.7216,37.9743]},"properties":{"s":66.7,"pub":true}},{"type":"Feature","geometry":{"type":"Point","coordinates":[-106.7216,37.9801]},"properties":{"s":66.7,"pub":true}},{"type":"Feature","geometry":{"type":"Point","coordinates":[-106.7216,37.9859]},"properties":{"s":25.9,"pub":true}},{"type":"Feature","geometry":{"type":"Point","coordinates":[-106.7216,37.9917]},"properties":{"s":25.9,"pub":true}},{"type":"Feature","geometry":{"type":"Point","coordinates":[-106.7216,37.9975]},"properties":{"s":25.9,"pub":true}},{"type":"Feature","geometry":{"type":"Point","coordinates":[-106.7216,38.0033]},"properties":{"s":25.9,"pub":true}},{"type":"Feature","geometry":{"type":"Point","coordinates":[-106.7216,38.0091]},"properties":{"s":25.9,"pub":true}},{"type":"Feature","geometry":{"type":"Point","coordinates":[-106.7216,38.0149]},"properties":{"s":25.9,"pub":true}},{"type":"Feature","geometry":{"type":"Point","coordinates":[-106.7216,38.0207]},"properties":{"s":25.9,"pub":true}},{"type":"Feature","geometry":{"type":"Point","coordinates":[-106.7216,38.0265]},"properties":{"s":25.9,"pub":true}},{"type":"Feature","geometry":{"type":"Point","coordinates":[-106.7216,38.0323]},"properties":{"s":25.9,"pub":true}},{"type":"Feature","geometry":{"type":"Point","coordinates":[-106.7216,38.0381]},"properties":{"s":25.9,"pub":true}},{"type":"Feature","geometry":{"type":"Point","coordinates":[-106.7216,38.0439]},"properties":{"s":25.9,"pub":true}},{"type":"Feature","geometry":{"type":"Point","coordinates":[-106.7216,38.0497]},"properties":{"s":25.9,"pub":true}},{"type":"Feature","geometry":{"type":"Point","coordinates":[-106.7216,38.0555]},"properties":{"s":25.9,"pub":true}},{"type":"Feature","geometry":{"type":"Point","coordinates":[-106.7216,38.0613]},"properties":{"s":25.9,"pub":true}},{"type":"Feature","geometry":{"type":"Point","coordinates":[-106.7216,38.0671]},"properties":{"s":25.9,"pub":true}},{"type":"Feature","geometry":{"type":"Point","coordinates":[-106.7216,38.0729]},"properties":{"s":25.9,"pub":true}},{"type":"Feature","geometry":{"type":"Point","coordinates":[-106.7216,38.0787]},"properties":{"s":25.9,"pub":true}},{"type":"Feature","geometry":{"type":"Point","coordinates":[-106.7216,38.0845]},"properties":{"s":55.6,"pub":true}},{"type":"Feature","geometry":{"type":"Point","coordinates":[-106.7216,38.0903]},"properties":{"s":70.4,"pub":true}},{"type":"Feature","geometry":{"type":"Point","coordinates":[-106.7141,37.8757]},"properties":{"s":22.2,"pub":true}},{"type":"Feature","geometry":{"type":"Point","coordinates":[-106.7141,37.8815]},"properties":{"s":22.2,"pub":true}},{"type":"Feature","geometry":{"type":"Point","coordinates":[-106.7141,37.8873]},"properties":{"s":22.2,"pub":true}},{"type":"Feature","geometry":{"type":"Point","coordinates":[-106.7141,37.8931]},"properties":{"s":66.7,"pub":true}},{"type":"Feature","geometry":{"type":"Point","coordinates":[-106.7141,37.8989]},"properties":{"s":22.2,"pub":true}},{"type":"Feature","geometry":{"type":"Point","coordinates":[-106.7141,37.9047]},"properties":{"s":66.7,"pub":true}},{"type":"Feature","geometry":{"type":"Point","coordinates":[-106.7141,37.9105]},"properties":{"s":66.7,"pub":true}},{"type":"Feature","geometry":{"type":"Point","coordinates":[-106.7141,37.9163]},"properties":{"s":66.7,"pub":true}},{"type":"Feature","geometry":{"type":"Point","coordinates":[-106.7141,37.9221]},"properties":{"s":66.7,"pub":true}},{"type":"Feature","geometry":{"type":"Point","coordinates":[-106.7141,37.9279]},"properties":{"s":66.7,"pub":true}},{"type":"Feature","geometry":{"type":"Point","coordinates":[-106.7141,37.9337]},"properties":{"s":66.7,"pub":true}},{"type":"Feature","geometry":{"type":"Point","coordinates":[-106.7141,37.9395]},"properties":{"s":66.7,"pub":true}},{"type":"Feature","geometry":{"type":"Point","coordinates":[-106.7141,37.9453]},"properties":{"s":66.7,"pub":true}},{"type":"Feature","geometry":{"type":"Point","coordinates":[-106.7141,37.9511]},"properties":{"s":66.7,"pub":true}},{"type":"Feature","geometry":{"type":"Point","coordinates":[-106.7141,37.9569]},"properties":{"s":66.7,"pub":true}},{"type":"Feature","geometry":{"type":"Point","coordinates":[-106.7141,37.9627]},"properties":{"s":66.7,"pub":true}},{"type":"Feature","geometry":{"type":"Point","coordinates":[-106.7141,37.9685]},"properties":{"s":66.7,"pub":true}},{"type":"Feature","geometry":{"type":"Point","coordinates":[-106.7141,37.9743]},"properties":{"s":66.7,"pub":true}},{"type":"Feature","geometry":{"type":"Point","coordinates":[-106.7141,37.9801]},"properties":{"s":25.9,"pub":true}},{"type":"Feature","geometry":{"type":"Point","coordinates":[-106.7141,37.9859]},"properties":{"s":25.9,"pub":true}},{"type":"Feature","geometry":{"type":"Point","coordinates":[-106.7141,37.9917]},"properties":{"s":25.9,"pub":true}},{"type":"Feature","geometry":{"type":"Point","coordinates":[-106.7141,37.9975]},"properties":{"s":25.9,"pub":true}},{"type":"Feature","geometry":{"type":"Point","coordinates":[-106.7141,38.0033]},"properties":{"s":25.9,"pub":true}},{"type":"Feature","geometry":{"type":"Point","coordinates":[-106.7141,38.0091]},"properties":{"s":25.9,"pub":true}},{"type":"Feature","geometry":{"type":"Point","coordinates":[-106.7141,38.0149]},"properties":{"s":25.9,"pub":true}},{"type":"Feature","geometry":{"type":"Point","coordinates":[-106.7141,38.0207]},"properties":{"s":25.9,"pub":true}},{"type":"Feature","geometry":{"type":"Point","coordinates":[-106.7141,38.0265]},"properties":{"s":25.9,"pub":true}},{"type":"Feature","geometry":{"type":"Point","coordinates":[-106.7141,38.0323]},"properties":{"s":25.9,"pub":true}},{"type":"Feature","geometry":{"type":"Point","coordinates":[-106.7141,38.0381]},"properties":{"s":25.9,"pub":true}},{"type":"Feature","geometry":{"type":"Point","coordinates":[-106.7141,38.0439]},"properties":{"s":25.9,"pub":true}},{"type":"Feature","geometry":{"type":"Point","coordinates":[-106.7141,38.0497]},"properties":{"s":25.9,"pub":true}},{"type":"Feature","geometry":{"type":"Point","coordinates":[-106.7141,38.0555]},"properties":{"s":25.9,"pub":true}},{"type":"Feature","geometry":{"type":"Point","coordinates":[-106.7141,38.0613]},"properties":{"s":25.9,"pub":true}},{"type":"Feature","geometry":{"type":"Point","coordinates":[-106.7141,38.0671]},"properties":{"s":25.9,"pub":true}},{"type":"Feature","geometry":{"type":"Point","coordinates":[-106.7141,38.0729]},"properties":{"s":25.9,"pub":true}},{"type":"Feature","geometry":{"type":"Point","coordinates":[-106.7141,38.0787]},"properties":{"s":25.9,"pub":true}},{"type":"Feature","geometry":{"type":"Point","coordinates":[-106.7141,38.0845]},"properties":{"s":25.9,"pub":true}},{"type":"Feature","geometry":{"type":"Point","coordinates":[-106.7066,37.8757]},"properties":{"s":22.2,"pub":true}},{"type":"Feature","geometry":{"type":"Point","coordinates":[-106.7066,37.8815]},"properties":{"s":22.2,"pub":true}},{"type":"Feature","geometry":{"type":"Point","coordinates":[-106.7066,37.8873]},"properties":{"s":22.2,"pub":true}},{"type":"Feature","geometry":{"type":"Point","coordinates":[-106.7066,37.8931]},"properties":{"s":66.7,"pub":true}},{"type":"Feature","geometry":{"type":"Point","coordinates":[-106.7066,37.8989]},"properties":{"s":66.7,"pub":true}},{"type":"Feature","geometry":{"type":"Point","coordinates":[-106.7066,37.9047]},"properties":{"s":66.7,"pub":true}},{"type":"Feature","geometry":{"type":"Point","coordinates":[-106.7066,37.9105]},"properties":{"s":66.7,"pub":true}},{"type":"Feature","geometry":{"type":"Point","coordinates":[-106.7066,37.9163]},"properties":{"s":66.7,"pub":true}},{"type":"Feature","geometry":{"type":"Point","coordinates":[-106.7066,37.9221]},"properties":{"s":66.7,"pub":true}},{"type":"Feature","geometry":{"type":"Point","coordinates":[-106.7066,37.9279]},"properties":{"s":66.7,"pub":true}},{"type":"Feature","geometry":{"type":"Point","coordinates":[-106.7066,37.9337]},"properties":{"s":66.7,"pub":true}},{"type":"Feature","geometry":{"type":"Point","coordinates":[-106.7066,37.9395]},"properties":{"s":66.7,"pub":true}},{"type":"Feature","geometry":{"type":"Point","coordinates":[-106.7066,37.9453]},"properties":{"s":66.7,"pub":true}},{"type":"Feature","geometry":{"type":"Point","coordinates":[-106.7066,37.9511]},"properties":{"s":22.2,"pub":true}},{"type":"Feature","geometry":{"type":"Point","coordinates":[-106.7066,37.9569]},"properties":{"s":22.2,"pub":true}},{"type":"Feature","geometry":{"type":"Point","coordinates":[-106.7066,37.9627]},"properties":{"s":22.2,"pub":true}},{"type":"Feature","geometry":{"type":"Point","coordinates":[-106.7066,37.9685]},"properties":{"s":22.2,"pub":true}},{"type":"Feature","geometry":{"type":"Point","coordinates":[-106.7066,37.9743]},"properties":{"s":22.2,"pub":true}},{"type":"Feature","geometry":{"type":"Point","coordinates":[-106.7066,37.9801]},"properties":{"s":25.9,"pub":true}},{"type":"Feature","geometry":{"type":"Point","coordinates":[-106.7066,37.9859]},"properties":{"s":25.9,"pub":true}},{"type":"Feature","geometry":{"type":"Point","coordinates":[-106.7066,37.9917]},"properties":{"s":25.9,"pub":true}},{"type":"Feature","geometry":{"type":"Point","coordinates":[-106.7066,37.9975]},"properties":{"s":25.9,"pub":true}},{"type":"Feature","geometry":{"type":"Point","coordinates":[-106.7066,38.0033]},"properties":{"s":25.9,"pub":true}},{"type":"Feature","geometry":{"type":"Point","coordinates":[-106.7066,38.0091]},"properties":{"s":25.9,"pub":true}},{"type":"Feature","geometry":{"type":"Point","coordinates":[-106.7066,38.0149]},"properties":{"s":25.9,"pub":true}},{"type":"Feature","geometry":{"type":"Point","coordinates":[-106.7066,38.0207]},"properties":{"s":25.9,"pub":true}},{"type":"Feature","geometry":{"type":"Point","coordinates":[-106.7066,38.0265]},"properties":{"s":25.9,"pub":true}},{"type":"Feature","geometry":{"type":"Point","coordinates":[-106.7066,38.0323]},"properties":{"s":25.9,"pub":true}},{"type":"Feature","geometry":{"type":"Point","coordinates":[-106.7066,38.0381]},"properties":{"s":25.9,"pub":true}},{"type":"Feature","geometry":{"type":"Point","coordinates":[-106.7066,38.0439]},"properties":{"s":25.9,"pub":true}},{"type":"Feature","geometry":{"type":"Point","coordinates":[-106.7066,38.0497]},"properties":{"s":25.9,"pub":true}},{"type":"Feature","geometry":{"type":"Point","coordinates":[-106.7066,38.0555]},"properties":{"s":25.9,"pub":true}},{"type":"Feature","geometry":{"type":"Point","coordinates":[-106.7066,38.0613]},"properties":{"s":25.9,"pub":true}},{"type":"Feature","geometry":{"type":"Point","coordinates":[-106.7066,38.0671]},"properties":{"s":25.9,"pub":true}},{"type":"Feature","geometry":{"type":"Point","coordinates":[-106.7066,38.0729]},"properties":{"s":25.9,"pub":true}},{"type":"Feature","geometry":{"type":"Point","coordinates":[-106.7066,38.0787]},"properties":{"s":25.9,"pub":true}},{"type":"Feature","geometry":{"type":"Point","coordinates":[-106.6991,37.8815]},"properties":{"s":22.2,"pub":true}},{"type":"Feature","geometry":{"type":"Point","coordinates":[-106.6991,37.8873]},"properties":{"s":22.2,"pub":true}},{"type":"Feature","geometry":{"type":"Point","coordinates":[-106.6991,37.8931]},"properties":{"s":22.2,"pub":true}},{"type":"Feature","geometry":{"type":"Point","coordinates":[-106.6991,37.8989]},"properties":{"s":66.7,"pub":true}},{"type":"Feature","geometry":{"type":"Point","coordinates":[-106.6991,37.9047]},"properties":{"s":66.7,"pub":true}},{"type":"Feature","geometry":{"type":"Point","coordinates":[-106.6991,37.9105]},"properties":{"s":66.7,"pub":true}},{"type":"Feature","geometry":{"type":"Point","coordinates":[-106.6991,37.9163]},"properties":{"s":66.7,"pub":true}},{"type":"Feature","geometry":{"type":"Point","coordinates":[-106.6991,37.9221]},"properties":{"s":66.7,"pub":true}},{"type":"Feature","geometry":{"type":"Point","coordinates":[-106.6991,37.9279]},"properties":{"s":66.7,"pub":true}},{"type":"Feature","geometry":{"type":"Point","coordinates":[-106.6991,37.9337]},"properties":{"s":22.2,"pub":true}},{"type":"Feature","geometry":{"type":"Point","coordinates":[-106.6991,37.9395]},"properties":{"s":22.2,"pub":true}},{"type":"Feature","geometry":{"type":"Point","coordinates":[-106.6991,37.9453]},"properties":{"s":22.2,"pub":true}},{"type":"Feature","geometry":{"type":"Point","coordinates":[-106.6991,37.9511]},"properties":{"s":25.9,"pub":true}},{"type":"Feature","geometry":{"type":"Point","coordinates":[-106.6991,37.9569]},"properties":{"s":25.9,"pub":true}},{"type":"Feature","geometry":{"type":"Point","coordinates":[-106.6991,37.9627]},"properties":{"s":25.9,"pub":true}},{"type":"Feature","geometry":{"type":"Point","coordinates":[-106.6991,37.9685]},"properties":{"s":25.9,"pub":true}},{"type":"Feature","geometry":{"type":"Point","coordinates":[-106.6991,37.9743]},"properties":{"s":25.9,"pub":true}},{"type":"Feature","geometry":{"type":"Point","coordinates":[-106.6991,37.9801]},"properties":{"s":25.9,"pub":true}},{"type":"Feature","geometry":{"type":"Point","coordinates":[-106.6991,37.9859]},"properties":{"s":25.9,"pub":true}},{"type":"Feature","geometry":{"type":"Point","coordinates":[-106.6991,37.9917]},"properties":{"s":25.9,"pub":true}},{"type":"Feature","geometry":{"type":"Point","coordinates":[-106.6991,37.9975]},"properties":{"s":25.9,"pub":true}},{"type":"Feature","geometry":{"type":"Point","coordinates":[-106.6991,38.0033]},"properties":{"s":25.9,"pub":true}},{"type":"Feature","geometry":{"type":"Point","coordinates":[-106.6991,38.0091]},"properties":{"s":25.9,"pub":true}},{"type":"Feature","geometry":{"type":"Point","coordinates":[-106.6991,38.0149]},"properties":{"s":25.9,"pub":true}},{"type":"Feature","geometry":{"type":"Point","coordinates":[-106.6991,38.0207]},"properties":{"s":25.9,"pub":true}},{"type":"Feature","geometry":{"type":"Point","coordinates":[-106.6991,38.0265]},"properties":{"s":25.9,"pub":true}},{"type":"Feature","geometry":{"type":"Point","coordinates":[-106.6991,38.0323]},"properties":{"s":25.9,"pub":true}},{"type":"Feature","geometry":{"type":"Point","coordinates":[-106.6991,38.0381]},"properties":{"s":25.9,"pub":true}},{"type":"Feature","geometry":{"type":"Point","coordinates":[-106.6991,38.0439]},"properties":{"s":25.9,"pub":true}},{"type":"Feature","geometry":{"type":"Point","coordinates":[-106.6991,38.0497]},"properties":{"s":25.9,"pub":true}},{"type":"Feature","geometry":{"type":"Point","coordinates":[-106.6991,38.0555]},"properties":{"s":25.9,"pub":true}},{"type":"Feature","geometry":{"type":"Point","coordinates":[-106.6991,38.0613]},"properties":{"s":25.9,"pub":true}},{"type":"Feature","geometry":{"type":"Point","coordinates":[-106.6991,38.0671]},"properties":{"s":25.9,"pub":true}},{"type":"Feature","geometry":{"type":"Point","coordinates":[-106.6991,38.0729]},"properties":{"s":25.9,"pub":true}},{"type":"Feature","geometry":{"type":"Point","coordinates":[-106.6991,38.0787]},"properties":{"s":25.9,"pub":true}},{"type":"Feature","geometry":{"type":"Point","coordinates":[-106.6916,37.8757]},"properties":{"s":22.2,"pub":true}},{"type":"Feature","geometry":{"type":"Point","coordinates":[-106.6916,37.8815]},"properties":{"s":22.2,"pub":true}},{"type":"Feature","geometry":{"type":"Point","coordinates":[-106.6916,37.8873]},"properties":{"s":22.2,"pub":true}},{"type":"Feature","geometry":{"type":"Point","coordinates":[-106.6916,37.8931]},"properties":{"s":22.2,"pub":true}},{"type":"Feature","geometry":{"type":"Point","coordinates":[-106.6916,37.8989]},"properties":{"s":22.2,"pub":true}},{"type":"Feature","geometry":{"type":"Point","coordinates":[-106.6916,37.9047]},"properties":{"s":22.2,"pub":true}},{"type":"Feature","geometry":{"type":"Point","coordinates":[-106.6916,37.9105]},"properties":{"s":66.7,"pub":true}},{"type":"Feature","geometry":{"type":"Point","coordinates":[-106.6916,37.9163]},"properties":{"s":66.7,"pub":true}},{"type":"Feature","geometry":{"type":"Point","coordinates":[-106.6916,37.9221]},"properties":{"s":66.7,"pub":true}},{"type":"Feature","geometry":{"type":"Point","coordinates":[-106.6916,37.9279]},"properties":{"s":66.7,"pub":true}},{"type":"Feature","geometry":{"type":"Point","coordinates":[-106.6916,37.9337]},"properties":{"s":22.2,"pub":true}},{"type":"Feature","geometry":{"type":"Point","coordinates":[-106.6916,37.9395]},"properties":{"s":22.2,"pub":true}},{"type":"Feature","geometry":{"type":"Point","coordinates":[-106.6916,37.9453]},"properties":{"s":51.9,"pub":true}},{"type":"Feature","geometry":{"type":"Point","coordinates":[-106.6916,37.9511]},"properties":{"s":55.6,"pub":true}},{"type":"Feature","geometry":{"type":"Point","coordinates":[-106.6916,37.9569]},"properties":{"s":55.6,"pub":true}},{"type":"Feature","geometry":{"type":"Point","coordinates":[-106.6916,37.9627]},"properties":{"s":55.6,"pub":true}},{"type":"Feature","geometry":{"type":"Point","coordinates":[-106.6916,37.9685]},"properties":{"s":25.9,"pub":true}},{"type":"Feature","geometry":{"type":"Point","coordinates":[-106.6916,37.9743]},"properties":{"s":25.9,"pub":true}},{"type":"Feature","geometry":{"type":"Point","coordinates":[-106.6916,37.9801]},"properties":{"s":25.9,"pub":true}},{"type":"Feature","geometry":{"type":"Point","coordinates":[-106.6916,37.9859]},"properties":{"s":25.9,"pub":true}},{"type":"Feature","geometry":{"type":"Point","coordinates":[-106.6916,37.9917]},"properties":{"s":25.9,"pub":true}},{"type":"Feature","geometry":{"type":"Point","coordinates":[-106.6916,37.9975]},"properties":{"s":25.9,"pub":true}},{"type":"Feature","geometry":{"type":"Point","coordinates":[-106.6916,38.0033]},"properties":{"s":25.9,"pub":true}},{"type":"Feature","geometry":{"type":"Point","coordinates":[-106.6916,38.0091]},"properties":{"s":25.9,"pub":true}},{"type":"Feature","geometry":{"type":"Point","coordinates":[-106.6916,38.0149]},"properties":{"s":25.9,"pub":true}},{"type":"Feature","geometry":{"type":"Point","coordinates":[-106.6916,38.0207]},"properties":{"s":25.9,"pub":true}},{"type":"Feature","geometry":{"type":"Point","coordinates":[-106.6916,38.0265]},"properties":{"s":25.9,"pub":true}},{"type":"Feature","geometry":{"type":"Point","coordinates":[-106.6916,38.0323]},"properties":{"s":25.9,"pub":true}},{"type":"Feature","geometry":{"type":"Point","coordinates":[-106.6916,38.0381]},"properties":{"s":25.9,"pub":true}},{"type":"Feature","geometry":{"type":"Point","coordinates":[-106.6916,38.0439]},"properties":{"s":25.9,"pub":true}},{"type":"Feature","geometry":{"type":"Point","coordinates":[-106.6916,38.0497]},"properties":{"s":25.9,"pub":true}},{"type":"Feature","geometry":{"type":"Point","coordinates":[-106.6916,38.0555]},"properties":{"s":25.9,"pub":true}},{"type":"Feature","geometry":{"type":"Point","coordinates":[-106.6916,38.0613]},"properties":{"s":25.9,"pub":true}},{"type":"Feature","geometry":{"type":"Point","coordinates":[-106.6916,38.0671]},"properties":{"s":25.9,"pub":true}},{"type":"Feature","geometry":{"type":"Point","coordinates":[-106.6916,38.0729]},"properties":{"s":25.9,"pub":true}},{"type":"Feature","geometry":{"type":"Point","coordinates":[-106.6916,38.0787]},"properties":{"s":25.9,"pub":true}},{"type":"Feature","geometry":{"type":"Point","coordinates":[-106.6841,37.8699]},"properties":{"s":22.2,"pub":true}},{"type":"Feature","geometry":{"type":"Point","coordinates":[-106.6841,37.8757]},"properties":{"s":22.2,"pub":true}},{"type":"Feature","geometry":{"type":"Point","coordinates":[-106.6841,37.8815]},"properties":{"s":22.2,"pub":true}},{"type":"Feature","geometry":{"type":"Point","coordinates":[-106.6841,37.8873]},"properties":{"s":22.2,"pub":true}},{"type":"Feature","geometry":{"type":"Point","coordinates":[-106.6841,37.8931]},"properties":{"s":22.2,"pub":true}},{"type":"Feature","geometry":{"type":"Point","coordinates":[-106.6841,37.8989]},"properties":{"s":22.2,"pub":true}},{"type":"Feature","geometry":{"type":"Point","coordinates":[-106.6841,37.9047]},"properties":{"s":22.2,"pub":true}},{"type":"Feature","geometry":{"type":"Point","coordinates":[-106.6841,37.9105]},"properties":{"s":66.7,"pub":true}},{"type":"Feature","geometry":{"type":"Point","coordinates":[-106.6841,37.9163]},"properties":{"s":66.7,"pub":true}},{"type":"Feature","geometry":{"type":"Point","coordinates":[-106.6841,37.9221]},"properties":{"s":66.7,"pub":true}},{"type":"Feature","geometry":{"type":"Point","coordinates":[-106.6841,37.9279]},"properties":{"s":66.7,"pub":true}},{"type":"Feature","geometry":{"type":"Point","coordinates":[-106.6841,37.9337]},"properties":{"s":22.2,"pub":true}},{"type":"Feature","geometry":{"type":"Point","coordinates":[-106.6841,37.9395]},"properties":{"s":22.2,"pub":true}},{"type":"Feature","geometry":{"type":"Point","coordinates":[-106.6841,37.9453]},"properties":{"s":22.2,"pub":true}},{"type":"Feature","geometry":{"type":"Point","coordinates":[-106.6841,37.9511]},"properties":{"s":55.6,"pub":true}},{"type":"Feature","geometry":{"type":"Point","coordinates":[-106.6841,37.9569]},"properties":{"s":55.6,"pub":true}},{"type":"Feature","geometry":{"type":"Point","coordinates":[-106.6841,37.9627]},"properties":{"s":55.6,"pub":true}},{"type":"Feature","geometry":{"type":"Point","coordinates":[-106.6841,37.9685]},"properties":{"s":25.9,"pub":true}},{"type":"Feature","geometry":{"type":"Point","coordinates":[-106.6841,37.9743]},"properties":{"s":25.9,"pub":true}},{"type":"Feature","geometry":{"type":"Point","coordinates":[-106.6841,37.9801]},"properties":{"s":25.9,"pub":true}},{"type":"Feature","geometry":{"type":"Point","coordinates":[-106.6841,37.9859]},"properties":{"s":25.9,"pub":true}},{"type":"Feature","geometry":{"type":"Point","coordinates":[-106.6841,37.9917]},"properties":{"s":25.9,"pub":true}},{"type":"Feature","geometry":{"type":"Point","coordinates":[-106.6841,37.9975]},"properties":{"s":25.9,"pub":true}},{"type":"Feature","geometry":{"type":"Point","coordinates":[-106.6841,38.0033]},"properties":{"s":25.9,"pub":true}},{"type":"Feature","geometry":{"type":"Point","coordinates":[-106.6841,38.0091]},"properties":{"s":25.9,"pub":true}},{"type":"Feature","geometry":{"type":"Point","coordinates":[-106.6841,38.0149]},"properties":{"s":25.9,"pub":true}},{"type":"Feature","geometry":{"type":"Point","coordinates":[-106.6841,38.0207]},"properties":{"s":25.9,"pub":true}},{"type":"Feature","geometry":{"type":"Point","coordinates":[-106.6841,38.0265]},"properties":{"s":25.9,"pub":true}},{"type":"Feature","geometry":{"type":"Point","coordinates":[-106.6841,38.0323]},"properties":{"s":25.9,"pub":true}},{"type":"Feature","geometry":{"type":"Point","coordinates":[-106.6841,38.0381]},"properties":{"s":25.9,"pub":true}},{"type":"Feature","geometry":{"type":"Point","coordinates":[-106.6841,38.0439]},"properties":{"s":25.9,"pub":true}},{"type":"Feature","geometry":{"type":"Point","coordinates":[-106.6841,38.0497]},"properties":{"s":25.9,"pub":true}},{"type":"Feature","geometry":{"type":"Point","coordinates":[-106.6841,38.0555]},"properties":{"s":25.9,"pub":true}},{"type":"Feature","geometry":{"type":"Point","coordinates":[-106.6841,38.0613]},"properties":{"s":25.9,"pub":true}},{"type":"Feature","geometry":{"type":"Point","coordinates":[-106.6841,38.0671]},"properties":{"s":25.9,"pub":true}},{"type":"Feature","geometry":{"type":"Point","coordinates":[-106.6841,38.0729]},"properties":{"s":25.9,"pub":true}},{"type":"Feature","geometry":{"type":"Point","coordinates":[-106.6841,38.0787]},"properties":{"s":25.9,"pub":true}},{"type":"Feature","geometry":{"type":"Point","coordinates":[-106.6766,37.8583]},"properties":{"s":22.2,"pub":true}},{"type":"Feature","geometry":{"type":"Point","coordinates":[-106.6766,37.8641]},"properties":{"s":22.2,"pub":true}},{"type":"Feature","geometry":{"type":"Point","coordinates":[-106.6766,37.8699]},"properties":{"s":22.2,"pub":true}},{"type":"Feature","geometry":{"type":"Point","coordinates":[-106.6766,37.8757]},"properties":{"s":96.3,"pub":true}},{"type":"Feature","geometry":{"type":"Point","coordinates":[-106.6766,37.8815]},"properties":{"s":96.3,"pub":true}},{"type":"Feature","geometry":{"type":"Point","coordinates":[-106.6766,37.8873]},"properties":{"s":51.9,"pub":true}},{"type":"Feature","geometry":{"type":"Point","coordinates":[-106.6766,37.8931]},"properties":{"s":51.9,"pub":true}},{"type":"Feature","geometry":{"type":"Point","coordinates":[-106.6766,37.8989]},"properties":{"s":51.9,"pub":true}},{"type":"Feature","geometry":{"type":"Point","coordinates":[-106.6766,37.9047]},"properties":{"s":96.3,"pub":true}},{"type":"Feature","geometry":{"type":"Point","coordinates":[-106.6766,37.9105]},"properties":{"s":96.3,"pub":true}},{"type":"Feature","geometry":{"type":"Point","coordinates":[-106.6766,37.9163]},"properties":{"s":66.7,"pub":true}},{"type":"Feature","geometry":{"type":"Point","coordinates":[-106.6766,37.9221]},"properties":{"s":66.7,"pub":true}},{"type":"Feature","geometry":{"type":"Point","coordinates":[-106.6766,37.9279]},"properties":{"s":66.7,"pub":true}},{"type":"Feature","geometry":{"type":"Point","coordinates":[-106.6766,37.9337]},"properties":{"s":22.2,"pub":true}},{"type":"Feature","geometry":{"type":"Point","coordinates":[-106.6766,37.9395]},"properties":{"s":22.2,"pub":true}},{"type":"Feature","geometry":{"type":"Point","coordinates":[-106.6766,37.9453]},"properties":{"s":22.2,"pub":true}},{"type":"Feature","geometry":{"type":"Point","coordinates":[-106.6766,37.9511]},"properties":{"s":55.6,"pub":true}},{"type":"Feature","geometry":{"type":"Point","coordinates":[-106.6766,37.9569]},"properties":{"s":25.9,"pub":true}},{"type":"Feature","geometry":{"type":"Point","coordinates":[-106.6766,37.9627]},"properties":{"s":25.9,"pub":true}},{"type":"Feature","geometry":{"type":"Point","coordinates":[-106.6766,37.9685]},"properties":{"s":25.9,"pub":true}},{"type":"Feature","geometry":{"type":"Point","coordinates":[-106.6766,37.9743]},"properties":{"s":25.9,"pub":true}},{"type":"Feature","geometry":{"type":"Point","coordinates":[-106.6766,37.9801]},"properties":{"s":25.9,"pub":true}},{"type":"Feature","geometry":{"type":"Point","coordinates":[-106.6766,37.9859]},"properties":{"s":25.9,"pub":true}},{"type":"Feature","geometry":{"type":"Point","coordinates":[-106.6766,37.9917]},"properties":{"s":25.9,"pub":true}},{"type":"Feature","geometry":{"type":"Point","coordinates":[-106.6766,37.9975]},"properties":{"s":25.9,"pub":true}},{"type":"Feature","geometry":{"type":"Point","coordinates":[-106.6766,38.0033]},"properties":{"s":25.9,"pub":true}},{"type":"Feature","geometry":{"type":"Point","coordinates":[-106.6766,38.0091]},"properties":{"s":25.9,"pub":true}},{"type":"Feature","geometry":{"type":"Point","coordinates":[-106.6766,38.0149]},"properties":{"s":25.9,"pub":true}},{"type":"Feature","geometry":{"type":"Point","coordinates":[-106.6766,38.0207]},"properties":{"s":25.9,"pub":true}},{"type":"Feature","geometry":{"type":"Point","coordinates":[-106.6766,38.0265]},"properties":{"s":25.9,"pub":true}},{"type":"Feature","geometry":{"type":"Point","coordinates":[-106.6766,38.0323]},"properties":{"s":25.9,"pub":true}},{"type":"Feature","geometry":{"type":"Point","coordinates":[-106.6766,38.0381]},"properties":{"s":25.9,"pub":true}},{"type":"Feature","geometry":{"type":"Point","coordinates":[-106.6766,38.0439]},"properties":{"s":25.9,"pub":true}},{"type":"Feature","geometry":{"type":"Point","coordinates":[-106.6766,38.0497]},"properties":{"s":25.9,"pub":true}},{"type":"Feature","geometry":{"type":"Point","coordinates":[-106.6766,38.0555]},"properties":{"s":25.9,"pub":true}},{"type":"Feature","geometry":{"type":"Point","coordinates":[-106.6766,38.0613]},"properties":{"s":25.9,"pub":true}},{"type":"Feature","geometry":{"type":"Point","coordinates":[-106.6766,38.0671]},"properties":{"s":25.9,"pub":true}},{"type":"Feature","geometry":{"type":"Point","coordinates":[-106.6766,38.0729]},"properties":{"s":25.9,"pub":true}},{"type":"Feature","geometry":{"type":"Point","coordinates":[-106.6766,38.0787]},"properties":{"s":25.9,"pub":true}},{"type":"Feature","geometry":{"type":"Point","coordinates":[-106.6766,38.0845]},"properties":{"s":25.9,"pub":true}},{"type":"Feature","geometry":{"type":"Point","coordinates":[-106.6691,37.8641]},"properties":{"s":22.2,"pub":true}},{"type":"Feature","geometry":{"type":"Point","coordinates":[-106.6691,37.8699]},"properties":{"s":66.7,"pub":true}},{"type":"Feature","geometry":{"type":"Point","coordinates":[-106.6691,37.8757]},"properties":{"s":96.3,"pub":true}},{"type":"Feature","geometry":{"type":"Point","coordinates":[-106.6691,37.8815]},"properties":{"s":96.3,"pub":true}},{"type":"Feature","geometry":{"type":"Point","coordinates":[-106.6691,37.8873]},"properties":{"s":96.3,"pub":true}},{"type":"Feature","geometry":{"type":"Point","coordinates":[-106.6691,37.8931]},"properties":{"s":96.3,"pub":true}},{"type":"Feature","geometry":{"type":"Point","coordinates":[-106.6691,37.8989]},"properties":{"s":96.3,"pub":true}},{"type":"Feature","geometry":{"type":"Point","coordinates":[-106.6691,37.9047]},"properties":{"s":96.3,"pub":true}},{"type":"Feature","geometry":{"type":"Point","coordinates":[-106.6691,37.9105]},"properties":{"s":96.3,"pub":true}},{"type":"Feature","geometry":{"type":"Point","coordinates":[-106.6691,37.9163]},"properties":{"s":66.7,"pub":true}},{"type":"Feature","geometry":{"type":"Point","coordinates":[-106.6691,37.9221]},"properties":{"s":66.7,"pub":true}},{"type":"Feature","geometry":{"type":"Point","coordinates":[-106.6691,37.9279]},"properties":{"s":66.7,"pub":true}},{"type":"Feature","geometry":{"type":"Point","coordinates":[-106.6691,37.9337]},"properties":{"s":22.2,"pub":true}},{"type":"Feature","geometry":{"type":"Point","coordinates":[-106.6691,37.9395]},"properties":{"s":22.2,"pub":true}},{"type":"Feature","geometry":{"type":"Point","coordinates":[-106.6691,37.9453]},"properties":{"s":51.9,"pub":true}},{"type":"Feature","geometry":{"type":"Point","coordinates":[-106.6691,37.9511]},"properties":{"s":51.9,"pub":true}},{"type":"Feature","geometry":{"type":"Point","coordinates":[-106.6691,37.9569]},"properties":{"s":55.6,"pub":true}},{"type":"Feature","geometry":{"type":"Point","coordinates":[-106.6691,37.9627]},"properties":{"s":55.6,"pub":true}},{"type":"Feature","geometry":{"type":"Point","coordinates":[-106.6691,37.9685]},"properties":{"s":25.9,"pub":true}},{"type":"Feature","geometry":{"type":"Point","coordinates":[-106.6691,37.9743]},"properties":{"s":55.6,"pub":true}},{"type":"Feature","geometry":{"type":"Point","coordinates":[-106.6691,37.9801]},"properties":{"s":25.9,"pub":true}},{"type":"Feature","geometry":{"type":"Point","coordinates":[-106.6691,37.9859]},"properties":{"s":25.9,"pub":true}},{"type":"Feature","geometry":{"type":"Point","coordinates":[-106.6691,37.9917]},"properties":{"s":25.9,"pub":true}},{"type":"Feature","geometry":{"type":"Point","coordinates":[-106.6691,37.9975]},"properties":{"s":25.9,"pub":true}},{"type":"Feature","geometry":{"type":"Point","coordinates":[-106.6691,38.0033]},"properties":{"s":25.9,"pub":true}},{"type":"Feature","geometry":{"type":"Point","coordinates":[-106.6691,38.0091]},"properties":{"s":25.9,"pub":true}},{"type":"Feature","geometry":{"type":"Point","coordinates":[-106.6691,38.0149]},"properties":{"s":25.9,"pub":true}},{"type":"Feature","geometry":{"type":"Point","coordinates":[-106.6691,38.0207]},"properties":{"s":25.9,"pub":true}},{"type":"Feature","geometry":{"type":"Point","coordinates":[-106.6691,38.0265]},"properties":{"s":25.9,"pub":true}},{"type":"Feature","geometry":{"type":"Point","coordinates":[-106.6691,38.0323]},"properties":{"s":25.9,"pub":true}},{"type":"Feature","geometry":{"type":"Point","coordinates":[-106.6691,38.0381]},"properties":{"s":25.9,"pub":true}},{"type":"Feature","geometry":{"type":"Point","coordinates":[-106.6691,38.0439]},"properties":{"s":25.9,"pub":true}},{"type":"Feature","geometry":{"type":"Point","coordinates":[-106.6691,38.0497]},"properties":{"s":25.9,"pub":true}},{"type":"Feature","geometry":{"type":"Point","coordinates":[-106.6691,38.0555]},"properties":{"s":25.9,"pub":true}},{"type":"Feature","geometry":{"type":"Point","coordinates":[-106.6691,38.0613]},"properties":{"s":25.9,"pub":true}},{"type":"Feature","geometry":{"type":"Point","coordinates":[-106.6691,38.0671]},"properties":{"s":25.9,"pub":true}},{"type":"Feature","geometry":{"type":"Point","coordinates":[-106.6691,38.0729]},"properties":{"s":25.9,"pub":true}},{"type":"Feature","geometry":{"type":"Point","coordinates":[-106.6691,38.0787]},"properties":{"s":25.9,"pub":true}},{"type":"Feature","geometry":{"type":"Point","coordinates":[-106.6691,38.0845]},"properties":{"s":25.9,"pub":true}},{"type":"Feature","geometry":{"type":"Point","coordinates":[-106.6691,38.0903]},"properties":{"s":25.9,"pub":true}},{"type":"Feature","geometry":{"type":"Point","coordinates":[-106.6616,37.8757]},"properties":{"s":66.7,"pub":true}},{"type":"Feature","geometry":{"type":"Point","coordinates":[-106.6616,37.8815]},"properties":{"s":96.3,"pub":true}},{"type":"Feature","geometry":{"type":"Point","coordinates":[-106.6616,37.8873]},"properties":{"s":96.3,"pub":true}},{"type":"Feature","geometry":{"type":"Point","coordinates":[-106.6616,37.8931]},"properties":{"s":66.7,"pub":true}},{"type":"Feature","geometry":{"type":"Point","coordinates":[-106.6616,37.8989]},"properties":{"s":66.7,"pub":true}},{"type":"Feature","geometry":{"type":"Point","coordinates":[-106.6616,37.9047]},"properties":{"s":96.3,"pub":true}},{"type":"Feature","geometry":{"type":"Point","coordinates":[-106.6616,37.9105]},"properties":{"s":96.3,"pub":true}},{"type":"Feature","geometry":{"type":"Point","coordinates":[-106.6616,37.9163]},"properties":{"s":66.7,"pub":true}},{"type":"Feature","geometry":{"type":"Point","coordinates":[-106.6616,37.9221]},"properties":{"s":66.7,"pub":true}},{"type":"Feature","geometry":{"type":"Point","coordinates":[-106.6616,37.9279]},"properties":{"s":66.7,"pub":true}},{"type":"Feature","geometry":{"type":"Point","coordinates":[-106.6616,37.9337]},"properties":{"s":22.2,"pub":true}},{"type":"Feature","geometry":{"type":"Point","coordinates":[-106.6616,37.9395]},"properties":{"s":22.2,"pub":true}},{"type":"Feature","geometry":{"type":"Point","coordinates":[-106.6616,37.9453]},"properties":{"s":22.2,"pub":true}},{"type":"Feature","geometry":{"type":"Point","coordinates":[-106.6616,37.9511]},"properties":{"s":22.2,"pub":true}},{"type":"Feature","geometry":{"type":"Point","coordinates":[-106.6616,37.9569]},"properties":{"s":55.6,"pub":true}},{"type":"Feature","geometry":{"type":"Point","coordinates":[-106.6616,37.9627]},"properties":{"s":55.6,"pub":true}},{"type":"Feature","geometry":{"type":"Point","coordinates":[-106.6616,37.9685]},"properties":{"s":55.6,"pub":true}},{"type":"Feature","geometry":{"type":"Point","coordinates":[-106.6616,37.9743]},"properties":{"s":25.9,"pub":true}},{"type":"Feature","geometry":{"type":"Point","coordinates":[-106.6616,37.9801]},"properties":{"s":25.9,"pub":true}},{"type":"Feature","geometry":{"type":"Point","coordinates":[-106.6616,37.9859]},"properties":{"s":25.9,"pub":true}},{"type":"Feature","geometry":{"type":"Point","coordinates":[-106.6616,37.9917]},"properties":{"s":25.9,"pub":true}},{"type":"Feature","geometry":{"type":"Point","coordinates":[-106.6616,37.9975]},"properties":{"s":25.9,"pub":true}},{"type":"Feature","geometry":{"type":"Point","coordinates":[-106.6616,38.0033]},"properties":{"s":25.9,"pub":true}},{"type":"Feature","geometry":{"type":"Point","coordinates":[-106.6616,38.0091]},"properties":{"s":25.9,"pub":true}},{"type":"Feature","geometry":{"type":"Point","coordinates":[-106.6616,38.0149]},"properties":{"s":25.9,"pub":true}},{"type":"Feature","geometry":{"type":"Point","coordinates":[-106.6616,38.0207]},"properties":{"s":25.9,"pub":true}},{"type":"Feature","geometry":{"type":"Point","coordinates":[-106.6616,38.0265]},"properties":{"s":25.9,"pub":true}},{"type":"Feature","geometry":{"type":"Point","coordinates":[-106.6616,38.0323]},"properties":{"s":25.9,"pub":true}},{"type":"Feature","geometry":{"type":"Point","coordinates":[-106.6616,38.0381]},"properties":{"s":25.9,"pub":true}},{"type":"Feature","geometry":{"type":"Point","coordinates":[-106.6616,38.0439]},"properties":{"s":25.9,"pub":true}},{"type":"Feature","geometry":{"type":"Point","coordinates":[-106.6616,38.0497]},"properties":{"s":25.9,"pub":true}},{"type":"Feature","geometry":{"type":"Point","coordinates":[-106.6616,38.0555]},"properties":{"s":25.9,"pub":true}},{"type":"Feature","geometry":{"type":"Point","coordinates":[-106.6616,38.0613]},"properties":{"s":25.9,"pub":true}},{"type":"Feature","geometry":{"type":"Point","coordinates":[-106.6616,38.0671]},"properties":{"s":25.9,"pub":true}},{"type":"Feature","geometry":{"type":"Point","coordinates":[-106.6616,38.0729]},"properties":{"s":25.9,"pub":true}},{"type":"Feature","geometry":{"type":"Point","coordinates":[-106.6616,38.0787]},"properties":{"s":25.9,"pub":true}},{"type":"Feature","geometry":{"type":"Point","coordinates":[-106.6616,38.0845]},"properties":{"s":25.9,"pub":true}},{"type":"Feature","geometry":{"type":"Point","coordinates":[-106.6616,38.0903]},"properties":{"s":25.9,"pub":true}},{"type":"Feature","geometry":{"type":"Point","coordinates":[-106.6616,38.0961]},"properties":{"s":25.9,"pub":true}},{"type":"Feature","geometry":{"type":"Point","coordinates":[-106.6541,37.8815]},"properties":{"s":66.7,"pub":true}},{"type":"Feature","geometry":{"type":"Point","coordinates":[-106.6541,37.8873]},"properties":{"s":66.7,"pub":true}},{"type":"Feature","geometry":{"type":"Point","coordinates":[-106.6541,37.8931]},"properties":{"s":66.7,"pub":true}},{"type":"Feature","geometry":{"type":"Point","coordinates":[-106.6541,37.8989]},"properties":{"s":66.7,"pub":true}},{"type":"Feature","geometry":{"type":"Point","coordinates":[-106.6541,37.9047]},"properties":{"s":66.7,"pub":true}},{"type":"Feature","geometry":{"type":"Point","coordinates":[-106.6541,37.9105]},"properties":{"s":66.7,"pub":true}},{"type":"Feature","geometry":{"type":"Point","coordinates":[-106.6541,37.9163]},"properties":{"s":66.7,"pub":true}},{"type":"Feature","geometry":{"type":"Point","coordinates":[-106.6541,37.9221]},"properties":{"s":22.2,"pub":true}},{"type":"Feature","geometry":{"type":"Point","coordinates":[-106.6541,37.9279]},"properties":{"s":22.2,"pub":true}},{"type":"Feature","geometry":{"type":"Point","coordinates":[-106.6541,37.9337]},"properties":{"s":22.2,"pub":true}},{"type":"Feature","geometry":{"type":"Point","coordinates":[-106.6541,37.9395]},"properties":{"s":22.2,"pub":true}},{"type":"Feature","geometry":{"type":"Point","coordinates":[-106.6541,37.9453]},"properties":{"s":22.2,"pub":true}},{"type":"Feature","geometry":{"type":"Point","coordinates":[-106.6541,37.9511]},"properties":{"s":22.2,"pub":true}},{"type":"Feature","geometry":{"type":"Point","coordinates":[-106.6541,37.9569]},"properties":{"s":22.2,"pub":true}},{"type":"Feature","geometry":{"type":"Point","coordinates":[-106.6541,37.9627]},"properties":{"s":25.9,"pub":true}},{"type":"Feature","geometry":{"type":"Point","coordinates":[-106.6541,37.9685]},"properties":{"s":25.9,"pub":true}},{"type":"Feature","geometry":{"type":"Point","coordinates":[-106.6541,37.9743]},"properties":{"s":25.9,"pub":true}},{"type":"Feature","geometry":{"type":"Point","coordinates":[-106.6541,37.9801]},"properties":{"s":25.9,"pub":true}},{"type":"Feature","geometry":{"type":"Point","coordinates":[-106.6541,37.9859]},"properties":{"s":25.9,"pub":true}},{"type":"Feature","geometry":{"type":"Point","coordinates":[-106.6541,37.9917]},"properties":{"s":25.9,"pub":true}},{"type":"Feature","geometry":{"type":"Point","coordinates":[-106.6541,37.9975]},"properties":{"s":25.9,"pub":true}},{"type":"Feature","geometry":{"type":"Point","coordinates":[-106.6541,38.0033]},"properties":{"s":25.9,"pub":true}},{"type":"Feature","geometry":{"type":"Point","coordinates":[-106.6541,38.0091]},"properties":{"s":25.9,"pub":true}},{"type":"Feature","geometry":{"type":"Point","coordinates":[-106.6541,38.0149]},"properties":{"s":33.3,"pub":true}},{"type":"Feature","geometry":{"type":"Point","coordinates":[-106.6541,38.0207]},"properties":{"s":25.9,"pub":true}},{"type":"Feature","geometry":{"type":"Point","coordinates":[-106.6541,38.0265]},"properties":{"s":25.9,"pub":true}},{"type":"Feature","geometry":{"type":"Point","coordinates":[-106.6541,38.0323]},"properties":{"s":25.9,"pub":true}},{"type":"Feature","geometry":{"type":"Point","coordinates":[-106.6541,38.0381]},"properties":{"s":25.9,"pub":true}},{"type":"Feature","geometry":{"type":"Point","coordinates":[-106.6541,38.0439]},"properties":{"s":25.9,"pub":true}},{"type":"Feature","geometry":{"type":"Point","coordinates":[-106.6541,38.0497]},"properties":{"s":25.9,"pub":true}},{"type":"Feature","geometry":{"type":"Point","coordinates":[-106.6541,38.0555]},"properties":{"s":25.9,"pub":true}},{"type":"Feature","geometry":{"type":"Point","coordinates":[-106.6541,38.0613]},"properties":{"s":25.9,"pub":true}},{"type":"Feature","geometry":{"type":"Point","coordinates":[-106.6541,38.0671]},"properties":{"s":25.9,"pub":true}},{"type":"Feature","geometry":{"type":"Point","coordinates":[-106.6541,38.0729]},"properties":{"s":25.9,"pub":true}},{"type":"Feature","geometry":{"type":"Point","coordinates":[-106.6541,38.0787]},"properties":{"s":25.9,"pub":true}},{"type":"Feature","geometry":{"type":"Point","coordinates":[-106.6541,38.0845]},"properties":{"s":25.9,"pub":true}},{"type":"Feature","geometry":{"type":"Point","coordinates":[-106.6541,38.0903]},"properties":{"s":25.9,"pub":true}},{"type":"Feature","geometry":{"type":"Point","coordinates":[-106.6541,38.0961]},"properties":{"s":25.9,"pub":true}},{"type":"Feature","geometry":{"type":"Point","coordinates":[-106.6541,38.1019]},"properties":{"s":25.9,"pub":true}},{"type":"Feature","geometry":{"type":"Point","coordinates":[-106.6541,38.1077]},"properties":{"s":25.9,"pub":true}},{"type":"Feature","geometry":{"type":"Point","coordinates":[-106.6466,37.9047]},"properties":{"s":66.7,"pub":true}},{"type":"Feature","geometry":{"type":"Point","coordinates":[-106.6466,37.9105]},"properties":{"s":66.7,"pub":true}},{"type":"Feature","geometry":{"type":"Point","coordinates":[-106.6466,37.9163]},"properties":{"s":66.7,"pub":true}},{"type":"Feature","geometry":{"type":"Point","coordinates":[-106.6466,37.9221]},"properties":{"s":22.2,"pub":true}},{"type":"Feature","geometry":{"type":"Point","coordinates":[-106.6466,37.9279]},"properties":{"s":22.2,"pub":true}},{"type":"Feature","geometry":{"type":"Point","coordinates":[-106.6466,37.9337]},"properties":{"s":22.2,"pub":true}},{"type":"Feature","geometry":{"type":"Point","coordinates":[-106.6466,37.9395]},"properties":{"s":22.2,"pub":true}},{"type":"Feature","geometry":{"type":"Point","coordinates":[-106.6466,37.9453]},"properties":{"s":22.2,"pub":true}},{"type":"Feature","geometry":{"type":"Point","coordinates":[-106.6466,37.9511]},"properties":{"s":22.2,"pub":true}},{"type":"Feature","geometry":{"type":"Point","coordinates":[-106.6466,37.9569]},"properties":{"s":22.2,"pub":true}},{"type":"Feature","geometry":{"type":"Point","coordinates":[-106.6466,37.9627]},"properties":{"s":25.9,"pub":true}},{"type":"Feature","geometry":{"type":"Point","coordinates":[-106.6466,37.9685]},"properties":{"s":25.9,"pub":true}},{"type":"Feature","geometry":{"type":"Point","coordinates":[-106.6466,37.9743]},"properties":{"s":25.9,"pub":true}},{"type":"Feature","geometry":{"type":"Point","coordinates":[-106.6466,37.9801]},"properties":{"s":25.9,"pub":true}},{"type":"Feature","geometry":{"type":"Point","coordinates":[-106.6466,37.9859]},"properties":{"s":25.9,"pub":true}},{"type":"Feature","geometry":{"type":"Point","coordinates":[-106.6466,37.9917]},"properties":{"s":25.9,"pub":true}},{"type":"Feature","geometry":{"type":"Point","coordinates":[-106.6466,37.9975]},"properties":{"s":25.9,"pub":true}},{"type":"Feature","geometry":{"type":"Point","coordinates":[-106.6466,38.0033]},"properties":{"s":25.9,"pub":true}},{"type":"Feature","geometry":{"type":"Point","coordinates":[-106.6466,38.0091]},"properties":{"s":25.9,"pub":true}},{"type":"Feature","geometry":{"type":"Point","coordinates":[-106.6466,38.0149]},"properties":{"s":25.9,"pub":true}},{"type":"Feature","geometry":{"type":"Point","coordinates":[-106.6466,38.0207]},"properties":{"s":33.3,"pub":true}},{"type":"Feature","geometry":{"type":"Point","coordinates":[-106.6466,38.0265]},"properties":{"s":33.3,"pub":true}},{"type":"Feature","geometry":{"type":"Point","coordinates":[-106.6466,38.0323]},"properties":{"s":25.9,"pub":true}},{"type":"Feature","geometry":{"type":"Point","coordinates":[-106.6466,38.0381]},"properties":{"s":25.9,"pub":true}},{"type":"Feature","geometry":{"type":"Point","coordinates":[-106.6466,38.0439]},"properties":{"s":25.9,"pub":true}},{"type":"Feature","geometry":{"type":"Point","coordinates":[-106.6466,38.0497]},"properties":{"s":25.9,"pub":true}},{"type":"Feature","geometry":{"type":"Point","coordinates":[-106.6466,38.0555]},"properties":{"s":25.9,"pub":true}},{"type":"Feature","geometry":{"type":"Point","coordinates":[-106.6466,38.0613]},"properties":{"s":25.9,"pub":true}},{"type":"Feature","geometry":{"type":"Point","coordinates":[-106.6466,38.0671]},"properties":{"s":25.9,"pub":true}},{"type":"Feature","geometry":{"type":"Point","coordinates":[-106.6466,38.0729]},"properties":{"s":25.9,"pub":true}},{"type":"Feature","geometry":{"type":"Point","coordinates":[-106.6466,38.0787]},"properties":{"s":55.6,"pub":true}},{"type":"Feature","geometry":{"type":"Point","coordinates":[-106.6466,38.0845]},"properties":{"s":55.6,"pub":true}},{"type":"Feature","geometry":{"type":"Point","coordinates":[-106.6466,38.0903]},"properties":{"s":25.9,"pub":true}},{"type":"Feature","geometry":{"type":"Point","coordinates":[-106.6466,38.0961]},"properties":{"s":25.9,"pub":true}},{"type":"Feature","geometry":{"type":"Point","coordinates":[-106.6466,38.1019]},"properties":{"s":25.9,"pub":true}},{"type":"Feature","geometry":{"type":"Point","coordinates":[-106.6466,38.1077]},"properties":{"s":25.9,"pub":true}},{"type":"Feature","geometry":{"type":"Point","coordinates":[-106.6391,37.9047]},"properties":{"s":66.7,"pub":true}},{"type":"Feature","geometry":{"type":"Point","coordinates":[-106.6391,37.9105]},"properties":{"s":66.7,"pub":true}},{"type":"Feature","geometry":{"type":"Point","coordinates":[-106.6391,37.9163]},"properties":{"s":66.7,"pub":true}},{"type":"Feature","geometry":{"type":"Point","coordinates":[-106.6391,37.9221]},"properties":{"s":66.7,"pub":true}},{"type":"Feature","geometry":{"type":"Point","coordinates":[-106.6391,37.9279]},"properties":{"s":22.2,"pub":true}},{"type":"Feature","geometry":{"type":"Point","coordinates":[-106.6391,37.9337]},"properties":{"s":22.2,"pub":true}},{"type":"Feature","geometry":{"type":"Point","coordinates":[-106.6391,37.9395]},"properties":{"s":22.2,"pub":true}},{"type":"Feature","geometry":{"type":"Point","coordinates":[-106.6391,37.9453]},"properties":{"s":22.2,"pub":true}},{"type":"Feature","geometry":{"type":"Point","coordinates":[-106.6391,37.9511]},"properties":{"s":22.2,"pub":true}},{"type":"Feature","geometry":{"type":"Point","coordinates":[-106.6391,37.9569]},"properties":{"s":22.2,"pub":true}},{"type":"Feature","geometry":{"type":"Point","coordinates":[-106.6391,37.9627]},"properties":{"s":22.2,"pub":true}},{"type":"Feature","geometry":{"type":"Point","coordinates":[-106.6391,37.9685]},"properties":{"s":25.9,"pub":true}},{"type":"Feature","geometry":{"type":"Point","coordinates":[-106.6391,37.9743]},"properties":{"s":25.9,"pub":true}},{"type":"Feature","geometry":{"type":"Point","coordinates":[-106.6391,37.9801]},"properties":{"s":25.9,"pub":true}},{"type":"Feature","geometry":{"type":"Point","coordinates":[-106.6391,37.9859]},"properties":{"s":25.9,"pub":true}},{"type":"Feature","geometry":{"type":"Point","coordinates":[-106.6391,37.9917]},"properties":{"s":25.9,"pub":true}},{"type":"Feature","geometry":{"type":"Point","coordinates":[-106.6391,37.9975]},"properties":{"s":25.9,"pub":true}},{"type":"Feature","geometry":{"type":"Point","coordinates":[-106.6391,38.0033]},"properties":{"s":25.9,"pub":true}},{"type":"Feature","geometry":{"type":"Point","coordinates":[-106.6391,38.0091]},"properties":{"s":25.9,"pub":true}},{"type":"Feature","geometry":{"type":"Point","coordinates":[-106.6391,38.0149]},"properties":{"s":25.9,"pub":true}},{"type":"Feature","geometry":{"type":"Point","coordinates":[-106.6391,38.0207]},"properties":{"s":25.9,"pub":true}},{"type":"Feature","geometry":{"type":"Point","coordinates":[-106.6391,38.0265]},"properties":{"s":33.3,"pub":true}},{"type":"Feature","geometry":{"type":"Point","coordinates":[-106.6391,38.0323]},"properties":{"s":33.3,"pub":true}},{"type":"Feature","geometry":{"type":"Point","coordinates":[-106.6391,38.0381]},"properties":{"s":33.3,"pub":true}},{"type":"Feature","geometry":{"type":"Point","coordinates":[-106.6391,38.0439]},"properties":{"s":33.3,"pub":true}},{"type":"Feature","geometry":{"type":"Point","coordinates":[-106.6391,38.0497]},"properties":{"s":25.9,"pub":true}},{"type":"Feature","geometry":{"type":"Point","coordinates":[-106.6391,38.0555]},"properties":{"s":25.9,"pub":true}},{"type":"Feature","geometry":{"type":"Point","coordinates":[-106.6391,38.0613]},"properties":{"s":25.9,"pub":true}},{"type":"Feature","geometry":{"type":"Point","coordinates":[-106.6391,38.0671]},"properties":{"s":25.9,"pub":true}},{"type":"Feature","geometry":{"type":"Point","coordinates":[-106.6391,38.0729]},"properties":{"s":55.6,"pub":true}},{"type":"Feature","geometry":{"type":"Point","coordinates":[-106.6391,38.0787]},"properties":{"s":55.6,"pub":true}},{"type":"Feature","geometry":{"type":"Point","coordinates":[-106.6391,38.0845]},"properties":{"s":55.6,"pub":true}},{"type":"Feature","geometry":{"type":"Point","coordinates":[-106.6391,38.0903]},"properties":{"s":55.6,"pub":true}},{"type":"Feature","geometry":{"type":"Point","coordinates":[-106.6391,38.0961]},"properties":{"s":25.9,"pub":true}},{"type":"Feature","geometry":{"type":"Point","coordinates":[-106.6391,38.1019]},"properties":{"s":25.9,"pub":true}},{"type":"Feature","geometry":{"type":"Point","coordinates":[-106.6391,38.1077]},"properties":{"s":25.9,"pub":true}},{"type":"Feature","geometry":{"type":"Point","coordinates":[-106.6391,38.1135]},"properties":{"s":25.9,"pub":true}},{"type":"Feature","geometry":{"type":"Point","coordinates":[-106.6391,38.1193]},"properties":{"s":25.9,"pub":true}},{"type":"Feature","geometry":{"type":"Point","coordinates":[-106.6316,37.9105]},"properties":{"s":66.7,"pub":true}},{"type":"Feature","geometry":{"type":"Point","coordinates":[-106.6316,37.9163]},"properties":{"s":66.7,"pub":true}},{"type":"Feature","geometry":{"type":"Point","coordinates":[-106.6316,37.9221]},"properties":{"s":66.7,"pub":true}},{"type":"Feature","geometry":{"type":"Point","coordinates":[-106.6316,37.9279]},"properties":{"s":66.7,"pub":true}},{"type":"Feature","geometry":{"type":"Point","coordinates":[-106.6316,37.9337]},"properties":{"s":66.7,"pub":true}},{"type":"Feature","geometry":{"type":"Point","coordinates":[-106.6316,37.9395]},"properties":{"s":66.7,"pub":true}},{"type":"Feature","geometry":{"type":"Point","coordinates":[-106.6316,37.9453]},"properties":{"s":66.7,"pub":true}},{"type":"Feature","geometry":{"type":"Point","coordinates":[-106.6316,37.9511]},"properties":{"s":66.7,"pub":true}},{"type":"Feature","geometry":{"type":"Point","coordinates":[-106.6316,37.9569]},"properties":{"s":66.7,"pub":true}},{"type":"Feature","geometry":{"type":"Point","coordinates":[-106.6316,37.9627]},"properties":{"s":66.7,"pub":true}},{"type":"Feature","geometry":{"type":"Point","coordinates":[-106.6316,37.9685]},"properties":{"s":22.2,"pub":true}},{"type":"Feature","geometry":{"type":"Point","coordinates":[-106.6316,37.9743]},"properties":{"s":25.9,"pub":true}},{"type":"Feature","geometry":{"type":"Point","coordinates":[-106.6316,37.9801]},"properties":{"s":25.9,"pub":true}},{"type":"Feature","geometry":{"type":"Point","coordinates":[-106.6316,37.9859]},"properties":{"s":25.9,"pub":true}},{"type":"Feature","geometry":{"type":"Point","coordinates":[-106.6316,37.9917]},"properties":{"s":25.9,"pub":true}},{"type":"Feature","geometry":{"type":"Point","coordinates":[-106.6316,37.9975]},"properties":{"s":25.9,"pub":true}},{"type":"Feature","geometry":{"type":"Point","coordinates":[-106.6316,38.0033]},"properties":{"s":25.9,"pub":true}},{"type":"Feature","geometry":{"type":"Point","coordinates":[-106.6316,38.0091]},"properties":{"s":25.9,"pub":true}},{"type":"Feature","geometry":{"type":"Point","coordinates":[-106.6316,38.0149]},"properties":{"s":25.9,"pub":true}},{"type":"Feature","geometry":{"type":"Point","coordinates":[-106.6316,38.0207]},"properties":{"s":25.9,"pub":true}},{"type":"Feature","geometry":{"type":"Point","coordinates":[-106.6316,38.0265]},"properties":{"s":25.9,"pub":true}},{"type":"Feature","geometry":{"type":"Point","coordinates":[-106.6316,38.0323]},"properties":{"s":25.9,"pub":true}},{"type":"Feature","geometry":{"type":"Point","coordinates":[-106.6316,38.0381]},"properties":{"s":33.3,"pub":true}},{"type":"Feature","geometry":{"type":"Point","coordinates":[-106.6316,38.0439]},"properties":{"s":33.3,"pub":true}},{"type":"Feature","geometry":{"type":"Point","coordinates":[-106.6316,38.0497]},"properties":{"s":33.3,"pub":true}},{"type":"Feature","geometry":{"type":"Point","coordinates":[-106.6316,38.0555]},"properties":{"s":25.9,"pub":true}},{"type":"Feature","geometry":{"type":"Point","coordinates":[-106.6316,38.0613]},"properties":{"s":25.9,"pub":true}},{"type":"Feature","geometry":{"type":"Point","coordinates":[-106.6316,38.0671]},"properties":{"s":25.9,"pub":true}},{"type":"Feature","geometry":{"type":"Point","coordinates":[-106.6316,38.0729]},"properties":{"s":55.6,"pub":true}},{"type":"Feature","geometry":{"type":"Point","coordinates":[-106.6316,38.0787]},"properties":{"s":55.6,"pub":true}},{"type":"Feature","geometry":{"type":"Point","coordinates":[-106.6316,38.0845]},"properties":{"s":55.6,"pub":true}},{"type":"Feature","geometry":{"type":"Point","coordinates":[-106.6316,38.0903]},"properties":{"s":55.6,"pub":true}},{"type":"Feature","geometry":{"type":"Point","coordinates":[-106.6316,38.0961]},"properties":{"s":55.6,"pub":true}},{"type":"Feature","geometry":{"type":"Point","coordinates":[-106.6316,38.1019]},"properties":{"s":25.9,"pub":true}},{"type":"Feature","geometry":{"type":"Point","coordinates":[-106.6316,38.1077]},"properties":{"s":25.9,"pub":true}},{"type":"Feature","geometry":{"type":"Point","coordinates":[-106.6316,38.1135]},"properties":{"s":25.9,"pub":true}},{"type":"Feature","geometry":{"type":"Point","coordinates":[-106.6316,38.1193]},"properties":{"s":25.9,"pub":true}},{"type":"Feature","geometry":{"type":"Point","coordinates":[-106.6316,38.1251]},"properties":{"s":25.9,"pub":true}},{"type":"Feature","geometry":{"type":"Point","coordinates":[-106.6241,37.9163]},"properties":{"s":66.7,"pub":true}},{"type":"Feature","geometry":{"type":"Point","coordinates":[-106.6241,37.9221]},"properties":{"s":66.7,"pub":true}},{"type":"Feature","geometry":{"type":"Point","coordinates":[-106.6241,37.9279]},"properties":{"s":66.7,"pub":true}},{"type":"Feature","geometry":{"type":"Point","coordinates":[-106.6241,37.9337]},"properties":{"s":66.7,"pub":true}},{"type":"Feature","geometry":{"type":"Point","coordinates":[-106.6241,37.9395]},"properties":{"s":66.7,"pub":true}},{"type":"Feature","geometry":{"type":"Point","coordinates":[-106.6241,37.9453]},"properties":{"s":66.7,"pub":true}},{"type":"Feature","geometry":{"type":"Point","coordinates":[-106.6241,37.9511]},"properties":{"s":66.7,"pub":true}},{"type":"Feature","geometry":{"type":"Point","coordinates":[-106.6241,37.9569]},"properties":{"s":66.7,"pub":true}},{"type":"Feature","geometry":{"type":"Point","coordinates":[-106.6241,37.9627]},"properties":{"s":66.7,"pub":true}},{"type":"Feature","geometry":{"type":"Point","coordinates":[-106.6241,37.9685]},"properties":{"s":22.2,"pub":true}},{"type":"Feature","geometry":{"type":"Point","coordinates":[-106.6241,37.9743]},"properties":{"s":22.2,"pub":true}},{"type":"Feature","geometry":{"type":"Point","coordinates":[-106.6241,37.9801]},"properties":{"s":22.2,"pub":true}},{"type":"Feature","geometry":{"type":"Point","coordinates":[-106.6241,37.9859]},"properties":{"s":25.9,"pub":true}},{"type":"Feature","geometry":{"type":"Point","coordinates":[-106.6241,37.9917]},"properties":{"s":25.9,"pub":true}},{"type":"Feature","geometry":{"type":"Point","coordinates":[-106.6241,37.9975]},"properties":{"s":25.9,"pub":true}},{"type":"Feature","geometry":{"type":"Point","coordinates":[-106.6241,38.0033]},"properties":{"s":25.9,"pub":true}},{"type":"Feature","geometry":{"type":"Point","coordinates":[-106.6241,38.0091]},"properties":{"s":25.9,"pub":true}},{"type":"Feature","geometry":{"type":"Point","coordinates":[-106.6241,38.0149]},"properties":{"s":25.9,"pub":true}},{"type":"Feature","geometry":{"type":"Point","coordinates":[-106.6241,38.0207]},"properties":{"s":25.9,"pub":true}},{"type":"Feature","geometry":{"type":"Point","coordinates":[-106.6241,38.0265]},"properties":{"s":25.9,"pub":true}},{"type":"Feature","geometry":{"type":"Point","coordinates":[-106.6241,38.0323]},"properties":{"s":55.6,"pub":true}},{"type":"Feature","geometry":{"type":"Point","coordinates":[-106.6241,38.0381]},"properties":{"s":25.9,"pub":true}},{"type":"Feature","geometry":{"type":"Point","coordinates":[-106.6241,38.0439]},"properties":{"s":33.3,"pub":true}},{"type":"Feature","geometry":{"type":"Point","coordinates":[-106.6241,38.0497]},"properties":{"s":33.3,"pub":true}},{"type":"Feature","geometry":{"type":"Point","coordinates":[-106.6241,38.0555]},"properties":{"s":25.9,"pub":true}},{"type":"Feature","geometry":{"type":"Point","coordinates":[-106.6241,38.0613]},"properties":{"s":25.9,"pub":true}},{"type":"Feature","geometry":{"type":"Point","coordinates":[-106.6241,38.0671]},"properties":{"s":25.9,"pub":true}},{"type":"Feature","geometry":{"type":"Point","coordinates":[-106.6241,38.0729]},"properties":{"s":25.9,"pub":true}},{"type":"Feature","geometry":{"type":"Point","coordinates":[-106.6241,38.0787]},"properties":{"s":55.6,"pub":true}},{"type":"Feature","geometry":{"type":"Point","coordinates":[-106.6241,38.0845]},"properties":{"s":55.6,"pub":true}},{"type":"Feature","geometry":{"type":"Point","coordinates":[-106.6241,38.0903]},"properties":{"s":55.6,"pub":true}},{"type":"Feature","geometry":{"type":"Point","coordinates":[-106.6241,38.0961]},"properties":{"s":25.9,"pub":true}},{"type":"Feature","geometry":{"type":"Point","coordinates":[-106.6241,38.1019]},"properties":{"s":25.9,"pub":true}},{"type":"Feature","geometry":{"type":"Point","coordinates":[-106.6241,38.1077]},"properties":{"s":25.9,"pub":true}},{"type":"Feature","geometry":{"type":"Point","coordinates":[-106.6241,38.1135]},"properties":{"s":25.9,"pub":true}},{"type":"Feature","geometry":{"type":"Point","coordinates":[-106.6241,38.1193]},"properties":{"s":25.9,"pub":true}}]}