{"type":"FeatureCollection","features":[{"type":"Feature","geometry":{"type":"Point","coordinates":[-106.14,37.9276]},"properties":{"s":100.0,"pub":true}},{"type":"Feature","geometry":{"type":"Point","coordinates":[-106.14,37.9334]},"properties":{"s":100.0,"pub":true}},{"type":"Feature","geometry":{"type":"Point","coordinates":[-106.14,37.9392]},"properties":{"s":100.0,"pub":true}},{"type":"Feature","geometry":{"type":"Point","coordinates":[-106.1325,37.9044]},"properties":{"s":100.0,"pub":false}},{"type":"Feature","geometry":{"type":"Point","coordinates":[-106.1325,37.9102]},"properties":{"s":100.0,"pub":false}},{"type":"Feature","geometry":{"type":"Point","coordinates":[-106.1325,37.916]},"properties":{"s":100.0,"pub":false}},{"type":"Feature","geometry":{"type":"Point","coordinates":[-106.1325,37.9218]},"properties":{"s":100.0,"pub":false}},{"type":"Feature","geometry":{"type":"Point","coordinates":[-106.1325,37.9276]},"properties":{"s":100.0,"pub":false}},{"type":"Feature","geometry":{"type":"Point","coordinates":[-106.1325,37.9334]},"properties":{"s":100.0,"pub":true}},{"type":"Feature","geometry":{"type":"Point","coordinates":[-106.1325,37.9392]},"properties":{"s":100.0,"pub":true}},{"type":"Feature","geometry":{"type":"Point","coordinates":[-106.1325,37.945]},"properties":{"s":100.0,"pub":true}},{"type":"Feature","geometry":{"type":"Point","coordinates":[-106.1325,37.9508]},"properties":{"s":100.0,"pub":true}},{"type":"Feature","geometry":{"type":"Point","coordinates":[-106.1325,37.9566]},"properties":{"s":100.0,"pub":true}},{"type":"Feature","geometry":{"type":"Point","coordinates":[-106.1325,37.9624]},"properties":{"s":100.0,"pub":false}},{"type":"Feature","geometry":{"type":"Point","coordinates":[-106.125,37.8754]},"properties":{"s":100.0,"pub":false}},{"type":"Feature","geometry":{"type":"Point","coordinates":[-106.125,37.8812]},"properties":{"s":100.0,"pub":false}},{"type":"Feature","geometry":{"type":"Point","coordinates":[-106.125,37.887]},"properties":{"s":100.0,"pub":false}},{"type":"Feature","geometry":{"type":"Point","coordinates":[-106.125,37.8928]},"properties":{"s":100.0,"pub":false}},{"type":"Feature","geometry":{"type":"Point","coordinates":[-106.125,37.8986]},"properties":{"s":100.0,"pub":false}},{"type":"Feature","geometry":{"type":"Point","coordinates":[-106.125,37.9044]},"properties":{"s":100.0,"pub":false}},{"type":"Feature","geometry":{"type":"Point","coordinates":[-106.125,37.9102]},"properties":{"s":100.0,"pub":false}},{"type":"Feature","geometry":{"type":"Point","coordinates":[-106.125,37.916]},"properties":{"s":100.0,"pub":false}},{"type":"Feature","geometry":{"type":"Point","coordinates":[-106.125,37.9218]},"properties":{"s":100.0,"pub":false}},{"type":"Feature","geometry":{"type":"Point","coordinates":[-106.125,37.9276]},"properties":{"s":100.0,"pub":false}},{"type":"Feature","geometry":{"type":"Point","coordinates":[-106.125,37.9334]},"properties":{"s":100.0,"pub":false}},{"type":"Feature","geometry":{"type":"Point","coordinates":[-106.125,37.9392]},"properties":{"s":100.0,"pub":true}},{"type":"Feature","geometry":{"type":"Point","coordinates":[-106.125,37.945]},"properties":{"s":100.0,"pub":true}},{"type":"Feature","geometry":{"type":"Point","coordinates":[-106.125,37.9508]},"properties":{"s":100.0,"pub":true}},{"type":"Feature","geometry":{"type":"Point","coordinates":[-106.125,37.9566]},"properties":{"s":100.0,"pub":true}},{"type":"Feature","geometry":{"type":"Point","coordinates":[-106.125,37.9624]},"properties":{"s":100.0,"pub":true}},{"type":"Feature","geometry":{"type":"Point","coordinates":[-106.125,37.9682]},"properties":{"s":100.0,"pub":false}},{"type":"Feature","geometry":{"type":"Point","coordinates":[-106.125,37.974]},"properties":{"s":100.0,"pub":false}},{"type":"Feature","geometry":{"type":"Point","coordinates":[-106.1175,37.8638]},"properties":{"s":100.0,"pub":false}},{"type":"Feature","geometry":{"type":"Point","coordinates":[-106.1175,37.8696]},"properties":{"s":100.0,"pub":false}},{"type":"Feature","geometry":{"type":"Point","coordinates":[-106.1175,37.8754]},"properties":{"s":100.0,"pub":false}},{"type":"Feature","geometry":{"type":"Point","coordinates":[-106.1175,37.8812]},"properties":{"s":100.0,"pub":false}},{"type":"Feature","geometry":{"type":"Point","coordinates":[-106.1175,37.887]},"properties":{"s":100.0,"pub":false}},{"type":"Feature","geometry":{"type":"Point","coordinates":[-106.1175,37.8928]},"properties":{"s":100.0,"pub":false}},{"type":"Feature","geometry":{"type":"Point","coordinates":[-106.1175,37.8986]},"properties":{"s":100.0,"pub":false}},{"type":"Feature","geometry":{"type":"Point","coordinates":[-106.1175,37.9044]},"properties":{"s":100.0,"pub":false}},{"type":"Feature","geometry":{"type":"Point","coordinates":[-106.1175,37.9102]},"properties":{"s":100.0,"pub":false}},{"type":"Feature","geometry":{"type":"Point","coordinates":[-106.1175,37.916]},"properties":{"s":100.0,"pub":false}},{"type":"Feature","geometry":{"type":"Point","coordinates":[-106.1175,37.9218]},"properties":{"s":100.0,"pub":false}},{"type":"Feature","geometry":{"type":"Point","coordinates":[-106.1175,37.9276]},"properties":{"s":100.0,"pub":false}},{"type":"Feature","geometry":{"type":"Point","coordinates":[-106.1175,37.9334]},"properties":{"s":100.0,"pub":false}},{"type":"Feature","geometry":{"type":"Point","coordinates":[-106.1175,37.9392]},"properties":{"s":100.0,"pub":true}},{"type":"Feature","geometry":{"type":"Point","coordinates":[-106.1175,37.945]},"properties":{"s":100.0,"pub":true}},{"type":"Feature","geometry":{"type":"Point","coordinates":[-106.1175,37.9508]},"properties":{"s":100.0,"pub":true}},{"type":"Feature","geometry":{"type":"Point","coordinates":[-106.1175,37.9566]},"properties":{"s":100.0,"pub":true}},{"type":"Feature","geometry":{"type":"Point","coordinates":[-106.1175,37.9624]},"properties":{"s":100.0,"pub":true}},{"type":"Feature","geometry":{"type":"Point","coordinates":[-106.1175,37.9682]},"properties":{"s":100.0,"pub":false}},{"type":"Feature","geometry":{"type":"Point","coordinates":[-106.1175,37.974]},"properties":{"s":100.0,"pub":false}},{"type":"Feature","geometry":{"type":"Point","coordinates":[-106.1175,37.9798]},"properties":{"s":100.0,"pub":false}},{"type":"Feature","geometry":{"type":"Point","coordinates":[-106.1175,37.9856]},"properties":{"s":100.0,"pub":false}},{"type":"Feature","geometry":{"type":"Point","coordinates":[-106.1175,37.9914]},"properties":{"s":100.0,"pub":false}},{"type":"Feature","geometry":{"type":"Point","coordinates":[-106.1175,37.9972]},"properties":{"s":69.2,"pub":false}},{"type":"Feature","geometry":{"type":"Point","coordinates":[-106.1175,38.003]},"properties":{"s":69.2,"pub":false}},{"type":"Feature","geometry":{"type":"Point","coordinates":[-106.1175,38.0088]},"properties":{"s":69.2,"pub":false}},{"type":"Feature","geometry":{"type":"Point","coordinates":[-106.1175,38.0146]},"properties":{"s":69.2,"pub":false}},{"type":"Feature","geometry":{"type":"Point","coordinates":[-106.1175,38.0204]},"properties":{"s":69.2,"pub":false}},{"type":"Feature","geometry":{"type":"Point","coordinates":[-106.1175,38.0262]},"properties":{"s":69.2,"pub":false}},{"type":"Feature","geometry":{"type":"Point","coordinates":[-106.1175,38.032]},"properties":{"s":69.2,"pub":false}},{"type":"Feature","geometry":{"type":"Point","coordinates":[-106.1175,38.0378]},"properties":{"s":69.2,"pub":false}},{"type":"Feature","geometry":{"type":"Point","coordinates":[-106.1175,38.0436]},"properties":{"s":69.2,"pub":false}},{"type":"Feature","geometry":{"type":"Point","coordinates":[-106.1175,38.0494]},"properties":{"s":69.2,"pub":false}},{"type":"Feature","geometry":{"type":"Point","coordinates":[-106.1175,38.0552]},"properties":{"s":69.2,"pub":false}},{"type":"Feature","geometry":{"type":"Point","coordinates":[-106.1175,38.061]},"properties":{"s":69.2,"pub":false}},{"type":"Feature","geometry":{"type":"Point","coordinates":[-106.11,37.8638]},"properties":{"s":100.0,"pub":false}},{"type":"Feature","geometry":{"type":"Point","coordinates":[-106.11,37.8696]},"properties":{"s":100.0,"pub":false}},{"type":"Feature","geometry":{"type":"Point","coordinates":[-106.11,37.8754]},"properties":{"s":100.0,"pub":false}},{"type":"Feature","geometry":{"type":"Point","coordinates":[-106.11,37.8812]},"properties":{"s":100.0,"pub":false}},{"type":"Feature","geometry":{"type":"Point","coordinates":[-106.11,37.887]},"properties":{"s":100.0,"pub":false}},{"type":"Feature","geometry":{"type":"Point","coordinates":[-106.11,37.8928]},"properties":{"s":100.0,"pub":false}},{"type":"Feature","geometry":{"type":"Point","coordinates":[-106.11,37.8986]},"properties":{"s":100.0,"pub":false}},{"type":"Feature","geometry":{"type":"Point","coordinates":[-106.11,37.9044]},"properties":{"s":100.0,"pub":false}},{"type":"Feature","geometry":{"type":"Point","coordinates":[-106.11,37.9102]},"properties":{"s":100.0,"pub":false}},{"type":"Feature","geometry":{"type":"Point","coordinates":[-106.11,37.916]},"properties":{"s":100.0,"pub":false}},{"type":"Feature","geometry":{"type":"Point","coordinates":[-106.11,37.9218]},"properties":{"s":100.0,"pub":false}},{"type":"Feature","geometry":{"type":"Point","coordinates":[-106.11,37.9276]},"properties":{"s":100.0,"pub":false}},{"type":"Feature","geometry":{"type":"Point","coordinates":[-106.11,37.9334]},"properties":{"s":100.0,"pub":false}},{"type":"Feature","geometry":{"type":"Point","coordinates":[-106.11,37.9392]},"properties":{"s":100.0,"pub":true}},{"type":"Feature","geometry":{"type":"Point","coordinates":[-106.11,37.945]},"properties":{"s":100.0,"pub":true}},{"type":"Feature","geometry":{"type":"Point","coordinates":[-106.11,37.9508]},"properties":{"s":100.0,"pub":true}},{"type":"Feature","geometry":{"type":"Point","coordinates":[-106.11,37.9566]},"properties":{"s":100.0,"pub":true}},{"type":"Feature","geometry":{"type":"Point","coordinates":[-106.11,37.9624]},"properties":{"s":100.0,"pub":true}},{"type":"Feature","geometry":{"type":"Point","coordinates":[-106.11,37.9682]},"properties":{"s":100.0,"pub":false}},{"type":"Feature","geometry":{"type":"Point","coordinates":[-106.11,37.974]},"properties":{"s":100.0,"pub":false}},{"type":"Feature","geometry":{"type":"Point","coordinates":[-106.11,37.9798]},"properties":{"s":100.0,"pub":false}},{"type":"Feature","geometry":{"type":"Point","coordinates":[-106.11,37.9856]},"properties":{"s":100.0,"pub":false}},{"type":"Feature","geometry":{"type":"Point","coordinates":[-106.11,37.9914]},"properties":{"s":100.0,"pub":false}},{"type":"Feature","geometry":{"type":"Point","coordinates":[-106.11,37.9972]},"properties":{"s":69.2,"pub":false}},{"type":"Feature","geometry":{"type":"Point","coordinates":[-106.11,38.003]},"properties":{"s":69.2,"pub":false}},{"type":"Feature","geometry":{"type":"Point","coordinates":[-106.11,38.0088]},"properties":{"s":69.2,"pub":false}},{"type":"Feature","geometry":{"type":"Point","coordinates":[-106.11,38.0146]},"properties":{"s":69.2,"pub":false}},{"type":"Feature","geometry":{"type":"Point","coordinates":[-106.11,38.0204]},"properties":{"s":69.2,"pub":false}},{"type":"Feature","geometry":{"type":"Point","coordinates":[-106.11,38.0262]},"properties":{"s":69.2,"pub":false}},{"type":"Feature","geometry":{"type":"Point","coordinates":[-106.11,38.032]},"properties":{"s":69.2,"pub":false}},{"type":"Feature","geometry":{"type":"Point","coordinates":[-106.11,38.0378]},"properties":{"s":69.2,"pub":false}},{"type":"Feature","geometry":{"type":"Point","coordinates":[-106.11,38.0436]},"properties":{"s":69.2,"pub":false}},{"type":"Feature","geometry":{"type":"Point","coordinates":[-106.11,38.0494]},"properties":{"s":69.2,"pub":false}},{"type":"Feature","geometry":{"type":"Point","coordinates":[-106.11,38.0552]},"properties":{"s":69.2,"pub":false}},{"type":"Feature","geometry":{"type":"Point","coordinates":[-106.11,38.061]},"properties":{"s":69.2,"pub":false}},{"type":"Feature","geometry":{"type":"Point","coordinates":[-106.11,38.0668]},"properties":{"s":69.2,"pub":false}},{"type":"Feature","geometry":{"type":"Point","coordinates":[-106.1025,37.858]},"properties":{"s":100.0,"pub":false}},{"type":"Feature","geometry":{"type":"Point","coordinates":[-106.1025,37.8638]},"properties":{"s":100.0,"pub":false}},{"type":"Feature","geometry":{"type":"Point","coordinates":[-106.1025,37.8696]},"properties":{"s":100.0,"pub":false}},{"type":"Feature","geometry":{"type":"Point","coordinates":[-106.1025,37.8754]},"properties":{"s":100.0,"pub":false}},{"type":"Feature","geometry":{"type":"Point","coordinates":[-106.1025,37.8812]},"properties":{"s":100.0,"pub":true}},{"type":"Feature","geometry":{"type":"Point","coordinates":[-106.1025,37.887]},"properties":{"s":100.0,"pub":true}},{"type":"Feature","geometry":{"type":"Point","coordinates":[-106.1025,37.8928]},"properties":{"s":100.0,"pub":true}},{"type":"Feature","geometry":{"type":"Point","coordinates":[-106.1025,37.8986]},"properties":{"s":100.0,"pub":false}},{"type":"Feature","geometry":{"type":"Point","coordinates":[-106.1025,37.9044]},"properties":{"s":100.0,"pub":false}},{"type":"Feature","geometry":{"type":"Point","coordinates":[-106.1025,37.9102]},"properties":{"s":100.0,"pub":false}},{"type":"Feature","geometry":{"type":"Point","coordinates":[-106.1025,37.916]},"properties":{"s":100.0,"pub":false}},{"type":"Feature","geometry":{"type":"Point","coordinates":[-106.1025,37.9218]},"properties":{"s":100.0,"pub":false}},{"type":"Feature","geometry":{"type":"Point","coordinates":[-106.1025,37.9276]},"properties":{"s":100.0,"pub":false}},{"type":"Feature","geometry":{"type":"Point","coordinates":[-106.1025,37.9334]},"properties":{"s":100.0,"pub":false}},{"type":"Feature","geometry":{"type":"Point","coordinates":[-106.1025,37.9392]},"properties":{"s":100.0,"pub":true}},{"type":"Feature","geometry":{"type":"Point","coordinates":[-106.1025,37.945]},"properties":{"s":100.0,"pub":true}},{"type":"Feature","geometry":{"type":"Point","coordinates":[-106.1025,37.9508]},"properties":{"s":100.0,"pub":true}},{"type":"Feature","geometry":{"type":"Point","coordinates":[-106.1025,37.9566]},"properties":{"s":100.0,"pub":true}},{"type":"Feature","geometry":{"type":"Point","coordinates":[-106.1025,37.9624]},"properties":{"s":100.0,"pub":true}},{"type":"Feature","geometry":{"type":"Point","coordinates":[-106.1025,37.9682]},"properties":{"s":100.0,"pub":true}},{"type":"Feature","geometry":{"type":"Point","coordinates":[-106.1025,37.974]},"properties":{"s":100.0,"pub":true}},{"type":"Feature","geometry":{"type":"Point","coordinates":[-106.1025,37.9798]},"properties":{"s":100.0,"pub":true}},{"type":"Feature","geometry":{"type":"Point","coordinates":[-106.1025,37.9856]},"properties":{"s":100.0,"pub":false}},{"type":"Feature","geometry":{"type":"Point","coordinates":[-106.1025,37.9914]},"properties":{"s":100.0,"pub":false}},{"type":"Feature","geometry":{"type":"Point","coordinates":[-106.1025,37.9972]},"properties":{"s":69.2,"pub":false}},{"type":"Feature","geometry":{"type":"Point","coordinates":[-106.1025,38.003]},"properties":{"s":69.2,"pub":false}},{"type":"Feature","geometry":{"type":"Point","coordinates":[-106.1025,38.0088]},"properties":{"s":69.2,"pub":false}},{"type":"Feature","geometry":{"type":"Point","coordinates":[-106.1025,38.0146]},"properties":{"s":69.2,"pub":false}},{"type":"Feature","geometry":{"type":"Point","coordinates":[-106.1025,38.0204]},"properties":{"s":69.2,"pub":false}},{"type":"Feature","geometry":{"type":"Point","coordinates":[-106.1025,38.0262]},"properties":{"s":69.2,"pub":false}},{"type":"Feature","geometry":{"type":"Point","coordinates":[-106.1025,38.032]},"properties":{"s":69.2,"pub":false}},{"type":"Feature","geometry":{"type":"Point","coordinates":[-106.1025,38.0378]},"properties":{"s":69.2,"pub":false}},{"type":"Feature","geometry":{"type":"Point","coordinates":[-106.1025,38.0436]},"properties":{"s":69.2,"pub":false}},{"type":"Feature","geometry":{"type":"Point","coordinates":[-106.1025,38.0494]},"properties":{"s":69.2,"pub":false}},{"type":"Feature","geometry":{"type":"Point","coordinates":[-106.1025,38.0552]},"properties":{"s":69.2,"pub":false}},{"type":"Feature","geometry":{"type":"Point","coordinates":[-106.1025,38.061]},"properties":{"s":69.2,"pub":true}},{"type":"Feature","geometry":{"type":"Point","coordinates":[-106.1025,38.0668]},"properties":{"s":69.2,"pub":true}},{"type":"Feature","geometry":{"type":"Point","coordinates":[-106.1025,38.0726]},"properties":{"s":69.2,"pub":true}},{"type":"Feature","geometry":{"type":"Point","coordinates":[-106.095,37.858]},"properties":{"s":100.0,"pub":false}},{"type":"Feature","geometry":{"type":"Point","coordinates":[-106.095,37.8638]},"properties":{"s":100.0,"pub":false}},{"type":"Feature","geometry":{"type":"Point","coordinates":[-106.095,37.8696]},"properties":{"s":100.0,"pub":false}},{"type":"Feature","geometry":{"type":"Point","coordinates":[-106.095,37.8754]},"properties":{"s":100.0,"pub":false}},{"type":"Feature","geometry":{"type":"Point","coordinates":[-106.095,37.8812]},"properties":{"s":100.0,"pub":true}},{"type":"Feature","geometry":{"type":"Point","coordinates":[-106.095,37.887]},"properties":{"s":100.0,"pub":true}},{"type":"Feature","geometry":{"type":"Point","coordinates":[-106.095,37.8928]},"properties":{"s":100.0,"pub":true}},{"type":"Feature","geometry":{"type":"Point","coordinates":[-106.095,37.8986]},"properties":{"s":100.0,"pub":false}},{"type":"Feature","geometry":{"type":"Point","coordinates":[-106.095,37.9044]},"properties":{"s":100.0,"pub":false}},{"type":"Feature","geometry":{"type":"Point","coordinates":[-106.095,37.9102]},"properties":{"s":100.0,"pub":false}},{"type":"Feature","geometry":{"type":"Point","coordinates":[-106.095,37.916]},"properties":{"s":100.0,"pub":false}},{"type":"Feature","geometry":{"type":"Point","coordinates":[-106.095,37.9218]},"properties":{"s":100.0,"pub":false}},{"type":"Feature","geometry":{"type":"Point","coordinates":[-106.095,37.9276]},"properties":{"s":100.0,"pub":true}},{"type":"Feature","geometry":{"type":"Point","coordinates":[-106.095,37.9334]},"properties":{"s":100.0,"pub":true}},{"type":"Feature","geometry":{"type":"Point","coordinates":[-106.095,37.9392]},"properties":{"s":100.0,"pub":true}},{"type":"Feature","geometry":{"type":"Point","coordinates":[-106.095,37.945]},"properties":{"s":100.0,"pub":true}},{"type":"Feature","geometry":{"type":"Point","coordinates":[-106.095,37.9508]},"properties":{"s":100.0,"pub":true}},{"type":"Feature","geometry":{"type":"Point","coordinates":[-106.095,37.9566]},"properties":{"s":100.0,"pub":false}},{"type":"Feature","geometry":{"type":"Point","coordinates":[-106.095,37.9624]},"properties":{"s":100.0,"pub":true}},{"type":"Feature","geometry":{"type":"Point","coordinates":[-106.095,37.9682]},"properties":{"s":100.0,"pub":true}},{"type":"Feature","geometry":{"type":"Point","coordinates":[-106.095,37.974]},"properties":{"s":100.0,"pub":true}},{"type":"Feature","geometry":{"type":"Point","coordinates":[-106.095,37.9798]},"properties":{"s":100.0,"pub":true}},{"type":"Feature","geometry":{"type":"Point","coordinates":[-106.095,37.9856]},"properties":{"s":100.0,"pub":false}},{"type":"Feature","geometry":{"type":"Point","coordinates":[-106.095,37.9914]},"properties":{"s":100.0,"pub":false}},{"type":"Feature","geometry":{"type":"Point","coordinates":[-106.095,37.9972]},"properties":{"s":69.2,"pub":false}},{"type":"Feature","geometry":{"type":"Point","coordinates":[-106.095,38.003]},"properties":{"s":69.2,"pub":false}},{"type":"Feature","geometry":{"type":"Point","coordinates":[-106.095,38.0088]},"properties":{"s":69.2,"pub":false}},{"type":"Feature","geometry":{"type":"Point","coordinates":[-106.095,38.0146]},"properties":{"s":69.2,"pub":false}},{"type":"Feature","geometry":{"type":"Point","coordinates":[-106.095,38.0204]},"properties":{"s":69.2,"pub":false}},{"type":"Feature","geometry":{"type":"Point","coordinates":[-106.095,38.0262]},"properties":{"s":69.2,"pub":false}},{"type":"Feature","geometry":{"type":"Point","coordinates":[-106.095,38.032]},"properties":{"s":69.2,"pub":false}},{"type":"Feature","geometry":{"type":"Point","coordinates":[-106.095,38.0378]},"properties":{"s":69.2,"pub":false}},{"type":"Feature","geometry":{"type":"Point","coordinates":[-106.095,38.0436]},"properties":{"s":69.2,"pub":false}},{"type":"Feature","geometry":{"type":"Point","coordinates":[-106.095,38.0494]},"properties":{"s":69.2,"pub":false}},{"type":"Feature","geometry":{"type":"Point","coordinates":[-106.095,38.0552]},"properties":{"s":69.2,"pub":false}},{"type":"Feature","geometry":{"type":"Point","coordinates":[-106.095,38.061]},"properties":{"s":69.2,"pub":true}},{"type":"Feature","geometry":{"type":"Point","coordinates":[-106.095,38.0668]},"properties":{"s":69.2,"pub":true}},{"type":"Feature","geometry":{"type":"Point","coordinates":[-106.095,38.0726]},"properties":{"s":69.2,"pub":true}},{"type":"Feature","geometry":{"type":"Point","coordinates":[-106.0875,37.858]},"properties":{"s":100.0,"pub":false}},{"type":"Feature","geometry":{"type":"Point","coordinates":[-106.0875,37.8638]},"properties":{"s":100.0,"pub":false}},{"type":"Feature","geometry":{"type":"Point","coordinates":[-106.0875,37.8696]},"properties":{"s":100.0,"pub":false}},{"type":"Feature","geometry":{"type":"Point","coordinates":[-106.0875,37.8754]},"properties":{"s":100.0,"pub":false}},{"type":"Feature","geometry":{"type":"Point","coordinates":[-106.0875,37.8812]},"properties":{"s":100.0,"pub":false}},{"type":"Feature","geometry":{"type":"Point","coordinates":[-106.0875,37.887]},"properties":{"s":100.0,"pub":false}},{"type":"Feature","geometry":{"type":"Point","coordinates":[-106.0875,37.8928]},"properties":{"s":100.0,"pub":false}},{"type":"Feature","geometry":{"type":"Point","coordinates":[-106.0875,37.8986]},"properties":{"s":100.0,"pub":false}},{"type":"Feature","geometry":{"type":"Point","coordinates":[-106.0875,37.9044]},"properties":{"s":100.0,"pub":false}},{"type":"Feature","geometry":{"type":"Point","coordinates":[-106.0875,37.9102]},"properties":{"s":100.0,"pub":false}},{"type":"Feature","geometry":{"type":"Point","coordinates":[-106.0875,37.916]},"properties":{"s":100.0,"pub":false}},{"type":"Feature","geometry":{"type":"Point","coordinates":[-106.0875,37.9218]},"properties":{"s":100.0,"pub":false}},{"type":"Feature","geometry":{"type":"Point","coordinates":[-106.0875,37.9276]},"properties":{"s":100.0,"pub":false}},{"type":"Feature","geometry":{"type":"Point","coordinates":[-106.0875,37.9334]},"properties":{"s":100.0,"pub":true}},{"type":"Feature","geometry":{"type":"Point","coordinates":[-106.0875,37.9392]},"properties":{"s":100.0,"pub":true}},{"type":"Feature","geometry":{"type":"Point","coordinates":[-106.0875,37.945]},"properties":{"s":100.0,"pub":true}},{"type":"Feature","geometry":{"type":"Point","coordinates":[-106.0875,37.9508]},"properties":{"s":100.0,"pub":true}},{"type":"Feature","geometry":{"type":"Point","coordinates":[-106.0875,37.9566]},"properties":{"s":100.0,"pub":true}},{"type":"Feature","geometry":{"type":"Point","coordinates":[-106.0875,37.9624]},"properties":{"s":100.0,"pub":false}},{"type":"Feature","geometry":{"type":"Point","coordinates":[-106.0875,37.9682]},"properties":{"s":100.0,"pub":false}},{"type":"Feature","geometry":{"type":"Point","coordinates":[-106.0875,37.974]},"properties":{"s":100.0,"pub":false}},{"type":"Feature","geometry":{"type":"Point","coordinates":[-106.0875,37.9798]},"properties":{"s":100.0,"pub":false}},{"type":"Feature","geometry":{"type":"Point","coordinates":[-106.0875,37.9856]},"properties":{"s":100.0,"pub":false}},{"type":"Feature","geometry":{"type":"Point","coordinates":[-106.0875,37.9914]},"properties":{"s":100.0,"pub":false}},{"type":"Feature","geometry":{"type":"Point","coordinates":[-106.0875,37.9972]},"properties":{"s":69.2,"pub":false}},{"type":"Feature","geometry":{"type":"Point","coordinates":[-106.0875,38.003]},"properties":{"s":69.2,"pub":false}},{"type":"Feature","geometry":{"type":"Point","coordinates":[-106.0875,38.0088]},"properties":{"s":69.2,"pub":false}},{"type":"Feature","geometry":{"type":"Point","coordinates":[-106.0875,38.0146]},"properties":{"s":69.2,"pub":false}},{"type":"Feature","geometry":{"type":"Point","coordinates":[-106.0875,38.0204]},"properties":{"s":69.2,"pub":false}},{"type":"Feature","geometry":{"type":"Point","coordinates":[-106.0875,38.0262]},"properties":{"s":69.2,"pub":false}},{"type":"Feature","geometry":{"type":"Point","coordinates":[-106.0875,38.032]},"properties":{"s":69.2,"pub":false}},{"type":"Feature","geometry":{"type":"Point","coordinates":[-106.0875,38.0378]},"properties":{"s":69.2,"pub":false}},{"type":"Feature","geometry":{"type":"Point","coordinates":[-106.0875,38.0436]},"properties":{"s":69.2,"pub":false}},{"type":"Feature","geometry":{"type":"Point","coordinates":[-106.0875,38.0494]},"properties":{"s":69.2,"pub":false}},{"type":"Feature","geometry":{"type":"Point","coordinates":[-106.0875,38.0552]},"properties":{"s":69.2,"pub":false}},{"type":"Feature","geometry":{"type":"Point","coordinates":[-106.0875,38.061]},"properties":{"s":69.2,"pub":true}},{"type":"Feature","geometry":{"type":"Point","coordinates":[-106.0875,38.0668]},"properties":{"s":69.2,"pub":true}},{"type":"Feature","geometry":{"type":"Point","coordinates":[-106.0875,38.0726]},"properties":{"s":69.2,"pub":true}},{"type":"Feature","geometry":{"type":"Point","coordinates":[-106.08,37.858]},"properties":{"s":100.0,"pub":false}},{"type":"Feature","geometry":{"type":"Point","coordinates":[-106.08,37.8638]},"properties":{"s":100.0,"pub":false}},{"type":"Feature","geometry":{"type":"Point","coordinates":[-106.08,37.8696]},"properties":{"s":100.0,"pub":false}},{"type":"Feature","geometry":{"type":"Point","coordinates":[-106.08,37.8754]},"properties":{"s":100.0,"pub":false}},{"type":"Feature","geometry":{"type":"Point","coordinates":[-106.08,37.8812]},"properties":{"s":100.0,"pub":false}},{"type":"Feature","geometry":{"type":"Point","coordinates":[-106.08,37.887]},"properties":{"s":100.0,"pub":false}},{"type":"Feature","geometry":{"type":"Point","coordinates":[-106.08,37.8928]},"properties":{"s":100.0,"pub":false}},{"type":"Feature","geometry":{"type":"Point","coordinates":[-106.08,37.8986]},"properties":{"s":100.0,"pub":false}},{"type":"Feature","geometry":{"type":"Point","coordinates":[-106.08,37.9044]},"properties":{"s":100.0,"pub":false}},{"type":"Feature","geometry":{"type":"Point","coordinates":[-106.08,37.9102]},"properties":{"s":100.0,"pub":false}},{"type":"Feature","geometry":{"type":"Point","coordinates":[-106.08,37.916]},"properties":{"s":100.0,"pub":false}},{"type":"Feature","geometry":{"type":"Point","coordinates":[-106.08,37.9218]},"properties":{"s":100.0,"pub":false}},{"type":"Feature","geometry":{"type":"Point","coordinates":[-106.08,37.9276]},"properties":{"s":100.0,"pub":true}},{"type":"Feature","geometry":{"type":"Point","coordinates":[-106.08,37.9334]},"properties":{"s":100.0,"pub":true}},{"type":"Feature","geometry":{"type":"Point","coordinates":[-106.08,37.9392]},"properties":{"s":100.0,"pub":false}},{"type":"Feature","geometry":{"type":"Point","coordinates":[-106.08,37.945]},"properties":{"s":100.0,"pub":false}},{"type":"Feature","geometry":{"type":"Point","coordinates":[-106.08,37.9508]},"properties":{"s":100.0,"pub":false}},{"type":"Feature","geometry":{"type":"Point","coordinates":[-106.08,37.9566]},"properties":{"s":100.0,"pub":false}},{"type":"Feature","geometry":{"type":"Point","coordinates":[-106.08,37.9624]},"properties":{"s":100.0,"pub":false}},{"type":"Feature","geometry":{"type":"Point","coordinates":[-106.08,37.9682]},"properties":{"s":100.0,"pub":false}},{"type":"Feature","geometry":{"type":"Point","coordinates":[-106.08,37.974]},"properties":{"s":100.0,"pub":false}},{"type":"Feature","geometry":{"type":"Point","coordinates":[-106.08,37.9798]},"properties":{"s":100.0,"pub":false}},{"type":"Feature","geometry":{"type":"Point","coordinates":[-106.08,37.9856]},"properties":{"s":100.0,"pub":false}},{"type":"Feature","geometry":{"type":"Point","coordinates":[-106.08,37.9914]},"properties":{"s":100.0,"pub":false}},{"type":"Feature","geometry":{"type":"Point","coordinates":[-106.08,37.9972]},"properties":{"s":69.2,"pub":false}},{"type":"Feature","geometry":{"type":"Point","coordinates":[-106.08,38.003]},"properties":{"s":69.2,"pub":false}},{"type":"Feature","geometry":{"type":"Point","coordinates":[-106.08,38.0088]},"properties":{"s":69.2,"pub":false}},{"type":"Feature","geometry":{"type":"Point","coordinates":[-106.08,38.0146]},"properties":{"s":69.2,"pub":false}},{"type":"Feature","geometry":{"type":"Point","coordinates":[-106.08,38.0204]},"properties":{"s":69.2,"pub":false}},{"type":"Feature","geometry":{"type":"Point","coordinates":[-106.08,38.0262]},"properties":{"s":69.2,"pub":false}},{"type":"Feature","geometry":{"type":"Point","coordinates":[-106.08,38.032]},"properties":{"s":69.2,"pub":false}},{"type":"Feature","geometry":{"type":"Point","coordinates":[-106.08,38.0378]},"properties":{"s":69.2,"pub":false}},{"type":"Feature","geometry":{"type":"Point","coordinates":[-106.08,38.0436]},"properties":{"s":69.2,"pub":false}},{"type":"Feature","geometry":{"type":"Point","coordinates":[-106.08,38.0494]},"properties":{"s":69.2,"pub":false}},{"type":"Feature","geometry":{"type":"Point","coordinates":[-106.08,38.0552]},"properties":{"s":69.2,"pub":false}},{"type":"Feature","geometry":{"type":"Point","coordinates":[-106.08,38.061]},"properties":{"s":69.2,"pub":false}},{"type":"Feature","geometry":{"type":"Point","coordinates":[-106.08,38.0668]},"properties":{"s":69.2,"pub":false}},{"type":"Feature","geometry":{"type":"Point","coordinates":[-106.08,38.0726]},"properties":{"s":69.2,"pub":false}},{"type":"Feature","geometry":{"type":"Point","coordinates":[-106.0725,37.858]},"properties":{"s":100.0,"pub":false}},{"type":"Feature","geometry":{"type":"Point","coordinates":[-106.0725,37.8638]},"properties":{"s":100.0,"pub":false}},{"type":"Feature","geometry":{"type":"Point","coordinates":[-106.0725,37.8696]},"properties":{"s":100.0,"pub":false}},{"type":"Feature","geometry":{"type":"Point","coordinates":[-106.0725,37.8754]},"properties":{"s":100.0,"pub":false}},{"type":"Feature","geometry":{"type":"Point","coordinates":[-106.0725,37.8812]},"properties":{"s":100.0,"pub":false}},{"type":"Feature","geometry":{"type":"Point","coordinates":[-106.0725,37.887]},"properties":{"s":100.0,"pub":false}},{"type":"Feature","geometry":{"type":"Point","coordinates":[-106.0725,37.8928]},"properties":{"s":100.0,"pub":false}},{"type":"Feature","geometry":{"type":"Point","coordinates":[-106.0725,37.8986]},"properties":{"s":100.0,"pub":false}},{"type":"Feature","geometry":{"type":"Point","coordinates":[-106.0725,37.9044]},"properties":{"s":100.0,"pub":false}},{"type":"Feature","geometry":{"type":"Point","coordinates":[-106.0725,37.9102]},"properties":{"s":100.0,"pub":false}},{"type":"Feature","geometry":{"type":"Point","coordinates":[-106.0725,37.916]},"properties":{"s":100.0,"pub":false}},{"type":"Feature","geometry":{"type":"Point","coordinates":[-106.0725,37.9218]},"properties":{"s":100.0,"pub":false}},{"type":"Feature","geometry":{"type":"Point","coordinates":[-106.0725,37.9276]},"properties":{"s":100.0,"pub":true}},{"type":"Feature","geometry":{"type":"Point","coordinates":[-106.0725,37.9334]},"properties":{"s":100.0,"pub":true}},{"type":"Feature","geometry":{"type":"Point","coordinates":[-106.0725,37.9392]},"properties":{"s":100.0,"pub":false}},{"type":"Feature","geometry":{"type":"Point","coordinates":[-106.0725,37.945]},"properties":{"s":100.0,"pub":false}},{"type":"Feature","geometry":{"type":"Point","coordinates":[-106.0725,37.9508]},"properties":{"s":100.0,"pub":false}},{"type":"Feature","geometry":{"type":"Point","coordinates":[-106.0725,37.9566]},"properties":{"s":100.0,"pub":false}},{"type":"Feature","geometry":{"type":"Point","coordinates":[-106.0725,37.9624]},"properties":{"s":100.0,"pub":false}},{"type":"Feature","geometry":{"type":"Point","coordinates":[-106.0725,37.9682]},"properties":{"s":100.0,"pub":false}},{"type":"Feature","geometry":{"type":"Point","coordinates":[-106.0725,37.974]},"properties":{"s":100.0,"pub":false}},{"type":"Feature","geometry":{"type":"Point","coordinates":[-106.0725,37.9798]},"properties":{"s":100.0,"pub":false}},{"type":"Feature","geometry":{"type":"Point","coordinates":[-106.0725,37.9856]},"properties":{"s":100.0,"pub":false}},{"type":"Feature","geometry":{"type":"Point","coordinates":[-106.0725,37.9914]},"properties":{"s":100.0,"pub":false}},{"type":"Feature","geometry":{"type":"Point","coordinates":[-106.0725,37.9972]},"properties":{"s":69.2,"pub":false}},{"type":"Feature","geometry":{"type":"Point","coordinates":[-106.0725,38.003]},"properties":{"s":69.2,"pub":false}},{"type":"Feature","geometry":{"type":"Point","coordinates":[-106.0725,38.0088]},"properties":{"s":69.2,"pub":false}},{"type":"Feature","geometry":{"type":"Point","coordinates":[-106.0725,38.0146]},"properties":{"s":69.2,"pub":false}},{"type":"Feature","geometry":{"type":"Point","coordinates":[-106.0725,38.0204]},"properties":{"s":69.2,"pub":false}},{"type":"Feature","geometry":{"type":"Point","coordinates":[-106.0725,38.0262]},"properties":{"s":69.2,"pub":false}},{"type":"Feature","geometry":{"type":"Point","coordinates":[-106.0725,38.032]},"properties":{"s":69.2,"pub":false}},{"type":"Feature","geometry":{"type":"Point","coordinates":[-106.0725,38.0378]},"properties":{"s":69.2,"pub":false}},{"type":"Feature","geometry":{"type":"Point","coordinates":[-106.0725,38.0436]},"properties":{"s":69.2,"pub":false}},{"type":"Feature","geometry":{"type":"Point","coordinates":[-106.0725,38.0494]},"properties":{"s":69.2,"pub":false}},{"type":"Feature","geometry":{"type":"Point","coordinates":[-106.0725,38.0552]},"properties":{"s":69.2,"pub":false}},{"type":"Feature","geometry":{"type":"Point","coordinates":[-106.0725,38.061]},"properties":{"s":69.2,"pub":false}},{"type":"Feature","geometry":{"type":"Point","coordinates":[-106.0725,38.0668]},"properties":{"s":69.2,"pub":false}},{"type":"Feature","geometry":{"type":"Point","coordinates":[-106.0725,38.0726]},"properties":{"s":69.2,"pub":false}},{"type":"Feature","geometry":{"type":"Point","coordinates":[-106.065,37.8522]},"properties":{"s":100.0,"pub":false}},{"type":"Feature","geometry":{"type":"Point","coordinates":[-106.065,37.858]},"properties":{"s":100.0,"pub":false}},{"type":"Feature","geometry":{"type":"Point","coordinates":[-106.065,37.8638]},"properties":{"s":100.0,"pub":false}},{"type":"Feature","geometry":{"type":"Point","coordinates":[-106.065,37.8696]},"properties":{"s":100.0,"pub":false}},{"type":"Feature","geometry":{"type":"Point","coordinates":[-106.065,37.8754]},"properties":{"s":100.0,"pub":false}},{"type":"Feature","geometry":{"type":"Point","coordinates":[-106.065,37.8812]},"properties":{"s":100.0,"pub":false}},{"type":"Feature","geometry":{"type":"Point","coordinates":[-106.065,37.887]},"properties":{"s":100.0,"pub":false}},{"type":"Feature","geometry":{"type":"Point","coordinates":[-106.065,37.8928]},"properties":{"s":100.0,"pub":false}},{"type":"Feature","geometry":{"type":"Point","coordinates":[-106.065,37.8986]},"properties":{"s":100.0,"pub":false}},{"type":"Feature","geometry":{"type":"Point","coordinates":[-106.065,37.9044]},"properties":{"s":100.0,"pub":false}},{"type":"Feature","geometry":{"type":"Point","coordinates":[-106.065,37.9102]},"properties":{"s":100.0,"pub":false}},{"type":"Feature","geometry":{"type":"Point","coordinates":[-106.065,37.916]},"properties":{"s":100.0,"pub":false}},{"type":"Feature","geometry":{"type":"Point","coordinates":[-106.065,37.9218]},"properties":{"s":100.0,"pub":false}},{"type":"Feature","geometry":{"type":"Point","coordinates":[-106.065,37.9276]},"properties":{"s":100.0,"pub":false}},{"type":"Feature","geometry":{"type":"Point","coordinates":[-106.065,37.9334]},"properties":{"s":100.0,"pub":false}},{"type":"Feature","geometry":{"type":"Point","coordinates":[-106.065,37.9392]},"properties":{"s":100.0,"pub":true}},{"type":"Feature","geometry":{"type":"Point","coordinates":[-106.065,37.945]},"properties":{"s":100.0,"pub":false}},{"type":"Feature","geometry":{"type":"Point","coordinates":[-106.065,37.9508]},"properties":{"s":100.0,"pub":false}},{"type":"Feature","geometry":{"type":"Point","coordinates":[-106.065,37.9566]},"properties":{"s":100.0,"pub":true}},{"type":"Feature","geometry":{"type":"Point","coordinates":[-106.065,37.9624]},"properties":{"s":100.0,"pub":false}},{"type":"Feature","geometry":{"type":"Point","coordinates":[-106.065,37.9682]},"properties":{"s":100.0,"pub":false}},{"type":"Feature","geometry":{"type":"Point","coordinates":[-106.065,37.974]},"properties":{"s":100.0,"pub":false}},{"type":"Feature","geometry":{"type":"Point","coordinates":[-106.065,37.9798]},"properties":{"s":100.0,"pub":false}},{"type":"Feature","geometry":{"type":"Point","coordinates":[-106.065,37.9856]},"properties":{"s":100.0,"pub":false}},{"type":"Feature","geometry":{"type":"Point","coordinates":[-106.065,37.9914]},"properties":{"s":100.0,"pub":false}},{"type":"Feature","geometry":{"type":"Point","coordinates":[-106.065,37.9972]},"properties":{"s":69.2,"pub":false}},{"type":"Feature","geometry":{"type":"Point","coordinates":[-106.065,38.003]},"properties":{"s":69.2,"pub":false}},{"type":"Feature","geometry":{"type":"Point","coordinates":[-106.065,38.0088]},"properties":{"s":69.2,"pub":false}},{"type":"Feature","geometry":{"type":"Point","coordinates":[-106.065,38.0146]},"properties":{"s":69.2,"pub":false}},{"type":"Feature","geometry":{"type":"Point","coordinates":[-106.065,38.0204]},"properties":{"s":69.2,"pub":false}},{"type":"Feature","geometry":{"type":"Point","coordinates":[-106.065,38.0262]},"properties":{"s":69.2,"pub":false}},{"type":"Feature","geometry":{"type":"Point","coordinates":[-106.065,38.032]},"properties":{"s":69.2,"pub":false}},{"type":"Feature","geometry":{"type":"Point","coordinates":[-106.065,38.0378]},"properties":{"s":69.2,"pub":false}},{"type":"Feature","geometry":{"type":"Point","coordinates":[-106.065,38.0436]},"properties":{"s":69.2,"pub":false}},{"type":"Feature","geometry":{"type":"Point","coordinates":[-106.065,38.0494]},"properties":{"s":69.2,"pub":false}},{"type":"Feature","geometry":{"type":"Point","coordinates":[-106.065,38.0552]},"properties":{"s":69.2,"pub":false}},{"type":"Feature","geometry":{"type":"Point","coordinates":[-106.065,38.061]},"properties":{"s":69.2,"pub":false}},{"type":"Feature","geometry":{"type":"Point","coordinates":[-106.065,38.0668]},"properties":{"s":69.2,"pub":false}},{"type":"Feature","geometry":{"type":"Point","coordinates":[-106.065,38.0726]},"properties":{"s":69.2,"pub":false}},{"type":"Feature","geometry":{"type":"Point","coordinates":[-106.065,38.0784]},"properties":{"s":69.2,"pub":false}},{"type":"Feature","geometry":{"type":"Point","coordinates":[-106.0575,37.8522]},"properties":{"s":100.0,"pub":false}},{"type":"Feature","geometry":{"type":"Point","coordinates":[-106.0575,37.858]},"properties":{"s":100.0,"pub":false}},{"type":"Feature","geometry":{"type":"Point","coordinates":[-106.0575,37.8638]},"properties":{"s":100.0,"pub":false}},{"type":"Feature","geometry":{"type":"Point","coordinates":[-106.0575,37.8696]},"properties":{"s":100.0,"pub":false}},{"type":"Feature","geometry":{"type":"Point","coordinates":[-106.0575,37.8754]},"properties":{"s":100.0,"pub":false}},{"type":"Feature","geometry":{"type":"Point","coordinates":[-106.0575,37.8812]},"properties":{"s":100.0,"pub":false}},{"type":"Feature","geometry":{"type":"Point","coordinates":[-106.0575,37.887]},"properties":{"s":100.0,"pub":false}},{"type":"Feature","geometry":{"type":"Point","coordinates":[-106.0575,37.8928]},"properties":{"s":100.0,"pub":false}},{"type":"Feature","geometry":{"type":"Point","coordinates":[-106.0575,37.8986]},"properties":{"s":100.0,"pub":false}},{"type":"Feature","geometry":{"type":"Point","coordinates":[-106.0575,37.9044]},"properties":{"s":100.0,"pub":false}},{"type":"Feature","geometry":{"type":"Point","coordinates":[-106.0575,37.9102]},"properties":{"s":100.0,"pub":false}},{"type":"Feature","geometry":{"type":"Point","coordinates":[-106.0575,37.916]},"properties":{"s":100.0,"pub":false}},{"type":"Feature","geometry":{"type":"Point","coordinates":[-106.0575,37.9218]},"properties":{"s":100.0,"pub":false}},{"type":"Feature","geometry":{"type":"Point","coordinates":[-106.0575,37.9276]},"properties":{"s":100.0,"pub":false}},{"type":"Feature","geometry":{"type":"Point","coordinates":[-106.0575,37.9334]},"properties":{"s":100.0,"pub":false}},{"type":"Feature","geometry":{"type":"Point","coordinates":[-106.0575,37.9392]},"properties":{"s":100.0,"pub":true}},{"type":"Feature","geometry":{"type":"Point","coordinates":[-106.0575,37.945]},"properties":{"s":100.0,"pub":false}},{"type":"Feature","geometry":{"type":"Point","coordinates":[-106.0575,37.9508]},"properties":{"s":100.0,"pub":false}},{"type":"Feature","geometry":{"type":"Point","coordinates":[-106.0575,37.9566]},"properties":{"s":100.0,"pub":true}},{"type":"Feature","geometry":{"type":"Point","coordinates":[-106.0575,37.9624]},"properties":{"s":100.0,"pub":false}},{"type":"Feature","geometry":{"type":"Point","coordinates":[-106.0575,37.9682]},"properties":{"s":100.0,"pub":false}},{"type":"Feature","geometry":{"type":"Point","coordinates":[-106.0575,37.974]},"properties":{"s":100.0,"pub":true}},{"type":"Feature","geometry":{"type":"Point","coordinates":[-106.0575,37.9798]},"properties":{"s":100.0,"pub":true}},{"type":"Feature","geometry":{"type":"Point","coordinates":[-106.0575,37.9856]},"properties":{"s":100.0,"pub":false}},{"type":"Feature","geometry":{"type":"Point","coordinates":[-106.0575,37.9914]},"properties":{"s":100.0,"pub":false}},{"type":"Feature","geometry":{"type":"Point","coordinates":[-106.0575,37.9972]},"properties":{"s":69.2,"pub":false}},{"type":"Feature","geometry":{"type":"Point","coordinates":[-106.0575,38.003]},"properties":{"s":69.2,"pub":false}},{"type":"Feature","geometry":{"type":"Point","coordinates":[-106.0575,38.0088]},"properties":{"s":69.2,"pub":false}},{"type":"Feature","geometry":{"type":"Point","coordinates":[-106.0575,38.0146]},"properties":{"s":69.2,"pub":false}},{"type":"Feature","geometry":{"type":"Point","coordinates":[-106.0575,38.0204]},"properties":{"s":69.2,"pub":false}},{"type":"Feature","geometry":{"type":"Point","coordinates":[-106.0575,38.0262]},"properties":{"s":69.2,"pub":false}},{"type":"Feature","geometry":{"type":"Point","coordinates":[-106.0575,38.032]},"properties":{"s":69.2,"pub":false}},{"type":"Feature","geometry":{"type":"Point","coordinates":[-106.0575,38.0378]},"properties":{"s":69.2,"pub":false}},{"type":"Feature","geometry":{"type":"Point","coordinates":[-106.0575,38.0436]},"properties":{"s":69.2,"pub":false}},{"type":"Feature","geometry":{"type":"Point","coordinates":[-106.0575,38.0494]},"properties":{"s":69.2,"pub":false}},{"type":"Feature","geometry":{"type":"Point","coordinates":[-106.0575,38.0552]},"properties":{"s":69.2,"pub":false}},{"type":"Feature","geometry":{"type":"Point","coordinates":[-106.0575,38.061]},"properties":{"s":69.2,"pub":false}},{"type":"Feature","geometry":{"type":"Point","coordinates":[-106.0575,38.0668]},"properties":{"s":69.2,"pub":false}},{"type":"Feature","geometry":{"type":"Point","coordinates":[-106.0575,38.0726]},"properties":{"s":69.2,"pub":false}},{"type":"Feature","geometry":{"type":"Point","coordinates":[-106.05,37.8522]},"properties":{"s":100.0,"pub":false}},{"type":"Feature","geometry":{"type":"Point","coordinates":[-106.05,37.858]},"properties":{"s":100.0,"pub":false}},{"type":"Feature","geometry":{"type":"Point","coordinates":[-106.05,37.8638]},"properties":{"s":100.0,"pub":false}},{"type":"Feature","geometry":{"type":"Point","coordinates":[-106.05,37.8696]},"properties":{"s":100.0,"pub":false}},{"type":"Feature","geometry":{"type":"Point","coordinates":[-106.05,37.8754]},"properties":{"s":100.0,"pub":false}},{"type":"Feature","geometry":{"type":"Point","coordinates":[-106.05,37.8812]},"properties":{"s":100.0,"pub":false}},{"type":"Feature","geometry":{"type":"Point","coordinates":[-106.05,37.887]},"properties":{"s":100.0,"pub":false}},{"type":"Feature","geometry":{"type":"Point","coordinates":[-106.05,37.8928]},"properties":{"s":100.0,"pub":false}},{"type":"Feature","geometry":{"type":"Point","coordinates":[-106.05,37.8986]},"properties":{"s":100.0,"pub":false}},{"type":"Feature","geometry":{"type":"Point","coordinates":[-106.05,37.9044]},"properties":{"s":100.0,"pub":false}},{"type":"Feature","geometry":{"type":"Point","coordinates":[-106.05,37.9102]},"properties":{"s":100.0,"pub":false}},{"type":"Feature","geometry":{"type":"Point","coordinates":[-106.05,37.916]},"properties":{"s":100.0,"pub":false}},{"type":"Feature","geometry":{"type":"Point","coordinates":[-106.05,37.9218]},"properties":{"s":100.0,"pub":false}},{"type":"Feature","geometry":{"type":"Point","coordinates":[-106.05,37.9276]},"properties":{"s":100.0,"pub":true}},{"type":"Feature","geometry":{"type":"Point","coordinates":[-106.05,37.9334]},"properties":{"s":100.0,"pub":true}},{"type":"Feature","geometry":{"type":"Point","coordinates":[-106.05,37.9392]},"properties":{"s":100.0,"pub":true}},{"type":"Feature","geometry":{"type":"Point","coordinates":[-106.05,37.945]},"properties":{"s":100.0,"pub":false}},{"type":"Feature","geometry":{"type":"Point","coordinates":[-106.05,37.9508]},"properties":{"s":100.0,"pub":false}},{"type":"Feature","geometry":{"type":"Point","coordinates":[-106.05,37.9566]},"properties":{"s":100.0,"pub":false}},{"type":"Feature","geometry":{"type":"Point","coordinates":[-106.05,37.9624]},"properties":{"s":100.0,"pub":false}},{"type":"Feature","geometry":{"type":"Point","coordinates":[-106.05,37.9682]},"properties":{"s":100.0,"pub":true}},{"type":"Feature","geometry":{"type":"Point","coordinates":[-106.05,37.974]},"properties":{"s":100.0,"pub":false}},{"type":"Feature","geometry":{"type":"Point","coordinates":[-106.05,37.9798]},"properties":{"s":100.0,"pub":false}},{"type":"Feature","geometry":{"type":"Point","coordinates":[-106.05,37.9856]},"properties":{"s":100.0,"pub":false}},{"type":"Feature","geometry":{"type":"Point","coordinates":[-106.05,37.9914]},"properties":{"s":100.0,"pub":false}},{"type":"Feature","geometry":{"type":"Point","coordinates":[-106.05,37.9972]},"properties":{"s":69.2,"pub":false}},{"type":"Feature","geometry":{"type":"Point","coordinates":[-106.05,38.003]},"properties":{"s":69.2,"pub":false}},{"type":"Feature","geometry":{"type":"Point","coordinates":[-106.05,38.0088]},"properties":{"s":69.2,"pub":false}},{"type":"Feature","geometry":{"type":"Point","coordinates":[-106.05,38.0146]},"properties":{"s":69.2,"pub":false}},{"type":"Feature","geometry":{"type":"Point","coordinates":[-106.05,38.0204]},"properties":{"s":69.2,"pub":false}},{"type":"Feature","geometry":{"type":"Point","coordinates":[-106.05,38.0262]},"properties":{"s":69.2,"pub":false}},{"type":"Feature","geometry":{"type":"Point","coordinates":[-106.05,38.032]},"properties":{"s":69.2,"pub":false}},{"type":"Feature","geometry":{"type":"Point","coordinates":[-106.05,38.0378]},"properties":{"s":69.2,"pub":false}},{"type":"Feature","geometry":{"type":"Point","coordinates":[-106.05,38.0436]},"properties":{"s":69.2,"pub":false}},{"type":"Feature","geometry":{"type":"Point","coordinates":[-106.05,38.0494]},"properties":{"s":69.2,"pub":false}},{"type":"Feature","geometry":{"type":"Point","coordinates":[-106.05,38.0552]},"properties":{"s":69.2,"pub":false}},{"type":"Feature","geometry":{"type":"Point","coordinates":[-106.05,38.061]},"properties":{"s":69.2,"pub":false}},{"type":"Feature","geometry":{"type":"Point","coordinates":[-106.05,38.0668]},"properties":{"s":69.2,"pub":false}},{"type":"Feature","geometry":{"type":"Point","coordinates":[-106.05,38.0726]},"properties":{"s":69.2,"pub":false}},{"type":"Feature","geometry":{"type":"Point","coordinates":[-106.0425,37.8522]},"properties":{"s":100.0,"pub":false}},{"type":"Feature","geometry":{"type":"Point","coordinates":[-106.0425,37.858]},"properties":{"s":100.0,"pub":false}},{"type":"Feature","geometry":{"type":"Point","coordinates":[-106.0425,37.8638]},"properties":{"s":100.0,"pub":false}},{"type":"Feature","geometry":{"type":"Point","coordinates":[-106.0425,37.8696]},"properties":{"s":100.0,"pub":false}},{"type":"Feature","geometry":{"type":"Point","coordinates":[-106.0425,37.8754]},"properties":{"s":100.0,"pub":false}},{"type":"Feature","geometry":{"type":"Point","coordinates":[-106.0425,37.8812]},"properties":{"s":100.0,"pub":false}},{"type":"Feature","geometry":{"type":"Point","coordinates":[-106.0425,37.887]},"properties":{"s":100.0,"pub":false}},{"type":"Feature","geometry":{"type":"Point","coordinates":[-106.0425,37.8928]},"properties":{"s":100.0,"pub":false}},{"type":"Feature","geometry":{"type":"Point","coordinates":[-106.0425,37.8986]},"properties":{"s":100.0,"pub":false}},{"type":"Feature","geometry":{"type":"Point","coordinates":[-106.0425,37.9044]},"properties":{"s":100.0,"pub":false}},{"type":"Feature","geometry":{"type":"Point","coordinates":[-106.0425,37.9102]},"properties":{"s":100.0,"pub":false}},{"type":"Feature","geometry":{"type":"Point","coordinates":[-106.0425,37.916]},"properties":{"s":100.0,"pub":false}},{"type":"Feature","geometry":{"type":"Point","coordinates":[-106.0425,37.9218]},"properties":{"s":100.0,"pub":false}},{"type":"Feature","geometry":{"type":"Point","coordinates":[-106.0425,37.9276]},"properties":{"s":100.0,"pub":true}},{"type":"Feature","geometry":{"type":"Point","coordinates":[-106.0425,37.9334]},"properties":{"s":100.0,"pub":true}},{"type":"Feature","geometry":{"type":"Point","coordinates":[-106.0425,37.9392]},"properties":{"s":100.0,"pub":true}},{"type":"Feature","geometry":{"type":"Point","coordinates":[-106.0425,37.945]},"properties":{"s":100.0,"pub":false}},{"type":"Feature","geometry":{"type":"Point","coordinates":[-106.0425,37.9508]},"properties":{"s":100.0,"pub":false}},{"type":"Feature","geometry":{"type":"Point","coordinates":[-106.0425,37.9566]},"properties":{"s":100.0,"pub":false}},{"type":"Feature","geometry":{"type":"Point","coordinates":[-106.0425,37.9624]},"properties":{"s":100.0,"pub":true}},{"type":"Feature","geometry":{"type":"Point","coordinates":[-106.0425,37.9682]},"properties":{"s":100.0,"pub":true}},{"type":"Feature","geometry":{"type":"Point","coordinates":[-106.0425,37.974]},"properties":{"s":100.0,"pub":false}},{"type":"Feature","geometry":{"type":"Point","coordinates":[-106.0425,37.9798]},"properties":{"s":100.0,"pub":false}},{"type":"Feature","geometry":{"type":"Point","coordinates":[-106.0425,37.9856]},"properties":{"s":100.0,"pub":false}},{"type":"Feature","geometry":{"type":"Point","coordinates":[-106.0425,37.9914]},"properties":{"s":100.0,"pub":false}},{"type":"Feature","geometry":{"type":"Point","coordinates":[-106.0425,37.9972]},"properties":{"s":69.2,"pub":false}},{"type":"Feature","geometry":{"type":"Point","coordinates":[-106.0425,38.003]},"properties":{"s":69.2,"pub":false}},{"type":"Feature","geometry":{"type":"Point","coordinates":[-106.0425,38.0088]},"properties":{"s":69.2,"pub":false}},{"type":"Feature","geometry":{"type":"Point","coordinates":[-106.0425,38.0146]},"properties":{"s":69.2,"pub":false}},{"type":"Feature","geometry":{"type":"Point","coordinates":[-106.0425,38.0204]},"properties":{"s":69.2,"pub":false}},{"type":"Feature","geometry":{"type":"Point","coordinates":[-106.0425,38.0262]},"properties":{"s":69.2,"pub":false}},{"type":"Feature","geometry":{"type":"Point","coordinates":[-106.0425,38.032]},"properties":{"s":69.2,"pub":false}},{"type":"Feature","geometry":{"type":"Point","coordinates":[-106.0425,38.0378]},"properties":{"s":69.2,"pub":false}},{"type":"Feature","geometry":{"type":"Point","coordinates":[-106.0425,38.0436]},"properties":{"s":69.2,"pub":false}},{"type":"Feature","geometry":{"type":"Point","coordinates":[-106.0425,38.0494]},"properties":{"s":69.2,"pub":false}},{"type":"Feature","geometry":{"type":"Point","coordinates":[-106.0425,38.0552]},"properties":{"s":69.2,"pub":false}},{"type":"Feature","geometry":{"type":"Point","coordinates":[-106.0425,38.061]},"properties":{"s":69.2,"pub":false}},{"type":"Feature","geometry":{"type":"Point","coordinates":[-106.0425,38.0668]},"properties":{"s":69.2,"pub":false}},{"type":"Feature","geometry":{"type":"Point","coordinates":[-106.0425,38.0726]},"properties":{"s":69.2,"pub":false}},{"type":"Feature","geometry":{"type":"Point","coordinates":[-106.035,37.858]},"properties":{"s":100.0,"pub":false}},{"type":"Feature","geometry":{"type":"Point","coordinates":[-106.035,37.8638]},"properties":{"s":100.0,"pub":false}},{"type":"Feature","geometry":{"type":"Point","coordinates":[-106.035,37.8696]},"properties":{"s":100.0,"pub":false}},{"type":"Feature","geometry":{"type":"Point","coordinates":[-106.035,37.8754]},"properties":{"s":100.0,"pub":false}},{"type":"Feature","geometry":{"type":"Point","coordinates":[-106.035,37.8812]},"properties":{"s":100.0,"pub":false}},{"type":"Feature","geometry":{"type":"Point","coordinates":[-106.035,37.887]},"properties":{"s":100.0,"pub":false}},{"type":"Feature","geometry":{"type":"Point","coordinates":[-106.035,37.8928]},"properties":{"s":100.0,"pub":false}},{"type":"Feature","geometry":{"type":"Point","coordinates":[-106.035,37.8986]},"properties":{"s":100.0,"pub":false}},{"type":"Feature","geometry":{"type":"Point","coordinates":[-106.035,37.9044]},"properties":{"s":100.0,"pub":false}},{"type":"Feature","geometry":{"type":"Point","coordinates":[-106.035,37.9102]},"properties":{"s":100.0,"pub":false}},{"type":"Feature","geometry":{"type":"Point","coordinates":[-106.035,37.916]},"properties":{"s":100.0,"pub":false}},{"type":"Feature","geometry":{"type":"Point","coordinates":[-106.035,37.9218]},"properties":{"s":100.0,"pub":false}},{"type":"Feature","geometry":{"type":"Point","coordinates":[-106.035,37.9276]},"properties":{"s":100.0,"pub":true}},{"type":"Feature","geometry":{"type":"Point","coordinates":[-106.035,37.9334]},"properties":{"s":100.0,"pub":true}},{"type":"Feature","geometry":{"type":"Point","coordinates":[-106.035,37.9392]},"properties":{"s":100.0,"pub":true}},{"type":"Feature","geometry":{"type":"Point","coordinates":[-106.035,37.945]},"properties":{"s":100.0,"pub":false}},{"type":"Feature","geometry":{"type":"Point","coordinates":[-106.035,37.9508]},"properties":{"s":100.0,"pub":false}},{"type":"Feature","geometry":{"type":"Point","coordinates":[-106.035,37.9566]},"properties":{"s":100.0,"pub":false}},{"type":"Feature","geometry":{"type":"Point","coordinates":[-106.035,37.9624]},"properties":{"s":100.0,"pub":true}},{"type":"Feature","geometry":{"type":"Point","coordinates":[-106.035,37.9682]},"properties":{"s":100.0,"pub":true}},{"type":"Feature","geometry":{"type":"Point","coordinates":[-106.035,37.974]},"properties":{"s":100.0,"pub":false}},{"type":"Feature","geometry":{"type":"Point","coordinates":[-106.035,37.9798]},"properties":{"s":100.0,"pub":false}},{"type":"Feature","geometry":{"type":"Point","coordinates":[-106.035,37.9856]},"properties":{"s":100.0,"pub":false}},{"type":"Feature","geometry":{"type":"Point","coordinates":[-106.035,37.9914]},"properties":{"s":100.0,"pub":false}},{"type":"Feature","geometry":{"type":"Point","coordinates":[-106.035,37.9972]},"properties":{"s":69.2,"pub":false}},{"type":"Feature","geometry":{"type":"Point","coordinates":[-106.035,38.003]},"properties":{"s":69.2,"pub":false}},{"type":"Feature","geometry":{"type":"Point","coordinates":[-106.035,38.0088]},"properties":{"s":69.2,"pub":false}},{"type":"Feature","geometry":{"type":"Point","coordinates":[-106.035,38.0146]},"properties":{"s":69.2,"pub":false}},{"type":"Feature","geometry":{"type":"Point","coordinates":[-106.035,38.0204]},"properties":{"s":69.2,"pub":false}},{"type":"Feature","geometry":{"type":"Point","coordinates":[-106.035,38.0262]},"properties":{"s":69.2,"pub":false}},{"type":"Feature","geometry":{"type":"Point","coordinates":[-106.035,38.032]},"properties":{"s":69.2,"pub":false}},{"type":"Feature","geometry":{"type":"Point","coordinates":[-106.035,38.0378]},"properties":{"s":69.2,"pub":false}},{"type":"Feature","geometry":{"type":"Point","coordinates":[-106.035,38.0436]},"properties":{"s":69.2,"pub":false}},{"type":"Feature","geometry":{"type":"Point","coordinates":[-106.035,38.0494]},"properties":{"s":69.2,"pub":false}},{"type":"Feature","geometry":{"type":"Point","coordinates":[-106.035,38.0552]},"properties":{"s":69.2,"pub":false}},{"type":"Feature","geometry":{"type":"Point","coordinates":[-106.035,38.061]},"properties":{"s":69.2,"pub":false}},{"type":"Feature","geometry":{"type":"Point","coordinates":[-106.035,38.0668]},"properties":{"s":69.2,"pub":false}},{"type":"Feature","geometry":{"type":"Point","coordinates":[-106.035,38.0726]},"properties":{"s":69.2,"pub":false}},{"type":"Feature","geometry":{"type":"Point","coordinates":[-106.0275,37.858]},"properties":{"s":100.0,"pub":false}},{"type":"Feature","geometry":{"type":"Point","coordinates":[-106.0275,37.8638]},"properties":{"s":100.0,"pub":false}},{"type":"Feature","geometry":{"type":"Point","coordinates":[-106.0275,37.8696]},"properties":{"s":100.0,"pub":false}},{"type":"Feature","geometry":{"type":"Point","coordinates":[-106.0275,37.8754]},"properties":{"s":100.0,"pub":false}},{"type":"Feature","geometry":{"type":"Point","coordinates":[-106.0275,37.8812]},"properties":{"s":100.0,"pub":false}},{"type":"Feature","geometry":{"type":"Point","coordinates":[-106.0275,37.887]},"properties":{"s":100.0,"pub":false}},{"type":"Feature","geometry":{"type":"Point","coordinates":[-106.0275,37.8928]},"properties":{"s":100.0,"pub":false}},{"type":"Feature","geometry":{"type":"Point","coordinates":[-106.0275,37.8986]},"properties":{"s":100.0,"pub":false}},{"type":"Feature","geometry":{"type":"Point","coordinates":[-106.0275,37.9044]},"properties":{"s":100.0,"pub":false}},{"type":"Feature","geometry":{"type":"Point","coordinates":[-106.0275,37.9102]},"properties":{"s":100.0,"pub":false}},{"type":"Feature","geometry":{"type":"Point","coordinates":[-106.0275,37.916]},"properties":{"s":100.0,"pub":false}},{"type":"Feature","geometry":{"type":"Point","coordinates":[-106.0275,37.9218]},"properties":{"s":100.0,"pub":false}},{"type":"Feature","geometry":{"type":"Point","coordinates":[-106.0275,37.9276]},"properties":{"s":100.0,"pub":false}},{"type":"Feature","geometry":{"type":"Point","coordinates":[-106.0275,37.9334]},"properties":{"s":100.0,"pub":false}},{"type":"Feature","geometry":{"type":"Point","coordinates":[-106.0275,37.9392]},"properties":{"s":100.0,"pub":false}},{"type":"Feature","geometry":{"type":"Point","coordinates":[-106.0275,37.945]},"properties":{"s":100.0,"pub":false}},{"type":"Feature","geometry":{"type":"Point","coordinates":[-106.0275,37.9508]},"properties":{"s":100.0,"pub":false}},{"type":"Feature","geometry":{"type":"Point","coordinates":[-106.0275,37.9566]},"properties":{"s":100.0,"pub":false}},{"type":"Feature","geometry":{"type":"Point","coordinates":[-106.0275,37.9624]},"properties":{"s":100.0,"pub":false}},{"type":"Feature","geometry":{"type":"Point","coordinates":[-106.0275,37.9682]},"properties":{"s":100.0,"pub":false}},{"type":"Feature","geometry":{"type":"Point","coordinates":[-106.0275,37.974]},"properties":{"s":100.0,"pub":false}},{"type":"Feature","geometry":{"type":"Point","coordinates":[-106.0275,37.9798]},"properties":{"s":100.0,"pub":false}},{"type":"Feature","geometry":{"type":"Point","coordinates":[-106.0275,37.9856]},"properties":{"s":100.0,"pub":false}},{"type":"Feature","geometry":{"type":"Point","coordinates":[-106.0275,37.9914]},"properties":{"s":100.0,"pub":false}},{"type":"Feature","geometry":{"type":"Point","coordinates":[-106.0275,37.9972]},"properties":{"s":69.2,"pub":false}},{"type":"Feature","geometry":{"type":"Point","coordinates":[-106.0275,38.003]},"properties":{"s":69.2,"pub":false}},{"type":"Feature","geometry":{"type":"Point","coordinates":[-106.0275,38.0088]},"properties":{"s":69.2,"pub":false}},{"type":"Feature","geometry":{"type":"Point","coordinates":[-106.0275,38.0146]},"properties":{"s":69.2,"pub":false}},{"type":"Feature","geometry":{"type":"Point","coordinates":[-106.0275,38.0204]},"properties":{"s":69.2,"pub":false}},{"type":"Feature","geometry":{"type":"Point","coordinates":[-106.0275,38.0262]},"properties":{"s":69.2,"pub":false}},{"type":"Feature","geometry":{"type":"Point","coordinates":[-106.0275,38.032]},"properties":{"s":69.2,"pub":false}},{"type":"Feature","geometry":{"type":"Point","coordinates":[-106.0275,38.0378]},"properties":{"s":69.2,"pub":false}},{"type":"Feature","geometry":{"type":"Point","coordinates":[-106.0275,38.0436]},"properties":{"s":69.2,"pub":false}},{"type":"Feature","geometry":{"type":"Point","coordinates":[-106.0275,38.0494]},"properties":{"s":69.2,"pub":false}},{"type":"Feature","geometry":{"type":"Point","coordinates":[-106.0275,38.0552]},"properties":{"s":69.2,"pub":false}},{"type":"Feature","geometry":{"type":"Point","coordinates":[-106.0275,38.061]},"properties":{"s":69.2,"pub":false}},{"type":"Feature","geometry":{"type":"Point","coordinates":[-106.0275,38.0668]},"properties":{"s":69.2,"pub":false}},{"type":"Feature","geometry":{"type":"Point","coordinates":[-106.0275,38.0726]},"properties":{"s":69.2,"pub":false}},{"type":"Feature","geometry":{"type":"Point","coordinates":[-106.02,37.8638]},"properties":{"s":100.0,"pub":false}},{"type":"Feature","geometry":{"type":"Point","coordinates":[-106.02,37.8696]},"properties":{"s":100.0,"pub":false}},{"type":"Feature","geometry":{"type":"Point","coordinates":[-106.02,37.8754]},"properties":{"s":100.0,"pub":false}},{"type":"Feature","geometry":{"type":"Point","coordinates":[-106.02,37.8812]},"properties":{"s":100.0,"pub":false}},{"type":"Feature","geometry":{"type":"Point","coordinates":[-106.02,37.887]},"properties":{"s":100.0,"pub":false}},{"type":"Feature","geometry":{"type":"Point","coordinates":[-106.02,37.8928]},"properties":{"s":100.0,"pub":false}},{"type":"Feature","geometry":{"type":"Point","coordinates":[-106.02,37.8986]},"properties":{"s":100.0,"pub":false}},{"type":"Feature","geometry":{"type":"Point","coordinates":[-106.02,37.9044]},"properties":{"s":100.0,"pub":false}},{"type":"Feature","geometry":{"type":"Point","coordinates":[-106.02,37.9102]},"properties":{"s":100.0,"pub":false}},{"type":"Feature","geometry":{"type":"Point","coordinates":[-106.02,37.916]},"properties":{"s":100.0,"pub":false}},{"type":"Feature","geometry":{"type":"Point","coordinates":[-106.02,37.9218]},"properties":{"s":100.0,"pub":false}},{"type":"Feature","geometry":{"type":"Point","coordinates":[-106.02,37.9276]},"properties":{"s":100.0,"pub":false}},{"type":"Feature","geometry":{"type":"Point","coordinates":[-106.02,37.9334]},"properties":{"s":100.0,"pub":false}},{"type":"Feature","geometry":{"type":"Point","coordinates":[-106.02,37.9392]},"properties":{"s":100.0,"pub":false}},{"type":"Feature","geometry":{"type":"Point","coordinates":[-106.02,37.945]},"properties":{"s":100.0,"pub":false}},{"type":"Feature","geometry":{"type":"Point","coordinates":[-106.02,37.9508]},"properties":{"s":100.0,"pub":false}},{"type":"Feature","geometry":{"type":"Point","coordinates":[-106.02,37.9566]},"properties":{"s":100.0,"pub":false}},{"type":"Feature","geometry":{"type":"Point","coordinates":[-106.02,37.9624]},"properties":{"s":100.0,"pub":false}},{"type":"Feature","geometry":{"type":"Point","coordinates":[-106.02,37.9682]},"properties":{"s":100.0,"pub":false}},{"type":"Feature","geometry":{"type":"Point","coordinates":[-106.02,37.974]},"properties":{"s":100.0,"pub":false}},{"type":"Feature","geometry":{"type":"Point","coordinates":[-106.02,37.9798]},"properties":{"s":100.0,"pub":false}},{"type":"Feature","geometry":{"type":"Point","coordinates":[-106.02,37.9856]},"properties":{"s":100.0,"pub":false}},{"type":"Feature","geometry":{"type":"Point","coordinates":[-106.02,37.9914]},"properties":{"s":100.0,"pub":false}},{"type":"Feature","geometry":{"type":"Point","coordinates":[-106.02,37.9972]},"properties":{"s":69.2,"pub":false}},{"type":"Feature","geometry":{"type":"Point","coordinates":[-106.02,38.003]},"properties":{"s":69.2,"pub":false}},{"type":"Feature","geometry":{"type":"Point","coordinates":[-106.02,38.0088]},"properties":{"s":69.2,"pub":false}},{"type":"Feature","geometry":{"type":"Point","coordinates":[-106.02,38.0146]},"properties":{"s":69.2,"pub":false}},{"type":"Feature","geometry":{"type":"Point","coordinates":[-106.02,38.0204]},"properties":{"s":69.2,"pub":false}},{"type":"Feature","geometry":{"type":"Point","coordinates":[-106.02,38.0262]},"properties":{"s":69.2,"pub":false}},{"type":"Feature","geometry":{"type":"Point","coordinates":[-106.02,38.032]},"properties":{"s":69.2,"pub":false}},{"type":"Feature","geometry":{"type":"Point","coordinates":[-106.02,38.0378]},"properties":{"s":69.2,"pub":false}},{"type":"Feature","geometry":{"type":"Point","coordinates":[-106.02,38.0436]},"properties":{"s":69.2,"pub":false}},{"type":"Feature","geometry":{"type":"Point","coordinates":[-106.02,38.0494]},"properties":{"s":69.2,"pub":false}},{"type":"Feature","geometry":{"type":"Point","coordinates":[-106.02,38.0552]},"properties":{"s":69.2,"pub":false}},{"type":"Feature","geometry":{"type":"Point","coordinates":[-106.02,38.061]},"properties":{"s":69.2,"pub":false}},{"type":"Feature","geometry":{"type":"Point","coordinates":[-106.02,38.0668]},"properties":{"s":69.2,"pub":false}},{"type":"Feature","geometry":{"type":"Point","coordinates":[-106.02,38.0726]},"properties":{"s":69.2,"pub":false}},{"type":"Feature","geometry":{"type":"Point","coordinates":[-106.02,38.0784]},"properties":{"s":69.2,"pub":false}},{"type":"Feature","geometry":{"type":"Point","coordinates":[-106.0125,37.8696]},"properties":{"s":100.0,"pub":false}},{"type":"Feature","geometry":{"type":"Point","coordinates":[-106.0125,37.8754]},"properties":{"s":100.0,"pub":false}},{"type":"Feature","geometry":{"type":"Point","coordinates":[-106.0125,37.8812]},"properties":{"s":100.0,"pub":false}},{"type":"Feature","geometry":{"type":"Point","coordinates":[-106.0125,37.887]},"properties":{"s":100.0,"pub":false}},{"type":"Feature","geometry":{"type":"Point","coordinates":[-106.0125,37.8928]},"properties":{"s":100.0,"pub":false}},{"type":"Feature","geometry":{"type":"Point","coordinates":[-106.0125,37.8986]},"properties":{"s":100.0,"pub":false}},{"type":"Feature","geometry":{"type":"Point","coordinates":[-106.0125,37.9044]},"properties":{"s":100.0,"pub":false}},{"type":"Feature","geometry":{"type":"Point","coordinates":[-106.0125,37.9102]},"properties":{"s":100.0,"pub":false}},{"type":"Feature","geometry":{"type":"Point","coordinates":[-106.0125,37.916]},"properties":{"s":100.0,"pub":false}},{"type":"Feature","geometry":{"type":"Point","coordinates":[-106.0125,37.9218]},"properties":{"s":100.0,"pub":false}},{"type":"Feature","geometry":{"type":"Point","coordinates":[-106.0125,37.9276]},"properties":{"s":100.0,"pub":true}},{"type":"Feature","geometry":{"type":"Point","coordinates":[-106.0125,37.9334]},"properties":{"s":100.0,"pub":true}},{"type":"Feature","geometry":{"type":"Point","coordinates":[-106.0125,37.9392]},"properties":{"s":100.0,"pub":false}},{"type":"Feature","geometry":{"type":"Point","coordinates":[-106.0125,37.945]},"properties":{"s":100.0,"pub":false}},{"type":"Feature","geometry":{"type":"Point","coordinates":[-106.0125,37.9508]},"properties":{"s":100.0,"pub":false}},{"type":"Feature","geometry":{"type":"Point","coordinates":[-106.0125,37.9566]},"properties":{"s":100.0,"pub":false}},{"type":"Feature","geometry":{"type":"Point","coordinates":[-106.0125,37.9624]},"properties":{"s":100.0,"pub":false}},{"type":"Feature","geometry":{"type":"Point","coordinates":[-106.0125,37.9682]},"properties":{"s":100.0,"pub":false}},{"type":"Feature","geometry":{"type":"Point","coordinates":[-106.0125,37.974]},"properties":{"s":100.0,"pub":false}},{"type":"Feature","geometry":{"type":"Point","coordinates":[-106.0125,37.9798]},"properties":{"s":100.0,"pub":false}},{"type":"Feature","geometry":{"type":"Point","coordinates":[-106.0125,37.9856]},"properties":{"s":100.0,"pub":false}},{"type":"Feature","geometry":{"type":"Point","coordinates":[-106.0125,37.9914]},"properties":{"s":100.0,"pub":false}},{"type":"Feature","geometry":{"type":"Point","coordinates":[-106.0125,37.9972]},"properties":{"s":69.2,"pub":false}},{"type":"Feature","geometry":{"type":"Point","coordinates":[-106.0125,38.003]},"properties":{"s":69.2,"pub":false}},{"type":"Feature","geometry":{"type":"Point","coordinates":[-106.0125,38.0088]},"properties":{"s":69.2,"pub":false}},{"type":"Feature","geometry":{"type":"Point","coordinates":[-106.0125,38.0146]},"properties":{"s":69.2,"pub":false}},{"type":"Feature","geometry":{"type":"Point","coordinates":[-106.0125,38.0204]},"properties":{"s":69.2,"pub":false}},{"type":"Feature","geometry":{"type":"Point","coordinates":[-106.0125,38.0262]},"properties":{"s":69.2,"pub":false}},{"type":"Feature","geometry":{"type":"Point","coordinates":[-106.0125,38.032]},"properties":{"s":69.2,"pub":false}},{"type":"Feature","geometry":{"type":"Point","coordinates":[-106.0125,38.0378]},"properties":{"s":69.2,"pub":false}},{"type":"Feature","geometry":{"type":"Point","coordinates":[-106.0125,38.0436]},"properties":{"s":69.2,"pub":false}},{"type":"Feature","geometry":{"type":"Point","coordinates":[-106.0125,38.0494]},"properties":{"s":69.2,"pub":false}},{"type":"Feature","geometry":{"type":"Point","coordinates":[-106.0125,38.0552]},"properties":{"s":69.2,"pub":false}},{"type":"Feature","geometry":{"type":"Point","coordinates":[-106.0125,38.061]},"properties":{"s":69.2,"pub":false}},{"type":"Feature","geometry":{"type":"Point","coordinates":[-106.0125,38.0668]},"properties":{"s":69.2,"pub":false}},{"type":"Feature","geometry":{"type":"Point","coordinates":[-106.0125,38.0726]},"properties":{"s":69.2,"pub":false}},{"type":"Feature","geometry":{"type":"Point","coordinates":[-106.0125,38.0784]},"properties":{"s":69.2,"pub":false}},{"type":"Feature","geometry":{"type":"Point","coordinates":[-106.005,37.8754]},"properties":{"s":100.0,"pub":false}},{"type":"Feature","geometry":{"type":"Point","coordinates":[-106.005,37.8812]},"properties":{"s":100.0,"pub":false}},{"type":"Feature","geometry":{"type":"Point","coordinates":[-106.005,37.887]},"properties":{"s":100.0,"pub":false}},{"type":"Feature","geometry":{"type":"Point","coordinates":[-106.005,37.8928]},"properties":{"s":100.0,"pub":false}},{"type":"Feature","geometry":{"type":"Point","coordinates":[-106.005,37.8986]},"properties":{"s":100.0,"pub":false}},{"type":"Feature","geometry":{"type":"Point","coordinates":[-106.005,37.9044]},"properties":{"s":100.0,"pub":false}},{"type":"Feature","geometry":{"type":"Point","coordinates":[-106.005,37.9102]},"properties":{"s":100.0,"pub":false}},{"type":"Feature","geometry":{"type":"Point","coordinates":[-106.005,37.916]},"properties":{"s":100.0,"pub":false}},{"type":"Feature","geometry":{"type":"Point","coordinates":[-106.005,37.9218]},"properties":{"s":100.0,"pub":true}},{"type":"Feature","geometry":{"type":"Point","coordinates":[-106.005,37.9276]},"properties":{"s":100.0,"pub":true}},{"type":"Feature","geometry":{"type":"Point","coordinates":[-106.005,37.9334]},"properties":{"s":100.0,"pub":false}},{"type":"Feature","geometry":{"type":"Point","coordinates":[-106.005,37.9392]},"properties":{"s":100.0,"pub":false}},{"type":"Feature","geometry":{"type":"Point","coordinates":[-106.005,37.945]},"properties":{"s":100.0,"pub":false}},{"type":"Feature","geometry":{"type":"Point","coordinates":[-106.005,37.9508]},"properties":{"s":100.0,"pub":false}},{"type":"Feature","geometry":{"type":"Point","coordinates":[-106.005,37.9566]},"properties":{"s":100.0,"pub":false}},{"type":"Feature","geometry":{"type":"Point","coordinates":[-106.005,37.9624]},"properties":{"s":100.0,"pub":false}},{"type":"Feature","geometry":{"type":"Point","coordinates":[-106.005,37.9682]},"properties":{"s":100.0,"pub":false}},{"type":"Feature","geometry":{"type":"Point","coordinates":[-106.005,37.974]},"properties":{"s":100.0,"pub":false}},{"type":"Feature","geometry":{"type":"Point","coordinates":[-106.005,37.9798]},"properties":{"s":100.0,"pub":false}},{"type":"Feature","geometry":{"type":"Point","coordinates":[-106.005,37.9856]},"properties":{"s":100.0,"pub":false}},{"type":"Feature","geometry":{"type":"Point","coordinates":[-106.005,37.9914]},"properties":{"s":100.0,"pub":false}},{"type":"Feature","geometry":{"type":"Point","coordinates":[-106.005,37.9972]},"properties":{"s":69.2,"pub":false}},{"type":"Feature","geometry":{"type":"Point","coordinates":[-106.005,38.003]},"properties":{"s":69.2,"pub":false}},{"type":"Feature","geometry":{"type":"Point","coordinates":[-106.005,38.0088]},"properties":{"s":69.2,"pub":false}},{"type":"Feature","geometry":{"type":"Point","coordinates":[-106.005,38.0146]},"properties":{"s":69.2,"pub":false}},{"type":"Feature","geometry":{"type":"Point","coordinates":[-106.005,38.0204]},"properties":{"s":69.2,"pub":false}},{"type":"Feature","geometry":{"type":"Point","coordinates":[-106.005,38.0262]},"properties":{"s":69.2,"pub":false}},{"type":"Feature","geometry":{"type":"Point","coordinates":[-106.005,38.032]},"properties":{"s":69.2,"pub":false}},{"type":"Feature","geometry":{"type":"Point","coordinates":[-106.005,38.0378]},"properties":{"s":69.2,"pub":false}},{"type":"Feature","geometry":{"type":"Point","coordinates":[-106.005,38.0436]},"properties":{"s":69.2,"pub":false}},{"type":"Feature","geometry":{"type":"Point","coordinates":[-106.005,38.0494]},"properties":{"s":69.2,"pub":false}},{"type":"Feature","geometry":{"type":"Point","coordinates":[-106.005,38.0552]},"properties":{"s":69.2,"pub":false}},{"type":"Feature","geometry":{"type":"Point","coordinates":[-106.005,38.061]},"properties":{"s":69.2,"pub":false}},{"type":"Feature","geometry":{"type":"Point","coordinates":[-106.005,38.0668]},"properties":{"s":69.2,"pub":false}},{"type":"Feature","geometry":{"type":"Point","coordinates":[-106.005,38.0726]},"properties":{"s":69.2,"pub":false}},{"type":"Feature","geometry":{"type":"Point","coordinates":[-106.005,38.0784]},"properties":{"s":69.2,"pub":false}},{"type":"Feature","geometry":{"type":"Point","coordinates":[-105.9975,37.8754]},"properties":{"s":100.0,"pub":false}},{"type":"Feature","geometry":{"type":"Point","coordinates":[-105.9975,37.8812]},"properties":{"s":100.0,"pub":false}},{"type":"Feature","geometry":{"type":"Point","coordinates":[-105.9975,37.887]},"properties":{"s":100.0,"pub":false}},{"type":"Feature","geometry":{"type":"Point","coordinates":[-105.9975,37.8928]},"properties":{"s":100.0,"pub":false}},{"type":"Feature","geometry":{"type":"Point","coordinates":[-105.9975,37.8986]},"properties":{"s":100.0,"pub":false}},{"type":"Feature","geometry":{"type":"Point","coordinates":[-105.9975,37.9044]},"properties":{"s":100.0,"pub":false}},{"type":"Feature","geometry":{"type":"Point","coordinates":[-105.9975,37.9102]},"properties":{"s":100.0,"pub":false}},{"type":"Feature","geometry":{"type":"Point","coordinates":[-105.9975,37.916]},"properties":{"s":100.0,"pub":false}},{"type":"Feature","geometry":{"type":"Point","coordinates":[-105.9975,37.9218]},"properties":{"s":100.0,"pub":false}},{"type":"Feature","geometry":{"type":"Point","coordinates":[-105.9975,37.9276]},"properties":{"s":100.0,"pub":false}},{"type":"Feature","geometry":{"type":"Point","coordinates":[-105.9975,37.9334]},"properties":{"s":100.0,"pub":true}},{"type":"Feature","geometry":{"type":"Point","coordinates":[-105.9975,37.9392]},"properties":{"s":100.0,"pub":false}},{"type":"Feature","geometry":{"type":"Point","coordinates":[-105.9975,37.945]},"properties":{"s":100.0,"pub":false}},{"type":"Feature","geometry":{"type":"Point","coordinates":[-105.9975,37.9508]},"properties":{"s":100.0,"pub":false}},{"type":"Feature","geometry":{"type":"Point","coordinates":[-105.9975,37.9566]},"properties":{"s":100.0,"pub":false}},{"type":"Feature","geometry":{"type":"Point","coordinates":[-105.9975,37.9624]},"properties":{"s":100.0,"pub":false}},{"type":"Feature","geometry":{"type":"Point","coordinates":[-105.9975,37.9682]},"properties":{"s":100.0,"pub":true}},{"type":"Feature","geometry":{"type":"Point","coordinates":[-105.9975,37.974]},"properties":{"s":100.0,"pub":true}},{"type":"Feature","geometry":{"type":"Point","coordinates":[-105.9975,37.9798]},"properties":{"s":100.0,"pub":false}},{"type":"Feature","geometry":{"type":"Point","coordinates":[-105.9975,37.9856]},"properties":{"s":100.0,"pub":false}},{"type":"Feature","geometry":{"type":"Point","coordinates":[-105.9975,37.9914]},"properties":{"s":100.0,"pub":false}},{"type":"Feature","geometry":{"type":"Point","coordinates":[-105.9975,37.9972]},"properties":{"s":69.2,"pub":false}},{"type":"Feature","geometry":{"type":"Point","coordinates":[-105.9975,38.003]},"properties":{"s":69.2,"pub":false}},{"type":"Feature","geometry":{"type":"Point","coordinates":[-105.9975,38.0088]},"properties":{"s":69.2,"pub":false}},{"type":"Feature","geometry":{"type":"Point","coordinates":[-105.9975,38.0146]},"properties":{"s":69.2,"pub":false}},{"type":"Feature","geometry":{"type":"Point","coordinates":[-105.9975,38.0204]},"properties":{"s":69.2,"pub":false}},{"type":"Feature","geometry":{"type":"Point","coordinates":[-105.9975,38.0262]},"properties":{"s":69.2,"pub":false}},{"type":"Feature","geometry":{"type":"Point","coordinates":[-105.9975,38.032]},"properties":{"s":69.2,"pub":false}},{"type":"Feature","geometry":{"type":"Point","coordinates":[-105.9975,38.0378]},"properties":{"s":69.2,"pub":false}},{"type":"Feature","geometry":{"type":"Point","coordinates":[-105.9975,38.0436]},"properties":{"s":69.2,"pub":false}},{"type":"Feature","geometry":{"type":"Point","coordinates":[-105.9975,38.0494]},"properties":{"s":69.2,"pub":false}},{"type":"Feature","geometry":{"type":"Point","coordinates":[-105.9975,38.0552]},"properties":{"s":69.2,"pub":false}},{"type":"Feature","geometry":{"type":"Point","coordinates":[-105.9975,38.061]},"properties":{"s":69.2,"pub":false}},{"type":"Feature","geometry":{"type":"Point","coordinates":[-105.9975,38.0668]},"properties":{"s":69.2,"pub":false}},{"type":"Feature","geometry":{"type":"Point","coordinates":[-105.9975,38.0726]},"properties":{"s":69.2,"pub":false}},{"type":"Feature","geometry":{"type":"Point","coordinates":[-105.9975,38.0784]},"properties":{"s":69.2,"pub":false}},{"type":"Feature","geometry":{"type":"Point","coordinates":[-105.99,37.8812]},"properties":{"s":100.0,"pub":false}},{"type":"Feature","geometry":{"type":"Point","coordinates":[-105.99,37.887]},"properties":{"s":100.0,"pub":false}},{"type":"Feature","geometry":{"type":"Point","coordinates":[-105.99,37.8928]},"properties":{"s":100.0,"pub":false}},{"type":"Feature","geometry":{"type":"Point","coordinates":[-105.99,37.8986]},"properties":{"s":100.0,"pub":false}},{"type":"Feature","geometry":{"type":"Point","coordinates":[-105.99,37.9044]},"properties":{"s":100.0,"pub":false}},{"type":"Feature","geometry":{"type":"Point","coordinates":[-105.99,37.9102]},"properties":{"s":100.0,"pub":false}},{"type":"Feature","geometry":{"type":"Point","coordinates":[-105.99,37.916]},"properties":{"s":100.0,"pub":false}},{"type":"Feature","geometry":{"type":"Point","coordinates":[-105.99,37.9218]},"properties":{"s":100.0,"pub":false}},{"type":"Feature","geometry":{"type":"Point","coordinates":[-105.99,37.9276]},"properties":{"s":100.0,"pub":false}},{"type":"Feature","geometry":{"type":"Point","coordinates":[-105.99,37.9334]},"properties":{"s":100.0,"pub":true}},{"type":"Feature","geometry":{"type":"Point","coordinates":[-105.99,37.9392]},"properties":{"s":100.0,"pub":false}},{"type":"Feature","geometry":{"type":"Point","coordinates":[-105.99,37.945]},"properties":{"s":100.0,"pub":false}},{"type":"Feature","geometry":{"type":"Point","coordinates":[-105.99,37.9508]},"properties":{"s":100.0,"pub":false}},{"type":"Feature","geometry":{"type":"Point","coordinates":[-105.99,37.9566]},"properties":{"s":100.0,"pub":false}},{"type":"Feature","geometry":{"type":"Point","coordinates":[-105.99,37.9624]},"properties":{"s":100.0,"pub":false}},{"type":"Feature","geometry":{"type":"Point","coordinates":[-105.99,37.9682]},"properties":{"s":100.0,"pub":true}},{"type":"Feature","geometry":{"type":"Point","coordinates":[-105.99,37.974]},"properties":{"s":100.0,"pub":true}},{"type":"Feature","geometry":{"type":"Point","coordinates":[-105.99,37.9798]},"properties":{"s":100.0,"pub":false}},{"type":"Feature","geometry":{"type":"Point","coordinates":[-105.99,37.9856]},"properties":{"s":100.0,"pub":false}},{"type":"Feature","geometry":{"type":"Point","coordinates":[-105.99,37.9914]},"properties":{"s":100.0,"pub":false}},{"type":"Feature","geometry":{"type":"Point","coordinates":[-105.99,37.9972]},"properties":{"s":69.2,"pub":false}},{"type":"Feature","geometry":{"type":"Point","coordinates":[-105.99,38.003]},"properties":{"s":69.2,"pub":false}},{"type":"Feature","geometry":{"type":"Point","coordinates":[-105.99,38.0088]},"properties":{"s":69.2,"pub":false}},{"type":"Feature","geometry":{"type":"Point","coordinates":[-105.99,38.0146]},"properties":{"s":69.2,"pub":false}},{"type":"Feature","geometry":{"type":"Point","coordinates":[-105.99,38.0204]},"properties":{"s":69.2,"pub":false}},{"type":"Feature","geometry":{"type":"Point","coordinates":[-105.99,38.0262]},"properties":{"s":69.2,"pub":false}},{"type":"Feature","geometry":{"type":"Point","coordinates":[-105.99,38.032]},"properties":{"s":69.2,"pub":false}},{"type":"Feature","geometry":{"type":"Point","coordinates":[-105.99,38.0378]},"properties":{"s":69.2,"pub":false}},{"type":"Feature","geometry":{"type":"Point","coordinates":[-105.99,38.0436]},"properties":{"s":69.2,"pub":false}},{"type":"Feature","geometry":{"type":"Point","coordinates":[-105.99,38.0494]},"properties":{"s":69.2,"pub":false}},{"type":"Feature","geometry":{"type":"Point","coordinates":[-105.99,38.0552]},"properties":{"s":69.2,"pub":false}},{"type":"Feature","geometry":{"type":"Point","coordinates":[-105.99,38.061]},"properties":{"s":69.2,"pub":true}},{"type":"Feature","geometry":{"type":"Point","coordinates":[-105.99,38.0668]},"properties":{"s":69.2,"pub":true}},{"type":"Feature","geometry":{"type":"Point","coordinates":[-105.99,38.0726]},"properties":{"s":69.2,"pub":false}},{"type":"Feature","geometry":{"type":"Point","coordinates":[-105.99,38.0784]},"properties":{"s":69.2,"pub":false}},{"type":"Feature","geometry":{"type":"Point","coordinates":[-105.9825,37.8812]},"properties":{"s":100.0,"pub":false}},{"type":"Feature","geometry":{"type":"Point","coordinates":[-105.9825,37.887]},"properties":{"s":100.0,"pub":false}},{"type":"Feature","geometry":{"type":"Point","coordinates":[-105.9825,37.8928]},"properties":{"s":100.0,"pub":false}},{"type":"Feature","geometry":{"type":"Point","coordinates":[-105.9825,37.8986]},"properties":{"s":100.0,"pub":false}},{"type":"Feature","geometry":{"type":"Point","coordinates":[-105.9825,37.9044]},"properties":{"s":100.0,"pub":false}},{"type":"Feature","geometry":{"type":"Point","coordinates":[-105.9825,37.9102]},"properties":{"s":100.0,"pub":false}},{"type":"Feature","geometry":{"type":"Point","coordinates":[-105.9825,37.916]},"properties":{"s":100.0,"pub":false}},{"type":"Feature","geometry":{"type":"Point","coordinates":[-105.9825,37.9218]},"properties":{"s":100.0,"pub":false}},{"type":"Feature","geometry":{"type":"Point","coordinates":[-105.9825,37.9276]},"properties":{"s":100.0,"pub":true}},{"type":"Feature","geometry":{"type":"Point","coordinates":[-105.9825,37.9334]},"properties":{"s":100.0,"pub":true}},{"type":"Feature","geometry":{"type":"Point","coordinates":[-105.9825,37.9392]},"properties":{"s":100.0,"pub":true}},{"type":"Feature","geometry":{"type":"Point","coordinates":[-105.9825,37.945]},"properties":{"s":100.0,"pub":false}},{"type":"Feature","geometry":{"type":"Point","coordinates":[-105.9825,37.9508]},"properties":{"s":100.0,"pub":false}},{"type":"Feature","geometry":{"type":"Point","coordinates":[-105.9825,37.9566]},"properties":{"s":100.0,"pub":false}},{"type":"Feature","geometry":{"type":"Point","coordinates":[-105.9825,37.9624]},"properties":{"s":100.0,"pub":false}},{"type":"Feature","geometry":{"type":"Point","coordinates":[-105.9825,37.9682]},"properties":{"s":100.0,"pub":true}},{"type":"Feature","geometry":{"type":"Point","coordinates":[-105.9825,37.974]},"properties":{"s":100.0,"pub":true}},{"type":"Feature","geometry":{"type":"Point","coordinates":[-105.9825,37.9798]},"properties":{"s":100.0,"pub":false}},{"type":"Feature","geometry":{"type":"Point","coordinates":[-105.9825,37.9856]},"properties":{"s":100.0,"pub":false}},{"type":"Feature","geometry":{"type":"Point","coordinates":[-105.9825,37.9914]},"properties":{"s":100.0,"pub":false}},{"type":"Feature","geometry":{"type":"Point","coordinates":[-105.9825,37.9972]},"properties":{"s":69.2,"pub":false}},{"type":"Feature","geometry":{"type":"Point","coordinates":[-105.9825,38.003]},"properties":{"s":69.2,"pub":false}},{"type":"Feature","geometry":{"type":"Point","coordinates":[-105.9825,38.0088]},"properties":{"s":69.2,"pub":false}},{"type":"Feature","geometry":{"type":"Point","coordinates":[-105.9825,38.0146]},"properties":{"s":69.2,"pub":false}},{"type":"Feature","geometry":{"type":"Point","coordinates":[-105.9825,38.0204]},"properties":{"s":69.2,"pub":false}},{"type":"Feature","geometry":{"type":"Point","coordinates":[-105.9825,38.0262]},"properties":{"s":69.2,"pub":false}},{"type":"Feature","geometry":{"type":"Point","coordinates":[-105.9825,38.032]},"properties":{"s":69.2,"pub":false}},{"type":"Feature","geometry":{"type":"Point","coordinates":[-105.9825,38.0378]},"properties":{"s":69.2,"pub":false}},{"type":"Feature","geometry":{"type":"Point","coordinates":[-105.9825,38.0436]},"properties":{"s":69.2,"pub":false}},{"type":"Feature","geometry":{"type":"Point","coordinates":[-105.9825,38.0494]},"properties":{"s":69.2,"pub":false}},{"type":"Feature","geometry":{"type":"Point","coordinates":[-105.9825,38.0552]},"properties":{"s":69.2,"pub":false}},{"type":"Feature","geometry":{"type":"Point","coordinates":[-105.9825,38.061]},"properties":{"s":69.2,"pub":true}},{"type":"Feature","geometry":{"type":"Point","coordinates":[-105.9825,38.0668]},"properties":{"s":69.2,"pub":true}},{"type":"Feature","geometry":{"type":"Point","coordinates":[-105.9825,38.0726]},"properties":{"s":69.2,"pub":false}},{"type":"Feature","geometry":{"type":"Point","coordinates":[-105.9825,38.0784]},"properties":{"s":69.2,"pub":false}},{"type":"Feature","geometry":{"type":"Point","coordinates":[-105.9825,38.0842]},"properties":{"s":69.2,"pub":false}},{"type":"Feature","geometry":{"type":"Point","coordinates":[-105.975,37.8812]},"properties":{"s":100.0,"pub":false}},{"type":"Feature","geometry":{"type":"Point","coordinates":[-105.975,37.887]},"properties":{"s":100.0,"pub":false}},{"type":"Feature","geometry":{"type":"Point","coordinates":[-105.975,37.8928]},"properties":{"s":100.0,"pub":false}},{"type":"Feature","geometry":{"type":"Point","coordinates":[-105.975,37.8986]},"properties":{"s":100.0,"pub":false}},{"type":"Feature","geometry":{"type":"Point","coordinates":[-105.975,37.9044]},"properties":{"s":100.0,"pub":false}},{"type":"Feature","geometry":{"type":"Point","coordinates":[-105.975,37.9102]},"properties":{"s":100.0,"pub":false}},{"type":"Feature","geometry":{"type":"Point","coordinates":[-105.975,37.916]},"properties":{"s":100.0,"pub":false}},{"type":"Feature","geometry":{"type":"Point","coordinates":[-105.975,37.9218]},"properties":{"s":100.0,"pub":true}},{"type":"Feature","geometry":{"type":"Point","coordinates":[-105.975,37.9276]},"properties":{"s":100.0,"pub":true}},{"type":"Feature","geometry":{"type":"Point","coordinates":[-105.975,37.9334]},"properties":{"s":100.0,"pub":false}},{"type":"Feature","geometry":{"type":"Point","coordinates":[-105.975,37.9392]},"properties":{"s":100.0,"pub":false}},{"type":"Feature","geometry":{"type":"Point","coordinates":[-105.975,37.945]},"properties":{"s":100.0,"pub":false}},{"type":"Feature","geometry":{"type":"Point","coordinates":[-105.975,37.9508]},"properties":{"s":100.0,"pub":true}},{"type":"Feature","geometry":{"type":"Point","coordinates":[-105.975,37.9566]},"properties":{"s":100.0,"pub":false}},{"type":"Feature","geometry":{"type":"Point","coordinates":[-105.975,37.9624]},"properties":{"s":100.0,"pub":false}},{"type":"Feature","geometry":{"type":"Point","coordinates":[-105.975,37.9682]},"properties":{"s":100.0,"pub":false}},{"type":"Feature","geometry":{"type":"Point","coordinates":[-105.975,37.974]},"properties":{"s":100.0,"pub":false}},{"type":"Feature","geometry":{"type":"Point","coordinates":[-105.975,37.9798]},"properties":{"s":100.0,"pub":false}},{"type":"Feature","geometry":{"type":"Point","coordinates":[-105.975,37.9856]},"properties":{"s":100.0,"pub":false}},{"type":"Feature","geometry":{"type":"Point","coordinates":[-105.975,37.9914]},"properties":{"s":100.0,"pub":false}},{"type":"Feature","geometry":{"type":"Point","coordinates":[-105.975,37.9972]},"properties":{"s":69.2,"pub":false}},{"type":"Feature","geometry":{"type":"Point","coordinates":[-105.975,38.003]},"properties":{"s":69.2,"pub":false}},{"type":"Feature","geometry":{"type":"Point","coordinates":[-105.975,38.0088]},"properties":{"s":69.2,"pub":false}},{"type":"Feature","geometry":{"type":"Point","coordinates":[-105.975,38.0146]},"properties":{"s":69.2,"pub":false}},{"type":"Feature","geometry":{"type":"Point","coordinates":[-105.975,38.0204]},"properties":{"s":69.2,"pub":false}},{"type":"Feature","geometry":{"type":"Point","coordinates":[-105.975,38.0262]},"properties":{"s":69.2,"pub":false}},{"type":"Feature","geometry":{"type":"Point","coordinates":[-105.975,38.032]},"properties":{"s":69.2,"pub":false}},{"type":"Feature","geometry":{"type":"Point","coordinates":[-105.975,38.0378]},"properties":{"s":69.2,"pub":false}},{"type":"Feature","geometry":{"type":"Point","coordinates":[-105.975,38.0436]},"properties":{"s":69.2,"pub":false}},{"type":"Feature","geometry":{"type":"Point","coordinates":[-105.975,38.0494]},"properties":{"s":69.2,"pub":false}},{"type":"Feature","geometry":{"type":"Point","coordinates":[-105.975,38.0552]},"properties":{"s":69.2,"pub":false}},{"type":"Feature","geometry":{"type":"Point","coordinates":[-105.975,38.061]},"properties":{"s":69.2,"pub":false}},{"type":"Feature","geometry":{"type":"Point","coordinates":[-105.975,38.0668]},"properties":{"s":69.2,"pub":false}},{"type":"Feature","geometry":{"type":"Point","coordinates":[-105.975,38.0726]},"properties":{"s":69.2,"pub":false}},{"type":"Feature","geometry":{"type":"Point","coordinates":[-105.975,38.0784]},"properties":{"s":69.2,"pub":false}},{"type":"Feature","geometry":{"type":"Point","coordinates":[-105.975,38.0842]},"properties":{"s":69.2,"pub":false}},{"type":"Feature","geometry":{"type":"Point","coordinates":[-105.9675,37.887]},"properties":{"s":100.0,"pub":false}},{"type":"Feature","geometry":{"type":"Point","coordinates":[-105.9675,37.8928]},"properties":{"s":100.0,"pub":false}},{"type":"Feature","geometry":{"type":"Point","coordinates":[-105.9675,37.8986]},"properties":{"s":100.0,"pub":false}},{"type":"Feature","geometry":{"type":"Point","coordinates":[-105.9675,37.9044]},"properties":{"s":100.0,"pub":false}},{"type":"Feature","geometry":{"type":"Point","coordinates":[-105.9675,37.9102]},"properties":{"s":100.0,"pub":false}},{"type":"Feature","geometry":{"type":"Point","coordinates":[-105.9675,37.916]},"properties":{"s":100.0,"pub":false}},{"type":"Feature","geometry":{"type":"Point","coordinates":[-105.9675,37.9218]},"properties":{"s":100.0,"pub":true}},{"type":"Feature","geometry":{"type":"Point","coordinates":[-105.9675,37.9276]},"properties":{"s":100.0,"pub":true}},{"type":"Feature","geometry":{"type":"Point","coordinates":[-105.9675,37.9334]},"properties":{"s":100.0,"pub":false}},{"type":"Feature","geometry":{"type":"Point","coordinates":[-105.9675,37.9392]},"properties":{"s":100.0,"pub":false}},{"type":"Feature","geometry":{"type":"Point","coordinates":[-105.9675,37.945]},"properties":{"s":100.0,"pub":false}},{"type":"Feature","geometry":{"type":"Point","coordinates":[-105.9675,37.9508]},"properties":{"s":100.0,"pub":true}},{"type":"Feature","geometry":{"type":"Point","coordinates":[-105.9675,37.9566]},"properties":{"s":100.0,"pub":false}},{"type":"Feature","geometry":{"type":"Point","coordinates":[-105.9675,37.9624]},"properties":{"s":100.0,"pub":false}},{"type":"Feature","geometry":{"type":"Point","coordinates":[-105.9675,37.9682]},"properties":{"s":100.0,"pub":false}},{"type":"Feature","geometry":{"type":"Point","coordinates":[-105.9675,37.974]},"properties":{"s":100.0,"pub":false}},{"type":"Feature","geometry":{"type":"Point","coordinates":[-105.9675,37.9798]},"properties":{"s":100.0,"pub":false}},{"type":"Feature","geometry":{"type":"Point","coordinates":[-105.9675,37.9856]},"properties":{"s":100.0,"pub":false}},{"type":"Feature","geometry":{"type":"Point","coordinates":[-105.9675,37.9914]},"properties":{"s":100.0,"pub":false}},{"type":"Feature","geometry":{"type":"Point","coordinates":[-105.9675,37.9972]},"properties":{"s":69.2,"pub":false}},{"type":"Feature","geometry":{"type":"Point","coordinates":[-105.9675,38.003]},"properties":{"s":69.2,"pub":false}},{"type":"Feature","geometry":{"type":"Point","coordinates":[-105.9675,38.0088]},"properties":{"s":69.2,"pub":false}},{"type":"Feature","geometry":{"type":"Point","coordinates":[-105.9675,38.0146]},"properties":{"s":69.2,"pub":false}},{"type":"Feature","geometry":{"type":"Point","coordinates":[-105.9675,38.0204]},"properties":{"s":69.2,"pub":false}},{"type":"Feature","geometry":{"type":"Point","coordinates":[-105.9675,38.0262]},"properties":{"s":69.2,"pub":false}},{"type":"Feature","geometry":{"type":"Point","coordinates":[-105.9675,38.032]},"properties":{"s":69.2,"pub":false}},{"type":"Feature","geometry":{"type":"Point","coordinates":[-105.9675,38.0378]},"properties":{"s":69.2,"pub":false}},{"type":"Feature","geometry":{"type":"Point","coordinates":[-105.9675,38.0436]},"properties":{"s":69.2,"pub":false}},{"type":"Feature","geometry":{"type":"Point","coordinates":[-105.9675,38.0494]},"properties":{"s":69.2,"pub":false}},{"type":"Feature","geometry":{"type":"Point","coordinates":[-105.9675,38.0552]},"properties":{"s":69.2,"pub":false}},{"type":"Feature","geometry":{"type":"Point","coordinates":[-105.9675,38.061]},"properties":{"s":69.2,"pub":false}},{"type":"Feature","geometry":{"type":"Point","coordinates":[-105.9675,38.0668]},"properties":{"s":69.2,"pub":false}},{"type":"Feature","geometry":{"type":"Point","coordinates":[-105.9675,38.0726]},"properties":{"s":69.2,"pub":false}},{"type":"Feature","geometry":{"type":"Point","coordinates":[-105.9675,38.0784]},"properties":{"s":69.2,"pub":false}},{"type":"Feature","geometry":{"type":"Point","coordinates":[-105.9675,38.0842]},"properties":{"s":69.2,"pub":false}},{"type":"Feature","geometry":{"type":"Point","coordinates":[-105.96,37.8812]},"properties":{"s":100.0,"pub":false}},{"type":"Feature","geometry":{"type":"Point","coordinates":[-105.96,37.887]},"properties":{"s":100.0,"pub":false}},{"type":"Feature","geometry":{"type":"Point","coordinates":[-105.96,37.8928]},"properties":{"s":100.0,"pub":false}},{"type":"Feature","geometry":{"type":"Point","coordinates":[-105.96,37.8986]},"properties":{"s":100.0,"pub":false}},{"type":"Feature","geometry":{"type":"Point","coordinates":[-105.96,37.9044]},"properties":{"s":100.0,"pub":false}},{"type":"Feature","geometry":{"type":"Point","coordinates":[-105.96,37.9102]},"properties":{"s":100.0,"pub":false}},{"type":"Feature","geometry":{"type":"Point","coordinates":[-105.96,37.916]},"properties":{"s":100.0,"pub":true}},{"type":"Feature","geometry":{"type":"Point","coordinates":[-105.96,37.9218]},"properties":{"s":100.0,"pub":false}},{"type":"Feature","geometry":{"type":"Point","coordinates":[-105.96,37.9276]},"properties":{"s":100.0,"pub":false}},{"type":"Feature","geometry":{"type":"Point","coordinates":[-105.96,37.9334]},"properties":{"s":100.0,"pub":false}},{"type":"Feature","geometry":{"type":"Point","coordinates":[-105.96,37.9392]},"properties":{"s":100.0,"pub":false}},{"type":"Feature","geometry":{"type":"Point","coordinates":[-105.96,37.945]},"properties":{"s":100.0,"pub":false}},{"type":"Feature","geometry":{"type":"Point","coordinates":[-105.96,37.9508]},"properties":{"s":100.0,"pub":false}},{"type":"Feature","geometry":{"type":"Point","coordinates":[-105.96,37.9566]},"properties":{"s":100.0,"pub":false}},{"type":"Feature","geometry":{"type":"Point","coordinates":[-105.96,37.9624]},"properties":{"s":100.0,"pub":true}},{"type":"Feature","geometry":{"type":"Point","coordinates":[-105.96,37.9682]},"properties":{"s":100.0,"pub":false}},{"type":"Feature","geometry":{"type":"Point","coordinates":[-105.96,37.974]},"properties":{"s":100.0,"pub":false}},{"type":"Feature","geometry":{"type":"Point","coordinates":[-105.96,37.9798]},"properties":{"s":100.0,"pub":false}},{"type":"Feature","geometry":{"type":"Point","coordinates":[-105.96,37.9856]},"properties":{"s":100.0,"pub":false}},{"type":"Feature","geometry":{"type":"Point","coordinates":[-105.96,37.9914]},"properties":{"s":100.0,"pub":false}},{"type":"Feature","geometry":{"type":"Point","coordinates":[-105.96,37.9972]},"properties":{"s":69.2,"pub":false}},{"type":"Feature","geometry":{"type":"Point","coordinates":[-105.96,38.003]},"properties":{"s":69.2,"pub":false}},{"type":"Feature","geometry":{"type":"Point","coordinates":[-105.96,38.0088]},"properties":{"s":69.2,"pub":false}},{"type":"Feature","geometry":{"type":"Point","coordinates":[-105.96,38.0146]},"properties":{"s":69.2,"pub":false}},{"type":"Feature","geometry":{"type":"Point","coordinates":[-105.96,38.0204]},"properties":{"s":69.2,"pub":false}},{"type":"Feature","geometry":{"type":"Point","coordinates":[-105.96,38.0262]},"properties":{"s":69.2,"pub":false}},{"type":"Feature","geometry":{"type":"Point","coordinates":[-105.96,38.032]},"properties":{"s":69.2,"pub":false}},{"type":"Feature","geometry":{"type":"Point","coordinates":[-105.96,38.0378]},"properties":{"s":69.2,"pub":false}},{"type":"Feature","geometry":{"type":"Point","coordinates":[-105.96,38.0436]},"properties":{"s":69.2,"pub":false}},{"type":"Feature","geometry":{"type":"Point","coordinates":[-105.96,38.0494]},"properties":{"s":69.2,"pub":false}},{"type":"Feature","geometry":{"type":"Point","coordinates":[-105.96,38.0552]},"properties":{"s":69.2,"pub":false}},{"type":"Feature","geometry":{"type":"Point","coordinates":[-105.96,38.061]},"properties":{"s":69.2,"pub":false}},{"type":"Feature","geometry":{"type":"Point","coordinates":[-105.96,38.0668]},"properties":{"s":69.2,"pub":false}},{"type":"Feature","geometry":{"type":"Point","coordinates":[-105.96,38.0726]},"properties":{"s":69.2,"pub":false}},{"type":"Feature","geometry":{"type":"Point","coordinates":[-105.96,38.0784]},"properties":{"s":69.2,"pub":false}},{"type":"Feature","geometry":{"type":"Point","coordinates":[-105.96,38.0842]},"properties":{"s":69.2,"pub":false}},{"type":"Feature","geometry":{"type":"Point","coordinates":[-105.9525,37.8812]},"properties":{"s":100.0,"pub":false}},{"type":"Feature","geometry":{"type":"Point","coordinates":[-105.9525,37.887]},"properties":{"s":100.0,"pub":false}},{"type":"Feature","geometry":{"type":"Point","coordinates":[-105.9525,37.8928]},"properties":{"s":100.0,"pub":false}},{"type":"Feature","geometry":{"type":"Point","coordinates":[-105.9525,37.8986]},"properties":{"s":100.0,"pub":false}},{"type":"Feature","geometry":{"type":"Point","coordinates":[-105.9525,37.9044]},"properties":{"s":100.0,"pub":false}},{"type":"Feature","geometry":{"type":"Point","coordinates":[-105.9525,37.9102]},"properties":{"s":100.0,"pub":false}},{"type":"Feature","geometry":{"type":"Point","coordinates":[-105.9525,37.916]},"properties":{"s":100.0,"pub":false}},{"type":"Feature","geometry":{"type":"Point","coordinates":[-105.9525,37.9218]},"properties":{"s":100.0,"pub":false}},{"type":"Feature","geometry":{"type":"Point","coordinates":[-105.9525,37.9276]},"properties":{"s":100.0,"pub":false}},{"type":"Feature","geometry":{"type":"Point","coordinates":[-105.9525,37.9334]},"properties":{"s":100.0,"pub":false}},{"type":"Feature","geometry":{"type":"Point","coordinates":[-105.9525,37.9392]},"properties":{"s":100.0,"pub":false}},{"type":"Feature","geometry":{"type":"Point","coordinates":[-105.9525,37.945]},"properties":{"s":100.0,"pub":false}},{"type":"Feature","geometry":{"type":"Point","coordinates":[-105.9525,37.9508]},"properties":{"s":100.0,"pub":false}},{"type":"Feature","geometry":{"type":"Point","coordinates":[-105.9525,37.9566]},"properties":{"s":100.0,"pub":false}},{"type":"Feature","geometry":{"type":"Point","coordinates":[-105.9525,37.9624]},"properties":{"s":100.0,"pub":true}},{"type":"Feature","geometry":{"type":"Point","coordinates":[-105.9525,37.9682]},"properties":{"s":100.0,"pub":false}},{"type":"Feature","geometry":{"type":"Point","coordinates":[-105.9525,37.974]},"properties":{"s":100.0,"pub":false}},{"type":"Feature","geometry":{"type":"Point","coordinates":[-105.9525,37.9798]},"properties":{"s":100.0,"pub":false}},{"type":"Feature","geometry":{"type":"Point","coordinates":[-105.9525,37.9856]},"properties":{"s":100.0,"pub":false}},{"type":"Feature","geometry":{"type":"Point","coordinates":[-105.9525,37.9914]},"properties":{"s":100.0,"pub":false}},{"type":"Feature","geometry":{"type":"Point","coordinates":[-105.9525,37.9972]},"properties":{"s":69.2,"pub":false}},{"type":"Feature","geometry":{"type":"Point","coordinates":[-105.9525,38.003]},"properties":{"s":69.2,"pub":false}},{"type":"Feature","geometry":{"type":"Point","coordinates":[-105.9525,38.0088]},"properties":{"s":69.2,"pub":false}},{"type":"Feature","geometry":{"type":"Point","coordinates":[-105.9525,38.0146]},"properties":{"s":69.2,"pub":false}},{"type":"Feature","geometry":{"type":"Point","coordinates":[-105.9525,38.0204]},"properties":{"s":69.2,"pub":false}},{"type":"Feature","geometry":{"type":"Point","coordinates":[-105.9525,38.0262]},"properties":{"s":69.2,"pub":false}},{"type":"Feature","geometry":{"type":"Point","coordinates":[-105.9525,38.032]},"properties":{"s":69.2,"pub":false}},{"type":"Feature","geometry":{"type":"Point","coordinates":[-105.9525,38.0378]},"properties":{"s":69.2,"pub":false}},{"type":"Feature","geometry":{"type":"Point","coordinates":[-105.9525,38.0436]},"properties":{"s":69.2,"pub":false}},{"type":"Feature","geometry":{"type":"Point","coordinates":[-105.9525,38.0494]},"properties":{"s":69.2,"pub":false}},{"type":"Feature","geometry":{"type":"Point","coordinates":[-105.9525,38.0552]},"properties":{"s":69.2,"pub":false}},{"type":"Feature","geometry":{"type":"Point","coordinates":[-105.9525,38.061]},"properties":{"s":69.2,"pub":false}},{"type":"Feature","geometry":{"type":"Point","coordinates":[-105.9525,38.0668]},"properties":{"s":69.2,"pub":false}},{"type":"Feature","geometry":{"type":"Point","coordinates":[-105.9525,38.0726]},"properties":{"s":69.2,"pub":false}},{"type":"Feature","geometry":{"type":"Point","coordinates":[-105.9525,38.0784]},"properties":{"s":69.2,"pub":false}},{"type":"Feature","geometry":{"type":"Point","coordinates":[-105.9525,38.0842]},"properties":{"s":69.2,"pub":false}},{"type":"Feature","geometry":{"type":"Point","coordinates":[-105.945,37.8812]},"properties":{"s":100.0,"pub":false}},{"type":"Feature","geometry":{"type":"Point","coordinates":[-105.945,37.887]},"properties":{"s":100.0,"pub":false}},{"type":"Feature","geometry":{"type":"Point","coordinates":[-105.945,37.8928]},"properties":{"s":100.0,"pub":false}},{"type":"Feature","geometry":{"type":"Point","coordinates":[-105.945,37.8986]},"properties":{"s":100.0,"pub":false}},{"type":"Feature","geometry":{"type":"Point","coordinates":[-105.945,37.9044]},"properties":{"s":100.0,"pub":false}},{"type":"Feature","geometry":{"type":"Point","coordinates":[-105.945,37.9102]},"properties":{"s":100.0,"pub":false}},{"type":"Feature","geometry":{"type":"Point","coordinates":[-105.945,37.916]},"properties":{"s":100.0,"pub":false}},{"type":"Feature","geometry":{"type":"Point","coordinates":[-105.945,37.9218]},"properties":{"s":100.0,"pub":true}},{"type":"Feature","geometry":{"type":"Point","coordinates":[-105.945,37.9276]},"properties":{"s":100.0,"pub":true}},{"type":"Feature","geometry":{"type":"Point","coordinates":[-105.945,37.9334]},"properties":{"s":100.0,"pub":true}},{"type":"Feature","geometry":{"type":"Point","coordinates":[-105.945,37.9392]},"properties":{"s":100.0,"pub":true}},{"type":"Feature","geometry":{"type":"Point","coordinates":[-105.945,37.945]},"properties":{"s":100.0,"pub":false}},{"type":"Feature","geometry":{"type":"Point","coordinates":[-105.945,37.9508]},"properties":{"s":100.0,"pub":false}}]}