{"type":"FeatureCollection","features":[{"type":"Feature","geometry":{"type":"Point","coordinates":[-106.1877,40.9434]},"properties":{"s":23.1,"pub":true}},{"type":"Feature","geometry":{"type":"Point","coordinates":[-106.1877,40.9492]},"properties":{"s":23.1,"pub":true}},{"type":"Feature","geometry":{"type":"Point","coordinates":[-106.1877,40.9724]},"properties":{"s":23.1,"pub":true}},{"type":"Feature","geometry":{"type":"Point","coordinates":[-106.1877,40.9782]},"properties":{"s":23.1,"pub":true}},{"type":"Feature","geometry":{"type":"Point","coordinates":[-106.1877,40.984]},"properties":{"s":23.1,"pub":true}},{"type":"Feature","geometry":{"type":"Point","coordinates":[-106.1877,40.9898]},"properties":{"s":23.1,"pub":true}},{"type":"Feature","geometry":{"type":"Point","coordinates":[-106.1877,40.9956]},"properties":{"s":23.1,"pub":true}},{"type":"Feature","geometry":{"type":"Point","coordinates":[-106.1802,40.9318]},"properties":{"s":23.1,"pub":true}},{"type":"Feature","geometry":{"type":"Point","coordinates":[-106.1802,40.9376]},"properties":{"s":23.1,"pub":true}},{"type":"Feature","geometry":{"type":"Point","coordinates":[-106.1802,40.9434]},"properties":{"s":23.1,"pub":true}},{"type":"Feature","geometry":{"type":"Point","coordinates":[-106.1802,40.9492]},"properties":{"s":23.1,"pub":true}},{"type":"Feature","geometry":{"type":"Point","coordinates":[-106.1802,40.955]},"properties":{"s":23.1,"pub":true}},{"type":"Feature","geometry":{"type":"Point","coordinates":[-106.1802,40.9608]},"properties":{"s":23.1,"pub":true}},{"type":"Feature","geometry":{"type":"Point","coordinates":[-106.1802,40.9666]},"properties":{"s":23.1,"pub":true}},{"type":"Feature","geometry":{"type":"Point","coordinates":[-106.1802,40.9724]},"properties":{"s":23.1,"pub":true}},{"type":"Feature","geometry":{"type":"Point","coordinates":[-106.1802,40.9782]},"properties":{"s":23.1,"pub":true}},{"type":"Feature","geometry":{"type":"Point","coordinates":[-106.1802,40.984]},"properties":{"s":23.1,"pub":true}},{"type":"Feature","geometry":{"type":"Point","coordinates":[-106.1802,40.9898]},"properties":{"s":23.1,"pub":true}},{"type":"Feature","geometry":{"type":"Point","coordinates":[-106.1802,40.9956]},"properties":{"s":23.1,"pub":true}},{"type":"Feature","geometry":{"type":"Point","coordinates":[-106.1727,40.926]},"properties":{"s":23.1,"pub":true}},{"type":"Feature","geometry":{"type":"Point","coordinates":[-106.1727,40.9318]},"properties":{"s":23.1,"pub":true}},{"type":"Feature","geometry":{"type":"Point","coordinates":[-106.1727,40.9376]},"properties":{"s":23.1,"pub":true}},{"type":"Feature","geometry":{"type":"Point","coordinates":[-106.1727,40.9434]},"properties":{"s":23.1,"pub":true}},{"type":"Feature","geometry":{"type":"Point","coordinates":[-106.1727,40.9492]},"properties":{"s":23.1,"pub":true}},{"type":"Feature","geometry":{"type":"Point","coordinates":[-106.1727,40.955]},"properties":{"s":23.1,"pub":true}},{"type":"Feature","geometry":{"type":"Point","coordinates":[-106.1727,40.9608]},"properties":{"s":23.1,"pub":true}},{"type":"Feature","geometry":{"type":"Point","coordinates":[-106.1727,40.9666]},"properties":{"s":23.1,"pub":true}},{"type":"Feature","geometry":{"type":"Point","coordinates":[-106.1727,40.9724]},"properties":{"s":23.1,"pub":true}},{"type":"Feature","geometry":{"type":"Point","coordinates":[-106.1727,40.9782]},"properties":{"s":23.1,"pub":true}},{"type":"Feature","geometry":{"type":"Point","coordinates":[-106.1727,40.984]},"properties":{"s":23.1,"pub":true}},{"type":"Feature","geometry":{"type":"Point","coordinates":[-106.1727,40.9898]},"properties":{"s":23.1,"pub":true}},{"type":"Feature","geometry":{"type":"Point","coordinates":[-106.1727,40.9956]},"properties":{"s":23.1,"pub":true}},{"type":"Feature","geometry":{"type":"Point","coordinates":[-106.1652,40.9202]},"properties":{"s":23.1,"pub":true}},{"type":"Feature","geometry":{"type":"Point","coordinates":[-106.1652,40.926]},"properties":{"s":23.1,"pub":true}},{"type":"Feature","geometry":{"type":"Point","coordinates":[-106.1652,40.9318]},"properties":{"s":23.1,"pub":true}},{"type":"Feature","geometry":{"type":"Point","coordinates":[-106.1652,40.9376]},"properties":{"s":23.1,"pub":true}},{"type":"Feature","geometry":{"type":"Point","coordinates":[-106.1652,40.9434]},"properties":{"s":23.1,"pub":true}},{"type":"Feature","geometry":{"type":"Point","coordinates":[-106.1652,40.9492]},"properties":{"s":23.1,"pub":true}},{"type":"Feature","geometry":{"type":"Point","coordinates":[-106.1652,40.955]},"properties":{"s":23.1,"pub":true}},{"type":"Feature","geometry":{"type":"Point","coordinates":[-106.1652,40.9608]},"properties":{"s":23.1,"pub":true}},{"type":"Feature","geometry":{"type":"Point","coordinates":[-106.1652,40.9666]},"properties":{"s":23.1,"pub":true}},{"type":"Feature","geometry":{"type":"Point","coordinates":[-106.1652,40.9724]},"properties":{"s":23.1,"pub":true}},{"type":"Feature","geometry":{"type":"Point","coordinates":[-106.1652,40.9782]},"properties":{"s":23.1,"pub":true}},{"type":"Feature","geometry":{"type":"Point","coordinates":[-106.1652,40.984]},"properties":{"s":23.1,"pub":true}},{"type":"Feature","geometry":{"type":"Point","coordinates":[-106.1652,40.9898]},"properties":{"s":23.1,"pub":true}},{"type":"Feature","geometry":{"type":"Point","coordinates":[-106.1652,40.9956]},"properties":{"s":23.1,"pub":true}},{"type":"Feature","geometry":{"type":"Point","coordinates":[-106.1577,40.9144]},"properties":{"s":23.1,"pub":true}},{"type":"Feature","geometry":{"type":"Point","coordinates":[-106.1577,40.9202]},"properties":{"s":23.1,"pub":true}},{"type":"Feature","geometry":{"type":"Point","coordinates":[-106.1577,40.926]},"properties":{"s":23.1,"pub":true}},{"type":"Feature","geometry":{"type":"Point","coordinates":[-106.1577,40.9318]},"properties":{"s":23.1,"pub":true}},{"type":"Feature","geometry":{"type":"Point","coordinates":[-106.1577,40.9376]},"properties":{"s":23.1,"pub":true}},{"type":"Feature","geometry":{"type":"Point","coordinates":[-106.1577,40.9434]},"properties":{"s":23.1,"pub":true}},{"type":"Feature","geometry":{"type":"Point","coordinates":[-106.1577,40.9492]},"properties":{"s":23.1,"pub":true}},{"type":"Feature","geometry":{"type":"Point","coordinates":[-106.1577,40.955]},"properties":{"s":23.1,"pub":true}},{"type":"Feature","geometry":{"type":"Point","coordinates":[-106.1577,40.9608]},"properties":{"s":23.1,"pub":true}},{"type":"Feature","geometry":{"type":"Point","coordinates":[-106.1577,40.9666]},"properties":{"s":23.1,"pub":true}},{"type":"Feature","geometry":{"type":"Point","coordinates":[-106.1577,40.9724]},"properties":{"s":23.1,"pub":true}},{"type":"Feature","geometry":{"type":"Point","coordinates":[-106.1577,40.9782]},"properties":{"s":23.1,"pub":true}},{"type":"Feature","geometry":{"type":"Point","coordinates":[-106.1577,40.984]},"properties":{"s":23.1,"pub":true}},{"type":"Feature","geometry":{"type":"Point","coordinates":[-106.1577,40.9898]},"properties":{"s":23.1,"pub":true}},{"type":"Feature","geometry":{"type":"Point","coordinates":[-106.1577,40.9956]},"properties":{"s":23.1,"pub":true}},{"type":"Feature","geometry":{"type":"Point","coordinates":[-106.1502,40.9086]},"properties":{"s":23.1,"pub":true}},{"type":"Feature","geometry":{"type":"Point","coordinates":[-106.1502,40.9144]},"properties":{"s":23.1,"pub":true}},{"type":"Feature","geometry":{"type":"Point","coordinates":[-106.1502,40.9202]},"properties":{"s":23.1,"pub":true}},{"type":"Feature","geometry":{"type":"Point","coordinates":[-106.1502,40.926]},"properties":{"s":23.1,"pub":true}},{"type":"Feature","geometry":{"type":"Point","coordinates":[-106.1502,40.9318]},"properties":{"s":23.1,"pub":true}},{"type":"Feature","geometry":{"type":"Point","coordinates":[-106.1502,40.9376]},"properties":{"s":23.1,"pub":true}},{"type":"Feature","geometry":{"type":"Point","coordinates":[-106.1502,40.9434]},"properties":{"s":23.1,"pub":true}},{"type":"Feature","geometry":{"type":"Point","coordinates":[-106.1502,40.9492]},"properties":{"s":23.1,"pub":true}},{"type":"Feature","geometry":{"type":"Point","coordinates":[-106.1502,40.955]},"properties":{"s":23.1,"pub":true}},{"type":"Feature","geometry":{"type":"Point","coordinates":[-106.1502,40.9608]},"properties":{"s":23.1,"pub":true}},{"type":"Feature","geometry":{"type":"Point","coordinates":[-106.1502,40.9666]},"properties":{"s":23.1,"pub":true}},{"type":"Feature","geometry":{"type":"Point","coordinates":[-106.1502,40.9724]},"properties":{"s":23.1,"pub":true}},{"type":"Feature","geometry":{"type":"Point","coordinates":[-106.1502,40.9782]},"properties":{"s":23.1,"pub":true}},{"type":"Feature","geometry":{"type":"Point","coordinates":[-106.1502,40.984]},"properties":{"s":23.1,"pub":true}},{"type":"Feature","geometry":{"type":"Point","coordinates":[-106.1502,40.9898]},"properties":{"s":23.1,"pub":true}},{"type":"Feature","geometry":{"type":"Point","coordinates":[-106.1502,40.9956]},"properties":{"s":23.1,"pub":true}},{"type":"Feature","geometry":{"type":"Point","coordinates":[-106.1427,40.9086]},"properties":{"s":23.1,"pub":true}},{"type":"Feature","geometry":{"type":"Point","coordinates":[-106.1427,40.9144]},"properties":{"s":23.1,"pub":true}},{"type":"Feature","geometry":{"type":"Point","coordinates":[-106.1427,40.9202]},"properties":{"s":23.1,"pub":true}},{"type":"Feature","geometry":{"type":"Point","coordinates":[-106.1427,40.926]},"properties":{"s":23.1,"pub":true}},{"type":"Feature","geometry":{"type":"Point","coordinates":[-106.1427,40.9318]},"properties":{"s":23.1,"pub":true}},{"type":"Feature","geometry":{"type":"Point","coordinates":[-106.1427,40.9376]},"properties":{"s":23.1,"pub":true}},{"type":"Feature","geometry":{"type":"Point","coordinates":[-106.1427,40.9434]},"properties":{"s":23.1,"pub":true}},{"type":"Feature","geometry":{"type":"Point","coordinates":[-106.1427,40.9492]},"properties":{"s":23.1,"pub":true}},{"type":"Feature","geometry":{"type":"Point","coordinates":[-106.1427,40.955]},"properties":{"s":23.1,"pub":true}},{"type":"Feature","geometry":{"type":"Point","coordinates":[-106.1427,40.9608]},"properties":{"s":23.1,"pub":true}},{"type":"Feature","geometry":{"type":"Point","coordinates":[-106.1427,40.9666]},"properties":{"s":26.9,"pub":true}},{"type":"Feature","geometry":{"type":"Point","coordinates":[-106.1427,40.9724]},"properties":{"s":26.9,"pub":true}},{"type":"Feature","geometry":{"type":"Point","coordinates":[-106.1427,40.9782]},"properties":{"s":26.9,"pub":true}},{"type":"Feature","geometry":{"type":"Point","coordinates":[-106.1427,40.984]},"properties":{"s":26.9,"pub":true}},{"type":"Feature","geometry":{"type":"Point","coordinates":[-106.1427,40.9898]},"properties":{"s":26.9,"pub":true}},{"type":"Feature","geometry":{"type":"Point","coordinates":[-106.1427,40.9956]},"properties":{"s":26.9,"pub":true}},{"type":"Feature","geometry":{"type":"Point","coordinates":[-106.1352,40.9028]},"properties":{"s":23.1,"pub":true}},{"type":"Feature","geometry":{"type":"Point","coordinates":[-106.1352,40.9086]},"properties":{"s":23.1,"pub":true}},{"type":"Feature","geometry":{"type":"Point","coordinates":[-106.1352,40.9144]},"properties":{"s":23.1,"pub":true}},{"type":"Feature","geometry":{"type":"Point","coordinates":[-106.1352,40.9202]},"properties":{"s":23.1,"pub":true}},{"type":"Feature","geometry":{"type":"Point","coordinates":[-106.1352,40.926]},"properties":{"s":23.1,"pub":true}},{"type":"Feature","geometry":{"type":"Point","coordinates":[-106.1352,40.9318]},"properties":{"s":23.1,"pub":true}},{"type":"Feature","geometry":{"type":"Point","coordinates":[-106.1352,40.9376]},"properties":{"s":23.1,"pub":true}},{"type":"Feature","geometry":{"type":"Point","coordinates":[-106.1352,40.9434]},"properties":{"s":23.1,"pub":true}},{"type":"Feature","geometry":{"type":"Point","coordinates":[-106.1352,40.9492]},"properties":{"s":23.1,"pub":true}},{"type":"Feature","geometry":{"type":"Point","coordinates":[-106.1352,40.955]},"properties":{"s":26.9,"pub":true}},{"type":"Feature","geometry":{"type":"Point","coordinates":[-106.1352,40.9608]},"properties":{"s":26.9,"pub":true}},{"type":"Feature","geometry":{"type":"Point","coordinates":[-106.1352,40.9666]},"properties":{"s":26.9,"pub":true}},{"type":"Feature","geometry":{"type":"Point","coordinates":[-106.1352,40.9724]},"properties":{"s":26.9,"pub":true}},{"type":"Feature","geometry":{"type":"Point","coordinates":[-106.1352,40.9782]},"properties":{"s":26.9,"pub":true}},{"type":"Feature","geometry":{"type":"Point","coordinates":[-106.1352,40.984]},"properties":{"s":26.9,"pub":true}},{"type":"Feature","geometry":{"type":"Point","coordinates":[-106.1352,40.9898]},"properties":{"s":26.9,"pub":true}},{"type":"Feature","geometry":{"type":"Point","coordinates":[-106.1352,40.9956]},"properties":{"s":26.9,"pub":true}},{"type":"Feature","geometry":{"type":"Point","coordinates":[-106.1277,40.8738]},"properties":{"s":23.1,"pub":true}},{"type":"Feature","geometry":{"type":"Point","coordinates":[-106.1277,40.8796]},"properties":{"s":23.1,"pub":true}},{"type":"Feature","geometry":{"type":"Point","coordinates":[-106.1277,40.8912]},"properties":{"s":23.1,"pub":true}},{"type":"Feature","geometry":{"type":"Point","coordinates":[-106.1277,40.897]},"properties":{"s":23.1,"pub":true}},{"type":"Feature","geometry":{"type":"Point","coordinates":[-106.1277,40.9028]},"properties":{"s":23.1,"pub":true}},{"type":"Feature","geometry":{"type":"Point","coordinates":[-106.1277,40.9086]},"properties":{"s":23.1,"pub":true}},{"type":"Feature","geometry":{"type":"Point","coordinates":[-106.1277,40.9144]},"properties":{"s":23.1,"pub":true}},{"type":"Feature","geometry":{"type":"Point","coordinates":[-106.1277,40.9202]},"properties":{"s":23.1,"pub":true}},{"type":"Feature","geometry":{"type":"Point","coordinates":[-106.1277,40.926]},"properties":{"s":23.1,"pub":true}},{"type":"Feature","geometry":{"type":"Point","coordinates":[-106.1277,40.9318]},"properties":{"s":23.1,"pub":true}},{"type":"Feature","geometry":{"type":"Point","coordinates":[-106.1277,40.9376]},"properties":{"s":23.1,"pub":true}},{"type":"Feature","geometry":{"type":"Point","coordinates":[-106.1277,40.9434]},"properties":{"s":23.1,"pub":true}},{"type":"Feature","geometry":{"type":"Point","coordinates":[-106.1277,40.9492]},"properties":{"s":26.9,"pub":true}},{"type":"Feature","geometry":{"type":"Point","coordinates":[-106.1277,40.955]},"properties":{"s":26.9,"pub":true}},{"type":"Feature","geometry":{"type":"Point","coordinates":[-106.1277,40.9608]},"properties":{"s":26.9,"pub":true}},{"type":"Feature","geometry":{"type":"Point","coordinates":[-106.1277,40.9666]},"properties":{"s":26.9,"pub":true}},{"type":"Feature","geometry":{"type":"Point","coordinates":[-106.1277,40.9724]},"properties":{"s":26.9,"pub":true}},{"type":"Feature","geometry":{"type":"Point","coordinates":[-106.1277,40.9782]},"properties":{"s":26.9,"pub":true}},{"type":"Feature","geometry":{"type":"Point","coordinates":[-106.1277,40.984]},"properties":{"s":26.9,"pub":true}},{"type":"Feature","geometry":{"type":"Point","coordinates":[-106.1277,40.9898]},"properties":{"s":26.9,"pub":true}},{"type":"Feature","geometry":{"type":"Point","coordinates":[-106.1277,40.9956]},"properties":{"s":26.9,"pub":true}},{"type":"Feature","geometry":{"type":"Point","coordinates":[-106.1202,40.868]},"properties":{"s":23.1,"pub":true}},{"type":"Feature","geometry":{"type":"Point","coordinates":[-106.1202,40.8738]},"properties":{"s":69.2,"pub":true}},{"type":"Feature","geometry":{"type":"Point","coordinates":[-106.1202,40.8796]},"properties":{"s":69.2,"pub":true}},{"type":"Feature","geometry":{"type":"Point","coordinates":[-106.1202,40.8854]},"properties":{"s":69.2,"pub":true}},{"type":"Feature","geometry":{"type":"Point","coordinates":[-106.1202,40.8912]},"properties":{"s":23.1,"pub":true}},{"type":"Feature","geometry":{"type":"Point","coordinates":[-106.1202,40.897]},"properties":{"s":23.1,"pub":true}},{"type":"Feature","geometry":{"type":"Point","coordinates":[-106.1202,40.9028]},"properties":{"s":23.1,"pub":true}},{"type":"Feature","geometry":{"type":"Point","coordinates":[-106.1202,40.9086]},"properties":{"s":23.1,"pub":true}},{"type":"Feature","geometry":{"type":"Point","coordinates":[-106.1202,40.9144]},"properties":{"s":23.1,"pub":true}},{"type":"Feature","geometry":{"type":"Point","coordinates":[-106.1202,40.9202]},"properties":{"s":23.1,"pub":true}},{"type":"Feature","geometry":{"type":"Point","coordinates":[-106.1202,40.926]},"properties":{"s":23.1,"pub":true}},{"type":"Feature","geometry":{"type":"Point","coordinates":[-106.1202,40.9318]},"properties":{"s":23.1,"pub":true}},{"type":"Feature","geometry":{"type":"Point","coordinates":[-106.1202,40.9376]},"properties":{"s":23.1,"pub":true}},{"type":"Feature","geometry":{"type":"Point","coordinates":[-106.1202,40.9434]},"properties":{"s":23.1,"pub":true}},{"type":"Feature","geometry":{"type":"Point","coordinates":[-106.1202,40.9492]},"properties":{"s":26.9,"pub":true}},{"type":"Feature","geometry":{"type":"Point","coordinates":[-106.1202,40.955]},"properties":{"s":26.9,"pub":true}},{"type":"Feature","geometry":{"type":"Point","coordinates":[-106.1202,40.9608]},"properties":{"s":26.9,"pub":true}},{"type":"Feature","geometry":{"type":"Point","coordinates":[-106.1202,40.9666]},"properties":{"s":26.9,"pub":true}},{"type":"Feature","geometry":{"type":"Point","coordinates":[-106.1202,40.9724]},"properties":{"s":26.9,"pub":true}},{"type":"Feature","geometry":{"type":"Point","coordinates":[-106.1202,40.9782]},"properties":{"s":26.9,"pub":true}},{"type":"Feature","geometry":{"type":"Point","coordinates":[-106.1202,40.984]},"properties":{"s":26.9,"pub":true}},{"type":"Feature","geometry":{"type":"Point","coordinates":[-106.1202,40.9898]},"properties":{"s":26.9,"pub":true}},{"type":"Feature","geometry":{"type":"Point","coordinates":[-106.1202,40.9956]},"properties":{"s":26.9,"pub":true}},{"type":"Feature","geometry":{"type":"Point","coordinates":[-106.1127,40.868]},"properties":{"s":69.2,"pub":true}},{"type":"Feature","geometry":{"type":"Point","coordinates":[-106.1127,40.8738]},"properties":{"s":69.2,"pub":true}},{"type":"Feature","geometry":{"type":"Point","coordinates":[-106.1127,40.8796]},"properties":{"s":69.2,"pub":true}},{"type":"Feature","geometry":{"type":"Point","coordinates":[-106.1127,40.8854]},"properties":{"s":69.2,"pub":true}},{"type":"Feature","geometry":{"type":"Point","coordinates":[-106.1127,40.8912]},"properties":{"s":69.2,"pub":true}},{"type":"Feature","geometry":{"type":"Point","coordinates":[-106.1127,40.897]},"properties":{"s":23.1,"pub":true}},{"type":"Feature","geometry":{"type":"Point","coordinates":[-106.1127,40.9028]},"properties":{"s":23.1,"pub":true}},{"type":"Feature","geometry":{"type":"Point","coordinates":[-106.1127,40.9086]},"properties":{"s":23.1,"pub":true}},{"type":"Feature","geometry":{"type":"Point","coordinates":[-106.1127,40.9144]},"properties":{"s":23.1,"pub":true}},{"type":"Feature","geometry":{"type":"Point","coordinates":[-106.1127,40.9202]},"properties":{"s":23.1,"pub":true}},{"type":"Feature","geometry":{"type":"Point","coordinates":[-106.1127,40.926]},"properties":{"s":23.1,"pub":true}},{"type":"Feature","geometry":{"type":"Point","coordinates":[-106.1127,40.9318]},"properties":{"s":23.1,"pub":true}},{"type":"Feature","geometry":{"type":"Point","coordinates":[-106.1127,40.9376]},"properties":{"s":23.1,"pub":true}},{"type":"Feature","geometry":{"type":"Point","coordinates":[-106.1127,40.9434]},"properties":{"s":23.1,"pub":true}},{"type":"Feature","geometry":{"type":"Point","coordinates":[-106.1127,40.9492]},"properties":{"s":26.9,"pub":true}},{"type":"Feature","geometry":{"type":"Point","coordinates":[-106.1127,40.955]},"properties":{"s":26.9,"pub":true}},{"type":"Feature","geometry":{"type":"Point","coordinates":[-106.1127,40.9608]},"properties":{"s":26.9,"pub":true}},{"type":"Feature","geometry":{"type":"Point","coordinates":[-106.1127,40.9666]},"properties":{"s":26.9,"pub":true}},{"type":"Feature","geometry":{"type":"Point","coordinates":[-106.1127,40.9724]},"properties":{"s":26.9,"pub":true}},{"type":"Feature","geometry":{"type":"Point","coordinates":[-106.1127,40.9782]},"properties":{"s":26.9,"pub":true}},{"type":"Feature","geometry":{"type":"Point","coordinates":[-106.1127,40.984]},"properties":{"s":26.9,"pub":true}},{"type":"Feature","geometry":{"type":"Point","coordinates":[-106.1127,40.9898]},"properties":{"s":26.9,"pub":true}},{"type":"Feature","geometry":{"type":"Point","coordinates":[-106.1127,40.9956]},"properties":{"s":26.9,"pub":true}},{"type":"Feature","geometry":{"type":"Point","coordinates":[-106.1052,40.8564]},"properties":{"s":69.2,"pub":true}},{"type":"Feature","geometry":{"type":"Point","coordinates":[-106.1052,40.8622]},"properties":{"s":69.2,"pub":true}},{"type":"Feature","geometry":{"type":"Point","coordinates":[-106.1052,40.868]},"properties":{"s":69.2,"pub":true}},{"type":"Feature","geometry":{"type":"Point","coordinates":[-106.1052,40.8738]},"properties":{"s":69.2,"pub":true}},{"type":"Feature","geometry":{"type":"Point","coordinates":[-106.1052,40.8796]},"properties":{"s":69.2,"pub":true}},{"type":"Feature","geometry":{"type":"Point","coordinates":[-106.1052,40.8854]},"properties":{"s":69.2,"pub":true}},{"type":"Feature","geometry":{"type":"Point","coordinates":[-106.1052,40.8912]},"properties":{"s":23.1,"pub":true}},{"type":"Feature","geometry":{"type":"Point","coordinates":[-106.1052,40.897]},"properties":{"s":23.1,"pub":true}},{"type":"Feature","geometry":{"type":"Point","coordinates":[-106.1052,40.9028]},"properties":{"s":23.1,"pub":true}},{"type":"Feature","geometry":{"type":"Point","coordinates":[-106.1052,40.9086]},"properties":{"s":23.1,"pub":true}},{"type":"Feature","geometry":{"type":"Point","coordinates":[-106.1052,40.9144]},"properties":{"s":23.1,"pub":true}},{"type":"Feature","geometry":{"type":"Point","coordinates":[-106.1052,40.9202]},"properties":{"s":23.1,"pub":true}},{"type":"Feature","geometry":{"type":"Point","coordinates":[-106.1052,40.926]},"properties":{"s":23.1,"pub":true}},{"type":"Feature","geometry":{"type":"Point","coordinates":[-106.1052,40.9318]},"properties":{"s":23.1,"pub":true}},{"type":"Feature","geometry":{"type":"Point","coordinates":[-106.1052,40.9376]},"properties":{"s":23.1,"pub":true}},{"type":"Feature","geometry":{"type":"Point","coordinates":[-106.1052,40.9434]},"properties":{"s":23.1,"pub":true}},{"type":"Feature","geometry":{"type":"Point","coordinates":[-106.1052,40.9492]},"properties":{"s":26.9,"pub":true}},{"type":"Feature","geometry":{"type":"Point","coordinates":[-106.1052,40.955]},"properties":{"s":26.9,"pub":true}},{"type":"Feature","geometry":{"type":"Point","coordinates":[-106.1052,40.9608]},"properties":{"s":26.9,"pub":true}},{"type":"Feature","geometry":{"type":"Point","coordinates":[-106.1052,40.9666]},"properties":{"s":26.9,"pub":true}},{"type":"Feature","geometry":{"type":"Point","coordinates":[-106.1052,40.9724]},"properties":{"s":26.9,"pub":true}},{"type":"Feature","geometry":{"type":"Point","coordinates":[-106.1052,40.9782]},"properties":{"s":26.9,"pub":true}},{"type":"Feature","geometry":{"type":"Point","coordinates":[-106.1052,40.984]},"properties":{"s":26.9,"pub":true}},{"type":"Feature","geometry":{"type":"Point","coordinates":[-106.1052,40.9898]},"properties":{"s":26.9,"pub":true}},{"type":"Feature","geometry":{"type":"Point","coordinates":[-106.1052,40.9956]},"properties":{"s":26.9,"pub":true}},{"type":"Feature","geometry":{"type":"Point","coordinates":[-106.0977,40.8448]},"properties":{"s":69.2,"pub":true}},{"type":"Feature","geometry":{"type":"Point","coordinates":[-106.0977,40.8506]},"properties":{"s":69.2,"pub":true}},{"type":"Feature","geometry":{"type":"Point","coordinates":[-106.0977,40.8564]},"properties":{"s":69.2,"pub":true}},{"type":"Feature","geometry":{"type":"Point","coordinates":[-106.0977,40.8622]},"properties":{"s":69.2,"pub":true}},{"type":"Feature","geometry":{"type":"Point","coordinates":[-106.0977,40.868]},"properties":{"s":69.2,"pub":true}},{"type":"Feature","geometry":{"type":"Point","coordinates":[-106.0977,40.8738]},"properties":{"s":69.2,"pub":true}},{"type":"Feature","geometry":{"type":"Point","coordinates":[-106.0977,40.8796]},"properties":{"s":69.2,"pub":true}},{"type":"Feature","geometry":{"type":"Point","coordinates":[-106.0977,40.8854]},"properties":{"s":23.1,"pub":true}},{"type":"Feature","geometry":{"type":"Point","coordinates":[-106.0977,40.8912]},"properties":{"s":23.1,"pub":true}},{"type":"Feature","geometry":{"type":"Point","coordinates":[-106.0977,40.897]},"properties":{"s":23.1,"pub":true}},{"type":"Feature","geometry":{"type":"Point","coordinates":[-106.0977,40.9028]},"properties":{"s":23.1,"pub":true}},{"type":"Feature","geometry":{"type":"Point","coordinates":[-106.0977,40.9086]},"properties":{"s":23.1,"pub":true}},{"type":"Feature","geometry":{"type":"Point","coordinates":[-106.0977,40.9144]},"properties":{"s":23.1,"pub":true}},{"type":"Feature","geometry":{"type":"Point","coordinates":[-106.0977,40.9202]},"properties":{"s":23.1,"pub":true}},{"type":"Feature","geometry":{"type":"Point","coordinates":[-106.0977,40.926]},"properties":{"s":23.1,"pub":true}},{"type":"Feature","geometry":{"type":"Point","coordinates":[-106.0977,40.9318]},"properties":{"s":23.1,"pub":true}},{"type":"Feature","geometry":{"type":"Point","coordinates":[-106.0977,40.9376]},"properties":{"s":23.1,"pub":true}},{"type":"Feature","geometry":{"type":"Point","coordinates":[-106.0977,40.9434]},"properties":{"s":23.1,"pub":true}},{"type":"Feature","geometry":{"type":"Point","coordinates":[-106.0977,40.9492]},"properties":{"s":23.1,"pub":true}},{"type":"Feature","geometry":{"type":"Point","coordinates":[-106.0977,40.955]},"properties":{"s":26.9,"pub":true}},{"type":"Feature","geometry":{"type":"Point","coordinates":[-106.0977,40.9608]},"properties":{"s":26.9,"pub":true}},{"type":"Feature","geometry":{"type":"Point","coordinates":[-106.0977,40.9666]},"properties":{"s":26.9,"pub":true}},{"type":"Feature","geometry":{"type":"Point","coordinates":[-106.0977,40.9724]},"properties":{"s":26.9,"pub":true}},{"type":"Feature","geometry":{"type":"Point","coordinates":[-106.0977,40.9782]},"properties":{"s":26.9,"pub":true}},{"type":"Feature","geometry":{"type":"Point","coordinates":[-106.0977,40.984]},"properties":{"s":26.9,"pub":true}},{"type":"Feature","geometry":{"type":"Point","coordinates":[-106.0977,40.9898]},"properties":{"s":26.9,"pub":true}},{"type":"Feature","geometry":{"type":"Point","coordinates":[-106.0977,40.9956]},"properties":{"s":26.9,"pub":true}},{"type":"Feature","geometry":{"type":"Point","coordinates":[-106.0902,40.839]},"properties":{"s":69.2,"pub":true}},{"type":"Feature","geometry":{"type":"Point","coordinates":[-106.0902,40.8448]},"properties":{"s":69.2,"pub":true}},{"type":"Feature","geometry":{"type":"Point","coordinates":[-106.0902,40.8506]},"properties":{"s":69.2,"pub":true}},{"type":"Feature","geometry":{"type":"Point","coordinates":[-106.0902,40.8564]},"properties":{"s":69.2,"pub":true}},{"type":"Feature","geometry":{"type":"Point","coordinates":[-106.0902,40.8622]},"properties":{"s":69.2,"pub":true}},{"type":"Feature","geometry":{"type":"Point","coordinates":[-106.0902,40.868]},"properties":{"s":69.2,"pub":true}},{"type":"Feature","geometry":{"type":"Point","coordinates":[-106.0902,40.8738]},"properties":{"s":69.2,"pub":true}},{"type":"Feature","geometry":{"type":"Point","coordinates":[-106.0902,40.8796]},"properties":{"s":69.2,"pub":true}},{"type":"Feature","geometry":{"type":"Point","coordinates":[-106.0902,40.8854]},"properties":{"s":23.1,"pub":true}},{"type":"Feature","geometry":{"type":"Point","coordinates":[-106.0902,40.8912]},"properties":{"s":23.1,"pub":true}},{"type":"Feature","geometry":{"type":"Point","coordinates":[-106.0902,40.897]},"properties":{"s":23.1,"pub":true}},{"type":"Feature","geometry":{"type":"Point","coordinates":[-106.0902,40.9028]},"properties":{"s":23.1,"pub":true}},{"type":"Feature","geometry":{"type":"Point","coordinates":[-106.0902,40.9086]},"properties":{"s":23.1,"pub":true}},{"type":"Feature","geometry":{"type":"Point","coordinates":[-106.0902,40.9144]},"properties":{"s":23.1,"pub":true}},{"type":"Feature","geometry":{"type":"Point","coordinates":[-106.0902,40.9202]},"properties":{"s":23.1,"pub":true}},{"type":"Feature","geometry":{"type":"Point","coordinates":[-106.0902,40.926]},"properties":{"s":23.1,"pub":true}},{"type":"Feature","geometry":{"type":"Point","coordinates":[-106.0902,40.9318]},"properties":{"s":23.1,"pub":true}},{"type":"Feature","geometry":{"type":"Point","coordinates":[-106.0902,40.9376]},"properties":{"s":23.1,"pub":true}},{"type":"Feature","geometry":{"type":"Point","coordinates":[-106.0902,40.9434]},"properties":{"s":23.1,"pub":true}},{"type":"Feature","geometry":{"type":"Point","coordinates":[-106.0902,40.9492]},"properties":{"s":23.1,"pub":true}},{"type":"Feature","geometry":{"type":"Point","coordinates":[-106.0902,40.955]},"properties":{"s":23.1,"pub":true}},{"type":"Feature","geometry":{"type":"Point","coordinates":[-106.0902,40.9608]},"properties":{"s":26.9,"pub":true}},{"type":"Feature","geometry":{"type":"Point","coordinates":[-106.0902,40.9666]},"properties":{"s":26.9,"pub":true}},{"type":"Feature","geometry":{"type":"Point","coordinates":[-106.0902,40.9724]},"properties":{"s":26.9,"pub":true}},{"type":"Feature","geometry":{"type":"Point","coordinates":[-106.0902,40.9782]},"properties":{"s":26.9,"pub":true}},{"type":"Feature","geometry":{"type":"Point","coordinates":[-106.0902,40.984]},"properties":{"s":26.9,"pub":true}},{"type":"Feature","geometry":{"type":"Point","coordinates":[-106.0902,40.9898]},"properties":{"s":26.9,"pub":true}},{"type":"Feature","geometry":{"type":"Point","coordinates":[-106.0902,40.9956]},"properties":{"s":26.9,"pub":true}},{"type":"Feature","geometry":{"type":"Point","coordinates":[-106.0827,40.8332]},"properties":{"s":69.2,"pub":true}},{"type":"Feature","geometry":{"type":"Point","coordinates":[-106.0827,40.839]},"properties":{"s":69.2,"pub":true}},{"type":"Feature","geometry":{"type":"Point","coordinates":[-106.0827,40.8448]},"properties":{"s":100.0,"pub":true}},{"type":"Feature","geometry":{"type":"Point","coordinates":[-106.0827,40.8506]},"properties":{"s":100.0,"pub":true}},{"type":"Feature","geometry":{"type":"Point","coordinates":[-106.0827,40.8564]},"properties":{"s":69.2,"pub":true}},{"type":"Feature","geometry":{"type":"Point","coordinates":[-106.0827,40.8622]},"properties":{"s":69.2,"pub":true}},{"type":"Feature","geometry":{"type":"Point","coordinates":[-106.0827,40.868]},"properties":{"s":69.2,"pub":true}},{"type":"Feature","geometry":{"type":"Point","coordinates":[-106.0827,40.8738]},"properties":{"s":23.1,"pub":true}},{"type":"Feature","geometry":{"type":"Point","coordinates":[-106.0827,40.8796]},"properties":{"s":23.1,"pub":true}},{"type":"Feature","geometry":{"type":"Point","coordinates":[-106.0827,40.8854]},"properties":{"s":23.1,"pub":true}},{"type":"Feature","geometry":{"type":"Point","coordinates":[-106.0827,40.8912]},"properties":{"s":23.1,"pub":true}},{"type":"Feature","geometry":{"type":"Point","coordinates":[-106.0827,40.897]},"properties":{"s":23.1,"pub":true}},{"type":"Feature","geometry":{"type":"Point","coordinates":[-106.0827,40.9028]},"properties":{"s":23.1,"pub":true}},{"type":"Feature","geometry":{"type":"Point","coordinates":[-106.0827,40.9086]},"properties":{"s":23.1,"pub":true}},{"type":"Feature","geometry":{"type":"Point","coordinates":[-106.0827,40.9144]},"properties":{"s":23.1,"pub":true}},{"type":"Feature","geometry":{"type":"Point","coordinates":[-106.0827,40.9202]},"properties":{"s":23.1,"pub":true}},{"type":"Feature","geometry":{"type":"Point","coordinates":[-106.0827,40.926]},"properties":{"s":23.1,"pub":true}},{"type":"Feature","geometry":{"type":"Point","coordinates":[-106.0827,40.9318]},"properties":{"s":23.1,"pub":true}},{"type":"Feature","geometry":{"type":"Point","coordinates":[-106.0827,40.9376]},"properties":{"s":23.1,"pub":true}},{"type":"Feature","geometry":{"type":"Point","coordinates":[-106.0827,40.9434]},"properties":{"s":23.1,"pub":true}},{"type":"Feature","geometry":{"type":"Point","coordinates":[-106.0827,40.9492]},"properties":{"s":23.1,"pub":true}},{"type":"Feature","geometry":{"type":"Point","coordinates":[-106.0827,40.955]},"properties":{"s":23.1,"pub":true}},{"type":"Feature","geometry":{"type":"Point","coordinates":[-106.0827,40.9608]},"properties":{"s":26.9,"pub":true}},{"type":"Feature","geometry":{"type":"Point","coordinates":[-106.0827,40.9666]},"properties":{"s":26.9,"pub":false}},{"type":"Feature","geometry":{"type":"Point","coordinates":[-106.0827,40.9724]},"properties":{"s":26.9,"pub":false}},{"type":"Feature","geometry":{"type":"Point","coordinates":[-106.0827,40.9782]},"properties":{"s":26.9,"pub":true}},{"type":"Feature","geometry":{"type":"Point","coordinates":[-106.0827,40.984]},"properties":{"s":26.9,"pub":true}},{"type":"Feature","geometry":{"type":"Point","coordinates":[-106.0827,40.9898]},"properties":{"s":26.9,"pub":false}},{"type":"Feature","geometry":{"type":"Point","coordinates":[-106.0827,40.9956]},"properties":{"s":26.9,"pub":false}},{"type":"Feature","geometry":{"type":"Point","coordinates":[-106.0752,40.8274]},"properties":{"s":69.2,"pub":true}},{"type":"Feature","geometry":{"type":"Point","coordinates":[-106.0752,40.8332]},"properties":{"s":69.2,"pub":true}},{"type":"Feature","geometry":{"type":"Point","coordinates":[-106.0752,40.839]},"properties":{"s":100.0,"pub":true}},{"type":"Feature","geometry":{"type":"Point","coordinates":[-106.0752,40.8448]},"properties":{"s":100.0,"pub":true}},{"type":"Feature","geometry":{"type":"Point","coordinates":[-106.0752,40.8506]},"properties":{"s":100.0,"pub":true}},{"type":"Feature","geometry":{"type":"Point","coordinates":[-106.0752,40.8564]},"properties":{"s":69.2,"pub":true}},{"type":"Feature","geometry":{"type":"Point","coordinates":[-106.0752,40.8622]},"properties":{"s":69.2,"pub":true}},{"type":"Feature","geometry":{"type":"Point","coordinates":[-106.0752,40.868]},"properties":{"s":23.1,"pub":true}},{"type":"Feature","geometry":{"type":"Point","coordinates":[-106.0752,40.8738]},"properties":{"s":23.1,"pub":true}},{"type":"Feature","geometry":{"type":"Point","coordinates":[-106.0752,40.8796]},"properties":{"s":23.1,"pub":true}},{"type":"Feature","geometry":{"type":"Point","coordinates":[-106.0752,40.8854]},"properties":{"s":23.1,"pub":true}},{"type":"Feature","geometry":{"type":"Point","coordinates":[-106.0752,40.8912]},"properties":{"s":23.1,"pub":true}},{"type":"Feature","geometry":{"type":"Point","coordinates":[-106.0752,40.897]},"properties":{"s":23.1,"pub":true}},{"type":"Feature","geometry":{"type":"Point","coordinates":[-106.0752,40.9028]},"properties":{"s":23.1,"pub":true}},{"type":"Feature","geometry":{"type":"Point","coordinates":[-106.0752,40.9086]},"properties":{"s":23.1,"pub":true}},{"type":"Feature","geometry":{"type":"Point","coordinates":[-106.0752,40.9144]},"properties":{"s":23.1,"pub":true}},{"type":"Feature","geometry":{"type":"Point","coordinates":[-106.0752,40.9202]},"properties":{"s":23.1,"pub":true}},{"type":"Feature","geometry":{"type":"Point","coordinates":[-106.0752,40.926]},"properties":{"s":23.1,"pub":true}},{"type":"Feature","geometry":{"type":"Point","coordinates":[-106.0752,40.9318]},"properties":{"s":23.1,"pub":true}},{"type":"Feature","geometry":{"type":"Point","coordinates":[-106.0752,40.9376]},"properties":{"s":23.1,"pub":true}},{"type":"Feature","geometry":{"type":"Point","coordinates":[-106.0752,40.9434]},"properties":{"s":23.1,"pub":true}},{"type":"Feature","geometry":{"type":"Point","coordinates":[-106.0752,40.9492]},"properties":{"s":23.1,"pub":true}},{"type":"Feature","geometry":{"type":"Point","coordinates":[-106.0752,40.955]},"properties":{"s":23.1,"pub":true}},{"type":"Feature","geometry":{"type":"Point","coordinates":[-106.0752,40.9608]},"properties":{"s":23.1,"pub":false}},{"type":"Feature","geometry":{"type":"Point","coordinates":[-106.0752,40.9666]},"properties":{"s":26.9,"pub":true}},{"type":"Feature","geometry":{"type":"Point","coordinates":[-106.0752,40.9724]},"properties":{"s":26.9,"pub":false}},{"type":"Feature","geometry":{"type":"Point","coordinates":[-106.0752,40.9782]},"properties":{"s":26.9,"pub":false}},{"type":"Feature","geometry":{"type":"Point","coordinates":[-106.0752,40.984]},"properties":{"s":26.9,"pub":false}},{"type":"Feature","geometry":{"type":"Point","coordinates":[-106.0752,40.9898]},"properties":{"s":26.9,"pub":false}},{"type":"Feature","geometry":{"type":"Point","coordinates":[-106.0752,40.9956]},"properties":{"s":26.9,"pub":false}},{"type":"Feature","geometry":{"type":"Point","coordinates":[-106.0677,40.8274]},"properties":{"s":69.2,"pub":true}},{"type":"Feature","geometry":{"type":"Point","coordinates":[-106.0677,40.8332]},"properties":{"s":69.2,"pub":true}},{"type":"Feature","geometry":{"type":"Point","coordinates":[-106.0677,40.839]},"properties":{"s":100.0,"pub":true}},{"type":"Feature","geometry":{"type":"Point","coordinates":[-106.0677,40.8448]},"properties":{"s":100.0,"pub":true}},{"type":"Feature","geometry":{"type":"Point","coordinates":[-106.0677,40.8506]},"properties":{"s":100.0,"pub":true}},{"type":"Feature","geometry":{"type":"Point","coordinates":[-106.0677,40.8564]},"properties":{"s":100.0,"pub":true}},{"type":"Feature","geometry":{"type":"Point","coordinates":[-106.0677,40.8622]},"properties":{"s":23.1,"pub":true}},{"type":"Feature","geometry":{"type":"Point","coordinates":[-106.0677,40.868]},"properties":{"s":23.1,"pub":true}},{"type":"Feature","geometry":{"type":"Point","coordinates":[-106.0677,40.8738]},"properties":{"s":23.1,"pub":true}},{"type":"Feature","geometry":{"type":"Point","coordinates":[-106.0677,40.8796]},"properties":{"s":23.1,"pub":true}},{"type":"Feature","geometry":{"type":"Point","coordinates":[-106.0677,40.8854]},"properties":{"s":23.1,"pub":true}},{"type":"Feature","geometry":{"type":"Point","coordinates":[-106.0677,40.8912]},"properties":{"s":23.1,"pub":true}},{"type":"Feature","geometry":{"type":"Point","coordinates":[-106.0677,40.897]},"properties":{"s":23.1,"pub":true}},{"type":"Feature","geometry":{"type":"Point","coordinates":[-106.0677,40.9028]},"properties":{"s":23.1,"pub":true}},{"type":"Feature","geometry":{"type":"Point","coordinates":[-106.0677,40.9086]},"properties":{"s":23.1,"pub":true}},{"type":"Feature","geometry":{"type":"Point","coordinates":[-106.0677,40.9144]},"properties":{"s":23.1,"pub":true}},{"type":"Feature","geometry":{"type":"Point","coordinates":[-106.0677,40.9202]},"properties":{"s":23.1,"pub":true}},{"type":"Feature","geometry":{"type":"Point","coordinates":[-106.0677,40.926]},"properties":{"s":23.1,"pub":true}},{"type":"Feature","geometry":{"type":"Point","coordinates":[-106.0677,40.9318]},"properties":{"s":23.1,"pub":true}},{"type":"Feature","geometry":{"type":"Point","coordinates":[-106.0677,40.9376]},"properties":{"s":23.1,"pub":true}},{"type":"Feature","geometry":{"type":"Point","coordinates":[-106.0677,40.9434]},"properties":{"s":23.1,"pub":true}},{"type":"Feature","geometry":{"type":"Point","coordinates":[-106.0677,40.9492]},"properties":{"s":23.1,"pub":true}},{"type":"Feature","geometry":{"type":"Point","coordinates":[-106.0677,40.955]},"properties":{"s":23.1,"pub":true}},{"type":"Feature","geometry":{"type":"Point","coordinates":[-106.0677,40.9608]},"properties":{"s":23.1,"pub":false}},{"type":"Feature","geometry":{"type":"Point","coordinates":[-106.0677,40.9666]},"properties":{"s":23.1,"pub":true}},{"type":"Feature","geometry":{"type":"Point","coordinates":[-106.0677,40.9724]},"properties":{"s":26.9,"pub":false}},{"type":"Feature","geometry":{"type":"Point","coordinates":[-106.0677,40.9782]},"properties":{"s":26.9,"pub":false}},{"type":"Feature","geometry":{"type":"Point","coordinates":[-106.0677,40.984]},"properties":{"s":26.9,"pub":true}},{"type":"Feature","geometry":{"type":"Point","coordinates":[-106.0677,40.9898]},"properties":{"s":26.9,"pub":true}},{"type":"Feature","geometry":{"type":"Point","coordinates":[-106.0677,40.9956]},"properties":{"s":26.9,"pub":true}},{"type":"Feature","geometry":{"type":"Point","coordinates":[-106.0602,40.8216]},"properties":{"s":69.2,"pub":true}},{"type":"Feature","geometry":{"type":"Point","coordinates":[-106.0602,40.8274]},"properties":{"s":69.2,"pub":true}},{"type":"Feature","geometry":{"type":"Point","coordinates":[-106.0602,40.8332]},"properties":{"s":69.2,"pub":true}},{"type":"Feature","geometry":{"type":"Point","coordinates":[-106.0602,40.839]},"properties":{"s":100.0,"pub":true}},{"type":"Feature","geometry":{"type":"Point","coordinates":[-106.0602,40.8448]},"properties":{"s":100.0,"pub":true}},{"type":"Feature","geometry":{"type":"Point","coordinates":[-106.0602,40.8506]},"properties":{"s":100.0,"pub":true}},{"type":"Feature","geometry":{"type":"Point","coordinates":[-106.0602,40.8564]},"properties":{"s":53.8,"pub":true}},{"type":"Feature","geometry":{"type":"Point","coordinates":[-106.0602,40.8622]},"properties":{"s":23.1,"pub":true}},{"type":"Feature","geometry":{"type":"Point","coordinates":[-106.0602,40.868]},"properties":{"s":23.1,"pub":true}},{"type":"Feature","geometry":{"type":"Point","coordinates":[-106.0602,40.8738]},"properties":{"s":23.1,"pub":true}},{"type":"Feature","geometry":{"type":"Point","coordinates":[-106.0602,40.8796]},"properties":{"s":23.1,"pub":true}},{"type":"Feature","geometry":{"type":"Point","coordinates":[-106.0602,40.8854]},"properties":{"s":23.1,"pub":true}},{"type":"Feature","geometry":{"type":"Point","coordinates":[-106.0602,40.8912]},"properties":{"s":23.1,"pub":true}},{"type":"Feature","geometry":{"type":"Point","coordinates":[-106.0602,40.897]},"properties":{"s":23.1,"pub":true}},{"type":"Feature","geometry":{"type":"Point","coordinates":[-106.0602,40.9028]},"properties":{"s":23.1,"pub":true}},{"type":"Feature","geometry":{"type":"Point","coordinates":[-106.0602,40.9086]},"properties":{"s":23.1,"pub":true}},{"type":"Feature","geometry":{"type":"Point","coordinates":[-106.0602,40.9144]},"properties":{"s":23.1,"pub":true}},{"type":"Feature","geometry":{"type":"Point","coordinates":[-106.0602,40.9202]},"properties":{"s":23.1,"pub":true}},{"type":"Feature","geometry":{"type":"Point","coordinates":[-106.0602,40.926]},"properties":{"s":23.1,"pub":true}},{"type":"Feature","geometry":{"type":"Point","coordinates":[-106.0602,40.9318]},"properties":{"s":23.1,"pub":true}},{"type":"Feature","geometry":{"type":"Point","coordinates":[-106.0602,40.9376]},"properties":{"s":23.1,"pub":true}},{"type":"Feature","geometry":{"type":"Point","coordinates":[-106.0602,40.9434]},"properties":{"s":23.1,"pub":true}},{"type":"Feature","geometry":{"type":"Point","coordinates":[-106.0602,40.9492]},"properties":{"s":23.1,"pub":true}},{"type":"Feature","geometry":{"type":"Point","coordinates":[-106.0602,40.955]},"properties":{"s":23.1,"pub":true}},{"type":"Feature","geometry":{"type":"Point","coordinates":[-106.0602,40.9608]},"properties":{"s":23.1,"pub":true}},{"type":"Feature","geometry":{"type":"Point","coordinates":[-106.0602,40.9666]},"properties":{"s":23.1,"pub":true}},{"type":"Feature","geometry":{"type":"Point","coordinates":[-106.0602,40.9724]},"properties":{"s":23.1,"pub":true}},{"type":"Feature","geometry":{"type":"Point","coordinates":[-106.0602,40.9782]},"properties":{"s":26.9,"pub":false}},{"type":"Feature","geometry":{"type":"Point","coordinates":[-106.0602,40.984]},"properties":{"s":26.9,"pub":true}},{"type":"Feature","geometry":{"type":"Point","coordinates":[-106.0602,40.9898]},"properties":{"s":26.9,"pub":true}},{"type":"Feature","geometry":{"type":"Point","coordinates":[-106.0602,40.9956]},"properties":{"s":26.9,"pub":true}},{"type":"Feature","geometry":{"type":"Point","coordinates":[-106.0527,40.8158]},"properties":{"s":69.2,"pub":true}},{"type":"Feature","geometry":{"type":"Point","coordinates":[-106.0527,40.8216]},"properties":{"s":69.2,"pub":true}},{"type":"Feature","geometry":{"type":"Point","coordinates":[-106.0527,40.8274]},"properties":{"s":69.2,"pub":true}},{"type":"Feature","geometry":{"type":"Point","coordinates":[-106.0527,40.8332]},"properties":{"s":100.0,"pub":true}},{"type":"Feature","geometry":{"type":"Point","coordinates":[-106.0527,40.839]},"properties":{"s":100.0,"pub":true}},{"type":"Feature","geometry":{"type":"Point","coordinates":[-106.0527,40.8448]},"properties":{"s":100.0,"pub":true}},{"type":"Feature","geometry":{"type":"Point","coordinates":[-106.0527,40.8506]},"properties":{"s":53.8,"pub":true}},{"type":"Feature","geometry":{"type":"Point","coordinates":[-106.0527,40.8564]},"properties":{"s":53.8,"pub":true}},{"type":"Feature","geometry":{"type":"Point","coordinates":[-106.0527,40.8622]},"properties":{"s":23.1,"pub":true}},{"type":"Feature","geometry":{"type":"Point","coordinates":[-106.0527,40.868]},"properties":{"s":23.1,"pub":true}},{"type":"Feature","geometry":{"type":"Point","coordinates":[-106.0527,40.8738]},"properties":{"s":23.1,"pub":true}},{"type":"Feature","geometry":{"type":"Point","coordinates":[-106.0527,40.8796]},"properties":{"s":23.1,"pub":true}},{"type":"Feature","geometry":{"type":"Point","coordinates":[-106.0527,40.8854]},"properties":{"s":23.1,"pub":true}},{"type":"Feature","geometry":{"type":"Point","coordinates":[-106.0527,40.8912]},"properties":{"s":23.1,"pub":true}},{"type":"Feature","geometry":{"type":"Point","coordinates":[-106.0527,40.897]},"properties":{"s":23.1,"pub":true}},{"type":"Feature","geometry":{"type":"Point","coordinates":[-106.0527,40.9028]},"properties":{"s":23.1,"pub":true}},{"type":"Feature","geometry":{"type":"Point","coordinates":[-106.0527,40.9086]},"properties":{"s":23.1,"pub":true}},{"type":"Feature","geometry":{"type":"Point","coordinates":[-106.0527,40.9144]},"properties":{"s":23.1,"pub":true}},{"type":"Feature","geometry":{"type":"Point","coordinates":[-106.0527,40.9202]},"properties":{"s":23.1,"pub":true}},{"type":"Feature","geometry":{"type":"Point","coordinates":[-106.0527,40.926]},"properties":{"s":23.1,"pub":true}},{"type":"Feature","geometry":{"type":"Point","coordinates":[-106.0527,40.9318]},"properties":{"s":23.1,"pub":true}},{"type":"Feature","geometry":{"type":"Point","coordinates":[-106.0527,40.9376]},"properties":{"s":23.1,"pub":true}},{"type":"Feature","geometry":{"type":"Point","coordinates":[-106.0527,40.9434]},"properties":{"s":23.1,"pub":true}},{"type":"Feature","geometry":{"type":"Point","coordinates":[-106.0527,40.9492]},"properties":{"s":23.1,"pub":true}},{"type":"Feature","geometry":{"type":"Point","coordinates":[-106.0527,40.955]},"properties":{"s":23.1,"pub":true}},{"type":"Feature","geometry":{"type":"Point","coordinates":[-106.0527,40.9608]},"properties":{"s":23.1,"pub":true}},{"type":"Feature","geometry":{"type":"Point","coordinates":[-106.0527,40.9666]},"properties":{"s":23.1,"pub":true}},{"type":"Feature","geometry":{"type":"Point","coordinates":[-106.0527,40.9724]},"properties":{"s":23.1,"pub":true}},{"type":"Feature","geometry":{"type":"Point","coordinates":[-106.0527,40.9782]},"properties":{"s":23.1,"pub":true}},{"type":"Feature","geometry":{"type":"Point","coordinates":[-106.0527,40.984]},"properties":{"s":26.9,"pub":true}},{"type":"Feature","geometry":{"type":"Point","coordinates":[-106.0527,40.9898]},"properties":{"s":26.9,"pub":true}},{"type":"Feature","geometry":{"type":"Point","coordinates":[-106.0527,40.9956]},"properties":{"s":26.9,"pub":true}},{"type":"Feature","geometry":{"type":"Point","coordinates":[-106.0452,40.7926]},"properties":{"s":69.2,"pub":true}},{"type":"Feature","geometry":{"type":"Point","coordinates":[-106.0452,40.7984]},"properties":{"s":69.2,"pub":true}},{"type":"Feature","geometry":{"type":"Point","coordinates":[-106.0452,40.8042]},"properties":{"s":69.2,"pub":true}},{"type":"Feature","geometry":{"type":"Point","coordinates":[-106.0452,40.81]},"properties":{"s":69.2,"pub":true}},{"type":"Feature","geometry":{"type":"Point","coordinates":[-106.0452,40.8158]},"properties":{"s":69.2,"pub":true}},{"type":"Feature","geometry":{"type":"Point","coordinates":[-106.0452,40.8216]},"properties":{"s":69.2,"pub":true}},{"type":"Feature","geometry":{"type":"Point","coordinates":[-106.0452,40.8274]},"properties":{"s":100.0,"pub":true}},{"type":"Feature","geometry":{"type":"Point","coordinates":[-106.0452,40.8332]},"properties":{"s":100.0,"pub":true}},{"type":"Feature","geometry":{"type":"Point","coordinates":[-106.0452,40.839]},"properties":{"s":100.0,"pub":true}},{"type":"Feature","geometry":{"type":"Point","coordinates":[-106.0452,40.8448]},"properties":{"s":100.0,"pub":true}},{"type":"Feature","geometry":{"type":"Point","coordinates":[-106.0452,40.8506]},"properties":{"s":53.8,"pub":true}},{"type":"Feature","geometry":{"type":"Point","coordinates":[-106.0452,40.8564]},"properties":{"s":53.8,"pub":true}},{"type":"Feature","geometry":{"type":"Point","coordinates":[-106.0452,40.8622]},"properties":{"s":23.1,"pub":true}},{"type":"Feature","geometry":{"type":"Point","coordinates":[-106.0452,40.868]},"properties":{"s":23.1,"pub":true}},{"type":"Feature","geometry":{"type":"Point","coordinates":[-106.0452,40.8738]},"properties":{"s":23.1,"pub":true}},{"type":"Feature","geometry":{"type":"Point","coordinates":[-106.0452,40.8796]},"properties":{"s":23.1,"pub":true}},{"type":"Feature","geometry":{"type":"Point","coordinates":[-106.0452,40.8854]},"properties":{"s":23.1,"pub":true}},{"type":"Feature","geometry":{"type":"Point","coordinates":[-106.0452,40.8912]},"properties":{"s":23.1,"pub":true}},{"type":"Feature","geometry":{"type":"Point","coordinates":[-106.0452,40.897]},"properties":{"s":23.1,"pub":true}},{"type":"Feature","geometry":{"type":"Point","coordinates":[-106.0452,40.9028]},"properties":{"s":23.1,"pub":true}},{"type":"Feature","geometry":{"type":"Point","coordinates":[-106.0452,40.9086]},"properties":{"s":23.1,"pub":true}},{"type":"Feature","geometry":{"type":"Point","coordinates":[-106.0452,40.9144]},"properties":{"s":23.1,"pub":true}},{"type":"Feature","geometry":{"type":"Point","coordinates":[-106.0452,40.9202]},"properties":{"s":23.1,"pub":true}},{"type":"Feature","geometry":{"type":"Point","coordinates":[-106.0452,40.926]},"properties":{"s":23.1,"pub":true}},{"type":"Feature","geometry":{"type":"Point","coordinates":[-106.0452,40.9318]},"properties":{"s":23.1,"pub":true}},{"type":"Feature","geometry":{"type":"Point","coordinates":[-106.0452,40.9376]},"properties":{"s":23.1,"pub":true}},{"type":"Feature","geometry":{"type":"Point","coordinates":[-106.0452,40.9434]},"properties":{"s":23.1,"pub":true}},{"type":"Feature","geometry":{"type":"Point","coordinates":[-106.0452,40.9492]},"properties":{"s":23.1,"pub":true}},{"type":"Feature","geometry":{"type":"Point","coordinates":[-106.0452,40.955]},"properties":{"s":23.1,"pub":true}},{"type":"Feature","geometry":{"type":"Point","coordinates":[-106.0452,40.9608]},"properties":{"s":23.1,"pub":true}},{"type":"Feature","geometry":{"type":"Point","coordinates":[-106.0452,40.9666]},"properties":{"s":23.1,"pub":true}},{"type":"Feature","geometry":{"type":"Point","coordinates":[-106.0452,40.9724]},"properties":{"s":23.1,"pub":true}},{"type":"Feature","geometry":{"type":"Point","coordinates":[-106.0452,40.9782]},"properties":{"s":23.1,"pub":true}},{"type":"Feature","geometry":{"type":"Point","coordinates":[-106.0452,40.984]},"properties":{"s":26.9,"pub":true}},{"type":"Feature","geometry":{"type":"Point","coordinates":[-106.0452,40.9898]},"properties":{"s":26.9,"pub":true}},{"type":"Feature","geometry":{"type":"Point","coordinates":[-106.0452,40.9956]},"properties":{"s":26.9,"pub":true}},{"type":"Feature","geometry":{"type":"Point","coordinates":[-106.0377,40.7868]},"properties":{"s":69.2,"pub":true}},{"type":"Feature","geometry":{"type":"Point","coordinates":[-106.0377,40.7926]},"properties":{"s":69.2,"pub":true}},{"type":"Feature","geometry":{"type":"Point","coordinates":[-106.0377,40.7984]},"properties":{"s":69.2,"pub":true}},{"type":"Feature","geometry":{"type":"Point","coordinates":[-106.0377,40.8042]},"properties":{"s":69.2,"pub":true}},{"type":"Feature","geometry":{"type":"Point","coordinates":[-106.0377,40.81]},"properties":{"s":69.2,"pub":true}},{"type":"Feature","geometry":{"type":"Point","coordinates":[-106.0377,40.8158]},"properties":{"s":100.0,"pub":true}},{"type":"Feature","geometry":{"type":"Point","coordinates":[-106.0377,40.8216]},"properties":{"s":100.0,"pub":true}},{"type":"Feature","geometry":{"type":"Point","coordinates":[-106.0377,40.8274]},"properties":{"s":100.0,"pub":true}},{"type":"Feature","geometry":{"type":"Point","coordinates":[-106.0377,40.8332]},"properties":{"s":100.0,"pub":true}},{"type":"Feature","geometry":{"type":"Point","coordinates":[-106.0377,40.839]},"properties":{"s":100.0,"pub":true}},{"type":"Feature","geometry":{"type":"Point","coordinates":[-106.0377,40.8448]},"properties":{"s":53.8,"pub":true}},{"type":"Feature","geometry":{"type":"Point","coordinates":[-106.0377,40.8506]},"properties":{"s":53.8,"pub":true}},{"type":"Feature","geometry":{"type":"Point","coordinates":[-106.0377,40.8564]},"properties":{"s":53.8,"pub":true}},{"type":"Feature","geometry":{"type":"Point","coordinates":[-106.0377,40.8622]},"properties":{"s":23.1,"pub":true}},{"type":"Feature","geometry":{"type":"Point","coordinates":[-106.0377,40.868]},"properties":{"s":23.1,"pub":true}},{"type":"Feature","geometry":{"type":"Point","coordinates":[-106.0377,40.8738]},"properties":{"s":23.1,"pub":true}},{"type":"Feature","geometry":{"type":"Point","coordinates":[-106.0377,40.8796]},"properties":{"s":23.1,"pub":true}},{"type":"Feature","geometry":{"type":"Point","coordinates":[-106.0377,40.8854]},"properties":{"s":23.1,"pub":true}},{"type":"Feature","geometry":{"type":"Point","coordinates":[-106.0377,40.8912]},"properties":{"s":23.1,"pub":true}},{"type":"Feature","geometry":{"type":"Point","coordinates":[-106.0377,40.897]},"properties":{"s":23.1,"pub":true}},{"type":"Feature","geometry":{"type":"Point","coordinates":[-106.0377,40.9028]},"properties":{"s":23.1,"pub":true}},{"type":"Feature","geometry":{"type":"Point","coordinates":[-106.0377,40.9086]},"properties":{"s":23.1,"pub":true}},{"type":"Feature","geometry":{"type":"Point","coordinates":[-106.0377,40.9144]},"properties":{"s":23.1,"pub":true}},{"type":"Feature","geometry":{"type":"Point","coordinates":[-106.0377,40.9202]},"properties":{"s":23.1,"pub":true}},{"type":"Feature","geometry":{"type":"Point","coordinates":[-106.0377,40.926]},"properties":{"s":23.1,"pub":true}},{"type":"Feature","geometry":{"type":"Point","coordinates":[-106.0377,40.9318]},"properties":{"s":23.1,"pub":true}},{"type":"Feature","geometry":{"type":"Point","coordinates":[-106.0377,40.9376]},"properties":{"s":23.1,"pub":true}},{"type":"Feature","geometry":{"type":"Point","coordinates":[-106.0377,40.9434]},"properties":{"s":23.1,"pub":true}},{"type":"Feature","geometry":{"type":"Point","coordinates":[-106.0377,40.9492]},"properties":{"s":23.1,"pub":true}},{"type":"Feature","geometry":{"type":"Point","coordinates":[-106.0377,40.955]},"properties":{"s":23.1,"pub":true}},{"type":"Feature","geometry":{"type":"Point","coordinates":[-106.0377,40.9608]},"properties":{"s":23.1,"pub":true}},{"type":"Feature","geometry":{"type":"Point","coordinates":[-106.0377,40.9666]},"properties":{"s":23.1,"pub":true}},{"type":"Feature","geometry":{"type":"Point","coordinates":[-106.0377,40.9724]},"properties":{"s":23.1,"pub":true}},{"type":"Feature","geometry":{"type":"Point","coordinates":[-106.0377,40.9782]},"properties":{"s":23.1,"pub":true}},{"type":"Feature","geometry":{"type":"Point","coordinates":[-106.0377,40.984]},"properties":{"s":23.1,"pub":true}},{"type":"Feature","geometry":{"type":"Point","coordinates":[-106.0377,40.9898]},"properties":{"s":26.9,"pub":true}},{"type":"Feature","geometry":{"type":"Point","coordinates":[-106.0377,40.9956]},"properties":{"s":26.9,"pub":true}},{"type":"Feature","geometry":{"type":"Point","coordinates":[-106.0302,40.7868]},"properties":{"s":69.2,"pub":true}},{"type":"Feature","geometry":{"type":"Point","coordinates":[-106.0302,40.7926]},"properties":{"s":69.2,"pub":true}},{"type":"Feature","geometry":{"type":"Point","coordinates":[-106.0302,40.7984]},"properties":{"s":69.2,"pub":true}},{"type":"Feature","geometry":{"type":"Point","coordinates":[-106.0302,40.8042]},"properties":{"s":69.2,"pub":true}},{"type":"Feature","geometry":{"type":"Point","coordinates":[-106.0302,40.81]},"properties":{"s":100.0,"pub":true}},{"type":"Feature","geometry":{"type":"Point","coordinates":[-106.0302,40.8158]},"properties":{"s":100.0,"pub":true}},{"type":"Feature","geometry":{"type":"Point","coordinates":[-106.0302,40.8216]},"properties":{"s":100.0,"pub":true}},{"type":"Feature","geometry":{"type":"Point","coordinates":[-106.0302,40.8274]},"properties":{"s":100.0,"pub":true}},{"type":"Feature","geometry":{"type":"Point","coordinates":[-106.0302,40.8332]},"properties":{"s":100.0,"pub":true}},{"type":"Feature","geometry":{"type":"Point","coordinates":[-106.0302,40.839]},"properties":{"s":100.0,"pub":true}},{"type":"Feature","geometry":{"type":"Point","coordinates":[-106.0302,40.8448]},"properties":{"s":53.8,"pub":true}},{"type":"Feature","geometry":{"type":"Point","coordinates":[-106.0302,40.8506]},"properties":{"s":53.8,"pub":true}},{"type":"Feature","geometry":{"type":"Point","coordinates":[-106.0302,40.8564]},"properties":{"s":23.1,"pub":true}},{"type":"Feature","geometry":{"type":"Point","coordinates":[-106.0302,40.8622]},"properties":{"s":23.1,"pub":true}},{"type":"Feature","geometry":{"type":"Point","coordinates":[-106.0302,40.868]},"properties":{"s":23.1,"pub":true}},{"type":"Feature","geometry":{"type":"Point","coordinates":[-106.0302,40.8738]},"properties":{"s":23.1,"pub":true}},{"type":"Feature","geometry":{"type":"Point","coordinates":[-106.0302,40.8796]},"properties":{"s":23.1,"pub":true}},{"type":"Feature","geometry":{"type":"Point","coordinates":[-106.0302,40.8854]},"properties":{"s":23.1,"pub":true}},{"type":"Feature","geometry":{"type":"Point","coordinates":[-106.0302,40.8912]},"properties":{"s":23.1,"pub":true}},{"type":"Feature","geometry":{"type":"Point","coordinates":[-106.0302,40.897]},"properties":{"s":23.1,"pub":true}},{"type":"Feature","geometry":{"type":"Point","coordinates":[-106.0302,40.9028]},"properties":{"s":23.1,"pub":true}},{"type":"Feature","geometry":{"type":"Point","coordinates":[-106.0302,40.9086]},"properties":{"s":23.1,"pub":true}},{"type":"Feature","geometry":{"type":"Point","coordinates":[-106.0302,40.9144]},"properties":{"s":23.1,"pub":true}},{"type":"Feature","geometry":{"type":"Point","coordinates":[-106.0302,40.9202]},"properties":{"s":23.1,"pub":true}},{"type":"Feature","geometry":{"type":"Point","coordinates":[-106.0302,40.926]},"properties":{"s":23.1,"pub":true}},{"type":"Feature","geometry":{"type":"Point","coordinates":[-106.0302,40.9318]},"properties":{"s":23.1,"pub":true}},{"type":"Feature","geometry":{"type":"Point","coordinates":[-106.0302,40.9376]},"properties":{"s":23.1,"pub":true}},{"type":"Feature","geometry":{"type":"Point","coordinates":[-106.0302,40.9434]},"properties":{"s":23.1,"pub":true}},{"type":"Feature","geometry":{"type":"Point","coordinates":[-106.0302,40.9492]},"properties":{"s":23.1,"pub":true}},{"type":"Feature","geometry":{"type":"Point","coordinates":[-106.0302,40.955]},"properties":{"s":23.1,"pub":true}},{"type":"Feature","geometry":{"type":"Point","coordinates":[-106.0302,40.9608]},"properties":{"s":23.1,"pub":true}},{"type":"Feature","geometry":{"type":"Point","coordinates":[-106.0302,40.9666]},"properties":{"s":23.1,"pub":true}},{"type":"Feature","geometry":{"type":"Point","coordinates":[-106.0302,40.9724]},"properties":{"s":23.1,"pub":true}},{"type":"Feature","geometry":{"type":"Point","coordinates":[-106.0302,40.9782]},"properties":{"s":23.1,"pub":true}},{"type":"Feature","geometry":{"type":"Point","coordinates":[-106.0302,40.984]},"properties":{"s":23.1,"pub":true}},{"type":"Feature","geometry":{"type":"Point","coordinates":[-106.0302,40.9898]},"properties":{"s":26.9,"pub":true}},{"type":"Feature","geometry":{"type":"Point","coordinates":[-106.0302,40.9956]},"properties":{"s":26.9,"pub":true}},{"type":"Feature","geometry":{"type":"Point","coordinates":[-106.0227,40.7636]},"properties":{"s":69.2,"pub":true}},{"type":"Feature","geometry":{"type":"Point","coordinates":[-106.0227,40.7694]},"properties":{"s":69.2,"pub":true}},{"type":"Feature","geometry":{"type":"Point","coordinates":[-106.0227,40.7752]},"properties":{"s":69.2,"pub":true}},{"type":"Feature","geometry":{"type":"Point","coordinates":[-106.0227,40.781]},"properties":{"s":69.2,"pub":true}},{"type":"Feature","geometry":{"type":"Point","coordinates":[-106.0227,40.7868]},"properties":{"s":69.2,"pub":true}},{"type":"Feature","geometry":{"type":"Point","coordinates":[-106.0227,40.7926]},"properties":{"s":69.2,"pub":true}},{"type":"Feature","geometry":{"type":"Point","coordinates":[-106.0227,40.7984]},"properties":{"s":69.2,"pub":true}},{"type":"Feature","geometry":{"type":"Point","coordinates":[-106.0227,40.8042]},"properties":{"s":100.0,"pub":true}},{"type":"Feature","geometry":{"type":"Point","coordinates":[-106.0227,40.81]},"properties":{"s":100.0,"pub":true}},{"type":"Feature","geometry":{"type":"Point","coordinates":[-106.0227,40.8158]},"properties":{"s":100.0,"pub":true}},{"type":"Feature","geometry":{"type":"Point","coordinates":[-106.0227,40.8216]},"properties":{"s":100.0,"pub":true}},{"type":"Feature","geometry":{"type":"Point","coordinates":[-106.0227,40.8274]},"properties":{"s":100.0,"pub":true}},{"type":"Feature","geometry":{"type":"Point","coordinates":[-106.0227,40.8332]},"properties":{"s":100.0,"pub":true}},{"type":"Feature","geometry":{"type":"Point","coordinates":[-106.0227,40.839]},"properties":{"s":53.8,"pub":true}},{"type":"Feature","geometry":{"type":"Point","coordinates":[-106.0227,40.8448]},"properties":{"s":53.8,"pub":true}},{"type":"Feature","geometry":{"type":"Point","coordinates":[-106.0227,40.8506]},"properties":{"s":53.8,"pub":true}},{"type":"Feature","geometry":{"type":"Point","coordinates":[-106.0227,40.8564]},"properties":{"s":23.1,"pub":true}},{"type":"Feature","geometry":{"type":"Point","coordinates":[-106.0227,40.8622]},"properties":{"s":23.1,"pub":true}},{"type":"Feature","geometry":{"type":"Point","coordinates":[-106.0227,40.868]},"properties":{"s":23.1,"pub":true}},{"type":"Feature","geometry":{"type":"Point","coordinates":[-106.0227,40.8738]},"properties":{"s":23.1,"pub":true}},{"type":"Feature","geometry":{"type":"Point","coordinates":[-106.0227,40.8796]},"properties":{"s":23.1,"pub":true}},{"type":"Feature","geometry":{"type":"Point","coordinates":[-106.0227,40.8854]},"properties":{"s":23.1,"pub":true}},{"type":"Feature","geometry":{"type":"Point","coordinates":[-106.0227,40.8912]},"properties":{"s":23.1,"pub":true}},{"type":"Feature","geometry":{"type":"Point","coordinates":[-106.0227,40.897]},"properties":{"s":23.1,"pub":true}},{"type":"Feature","geometry":{"type":"Point","coordinates":[-106.0227,40.9028]},"properties":{"s":23.1,"pub":true}},{"type":"Feature","geometry":{"type":"Point","coordinates":[-106.0227,40.9086]},"properties":{"s":23.1,"pub":true}},{"type":"Feature","geometry":{"type":"Point","coordinates":[-106.0227,40.9144]},"properties":{"s":23.1,"pub":true}},{"type":"Feature","geometry":{"type":"Point","coordinates":[-106.0227,40.9202]},"properties":{"s":23.1,"pub":true}},{"type":"Feature","geometry":{"type":"Point","coordinates":[-106.0227,40.926]},"properties":{"s":23.1,"pub":true}},{"type":"Feature","geometry":{"type":"Point","coordinates":[-106.0227,40.9318]},"properties":{"s":23.1,"pub":true}},{"type":"Feature","geometry":{"type":"Point","coordinates":[-106.0227,40.9376]},"properties":{"s":23.1,"pub":true}},{"type":"Feature","geometry":{"type":"Point","coordinates":[-106.0227,40.9434]},"properties":{"s":23.1,"pub":true}},{"type":"Feature","geometry":{"type":"Point","coordinates":[-106.0227,40.9492]},"properties":{"s":23.1,"pub":true}},{"type":"Feature","geometry":{"type":"Point","coordinates":[-106.0227,40.955]},"properties":{"s":23.1,"pub":true}},{"type":"Feature","geometry":{"type":"Point","coordinates":[-106.0227,40.9608]},"properties":{"s":23.1,"pub":true}},{"type":"Feature","geometry":{"type":"Point","coordinates":[-106.0227,40.9666]},"properties":{"s":23.1,"pub":true}},{"type":"Feature","geometry":{"type":"Point","coordinates":[-106.0227,40.9724]},"properties":{"s":23.1,"pub":true}},{"type":"Feature","geometry":{"type":"Point","coordinates":[-106.0227,40.9782]},"properties":{"s":23.1,"pub":true}},{"type":"Feature","geometry":{"type":"Point","coordinates":[-106.0227,40.984]},"properties":{"s":23.1,"pub":true}},{"type":"Feature","geometry":{"type":"Point","coordinates":[-106.0227,40.9898]},"properties":{"s":26.9,"pub":true}},{"type":"Feature","geometry":{"type":"Point","coordinates":[-106.0227,40.9956]},"properties":{"s":26.9,"pub":false}},{"type":"Feature","geometry":{"type":"Point","coordinates":[-106.0152,40.7578]},"properties":{"s":69.2,"pub":true}},{"type":"Feature","geometry":{"type":"Point","coordinates":[-106.0152,40.7636]},"properties":{"s":69.2,"pub":true}},{"type":"Feature","geometry":{"type":"Point","coordinates":[-106.0152,40.7694]},"properties":{"s":69.2,"pub":true}},{"type":"Feature","geometry":{"type":"Point","coordinates":[-106.0152,40.7752]},"properties":{"s":69.2,"pub":true}},{"type":"Feature","geometry":{"type":"Point","coordinates":[-106.0152,40.781]},"properties":{"s":69.2,"pub":true}},{"type":"Feature","geometry":{"type":"Point","coordinates":[-106.0152,40.7868]},"properties":{"s":69.2,"pub":true}},{"type":"Feature","geometry":{"type":"Point","coordinates":[-106.0152,40.7926]},"properties":{"s":69.2,"pub":true}},{"type":"Feature","geometry":{"type":"Point","coordinates":[-106.0152,40.7984]},"properties":{"s":100.0,"pub":true}},{"type":"Feature","geometry":{"type":"Point","coordinates":[-106.0152,40.8042]},"properties":{"s":100.0,"pub":true}},{"type":"Feature","geometry":{"type":"Point","coordinates":[-106.0152,40.81]},"properties":{"s":100.0,"pub":true}},{"type":"Feature","geometry":{"type":"Point","coordinates":[-106.0152,40.8158]},"properties":{"s":100.0,"pub":true}},{"type":"Feature","geometry":{"type":"Point","coordinates":[-106.0152,40.8216]},"properties":{"s":100.0,"pub":true}},{"type":"Feature","geometry":{"type":"Point","coordinates":[-106.0152,40.8274]},"properties":{"s":100.0,"pub":true}},{"type":"Feature","geometry":{"type":"Point","coordinates":[-106.0152,40.8332]},"properties":{"s":53.8,"pub":true}},{"type":"Feature","geometry":{"type":"Point","coordinates":[-106.0152,40.839]},"properties":{"s":53.8,"pub":true}},{"type":"Feature","geometry":{"type":"Point","coordinates":[-106.0152,40.8448]},"properties":{"s":53.8,"pub":true}},{"type":"Feature","geometry":{"type":"Point","coordinates":[-106.0152,40.8506]},"properties":{"s":53.8,"pub":true}},{"type":"Feature","geometry":{"type":"Point","coordinates":[-106.0152,40.8564]},"properties":{"s":23.1,"pub":true}},{"type":"Feature","geometry":{"type":"Point","coordinates":[-106.0152,40.8622]},"properties":{"s":23.1,"pub":true}},{"type":"Feature","geometry":{"type":"Point","coordinates":[-106.0152,40.868]},"properties":{"s":23.1,"pub":true}},{"type":"Feature","geometry":{"type":"Point","coordinates":[-106.0152,40.8738]},"properties":{"s":23.1,"pub":true}},{"type":"Feature","geometry":{"type":"Point","coordinates":[-106.0152,40.8796]},"properties":{"s":23.1,"pub":true}},{"type":"Feature","geometry":{"type":"Point","coordinates":[-106.0152,40.8854]},"properties":{"s":23.1,"pub":true}},{"type":"Feature","geometry":{"type":"Point","coordinates":[-106.0152,40.8912]},"properties":{"s":23.1,"pub":true}},{"type":"Feature","geometry":{"type":"Point","coordinates":[-106.0152,40.897]},"properties":{"s":23.1,"pub":true}},{"type":"Feature","geometry":{"type":"Point","coordinates":[-106.0152,40.9028]},"properties":{"s":23.1,"pub":true}},{"type":"Feature","geometry":{"type":"Point","coordinates":[-106.0152,40.9086]},"properties":{"s":23.1,"pub":true}},{"type":"Feature","geometry":{"type":"Point","coordinates":[-106.0152,40.9144]},"properties":{"s":23.1,"pub":true}},{"type":"Feature","geometry":{"type":"Point","coordinates":[-106.0152,40.9202]},"properties":{"s":23.1,"pub":true}},{"type":"Feature","geometry":{"type":"Point","coordinates":[-106.0152,40.926]},"properties":{"s":23.1,"pub":true}},{"type":"Feature","geometry":{"type":"Point","coordinates":[-106.0152,40.9318]},"properties":{"s":23.1,"pub":true}},{"type":"Feature","geometry":{"type":"Point","coordinates":[-106.0152,40.9376]},"properties":{"s":23.1,"pub":true}},{"type":"Feature","geometry":{"type":"Point","coordinates":[-106.0152,40.9434]},"properties":{"s":23.1,"pub":false}},{"type":"Feature","geometry":{"type":"Point","coordinates":[-106.0152,40.9492]},"properties":{"s":23.1,"pub":false}},{"type":"Feature","geometry":{"type":"Point","coordinates":[-106.0152,40.955]},"properties":{"s":23.1,"pub":false}},{"type":"Feature","geometry":{"type":"Point","coordinates":[-106.0152,40.9608]},"properties":{"s":23.1,"pub":true}},{"type":"Feature","geometry":{"type":"Point","coordinates":[-106.0152,40.9666]},"properties":{"s":23.1,"pub":true}},{"type":"Feature","geometry":{"type":"Point","coordinates":[-106.0152,40.9724]},"properties":{"s":23.1,"pub":true}},{"type":"Feature","geometry":{"type":"Point","coordinates":[-106.0152,40.9782]},"properties":{"s":23.1,"pub":true}},{"type":"Feature","geometry":{"type":"Point","coordinates":[-106.0152,40.984]},"properties":{"s":23.1,"pub":true}},{"type":"Feature","geometry":{"type":"Point","coordinates":[-106.0152,40.9898]},"properties":{"s":23.1,"pub":false}},{"type":"Feature","geometry":{"type":"Point","coordinates":[-106.0152,40.9956]},"properties":{"s":26.9,"pub":false}},{"type":"Feature","geometry":{"type":"Point","coordinates":[-106.0077,40.7404]},"properties":{"s":69.2,"pub":true}},{"type":"Feature","geometry":{"type":"Point","coordinates":[-106.0077,40.7462]},"properties":{"s":69.2,"pub":true}},{"type":"Feature","geometry":{"type":"Point","coordinates":[-106.0077,40.752]},"properties":{"s":69.2,"pub":true}},{"type":"Feature","geometry":{"type":"Point","coordinates":[-106.0077,40.7578]},"properties":{"s":69.2,"pub":true}},{"type":"Feature","geometry":{"type":"Point","coordinates":[-106.0077,40.7636]},"properties":{"s":69.2,"pub":true}},{"type":"Feature","geometry":{"type":"Point","coordinates":[-106.0077,40.7694]},"properties":{"s":69.2,"pub":true}},{"type":"Feature","geometry":{"type":"Point","coordinates":[-106.0077,40.7752]},"properties":{"s":69.2,"pub":true}},{"type":"Feature","geometry":{"type":"Point","coordinates":[-106.0077,40.781]},"properties":{"s":69.2,"pub":true}},{"type":"Feature","geometry":{"type":"Point","coordinates":[-106.0077,40.7868]},"properties":{"s":69.2,"pub":true}},{"type":"Feature","geometry":{"type":"Point","coordinates":[-106.0077,40.7926]},"properties":{"s":69.2,"pub":true}},{"type":"Feature","geometry":{"type":"Point","coordinates":[-106.0077,40.7984]},"properties":{"s":100.0,"pub":true}},{"type":"Feature","geometry":{"type":"Point","coordinates":[-106.0077,40.8042]},"properties":{"s":100.0,"pub":true}},{"type":"Feature","geometry":{"type":"Point","coordinates":[-106.0077,40.81]},"properties":{"s":100.0,"pub":true}},{"type":"Feature","geometry":{"type":"Point","coordinates":[-106.0077,40.8158]},"properties":{"s":100.0,"pub":true}},{"type":"Feature","geometry":{"type":"Point","coordinates":[-106.0077,40.8216]},"properties":{"s":53.8,"pub":true}},{"type":"Feature","geometry":{"type":"Point","coordinates":[-106.0077,40.8274]},"properties":{"s":23.1,"pub":true}},{"type":"Feature","geometry":{"type":"Point","coordinates":[-106.0077,40.8332]},"properties":{"s":23.1,"pub":true}},{"type":"Feature","geometry":{"type":"Point","coordinates":[-106.0077,40.839]},"properties":{"s":53.8,"pub":true}},{"type":"Feature","geometry":{"type":"Point","coordinates":[-106.0077,40.8448]},"properties":{"s":53.8,"pub":true}},{"type":"Feature","geometry":{"type":"Point","coordinates":[-106.0077,40.8506]},"properties":{"s":53.8,"pub":true}},{"type":"Feature","geometry":{"type":"Point","coordinates":[-106.0077,40.8564]},"properties":{"s":23.1,"pub":true}},{"type":"Feature","geometry":{"type":"Point","coordinates":[-106.0077,40.8622]},"properties":{"s":23.1,"pub":true}},{"type":"Feature","geometry":{"type":"Point","coordinates":[-106.0077,40.868]},"properties":{"s":23.1,"pub":true}},{"type":"Feature","geometry":{"type":"Point","coordinates":[-106.0077,40.8738]},"properties":{"s":23.1,"pub":true}},{"type":"Feature","geometry":{"type":"Point","coordinates":[-106.0077,40.8796]},"properties":{"s":23.1,"pub":true}},{"type":"Feature","geometry":{"type":"Point","coordinates":[-106.0077,40.8854]},"properties":{"s":23.1,"pub":true}},{"type":"Feature","geometry":{"type":"Point","coordinates":[-106.0077,40.8912]},"properties":{"s":23.1,"pub":true}},{"type":"Feature","geometry":{"type":"Point","coordinates":[-106.0077,40.897]},"properties":{"s":23.1,"pub":true}},{"type":"Feature","geometry":{"type":"Point","coordinates":[-106.0077,40.9028]},"properties":{"s":23.1,"pub":false}},{"type":"Feature","geometry":{"type":"Point","coordinates":[-106.0077,40.9086]},"properties":{"s":23.1,"pub":false}},{"type":"Feature","geometry":{"type":"Point","coordinates":[-106.0077,40.9144]},"properties":{"s":23.1,"pub":true}},{"type":"Feature","geometry":{"type":"Point","coordinates":[-106.0077,40.9202]},"properties":{"s":23.1,"pub":true}},{"type":"Feature","geometry":{"type":"Point","coordinates":[-106.0077,40.926]},"properties":{"s":23.1,"pub":true}},{"type":"Feature","geometry":{"type":"Point","coordinates":[-106.0077,40.9318]},"properties":{"s":23.1,"pub":false}},{"type":"Feature","geometry":{"type":"Point","coordinates":[-106.0077,40.9376]},"properties":{"s":23.1,"pub":false}},{"type":"Feature","geometry":{"type":"Point","coordinates":[-106.0077,40.9434]},"properties":{"s":23.1,"pub":false}},{"type":"Feature","geometry":{"type":"Point","coordinates":[-106.0077,40.9492]},"properties":{"s":23.1,"pub":false}},{"type":"Feature","geometry":{"type":"Point","coordinates":[-106.0077,40.955]},"properties":{"s":23.1,"pub":false}},{"type":"Feature","geometry":{"type":"Point","coordinates":[-106.0077,40.9608]},"properties":{"s":23.1,"pub":false}},{"type":"Feature","geometry":{"type":"Point","coordinates":[-106.0077,40.9666]},"properties":{"s":23.1,"pub":true}},{"type":"Feature","geometry":{"type":"Point","coordinates":[-106.0077,40.9724]},"properties":{"s":23.1,"pub":true}},{"type":"Feature","geometry":{"type":"Point","coordinates":[-106.0077,40.9782]},"properties":{"s":23.1,"pub":false}},{"type":"Feature","geometry":{"type":"Point","coordinates":[-106.0077,40.984]},"properties":{"s":23.1,"pub":false}},{"type":"Feature","geometry":{"type":"Point","coordinates":[-106.0077,40.9898]},"properties":{"s":23.1,"pub":false}},{"type":"Feature","geometry":{"type":"Point","coordinates":[-106.0077,40.9956]},"properties":{"s":26.9,"pub":false}},{"type":"Feature","geometry":{"type":"Point","coordinates":[-106.0002,40.7404]},"properties":{"s":100.0,"pub":true}},{"type":"Feature","geometry":{"type":"Point","coordinates":[-106.0002,40.7462]},"properties":{"s":100.0,"pub":true}},{"type":"Feature","geometry":{"type":"Point","coordinates":[-106.0002,40.752]},"properties":{"s":69.2,"pub":true}},{"type":"Feature","geometry":{"type":"Point","coordinates":[-106.0002,40.7578]},"properties":{"s":69.2,"pub":true}},{"type":"Feature","geometry":{"type":"Point","coordinates":[-106.0002,40.7636]},"properties":{"s":69.2,"pub":true}},{"type":"Feature","geometry":{"type":"Point","coordinates":[-106.0002,40.7694]},"properties":{"s":69.2,"pub":true}},{"type":"Feature","geometry":{"type":"Point","coordinates":[-106.0002,40.7752]},"properties":{"s":69.2,"pub":true}},{"type":"Feature","geometry":{"type":"Point","coordinates":[-106.0002,40.781]},"properties":{"s":69.2,"pub":true}},{"type":"Feature","geometry":{"type":"Point","coordinates":[-106.0002,40.7868]},"properties":{"s":69.2,"pub":true}},{"type":"Feature","geometry":{"type":"Point","coordinates":[-106.0002,40.7926]},"properties":{"s":100.0,"pub":true}},{"type":"Feature","geometry":{"type":"Point","coordinates":[-106.0002,40.7984]},"properties":{"s":100.0,"pub":true}},{"type":"Feature","geometry":{"type":"Point","coordinates":[-106.0002,40.8042]},"properties":{"s":100.0,"pub":true}},{"type":"Feature","geometry":{"type":"Point","coordinates":[-106.0002,40.81]},"properties":{"s":23.1,"pub":true}},{"type":"Feature","geometry":{"type":"Point","coordinates":[-106.0002,40.8158]},"properties":{"s":23.1,"pub":true}},{"type":"Feature","geometry":{"type":"Point","coordinates":[-106.0002,40.8216]},"properties":{"s":23.1,"pub":true}},{"type":"Feature","geometry":{"type":"Point","coordinates":[-106.0002,40.8274]},"properties":{"s":23.1,"pub":true}},{"type":"Feature","geometry":{"type":"Point","coordinates":[-106.0002,40.8332]},"properties":{"s":23.1,"pub":true}},{"type":"Feature","geometry":{"type":"Point","coordinates":[-106.0002,40.839]},"properties":{"s":23.1,"pub":true}},{"type":"Feature","geometry":{"type":"Point","coordinates":[-106.0002,40.8448]},"properties":{"s":23.1,"pub":true}},{"type":"Feature","geometry":{"type":"Point","coordinates":[-106.0002,40.8506]},"properties":{"s":23.1,"pub":true}},{"type":"Feature","geometry":{"type":"Point","coordinates":[-106.0002,40.8564]},"properties":{"s":23.1,"pub":true}},{"type":"Feature","geometry":{"type":"Point","coordinates":[-106.0002,40.8622]},"properties":{"s":23.1,"pub":true}},{"type":"Feature","geometry":{"type":"Point","coordinates":[-106.0002,40.868]},"properties":{"s":23.1,"pub":true}},{"type":"Feature","geometry":{"type":"Point","coordinates":[-106.0002,40.8738]},"properties":{"s":23.1,"pub":true}},{"type":"Feature","geometry":{"type":"Point","coordinates":[-106.0002,40.8796]},"properties":{"s":23.1,"pub":true}},{"type":"Feature","geometry":{"type":"Point","coordinates":[-106.0002,40.8854]},"properties":{"s":23.1,"pub":true}},{"type":"Feature","geometry":{"type":"Point","coordinates":[-106.0002,40.8912]},"properties":{"s":23.1,"pub":true}},{"type":"Feature","geometry":{"type":"Point","coordinates":[-106.0002,40.897]},"properties":{"s":23.1,"pub":true}},{"type":"Feature","geometry":{"type":"Point","coordinates":[-106.0002,40.9028]},"properties":{"s":23.1,"pub":false}},{"type":"Feature","geometry":{"type":"Point","coordinates":[-106.0002,40.9086]},"properties":{"s":23.1,"pub":false}},{"type":"Feature","geometry":{"type":"Point","coordinates":[-106.0002,40.9144]},"properties":{"s":23.1,"pub":true}},{"type":"Feature","geometry":{"type":"Point","coordinates":[-106.0002,40.9202]},"properties":{"s":23.1,"pub":true}},{"type":"Feature","geometry":{"type":"Point","coordinates":[-106.0002,40.926]},"properties":{"s":23.1,"pub":true}},{"type":"Feature","geometry":{"type":"Point","coordinates":[-106.0002,40.9318]},"properties":{"s":23.1,"pub":false}},{"type":"Feature","geometry":{"type":"Point","coordinates":[-106.0002,40.9376]},"properties":{"s":23.1,"pub":false}},{"type":"Feature","geometry":{"type":"Point","coordinates":[-106.0002,40.9434]},"properties":{"s":23.1,"pub":false}},{"type":"Feature","geometry":{"type":"Point","coordinates":[-106.0002,40.9492]},"properties":{"s":23.1,"pub":false}},{"type":"Feature","geometry":{"type":"Point","coordinates":[-106.0002,40.955]},"properties":{"s":23.1,"pub":false}},{"type":"Feature","geometry":{"type":"Point","coordinates":[-106.0002,40.9608]},"properties":{"s":23.1,"pub":false}},{"type":"Feature","geometry":{"type":"Point","coordinates":[-106.0002,40.9666]},"properties":{"s":23.1,"pub":false}},{"type":"Feature","geometry":{"type":"Point","coordinates":[-106.0002,40.9724]},"properties":{"s":23.1,"pub":false}},{"type":"Feature","geometry":{"type":"Point","coordinates":[-105.9927,40.7346]},"properties":{"s":100.0,"pub":true}},{"type":"Feature","geometry":{"type":"Point","coordinates":[-105.9927,40.7404]},"properties":{"s":100.0,"pub":true}},{"type":"Feature","geometry":{"type":"Point","coordinates":[-105.9927,40.7462]},"properties":{"s":100.0,"pub":true}},{"type":"Feature","geometry":{"type":"Point","coordinates":[-105.9927,40.752]},"properties":{"s":100.0,"pub":true}},{"type":"Feature","geometry":{"type":"Point","coordinates":[-105.9927,40.7578]},"properties":{"s":100.0,"pub":true}},{"type":"Feature","geometry":{"type":"Point","coordinates":[-105.9927,40.7636]},"properties":{"s":100.0,"pub":true}},{"type":"Feature","geometry":{"type":"Point","coordinates":[-105.9927,40.7694]},"properties":{"s":100.0,"pub":true}},{"type":"Feature","geometry":{"type":"Point","coordinates":[-105.9927,40.7752]},"properties":{"s":69.2,"pub":true}},{"type":"Feature","geometry":{"type":"Point","coordinates":[-105.9927,40.781]},"properties":{"s":69.2,"pub":true}},{"type":"Feature","geometry":{"type":"Point","coordinates":[-105.9927,40.7868]},"properties":{"s":69.2,"pub":true}},{"type":"Feature","geometry":{"type":"Point","coordinates":[-105.9927,40.7926]},"properties":{"s":69.2,"pub":true}},{"type":"Feature","geometry":{"type":"Point","coordinates":[-105.9927,40.7984]},"properties":{"s":23.1,"pub":true}},{"type":"Feature","geometry":{"type":"Point","coordinates":[-105.9927,40.8042]},"properties":{"s":23.1,"pub":true}},{"type":"Feature","geometry":{"type":"Point","coordinates":[-105.9927,40.81]},"properties":{"s":23.1,"pub":true}},{"type":"Feature","geometry":{"type":"Point","coordinates":[-105.9927,40.8158]},"properties":{"s":23.1,"pub":true}},{"type":"Feature","geometry":{"type":"Point","coordinates":[-105.9927,40.8216]},"properties":{"s":23.1,"pub":true}},{"type":"Feature","geometry":{"type":"Point","coordinates":[-105.9927,40.8274]},"properties":{"s":23.1,"pub":true}},{"type":"Feature","geometry":{"type":"Point","coordinates":[-105.9927,40.8332]},"properties":{"s":23.1,"pub":true}},{"type":"Feature","geometry":{"type":"Point","coordinates":[-105.9927,40.839]},"properties":{"s":23.1,"pub":true}},{"type":"Feature","geometry":{"type":"Point","coordinates":[-105.9927,40.8448]},"properties":{"s":23.1,"pub":true}},{"type":"Feature","geometry":{"type":"Point","coordinates":[-105.9927,40.8506]},"properties":{"s":23.1,"pub":true}},{"type":"Feature","geometry":{"type":"Point","coordinates":[-105.9927,40.8564]},"properties":{"s":23.1,"pub":true}},{"type":"Feature","geometry":{"type":"Point","coordinates":[-105.9927,40.8622]},"properties":{"s":23.1,"pub":true}},{"type":"Feature","geometry":{"type":"Point","coordinates":[-105.9927,40.868]},"properties":{"s":23.1,"pub":true}},{"type":"Feature","geometry":{"type":"Point","coordinates":[-105.9927,40.8738]},"properties":{"s":23.1,"pub":true}},{"type":"Feature","geometry":{"type":"Point","coordinates":[-105.9927,40.8796]},"properties":{"s":23.1,"pub":true}},{"type":"Feature","geometry":{"type":"Point","coordinates":[-105.9927,40.8854]},"properties":{"s":23.1,"pub":true}},{"type":"Feature","geometry":{"type":"Point","coordinates":[-105.9927,40.8912]},"properties":{"s":23.1,"pub":false}},{"type":"Feature","geometry":{"type":"Point","coordinates":[-105.9927,40.897]},"properties":{"s":23.1,"pub":false}},{"type":"Feature","geometry":{"type":"Point","coordinates":[-105.9927,40.9028]},"properties":{"s":23.1,"pub":false}},{"type":"Feature","geometry":{"type":"Point","coordinates":[-105.9927,40.9086]},"properties":{"s":23.1,"pub":false}},{"type":"Feature","geometry":{"type":"Point","coordinates":[-105.9927,40.9144]},"properties":{"s":23.1,"pub":true}},{"type":"Feature","geometry":{"type":"Point","coordinates":[-105.9927,40.9202]},"properties":{"s":23.1,"pub":true}},{"type":"Feature","geometry":{"type":"Point","coordinates":[-105.9927,40.926]},"properties":{"s":23.1,"pub":true}},{"type":"Feature","geometry":{"type":"Point","coordinates":[-105.9927,40.9318]},"properties":{"s":23.1,"pub":false}},{"type":"Feature","geometry":{"type":"Point","coordinates":[-105.9927,40.9376]},"properties":{"s":23.1,"pub":false}},{"type":"Feature","geometry":{"type":"Point","coordinates":[-105.9927,40.9434]},"properties":{"s":23.1,"pub":true}},{"type":"Feature","geometry":{"type":"Point","coordinates":[-105.9927,40.9492]},"properties":{"s":23.1,"pub":false}},{"type":"Feature","geometry":{"type":"Point","coordinates":[-105.9927,40.955]},"properties":{"s":23.1,"pub":false}},{"type":"Feature","geometry":{"type":"Point","coordinates":[-105.9927,40.9608]},"properties":{"s":23.1,"pub":true}},{"type":"Feature","geometry":{"type":"Point","coordinates":[-105.9852,40.7114]},"properties":{"s":100.0,"pub":true}},{"type":"Feature","geometry":{"type":"Point","coordinates":[-105.9852,40.7172]},"properties":{"s":100.0,"pub":true}},{"type":"Feature","geometry":{"type":"Point","coordinates":[-105.9852,40.723]},"properties":{"s":100.0,"pub":true}},{"type":"Feature","geometry":{"type":"Point","coordinates":[-105.9852,40.7288]},"properties":{"s":100.0,"pub":true}},{"type":"Feature","geometry":{"type":"Point","coordinates":[-105.9852,40.7346]},"properties":{"s":100.0,"pub":true}},{"type":"Feature","geometry":{"type":"Point","coordinates":[-105.9852,40.7404]},"properties":{"s":100.0,"pub":true}},{"type":"Feature","geometry":{"type":"Point","coordinates":[-105.9852,40.7462]},"properties":{"s":100.0,"pub":true}},{"type":"Feature","geometry":{"type":"Point","coordinates":[-105.9852,40.752]},"properties":{"s":100.0,"pub":true}},{"type":"Feature","geometry":{"type":"Point","coordinates":[-105.9852,40.7578]},"properties":{"s":100.0,"pub":true}},{"type":"Feature","geometry":{"type":"Point","coordinates":[-105.9852,40.7636]},"properties":{"s":100.0,"pub":true}},{"type":"Feature","geometry":{"type":"Point","coordinates":[-105.9852,40.7694]},"properties":{"s":100.0,"pub":true}},{"type":"Feature","geometry":{"type":"Point","coordinates":[-105.9852,40.7752]},"properties":{"s":100.0,"pub":true}},{"type":"Feature","geometry":{"type":"Point","coordinates":[-105.9852,40.781]},"properties":{"s":100.0,"pub":true}},{"type":"Feature","geometry":{"type":"Point","coordinates":[-105.9852,40.7868]},"properties":{"s":69.2,"pub":true}},{"type":"Feature","geometry":{"type":"Point","coordinates":[-105.9852,40.7926]},"properties":{"s":23.1,"pub":true}},{"type":"Feature","geometry":{"type":"Point","coordinates":[-105.9852,40.7984]},"properties":{"s":23.1,"pub":true}},{"type":"Feature","geometry":{"type":"Point","coordinates":[-105.9852,40.8042]},"properties":{"s":23.1,"pub":true}},{"type":"Feature","geometry":{"type":"Point","coordinates":[-105.9852,40.81]},"properties":{"s":23.1,"pub":true}},{"type":"Feature","geometry":{"type":"Point","coordinates":[-105.9852,40.8158]},"properties":{"s":23.1,"pub":true}},{"type":"Feature","geometry":{"type":"Point","coordinates":[-105.9852,40.8216]},"properties":{"s":23.1,"pub":true}},{"type":"Feature","geometry":{"type":"Point","coordinates":[-105.9852,40.8274]},"properties":{"s":23.1,"pub":true}},{"type":"Feature","geometry":{"type":"Point","coordinates":[-105.9852,40.8332]},"properties":{"s":23.1,"pub":true}},{"type":"Feature","geometry":{"type":"Point","coordinates":[-105.9852,40.839]},"properties":{"s":23.1,"pub":true}},{"type":"Feature","geometry":{"type":"Point","coordinates":[-105.9852,40.8448]},"properties":{"s":23.1,"pub":true}},{"type":"Feature","geometry":{"type":"Point","coordinates":[-105.9852,40.8506]},"properties":{"s":23.1,"pub":true}},{"type":"Feature","geometry":{"type":"Point","coordinates":[-105.9852,40.8564]},"properties":{"s":23.1,"pub":true}},{"type":"Feature","geometry":{"type":"Point","coordinates":[-105.9852,40.8622]},"properties":{"s":23.1,"pub":true}},{"type":"Feature","geometry":{"type":"Point","coordinates":[-105.9852,40.868]},"properties":{"s":23.1,"pub":true}},{"type":"Feature","geometry":{"type":"Point","coordinates":[-105.9852,40.8738]},"properties":{"s":23.1,"pub":true}},{"type":"Feature","geometry":{"type":"Point","coordinates":[-105.9852,40.8796]},"properties":{"s":23.1,"pub":true}},{"type":"Feature","geometry":{"type":"Point","coordinates":[-105.9852,40.8854]},"properties":{"s":23.1,"pub":true}},{"type":"Feature","geometry":{"type":"Point","coordinates":[-105.9852,40.8912]},"properties":{"s":23.1,"pub":false}},{"type":"Feature","geometry":{"type":"Point","coordinates":[-105.9852,40.897]},"properties":{"s":23.1,"pub":false}},{"type":"Feature","geometry":{"type":"Point","coordinates":[-105.9852,40.9028]},"properties":{"s":23.1,"pub":false}},{"type":"Feature","geometry":{"type":"Point","coordinates":[-105.9852,40.9086]},"properties":{"s":23.1,"pub":false}},{"type":"Feature","geometry":{"type":"Point","coordinates":[-105.9852,40.9144]},"properties":{"s":23.1,"pub":true}},{"type":"Feature","geometry":{"type":"Point","coordinates":[-105.9852,40.9202]},"properties":{"s":23.1,"pub":true}},{"type":"Feature","geometry":{"type":"Point","coordinates":[-105.9852,40.926]},"properties":{"s":23.1,"pub":true}},{"type":"Feature","geometry":{"type":"Point","coordinates":[-105.9852,40.9318]},"properties":{"s":23.1,"pub":false}},{"type":"Feature","geometry":{"type":"Point","coordinates":[-105.9852,40.9376]},"properties":{"s":23.1,"pub":false}},{"type":"Feature","geometry":{"type":"Point","coordinates":[-105.9852,40.9434]},"properties":{"s":23.1,"pub":true}},{"type":"Feature","geometry":{"type":"Point","coordinates":[-105.9852,40.9492]},"properties":{"s":23.1,"pub":false}},{"type":"Feature","geometry":{"type":"Point","coordinates":[-105.9852,40.955]},"properties":{"s":23.1,"pub":false}},{"type":"Feature","geometry":{"type":"Point","coordinates":[-105.9777,40.7056]},"properties":{"s":69.2,"pub":true}},{"type":"Feature","geometry":{"type":"Point","coordinates":[-105.9777,40.7114]},"properties":{"s":100.0,"pub":true}},{"type":"Feature","geometry":{"type":"Point","coordinates":[-105.9777,40.7172]},"properties":{"s":100.0,"pub":true}},{"type":"Feature","geometry":{"type":"Point","coordinates":[-105.9777,40.723]},"properties":{"s":100.0,"pub":true}},{"type":"Feature","geometry":{"type":"Point","coordinates":[-105.9777,40.7288]},"properties":{"s":100.0,"pub":true}},{"type":"Feature","geometry":{"type":"Point","coordinates":[-105.9777,40.7346]},"properties":{"s":100.0,"pub":true}},{"type":"Feature","geometry":{"type":"Point","coordinates":[-105.9777,40.7404]},"properties":{"s":100.0,"pub":true}},{"type":"Feature","geometry":{"type":"Point","coordinates":[-105.9777,40.7462]},"properties":{"s":100.0,"pub":true}},{"type":"Feature","geometry":{"type":"Point","coordinates":[-105.9777,40.752]},"properties":{"s":69.2,"pub":true}},{"type":"Feature","geometry":{"type":"Point","coordinates":[-105.9777,40.7578]},"properties":{"s":69.2,"pub":true}},{"type":"Feature","geometry":{"type":"Point","coordinates":[-105.9777,40.7636]},"properties":{"s":69.2,"pub":true}},{"type":"Feature","geometry":{"type":"Point","coordinates":[-105.9777,40.7694]},"properties":{"s":69.2,"pub":true}},{"type":"Feature","geometry":{"type":"Point","coordinates":[-105.9777,40.7752]},"properties":{"s":100.0,"pub":true}},{"type":"Feature","geometry":{"type":"Point","coordinates":[-105.9777,40.781]},"properties":{"s":53.8,"pub":true}},{"type":"Feature","geometry":{"type":"Point","coordinates":[-105.9777,40.7868]},"properties":{"s":23.1,"pub":true}},{"type":"Feature","geometry":{"type":"Point","coordinates":[-105.9777,40.7926]},"properties":{"s":23.1,"pub":true}},{"type":"Feature","geometry":{"type":"Point","coordinates":[-105.9777,40.7984]},"properties":{"s":23.1,"pub":true}},{"type":"Feature","geometry":{"type":"Point","coordinates":[-105.9777,40.8042]},"properties":{"s":23.1,"pub":true}},{"type":"Feature","geometry":{"type":"Point","coordinates":[-105.9777,40.81]},"properties":{"s":23.1,"pub":true}},{"type":"Feature","geometry":{"type":"Point","coordinates":[-105.9777,40.8158]},"properties":{"s":23.1,"pub":true}},{"type":"Feature","geometry":{"type":"Point","coordinates":[-105.9777,40.8216]},"properties":{"s":23.1,"pub":true}},{"type":"Feature","geometry":{"type":"Point","coordinates":[-105.9777,40.8274]},"properties":{"s":23.1,"pub":true}},{"type":"Feature","geometry":{"type":"Point","coordinates":[-105.9777,40.8332]},"properties":{"s":23.1,"pub":true}},{"type":"Feature","geometry":{"type":"Point","coordinates":[-105.9777,40.839]},"properties":{"s":23.1,"pub":true}},{"type":"Feature","geometry":{"type":"Point","coordinates":[-105.9777,40.8448]},"properties":{"s":23.1,"pub":true}},{"type":"Feature","geometry":{"type":"Point","coordinates":[-105.9777,40.8506]},"properties":{"s":23.1,"pub":true}},{"type":"Feature","geometry":{"type":"Point","coordinates":[-105.9777,40.8564]},"properties":{"s":23.1,"pub":true}},{"type":"Feature","geometry":{"type":"Point","coordinates":[-105.9777,40.8622]},"properties":{"s":23.1,"pub":true}},{"type":"Feature","geometry":{"type":"Point","coordinates":[-105.9777,40.868]},"properties":{"s":23.1,"pub":true}},{"type":"Feature","geometry":{"type":"Point","coordinates":[-105.9777,40.8738]},"properties":{"s":23.1,"pub":true}},{"type":"Feature","geometry":{"type":"Point","coordinates":[-105.9777,40.8796]},"properties":{"s":23.1,"pub":true}},{"type":"Feature","geometry":{"type":"Point","coordinates":[-105.9777,40.8854]},"properties":{"s":23.1,"pub":true}},{"type":"Feature","geometry":{"type":"Point","coordinates":[-105.9777,40.8912]},"properties":{"s":23.1,"pub":false}},{"type":"Feature","geometry":{"type":"Point","coordinates":[-105.9777,40.897]},"properties":{"s":23.1,"pub":false}},{"type":"Feature","geometry":{"type":"Point","coordinates":[-105.9777,40.9028]},"properties":{"s":23.1,"pub":true}},{"type":"Feature","geometry":{"type":"Point","coordinates":[-105.9777,40.9086]},"properties":{"s":23.1,"pub":true}},{"type":"Feature","geometry":{"type":"Point","coordinates":[-105.9777,40.9144]},"properties":{"s":23.1,"pub":true}},{"type":"Feature","geometry":{"type":"Point","coordinates":[-105.9777,40.9202]},"properties":{"s":23.1,"pub":true}},{"type":"Feature","geometry":{"type":"Point","coordinates":[-105.9777,40.926]},"properties":{"s":23.1,"pub":false}},{"type":"Feature","geometry":{"type":"Point","coordinates":[-105.9777,40.9318]},"properties":{"s":23.1,"pub":false}},{"type":"Feature","geometry":{"type":"Point","coordinates":[-105.9777,40.9376]},"properties":{"s":23.1,"pub":false}},{"type":"Feature","geometry":{"type":"Point","coordinates":[-105.9777,40.9434]},"properties":{"s":23.1,"pub":false}},{"type":"Feature","geometry":{"type":"Point","coordinates":[-105.9777,40.9492]},"properties":{"s":23.1,"pub":true}},{"type":"Feature","geometry":{"type":"Point","coordinates":[-105.9702,40.6824]},"properties":{"s":69.2,"pub":true}},{"type":"Feature","geometry":{"type":"Point","coordinates":[-105.9702,40.6882]},"properties":{"s":69.2,"pub":true}},{"type":"Feature","geometry":{"type":"Point","coordinates":[-105.9702,40.694]},"properties":{"s":69.2,"pub":true}},{"type":"Feature","geometry":{"type":"Point","coordinates":[-105.9702,40.6998]},"properties":{"s":69.2,"pub":true}},{"type":"Feature","geometry":{"type":"Point","coordinates":[-105.9702,40.7056]},"properties":{"s":100.0,"pub":true}},{"type":"Feature","geometry":{"type":"Point","coordinates":[-105.9702,40.7114]},"properties":{"s":100.0,"pub":true}},{"type":"Feature","geometry":{"type":"Point","coordinates":[-105.9702,40.7172]},"properties":{"s":100.0,"pub":true}},{"type":"Feature","geometry":{"type":"Point","coordinates":[-105.9702,40.723]},"properties":{"s":100.0,"pub":true}},{"type":"Feature","geometry":{"type":"Point","coordinates":[-105.9702,40.7288]},"properties":{"s":100.0,"pub":true}},{"type":"Feature","geometry":{"type":"Point","coordinates":[-105.9702,40.7346]},"properties":{"s":69.2,"pub":true}},{"type":"Feature","geometry":{"type":"Point","coordinates":[-105.9702,40.7404]},"properties":{"s":69.2,"pub":true}},{"type":"Feature","geometry":{"type":"Point","coordinates":[-105.9702,40.7462]},"properties":{"s":69.2,"pub":true}},{"type":"Feature","geometry":{"type":"Point","coordinates":[-105.9702,40.752]},"properties":{"s":69.2,"pub":true}},{"type":"Feature","geometry":{"type":"Point","coordinates":[-105.9702,40.7578]},"properties":{"s":69.2,"pub":true}},{"type":"Feature","geometry":{"type":"Point","coordinates":[-105.9702,40.7636]},"properties":{"s":69.2,"pub":true}},{"type":"Feature","geometry":{"type":"Point","coordinates":[-105.9702,40.7694]},"properties":{"s":69.2,"pub":true}},{"type":"Feature","geometry":{"type":"Point","coordinates":[-105.9702,40.7752]},"properties":{"s":23.1,"pub":true}},{"type":"Feature","geometry":{"type":"Point","coordinates":[-105.9702,40.781]},"properties":{"s":23.1,"pub":true}},{"type":"Feature","geometry":{"type":"Point","coordinates":[-105.9702,40.7868]},"properties":{"s":23.1,"pub":true}},{"type":"Feature","geometry":{"type":"Point","coordinates":[-105.9702,40.7926]},"properties":{"s":23.1,"pub":true}},{"type":"Feature","geometry":{"type":"Point","coordinates":[-105.9702,40.7984]},"properties":{"s":23.1,"pub":true}},{"type":"Feature","geometry":{"type":"Point","coordinates":[-105.9702,40.8042]},"properties":{"s":23.1,"pub":true}},{"type":"Feature","geometry":{"type":"Point","coordinates":[-105.9702,40.81]},"properties":{"s":23.1,"pub":true}},{"type":"Feature","geometry":{"type":"Point","coordinates":[-105.9702,40.8158]},"properties":{"s":23.1,"pub":true}},{"type":"Feature","geometry":{"type":"Point","coordinates":[-105.9702,40.8216]},"properties":{"s":23.1,"pub":true}},{"type":"Feature","geometry":{"type":"Point","coordinates":[-105.9702,40.8274]},"properties":{"s":23.1,"pub":true}},{"type":"Feature","geometry":{"type":"Point","coordinates":[-105.9702,40.8332]},"properties":{"s":23.1,"pub":true}},{"type":"Feature","geometry":{"type":"Point","coordinates":[-105.9702,40.839]},"properties":{"s":23.1,"pub":true}},{"type":"Feature","geometry":{"type":"Point","coordinates":[-105.9702,40.8448]},"properties":{"s":23.1,"pub":true}},{"type":"Feature","geometry":{"type":"Point","coordinates":[-105.9702,40.8506]},"properties":{"s":23.1,"pub":true}},{"type":"Feature","geometry":{"type":"Point","coordinates":[-105.9702,40.8564]},"properties":{"s":23.1,"pub":true}},{"type":"Feature","geometry":{"type":"Point","coordinates":[-105.9702,40.8622]},"properties":{"s":23.1,"pub":true}},{"type":"Feature","geometry":{"type":"Point","coordinates":[-105.9702,40.868]},"properties":{"s":23.1,"pub":true}},{"type":"Feature","geometry":{"type":"Point","coordinates":[-105.9702,40.8738]},"properties":{"s":23.1,"pub":false}},{"type":"Feature","geometry":{"type":"Point","coordinates":[-105.9702,40.8796]},"properties":{"s":23.1,"pub":false}},{"type":"Feature","geometry":{"type":"Point","coordinates":[-105.9702,40.8854]},"properties":{"s":23.1,"pub":false}},{"type":"Feature","geometry":{"type":"Point","coordinates":[-105.9702,40.8912]},"properties":{"s":23.1,"pub":false}},{"type":"Feature","geometry":{"type":"Point","coordinates":[-105.9702,40.897]},"properties":{"s":23.1,"pub":false}},{"type":"Feature","geometry":{"type":"Point","coordinates":[-105.9702,40.9028]},"properties":{"s":23.1,"pub":false}},{"type":"Feature","geometry":{"type":"Point","coordinates":[-105.9702,40.9086]},"properties":{"s":23.1,"pub":false}},{"type":"Feature","geometry":{"type":"Point","coordinates":[-105.9702,40.9144]},"properties":{"s":23.1,"pub":true}},{"type":"Feature","geometry":{"type":"Point","coordinates":[-105.9702,40.9202]},"properties":{"s":23.1,"pub":false}},{"type":"Feature","geometry":{"type":"Point","coordinates":[-105.9702,40.926]},"properties":{"s":23.1,"pub":true}},{"type":"Feature","geometry":{"type":"Point","coordinates":[-105.9702,40.9318]},"properties":{"s":23.1,"pub":false}},{"type":"Feature","geometry":{"type":"Point","coordinates":[-105.9702,40.9376]},"properties":{"s":23.1,"pub":false}},{"type":"Feature","geometry":{"type":"Point","coordinates":[-105.9702,40.9434]},"properties":{"s":23.1,"pub":false}},{"type":"Feature","geometry":{"type":"Point","coordinates":[-105.9627,40.6708]},"properties":{"s":69.2,"pub":true}},{"type":"Feature","geometry":{"type":"Point","coordinates":[-105.9627,40.6766]},"properties":{"s":69.2,"pub":true}},{"type":"Feature","geometry":{"type":"Point","coordinates":[-105.9627,40.6824]},"properties":{"s":69.2,"pub":true}},{"type":"Feature","geometry":{"type":"Point","coordinates":[-105.9627,40.6882]},"properties":{"s":69.2,"pub":true}},{"type":"Feature","geometry":{"type":"Point","coordinates":[-105.9627,40.694]},"properties":{"s":69.2,"pub":true}},{"type":"Feature","geometry":{"type":"Point","coordinates":[-105.9627,40.6998]},"properties":{"s":100.0,"pub":true}},{"type":"Feature","geometry":{"type":"Point","coordinates":[-105.9627,40.7056]},"properties":{"s":100.0,"pub":true}},{"type":"Feature","geometry":{"type":"Point","coordinates":[-105.9627,40.7114]},"properties":{"s":100.0,"pub":true}},{"type":"Feature","geometry":{"type":"Point","coordinates":[-105.9627,40.7172]},"properties":{"s":100.0,"pub":true}},{"type":"Feature","geometry":{"type":"Point","coordinates":[-105.9627,40.723]},"properties":{"s":100.0,"pub":true}},{"type":"Feature","geometry":{"type":"Point","coordinates":[-105.9627,40.7288]},"properties":{"s":69.2,"pub":true}},{"type":"Feature","geometry":{"type":"Point","coordinates":[-105.9627,40.7346]},"properties":{"s":69.2,"pub":true}},{"type":"Feature","geometry":{"type":"Point","coordinates":[-105.9627,40.7404]},"properties":{"s":69.2,"pub":true}},{"type":"Feature","geometry":{"type":"Point","coordinates":[-105.9627,40.7462]},"properties":{"s":69.2,"pub":true}},{"type":"Feature","geometry":{"type":"Point","coordinates":[-105.9627,40.752]},"properties":{"s":69.2,"pub":true}},{"type":"Feature","geometry":{"type":"Point","coordinates":[-105.9627,40.7578]},"properties":{"s":69.2,"pub":true}},{"type":"Feature","geometry":{"type":"Point","coordinates":[-105.9627,40.7636]},"properties":{"s":69.2,"pub":true}},{"type":"Feature","geometry":{"type":"Point","coordinates":[-105.9627,40.7694]},"properties":{"s":23.1,"pub":true}},{"type":"Feature","geometry":{"type":"Point","coordinates":[-105.9627,40.7752]},"properties":{"s":23.1,"pub":true}},{"type":"Feature","geometry":{"type":"Point","coordinates":[-105.9627,40.781]},"properties":{"s":23.1,"pub":true}},{"type":"Feature","geometry":{"type":"Point","coordinates":[-105.9627,40.7868]},"properties":{"s":23.1,"pub":true}},{"type":"Feature","geometry":{"type":"Point","coordinates":[-105.9627,40.7926]},"properties":{"s":23.1,"pub":true}},{"type":"Feature","geometry":{"type":"Point","coordinates":[-105.9627,40.7984]},"properties":{"s":23.1,"pub":true}},{"type":"Feature","geometry":{"type":"Point","coordinates":[-105.9627,40.8042]},"properties":{"s":23.1,"pub":true}},{"type":"Feature","geometry":{"type":"Point","coordinates":[-105.9627,40.81]},"properties":{"s":23.1,"pub":true}},{"type":"Feature","geometry":{"type":"Point","coordinates":[-105.9627,40.8158]},"properties":{"s":23.1,"pub":true}},{"type":"Feature","geometry":{"type":"Point","coordinates":[-105.9627,40.8216]},"properties":{"s":23.1,"pub":true}},{"type":"Feature","geometry":{"type":"Point","coordinates":[-105.9627,40.8274]},"properties":{"s":23.1,"pub":true}},{"type":"Feature","geometry":{"type":"Point","coordinates":[-105.9627,40.8332]},"properties":{"s":23.1,"pub":true}},{"type":"Feature","geometry":{"type":"Point","coordinates":[-105.9627,40.839]},"properties":{"s":23.1,"pub":true}},{"type":"Feature","geometry":{"type":"Point","coordinates":[-105.9627,40.8448]},"properties":{"s":23.1,"pub":true}},{"type":"Feature","geometry":{"type":"Point","coordinates":[-105.9627,40.8506]},"properties":{"s":23.1,"pub":true}},{"type":"Feature","geometry":{"type":"Point","coordinates":[-105.9627,40.8564]},"properties":{"s":23.1,"pub":true}},{"type":"Feature","geometry":{"type":"Point","coordinates":[-105.9627,40.8622]},"properties":{"s":23.1,"pub":true}},{"type":"Feature","geometry":{"type":"Point","coordinates":[-105.9627,40.868]},"properties":{"s":23.1,"pub":true}},{"type":"Feature","geometry":{"type":"Point","coordinates":[-105.9627,40.8738]},"properties":{"s":23.1,"pub":false}},{"type":"Feature","geometry":{"type":"Point","coordinates":[-105.9627,40.8796]},"properties":{"s":23.1,"pub":false}},{"type":"Feature","geometry":{"type":"Point","coordinates":[-105.9627,40.8854]},"properties":{"s":23.1,"pub":false}},{"type":"Feature","geometry":{"type":"Point","coordinates":[-105.9627,40.8912]},"properties":{"s":23.1,"pub":false}},{"type":"Feature","geometry":{"type":"Point","coordinates":[-105.9627,40.897]},"properties":{"s":23.1,"pub":false}}]}