{"type":"FeatureCollection","features":[{"type":"Feature","geometry":{"type":"Point","coordinates":[-109.0529,38.2375]},"properties":{"s":10.0,"pub":true}},{"type":"Feature","geometry":{"type":"Point","coordinates":[-109.0529,38.2433]},"properties":{"s":10.0,"pub":true}},{"type":"Feature","geometry":{"type":"Point","coordinates":[-109.0529,38.2491]},"properties":{"s":10.0,"pub":true}},{"type":"Feature","geometry":{"type":"Point","coordinates":[-109.0529,38.2549]},"properties":{"s":10.0,"pub":true}},{"type":"Feature","geometry":{"type":"Point","coordinates":[-109.0529,38.2607]},"properties":{"s":10.0,"pub":true}},{"type":"Feature","geometry":{"type":"Point","coordinates":[-109.0529,38.2665]},"properties":{"s":10.0,"pub":true}},{"type":"Feature","geometry":{"type":"Point","coordinates":[-109.0529,38.2723]},"properties":{"s":10.0,"pub":true}},{"type":"Feature","geometry":{"type":"Point","coordinates":[-109.0529,38.2781]},"properties":{"s":10.0,"pub":true}},{"type":"Feature","geometry":{"type":"Point","coordinates":[-109.0529,38.2839]},"properties":{"s":10.0,"pub":true}},{"type":"Feature","geometry":{"type":"Point","coordinates":[-109.0529,38.2897]},"properties":{"s":10.0,"pub":true}},{"type":"Feature","geometry":{"type":"Point","coordinates":[-109.0529,38.2955]},"properties":{"s":10.0,"pub":true}},{"type":"Feature","geometry":{"type":"Point","coordinates":[-109.0529,38.3013]},"properties":{"s":10.0,"pub":true}},{"type":"Feature","geometry":{"type":"Point","coordinates":[-109.0529,38.3071]},"properties":{"s":10.0,"pub":true}},{"type":"Feature","geometry":{"type":"Point","coordinates":[-109.0529,38.3129]},"properties":{"s":10.0,"pub":true}},{"type":"Feature","geometry":{"type":"Point","coordinates":[-109.0529,38.3187]},"properties":{"s":10.0,"pub":true}},{"type":"Feature","geometry":{"type":"Point","coordinates":[-109.0529,38.3245]},"properties":{"s":10.0,"pub":true}},{"type":"Feature","geometry":{"type":"Point","coordinates":[-109.0454,38.1853]},"properties":{"s":10.0,"pub":true}},{"type":"Feature","geometry":{"type":"Point","coordinates":[-109.0454,38.1911]},"properties":{"s":10.0,"pub":true}},{"type":"Feature","geometry":{"type":"Point","coordinates":[-109.0454,38.1969]},"properties":{"s":10.0,"pub":true}},{"type":"Feature","geometry":{"type":"Point","coordinates":[-109.0454,38.2027]},"properties":{"s":10.0,"pub":true}},{"type":"Feature","geometry":{"type":"Point","coordinates":[-109.0454,38.2085]},"properties":{"s":10.0,"pub":true}},{"type":"Feature","geometry":{"type":"Point","coordinates":[-109.0454,38.2143]},"properties":{"s":10.0,"pub":true}},{"type":"Feature","geometry":{"type":"Point","coordinates":[-109.0454,38.2201]},"properties":{"s":10.0,"pub":true}},{"type":"Feature","geometry":{"type":"Point","coordinates":[-109.0454,38.2259]},"properties":{"s":10.0,"pub":true}},{"type":"Feature","geometry":{"type":"Point","coordinates":[-109.0454,38.2317]},"properties":{"s":10.0,"pub":true}},{"type":"Feature","geometry":{"type":"Point","coordinates":[-109.0454,38.2375]},"properties":{"s":10.0,"pub":true}},{"type":"Feature","geometry":{"type":"Point","coordinates":[-109.0454,38.2433]},"properties":{"s":10.0,"pub":true}},{"type":"Feature","geometry":{"type":"Point","coordinates":[-109.0454,38.2491]},"properties":{"s":10.0,"pub":true}},{"type":"Feature","geometry":{"type":"Point","coordinates":[-109.0454,38.2549]},"properties":{"s":10.0,"pub":true}},{"type":"Feature","geometry":{"type":"Point","coordinates":[-109.0454,38.2607]},"properties":{"s":10.0,"pub":true}},{"type":"Feature","geometry":{"type":"Point","coordinates":[-109.0454,38.2665]},"properties":{"s":10.0,"pub":true}},{"type":"Feature","geometry":{"type":"Point","coordinates":[-109.0454,38.2723]},"properties":{"s":10.0,"pub":true}},{"type":"Feature","geometry":{"type":"Point","coordinates":[-109.0454,38.2781]},"properties":{"s":10.0,"pub":true}},{"type":"Feature","geometry":{"type":"Point","coordinates":[-109.0454,38.2839]},"properties":{"s":10.0,"pub":true}},{"type":"Feature","geometry":{"type":"Point","coordinates":[-109.0454,38.2897]},"properties":{"s":10.0,"pub":true}},{"type":"Feature","geometry":{"type":"Point","coordinates":[-109.0454,38.2955]},"properties":{"s":10.0,"pub":true}},{"type":"Feature","geometry":{"type":"Point","coordinates":[-109.0454,38.3013]},"properties":{"s":10.0,"pub":true}},{"type":"Feature","geometry":{"type":"Point","coordinates":[-109.0454,38.3071]},"properties":{"s":10.0,"pub":true}},{"type":"Feature","geometry":{"type":"Point","coordinates":[-109.0454,38.3129]},"properties":{"s":10.0,"pub":true}},{"type":"Feature","geometry":{"type":"Point","coordinates":[-109.0454,38.3187]},"properties":{"s":10.0,"pub":true}},{"type":"Feature","geometry":{"type":"Point","coordinates":[-109.0454,38.3245]},"properties":{"s":10.0,"pub":true}},{"type":"Feature","geometry":{"type":"Point","coordinates":[-109.0379,37.9649]},"properties":{"s":43.3,"pub":true}},{"type":"Feature","geometry":{"type":"Point","coordinates":[-109.0379,37.9765]},"properties":{"s":10.0,"pub":false}},{"type":"Feature","geometry":{"type":"Point","coordinates":[-109.0379,37.9823]},"properties":{"s":10.0,"pub":false}},{"type":"Feature","geometry":{"type":"Point","coordinates":[-109.0379,37.9881]},"properties":{"s":10.0,"pub":false}},{"type":"Feature","geometry":{"type":"Point","coordinates":[-109.0379,37.9939]},"properties":{"s":10.0,"pub":false}},{"type":"Feature","geometry":{"type":"Point","coordinates":[-109.0379,37.9997]},"properties":{"s":10.0,"pub":false}},{"type":"Feature","geometry":{"type":"Point","coordinates":[-109.0379,38.0055]},"properties":{"s":10.0,"pub":false}},{"type":"Feature","geometry":{"type":"Point","coordinates":[-109.0379,38.0113]},"properties":{"s":10.0,"pub":false}},{"type":"Feature","geometry":{"type":"Point","coordinates":[-109.0379,38.0171]},"properties":{"s":10.0,"pub":false}},{"type":"Feature","geometry":{"type":"Point","coordinates":[-109.0379,38.0229]},"properties":{"s":10.0,"pub":false}},{"type":"Feature","geometry":{"type":"Point","coordinates":[-109.0379,38.0287]},"properties":{"s":10.0,"pub":true}},{"type":"Feature","geometry":{"type":"Point","coordinates":[-109.0379,38.0345]},"properties":{"s":10.0,"pub":true}},{"type":"Feature","geometry":{"type":"Point","coordinates":[-109.0379,38.0403]},"properties":{"s":10.0,"pub":true}},{"type":"Feature","geometry":{"type":"Point","coordinates":[-109.0379,38.0461]},"properties":{"s":10.0,"pub":true}},{"type":"Feature","geometry":{"type":"Point","coordinates":[-109.0379,38.0519]},"properties":{"s":10.0,"pub":true}},{"type":"Feature","geometry":{"type":"Point","coordinates":[-109.0379,38.0577]},"properties":{"s":10.0,"pub":true}},{"type":"Feature","geometry":{"type":"Point","coordinates":[-109.0379,38.0635]},"properties":{"s":10.0,"pub":true}},{"type":"Feature","geometry":{"type":"Point","coordinates":[-109.0379,38.0693]},"properties":{"s":10.0,"pub":true}},{"type":"Feature","geometry":{"type":"Point","coordinates":[-109.0379,38.0751]},"properties":{"s":10.0,"pub":true}},{"type":"Feature","geometry":{"type":"Point","coordinates":[-109.0379,38.0809]},"properties":{"s":10.0,"pub":true}},{"type":"Feature","geometry":{"type":"Point","coordinates":[-109.0379,38.0867]},"properties":{"s":10.0,"pub":true}},{"type":"Feature","geometry":{"type":"Point","coordinates":[-109.0379,38.0925]},"properties":{"s":10.0,"pub":true}},{"type":"Feature","geometry":{"type":"Point","coordinates":[-109.0379,38.0983]},"properties":{"s":10.0,"pub":true}},{"type":"Feature","geometry":{"type":"Point","coordinates":[-109.0379,38.1041]},"properties":{"s":10.0,"pub":true}},{"type":"Feature","geometry":{"type":"Point","coordinates":[-109.0379,38.1099]},"properties":{"s":10.0,"pub":true}},{"type":"Feature","geometry":{"type":"Point","coordinates":[-109.0379,38.1157]},"properties":{"s":10.0,"pub":true}},{"type":"Feature","geometry":{"type":"Point","coordinates":[-109.0379,38.1215]},"properties":{"s":10.0,"pub":true}},{"type":"Feature","geometry":{"type":"Point","coordinates":[-109.0379,38.1273]},"properties":{"s":10.0,"pub":true}},{"type":"Feature","geometry":{"type":"Point","coordinates":[-109.0379,38.1331]},"properties":{"s":10.0,"pub":true}},{"type":"Feature","geometry":{"type":"Point","coordinates":[-109.0379,38.1389]},"properties":{"s":10.0,"pub":true}},{"type":"Feature","geometry":{"type":"Point","coordinates":[-109.0379,38.1447]},"properties":{"s":10.0,"pub":true}},{"type":"Feature","geometry":{"type":"Point","coordinates":[-109.0379,38.1505]},"properties":{"s":10.0,"pub":true}},{"type":"Feature","geometry":{"type":"Point","coordinates":[-109.0379,38.1563]},"properties":{"s":10.0,"pub":true}},{"type":"Feature","geometry":{"type":"Point","coordinates":[-109.0379,38.1621]},"properties":{"s":10.0,"pub":true}},{"type":"Feature","geometry":{"type":"Point","coordinates":[-109.0379,38.1679]},"properties":{"s":10.0,"pub":true}},{"type":"Feature","geometry":{"type":"Point","coordinates":[-109.0379,38.1737]},"properties":{"s":10.0,"pub":true}},{"type":"Feature","geometry":{"type":"Point","coordinates":[-109.0379,38.1795]},"properties":{"s":10.0,"pub":true}},{"type":"Feature","geometry":{"type":"Point","coordinates":[-109.0379,38.1853]},"properties":{"s":10.0,"pub":true}},{"type":"Feature","geometry":{"type":"Point","coordinates":[-109.0379,38.1911]},"properties":{"s":10.0,"pub":true}},{"type":"Feature","geometry":{"type":"Point","coordinates":[-109.0379,38.1969]},"properties":{"s":10.0,"pub":true}},{"type":"Feature","geometry":{"type":"Point","coordinates":[-109.0379,38.2027]},"properties":{"s":10.0,"pub":true}},{"type":"Feature","geometry":{"type":"Point","coordinates":[-109.0379,38.2085]},"properties":{"s":10.0,"pub":true}},{"type":"Feature","geometry":{"type":"Point","coordinates":[-109.0379,38.2143]},"properties":{"s":10.0,"pub":true}},{"type":"Feature","geometry":{"type":"Point","coordinates":[-109.0379,38.2201]},"properties":{"s":10.0,"pub":true}},{"type":"Feature","geometry":{"type":"Point","coordinates":[-109.0379,38.2259]},"properties":{"s":10.0,"pub":true}},{"type":"Feature","geometry":{"type":"Point","coordinates":[-109.0379,38.2317]},"properties":{"s":10.0,"pub":true}},{"type":"Feature","geometry":{"type":"Point","coordinates":[-109.0379,38.2375]},"properties":{"s":10.0,"pub":true}},{"type":"Feature","geometry":{"type":"Point","coordinates":[-109.0379,38.2433]},"properties":{"s":10.0,"pub":true}},{"type":"Feature","geometry":{"type":"Point","coordinates":[-109.0379,38.2491]},"properties":{"s":10.0,"pub":true}},{"type":"Feature","geometry":{"type":"Point","coordinates":[-109.0379,38.2549]},"properties":{"s":10.0,"pub":true}},{"type":"Feature","geometry":{"type":"Point","coordinates":[-109.0379,38.2607]},"properties":{"s":10.0,"pub":true}},{"type":"Feature","geometry":{"type":"Point","coordinates":[-109.0379,38.2665]},"properties":{"s":10.0,"pub":true}},{"type":"Feature","geometry":{"type":"Point","coordinates":[-109.0379,38.2723]},"properties":{"s":10.0,"pub":true}},{"type":"Feature","geometry":{"type":"Point","coordinates":[-109.0379,38.2781]},"properties":{"s":10.0,"pub":true}},{"type":"Feature","geometry":{"type":"Point","coordinates":[-109.0379,38.2839]},"properties":{"s":10.0,"pub":true}},{"type":"Feature","geometry":{"type":"Point","coordinates":[-109.0379,38.2897]},"properties":{"s":10.0,"pub":true}},{"type":"Feature","geometry":{"type":"Point","coordinates":[-109.0379,38.2955]},"properties":{"s":10.0,"pub":true}},{"type":"Feature","geometry":{"type":"Point","coordinates":[-109.0379,38.3013]},"properties":{"s":10.0,"pub":true}},{"type":"Feature","geometry":{"type":"Point","coordinates":[-109.0379,38.3071]},"properties":{"s":10.0,"pub":true}},{"type":"Feature","geometry":{"type":"Point","coordinates":[-109.0379,38.3129]},"properties":{"s":10.0,"pub":true}},{"type":"Feature","geometry":{"type":"Point","coordinates":[-109.0379,38.3187]},"properties":{"s":10.0,"pub":true}},{"type":"Feature","geometry":{"type":"Point","coordinates":[-109.0379,38.3245]},"properties":{"s":10.0,"pub":true}},{"type":"Feature","geometry":{"type":"Point","coordinates":[-109.0304,37.9765]},"properties":{"s":10.0,"pub":false}},{"type":"Feature","geometry":{"type":"Point","coordinates":[-109.0304,37.9823]},"properties":{"s":10.0,"pub":false}},{"type":"Feature","geometry":{"type":"Point","coordinates":[-109.0304,37.9881]},"properties":{"s":10.0,"pub":false}},{"type":"Feature","geometry":{"type":"Point","coordinates":[-109.0304,37.9939]},"properties":{"s":10.0,"pub":false}},{"type":"Feature","geometry":{"type":"Point","coordinates":[-109.0304,37.9997]},"properties":{"s":10.0,"pub":false}},{"type":"Feature","geometry":{"type":"Point","coordinates":[-109.0304,38.0055]},"properties":{"s":10.0,"pub":true}},{"type":"Feature","geometry":{"type":"Point","coordinates":[-109.0304,38.0113]},"properties":{"s":10.0,"pub":true}},{"type":"Feature","geometry":{"type":"Point","coordinates":[-109.0304,38.0171]},"properties":{"s":10.0,"pub":true}},{"type":"Feature","geometry":{"type":"Point","coordinates":[-109.0304,38.0229]},"properties":{"s":10.0,"pub":true}},{"type":"Feature","geometry":{"type":"Point","coordinates":[-109.0304,38.0287]},"properties":{"s":10.0,"pub":true}},{"type":"Feature","geometry":{"type":"Point","coordinates":[-109.0304,38.0345]},"properties":{"s":10.0,"pub":true}},{"type":"Feature","geometry":{"type":"Point","coordinates":[-109.0304,38.0403]},"properties":{"s":10.0,"pub":true}},{"type":"Feature","geometry":{"type":"Point","coordinates":[-109.0304,38.0461]},"properties":{"s":10.0,"pub":true}},{"type":"Feature","geometry":{"type":"Point","coordinates":[-109.0304,38.0519]},"properties":{"s":10.0,"pub":true}},{"type":"Feature","geometry":{"type":"Point","coordinates":[-109.0304,38.0577]},"properties":{"s":10.0,"pub":true}},{"type":"Feature","geometry":{"type":"Point","coordinates":[-109.0304,38.0635]},"properties":{"s":10.0,"pub":true}},{"type":"Feature","geometry":{"type":"Point","coordinates":[-109.0304,38.0693]},"properties":{"s":10.0,"pub":true}},{"type":"Feature","geometry":{"type":"Point","coordinates":[-109.0304,38.0751]},"properties":{"s":10.0,"pub":true}},{"type":"Feature","geometry":{"type":"Point","coordinates":[-109.0304,38.0809]},"properties":{"s":10.0,"pub":true}},{"type":"Feature","geometry":{"type":"Point","coordinates":[-109.0304,38.0867]},"properties":{"s":10.0,"pub":true}},{"type":"Feature","geometry":{"type":"Point","coordinates":[-109.0304,38.0925]},"properties":{"s":10.0,"pub":true}},{"type":"Feature","geometry":{"type":"Point","coordinates":[-109.0304,38.0983]},"properties":{"s":10.0,"pub":true}},{"type":"Feature","geometry":{"type":"Point","coordinates":[-109.0304,38.1041]},"properties":{"s":10.0,"pub":true}},{"type":"Feature","geometry":{"type":"Point","coordinates":[-109.0304,38.1099]},"properties":{"s":10.0,"pub":true}},{"type":"Feature","geometry":{"type":"Point","coordinates":[-109.0304,38.1157]},"properties":{"s":10.0,"pub":true}},{"type":"Feature","geometry":{"type":"Point","coordinates":[-109.0304,38.1215]},"properties":{"s":10.0,"pub":true}},{"type":"Feature","geometry":{"type":"Point","coordinates":[-109.0304,38.1273]},"properties":{"s":10.0,"pub":true}},{"type":"Feature","geometry":{"type":"Point","coordinates":[-109.0304,38.1331]},"properties":{"s":10.0,"pub":true}},{"type":"Feature","geometry":{"type":"Point","coordinates":[-109.0304,38.1389]},"properties":{"s":10.0,"pub":true}},{"type":"Feature","geometry":{"type":"Point","coordinates":[-109.0304,38.1447]},"properties":{"s":10.0,"pub":true}},{"type":"Feature","geometry":{"type":"Point","coordinates":[-109.0304,38.1505]},"properties":{"s":10.0,"pub":true}},{"type":"Feature","geometry":{"type":"Point","coordinates":[-109.0304,38.1563]},"properties":{"s":10.0,"pub":true}},{"type":"Feature","geometry":{"type":"Point","coordinates":[-109.0304,38.1621]},"properties":{"s":10.0,"pub":true}},{"type":"Feature","geometry":{"type":"Point","coordinates":[-109.0304,38.1679]},"properties":{"s":10.0,"pub":true}},{"type":"Feature","geometry":{"type":"Point","coordinates":[-109.0304,38.1737]},"properties":{"s":10.0,"pub":true}},{"type":"Feature","geometry":{"type":"Point","coordinates":[-109.0304,38.1795]},"properties":{"s":10.0,"pub":true}},{"type":"Feature","geometry":{"type":"Point","coordinates":[-109.0304,38.1853]},"properties":{"s":10.0,"pub":true}},{"type":"Feature","geometry":{"type":"Point","coordinates":[-109.0304,38.1911]},"properties":{"s":10.0,"pub":true}},{"type":"Feature","geometry":{"type":"Point","coordinates":[-109.0304,38.1969]},"properties":{"s":10.0,"pub":true}},{"type":"Feature","geometry":{"type":"Point","coordinates":[-109.0304,38.2027]},"properties":{"s":10.0,"pub":true}},{"type":"Feature","geometry":{"type":"Point","coordinates":[-109.0304,38.2085]},"properties":{"s":10.0,"pub":true}},{"type":"Feature","geometry":{"type":"Point","coordinates":[-109.0304,38.2143]},"properties":{"s":10.0,"pub":true}},{"type":"Feature","geometry":{"type":"Point","coordinates":[-109.0304,38.2201]},"properties":{"s":10.0,"pub":true}},{"type":"Feature","geometry":{"type":"Point","coordinates":[-109.0304,38.2259]},"properties":{"s":10.0,"pub":true}},{"type":"Feature","geometry":{"type":"Point","coordinates":[-109.0304,38.2317]},"properties":{"s":10.0,"pub":true}},{"type":"Feature","geometry":{"type":"Point","coordinates":[-109.0304,38.2375]},"properties":{"s":10.0,"pub":true}},{"type":"Feature","geometry":{"type":"Point","coordinates":[-109.0304,38.2433]},"properties":{"s":10.0,"pub":true}},{"type":"Feature","geometry":{"type":"Point","coordinates":[-109.0304,38.2491]},"properties":{"s":10.0,"pub":true}},{"type":"Feature","geometry":{"type":"Point","coordinates":[-109.0304,38.2549]},"properties":{"s":10.0,"pub":true}},{"type":"Feature","geometry":{"type":"Point","coordinates":[-109.0304,38.2607]},"properties":{"s":10.0,"pub":true}},{"type":"Feature","geometry":{"type":"Point","coordinates":[-109.0304,38.2665]},"properties":{"s":10.0,"pub":true}},{"type":"Feature","geometry":{"type":"Point","coordinates":[-109.0304,38.2723]},"properties":{"s":10.0,"pub":true}},{"type":"Feature","geometry":{"type":"Point","coordinates":[-109.0304,38.2781]},"properties":{"s":10.0,"pub":true}},{"type":"Feature","geometry":{"type":"Point","coordinates":[-109.0304,38.2839]},"properties":{"s":10.0,"pub":true}},{"type":"Feature","geometry":{"type":"Point","coordinates":[-109.0304,38.2897]},"properties":{"s":10.0,"pub":true}},{"type":"Feature","geometry":{"type":"Point","coordinates":[-109.0304,38.2955]},"properties":{"s":10.0,"pub":true}},{"type":"Feature","geometry":{"type":"Point","coordinates":[-109.0304,38.3013]},"properties":{"s":10.0,"pub":true}},{"type":"Feature","geometry":{"type":"Point","coordinates":[-109.0304,38.3071]},"properties":{"s":10.0,"pub":true}},{"type":"Feature","geometry":{"type":"Point","coordinates":[-109.0304,38.3129]},"properties":{"s":10.0,"pub":true}},{"type":"Feature","geometry":{"type":"Point","coordinates":[-109.0304,38.3187]},"properties":{"s":10.0,"pub":true}},{"type":"Feature","geometry":{"type":"Point","coordinates":[-109.0304,38.3245]},"properties":{"s":10.0,"pub":true}},{"type":"Feature","geometry":{"type":"Point","coordinates":[-109.0229,37.9707]},"properties":{"s":43.3,"pub":true}},{"type":"Feature","geometry":{"type":"Point","coordinates":[-109.0229,37.9823]},"properties":{"s":10.0,"pub":false}},{"type":"Feature","geometry":{"type":"Point","coordinates":[-109.0229,37.9881]},"properties":{"s":10.0,"pub":false}},{"type":"Feature","geometry":{"type":"Point","coordinates":[-109.0229,37.9939]},"properties":{"s":10.0,"pub":false}},{"type":"Feature","geometry":{"type":"Point","coordinates":[-109.0229,37.9997]},"properties":{"s":10.0,"pub":false}},{"type":"Feature","geometry":{"type":"Point","coordinates":[-109.0229,38.0055]},"properties":{"s":10.0,"pub":false}},{"type":"Feature","geometry":{"type":"Point","coordinates":[-109.0229,38.0113]},"properties":{"s":10.0,"pub":false}},{"type":"Feature","geometry":{"type":"Point","coordinates":[-109.0229,38.0171]},"properties":{"s":10.0,"pub":false}},{"type":"Feature","geometry":{"type":"Point","coordinates":[-109.0229,38.0229]},"properties":{"s":10.0,"pub":true}},{"type":"Feature","geometry":{"type":"Point","coordinates":[-109.0229,38.0287]},"properties":{"s":10.0,"pub":true}},{"type":"Feature","geometry":{"type":"Point","coordinates":[-109.0229,38.0345]},"properties":{"s":10.0,"pub":true}},{"type":"Feature","geometry":{"type":"Point","coordinates":[-109.0229,38.0403]},"properties":{"s":10.0,"pub":true}},{"type":"Feature","geometry":{"type":"Point","coordinates":[-109.0229,38.0461]},"properties":{"s":10.0,"pub":true}},{"type":"Feature","geometry":{"type":"Point","coordinates":[-109.0229,38.0519]},"properties":{"s":10.0,"pub":true}},{"type":"Feature","geometry":{"type":"Point","coordinates":[-109.0229,38.0577]},"properties":{"s":10.0,"pub":true}},{"type":"Feature","geometry":{"type":"Point","coordinates":[-109.0229,38.0635]},"properties":{"s":10.0,"pub":true}},{"type":"Feature","geometry":{"type":"Point","coordinates":[-109.0229,38.0693]},"properties":{"s":10.0,"pub":true}},{"type":"Feature","geometry":{"type":"Point","coordinates":[-109.0229,38.0751]},"properties":{"s":10.0,"pub":true}},{"type":"Feature","geometry":{"type":"Point","coordinates":[-109.0229,38.0809]},"properties":{"s":10.0,"pub":true}},{"type":"Feature","geometry":{"type":"Point","coordinates":[-109.0229,38.0867]},"properties":{"s":10.0,"pub":true}},{"type":"Feature","geometry":{"type":"Point","coordinates":[-109.0229,38.0925]},"properties":{"s":10.0,"pub":true}},{"type":"Feature","geometry":{"type":"Point","coordinates":[-109.0229,38.0983]},"properties":{"s":10.0,"pub":true}},{"type":"Feature","geometry":{"type":"Point","coordinates":[-109.0229,38.1041]},"properties":{"s":10.0,"pub":true}},{"type":"Feature","geometry":{"type":"Point","coordinates":[-109.0229,38.1099]},"properties":{"s":10.0,"pub":true}},{"type":"Feature","geometry":{"type":"Point","coordinates":[-109.0229,38.1157]},"properties":{"s":10.0,"pub":true}},{"type":"Feature","geometry":{"type":"Point","coordinates":[-109.0229,38.1215]},"properties":{"s":10.0,"pub":true}},{"type":"Feature","geometry":{"type":"Point","coordinates":[-109.0229,38.1273]},"properties":{"s":10.0,"pub":true}},{"type":"Feature","geometry":{"type":"Point","coordinates":[-109.0229,38.1331]},"properties":{"s":10.0,"pub":true}},{"type":"Feature","geometry":{"type":"Point","coordinates":[-109.0229,38.1389]},"properties":{"s":10.0,"pub":true}},{"type":"Feature","geometry":{"type":"Point","coordinates":[-109.0229,38.1447]},"properties":{"s":10.0,"pub":true}},{"type":"Feature","geometry":{"type":"Point","coordinates":[-109.0229,38.1505]},"properties":{"s":10.0,"pub":true}},{"type":"Feature","geometry":{"type":"Point","coordinates":[-109.0229,38.1563]},"properties":{"s":10.0,"pub":true}},{"type":"Feature","geometry":{"type":"Point","coordinates":[-109.0229,38.1621]},"properties":{"s":10.0,"pub":true}},{"type":"Feature","geometry":{"type":"Point","coordinates":[-109.0229,38.1679]},"properties":{"s":10.0,"pub":true}},{"type":"Feature","geometry":{"type":"Point","coordinates":[-109.0229,38.1737]},"properties":{"s":10.0,"pub":true}},{"type":"Feature","geometry":{"type":"Point","coordinates":[-109.0229,38.1795]},"properties":{"s":10.0,"pub":true}},{"type":"Feature","geometry":{"type":"Point","coordinates":[-109.0229,38.1853]},"properties":{"s":10.0,"pub":true}},{"type":"Feature","geometry":{"type":"Point","coordinates":[-109.0229,38.1911]},"properties":{"s":10.0,"pub":true}},{"type":"Feature","geometry":{"type":"Point","coordinates":[-109.0229,38.1969]},"properties":{"s":10.0,"pub":true}},{"type":"Feature","geometry":{"type":"Point","coordinates":[-109.0229,38.2027]},"properties":{"s":10.0,"pub":true}},{"type":"Feature","geometry":{"type":"Point","coordinates":[-109.0229,38.2085]},"properties":{"s":10.0,"pub":true}},{"type":"Feature","geometry":{"type":"Point","coordinates":[-109.0229,38.2143]},"properties":{"s":10.0,"pub":true}},{"type":"Feature","geometry":{"type":"Point","coordinates":[-109.0229,38.2201]},"properties":{"s":10.0,"pub":true}},{"type":"Feature","geometry":{"type":"Point","coordinates":[-109.0229,38.2259]},"properties":{"s":10.0,"pub":true}},{"type":"Feature","geometry":{"type":"Point","coordinates":[-109.0229,38.2317]},"properties":{"s":10.0,"pub":true}},{"type":"Feature","geometry":{"type":"Point","coordinates":[-109.0229,38.2375]},"properties":{"s":10.0,"pub":true}},{"type":"Feature","geometry":{"type":"Point","coordinates":[-109.0229,38.2433]},"properties":{"s":10.0,"pub":true}},{"type":"Feature","geometry":{"type":"Point","coordinates":[-109.0229,38.2491]},"properties":{"s":10.0,"pub":true}},{"type":"Feature","geometry":{"type":"Point","coordinates":[-109.0229,38.2549]},"properties":{"s":10.0,"pub":true}},{"type":"Feature","geometry":{"type":"Point","coordinates":[-109.0229,38.2607]},"properties":{"s":10.0,"pub":true}},{"type":"Feature","geometry":{"type":"Point","coordinates":[-109.0229,38.2665]},"properties":{"s":10.0,"pub":true}},{"type":"Feature","geometry":{"type":"Point","coordinates":[-109.0229,38.2723]},"properties":{"s":10.0,"pub":true}},{"type":"Feature","geometry":{"type":"Point","coordinates":[-109.0229,38.2781]},"properties":{"s":10.0,"pub":true}},{"type":"Feature","geometry":{"type":"Point","coordinates":[-109.0229,38.2839]},"properties":{"s":10.0,"pub":true}},{"type":"Feature","geometry":{"type":"Point","coordinates":[-109.0229,38.2897]},"properties":{"s":10.0,"pub":true}},{"type":"Feature","geometry":{"type":"Point","coordinates":[-109.0229,38.2955]},"properties":{"s":10.0,"pub":true}},{"type":"Feature","geometry":{"type":"Point","coordinates":[-109.0229,38.3013]},"properties":{"s":10.0,"pub":true}},{"type":"Feature","geometry":{"type":"Point","coordinates":[-109.0229,38.3071]},"properties":{"s":10.0,"pub":true}},{"type":"Feature","geometry":{"type":"Point","coordinates":[-109.0229,38.3129]},"properties":{"s":10.0,"pub":true}},{"type":"Feature","geometry":{"type":"Point","coordinates":[-109.0229,38.3187]},"properties":{"s":10.0,"pub":true}},{"type":"Feature","geometry":{"type":"Point","coordinates":[-109.0229,38.3245]},"properties":{"s":10.0,"pub":true}},{"type":"Feature","geometry":{"type":"Point","coordinates":[-109.0154,37.9707]},"properties":{"s":43.3,"pub":true}},{"type":"Feature","geometry":{"type":"Point","coordinates":[-109.0154,37.9823]},"properties":{"s":10.0,"pub":true}},{"type":"Feature","geometry":{"type":"Point","coordinates":[-109.0154,37.9881]},"properties":{"s":10.0,"pub":false}},{"type":"Feature","geometry":{"type":"Point","coordinates":[-109.0154,37.9939]},"properties":{"s":10.0,"pub":false}},{"type":"Feature","geometry":{"type":"Point","coordinates":[-109.0154,37.9997]},"properties":{"s":10.0,"pub":false}},{"type":"Feature","geometry":{"type":"Point","coordinates":[-109.0154,38.0055]},"properties":{"s":10.0,"pub":false}},{"type":"Feature","geometry":{"type":"Point","coordinates":[-109.0154,38.0113]},"properties":{"s":10.0,"pub":false}},{"type":"Feature","geometry":{"type":"Point","coordinates":[-109.0154,38.0171]},"properties":{"s":10.0,"pub":true}},{"type":"Feature","geometry":{"type":"Point","coordinates":[-109.0154,38.0229]},"properties":{"s":10.0,"pub":true}},{"type":"Feature","geometry":{"type":"Point","coordinates":[-109.0154,38.0287]},"properties":{"s":10.0,"pub":true}},{"type":"Feature","geometry":{"type":"Point","coordinates":[-109.0154,38.0345]},"properties":{"s":10.0,"pub":true}},{"type":"Feature","geometry":{"type":"Point","coordinates":[-109.0154,38.0403]},"properties":{"s":10.0,"pub":true}},{"type":"Feature","geometry":{"type":"Point","coordinates":[-109.0154,38.0461]},"properties":{"s":10.0,"pub":true}},{"type":"Feature","geometry":{"type":"Point","coordinates":[-109.0154,38.0519]},"properties":{"s":10.0,"pub":true}},{"type":"Feature","geometry":{"type":"Point","coordinates":[-109.0154,38.0577]},"properties":{"s":10.0,"pub":true}},{"type":"Feature","geometry":{"type":"Point","coordinates":[-109.0154,38.0635]},"properties":{"s":10.0,"pub":true}},{"type":"Feature","geometry":{"type":"Point","coordinates":[-109.0154,38.0693]},"properties":{"s":10.0,"pub":true}},{"type":"Feature","geometry":{"type":"Point","coordinates":[-109.0154,38.0751]},"properties":{"s":10.0,"pub":true}},{"type":"Feature","geometry":{"type":"Point","coordinates":[-109.0154,38.0809]},"properties":{"s":10.0,"pub":true}},{"type":"Feature","geometry":{"type":"Point","coordinates":[-109.0154,38.0867]},"properties":{"s":10.0,"pub":true}},{"type":"Feature","geometry":{"type":"Point","coordinates":[-109.0154,38.0925]},"properties":{"s":10.0,"pub":true}},{"type":"Feature","geometry":{"type":"Point","coordinates":[-109.0154,38.0983]},"properties":{"s":10.0,"pub":true}},{"type":"Feature","geometry":{"type":"Point","coordinates":[-109.0154,38.1041]},"properties":{"s":10.0,"pub":true}},{"type":"Feature","geometry":{"type":"Point","coordinates":[-109.0154,38.1099]},"properties":{"s":10.0,"pub":true}},{"type":"Feature","geometry":{"type":"Point","coordinates":[-109.0154,38.1157]},"properties":{"s":10.0,"pub":true}},{"type":"Feature","geometry":{"type":"Point","coordinates":[-109.0154,38.1215]},"properties":{"s":10.0,"pub":true}},{"type":"Feature","geometry":{"type":"Point","coordinates":[-109.0154,38.1273]},"properties":{"s":10.0,"pub":true}},{"type":"Feature","geometry":{"type":"Point","coordinates":[-109.0154,38.1331]},"properties":{"s":10.0,"pub":true}},{"type":"Feature","geometry":{"type":"Point","coordinates":[-109.0154,38.1389]},"properties":{"s":10.0,"pub":true}},{"type":"Feature","geometry":{"type":"Point","coordinates":[-109.0154,38.1447]},"properties":{"s":10.0,"pub":true}},{"type":"Feature","geometry":{"type":"Point","coordinates":[-109.0154,38.1505]},"properties":{"s":10.0,"pub":true}},{"type":"Feature","geometry":{"type":"Point","coordinates":[-109.0154,38.1563]},"properties":{"s":10.0,"pub":true}},{"type":"Feature","geometry":{"type":"Point","coordinates":[-109.0154,38.1621]},"properties":{"s":10.0,"pub":true}},{"type":"Feature","geometry":{"type":"Point","coordinates":[-109.0154,38.1679]},"properties":{"s":10.0,"pub":true}},{"type":"Feature","geometry":{"type":"Point","coordinates":[-109.0154,38.1737]},"properties":{"s":10.0,"pub":true}},{"type":"Feature","geometry":{"type":"Point","coordinates":[-109.0154,38.1795]},"properties":{"s":10.0,"pub":true}},{"type":"Feature","geometry":{"type":"Point","coordinates":[-109.0154,38.1853]},"properties":{"s":10.0,"pub":true}},{"type":"Feature","geometry":{"type":"Point","coordinates":[-109.0154,38.1911]},"properties":{"s":10.0,"pub":true}},{"type":"Feature","geometry":{"type":"Point","coordinates":[-109.0154,38.1969]},"properties":{"s":10.0,"pub":true}},{"type":"Feature","geometry":{"type":"Point","coordinates":[-109.0154,38.2027]},"properties":{"s":10.0,"pub":true}},{"type":"Feature","geometry":{"type":"Point","coordinates":[-109.0154,38.2085]},"properties":{"s":10.0,"pub":true}},{"type":"Feature","geometry":{"type":"Point","coordinates":[-109.0154,38.2143]},"properties":{"s":10.0,"pub":true}},{"type":"Feature","geometry":{"type":"Point","coordinates":[-109.0154,38.2201]},"properties":{"s":10.0,"pub":true}},{"type":"Feature","geometry":{"type":"Point","coordinates":[-109.0154,38.2259]},"properties":{"s":10.0,"pub":true}},{"type":"Feature","geometry":{"type":"Point","coordinates":[-109.0154,38.2317]},"properties":{"s":10.0,"pub":true}},{"type":"Feature","geometry":{"type":"Point","coordinates":[-109.0154,38.2375]},"properties":{"s":10.0,"pub":true}},{"type":"Feature","geometry":{"type":"Point","coordinates":[-109.0154,38.2433]},"properties":{"s":10.0,"pub":true}},{"type":"Feature","geometry":{"type":"Point","coordinates":[-109.0154,38.2491]},"properties":{"s":10.0,"pub":true}},{"type":"Feature","geometry":{"type":"Point","coordinates":[-109.0154,38.2549]},"properties":{"s":10.0,"pub":true}},{"type":"Feature","geometry":{"type":"Point","coordinates":[-109.0154,38.2607]},"properties":{"s":10.0,"pub":true}},{"type":"Feature","geometry":{"type":"Point","coordinates":[-109.0154,38.2665]},"properties":{"s":10.0,"pub":true}},{"type":"Feature","geometry":{"type":"Point","coordinates":[-109.0154,38.2723]},"properties":{"s":10.0,"pub":true}},{"type":"Feature","geometry":{"type":"Point","coordinates":[-109.0154,38.2781]},"properties":{"s":10.0,"pub":true}},{"type":"Feature","geometry":{"type":"Point","coordinates":[-109.0154,38.2839]},"properties":{"s":10.0,"pub":true}},{"type":"Feature","geometry":{"type":"Point","coordinates":[-109.0154,38.2897]},"properties":{"s":10.0,"pub":true}},{"type":"Feature","geometry":{"type":"Point","coordinates":[-109.0154,38.2955]},"properties":{"s":10.0,"pub":true}},{"type":"Feature","geometry":{"type":"Point","coordinates":[-109.0154,38.3013]},"properties":{"s":10.0,"pub":true}},{"type":"Feature","geometry":{"type":"Point","coordinates":[-109.0154,38.3071]},"properties":{"s":10.0,"pub":true}},{"type":"Feature","geometry":{"type":"Point","coordinates":[-109.0154,38.3129]},"properties":{"s":10.0,"pub":true}},{"type":"Feature","geometry":{"type":"Point","coordinates":[-109.0154,38.3187]},"properties":{"s":10.0,"pub":true}},{"type":"Feature","geometry":{"type":"Point","coordinates":[-109.0154,38.3245]},"properties":{"s":10.0,"pub":true}},{"type":"Feature","geometry":{"type":"Point","coordinates":[-109.0079,37.9881]},"properties":{"s":10.0,"pub":true}},{"type":"Feature","geometry":{"type":"Point","coordinates":[-109.0079,37.9939]},"properties":{"s":10.0,"pub":false}},{"type":"Feature","geometry":{"type":"Point","coordinates":[-109.0079,37.9997]},"properties":{"s":10.0,"pub":false}},{"type":"Feature","geometry":{"type":"Point","coordinates":[-109.0079,38.0055]},"properties":{"s":10.0,"pub":false}},{"type":"Feature","geometry":{"type":"Point","coordinates":[-109.0079,38.0113]},"properties":{"s":10.0,"pub":false}},{"type":"Feature","geometry":{"type":"Point","coordinates":[-109.0079,38.0171]},"properties":{"s":10.0,"pub":true}},{"type":"Feature","geometry":{"type":"Point","coordinates":[-109.0079,38.0229]},"properties":{"s":10.0,"pub":true}},{"type":"Feature","geometry":{"type":"Point","coordinates":[-109.0079,38.0287]},"properties":{"s":10.0,"pub":true}},{"type":"Feature","geometry":{"type":"Point","coordinates":[-109.0079,38.0345]},"properties":{"s":10.0,"pub":true}},{"type":"Feature","geometry":{"type":"Point","coordinates":[-109.0079,38.0403]},"properties":{"s":10.0,"pub":true}},{"type":"Feature","geometry":{"type":"Point","coordinates":[-109.0079,38.0461]},"properties":{"s":10.0,"pub":true}},{"type":"Feature","geometry":{"type":"Point","coordinates":[-109.0079,38.0519]},"properties":{"s":10.0,"pub":true}},{"type":"Feature","geometry":{"type":"Point","coordinates":[-109.0079,38.0577]},"properties":{"s":10.0,"pub":true}},{"type":"Feature","geometry":{"type":"Point","coordinates":[-109.0079,38.0635]},"properties":{"s":10.0,"pub":true}},{"type":"Feature","geometry":{"type":"Point","coordinates":[-109.0079,38.0693]},"properties":{"s":10.0,"pub":true}},{"type":"Feature","geometry":{"type":"Point","coordinates":[-109.0079,38.0751]},"properties":{"s":10.0,"pub":true}},{"type":"Feature","geometry":{"type":"Point","coordinates":[-109.0079,38.0809]},"properties":{"s":10.0,"pub":true}},{"type":"Feature","geometry":{"type":"Point","coordinates":[-109.0079,38.0867]},"properties":{"s":10.0,"pub":true}},{"type":"Feature","geometry":{"type":"Point","coordinates":[-109.0079,38.0925]},"properties":{"s":10.0,"pub":true}},{"type":"Feature","geometry":{"type":"Point","coordinates":[-109.0079,38.0983]},"properties":{"s":10.0,"pub":true}},{"type":"Feature","geometry":{"type":"Point","coordinates":[-109.0079,38.1041]},"properties":{"s":10.0,"pub":true}},{"type":"Feature","geometry":{"type":"Point","coordinates":[-109.0079,38.1099]},"properties":{"s":10.0,"pub":true}},{"type":"Feature","geometry":{"type":"Point","coordinates":[-109.0079,38.1157]},"properties":{"s":10.0,"pub":true}},{"type":"Feature","geometry":{"type":"Point","coordinates":[-109.0079,38.1215]},"properties":{"s":10.0,"pub":true}},{"type":"Feature","geometry":{"type":"Point","coordinates":[-109.0079,38.1273]},"properties":{"s":10.0,"pub":true}},{"type":"Feature","geometry":{"type":"Point","coordinates":[-109.0079,38.1331]},"properties":{"s":10.0,"pub":true}},{"type":"Feature","geometry":{"type":"Point","coordinates":[-109.0079,38.1389]},"properties":{"s":10.0,"pub":true}},{"type":"Feature","geometry":{"type":"Point","coordinates":[-109.0079,38.1447]},"properties":{"s":10.0,"pub":true}},{"type":"Feature","geometry":{"type":"Point","coordinates":[-109.0079,38.1505]},"properties":{"s":10.0,"pub":true}},{"type":"Feature","geometry":{"type":"Point","coordinates":[-109.0079,38.1563]},"properties":{"s":10.0,"pub":true}},{"type":"Feature","geometry":{"type":"Point","coordinates":[-109.0079,38.1621]},"properties":{"s":10.0,"pub":true}},{"type":"Feature","geometry":{"type":"Point","coordinates":[-109.0079,38.1679]},"properties":{"s":10.0,"pub":true}},{"type":"Feature","geometry":{"type":"Point","coordinates":[-109.0079,38.1737]},"properties":{"s":10.0,"pub":true}},{"type":"Feature","geometry":{"type":"Point","coordinates":[-109.0079,38.1795]},"properties":{"s":10.0,"pub":true}},{"type":"Feature","geometry":{"type":"Point","coordinates":[-109.0079,38.1853]},"properties":{"s":10.0,"pub":true}},{"type":"Feature","geometry":{"type":"Point","coordinates":[-109.0079,38.1911]},"properties":{"s":10.0,"pub":true}},{"type":"Feature","geometry":{"type":"Point","coordinates":[-109.0079,38.1969]},"properties":{"s":10.0,"pub":true}},{"type":"Feature","geometry":{"type":"Point","coordinates":[-109.0079,38.2027]},"properties":{"s":10.0,"pub":true}},{"type":"Feature","geometry":{"type":"Point","coordinates":[-109.0079,38.2085]},"properties":{"s":10.0,"pub":true}},{"type":"Feature","geometry":{"type":"Point","coordinates":[-109.0079,38.2143]},"properties":{"s":10.0,"pub":true}},{"type":"Feature","geometry":{"type":"Point","coordinates":[-109.0079,38.2201]},"properties":{"s":10.0,"pub":true}},{"type":"Feature","geometry":{"type":"Point","coordinates":[-109.0079,38.2259]},"properties":{"s":10.0,"pub":true}},{"type":"Feature","geometry":{"type":"Point","coordinates":[-109.0079,38.2317]},"properties":{"s":10.0,"pub":true}},{"type":"Feature","geometry":{"type":"Point","coordinates":[-109.0079,38.2375]},"properties":{"s":10.0,"pub":true}},{"type":"Feature","geometry":{"type":"Point","coordinates":[-109.0079,38.2433]},"properties":{"s":10.0,"pub":true}},{"type":"Feature","geometry":{"type":"Point","coordinates":[-109.0079,38.2491]},"properties":{"s":10.0,"pub":true}},{"type":"Feature","geometry":{"type":"Point","coordinates":[-109.0079,38.2549]},"properties":{"s":10.0,"pub":true}},{"type":"Feature","geometry":{"type":"Point","coordinates":[-109.0079,38.2607]},"properties":{"s":10.0,"pub":true}},{"type":"Feature","geometry":{"type":"Point","coordinates":[-109.0079,38.2665]},"properties":{"s":10.0,"pub":true}},{"type":"Feature","geometry":{"type":"Point","coordinates":[-109.0079,38.2723]},"properties":{"s":10.0,"pub":true}},{"type":"Feature","geometry":{"type":"Point","coordinates":[-109.0079,38.2781]},"properties":{"s":10.0,"pub":true}},{"type":"Feature","geometry":{"type":"Point","coordinates":[-109.0079,38.2839]},"properties":{"s":10.0,"pub":true}},{"type":"Feature","geometry":{"type":"Point","coordinates":[-109.0079,38.2897]},"properties":{"s":10.0,"pub":true}},{"type":"Feature","geometry":{"type":"Point","coordinates":[-109.0079,38.2955]},"properties":{"s":10.0,"pub":true}},{"type":"Feature","geometry":{"type":"Point","coordinates":[-109.0079,38.3013]},"properties":{"s":10.0,"pub":true}},{"type":"Feature","geometry":{"type":"Point","coordinates":[-109.0079,38.3071]},"properties":{"s":10.0,"pub":true}},{"type":"Feature","geometry":{"type":"Point","coordinates":[-109.0079,38.3129]},"properties":{"s":10.0,"pub":true}},{"type":"Feature","geometry":{"type":"Point","coordinates":[-109.0079,38.3187]},"properties":{"s":10.0,"pub":true}},{"type":"Feature","geometry":{"type":"Point","coordinates":[-109.0079,38.3245]},"properties":{"s":10.0,"pub":true}},{"type":"Feature","geometry":{"type":"Point","coordinates":[-109.0004,37.9765]},"properties":{"s":40.0,"pub":true}},{"type":"Feature","geometry":{"type":"Point","coordinates":[-109.0004,37.9939]},"properties":{"s":10.0,"pub":true}},{"type":"Feature","geometry":{"type":"Point","coordinates":[-109.0004,37.9997]},"properties":{"s":10.0,"pub":true}},{"type":"Feature","geometry":{"type":"Point","coordinates":[-109.0004,38.0055]},"properties":{"s":10.0,"pub":true}},{"type":"Feature","geometry":{"type":"Point","coordinates":[-109.0004,38.0113]},"properties":{"s":10.0,"pub":true}},{"type":"Feature","geometry":{"type":"Point","coordinates":[-109.0004,38.0171]},"properties":{"s":10.0,"pub":true}},{"type":"Feature","geometry":{"type":"Point","coordinates":[-109.0004,38.0229]},"properties":{"s":10.0,"pub":true}},{"type":"Feature","geometry":{"type":"Point","coordinates":[-109.0004,38.0287]},"properties":{"s":10.0,"pub":true}},{"type":"Feature","geometry":{"type":"Point","coordinates":[-109.0004,38.0345]},"properties":{"s":10.0,"pub":true}},{"type":"Feature","geometry":{"type":"Point","coordinates":[-109.0004,38.0403]},"properties":{"s":10.0,"pub":true}},{"type":"Feature","geometry":{"type":"Point","coordinates":[-109.0004,38.0461]},"properties":{"s":10.0,"pub":true}},{"type":"Feature","geometry":{"type":"Point","coordinates":[-109.0004,38.0519]},"properties":{"s":10.0,"pub":true}},{"type":"Feature","geometry":{"type":"Point","coordinates":[-109.0004,38.0577]},"properties":{"s":10.0,"pub":true}},{"type":"Feature","geometry":{"type":"Point","coordinates":[-109.0004,38.0635]},"properties":{"s":10.0,"pub":true}},{"type":"Feature","geometry":{"type":"Point","coordinates":[-109.0004,38.0693]},"properties":{"s":10.0,"pub":true}},{"type":"Feature","geometry":{"type":"Point","coordinates":[-109.0004,38.0751]},"properties":{"s":10.0,"pub":true}},{"type":"Feature","geometry":{"type":"Point","coordinates":[-109.0004,38.0809]},"properties":{"s":10.0,"pub":true}},{"type":"Feature","geometry":{"type":"Point","coordinates":[-109.0004,38.0867]},"properties":{"s":10.0,"pub":true}},{"type":"Feature","geometry":{"type":"Point","coordinates":[-109.0004,38.0925]},"properties":{"s":10.0,"pub":true}},{"type":"Feature","geometry":{"type":"Point","coordinates":[-109.0004,38.0983]},"properties":{"s":10.0,"pub":true}},{"type":"Feature","geometry":{"type":"Point","coordinates":[-109.0004,38.1041]},"properties":{"s":10.0,"pub":true}},{"type":"Feature","geometry":{"type":"Point","coordinates":[-109.0004,38.1099]},"properties":{"s":10.0,"pub":true}},{"type":"Feature","geometry":{"type":"Point","coordinates":[-109.0004,38.1157]},"properties":{"s":10.0,"pub":true}},{"type":"Feature","geometry":{"type":"Point","coordinates":[-109.0004,38.1215]},"properties":{"s":10.0,"pub":true}},{"type":"Feature","geometry":{"type":"Point","coordinates":[-109.0004,38.1273]},"properties":{"s":10.0,"pub":true}},{"type":"Feature","geometry":{"type":"Point","coordinates":[-109.0004,38.1331]},"properties":{"s":10.0,"pub":true}},{"type":"Feature","geometry":{"type":"Point","coordinates":[-109.0004,38.1389]},"properties":{"s":10.0,"pub":true}},{"type":"Feature","geometry":{"type":"Point","coordinates":[-109.0004,38.1447]},"properties":{"s":10.0,"pub":true}},{"type":"Feature","geometry":{"type":"Point","coordinates":[-109.0004,38.1505]},"properties":{"s":10.0,"pub":true}},{"type":"Feature","geometry":{"type":"Point","coordinates":[-109.0004,38.1563]},"properties":{"s":10.0,"pub":true}},{"type":"Feature","geometry":{"type":"Point","coordinates":[-109.0004,38.1621]},"properties":{"s":10.0,"pub":true}},{"type":"Feature","geometry":{"type":"Point","coordinates":[-109.0004,38.1679]},"properties":{"s":10.0,"pub":true}},{"type":"Feature","geometry":{"type":"Point","coordinates":[-109.0004,38.1737]},"properties":{"s":10.0,"pub":true}},{"type":"Feature","geometry":{"type":"Point","coordinates":[-109.0004,38.1795]},"properties":{"s":10.0,"pub":true}},{"type":"Feature","geometry":{"type":"Point","coordinates":[-109.0004,38.1853]},"properties":{"s":10.0,"pub":true}},{"type":"Feature","geometry":{"type":"Point","coordinates":[-109.0004,38.1911]},"properties":{"s":10.0,"pub":true}},{"type":"Feature","geometry":{"type":"Point","coordinates":[-109.0004,38.1969]},"properties":{"s":10.0,"pub":true}},{"type":"Feature","geometry":{"type":"Point","coordinates":[-109.0004,38.2027]},"properties":{"s":10.0,"pub":true}},{"type":"Feature","geometry":{"type":"Point","coordinates":[-109.0004,38.2085]},"properties":{"s":10.0,"pub":true}},{"type":"Feature","geometry":{"type":"Point","coordinates":[-109.0004,38.2143]},"properties":{"s":10.0,"pub":true}},{"type":"Feature","geometry":{"type":"Point","coordinates":[-109.0004,38.2201]},"properties":{"s":10.0,"pub":true}},{"type":"Feature","geometry":{"type":"Point","coordinates":[-109.0004,38.2259]},"properties":{"s":10.0,"pub":true}},{"type":"Feature","geometry":{"type":"Point","coordinates":[-109.0004,38.2317]},"properties":{"s":10.0,"pub":true}},{"type":"Feature","geometry":{"type":"Point","coordinates":[-109.0004,38.2375]},"properties":{"s":10.0,"pub":true}},{"type":"Feature","geometry":{"type":"Point","coordinates":[-109.0004,38.2433]},"properties":{"s":10.0,"pub":true}},{"type":"Feature","geometry":{"type":"Point","coordinates":[-109.0004,38.2491]},"properties":{"s":10.0,"pub":true}},{"type":"Feature","geometry":{"type":"Point","coordinates":[-109.0004,38.2549]},"properties":{"s":10.0,"pub":true}},{"type":"Feature","geometry":{"type":"Point","coordinates":[-109.0004,38.2607]},"properties":{"s":10.0,"pub":true}},{"type":"Feature","geometry":{"type":"Point","coordinates":[-109.0004,38.2665]},"properties":{"s":10.0,"pub":true}},{"type":"Feature","geometry":{"type":"Point","coordinates":[-109.0004,38.2723]},"properties":{"s":10.0,"pub":true}},{"type":"Feature","geometry":{"type":"Point","coordinates":[-109.0004,38.2781]},"properties":{"s":10.0,"pub":true}},{"type":"Feature","geometry":{"type":"Point","coordinates":[-109.0004,38.2839]},"properties":{"s":10.0,"pub":true}},{"type":"Feature","geometry":{"type":"Point","coordinates":[-109.0004,38.2897]},"properties":{"s":10.0,"pub":true}},{"type":"Feature","geometry":{"type":"Point","coordinates":[-109.0004,38.2955]},"properties":{"s":10.0,"pub":true}},{"type":"Feature","geometry":{"type":"Point","coordinates":[-109.0004,38.3013]},"properties":{"s":10.0,"pub":true}},{"type":"Feature","geometry":{"type":"Point","coordinates":[-109.0004,38.3071]},"properties":{"s":10.0,"pub":true}},{"type":"Feature","geometry":{"type":"Point","coordinates":[-109.0004,38.3129]},"properties":{"s":10.0,"pub":true}},{"type":"Feature","geometry":{"type":"Point","coordinates":[-108.9929,37.9997]},"properties":{"s":10.0,"pub":true}},{"type":"Feature","geometry":{"type":"Point","coordinates":[-108.9929,38.0055]},"properties":{"s":10.0,"pub":true}},{"type":"Feature","geometry":{"type":"Point","coordinates":[-108.9929,38.0113]},"properties":{"s":10.0,"pub":true}},{"type":"Feature","geometry":{"type":"Point","coordinates":[-108.9929,38.0171]},"properties":{"s":10.0,"pub":true}},{"type":"Feature","geometry":{"type":"Point","coordinates":[-108.9929,38.0229]},"properties":{"s":10.0,"pub":true}},{"type":"Feature","geometry":{"type":"Point","coordinates":[-108.9929,38.0287]},"properties":{"s":10.0,"pub":true}},{"type":"Feature","geometry":{"type":"Point","coordinates":[-108.9929,38.0345]},"properties":{"s":10.0,"pub":true}},{"type":"Feature","geometry":{"type":"Point","coordinates":[-108.9929,38.0403]},"properties":{"s":10.0,"pub":true}},{"type":"Feature","geometry":{"type":"Point","coordinates":[-108.9929,38.0461]},"properties":{"s":10.0,"pub":true}},{"type":"Feature","geometry":{"type":"Point","coordinates":[-108.9929,38.0519]},"properties":{"s":10.0,"pub":true}},{"type":"Feature","geometry":{"type":"Point","coordinates":[-108.9929,38.0577]},"properties":{"s":10.0,"pub":true}},{"type":"Feature","geometry":{"type":"Point","coordinates":[-108.9929,38.0635]},"properties":{"s":10.0,"pub":true}},{"type":"Feature","geometry":{"type":"Point","coordinates":[-108.9929,38.0693]},"properties":{"s":10.0,"pub":true}},{"type":"Feature","geometry":{"type":"Point","coordinates":[-108.9929,38.0751]},"properties":{"s":10.0,"pub":true}},{"type":"Feature","geometry":{"type":"Point","coordinates":[-108.9929,38.0809]},"properties":{"s":10.0,"pub":true}},{"type":"Feature","geometry":{"type":"Point","coordinates":[-108.9929,38.0867]},"properties":{"s":10.0,"pub":true}},{"type":"Feature","geometry":{"type":"Point","coordinates":[-108.9929,38.0925]},"properties":{"s":10.0,"pub":true}},{"type":"Feature","geometry":{"type":"Point","coordinates":[-108.9929,38.0983]},"properties":{"s":10.0,"pub":true}},{"type":"Feature","geometry":{"type":"Point","coordinates":[-108.9929,38.1041]},"properties":{"s":10.0,"pub":true}},{"type":"Feature","geometry":{"type":"Point","coordinates":[-108.9929,38.1099]},"properties":{"s":10.0,"pub":true}},{"type":"Feature","geometry":{"type":"Point","coordinates":[-108.9929,38.1157]},"properties":{"s":10.0,"pub":true}},{"type":"Feature","geometry":{"type":"Point","coordinates":[-108.9929,38.1215]},"properties":{"s":10.0,"pub":true}},{"type":"Feature","geometry":{"type":"Point","coordinates":[-108.9929,38.1273]},"properties":{"s":10.0,"pub":true}},{"type":"Feature","geometry":{"type":"Point","coordinates":[-108.9929,38.1331]},"properties":{"s":10.0,"pub":true}},{"type":"Feature","geometry":{"type":"Point","coordinates":[-108.9929,38.1389]},"properties":{"s":10.0,"pub":true}},{"type":"Feature","geometry":{"type":"Point","coordinates":[-108.9929,38.1447]},"properties":{"s":10.0,"pub":true}},{"type":"Feature","geometry":{"type":"Point","coordinates":[-108.9929,38.1505]},"properties":{"s":10.0,"pub":true}},{"type":"Feature","geometry":{"type":"Point","coordinates":[-108.9929,38.1563]},"properties":{"s":10.0,"pub":true}},{"type":"Feature","geometry":{"type":"Point","coordinates":[-108.9929,38.1621]},"properties":{"s":10.0,"pub":true}},{"type":"Feature","geometry":{"type":"Point","coordinates":[-108.9929,38.1679]},"properties":{"s":10.0,"pub":true}},{"type":"Feature","geometry":{"type":"Point","coordinates":[-108.9929,38.1737]},"properties":{"s":10.0,"pub":true}},{"type":"Feature","geometry":{"type":"Point","coordinates":[-108.9929,38.1795]},"properties":{"s":10.0,"pub":true}},{"type":"Feature","geometry":{"type":"Point","coordinates":[-108.9929,38.1853]},"properties":{"s":10.0,"pub":true}},{"type":"Feature","geometry":{"type":"Point","coordinates":[-108.9929,38.1911]},"properties":{"s":10.0,"pub":true}},{"type":"Feature","geometry":{"type":"Point","coordinates":[-108.9929,38.1969]},"properties":{"s":10.0,"pub":true}},{"type":"Feature","geometry":{"type":"Point","coordinates":[-108.9929,38.2027]},"properties":{"s":10.0,"pub":true}},{"type":"Feature","geometry":{"type":"Point","coordinates":[-108.9929,38.2085]},"properties":{"s":10.0,"pub":true}},{"type":"Feature","geometry":{"type":"Point","coordinates":[-108.9929,38.2143]},"properties":{"s":10.0,"pub":true}},{"type":"Feature","geometry":{"type":"Point","coordinates":[-108.9929,38.2201]},"properties":{"s":10.0,"pub":true}},{"type":"Feature","geometry":{"type":"Point","coordinates":[-108.9929,38.2259]},"properties":{"s":10.0,"pub":true}},{"type":"Feature","geometry":{"type":"Point","coordinates":[-108.9929,38.2317]},"properties":{"s":10.0,"pub":true}},{"type":"Feature","geometry":{"type":"Point","coordinates":[-108.9929,38.2375]},"properties":{"s":10.0,"pub":true}},{"type":"Feature","geometry":{"type":"Point","coordinates":[-108.9929,38.2433]},"properties":{"s":10.0,"pub":true}},{"type":"Feature","geometry":{"type":"Point","coordinates":[-108.9929,38.2491]},"properties":{"s":10.0,"pub":true}},{"type":"Feature","geometry":{"type":"Point","coordinates":[-108.9929,38.2549]},"properties":{"s":10.0,"pub":true}},{"type":"Feature","geometry":{"type":"Point","coordinates":[-108.9929,38.2607]},"properties":{"s":10.0,"pub":true}},{"type":"Feature","geometry":{"type":"Point","coordinates":[-108.9929,38.2665]},"properties":{"s":10.0,"pub":true}},{"type":"Feature","geometry":{"type":"Point","coordinates":[-108.9929,38.2723]},"properties":{"s":10.0,"pub":true}},{"type":"Feature","geometry":{"type":"Point","coordinates":[-108.9929,38.2781]},"properties":{"s":10.0,"pub":true}},{"type":"Feature","geometry":{"type":"Point","coordinates":[-108.9929,38.2839]},"properties":{"s":10.0,"pub":true}},{"type":"Feature","geometry":{"type":"Point","coordinates":[-108.9929,38.2897]},"properties":{"s":10.0,"pub":true}},{"type":"Feature","geometry":{"type":"Point","coordinates":[-108.9929,38.2955]},"properties":{"s":10.0,"pub":true}},{"type":"Feature","geometry":{"type":"Point","coordinates":[-108.9929,38.3013]},"properties":{"s":10.0,"pub":true}},{"type":"Feature","geometry":{"type":"Point","coordinates":[-108.9929,38.3071]},"properties":{"s":10.0,"pub":true}},{"type":"Feature","geometry":{"type":"Point","coordinates":[-108.9929,38.3129]},"properties":{"s":10.0,"pub":true}},{"type":"Feature","geometry":{"type":"Point","coordinates":[-108.9929,38.3187]},"properties":{"s":10.0,"pub":true}},{"type":"Feature","geometry":{"type":"Point","coordinates":[-108.9854,37.9997]},"properties":{"s":10.0,"pub":true}},{"type":"Feature","geometry":{"type":"Point","coordinates":[-108.9854,38.0055]},"properties":{"s":10.0,"pub":true}},{"type":"Feature","geometry":{"type":"Point","coordinates":[-108.9854,38.0113]},"properties":{"s":10.0,"pub":true}},{"type":"Feature","geometry":{"type":"Point","coordinates":[-108.9854,38.0171]},"properties":{"s":10.0,"pub":true}},{"type":"Feature","geometry":{"type":"Point","coordinates":[-108.9854,38.0229]},"properties":{"s":10.0,"pub":true}},{"type":"Feature","geometry":{"type":"Point","coordinates":[-108.9854,38.0287]},"properties":{"s":10.0,"pub":true}},{"type":"Feature","geometry":{"type":"Point","coordinates":[-108.9854,38.0345]},"properties":{"s":10.0,"pub":true}},{"type":"Feature","geometry":{"type":"Point","coordinates":[-108.9854,38.0403]},"properties":{"s":10.0,"pub":true}},{"type":"Feature","geometry":{"type":"Point","coordinates":[-108.9854,38.0461]},"properties":{"s":10.0,"pub":true}},{"type":"Feature","geometry":{"type":"Point","coordinates":[-108.9854,38.0519]},"properties":{"s":10.0,"pub":true}},{"type":"Feature","geometry":{"type":"Point","coordinates":[-108.9854,38.0577]},"properties":{"s":10.0,"pub":true}},{"type":"Feature","geometry":{"type":"Point","coordinates":[-108.9854,38.0635]},"properties":{"s":10.0,"pub":true}},{"type":"Feature","geometry":{"type":"Point","coordinates":[-108.9854,38.0693]},"properties":{"s":10.0,"pub":true}},{"type":"Feature","geometry":{"type":"Point","coordinates":[-108.9854,38.0751]},"properties":{"s":10.0,"pub":true}},{"type":"Feature","geometry":{"type":"Point","coordinates":[-108.9854,38.0809]},"properties":{"s":10.0,"pub":true}},{"type":"Feature","geometry":{"type":"Point","coordinates":[-108.9854,38.0867]},"properties":{"s":10.0,"pub":true}},{"type":"Feature","geometry":{"type":"Point","coordinates":[-108.9854,38.0925]},"properties":{"s":10.0,"pub":true}},{"type":"Feature","geometry":{"type":"Point","coordinates":[-108.9854,38.0983]},"properties":{"s":10.0,"pub":true}},{"type":"Feature","geometry":{"type":"Point","coordinates":[-108.9854,38.1041]},"properties":{"s":10.0,"pub":true}},{"type":"Feature","geometry":{"type":"Point","coordinates":[-108.9854,38.1099]},"properties":{"s":10.0,"pub":true}},{"type":"Feature","geometry":{"type":"Point","coordinates":[-108.9854,38.1157]},"properties":{"s":10.0,"pub":true}},{"type":"Feature","geometry":{"type":"Point","coordinates":[-108.9854,38.1215]},"properties":{"s":10.0,"pub":true}},{"type":"Feature","geometry":{"type":"Point","coordinates":[-108.9854,38.1273]},"properties":{"s":10.0,"pub":true}},{"type":"Feature","geometry":{"type":"Point","coordinates":[-108.9854,38.1331]},"properties":{"s":10.0,"pub":true}},{"type":"Feature","geometry":{"type":"Point","coordinates":[-108.9854,38.1389]},"properties":{"s":10.0,"pub":true}},{"type":"Feature","geometry":{"type":"Point","coordinates":[-108.9854,38.1447]},"properties":{"s":10.0,"pub":true}},{"type":"Feature","geometry":{"type":"Point","coordinates":[-108.9854,38.1505]},"properties":{"s":10.0,"pub":true}},{"type":"Feature","geometry":{"type":"Point","coordinates":[-108.9854,38.1563]},"properties":{"s":10.0,"pub":true}},{"type":"Feature","geometry":{"type":"Point","coordinates":[-108.9854,38.1621]},"properties":{"s":10.0,"pub":true}},{"type":"Feature","geometry":{"type":"Point","coordinates":[-108.9854,38.1679]},"properties":{"s":10.0,"pub":true}},{"type":"Feature","geometry":{"type":"Point","coordinates":[-108.9854,38.1737]},"properties":{"s":10.0,"pub":true}},{"type":"Feature","geometry":{"type":"Point","coordinates":[-108.9854,38.1795]},"properties":{"s":10.0,"pub":true}},{"type":"Feature","geometry":{"type":"Point","coordinates":[-108.9854,38.1853]},"properties":{"s":10.0,"pub":true}},{"type":"Feature","geometry":{"type":"Point","coordinates":[-108.9854,38.1911]},"properties":{"s":10.0,"pub":true}},{"type":"Feature","geometry":{"type":"Point","coordinates":[-108.9854,38.1969]},"properties":{"s":10.0,"pub":true}},{"type":"Feature","geometry":{"type":"Point","coordinates":[-108.9854,38.2027]},"properties":{"s":10.0,"pub":true}},{"type":"Feature","geometry":{"type":"Point","coordinates":[-108.9854,38.2085]},"properties":{"s":10.0,"pub":true}},{"type":"Feature","geometry":{"type":"Point","coordinates":[-108.9854,38.2143]},"properties":{"s":10.0,"pub":true}},{"type":"Feature","geometry":{"type":"Point","coordinates":[-108.9854,38.2201]},"properties":{"s":10.0,"pub":true}},{"type":"Feature","geometry":{"type":"Point","coordinates":[-108.9854,38.2259]},"properties":{"s":10.0,"pub":true}},{"type":"Feature","geometry":{"type":"Point","coordinates":[-108.9854,38.2317]},"properties":{"s":10.0,"pub":true}},{"type":"Feature","geometry":{"type":"Point","coordinates":[-108.9854,38.2375]},"properties":{"s":10.0,"pub":true}},{"type":"Feature","geometry":{"type":"Point","coordinates":[-108.9854,38.2433]},"properties":{"s":10.0,"pub":true}},{"type":"Feature","geometry":{"type":"Point","coordinates":[-108.9854,38.2491]},"properties":{"s":10.0,"pub":true}},{"type":"Feature","geometry":{"type":"Point","coordinates":[-108.9854,38.2549]},"properties":{"s":10.0,"pub":true}},{"type":"Feature","geometry":{"type":"Point","coordinates":[-108.9854,38.2607]},"properties":{"s":10.0,"pub":true}},{"type":"Feature","geometry":{"type":"Point","coordinates":[-108.9854,38.2665]},"properties":{"s":10.0,"pub":true}},{"type":"Feature","geometry":{"type":"Point","coordinates":[-108.9854,38.2723]},"properties":{"s":10.0,"pub":true}},{"type":"Feature","geometry":{"type":"Point","coordinates":[-108.9854,38.2781]},"properties":{"s":10.0,"pub":true}},{"type":"Feature","geometry":{"type":"Point","coordinates":[-108.9854,38.2839]},"properties":{"s":10.0,"pub":true}},{"type":"Feature","geometry":{"type":"Point","coordinates":[-108.9854,38.2897]},"properties":{"s":10.0,"pub":true}},{"type":"Feature","geometry":{"type":"Point","coordinates":[-108.9854,38.2955]},"properties":{"s":10.0,"pub":true}},{"type":"Feature","geometry":{"type":"Point","coordinates":[-108.9854,38.3013]},"properties":{"s":10.0,"pub":true}},{"type":"Feature","geometry":{"type":"Point","coordinates":[-108.9854,38.3071]},"properties":{"s":10.0,"pub":true}},{"type":"Feature","geometry":{"type":"Point","coordinates":[-108.9854,38.3129]},"properties":{"s":10.0,"pub":true}},{"type":"Feature","geometry":{"type":"Point","coordinates":[-108.9854,38.3187]},"properties":{"s":10.0,"pub":true}},{"type":"Feature","geometry":{"type":"Point","coordinates":[-108.9854,38.3535]},"properties":{"s":10.0,"pub":true}},{"type":"Feature","geometry":{"type":"Point","coordinates":[-108.9779,38.0055]},"properties":{"s":10.0,"pub":true}},{"type":"Feature","geometry":{"type":"Point","coordinates":[-108.9779,38.0113]},"properties":{"s":10.0,"pub":true}},{"type":"Feature","geometry":{"type":"Point","coordinates":[-108.9779,38.0171]},"properties":{"s":10.0,"pub":true}},{"type":"Feature","geometry":{"type":"Point","coordinates":[-108.9779,38.0229]},"properties":{"s":10.0,"pub":true}},{"type":"Feature","geometry":{"type":"Point","coordinates":[-108.9779,38.0287]},"properties":{"s":10.0,"pub":true}},{"type":"Feature","geometry":{"type":"Point","coordinates":[-108.9779,38.0345]},"properties":{"s":10.0,"pub":true}},{"type":"Feature","geometry":{"type":"Point","coordinates":[-108.9779,38.0403]},"properties":{"s":10.0,"pub":true}},{"type":"Feature","geometry":{"type":"Point","coordinates":[-108.9779,38.0461]},"properties":{"s":10.0,"pub":true}},{"type":"Feature","geometry":{"type":"Point","coordinates":[-108.9779,38.0519]},"properties":{"s":10.0,"pub":true}},{"type":"Feature","geometry":{"type":"Point","coordinates":[-108.9779,38.0577]},"properties":{"s":10.0,"pub":true}},{"type":"Feature","geometry":{"type":"Point","coordinates":[-108.9779,38.0635]},"properties":{"s":10.0,"pub":true}},{"type":"Feature","geometry":{"type":"Point","coordinates":[-108.9779,38.0693]},"properties":{"s":10.0,"pub":true}},{"type":"Feature","geometry":{"type":"Point","coordinates":[-108.9779,38.0751]},"properties":{"s":10.0,"pub":true}},{"type":"Feature","geometry":{"type":"Point","coordinates":[-108.9779,38.0809]},"properties":{"s":10.0,"pub":true}},{"type":"Feature","geometry":{"type":"Point","coordinates":[-108.9779,38.0867]},"properties":{"s":10.0,"pub":true}},{"type":"Feature","geometry":{"type":"Point","coordinates":[-108.9779,38.0925]},"properties":{"s":10.0,"pub":true}},{"type":"Feature","geometry":{"type":"Point","coordinates":[-108.9779,38.0983]},"properties":{"s":10.0,"pub":true}},{"type":"Feature","geometry":{"type":"Point","coordinates":[-108.9779,38.1041]},"properties":{"s":10.0,"pub":true}},{"type":"Feature","geometry":{"type":"Point","coordinates":[-108.9779,38.1099]},"properties":{"s":10.0,"pub":true}},{"type":"Feature","geometry":{"type":"Point","coordinates":[-108.9779,38.1157]},"properties":{"s":10.0,"pub":true}},{"type":"Feature","geometry":{"type":"Point","coordinates":[-108.9779,38.1215]},"properties":{"s":10.0,"pub":true}},{"type":"Feature","geometry":{"type":"Point","coordinates":[-108.9779,38.1273]},"properties":{"s":10.0,"pub":true}},{"type":"Feature","geometry":{"type":"Point","coordinates":[-108.9779,38.1331]},"properties":{"s":10.0,"pub":true}},{"type":"Feature","geometry":{"type":"Point","coordinates":[-108.9779,38.1389]},"properties":{"s":10.0,"pub":true}},{"type":"Feature","geometry":{"type":"Point","coordinates":[-108.9779,38.1447]},"properties":{"s":10.0,"pub":true}},{"type":"Feature","geometry":{"type":"Point","coordinates":[-108.9779,38.1505]},"properties":{"s":10.0,"pub":true}},{"type":"Feature","geometry":{"type":"Point","coordinates":[-108.9779,38.1563]},"properties":{"s":10.0,"pub":true}},{"type":"Feature","geometry":{"type":"Point","coordinates":[-108.9779,38.1621]},"properties":{"s":10.0,"pub":true}},{"type":"Feature","geometry":{"type":"Point","coordinates":[-108.9779,38.1679]},"properties":{"s":10.0,"pub":true}},{"type":"Feature","geometry":{"type":"Point","coordinates":[-108.9779,38.1737]},"properties":{"s":10.0,"pub":true}},{"type":"Feature","geometry":{"type":"Point","coordinates":[-108.9779,38.1795]},"properties":{"s":10.0,"pub":true}},{"type":"Feature","geometry":{"type":"Point","coordinates":[-108.9779,38.1853]},"properties":{"s":10.0,"pub":true}},{"type":"Feature","geometry":{"type":"Point","coordinates":[-108.9779,38.1911]},"properties":{"s":10.0,"pub":true}},{"type":"Feature","geometry":{"type":"Point","coordinates":[-108.9779,38.1969]},"properties":{"s":10.0,"pub":true}},{"type":"Feature","geometry":{"type":"Point","coordinates":[-108.9779,38.2027]},"properties":{"s":10.0,"pub":true}},{"type":"Feature","geometry":{"type":"Point","coordinates":[-108.9779,38.2085]},"properties":{"s":10.0,"pub":true}},{"type":"Feature","geometry":{"type":"Point","coordinates":[-108.9779,38.2143]},"properties":{"s":10.0,"pub":true}},{"type":"Feature","geometry":{"type":"Point","coordinates":[-108.9779,38.2201]},"properties":{"s":10.0,"pub":true}},{"type":"Feature","geometry":{"type":"Point","coordinates":[-108.9779,38.2259]},"properties":{"s":10.0,"pub":true}},{"type":"Feature","geometry":{"type":"Point","coordinates":[-108.9779,38.2317]},"properties":{"s":10.0,"pub":true}},{"type":"Feature","geometry":{"type":"Point","coordinates":[-108.9779,38.2375]},"properties":{"s":10.0,"pub":true}},{"type":"Feature","geometry":{"type":"Point","coordinates":[-108.9779,38.2433]},"properties":{"s":10.0,"pub":true}},{"type":"Feature","geometry":{"type":"Point","coordinates":[-108.9779,38.2491]},"properties":{"s":10.0,"pub":true}},{"type":"Feature","geometry":{"type":"Point","coordinates":[-108.9779,38.2549]},"properties":{"s":10.0,"pub":true}},{"type":"Feature","geometry":{"type":"Point","coordinates":[-108.9779,38.2607]},"properties":{"s":10.0,"pub":true}},{"type":"Feature","geometry":{"type":"Point","coordinates":[-108.9779,38.2665]},"properties":{"s":10.0,"pub":true}},{"type":"Feature","geometry":{"type":"Point","coordinates":[-108.9779,38.2723]},"properties":{"s":10.0,"pub":true}},{"type":"Feature","geometry":{"type":"Point","coordinates":[-108.9779,38.2781]},"properties":{"s":10.0,"pub":true}},{"type":"Feature","geometry":{"type":"Point","coordinates":[-108.9779,38.2839]},"properties":{"s":10.0,"pub":true}},{"type":"Feature","geometry":{"type":"Point","coordinates":[-108.9779,38.2897]},"properties":{"s":10.0,"pub":true}},{"type":"Feature","geometry":{"type":"Point","coordinates":[-108.9779,38.2955]},"properties":{"s":10.0,"pub":true}},{"type":"Feature","geometry":{"type":"Point","coordinates":[-108.9779,38.3013]},"properties":{"s":10.0,"pub":true}},{"type":"Feature","geometry":{"type":"Point","coordinates":[-108.9779,38.3071]},"properties":{"s":10.0,"pub":true}},{"type":"Feature","geometry":{"type":"Point","coordinates":[-108.9779,38.3129]},"properties":{"s":10.0,"pub":true}},{"type":"Feature","geometry":{"type":"Point","coordinates":[-108.9779,38.3535]},"properties":{"s":10.0,"pub":true}},{"type":"Feature","geometry":{"type":"Point","coordinates":[-108.9704,38.0113]},"properties":{"s":10.0,"pub":true}},{"type":"Feature","geometry":{"type":"Point","coordinates":[-108.9704,38.0171]},"properties":{"s":10.0,"pub":true}},{"type":"Feature","geometry":{"type":"Point","coordinates":[-108.9704,38.0229]},"properties":{"s":10.0,"pub":true}},{"type":"Feature","geometry":{"type":"Point","coordinates":[-108.9704,38.0287]},"properties":{"s":10.0,"pub":true}},{"type":"Feature","geometry":{"type":"Point","coordinates":[-108.9704,38.0345]},"properties":{"s":10.0,"pub":true}},{"type":"Feature","geometry":{"type":"Point","coordinates":[-108.9704,38.0403]},"properties":{"s":10.0,"pub":true}},{"type":"Feature","geometry":{"type":"Point","coordinates":[-108.9704,38.0461]},"properties":{"s":10.0,"pub":true}},{"type":"Feature","geometry":{"type":"Point","coordinates":[-108.9704,38.0519]},"properties":{"s":10.0,"pub":true}},{"type":"Feature","geometry":{"type":"Point","coordinates":[-108.9704,38.0577]},"properties":{"s":10.0,"pub":true}},{"type":"Feature","geometry":{"type":"Point","coordinates":[-108.9704,38.0635]},"properties":{"s":10.0,"pub":true}},{"type":"Feature","geometry":{"type":"Point","coordinates":[-108.9704,38.0693]},"properties":{"s":10.0,"pub":true}},{"type":"Feature","geometry":{"type":"Point","coordinates":[-108.9704,38.0751]},"properties":{"s":10.0,"pub":true}},{"type":"Feature","geometry":{"type":"Point","coordinates":[-108.9704,38.0809]},"properties":{"s":10.0,"pub":true}},{"type":"Feature","geometry":{"type":"Point","coordinates":[-108.9704,38.0867]},"properties":{"s":10.0,"pub":true}},{"type":"Feature","geometry":{"type":"Point","coordinates":[-108.9704,38.0925]},"properties":{"s":10.0,"pub":true}},{"type":"Feature","geometry":{"type":"Point","coordinates":[-108.9704,38.0983]},"properties":{"s":10.0,"pub":true}},{"type":"Feature","geometry":{"type":"Point","coordinates":[-108.9704,38.1041]},"properties":{"s":10.0,"pub":true}},{"type":"Feature","geometry":{"type":"Point","coordinates":[-108.9704,38.1099]},"properties":{"s":10.0,"pub":true}},{"type":"Feature","geometry":{"type":"Point","coordinates":[-108.9704,38.1157]},"properties":{"s":10.0,"pub":true}},{"type":"Feature","geometry":{"type":"Point","coordinates":[-108.9704,38.1215]},"properties":{"s":10.0,"pub":true}},{"type":"Feature","geometry":{"type":"Point","coordinates":[-108.9704,38.1273]},"properties":{"s":10.0,"pub":true}},{"type":"Feature","geometry":{"type":"Point","coordinates":[-108.9704,38.1331]},"properties":{"s":10.0,"pub":true}},{"type":"Feature","geometry":{"type":"Point","coordinates":[-108.9704,38.1389]},"properties":{"s":10.0,"pub":true}},{"type":"Feature","geometry":{"type":"Point","coordinates":[-108.9704,38.1447]},"properties":{"s":10.0,"pub":true}},{"type":"Feature","geometry":{"type":"Point","coordinates":[-108.9704,38.1505]},"properties":{"s":10.0,"pub":true}},{"type":"Feature","geometry":{"type":"Point","coordinates":[-108.9704,38.1563]},"properties":{"s":10.0,"pub":true}},{"type":"Feature","geometry":{"type":"Point","coordinates":[-108.9704,38.1621]},"properties":{"s":10.0,"pub":true}},{"type":"Feature","geometry":{"type":"Point","coordinates":[-108.9704,38.1679]},"properties":{"s":10.0,"pub":true}},{"type":"Feature","geometry":{"type":"Point","coordinates":[-108.9704,38.1737]},"properties":{"s":10.0,"pub":true}},{"type":"Feature","geometry":{"type":"Point","coordinates":[-108.9704,38.1795]},"properties":{"s":10.0,"pub":true}},{"type":"Feature","geometry":{"type":"Point","coordinates":[-108.9704,38.1853]},"properties":{"s":10.0,"pub":true}},{"type":"Feature","geometry":{"type":"Point","coordinates":[-108.9704,38.1911]},"properties":{"s":10.0,"pub":true}},{"type":"Feature","geometry":{"type":"Point","coordinates":[-108.9704,38.1969]},"properties":{"s":10.0,"pub":true}},{"type":"Feature","geometry":{"type":"Point","coordinates":[-108.9704,38.2027]},"properties":{"s":10.0,"pub":true}},{"type":"Feature","geometry":{"type":"Point","coordinates":[-108.9704,38.2085]},"properties":{"s":10.0,"pub":true}},{"type":"Feature","geometry":{"type":"Point","coordinates":[-108.9704,38.2143]},"properties":{"s":10.0,"pub":true}},{"type":"Feature","geometry":{"type":"Point","coordinates":[-108.9704,38.2201]},"properties":{"s":10.0,"pub":true}},{"type":"Feature","geometry":{"type":"Point","coordinates":[-108.9704,38.2259]},"properties":{"s":10.0,"pub":true}},{"type":"Feature","geometry":{"type":"Point","coordinates":[-108.9704,38.2317]},"properties":{"s":10.0,"pub":true}},{"type":"Feature","geometry":{"type":"Point","coordinates":[-108.9704,38.2375]},"properties":{"s":10.0,"pub":true}},{"type":"Feature","geometry":{"type":"Point","coordinates":[-108.9704,38.2433]},"properties":{"s":10.0,"pub":true}},{"type":"Feature","geometry":{"type":"Point","coordinates":[-108.9704,38.2491]},"properties":{"s":10.0,"pub":true}},{"type":"Feature","geometry":{"type":"Point","coordinates":[-108.9704,38.2549]},"properties":{"s":10.0,"pub":true}},{"type":"Feature","geometry":{"type":"Point","coordinates":[-108.9704,38.2607]},"properties":{"s":10.0,"pub":true}},{"type":"Feature","geometry":{"type":"Point","coordinates":[-108.9704,38.2665]},"properties":{"s":10.0,"pub":true}},{"type":"Feature","geometry":{"type":"Point","coordinates":[-108.9704,38.2723]},"properties":{"s":10.0,"pub":true}},{"type":"Feature","geometry":{"type":"Point","coordinates":[-108.9704,38.2781]},"properties":{"s":10.0,"pub":true}},{"type":"Feature","geometry":{"type":"Point","coordinates":[-108.9704,38.2839]},"properties":{"s":10.0,"pub":true}},{"type":"Feature","geometry":{"type":"Point","coordinates":[-108.9704,38.2897]},"properties":{"s":10.0,"pub":true}},{"type":"Feature","geometry":{"type":"Point","coordinates":[-108.9704,38.2955]},"properties":{"s":10.0,"pub":true}},{"type":"Feature","geometry":{"type":"Point","coordinates":[-108.9704,38.3013]},"properties":{"s":10.0,"pub":true}},{"type":"Feature","geometry":{"type":"Point","coordinates":[-108.9704,38.3071]},"properties":{"s":10.0,"pub":true}},{"type":"Feature","geometry":{"type":"Point","coordinates":[-108.9704,38.3129]},"properties":{"s":10.0,"pub":true}},{"type":"Feature","geometry":{"type":"Point","coordinates":[-108.9704,38.3535]},"properties":{"s":10.0,"pub":true}},{"type":"Feature","geometry":{"type":"Point","coordinates":[-108.9629,38.0345]},"properties":{"s":10.0,"pub":true}},{"type":"Feature","geometry":{"type":"Point","coordinates":[-108.9629,38.0403]},"properties":{"s":10.0,"pub":true}},{"type":"Feature","geometry":{"type":"Point","coordinates":[-108.9629,38.0461]},"properties":{"s":10.0,"pub":true}},{"type":"Feature","geometry":{"type":"Point","coordinates":[-108.9629,38.0519]},"properties":{"s":10.0,"pub":true}},{"type":"Feature","geometry":{"type":"Point","coordinates":[-108.9629,38.0577]},"properties":{"s":10.0,"pub":true}},{"type":"Feature","geometry":{"type":"Point","coordinates":[-108.9629,38.0635]},"properties":{"s":10.0,"pub":true}},{"type":"Feature","geometry":{"type":"Point","coordinates":[-108.9629,38.0693]},"properties":{"s":10.0,"pub":true}},{"type":"Feature","geometry":{"type":"Point","coordinates":[-108.9629,38.0751]},"properties":{"s":10.0,"pub":true}},{"type":"Feature","geometry":{"type":"Point","coordinates":[-108.9629,38.0809]},"properties":{"s":10.0,"pub":true}},{"type":"Feature","geometry":{"type":"Point","coordinates":[-108.9629,38.0867]},"properties":{"s":10.0,"pub":true}},{"type":"Feature","geometry":{"type":"Point","coordinates":[-108.9629,38.0925]},"properties":{"s":10.0,"pub":true}},{"type":"Feature","geometry":{"type":"Point","coordinates":[-108.9629,38.0983]},"properties":{"s":10.0,"pub":true}},{"type":"Feature","geometry":{"type":"Point","coordinates":[-108.9629,38.1041]},"properties":{"s":10.0,"pub":true}},{"type":"Feature","geometry":{"type":"Point","coordinates":[-108.9629,38.1099]},"properties":{"s":10.0,"pub":true}},{"type":"Feature","geometry":{"type":"Point","coordinates":[-108.9629,38.1157]},"properties":{"s":10.0,"pub":true}},{"type":"Feature","geometry":{"type":"Point","coordinates":[-108.9629,38.1215]},"properties":{"s":10.0,"pub":true}},{"type":"Feature","geometry":{"type":"Point","coordinates":[-108.9629,38.1273]},"properties":{"s":10.0,"pub":true}},{"type":"Feature","geometry":{"type":"Point","coordinates":[-108.9629,38.1331]},"properties":{"s":10.0,"pub":true}},{"type":"Feature","geometry":{"type":"Point","coordinates":[-108.9629,38.1389]},"properties":{"s":10.0,"pub":true}},{"type":"Feature","geometry":{"type":"Point","coordinates":[-108.9629,38.1447]},"properties":{"s":10.0,"pub":true}},{"type":"Feature","geometry":{"type":"Point","coordinates":[-108.9629,38.1505]},"properties":{"s":10.0,"pub":true}},{"type":"Feature","geometry":{"type":"Point","coordinates":[-108.9629,38.1563]},"properties":{"s":10.0,"pub":true}},{"type":"Feature","geometry":{"type":"Point","coordinates":[-108.9629,38.1621]},"properties":{"s":10.0,"pub":true}},{"type":"Feature","geometry":{"type":"Point","coordinates":[-108.9629,38.1679]},"properties":{"s":10.0,"pub":true}},{"type":"Feature","geometry":{"type":"Point","coordinates":[-108.9629,38.1737]},"properties":{"s":10.0,"pub":true}},{"type":"Feature","geometry":{"type":"Point","coordinates":[-108.9629,38.1795]},"properties":{"s":10.0,"pub":true}},{"type":"Feature","geometry":{"type":"Point","coordinates":[-108.9629,38.1853]},"properties":{"s":10.0,"pub":true}},{"type":"Feature","geometry":{"type":"Point","coordinates":[-108.9629,38.1911]},"properties":{"s":10.0,"pub":true}},{"type":"Feature","geometry":{"type":"Point","coordinates":[-108.9629,38.1969]},"properties":{"s":10.0,"pub":true}},{"type":"Feature","geometry":{"type":"Point","coordinates":[-108.9629,38.2027]},"properties":{"s":10.0,"pub":true}},{"type":"Feature","geometry":{"type":"Point","coordinates":[-108.9629,38.2085]},"properties":{"s":10.0,"pub":true}},{"type":"Feature","geometry":{"type":"Point","coordinates":[-108.9629,38.2143]},"properties":{"s":10.0,"pub":true}},{"type":"Feature","geometry":{"type":"Point","coordinates":[-108.9629,38.2201]},"properties":{"s":10.0,"pub":true}},{"type":"Feature","geometry":{"type":"Point","coordinates":[-108.9629,38.2259]},"properties":{"s":10.0,"pub":true}},{"type":"Feature","geometry":{"type":"Point","coordinates":[-108.9629,38.2317]},"properties":{"s":10.0,"pub":true}},{"type":"Feature","geometry":{"type":"Point","coordinates":[-108.9629,38.2375]},"properties":{"s":10.0,"pub":true}},{"type":"Feature","geometry":{"type":"Point","coordinates":[-108.9629,38.2433]},"properties":{"s":10.0,"pub":true}},{"type":"Feature","geometry":{"type":"Point","coordinates":[-108.9629,38.2491]},"properties":{"s":10.0,"pub":true}},{"type":"Feature","geometry":{"type":"Point","coordinates":[-108.9629,38.2549]},"properties":{"s":10.0,"pub":true}},{"type":"Feature","geometry":{"type":"Point","coordinates":[-108.9629,38.2607]},"properties":{"s":10.0,"pub":true}},{"type":"Feature","geometry":{"type":"Point","coordinates":[-108.9629,38.2665]},"properties":{"s":10.0,"pub":true}},{"type":"Feature","geometry":{"type":"Point","coordinates":[-108.9629,38.2723]},"properties":{"s":10.0,"pub":true}},{"type":"Feature","geometry":{"type":"Point","coordinates":[-108.9629,38.2781]},"properties":{"s":10.0,"pub":true}},{"type":"Feature","geometry":{"type":"Point","coordinates":[-108.9629,38.2839]},"properties":{"s":10.0,"pub":true}},{"type":"Feature","geometry":{"type":"Point","coordinates":[-108.9629,38.2897]},"properties":{"s":10.0,"pub":true}},{"type":"Feature","geometry":{"type":"Point","coordinates":[-108.9629,38.2955]},"properties":{"s":10.0,"pub":true}},{"type":"Feature","geometry":{"type":"Point","coordinates":[-108.9629,38.3013]},"properties":{"s":10.0,"pub":true}},{"type":"Feature","geometry":{"type":"Point","coordinates":[-108.9629,38.3071]},"properties":{"s":10.0,"pub":true}},{"type":"Feature","geometry":{"type":"Point","coordinates":[-108.9629,38.3129]},"properties":{"s":10.0,"pub":true}},{"type":"Feature","geometry":{"type":"Point","coordinates":[-108.9629,38.3477]},"properties":{"s":50.0,"pub":true}},{"type":"Feature","geometry":{"type":"Point","coordinates":[-108.9554,38.0403]},"properties":{"s":10.0,"pub":true}},{"type":"Feature","geometry":{"type":"Point","coordinates":[-108.9554,38.0461]},"properties":{"s":10.0,"pub":true}},{"type":"Feature","geometry":{"type":"Point","coordinates":[-108.9554,38.0519]},"properties":{"s":10.0,"pub":true}},{"type":"Feature","geometry":{"type":"Point","coordinates":[-108.9554,38.0577]},"properties":{"s":10.0,"pub":true}},{"type":"Feature","geometry":{"type":"Point","coordinates":[-108.9554,38.0635]},"properties":{"s":10.0,"pub":true}},{"type":"Feature","geometry":{"type":"Point","coordinates":[-108.9554,38.0693]},"properties":{"s":10.0,"pub":true}},{"type":"Feature","geometry":{"type":"Point","coordinates":[-108.9554,38.0751]},"properties":{"s":10.0,"pub":true}},{"type":"Feature","geometry":{"type":"Point","coordinates":[-108.9554,38.0809]},"properties":{"s":10.0,"pub":true}},{"type":"Feature","geometry":{"type":"Point","coordinates":[-108.9554,38.0867]},"properties":{"s":10.0,"pub":true}},{"type":"Feature","geometry":{"type":"Point","coordinates":[-108.9554,38.0925]},"properties":{"s":10.0,"pub":true}},{"type":"Feature","geometry":{"type":"Point","coordinates":[-108.9554,38.0983]},"properties":{"s":10.0,"pub":true}},{"type":"Feature","geometry":{"type":"Point","coordinates":[-108.9554,38.1041]},"properties":{"s":10.0,"pub":true}},{"type":"Feature","geometry":{"type":"Point","coordinates":[-108.9554,38.1099]},"properties":{"s":10.0,"pub":true}},{"type":"Feature","geometry":{"type":"Point","coordinates":[-108.9554,38.1157]},"properties":{"s":10.0,"pub":true}},{"type":"Feature","geometry":{"type":"Point","coordinates":[-108.9554,38.1215]},"properties":{"s":10.0,"pub":true}},{"type":"Feature","geometry":{"type":"Point","coordinates":[-108.9554,38.1273]},"properties":{"s":10.0,"pub":true}},{"type":"Feature","geometry":{"type":"Point","coordinates":[-108.9554,38.1331]},"properties":{"s":10.0,"pub":true}},{"type":"Feature","geometry":{"type":"Point","coordinates":[-108.9554,38.1389]},"properties":{"s":10.0,"pub":true}},{"type":"Feature","geometry":{"type":"Point","coordinates":[-108.9554,38.1447]},"properties":{"s":10.0,"pub":true}},{"type":"Feature","geometry":{"type":"Point","coordinates":[-108.9554,38.1505]},"properties":{"s":10.0,"pub":true}},{"type":"Feature","geometry":{"type":"Point","coordinates":[-108.9554,38.1563]},"properties":{"s":10.0,"pub":true}},{"type":"Feature","geometry":{"type":"Point","coordinates":[-108.9554,38.1621]},"properties":{"s":10.0,"pub":true}},{"type":"Feature","geometry":{"type":"Point","coordinates":[-108.9554,38.1679]},"properties":{"s":10.0,"pub":true}},{"type":"Feature","geometry":{"type":"Point","coordinates":[-108.9554,38.1737]},"properties":{"s":10.0,"pub":true}},{"type":"Feature","geometry":{"type":"Point","coordinates":[-108.9554,38.1795]},"properties":{"s":10.0,"pub":true}},{"type":"Feature","geometry":{"type":"Point","coordinates":[-108.9554,38.1853]},"properties":{"s":10.0,"pub":true}},{"type":"Feature","geometry":{"type":"Point","coordinates":[-108.9554,38.1911]},"properties":{"s":10.0,"pub":true}},{"type":"Feature","geometry":{"type":"Point","coordinates":[-108.9554,38.1969]},"properties":{"s":10.0,"pub":true}},{"type":"Feature","geometry":{"type":"Point","coordinates":[-108.9554,38.2027]},"properties":{"s":10.0,"pub":true}},{"type":"Feature","geometry":{"type":"Point","coordinates":[-108.9554,38.2085]},"properties":{"s":10.0,"pub":true}},{"type":"Feature","geometry":{"type":"Point","coordinates":[-108.9554,38.2143]},"properties":{"s":10.0,"pub":true}},{"type":"Feature","geometry":{"type":"Point","coordinates":[-108.9554,38.2201]},"properties":{"s":10.0,"pub":true}},{"type":"Feature","geometry":{"type":"Point","coordinates":[-108.9554,38.2259]},"properties":{"s":10.0,"pub":true}},{"type":"Feature","geometry":{"type":"Point","coordinates":[-108.9554,38.2317]},"properties":{"s":10.0,"pub":true}},{"type":"Feature","geometry":{"type":"Point","coordinates":[-108.9554,38.2375]},"properties":{"s":10.0,"pub":true}},{"type":"Feature","geometry":{"type":"Point","coordinates":[-108.9554,38.2433]},"properties":{"s":10.0,"pub":true}},{"type":"Feature","geometry":{"type":"Point","coordinates":[-108.9554,38.2491]},"properties":{"s":10.0,"pub":true}},{"type":"Feature","geometry":{"type":"Point","coordinates":[-108.9554,38.2549]},"properties":{"s":10.0,"pub":true}},{"type":"Feature","geometry":{"type":"Point","coordinates":[-108.9554,38.2607]},"properties":{"s":10.0,"pub":true}},{"type":"Feature","geometry":{"type":"Point","coordinates":[-108.9554,38.2665]},"properties":{"s":10.0,"pub":true}},{"type":"Feature","geometry":{"type":"Point","coordinates":[-108.9554,38.2723]},"properties":{"s":10.0,"pub":true}},{"type":"Feature","geometry":{"type":"Point","coordinates":[-108.9554,38.2781]},"properties":{"s":10.0,"pub":true}},{"type":"Feature","geometry":{"type":"Point","coordinates":[-108.9554,38.2839]},"properties":{"s":10.0,"pub":true}},{"type":"Feature","geometry":{"type":"Point","coordinates":[-108.9554,38.2897]},"properties":{"s":10.0,"pub":true}},{"type":"Feature","geometry":{"type":"Point","coordinates":[-108.9554,38.2955]},"properties":{"s":10.0,"pub":true}},{"type":"Feature","geometry":{"type":"Point","coordinates":[-108.9554,38.3013]},"properties":{"s":10.0,"pub":true}},{"type":"Feature","geometry":{"type":"Point","coordinates":[-108.9554,38.3071]},"properties":{"s":10.0,"pub":true}},{"type":"Feature","geometry":{"type":"Point","coordinates":[-108.9554,38.3419]},"properties":{"s":10.0,"pub":true}},{"type":"Feature","geometry":{"type":"Point","coordinates":[-108.9479,38.0461]},"properties":{"s":10.0,"pub":true}},{"type":"Feature","geometry":{"type":"Point","coordinates":[-108.9479,38.0519]},"properties":{"s":10.0,"pub":true}},{"type":"Feature","geometry":{"type":"Point","coordinates":[-108.9479,38.0577]},"properties":{"s":10.0,"pub":true}},{"type":"Feature","geometry":{"type":"Point","coordinates":[-108.9479,38.0635]},"properties":{"s":10.0,"pub":true}},{"type":"Feature","geometry":{"type":"Point","coordinates":[-108.9479,38.0693]},"properties":{"s":10.0,"pub":true}},{"type":"Feature","geometry":{"type":"Point","coordinates":[-108.9479,38.0751]},"properties":{"s":10.0,"pub":true}},{"type":"Feature","geometry":{"type":"Point","coordinates":[-108.9479,38.0809]},"properties":{"s":10.0,"pub":true}},{"type":"Feature","geometry":{"type":"Point","coordinates":[-108.9479,38.0867]},"properties":{"s":10.0,"pub":true}},{"type":"Feature","geometry":{"type":"Point","coordinates":[-108.9479,38.0925]},"properties":{"s":10.0,"pub":true}},{"type":"Feature","geometry":{"type":"Point","coordinates":[-108.9479,38.0983]},"properties":{"s":10.0,"pub":true}},{"type":"Feature","geometry":{"type":"Point","coordinates":[-108.9479,38.1041]},"properties":{"s":10.0,"pub":true}},{"type":"Feature","geometry":{"type":"Point","coordinates":[-108.9479,38.1099]},"properties":{"s":10.0,"pub":true}},{"type":"Feature","geometry":{"type":"Point","coordinates":[-108.9479,38.1157]},"properties":{"s":10.0,"pub":true}},{"type":"Feature","geometry":{"type":"Point","coordinates":[-108.9479,38.1215]},"properties":{"s":10.0,"pub":true}},{"type":"Feature","geometry":{"type":"Point","coordinates":[-108.9479,38.1273]},"properties":{"s":10.0,"pub":true}},{"type":"Feature","geometry":{"type":"Point","coordinates":[-108.9479,38.1331]},"properties":{"s":10.0,"pub":true}},{"type":"Feature","geometry":{"type":"Point","coordinates":[-108.9479,38.1389]},"properties":{"s":10.0,"pub":true}},{"type":"Feature","geometry":{"type":"Point","coordinates":[-108.9479,38.1447]},"properties":{"s":10.0,"pub":true}},{"type":"Feature","geometry":{"type":"Point","coordinates":[-108.9479,38.1505]},"properties":{"s":10.0,"pub":true}},{"type":"Feature","geometry":{"type":"Point","coordinates":[-108.9479,38.1563]},"properties":{"s":10.0,"pub":true}},{"type":"Feature","geometry":{"type":"Point","coordinates":[-108.9479,38.1621]},"properties":{"s":10.0,"pub":true}},{"type":"Feature","geometry":{"type":"Point","coordinates":[-108.9479,38.1679]},"properties":{"s":10.0,"pub":true}},{"type":"Feature","geometry":{"type":"Point","coordinates":[-108.9479,38.1737]},"properties":{"s":10.0,"pub":true}},{"type":"Feature","geometry":{"type":"Point","coordinates":[-108.9479,38.1795]},"properties":{"s":10.0,"pub":true}},{"type":"Feature","geometry":{"type":"Point","coordinates":[-108.9479,38.1853]},"properties":{"s":10.0,"pub":true}},{"type":"Feature","geometry":{"type":"Point","coordinates":[-108.9479,38.1911]},"properties":{"s":10.0,"pub":true}},{"type":"Feature","geometry":{"type":"Point","coordinates":[-108.9479,38.1969]},"properties":{"s":10.0,"pub":true}},{"type":"Feature","geometry":{"type":"Point","coordinates":[-108.9479,38.2027]},"properties":{"s":10.0,"pub":true}},{"type":"Feature","geometry":{"type":"Point","coordinates":[-108.9479,38.2085]},"properties":{"s":10.0,"pub":true}},{"type":"Feature","geometry":{"type":"Point","coordinates":[-108.9479,38.2317]},"properties":{"s":10.0,"pub":true}},{"type":"Feature","geometry":{"type":"Point","coordinates":[-108.9479,38.2375]},"properties":{"s":10.0,"pub":true}},{"type":"Feature","geometry":{"type":"Point","coordinates":[-108.9479,38.2549]},"properties":{"s":10.0,"pub":true}},{"type":"Feature","geometry":{"type":"Point","coordinates":[-108.9479,38.2607]},"properties":{"s":10.0,"pub":true}},{"type":"Feature","geometry":{"type":"Point","coordinates":[-108.9479,38.2665]},"properties":{"s":10.0,"pub":true}},{"type":"Feature","geometry":{"type":"Point","coordinates":[-108.9479,38.2723]},"properties":{"s":10.0,"pub":true}},{"type":"Feature","geometry":{"type":"Point","coordinates":[-108.9479,38.2781]},"properties":{"s":10.0,"pub":true}},{"type":"Feature","geometry":{"type":"Point","coordinates":[-108.9479,38.2839]},"properties":{"s":10.0,"pub":true}},{"type":"Feature","geometry":{"type":"Point","coordinates":[-108.9479,38.2897]},"properties":{"s":10.0,"pub":true}},{"type":"Feature","geometry":{"type":"Point","coordinates":[-108.9479,38.2955]},"properties":{"s":10.0,"pub":true}},{"type":"Feature","geometry":{"type":"Point","coordinates":[-108.9479,38.3013]},"properties":{"s":10.0,"pub":true}},{"type":"Feature","geometry":{"type":"Point","coordinates":[-108.9479,38.3419]},"properties":{"s":50.0,"pub":false}},{"type":"Feature","geometry":{"type":"Point","coordinates":[-108.9404,38.0461]},"properties":{"s":10.0,"pub":true}},{"type":"Feature","geometry":{"type":"Point","coordinates":[-108.9404,38.0519]},"properties":{"s":10.0,"pub":true}},{"type":"Feature","geometry":{"type":"Point","coordinates":[-108.9404,38.0577]},"properties":{"s":10.0,"pub":true}},{"type":"Feature","geometry":{"type":"Point","coordinates":[-108.9404,38.0635]},"properties":{"s":10.0,"pub":true}},{"type":"Feature","geometry":{"type":"Point","coordinates":[-108.9404,38.0693]},"properties":{"s":10.0,"pub":true}},{"type":"Feature","geometry":{"type":"Point","coordinates":[-108.9404,38.0751]},"properties":{"s":10.0,"pub":true}},{"type":"Feature","geometry":{"type":"Point","coordinates":[-108.9404,38.0809]},"properties":{"s":10.0,"pub":true}},{"type":"Feature","geometry":{"type":"Point","coordinates":[-108.9404,38.0867]},"properties":{"s":10.0,"pub":true}},{"type":"Feature","geometry":{"type":"Point","coordinates":[-108.9404,38.0925]},"properties":{"s":10.0,"pub":true}},{"type":"Feature","geometry":{"type":"Point","coordinates":[-108.9404,38.0983]},"properties":{"s":10.0,"pub":true}},{"type":"Feature","geometry":{"type":"Point","coordinates":[-108.9404,38.1041]},"properties":{"s":10.0,"pub":true}},{"type":"Feature","geometry":{"type":"Point","coordinates":[-108.9404,38.1099]},"properties":{"s":10.0,"pub":true}},{"type":"Feature","geometry":{"type":"Point","coordinates":[-108.9404,38.1157]},"properties":{"s":10.0,"pub":true}},{"type":"Feature","geometry":{"type":"Point","coordinates":[-108.9404,38.1215]},"properties":{"s":10.0,"pub":true}},{"type":"Feature","geometry":{"type":"Point","coordinates":[-108.9404,38.1273]},"properties":{"s":10.0,"pub":true}},{"type":"Feature","geometry":{"type":"Point","coordinates":[-108.9404,38.1331]},"properties":{"s":10.0,"pub":true}},{"type":"Feature","geometry":{"type":"Point","coordinates":[-108.9404,38.1389]},"properties":{"s":10.0,"pub":true}},{"type":"Feature","geometry":{"type":"Point","coordinates":[-108.9404,38.1447]},"properties":{"s":10.0,"pub":true}},{"type":"Feature","geometry":{"type":"Point","coordinates":[-108.9404,38.1505]},"properties":{"s":10.0,"pub":true}},{"type":"Feature","geometry":{"type":"Point","coordinates":[-108.9404,38.1563]},"properties":{"s":10.0,"pub":true}},{"type":"Feature","geometry":{"type":"Point","coordinates":[-108.9404,38.1621]},"properties":{"s":10.0,"pub":true}},{"type":"Feature","geometry":{"type":"Point","coordinates":[-108.9404,38.1679]},"properties":{"s":10.0,"pub":true}},{"type":"Feature","geometry":{"type":"Point","coordinates":[-108.9404,38.1737]},"properties":{"s":10.0,"pub":true}},{"type":"Feature","geometry":{"type":"Point","coordinates":[-108.9404,38.1795]},"properties":{"s":10.0,"pub":true}},{"type":"Feature","geometry":{"type":"Point","coordinates":[-108.9404,38.1853]},"properties":{"s":10.0,"pub":true}},{"type":"Feature","geometry":{"type":"Point","coordinates":[-108.9404,38.1911]},"properties":{"s":10.0,"pub":true}},{"type":"Feature","geometry":{"type":"Point","coordinates":[-108.9404,38.1969]},"properties":{"s":10.0,"pub":true}},{"type":"Feature","geometry":{"type":"Point","coordinates":[-108.9404,38.2027]},"properties":{"s":10.0,"pub":true}},{"type":"Feature","geometry":{"type":"Point","coordinates":[-108.9404,38.2085]},"properties":{"s":10.0,"pub":true}},{"type":"Feature","geometry":{"type":"Point","coordinates":[-108.9404,38.2607]},"properties":{"s":10.0,"pub":true}},{"type":"Feature","geometry":{"type":"Point","coordinates":[-108.9404,38.2665]},"properties":{"s":10.0,"pub":true}},{"type":"Feature","geometry":{"type":"Point","coordinates":[-108.9404,38.2723]},"properties":{"s":10.0,"pub":true}},{"type":"Feature","geometry":{"type":"Point","coordinates":[-108.9404,38.2781]},"properties":{"s":10.0,"pub":true}},{"type":"Feature","geometry":{"type":"Point","coordinates":[-108.9404,38.3361]},"properties":{"s":50.0,"pub":true}},{"type":"Feature","geometry":{"type":"Point","coordinates":[-108.9329,38.0519]},"properties":{"s":10.0,"pub":true}},{"type":"Feature","geometry":{"type":"Point","coordinates":[-108.9329,38.0577]},"properties":{"s":10.0,"pub":true}},{"type":"Feature","geometry":{"type":"Point","coordinates":[-108.9329,38.0635]},"properties":{"s":10.0,"pub":true}},{"type":"Feature","geometry":{"type":"Point","coordinates":[-108.9329,38.0693]},"properties":{"s":10.0,"pub":true}},{"type":"Feature","geometry":{"type":"Point","coordinates":[-108.9329,38.0751]},"properties":{"s":10.0,"pub":true}},{"type":"Feature","geometry":{"type":"Point","coordinates":[-108.9329,38.0809]},"properties":{"s":10.0,"pub":true}},{"type":"Feature","geometry":{"type":"Point","coordinates":[-108.9329,38.0867]},"properties":{"s":10.0,"pub":true}},{"type":"Feature","geometry":{"type":"Point","coordinates":[-108.9329,38.0925]},"properties":{"s":10.0,"pub":true}},{"type":"Feature","geometry":{"type":"Point","coordinates":[-108.9329,38.0983]},"properties":{"s":10.0,"pub":true}},{"type":"Feature","geometry":{"type":"Point","coordinates":[-108.9329,38.1041]},"properties":{"s":10.0,"pub":true}},{"type":"Feature","geometry":{"type":"Point","coordinates":[-108.9329,38.1099]},"properties":{"s":10.0,"pub":true}},{"type":"Feature","geometry":{"type":"Point","coordinates":[-108.9329,38.1157]},"properties":{"s":10.0,"pub":true}},{"type":"Feature","geometry":{"type":"Point","coordinates":[-108.9329,38.1215]},"properties":{"s":10.0,"pub":true}},{"type":"Feature","geometry":{"type":"Point","coordinates":[-108.9329,38.1273]},"properties":{"s":10.0,"pub":true}},{"type":"Feature","geometry":{"type":"Point","coordinates":[-108.9329,38.1331]},"properties":{"s":10.0,"pub":true}},{"type":"Feature","geometry":{"type":"Point","coordinates":[-108.9329,38.1389]},"properties":{"s":10.0,"pub":true}},{"type":"Feature","geometry":{"type":"Point","coordinates":[-108.9329,38.1447]},"properties":{"s":10.0,"pub":true}},{"type":"Feature","geometry":{"type":"Point","coordinates":[-108.9329,38.1505]},"properties":{"s":10.0,"pub":true}},{"type":"Feature","geometry":{"type":"Point","coordinates":[-108.9329,38.1563]},"properties":{"s":10.0,"pub":true}},{"type":"Feature","geometry":{"type":"Point","coordinates":[-108.9329,38.1621]},"properties":{"s":10.0,"pub":true}},{"type":"Feature","geometry":{"type":"Point","coordinates":[-108.9329,38.1679]},"properties":{"s":10.0,"pub":true}},{"type":"Feature","geometry":{"type":"Point","coordinates":[-108.9329,38.1737]},"properties":{"s":10.0,"pub":true}},{"type":"Feature","geometry":{"type":"Point","coordinates":[-108.9329,38.1795]},"properties":{"s":10.0,"pub":true}},{"type":"Feature","geometry":{"type":"Point","coordinates":[-108.9329,38.1853]},"properties":{"s":10.0,"pub":true}},{"type":"Feature","geometry":{"type":"Point","coordinates":[-108.9329,38.1911]},"properties":{"s":10.0,"pub":true}},{"type":"Feature","geometry":{"type":"Point","coordinates":[-108.9329,38.1969]},"properties":{"s":10.0,"pub":true}},{"type":"Feature","geometry":{"type":"Point","coordinates":[-108.9329,38.2027]},"properties":{"s":10.0,"pub":true}},{"type":"Feature","geometry":{"type":"Point","coordinates":[-108.9329,38.2085]},"properties":{"s":10.0,"pub":true}},{"type":"Feature","geometry":{"type":"Point","coordinates":[-108.9329,38.2259]},"properties":{"s":10.0,"pub":true}},{"type":"Feature","geometry":{"type":"Point","coordinates":[-108.9329,38.2317]},"properties":{"s":10.0,"pub":true}},{"type":"Feature","geometry":{"type":"Point","coordinates":[-108.9329,38.3245]},"properties":{"s":10.0,"pub":false}},{"type":"Feature","geometry":{"type":"Point","coordinates":[-108.9329,38.3303]},"properties":{"s":10.0,"pub":false}},{"type":"Feature","geometry":{"type":"Point","coordinates":[-108.9329,38.3361]},"properties":{"s":50.0,"pub":false}},{"type":"Feature","geometry":{"type":"Point","coordinates":[-108.9254,38.0519]},"properties":{"s":10.0,"pub":true}},{"type":"Feature","geometry":{"type":"Point","coordinates":[-108.9254,38.0577]},"properties":{"s":10.0,"pub":true}},{"type":"Feature","geometry":{"type":"Point","coordinates":[-108.9254,38.0635]},"properties":{"s":10.0,"pub":true}},{"type":"Feature","geometry":{"type":"Point","coordinates":[-108.9254,38.0693]},"properties":{"s":10.0,"pub":true}},{"type":"Feature","geometry":{"type":"Point","coordinates":[-108.9254,38.0751]},"properties":{"s":10.0,"pub":true}},{"type":"Feature","geometry":{"type":"Point","coordinates":[-108.9254,38.0809]},"properties":{"s":10.0,"pub":true}},{"type":"Feature","geometry":{"type":"Point","coordinates":[-108.9254,38.0867]},"properties":{"s":10.0,"pub":true}},{"type":"Feature","geometry":{"type":"Point","coordinates":[-108.9254,38.0925]},"properties":{"s":10.0,"pub":true}},{"type":"Feature","geometry":{"type":"Point","coordinates":[-108.9254,38.0983]},"properties":{"s":10.0,"pub":true}},{"type":"Feature","geometry":{"type":"Point","coordinates":[-108.9254,38.1041]},"properties":{"s":10.0,"pub":true}},{"type":"Feature","geometry":{"type":"Point","coordinates":[-108.9254,38.1099]},"properties":{"s":10.0,"pub":true}},{"type":"Feature","geometry":{"type":"Point","coordinates":[-108.9254,38.1157]},"properties":{"s":10.0,"pub":true}},{"type":"Feature","geometry":{"type":"Point","coordinates":[-108.9254,38.1215]},"properties":{"s":10.0,"pub":true}},{"type":"Feature","geometry":{"type":"Point","coordinates":[-108.9254,38.1273]},"properties":{"s":10.0,"pub":true}},{"type":"Feature","geometry":{"type":"Point","coordinates":[-108.9254,38.1331]},"properties":{"s":10.0,"pub":true}},{"type":"Feature","geometry":{"type":"Point","coordinates":[-108.9254,38.1389]},"properties":{"s":10.0,"pub":true}},{"type":"Feature","geometry":{"type":"Point","coordinates":[-108.9254,38.1447]},"properties":{"s":10.0,"pub":true}},{"type":"Feature","geometry":{"type":"Point","coordinates":[-108.9254,38.1505]},"properties":{"s":10.0,"pub":true}},{"type":"Feature","geometry":{"type":"Point","coordinates":[-108.9254,38.1563]},"properties":{"s":10.0,"pub":true}},{"type":"Feature","geometry":{"type":"Point","coordinates":[-108.9254,38.1621]},"properties":{"s":10.0,"pub":true}},{"type":"Feature","geometry":{"type":"Point","coordinates":[-108.9254,38.1679]},"properties":{"s":10.0,"pub":true}},{"type":"Feature","geometry":{"type":"Point","coordinates":[-108.9254,38.1737]},"properties":{"s":10.0,"pub":true}},{"type":"Feature","geometry":{"type":"Point","coordinates":[-108.9254,38.1795]},"properties":{"s":10.0,"pub":true}},{"type":"Feature","geometry":{"type":"Point","coordinates":[-108.9254,38.1853]},"properties":{"s":10.0,"pub":true}},{"type":"Feature","geometry":{"type":"Point","coordinates":[-108.9254,38.2259]},"properties":{"s":10.0,"pub":true}},{"type":"Feature","geometry":{"type":"Point","coordinates":[-108.9254,38.2317]},"properties":{"s":10.0,"pub":true}},{"type":"Feature","geometry":{"type":"Point","coordinates":[-108.9254,38.2433]},"properties":{"s":10.0,"pub":true}},{"type":"Feature","geometry":{"type":"Point","coordinates":[-108.9254,38.2491]},"properties":{"s":10.0,"pub":true}},{"type":"Feature","geometry":{"type":"Point","coordinates":[-108.9254,38.3245]},"properties":{"s":10.0,"pub":false}},{"type":"Feature","geometry":{"type":"Point","coordinates":[-108.9254,38.3303]},"properties":{"s":50.0,"pub":false}},{"type":"Feature","geometry":{"type":"Point","coordinates":[-108.9179,38.0577]},"properties":{"s":10.0,"pub":true}},{"type":"Feature","geometry":{"type":"Point","coordinates":[-108.9179,38.0635]},"properties":{"s":10.0,"pub":true}},{"type":"Feature","geometry":{"type":"Point","coordinates":[-108.9179,38.0693]},"properties":{"s":10.0,"pub":true}},{"type":"Feature","geometry":{"type":"Point","coordinates":[-108.9179,38.0751]},"properties":{"s":10.0,"pub":true}},{"type":"Feature","geometry":{"type":"Point","coordinates":[-108.9179,38.0809]},"properties":{"s":10.0,"pub":true}},{"type":"Feature","geometry":{"type":"Point","coordinates":[-108.9179,38.0867]},"properties":{"s":10.0,"pub":true}},{"type":"Feature","geometry":{"type":"Point","coordinates":[-108.9179,38.0925]},"properties":{"s":10.0,"pub":true}},{"type":"Feature","geometry":{"type":"Point","coordinates":[-108.9179,38.0983]},"properties":{"s":10.0,"pub":true}},{"type":"Feature","geometry":{"type":"Point","coordinates":[-108.9179,38.1041]},"properties":{"s":10.0,"pub":true}},{"type":"Feature","geometry":{"type":"Point","coordinates":[-108.9179,38.1099]},"properties":{"s":10.0,"pub":true}},{"type":"Feature","geometry":{"type":"Point","coordinates":[-108.9179,38.1157]},"properties":{"s":10.0,"pub":true}},{"type":"Feature","geometry":{"type":"Point","coordinates":[-108.9179,38.1215]},"properties":{"s":10.0,"pub":true}},{"type":"Feature","geometry":{"type":"Point","coordinates":[-108.9179,38.1273]},"properties":{"s":10.0,"pub":true}},{"type":"Feature","geometry":{"type":"Point","coordinates":[-108.9179,38.1331]},"properties":{"s":10.0,"pub":true}},{"type":"Feature","geometry":{"type":"Point","coordinates":[-108.9179,38.1389]},"properties":{"s":10.0,"pub":true}},{"type":"Feature","geometry":{"type":"Point","coordinates":[-108.9179,38.1447]},"properties":{"s":10.0,"pub":true}},{"type":"Feature","geometry":{"type":"Point","coordinates":[-108.9179,38.1505]},"properties":{"s":10.0,"pub":true}},{"type":"Feature","geometry":{"type":"Point","coordinates":[-108.9179,38.1563]},"properties":{"s":10.0,"pub":true}},{"type":"Feature","geometry":{"type":"Point","coordinates":[-108.9179,38.1621]},"properties":{"s":10.0,"pub":true}},{"type":"Feature","geometry":{"type":"Point","coordinates":[-108.9179,38.1679]},"properties":{"s":10.0,"pub":true}},{"type":"Feature","geometry":{"type":"Point","coordinates":[-108.9179,38.1737]},"properties":{"s":10.0,"pub":true}},{"type":"Feature","geometry":{"type":"Point","coordinates":[-108.9179,38.1795]},"properties":{"s":10.0,"pub":true}},{"type":"Feature","geometry":{"type":"Point","coordinates":[-108.9179,38.2259]},"properties":{"s":10.0,"pub":true}},{"type":"Feature","geometry":{"type":"Point","coordinates":[-108.9179,38.2317]},"properties":{"s":10.0,"pub":true}},{"type":"Feature","geometry":{"type":"Point","coordinates":[-108.9179,38.2375]},"properties":{"s":10.0,"pub":true}},{"type":"Feature","geometry":{"type":"Point","coordinates":[-108.9179,38.2433]},"properties":{"s":10.0,"pub":true}},{"type":"Feature","geometry":{"type":"Point","coordinates":[-108.9179,38.2491]},"properties":{"s":10.0,"pub":true}},{"type":"Feature","geometry":{"type":"Point","coordinates":[-108.9179,38.2549]},"properties":{"s":10.0,"pub":true}},{"type":"Feature","geometry":{"type":"Point","coordinates":[-108.9179,38.2607]},"properties":{"s":10.0,"pub":true}},{"type":"Feature","geometry":{"type":"Point","coordinates":[-108.9179,38.2665]},"properties":{"s":10.0,"pub":true}},{"type":"Feature","geometry":{"type":"Point","coordinates":[-108.9179,38.2723]},"properties":{"s":10.0,"pub":true}},{"type":"Feature","geometry":{"type":"Point","coordinates":[-108.9179,38.3187]},"properties":{"s":43.3,"pub":true}},{"type":"Feature","geometry":{"type":"Point","coordinates":[-108.9179,38.3245]},"properties":{"s":50.0,"pub":false}},{"type":"Feature","geometry":{"type":"Point","coordinates":[-108.9179,38.3303]},"properties":{"s":50.0,"pub":false}},{"type":"Feature","geometry":{"type":"Point","coordinates":[-108.9104,38.0519]},"properties":{"s":10.0,"pub":true}},{"type":"Feature","geometry":{"type":"Point","coordinates":[-108.9104,38.0577]},"properties":{"s":10.0,"pub":true}},{"type":"Feature","geometry":{"type":"Point","coordinates":[-108.9104,38.0635]},"properties":{"s":10.0,"pub":true}},{"type":"Feature","geometry":{"type":"Point","coordinates":[-108.9104,38.0693]},"properties":{"s":10.0,"pub":true}},{"type":"Feature","geometry":{"type":"Point","coordinates":[-108.9104,38.0751]},"properties":{"s":10.0,"pub":true}},{"type":"Feature","geometry":{"type":"Point","coordinates":[-108.9104,38.0809]},"properties":{"s":10.0,"pub":true}}]}