{"type":"FeatureCollection","features":[{"type":"Feature","geometry":{"type":"Point","coordinates":[-107.871,37.1215]},"properties":{"s":38.5,"pub":false}},{"type":"Feature","geometry":{"type":"Point","coordinates":[-107.871,37.2491]},"properties":{"s":23.1,"pub":false}},{"type":"Feature","geometry":{"type":"Point","coordinates":[-107.871,37.2549]},"properties":{"s":23.1,"pub":false}},{"type":"Feature","geometry":{"type":"Point","coordinates":[-107.871,37.2607]},"properties":{"s":23.1,"pub":false}},{"type":"Feature","geometry":{"type":"Point","coordinates":[-107.8635,37.1041]},"properties":{"s":38.5,"pub":false}},{"type":"Feature","geometry":{"type":"Point","coordinates":[-107.8635,37.1099]},"properties":{"s":38.5,"pub":false}},{"type":"Feature","geometry":{"type":"Point","coordinates":[-107.8635,37.1157]},"properties":{"s":38.5,"pub":false}},{"type":"Feature","geometry":{"type":"Point","coordinates":[-107.8635,37.1215]},"properties":{"s":38.5,"pub":false}},{"type":"Feature","geometry":{"type":"Point","coordinates":[-107.8635,37.1273]},"properties":{"s":38.5,"pub":false}},{"type":"Feature","geometry":{"type":"Point","coordinates":[-107.8635,37.1331]},"properties":{"s":38.5,"pub":false}},{"type":"Feature","geometry":{"type":"Point","coordinates":[-107.8635,37.2259]},"properties":{"s":23.1,"pub":false}},{"type":"Feature","geometry":{"type":"Point","coordinates":[-107.8635,37.2317]},"properties":{"s":23.1,"pub":false}},{"type":"Feature","geometry":{"type":"Point","coordinates":[-107.8635,37.2375]},"properties":{"s":23.1,"pub":false}},{"type":"Feature","geometry":{"type":"Point","coordinates":[-107.8635,37.2433]},"properties":{"s":23.1,"pub":false}},{"type":"Feature","geometry":{"type":"Point","coordinates":[-107.8635,37.2491]},"properties":{"s":23.1,"pub":false}},{"type":"Feature","geometry":{"type":"Point","coordinates":[-107.8635,37.2549]},"properties":{"s":23.1,"pub":false}},{"type":"Feature","geometry":{"type":"Point","coordinates":[-107.8635,37.2607]},"properties":{"s":23.1,"pub":false}},{"type":"Feature","geometry":{"type":"Point","coordinates":[-107.8635,37.2665]},"properties":{"s":23.1,"pub":true}},{"type":"Feature","geometry":{"type":"Point","coordinates":[-107.8635,37.2723]},"properties":{"s":23.1,"pub":true}},{"type":"Feature","geometry":{"type":"Point","coordinates":[-107.8635,37.2781]},"properties":{"s":17.9,"pub":false}},{"type":"Feature","geometry":{"type":"Point","coordinates":[-107.8635,37.2839]},"properties":{"s":17.9,"pub":false}},{"type":"Feature","geometry":{"type":"Point","coordinates":[-107.8635,37.2897]},"properties":{"s":17.9,"pub":false}},{"type":"Feature","geometry":{"type":"Point","coordinates":[-107.8635,37.2955]},"properties":{"s":33.3,"pub":false}},{"type":"Feature","geometry":{"type":"Point","coordinates":[-107.8635,37.3013]},"properties":{"s":100.0,"pub":false}},{"type":"Feature","geometry":{"type":"Point","coordinates":[-107.856,37.1041]},"properties":{"s":38.5,"pub":false}},{"type":"Feature","geometry":{"type":"Point","coordinates":[-107.856,37.1099]},"properties":{"s":38.5,"pub":false}},{"type":"Feature","geometry":{"type":"Point","coordinates":[-107.856,37.1157]},"properties":{"s":38.5,"pub":false}},{"type":"Feature","geometry":{"type":"Point","coordinates":[-107.856,37.1215]},"properties":{"s":38.5,"pub":false}},{"type":"Feature","geometry":{"type":"Point","coordinates":[-107.856,37.1273]},"properties":{"s":38.5,"pub":false}},{"type":"Feature","geometry":{"type":"Point","coordinates":[-107.856,37.1331]},"properties":{"s":38.5,"pub":false}},{"type":"Feature","geometry":{"type":"Point","coordinates":[-107.856,37.2259]},"properties":{"s":23.1,"pub":true}},{"type":"Feature","geometry":{"type":"Point","coordinates":[-107.856,37.2317]},"properties":{"s":23.1,"pub":true}},{"type":"Feature","geometry":{"type":"Point","coordinates":[-107.856,37.2375]},"properties":{"s":23.1,"pub":true}},{"type":"Feature","geometry":{"type":"Point","coordinates":[-107.856,37.2433]},"properties":{"s":23.1,"pub":false}},{"type":"Feature","geometry":{"type":"Point","coordinates":[-107.856,37.2491]},"properties":{"s":23.1,"pub":false}},{"type":"Feature","geometry":{"type":"Point","coordinates":[-107.856,37.2549]},"properties":{"s":23.1,"pub":false}},{"type":"Feature","geometry":{"type":"Point","coordinates":[-107.856,37.2607]},"properties":{"s":23.1,"pub":false}},{"type":"Feature","geometry":{"type":"Point","coordinates":[-107.856,37.2665]},"properties":{"s":23.1,"pub":true}},{"type":"Feature","geometry":{"type":"Point","coordinates":[-107.856,37.2723]},"properties":{"s":23.1,"pub":true}},{"type":"Feature","geometry":{"type":"Point","coordinates":[-107.856,37.2781]},"properties":{"s":23.1,"pub":true}},{"type":"Feature","geometry":{"type":"Point","coordinates":[-107.856,37.2839]},"properties":{"s":23.1,"pub":false}},{"type":"Feature","geometry":{"type":"Point","coordinates":[-107.856,37.2897]},"properties":{"s":17.9,"pub":false}},{"type":"Feature","geometry":{"type":"Point","coordinates":[-107.856,37.2955]},"properties":{"s":69.2,"pub":false}},{"type":"Feature","geometry":{"type":"Point","coordinates":[-107.856,37.3013]},"properties":{"s":100.0,"pub":false}},{"type":"Feature","geometry":{"type":"Point","coordinates":[-107.856,37.3071]},"properties":{"s":100.0,"pub":false}},{"type":"Feature","geometry":{"type":"Point","coordinates":[-107.8485,37.1041]},"properties":{"s":38.5,"pub":false}},{"type":"Feature","geometry":{"type":"Point","coordinates":[-107.8485,37.1099]},"properties":{"s":38.5,"pub":false}},{"type":"Feature","geometry":{"type":"Point","coordinates":[-107.8485,37.1157]},"properties":{"s":38.5,"pub":false}},{"type":"Feature","geometry":{"type":"Point","coordinates":[-107.8485,37.1215]},"properties":{"s":38.5,"pub":false}},{"type":"Feature","geometry":{"type":"Point","coordinates":[-107.8485,37.1273]},"properties":{"s":38.5,"pub":false}},{"type":"Feature","geometry":{"type":"Point","coordinates":[-107.8485,37.1331]},"properties":{"s":38.5,"pub":false}},{"type":"Feature","geometry":{"type":"Point","coordinates":[-107.8485,37.1389]},"properties":{"s":38.5,"pub":false}},{"type":"Feature","geometry":{"type":"Point","coordinates":[-107.8485,37.2259]},"properties":{"s":23.1,"pub":true}},{"type":"Feature","geometry":{"type":"Point","coordinates":[-107.8485,37.2317]},"properties":{"s":23.1,"pub":true}},{"type":"Feature","geometry":{"type":"Point","coordinates":[-107.8485,37.2375]},"properties":{"s":23.1,"pub":true}},{"type":"Feature","geometry":{"type":"Point","coordinates":[-107.8485,37.2433]},"properties":{"s":23.1,"pub":true}},{"type":"Feature","geometry":{"type":"Point","coordinates":[-107.8485,37.2491]},"properties":{"s":23.1,"pub":true}},{"type":"Feature","geometry":{"type":"Point","coordinates":[-107.8485,37.2549]},"properties":{"s":23.1,"pub":false}},{"type":"Feature","geometry":{"type":"Point","coordinates":[-107.8485,37.2607]},"properties":{"s":23.1,"pub":false}},{"type":"Feature","geometry":{"type":"Point","coordinates":[-107.8485,37.2665]},"properties":{"s":23.1,"pub":true}},{"type":"Feature","geometry":{"type":"Point","coordinates":[-107.8485,37.2723]},"properties":{"s":23.1,"pub":true}},{"type":"Feature","geometry":{"type":"Point","coordinates":[-107.8485,37.2781]},"properties":{"s":23.1,"pub":false}},{"type":"Feature","geometry":{"type":"Point","coordinates":[-107.8485,37.2839]},"properties":{"s":23.1,"pub":false}},{"type":"Feature","geometry":{"type":"Point","coordinates":[-107.8485,37.2897]},"properties":{"s":23.1,"pub":true}},{"type":"Feature","geometry":{"type":"Point","coordinates":[-107.8485,37.2955]},"properties":{"s":23.1,"pub":false}},{"type":"Feature","geometry":{"type":"Point","coordinates":[-107.8485,37.3013]},"properties":{"s":69.2,"pub":false}},{"type":"Feature","geometry":{"type":"Point","coordinates":[-107.8485,37.3071]},"properties":{"s":100.0,"pub":false}},{"type":"Feature","geometry":{"type":"Point","coordinates":[-107.8485,37.3187]},"properties":{"s":100.0,"pub":false}},{"type":"Feature","geometry":{"type":"Point","coordinates":[-107.8485,37.3767]},"properties":{"s":100.0,"pub":false}},{"type":"Feature","geometry":{"type":"Point","coordinates":[-107.8485,37.3825]},"properties":{"s":69.2,"pub":false}},{"type":"Feature","geometry":{"type":"Point","coordinates":[-107.841,37.1041]},"properties":{"s":33.3,"pub":false}},{"type":"Feature","geometry":{"type":"Point","coordinates":[-107.841,37.1099]},"properties":{"s":33.3,"pub":false}},{"type":"Feature","geometry":{"type":"Point","coordinates":[-107.841,37.1157]},"properties":{"s":33.3,"pub":false}},{"type":"Feature","geometry":{"type":"Point","coordinates":[-107.841,37.1215]},"properties":{"s":33.3,"pub":false}},{"type":"Feature","geometry":{"type":"Point","coordinates":[-107.841,37.1273]},"properties":{"s":33.3,"pub":false}},{"type":"Feature","geometry":{"type":"Point","coordinates":[-107.841,37.1331]},"properties":{"s":33.3,"pub":false}},{"type":"Feature","geometry":{"type":"Point","coordinates":[-107.841,37.1389]},"properties":{"s":33.3,"pub":false}},{"type":"Feature","geometry":{"type":"Point","coordinates":[-107.841,37.1447]},"properties":{"s":33.3,"pub":false}},{"type":"Feature","geometry":{"type":"Point","coordinates":[-107.841,37.2317]},"properties":{"s":23.1,"pub":false}},{"type":"Feature","geometry":{"type":"Point","coordinates":[-107.841,37.2375]},"properties":{"s":23.1,"pub":false}},{"type":"Feature","geometry":{"type":"Point","coordinates":[-107.841,37.2433]},"properties":{"s":23.1,"pub":true}},{"type":"Feature","geometry":{"type":"Point","coordinates":[-107.841,37.2491]},"properties":{"s":23.1,"pub":true}},{"type":"Feature","geometry":{"type":"Point","coordinates":[-107.841,37.2549]},"properties":{"s":23.1,"pub":false}},{"type":"Feature","geometry":{"type":"Point","coordinates":[-107.841,37.2607]},"properties":{"s":23.1,"pub":false}},{"type":"Feature","geometry":{"type":"Point","coordinates":[-107.841,37.2665]},"properties":{"s":23.1,"pub":true}},{"type":"Feature","geometry":{"type":"Point","coordinates":[-107.841,37.2723]},"properties":{"s":23.1,"pub":true}},{"type":"Feature","geometry":{"type":"Point","coordinates":[-107.841,37.2781]},"properties":{"s":23.1,"pub":false}},{"type":"Feature","geometry":{"type":"Point","coordinates":[-107.841,37.2839]},"properties":{"s":23.1,"pub":false}},{"type":"Feature","geometry":{"type":"Point","coordinates":[-107.841,37.2897]},"properties":{"s":23.1,"pub":false}},{"type":"Feature","geometry":{"type":"Point","coordinates":[-107.841,37.2955]},"properties":{"s":23.1,"pub":false}},{"type":"Feature","geometry":{"type":"Point","coordinates":[-107.841,37.3013]},"properties":{"s":17.9,"pub":false}},{"type":"Feature","geometry":{"type":"Point","coordinates":[-107.841,37.3071]},"properties":{"s":17.9,"pub":false}},{"type":"Feature","geometry":{"type":"Point","coordinates":[-107.841,37.3129]},"properties":{"s":100.0,"pub":false}},{"type":"Feature","geometry":{"type":"Point","coordinates":[-107.841,37.3187]},"properties":{"s":100.0,"pub":false}},{"type":"Feature","geometry":{"type":"Point","coordinates":[-107.841,37.3245]},"properties":{"s":100.0,"pub":false}},{"type":"Feature","geometry":{"type":"Point","coordinates":[-107.841,37.3303]},"properties":{"s":79.5,"pub":false}},{"type":"Feature","geometry":{"type":"Point","coordinates":[-107.841,37.3361]},"properties":{"s":79.5,"pub":true}},{"type":"Feature","geometry":{"type":"Point","coordinates":[-107.841,37.3419]},"properties":{"s":84.6,"pub":true}},{"type":"Feature","geometry":{"type":"Point","coordinates":[-107.841,37.3477]},"properties":{"s":53.8,"pub":false}},{"type":"Feature","geometry":{"type":"Point","coordinates":[-107.841,37.3535]},"properties":{"s":53.8,"pub":false}},{"type":"Feature","geometry":{"type":"Point","coordinates":[-107.841,37.3593]},"properties":{"s":48.7,"pub":false}},{"type":"Feature","geometry":{"type":"Point","coordinates":[-107.841,37.3651]},"properties":{"s":79.5,"pub":false}},{"type":"Feature","geometry":{"type":"Point","coordinates":[-107.841,37.3709]},"properties":{"s":79.5,"pub":false}},{"type":"Feature","geometry":{"type":"Point","coordinates":[-107.841,37.3767]},"properties":{"s":100.0,"pub":false}},{"type":"Feature","geometry":{"type":"Point","coordinates":[-107.841,37.3825]},"properties":{"s":100.0,"pub":false}},{"type":"Feature","geometry":{"type":"Point","coordinates":[-107.8335,37.1041]},"properties":{"s":33.3,"pub":false}},{"type":"Feature","geometry":{"type":"Point","coordinates":[-107.8335,37.1099]},"properties":{"s":33.3,"pub":false}},{"type":"Feature","geometry":{"type":"Point","coordinates":[-107.8335,37.1157]},"properties":{"s":33.3,"pub":false}},{"type":"Feature","geometry":{"type":"Point","coordinates":[-107.8335,37.1215]},"properties":{"s":33.3,"pub":false}},{"type":"Feature","geometry":{"type":"Point","coordinates":[-107.8335,37.1273]},"properties":{"s":33.3,"pub":false}},{"type":"Feature","geometry":{"type":"Point","coordinates":[-107.8335,37.1331]},"properties":{"s":33.3,"pub":false}},{"type":"Feature","geometry":{"type":"Point","coordinates":[-107.8335,37.1389]},"properties":{"s":33.3,"pub":false}},{"type":"Feature","geometry":{"type":"Point","coordinates":[-107.8335,37.1447]},"properties":{"s":33.3,"pub":false}},{"type":"Feature","geometry":{"type":"Point","coordinates":[-107.8335,37.2317]},"properties":{"s":17.9,"pub":false}},{"type":"Feature","geometry":{"type":"Point","coordinates":[-107.8335,37.2375]},"properties":{"s":23.1,"pub":false}},{"type":"Feature","geometry":{"type":"Point","coordinates":[-107.8335,37.2433]},"properties":{"s":23.1,"pub":true}},{"type":"Feature","geometry":{"type":"Point","coordinates":[-107.8335,37.2491]},"properties":{"s":23.1,"pub":true}},{"type":"Feature","geometry":{"type":"Point","coordinates":[-107.8335,37.2549]},"properties":{"s":23.1,"pub":true}},{"type":"Feature","geometry":{"type":"Point","coordinates":[-107.8335,37.2607]},"properties":{"s":23.1,"pub":false}},{"type":"Feature","geometry":{"type":"Point","coordinates":[-107.8335,37.2665]},"properties":{"s":23.1,"pub":false}},{"type":"Feature","geometry":{"type":"Point","coordinates":[-107.8335,37.2723]},"properties":{"s":23.1,"pub":false}},{"type":"Feature","geometry":{"type":"Point","coordinates":[-107.8335,37.2781]},"properties":{"s":23.1,"pub":true}},{"type":"Feature","geometry":{"type":"Point","coordinates":[-107.8335,37.2839]},"properties":{"s":23.1,"pub":false}},{"type":"Feature","geometry":{"type":"Point","coordinates":[-107.8335,37.2897]},"properties":{"s":23.1,"pub":false}},{"type":"Feature","geometry":{"type":"Point","coordinates":[-107.8335,37.2955]},"properties":{"s":23.1,"pub":true}},{"type":"Feature","geometry":{"type":"Point","coordinates":[-107.8335,37.3013]},"properties":{"s":23.1,"pub":false}},{"type":"Feature","geometry":{"type":"Point","coordinates":[-107.8335,37.3071]},"properties":{"s":23.1,"pub":false}},{"type":"Feature","geometry":{"type":"Point","coordinates":[-107.8335,37.3129]},"properties":{"s":23.1,"pub":false}},{"type":"Feature","geometry":{"type":"Point","coordinates":[-107.8335,37.3187]},"properties":{"s":23.1,"pub":false}},{"type":"Feature","geometry":{"type":"Point","coordinates":[-107.8335,37.3245]},"properties":{"s":23.1,"pub":true}},{"type":"Feature","geometry":{"type":"Point","coordinates":[-107.8335,37.3303]},"properties":{"s":23.1,"pub":true}},{"type":"Feature","geometry":{"type":"Point","coordinates":[-107.8335,37.3361]},"properties":{"s":23.1,"pub":true}},{"type":"Feature","geometry":{"type":"Point","coordinates":[-107.8335,37.3419]},"properties":{"s":23.1,"pub":true}},{"type":"Feature","geometry":{"type":"Point","coordinates":[-107.8335,37.3477]},"properties":{"s":23.1,"pub":true}},{"type":"Feature","geometry":{"type":"Point","coordinates":[-107.8335,37.3535]},"properties":{"s":23.1,"pub":true}},{"type":"Feature","geometry":{"type":"Point","coordinates":[-107.8335,37.3593]},"properties":{"s":23.1,"pub":true}},{"type":"Feature","geometry":{"type":"Point","coordinates":[-107.8335,37.3651]},"properties":{"s":23.1,"pub":true}},{"type":"Feature","geometry":{"type":"Point","coordinates":[-107.8335,37.3709]},"properties":{"s":23.1,"pub":true}},{"type":"Feature","geometry":{"type":"Point","coordinates":[-107.8335,37.3767]},"properties":{"s":23.1,"pub":true}},{"type":"Feature","geometry":{"type":"Point","coordinates":[-107.8335,37.3825]},"properties":{"s":48.7,"pub":false}},{"type":"Feature","geometry":{"type":"Point","coordinates":[-107.8335,37.3883]},"properties":{"s":100.0,"pub":false}},{"type":"Feature","geometry":{"type":"Point","coordinates":[-107.8335,37.3941]},"properties":{"s":100.0,"pub":false}},{"type":"Feature","geometry":{"type":"Point","coordinates":[-107.826,37.1099]},"properties":{"s":33.3,"pub":false}},{"type":"Feature","geometry":{"type":"Point","coordinates":[-107.826,37.1157]},"properties":{"s":33.3,"pub":false}},{"type":"Feature","geometry":{"type":"Point","coordinates":[-107.826,37.1215]},"properties":{"s":33.3,"pub":false}},{"type":"Feature","geometry":{"type":"Point","coordinates":[-107.826,37.1273]},"properties":{"s":33.3,"pub":false}},{"type":"Feature","geometry":{"type":"Point","coordinates":[-107.826,37.1331]},"properties":{"s":33.3,"pub":false}},{"type":"Feature","geometry":{"type":"Point","coordinates":[-107.826,37.1389]},"properties":{"s":33.3,"pub":false}},{"type":"Feature","geometry":{"type":"Point","coordinates":[-107.826,37.1447]},"properties":{"s":33.3,"pub":false}},{"type":"Feature","geometry":{"type":"Point","coordinates":[-107.826,37.1505]},"properties":{"s":33.3,"pub":false}},{"type":"Feature","geometry":{"type":"Point","coordinates":[-107.826,37.2317]},"properties":{"s":17.9,"pub":false}},{"type":"Feature","geometry":{"type":"Point","coordinates":[-107.826,37.2375]},"properties":{"s":17.9,"pub":false}},{"type":"Feature","geometry":{"type":"Point","coordinates":[-107.826,37.2433]},"properties":{"s":23.1,"pub":false}},{"type":"Feature","geometry":{"type":"Point","coordinates":[-107.826,37.2491]},"properties":{"s":23.1,"pub":false}},{"type":"Feature","geometry":{"type":"Point","coordinates":[-107.826,37.2549]},"properties":{"s":23.1,"pub":true}},{"type":"Feature","geometry":{"type":"Point","coordinates":[-107.826,37.2607]},"properties":{"s":23.1,"pub":false}},{"type":"Feature","geometry":{"type":"Point","coordinates":[-107.826,37.2665]},"properties":{"s":23.1,"pub":true}},{"type":"Feature","geometry":{"type":"Point","coordinates":[-107.826,37.2723]},"properties":{"s":23.1,"pub":false}},{"type":"Feature","geometry":{"type":"Point","coordinates":[-107.826,37.2781]},"properties":{"s":23.1,"pub":true}},{"type":"Feature","geometry":{"type":"Point","coordinates":[-107.826,37.2839]},"properties":{"s":23.1,"pub":false}},{"type":"Feature","geometry":{"type":"Point","coordinates":[-107.826,37.2897]},"properties":{"s":23.1,"pub":false}},{"type":"Feature","geometry":{"type":"Point","coordinates":[-107.826,37.2955]},"properties":{"s":23.1,"pub":true}},{"type":"Feature","geometry":{"type":"Point","coordinates":[-107.826,37.3013]},"properties":{"s":23.1,"pub":true}},{"type":"Feature","geometry":{"type":"Point","coordinates":[-107.826,37.3071]},"properties":{"s":23.1,"pub":false}},{"type":"Feature","geometry":{"type":"Point","coordinates":[-107.826,37.3129]},"properties":{"s":17.9,"pub":false}},{"type":"Feature","geometry":{"type":"Point","coordinates":[-107.826,37.3187]},"properties":{"s":17.9,"pub":false}},{"type":"Feature","geometry":{"type":"Point","coordinates":[-107.826,37.3245]},"properties":{"s":17.9,"pub":false}},{"type":"Feature","geometry":{"type":"Point","coordinates":[-107.826,37.3303]},"properties":{"s":17.9,"pub":false}},{"type":"Feature","geometry":{"type":"Point","coordinates":[-107.826,37.3361]},"properties":{"s":17.9,"pub":false}},{"type":"Feature","geometry":{"type":"Point","coordinates":[-107.826,37.3419]},"properties":{"s":17.9,"pub":true}},{"type":"Feature","geometry":{"type":"Point","coordinates":[-107.826,37.3477]},"properties":{"s":17.9,"pub":true}},{"type":"Feature","geometry":{"type":"Point","coordinates":[-107.826,37.3535]},"properties":{"s":23.1,"pub":true}},{"type":"Feature","geometry":{"type":"Point","coordinates":[-107.826,37.3593]},"properties":{"s":23.1,"pub":true}},{"type":"Feature","geometry":{"type":"Point","coordinates":[-107.826,37.3651]},"properties":{"s":23.1,"pub":true}},{"type":"Feature","geometry":{"type":"Point","coordinates":[-107.826,37.3709]},"properties":{"s":23.1,"pub":true}},{"type":"Feature","geometry":{"type":"Point","coordinates":[-107.826,37.3767]},"properties":{"s":23.1,"pub":true}},{"type":"Feature","geometry":{"type":"Point","coordinates":[-107.826,37.3825]},"properties":{"s":23.1,"pub":true}},{"type":"Feature","geometry":{"type":"Point","coordinates":[-107.826,37.3883]},"properties":{"s":23.1,"pub":true}},{"type":"Feature","geometry":{"type":"Point","coordinates":[-107.826,37.3941]},"properties":{"s":17.9,"pub":false}},{"type":"Feature","geometry":{"type":"Point","coordinates":[-107.826,37.3999]},"properties":{"s":48.7,"pub":false}},{"type":"Feature","geometry":{"type":"Point","coordinates":[-107.8185,37.1099]},"properties":{"s":33.3,"pub":false}},{"type":"Feature","geometry":{"type":"Point","coordinates":[-107.8185,37.1157]},"properties":{"s":33.3,"pub":false}},{"type":"Feature","geometry":{"type":"Point","coordinates":[-107.8185,37.1215]},"properties":{"s":33.3,"pub":false}},{"type":"Feature","geometry":{"type":"Point","coordinates":[-107.8185,37.1273]},"properties":{"s":33.3,"pub":false}},{"type":"Feature","geometry":{"type":"Point","coordinates":[-107.8185,37.1331]},"properties":{"s":33.3,"pub":false}},{"type":"Feature","geometry":{"type":"Point","coordinates":[-107.8185,37.1389]},"properties":{"s":33.3,"pub":false}},{"type":"Feature","geometry":{"type":"Point","coordinates":[-107.8185,37.1447]},"properties":{"s":33.3,"pub":false}},{"type":"Feature","geometry":{"type":"Point","coordinates":[-107.8185,37.1505]},"properties":{"s":33.3,"pub":false}},{"type":"Feature","geometry":{"type":"Point","coordinates":[-107.8185,37.2317]},"properties":{"s":17.9,"pub":false}},{"type":"Feature","geometry":{"type":"Point","coordinates":[-107.8185,37.2375]},"properties":{"s":17.9,"pub":false}},{"type":"Feature","geometry":{"type":"Point","coordinates":[-107.8185,37.2433]},"properties":{"s":23.1,"pub":false}},{"type":"Feature","geometry":{"type":"Point","coordinates":[-107.8185,37.2491]},"properties":{"s":23.1,"pub":false}},{"type":"Feature","geometry":{"type":"Point","coordinates":[-107.8185,37.2549]},"properties":{"s":23.1,"pub":false}},{"type":"Feature","geometry":{"type":"Point","coordinates":[-107.8185,37.2607]},"properties":{"s":23.1,"pub":false}},{"type":"Feature","geometry":{"type":"Point","coordinates":[-107.8185,37.2665]},"properties":{"s":23.1,"pub":true}},{"type":"Feature","geometry":{"type":"Point","coordinates":[-107.8185,37.2723]},"properties":{"s":23.1,"pub":true}},{"type":"Feature","geometry":{"type":"Point","coordinates":[-107.8185,37.2781]},"properties":{"s":23.1,"pub":false}},{"type":"Feature","geometry":{"type":"Point","coordinates":[-107.8185,37.2839]},"properties":{"s":23.1,"pub":false}},{"type":"Feature","geometry":{"type":"Point","coordinates":[-107.8185,37.2897]},"properties":{"s":23.1,"pub":false}},{"type":"Feature","geometry":{"type":"Point","coordinates":[-107.8185,37.2955]},"properties":{"s":23.1,"pub":true}},{"type":"Feature","geometry":{"type":"Point","coordinates":[-107.8185,37.3013]},"properties":{"s":23.1,"pub":true}},{"type":"Feature","geometry":{"type":"Point","coordinates":[-107.8185,37.3071]},"properties":{"s":17.9,"pub":false}},{"type":"Feature","geometry":{"type":"Point","coordinates":[-107.8185,37.3129]},"properties":{"s":17.9,"pub":false}},{"type":"Feature","geometry":{"type":"Point","coordinates":[-107.8185,37.3187]},"properties":{"s":17.9,"pub":false}},{"type":"Feature","geometry":{"type":"Point","coordinates":[-107.8185,37.3245]},"properties":{"s":17.9,"pub":false}},{"type":"Feature","geometry":{"type":"Point","coordinates":[-107.8185,37.3303]},"properties":{"s":17.9,"pub":false}},{"type":"Feature","geometry":{"type":"Point","coordinates":[-107.8185,37.3361]},"properties":{"s":17.9,"pub":false}},{"type":"Feature","geometry":{"type":"Point","coordinates":[-107.8185,37.3419]},"properties":{"s":17.9,"pub":true}},{"type":"Feature","geometry":{"type":"Point","coordinates":[-107.8185,37.3477]},"properties":{"s":17.9,"pub":true}},{"type":"Feature","geometry":{"type":"Point","coordinates":[-107.8185,37.3535]},"properties":{"s":17.9,"pub":true}},{"type":"Feature","geometry":{"type":"Point","coordinates":[-107.8185,37.3593]},"properties":{"s":17.9,"pub":true}},{"type":"Feature","geometry":{"type":"Point","coordinates":[-107.8185,37.3651]},"properties":{"s":23.1,"pub":true}},{"type":"Feature","geometry":{"type":"Point","coordinates":[-107.8185,37.3709]},"properties":{"s":23.1,"pub":true}},{"type":"Feature","geometry":{"type":"Point","coordinates":[-107.8185,37.3767]},"properties":{"s":23.1,"pub":true}},{"type":"Feature","geometry":{"type":"Point","coordinates":[-107.8185,37.3825]},"properties":{"s":23.1,"pub":true}},{"type":"Feature","geometry":{"type":"Point","coordinates":[-107.8185,37.3883]},"properties":{"s":23.1,"pub":true}},{"type":"Feature","geometry":{"type":"Point","coordinates":[-107.8185,37.3941]},"properties":{"s":23.1,"pub":false}},{"type":"Feature","geometry":{"type":"Point","coordinates":[-107.8185,37.3999]},"properties":{"s":17.9,"pub":false}},{"type":"Feature","geometry":{"type":"Point","coordinates":[-107.8185,37.4057]},"properties":{"s":17.9,"pub":false}},{"type":"Feature","geometry":{"type":"Point","coordinates":[-107.8185,37.4115]},"properties":{"s":100.0,"pub":false}},{"type":"Feature","geometry":{"type":"Point","coordinates":[-107.811,37.1157]},"properties":{"s":33.3,"pub":false}},{"type":"Feature","geometry":{"type":"Point","coordinates":[-107.811,37.1215]},"properties":{"s":33.3,"pub":false}},{"type":"Feature","geometry":{"type":"Point","coordinates":[-107.811,37.1273]},"properties":{"s":33.3,"pub":false}},{"type":"Feature","geometry":{"type":"Point","coordinates":[-107.811,37.1331]},"properties":{"s":33.3,"pub":false}},{"type":"Feature","geometry":{"type":"Point","coordinates":[-107.811,37.1389]},"properties":{"s":33.3,"pub":false}},{"type":"Feature","geometry":{"type":"Point","coordinates":[-107.811,37.1447]},"properties":{"s":33.3,"pub":false}},{"type":"Feature","geometry":{"type":"Point","coordinates":[-107.811,37.1505]},"properties":{"s":33.3,"pub":false}},{"type":"Feature","geometry":{"type":"Point","coordinates":[-107.811,37.2317]},"properties":{"s":17.9,"pub":false}},{"type":"Feature","geometry":{"type":"Point","coordinates":[-107.811,37.2375]},"properties":{"s":23.1,"pub":false}},{"type":"Feature","geometry":{"type":"Point","coordinates":[-107.811,37.2433]},"properties":{"s":23.1,"pub":false}},{"type":"Feature","geometry":{"type":"Point","coordinates":[-107.811,37.2491]},"properties":{"s":23.1,"pub":false}},{"type":"Feature","geometry":{"type":"Point","coordinates":[-107.811,37.2549]},"properties":{"s":23.1,"pub":true}},{"type":"Feature","geometry":{"type":"Point","coordinates":[-107.811,37.2607]},"properties":{"s":23.1,"pub":true}},{"type":"Feature","geometry":{"type":"Point","coordinates":[-107.811,37.2665]},"properties":{"s":23.1,"pub":false}},{"type":"Feature","geometry":{"type":"Point","coordinates":[-107.811,37.2723]},"properties":{"s":23.1,"pub":false}},{"type":"Feature","geometry":{"type":"Point","coordinates":[-107.811,37.2781]},"properties":{"s":23.1,"pub":false}},{"type":"Feature","geometry":{"type":"Point","coordinates":[-107.811,37.2839]},"properties":{"s":23.1,"pub":false}},{"type":"Feature","geometry":{"type":"Point","coordinates":[-107.811,37.2897]},"properties":{"s":23.1,"pub":false}},{"type":"Feature","geometry":{"type":"Point","coordinates":[-107.811,37.2955]},"properties":{"s":23.1,"pub":false}},{"type":"Feature","geometry":{"type":"Point","coordinates":[-107.811,37.3013]},"properties":{"s":23.1,"pub":false}},{"type":"Feature","geometry":{"type":"Point","coordinates":[-107.811,37.3071]},"properties":{"s":17.9,"pub":false}},{"type":"Feature","geometry":{"type":"Point","coordinates":[-107.811,37.3129]},"properties":{"s":17.9,"pub":false}},{"type":"Feature","geometry":{"type":"Point","coordinates":[-107.811,37.3187]},"properties":{"s":17.9,"pub":false}},{"type":"Feature","geometry":{"type":"Point","coordinates":[-107.811,37.3245]},"properties":{"s":17.9,"pub":false}},{"type":"Feature","geometry":{"type":"Point","coordinates":[-107.811,37.3303]},"properties":{"s":17.9,"pub":false}},{"type":"Feature","geometry":{"type":"Point","coordinates":[-107.811,37.3361]},"properties":{"s":17.9,"pub":false}},{"type":"Feature","geometry":{"type":"Point","coordinates":[-107.811,37.3419]},"properties":{"s":17.9,"pub":true}},{"type":"Feature","geometry":{"type":"Point","coordinates":[-107.811,37.3477]},"properties":{"s":17.9,"pub":true}},{"type":"Feature","geometry":{"type":"Point","coordinates":[-107.811,37.3535]},"properties":{"s":17.9,"pub":true}},{"type":"Feature","geometry":{"type":"Point","coordinates":[-107.811,37.3593]},"properties":{"s":17.9,"pub":true}},{"type":"Feature","geometry":{"type":"Point","coordinates":[-107.811,37.3651]},"properties":{"s":17.9,"pub":true}},{"type":"Feature","geometry":{"type":"Point","coordinates":[-107.811,37.3709]},"properties":{"s":23.1,"pub":true}},{"type":"Feature","geometry":{"type":"Point","coordinates":[-107.811,37.3767]},"properties":{"s":23.1,"pub":true}},{"type":"Feature","geometry":{"type":"Point","coordinates":[-107.811,37.3825]},"properties":{"s":23.1,"pub":true}},{"type":"Feature","geometry":{"type":"Point","coordinates":[-107.811,37.3883]},"properties":{"s":23.1,"pub":true}},{"type":"Feature","geometry":{"type":"Point","coordinates":[-107.811,37.3941]},"properties":{"s":23.1,"pub":true}},{"type":"Feature","geometry":{"type":"Point","coordinates":[-107.811,37.3999]},"properties":{"s":23.1,"pub":true}},{"type":"Feature","geometry":{"type":"Point","coordinates":[-107.811,37.4057]},"properties":{"s":17.9,"pub":false}},{"type":"Feature","geometry":{"type":"Point","coordinates":[-107.811,37.4115]},"properties":{"s":17.9,"pub":false}},{"type":"Feature","geometry":{"type":"Point","coordinates":[-107.811,37.4173]},"properties":{"s":38.5,"pub":false}},{"type":"Feature","geometry":{"type":"Point","coordinates":[-107.8035,37.1157]},"properties":{"s":33.3,"pub":false}},{"type":"Feature","geometry":{"type":"Point","coordinates":[-107.8035,37.1215]},"properties":{"s":33.3,"pub":false}},{"type":"Feature","geometry":{"type":"Point","coordinates":[-107.8035,37.1273]},"properties":{"s":33.3,"pub":false}},{"type":"Feature","geometry":{"type":"Point","coordinates":[-107.8035,37.1331]},"properties":{"s":33.3,"pub":false}},{"type":"Feature","geometry":{"type":"Point","coordinates":[-107.8035,37.1389]},"properties":{"s":33.3,"pub":false}},{"type":"Feature","geometry":{"type":"Point","coordinates":[-107.8035,37.1447]},"properties":{"s":33.3,"pub":false}},{"type":"Feature","geometry":{"type":"Point","coordinates":[-107.8035,37.1505]},"properties":{"s":33.3,"pub":false}},{"type":"Feature","geometry":{"type":"Point","coordinates":[-107.8035,37.2317]},"properties":{"s":17.9,"pub":false}},{"type":"Feature","geometry":{"type":"Point","coordinates":[-107.8035,37.2375]},"properties":{"s":23.1,"pub":false}},{"type":"Feature","geometry":{"type":"Point","coordinates":[-107.8035,37.2433]},"properties":{"s":23.1,"pub":false}},{"type":"Feature","geometry":{"type":"Point","coordinates":[-107.8035,37.2491]},"properties":{"s":23.1,"pub":false}},{"type":"Feature","geometry":{"type":"Point","coordinates":[-107.8035,37.2549]},"properties":{"s":23.1,"pub":true}},{"type":"Feature","geometry":{"type":"Point","coordinates":[-107.8035,37.2607]},"properties":{"s":23.1,"pub":true}},{"type":"Feature","geometry":{"type":"Point","coordinates":[-107.8035,37.2665]},"properties":{"s":23.1,"pub":false}},{"type":"Feature","geometry":{"type":"Point","coordinates":[-107.8035,37.2723]},"properties":{"s":23.1,"pub":false}},{"type":"Feature","geometry":{"type":"Point","coordinates":[-107.8035,37.2781]},"properties":{"s":23.1,"pub":false}},{"type":"Feature","geometry":{"type":"Point","coordinates":[-107.8035,37.2839]},"properties":{"s":23.1,"pub":false}},{"type":"Feature","geometry":{"type":"Point","coordinates":[-107.8035,37.2897]},"properties":{"s":23.1,"pub":false}},{"type":"Feature","geometry":{"type":"Point","coordinates":[-107.8035,37.2955]},"properties":{"s":17.9,"pub":false}},{"type":"Feature","geometry":{"type":"Point","coordinates":[-107.8035,37.3013]},"properties":{"s":17.9,"pub":false}},{"type":"Feature","geometry":{"type":"Point","coordinates":[-107.8035,37.3071]},"properties":{"s":17.9,"pub":false}},{"type":"Feature","geometry":{"type":"Point","coordinates":[-107.8035,37.3129]},"properties":{"s":17.9,"pub":false}},{"type":"Feature","geometry":{"type":"Point","coordinates":[-107.8035,37.3187]},"properties":{"s":17.9,"pub":false}},{"type":"Feature","geometry":{"type":"Point","coordinates":[-107.8035,37.3245]},"properties":{"s":17.9,"pub":false}},{"type":"Feature","geometry":{"type":"Point","coordinates":[-107.8035,37.3303]},"properties":{"s":17.9,"pub":false}},{"type":"Feature","geometry":{"type":"Point","coordinates":[-107.8035,37.3361]},"properties":{"s":17.9,"pub":false}},{"type":"Feature","geometry":{"type":"Point","coordinates":[-107.8035,37.3419]},"properties":{"s":17.9,"pub":true}},{"type":"Feature","geometry":{"type":"Point","coordinates":[-107.8035,37.3477]},"properties":{"s":17.9,"pub":true}},{"type":"Feature","geometry":{"type":"Point","coordinates":[-107.8035,37.3535]},"properties":{"s":17.9,"pub":true}},{"type":"Feature","geometry":{"type":"Point","coordinates":[-107.8035,37.3593]},"properties":{"s":17.9,"pub":true}},{"type":"Feature","geometry":{"type":"Point","coordinates":[-107.8035,37.3651]},"properties":{"s":17.9,"pub":true}},{"type":"Feature","geometry":{"type":"Point","coordinates":[-107.8035,37.3709]},"properties":{"s":17.9,"pub":true}},{"type":"Feature","geometry":{"type":"Point","coordinates":[-107.8035,37.3767]},"properties":{"s":23.1,"pub":true}},{"type":"Feature","geometry":{"type":"Point","coordinates":[-107.8035,37.3825]},"properties":{"s":23.1,"pub":true}},{"type":"Feature","geometry":{"type":"Point","coordinates":[-107.8035,37.3883]},"properties":{"s":23.1,"pub":true}},{"type":"Feature","geometry":{"type":"Point","coordinates":[-107.8035,37.3941]},"properties":{"s":23.1,"pub":true}},{"type":"Feature","geometry":{"type":"Point","coordinates":[-107.8035,37.3999]},"properties":{"s":23.1,"pub":true}},{"type":"Feature","geometry":{"type":"Point","coordinates":[-107.8035,37.4057]},"properties":{"s":23.1,"pub":true}},{"type":"Feature","geometry":{"type":"Point","coordinates":[-107.8035,37.4115]},"properties":{"s":23.1,"pub":true}},{"type":"Feature","geometry":{"type":"Point","coordinates":[-107.8035,37.4173]},"properties":{"s":17.9,"pub":false}},{"type":"Feature","geometry":{"type":"Point","coordinates":[-107.8035,37.4231]},"properties":{"s":17.9,"pub":false}},{"type":"Feature","geometry":{"type":"Point","coordinates":[-107.8035,37.4289]},"properties":{"s":69.2,"pub":false}},{"type":"Feature","geometry":{"type":"Point","coordinates":[-107.8035,37.4405]},"properties":{"s":69.2,"pub":false}},{"type":"Feature","geometry":{"type":"Point","coordinates":[-107.796,37.1215]},"properties":{"s":33.3,"pub":false}},{"type":"Feature","geometry":{"type":"Point","coordinates":[-107.796,37.1273]},"properties":{"s":33.3,"pub":false}},{"type":"Feature","geometry":{"type":"Point","coordinates":[-107.796,37.1331]},"properties":{"s":33.3,"pub":false}},{"type":"Feature","geometry":{"type":"Point","coordinates":[-107.796,37.1389]},"properties":{"s":33.3,"pub":false}},{"type":"Feature","geometry":{"type":"Point","coordinates":[-107.796,37.1447]},"properties":{"s":33.3,"pub":false}},{"type":"Feature","geometry":{"type":"Point","coordinates":[-107.796,37.1505]},"properties":{"s":33.3,"pub":false}},{"type":"Feature","geometry":{"type":"Point","coordinates":[-107.796,37.1563]},"properties":{"s":33.3,"pub":false}},{"type":"Feature","geometry":{"type":"Point","coordinates":[-107.796,37.2317]},"properties":{"s":23.1,"pub":false}},{"type":"Feature","geometry":{"type":"Point","coordinates":[-107.796,37.2375]},"properties":{"s":23.1,"pub":false}},{"type":"Feature","geometry":{"type":"Point","coordinates":[-107.796,37.2433]},"properties":{"s":23.1,"pub":false}},{"type":"Feature","geometry":{"type":"Point","coordinates":[-107.796,37.2491]},"properties":{"s":23.1,"pub":false}},{"type":"Feature","geometry":{"type":"Point","coordinates":[-107.796,37.2549]},"properties":{"s":23.1,"pub":false}},{"type":"Feature","geometry":{"type":"Point","coordinates":[-107.796,37.2607]},"properties":{"s":23.1,"pub":true}},{"type":"Feature","geometry":{"type":"Point","coordinates":[-107.796,37.2665]},"properties":{"s":23.1,"pub":false}},{"type":"Feature","geometry":{"type":"Point","coordinates":[-107.796,37.2723]},"properties":{"s":23.1,"pub":false}},{"type":"Feature","geometry":{"type":"Point","coordinates":[-107.796,37.2781]},"properties":{"s":23.1,"pub":false}},{"type":"Feature","geometry":{"type":"Point","coordinates":[-107.796,37.2839]},"properties":{"s":23.1,"pub":false}},{"type":"Feature","geometry":{"type":"Point","coordinates":[-107.796,37.2897]},"properties":{"s":23.1,"pub":false}},{"type":"Feature","geometry":{"type":"Point","coordinates":[-107.796,37.2955]},"properties":{"s":17.9,"pub":false}},{"type":"Feature","geometry":{"type":"Point","coordinates":[-107.796,37.3013]},"properties":{"s":17.9,"pub":false}},{"type":"Feature","geometry":{"type":"Point","coordinates":[-107.796,37.3071]},"properties":{"s":17.9,"pub":false}},{"type":"Feature","geometry":{"type":"Point","coordinates":[-107.796,37.3129]},"properties":{"s":17.9,"pub":false}},{"type":"Feature","geometry":{"type":"Point","coordinates":[-107.796,37.3187]},"properties":{"s":17.9,"pub":false}},{"type":"Feature","geometry":{"type":"Point","coordinates":[-107.796,37.3245]},"properties":{"s":17.9,"pub":false}},{"type":"Feature","geometry":{"type":"Point","coordinates":[-107.796,37.3303]},"properties":{"s":17.9,"pub":false}},{"type":"Feature","geometry":{"type":"Point","coordinates":[-107.796,37.3361]},"properties":{"s":17.9,"pub":false}},{"type":"Feature","geometry":{"type":"Point","coordinates":[-107.796,37.3419]},"properties":{"s":17.9,"pub":true}},{"type":"Feature","geometry":{"type":"Point","coordinates":[-107.796,37.3477]},"properties":{"s":17.9,"pub":true}},{"type":"Feature","geometry":{"type":"Point","coordinates":[-107.796,37.3535]},"properties":{"s":17.9,"pub":true}},{"type":"Feature","geometry":{"type":"Point","coordinates":[-107.796,37.3593]},"properties":{"s":17.9,"pub":true}},{"type":"Feature","geometry":{"type":"Point","coordinates":[-107.796,37.3651]},"properties":{"s":17.9,"pub":true}},{"type":"Feature","geometry":{"type":"Point","coordinates":[-107.796,37.3709]},"properties":{"s":17.9,"pub":true}},{"type":"Feature","geometry":{"type":"Point","coordinates":[-107.796,37.3767]},"properties":{"s":17.9,"pub":true}},{"type":"Feature","geometry":{"type":"Point","coordinates":[-107.796,37.3825]},"properties":{"s":23.1,"pub":true}},{"type":"Feature","geometry":{"type":"Point","coordinates":[-107.796,37.3883]},"properties":{"s":23.1,"pub":true}},{"type":"Feature","geometry":{"type":"Point","coordinates":[-107.796,37.3941]},"properties":{"s":23.1,"pub":true}},{"type":"Feature","geometry":{"type":"Point","coordinates":[-107.796,37.3999]},"properties":{"s":23.1,"pub":true}},{"type":"Feature","geometry":{"type":"Point","coordinates":[-107.796,37.4057]},"properties":{"s":23.1,"pub":true}},{"type":"Feature","geometry":{"type":"Point","coordinates":[-107.796,37.4115]},"properties":{"s":23.1,"pub":true}},{"type":"Feature","geometry":{"type":"Point","coordinates":[-107.796,37.4173]},"properties":{"s":23.1,"pub":false}},{"type":"Feature","geometry":{"type":"Point","coordinates":[-107.796,37.4231]},"properties":{"s":17.9,"pub":false}},{"type":"Feature","geometry":{"type":"Point","coordinates":[-107.796,37.4289]},"properties":{"s":17.9,"pub":false}},{"type":"Feature","geometry":{"type":"Point","coordinates":[-107.796,37.4347]},"properties":{"s":48.7,"pub":false}},{"type":"Feature","geometry":{"type":"Point","coordinates":[-107.796,37.4405]},"properties":{"s":69.2,"pub":false}},{"type":"Feature","geometry":{"type":"Point","coordinates":[-107.796,37.4463]},"properties":{"s":69.2,"pub":false}},{"type":"Feature","geometry":{"type":"Point","coordinates":[-107.796,37.4521]},"properties":{"s":48.7,"pub":false}},{"type":"Feature","geometry":{"type":"Point","coordinates":[-107.796,37.4579]},"properties":{"s":17.9,"pub":false}},{"type":"Feature","geometry":{"type":"Point","coordinates":[-107.796,37.4753]},"properties":{"s":15.4,"pub":true}},{"type":"Feature","geometry":{"type":"Point","coordinates":[-107.796,37.4811]},"properties":{"s":15.4,"pub":false}},{"type":"Feature","geometry":{"type":"Point","coordinates":[-107.7885,37.1331]},"properties":{"s":33.3,"pub":false}},{"type":"Feature","geometry":{"type":"Point","coordinates":[-107.7885,37.1389]},"properties":{"s":33.3,"pub":false}},{"type":"Feature","geometry":{"type":"Point","coordinates":[-107.7885,37.1447]},"properties":{"s":33.3,"pub":false}},{"type":"Feature","geometry":{"type":"Point","coordinates":[-107.7885,37.1505]},"properties":{"s":33.3,"pub":false}},{"type":"Feature","geometry":{"type":"Point","coordinates":[-107.7885,37.2317]},"properties":{"s":23.1,"pub":false}},{"type":"Feature","geometry":{"type":"Point","coordinates":[-107.7885,37.2375]},"properties":{"s":23.1,"pub":false}},{"type":"Feature","geometry":{"type":"Point","coordinates":[-107.7885,37.2433]},"properties":{"s":23.1,"pub":false}},{"type":"Feature","geometry":{"type":"Point","coordinates":[-107.7885,37.2491]},"properties":{"s":23.1,"pub":false}},{"type":"Feature","geometry":{"type":"Point","coordinates":[-107.7885,37.2549]},"properties":{"s":23.1,"pub":false}},{"type":"Feature","geometry":{"type":"Point","coordinates":[-107.7885,37.2607]},"properties":{"s":23.1,"pub":false}},{"type":"Feature","geometry":{"type":"Point","coordinates":[-107.7885,37.2665]},"properties":{"s":23.1,"pub":false}},{"type":"Feature","geometry":{"type":"Point","coordinates":[-107.7885,37.2723]},"properties":{"s":23.1,"pub":false}},{"type":"Feature","geometry":{"type":"Point","coordinates":[-107.7885,37.2781]},"properties":{"s":23.1,"pub":true}},{"type":"Feature","geometry":{"type":"Point","coordinates":[-107.7885,37.2839]},"properties":{"s":23.1,"pub":true}},{"type":"Feature","geometry":{"type":"Point","coordinates":[-107.7885,37.2897]},"properties":{"s":23.1,"pub":false}},{"type":"Feature","geometry":{"type":"Point","coordinates":[-107.7885,37.2955]},"properties":{"s":17.9,"pub":false}},{"type":"Feature","geometry":{"type":"Point","coordinates":[-107.7885,37.3013]},"properties":{"s":17.9,"pub":false}},{"type":"Feature","geometry":{"type":"Point","coordinates":[-107.7885,37.3071]},"properties":{"s":17.9,"pub":false}},{"type":"Feature","geometry":{"type":"Point","coordinates":[-107.7885,37.3129]},"properties":{"s":17.9,"pub":false}},{"type":"Feature","geometry":{"type":"Point","coordinates":[-107.7885,37.3187]},"properties":{"s":17.9,"pub":false}},{"type":"Feature","geometry":{"type":"Point","coordinates":[-107.7885,37.3245]},"properties":{"s":17.9,"pub":false}},{"type":"Feature","geometry":{"type":"Point","coordinates":[-107.7885,37.3303]},"properties":{"s":17.9,"pub":false}},{"type":"Feature","geometry":{"type":"Point","coordinates":[-107.7885,37.3361]},"properties":{"s":17.9,"pub":false}},{"type":"Feature","geometry":{"type":"Point","coordinates":[-107.7885,37.3419]},"properties":{"s":17.9,"pub":true}},{"type":"Feature","geometry":{"type":"Point","coordinates":[-107.7885,37.3477]},"properties":{"s":17.9,"pub":true}},{"type":"Feature","geometry":{"type":"Point","coordinates":[-107.7885,37.3535]},"properties":{"s":17.9,"pub":true}},{"type":"Feature","geometry":{"type":"Point","coordinates":[-107.7885,37.3593]},"properties":{"s":17.9,"pub":true}},{"type":"Feature","geometry":{"type":"Point","coordinates":[-107.7885,37.3651]},"properties":{"s":17.9,"pub":true}},{"type":"Feature","geometry":{"type":"Point","coordinates":[-107.7885,37.3709]},"properties":{"s":17.9,"pub":true}},{"type":"Feature","geometry":{"type":"Point","coordinates":[-107.7885,37.3767]},"properties":{"s":17.9,"pub":true}},{"type":"Feature","geometry":{"type":"Point","coordinates":[-107.7885,37.3825]},"properties":{"s":17.9,"pub":true}},{"type":"Feature","geometry":{"type":"Point","coordinates":[-107.7885,37.3883]},"properties":{"s":23.1,"pub":true}},{"type":"Feature","geometry":{"type":"Point","coordinates":[-107.7885,37.3941]},"properties":{"s":23.1,"pub":true}},{"type":"Feature","geometry":{"type":"Point","coordinates":[-107.7885,37.3999]},"properties":{"s":23.1,"pub":true}},{"type":"Feature","geometry":{"type":"Point","coordinates":[-107.7885,37.4057]},"properties":{"s":23.1,"pub":true}},{"type":"Feature","geometry":{"type":"Point","coordinates":[-107.7885,37.4115]},"properties":{"s":23.1,"pub":true}},{"type":"Feature","geometry":{"type":"Point","coordinates":[-107.7885,37.4173]},"properties":{"s":23.1,"pub":true}},{"type":"Feature","geometry":{"type":"Point","coordinates":[-107.7885,37.4231]},"properties":{"s":23.1,"pub":true}},{"type":"Feature","geometry":{"type":"Point","coordinates":[-107.7885,37.4289]},"properties":{"s":23.1,"pub":false}},{"type":"Feature","geometry":{"type":"Point","coordinates":[-107.7885,37.4347]},"properties":{"s":17.9,"pub":false}},{"type":"Feature","geometry":{"type":"Point","coordinates":[-107.7885,37.4405]},"properties":{"s":48.7,"pub":false}},{"type":"Feature","geometry":{"type":"Point","coordinates":[-107.7885,37.4463]},"properties":{"s":48.7,"pub":false}},{"type":"Feature","geometry":{"type":"Point","coordinates":[-107.7885,37.4521]},"properties":{"s":48.7,"pub":false}},{"type":"Feature","geometry":{"type":"Point","coordinates":[-107.7885,37.4579]},"properties":{"s":17.9,"pub":false}},{"type":"Feature","geometry":{"type":"Point","coordinates":[-107.7885,37.4637]},"properties":{"s":17.9,"pub":false}},{"type":"Feature","geometry":{"type":"Point","coordinates":[-107.7885,37.4695]},"properties":{"s":15.4,"pub":false}},{"type":"Feature","geometry":{"type":"Point","coordinates":[-107.7885,37.4753]},"properties":{"s":15.4,"pub":true}},{"type":"Feature","geometry":{"type":"Point","coordinates":[-107.7885,37.4811]},"properties":{"s":15.4,"pub":true}},{"type":"Feature","geometry":{"type":"Point","coordinates":[-107.7885,37.4869]},"properties":{"s":15.4,"pub":true}},{"type":"Feature","geometry":{"type":"Point","coordinates":[-107.7885,37.4927]},"properties":{"s":15.4,"pub":true}},{"type":"Feature","geometry":{"type":"Point","coordinates":[-107.7885,37.4985]},"properties":{"s":15.4,"pub":true}},{"type":"Feature","geometry":{"type":"Point","coordinates":[-107.781,37.2317]},"properties":{"s":23.1,"pub":false}},{"type":"Feature","geometry":{"type":"Point","coordinates":[-107.781,37.2375]},"properties":{"s":23.1,"pub":false}},{"type":"Feature","geometry":{"type":"Point","coordinates":[-107.781,37.2433]},"properties":{"s":23.1,"pub":false}},{"type":"Feature","geometry":{"type":"Point","coordinates":[-107.781,37.2491]},"properties":{"s":23.1,"pub":false}},{"type":"Feature","geometry":{"type":"Point","coordinates":[-107.781,37.2549]},"properties":{"s":23.1,"pub":false}},{"type":"Feature","geometry":{"type":"Point","coordinates":[-107.781,37.2607]},"properties":{"s":23.1,"pub":false}},{"type":"Feature","geometry":{"type":"Point","coordinates":[-107.781,37.2665]},"properties":{"s":23.1,"pub":false}},{"type":"Feature","geometry":{"type":"Point","coordinates":[-107.781,37.2723]},"properties":{"s":23.1,"pub":true}},{"type":"Feature","geometry":{"type":"Point","coordinates":[-107.781,37.2781]},"properties":{"s":23.1,"pub":true}},{"type":"Feature","geometry":{"type":"Point","coordinates":[-107.781,37.2839]},"properties":{"s":23.1,"pub":false}},{"type":"Feature","geometry":{"type":"Point","coordinates":[-107.781,37.2897]},"properties":{"s":23.1,"pub":false}},{"type":"Feature","geometry":{"type":"Point","coordinates":[-107.781,37.2955]},"properties":{"s":23.1,"pub":false}},{"type":"Feature","geometry":{"type":"Point","coordinates":[-107.781,37.3013]},"properties":{"s":17.9,"pub":true}},{"type":"Feature","geometry":{"type":"Point","coordinates":[-107.781,37.3071]},"properties":{"s":17.9,"pub":false}},{"type":"Feature","geometry":{"type":"Point","coordinates":[-107.781,37.3129]},"properties":{"s":17.9,"pub":false}},{"type":"Feature","geometry":{"type":"Point","coordinates":[-107.781,37.3187]},"properties":{"s":17.9,"pub":false}},{"type":"Feature","geometry":{"type":"Point","coordinates":[-107.781,37.3245]},"properties":{"s":17.9,"pub":false}},{"type":"Feature","geometry":{"type":"Point","coordinates":[-107.781,37.3303]},"properties":{"s":17.9,"pub":false}},{"type":"Feature","geometry":{"type":"Point","coordinates":[-107.781,37.3361]},"properties":{"s":17.9,"pub":false}},{"type":"Feature","geometry":{"type":"Point","coordinates":[-107.781,37.3419]},"properties":{"s":17.9,"pub":true}},{"type":"Feature","geometry":{"type":"Point","coordinates":[-107.781,37.3477]},"properties":{"s":17.9,"pub":true}},{"type":"Feature","geometry":{"type":"Point","coordinates":[-107.781,37.3535]},"properties":{"s":17.9,"pub":true}},{"type":"Feature","geometry":{"type":"Point","coordinates":[-107.781,37.3593]},"properties":{"s":17.9,"pub":true}},{"type":"Feature","geometry":{"type":"Point","coordinates":[-107.781,37.3651]},"properties":{"s":17.9,"pub":true}},{"type":"Feature","geometry":{"type":"Point","coordinates":[-107.781,37.3709]},"properties":{"s":17.9,"pub":true}},{"type":"Feature","geometry":{"type":"Point","coordinates":[-107.781,37.3767]},"properties":{"s":17.9,"pub":true}},{"type":"Feature","geometry":{"type":"Point","coordinates":[-107.781,37.3825]},"properties":{"s":17.9,"pub":true}},{"type":"Feature","geometry":{"type":"Point","coordinates":[-107.781,37.3883]},"properties":{"s":17.9,"pub":true}},{"type":"Feature","geometry":{"type":"Point","coordinates":[-107.781,37.3941]},"properties":{"s":23.1,"pub":true}},{"type":"Feature","geometry":{"type":"Point","coordinates":[-107.781,37.3999]},"properties":{"s":23.1,"pub":true}},{"type":"Feature","geometry":{"type":"Point","coordinates":[-107.781,37.4057]},"properties":{"s":23.1,"pub":true}},{"type":"Feature","geometry":{"type":"Point","coordinates":[-107.781,37.4115]},"properties":{"s":23.1,"pub":true}},{"type":"Feature","geometry":{"type":"Point","coordinates":[-107.781,37.4173]},"properties":{"s":23.1,"pub":true}},{"type":"Feature","geometry":{"type":"Point","coordinates":[-107.781,37.4231]},"properties":{"s":23.1,"pub":true}},{"type":"Feature","geometry":{"type":"Point","coordinates":[-107.781,37.4289]},"properties":{"s":23.1,"pub":true}},{"type":"Feature","geometry":{"type":"Point","coordinates":[-107.781,37.4347]},"properties":{"s":23.1,"pub":true}},{"type":"Feature","geometry":{"type":"Point","coordinates":[-107.781,37.4405]},"properties":{"s":17.9,"pub":true}},{"type":"Feature","geometry":{"type":"Point","coordinates":[-107.781,37.4463]},"properties":{"s":17.9,"pub":true}},{"type":"Feature","geometry":{"type":"Point","coordinates":[-107.781,37.4521]},"properties":{"s":17.9,"pub":false}},{"type":"Feature","geometry":{"type":"Point","coordinates":[-107.781,37.4579]},"properties":{"s":17.9,"pub":false}},{"type":"Feature","geometry":{"type":"Point","coordinates":[-107.781,37.4637]},"properties":{"s":17.9,"pub":false}},{"type":"Feature","geometry":{"type":"Point","coordinates":[-107.781,37.4695]},"properties":{"s":17.9,"pub":false}},{"type":"Feature","geometry":{"type":"Point","coordinates":[-107.781,37.4753]},"properties":{"s":15.4,"pub":false}},{"type":"Feature","geometry":{"type":"Point","coordinates":[-107.781,37.4811]},"properties":{"s":15.4,"pub":true}},{"type":"Feature","geometry":{"type":"Point","coordinates":[-107.781,37.4869]},"properties":{"s":15.4,"pub":true}},{"type":"Feature","geometry":{"type":"Point","coordinates":[-107.781,37.4927]},"properties":{"s":15.4,"pub":true}},{"type":"Feature","geometry":{"type":"Point","coordinates":[-107.781,37.4985]},"properties":{"s":15.4,"pub":true}},{"type":"Feature","geometry":{"type":"Point","coordinates":[-107.781,37.5043]},"properties":{"s":15.4,"pub":true}},{"type":"Feature","geometry":{"type":"Point","coordinates":[-107.781,37.5101]},"properties":{"s":15.4,"pub":true}},{"type":"Feature","geometry":{"type":"Point","coordinates":[-107.781,37.5159]},"properties":{"s":15.4,"pub":true}},{"type":"Feature","geometry":{"type":"Point","coordinates":[-107.781,37.5217]},"properties":{"s":15.4,"pub":true}},{"type":"Feature","geometry":{"type":"Point","coordinates":[-107.781,37.5681]},"properties":{"s":15.4,"pub":true}},{"type":"Feature","geometry":{"type":"Point","coordinates":[-107.781,37.5855]},"properties":{"s":15.4,"pub":true}},{"type":"Feature","geometry":{"type":"Point","coordinates":[-107.7735,37.2317]},"properties":{"s":23.1,"pub":false}},{"type":"Feature","geometry":{"type":"Point","coordinates":[-107.7735,37.2375]},"properties":{"s":23.1,"pub":false}},{"type":"Feature","geometry":{"type":"Point","coordinates":[-107.7735,37.2433]},"properties":{"s":23.1,"pub":false}},{"type":"Feature","geometry":{"type":"Point","coordinates":[-107.7735,37.2491]},"properties":{"s":23.1,"pub":false}},{"type":"Feature","geometry":{"type":"Point","coordinates":[-107.7735,37.2549]},"properties":{"s":23.1,"pub":false}},{"type":"Feature","geometry":{"type":"Point","coordinates":[-107.7735,37.2607]},"properties":{"s":23.1,"pub":false}},{"type":"Feature","geometry":{"type":"Point","coordinates":[-107.7735,37.2665]},"properties":{"s":23.1,"pub":false}},{"type":"Feature","geometry":{"type":"Point","coordinates":[-107.7735,37.2723]},"properties":{"s":23.1,"pub":true}},{"type":"Feature","geometry":{"type":"Point","coordinates":[-107.7735,37.2781]},"properties":{"s":23.1,"pub":true}},{"type":"Feature","geometry":{"type":"Point","coordinates":[-107.7735,37.2839]},"properties":{"s":23.1,"pub":false}},{"type":"Feature","geometry":{"type":"Point","coordinates":[-107.7735,37.2897]},"properties":{"s":23.1,"pub":false}},{"type":"Feature","geometry":{"type":"Point","coordinates":[-107.7735,37.2955]},"properties":{"s":23.1,"pub":false}},{"type":"Feature","geometry":{"type":"Point","coordinates":[-107.7735,37.3013]},"properties":{"s":25.6,"pub":false}},{"type":"Feature","geometry":{"type":"Point","coordinates":[-107.7735,37.3071]},"properties":{"s":20.5,"pub":false}},{"type":"Feature","geometry":{"type":"Point","coordinates":[-107.7735,37.3129]},"properties":{"s":17.9,"pub":false}},{"type":"Feature","geometry":{"type":"Point","coordinates":[-107.7735,37.3187]},"properties":{"s":17.9,"pub":false}},{"type":"Feature","geometry":{"type":"Point","coordinates":[-107.7735,37.3245]},"properties":{"s":17.9,"pub":false}},{"type":"Feature","geometry":{"type":"Point","coordinates":[-107.7735,37.3303]},"properties":{"s":17.9,"pub":false}},{"type":"Feature","geometry":{"type":"Point","coordinates":[-107.7735,37.3361]},"properties":{"s":17.9,"pub":false}},{"type":"Feature","geometry":{"type":"Point","coordinates":[-107.7735,37.3419]},"properties":{"s":17.9,"pub":true}},{"type":"Feature","geometry":{"type":"Point","coordinates":[-107.7735,37.3477]},"properties":{"s":17.9,"pub":true}},{"type":"Feature","geometry":{"type":"Point","coordinates":[-107.7735,37.3535]},"properties":{"s":17.9,"pub":true}},{"type":"Feature","geometry":{"type":"Point","coordinates":[-107.7735,37.3593]},"properties":{"s":17.9,"pub":true}},{"type":"Feature","geometry":{"type":"Point","coordinates":[-107.7735,37.3651]},"properties":{"s":17.9,"pub":true}},{"type":"Feature","geometry":{"type":"Point","coordinates":[-107.7735,37.3709]},"properties":{"s":17.9,"pub":true}},{"type":"Feature","geometry":{"type":"Point","coordinates":[-107.7735,37.3767]},"properties":{"s":17.9,"pub":true}},{"type":"Feature","geometry":{"type":"Point","coordinates":[-107.7735,37.3825]},"properties":{"s":17.9,"pub":true}},{"type":"Feature","geometry":{"type":"Point","coordinates":[-107.7735,37.3883]},"properties":{"s":17.9,"pub":true}},{"type":"Feature","geometry":{"type":"Point","coordinates":[-107.7735,37.3941]},"properties":{"s":17.9,"pub":true}},{"type":"Feature","geometry":{"type":"Point","coordinates":[-107.7735,37.3999]},"properties":{"s":17.9,"pub":true}},{"type":"Feature","geometry":{"type":"Point","coordinates":[-107.7735,37.4057]},"properties":{"s":17.9,"pub":true}},{"type":"Feature","geometry":{"type":"Point","coordinates":[-107.7735,37.4115]},"properties":{"s":17.9,"pub":true}},{"type":"Feature","geometry":{"type":"Point","coordinates":[-107.7735,37.4173]},"properties":{"s":17.9,"pub":true}},{"type":"Feature","geometry":{"type":"Point","coordinates":[-107.7735,37.4231]},"properties":{"s":23.1,"pub":true}},{"type":"Feature","geometry":{"type":"Point","coordinates":[-107.7735,37.4289]},"properties":{"s":23.1,"pub":true}},{"type":"Feature","geometry":{"type":"Point","coordinates":[-107.7735,37.4347]},"properties":{"s":23.1,"pub":true}},{"type":"Feature","geometry":{"type":"Point","coordinates":[-107.7735,37.4405]},"properties":{"s":17.9,"pub":true}},{"type":"Feature","geometry":{"type":"Point","coordinates":[-107.7735,37.4463]},"properties":{"s":17.9,"pub":true}},{"type":"Feature","geometry":{"type":"Point","coordinates":[-107.7735,37.4521]},"properties":{"s":17.9,"pub":false}},{"type":"Feature","geometry":{"type":"Point","coordinates":[-107.7735,37.4579]},"properties":{"s":17.9,"pub":false}},{"type":"Feature","geometry":{"type":"Point","coordinates":[-107.7735,37.4637]},"properties":{"s":17.9,"pub":false}},{"type":"Feature","geometry":{"type":"Point","coordinates":[-107.7735,37.4695]},"properties":{"s":17.9,"pub":false}},{"type":"Feature","geometry":{"type":"Point","coordinates":[-107.7735,37.4753]},"properties":{"s":17.9,"pub":false}},{"type":"Feature","geometry":{"type":"Point","coordinates":[-107.7735,37.4811]},"properties":{"s":15.4,"pub":true}},{"type":"Feature","geometry":{"type":"Point","coordinates":[-107.7735,37.4869]},"properties":{"s":15.4,"pub":true}},{"type":"Feature","geometry":{"type":"Point","coordinates":[-107.7735,37.4927]},"properties":{"s":15.4,"pub":true}},{"type":"Feature","geometry":{"type":"Point","coordinates":[-107.7735,37.4985]},"properties":{"s":15.4,"pub":true}},{"type":"Feature","geometry":{"type":"Point","coordinates":[-107.7735,37.5043]},"properties":{"s":15.4,"pub":true}},{"type":"Feature","geometry":{"type":"Point","coordinates":[-107.7735,37.5101]},"properties":{"s":15.4,"pub":true}},{"type":"Feature","geometry":{"type":"Point","coordinates":[-107.7735,37.5159]},"properties":{"s":15.4,"pub":true}},{"type":"Feature","geometry":{"type":"Point","coordinates":[-107.7735,37.5217]},"properties":{"s":15.4,"pub":true}},{"type":"Feature","geometry":{"type":"Point","coordinates":[-107.7735,37.5275]},"properties":{"s":15.4,"pub":true}},{"type":"Feature","geometry":{"type":"Point","coordinates":[-107.7735,37.5333]},"properties":{"s":15.4,"pub":true}},{"type":"Feature","geometry":{"type":"Point","coordinates":[-107.7735,37.5391]},"properties":{"s":15.4,"pub":true}},{"type":"Feature","geometry":{"type":"Point","coordinates":[-107.7735,37.5449]},"properties":{"s":15.4,"pub":true}},{"type":"Feature","geometry":{"type":"Point","coordinates":[-107.7735,37.5507]},"properties":{"s":15.4,"pub":true}},{"type":"Feature","geometry":{"type":"Point","coordinates":[-107.7735,37.5565]},"properties":{"s":15.4,"pub":true}},{"type":"Feature","geometry":{"type":"Point","coordinates":[-107.7735,37.5623]},"properties":{"s":15.4,"pub":true}},{"type":"Feature","geometry":{"type":"Point","coordinates":[-107.7735,37.5681]},"properties":{"s":15.4,"pub":true}},{"type":"Feature","geometry":{"type":"Point","coordinates":[-107.7735,37.5739]},"properties":{"s":15.4,"pub":true}},{"type":"Feature","geometry":{"type":"Point","coordinates":[-107.7735,37.5797]},"properties":{"s":15.4,"pub":true}},{"type":"Feature","geometry":{"type":"Point","coordinates":[-107.7735,37.5855]},"properties":{"s":15.4,"pub":true}},{"type":"Feature","geometry":{"type":"Point","coordinates":[-107.7735,37.5913]},"properties":{"s":15.4,"pub":true}},{"type":"Feature","geometry":{"type":"Point","coordinates":[-107.7735,37.5971]},"properties":{"s":15.4,"pub":true}},{"type":"Feature","geometry":{"type":"Point","coordinates":[-107.766,37.2317]},"properties":{"s":23.1,"pub":false}},{"type":"Feature","geometry":{"type":"Point","coordinates":[-107.766,37.2375]},"properties":{"s":23.1,"pub":false}},{"type":"Feature","geometry":{"type":"Point","coordinates":[-107.766,37.2433]},"properties":{"s":23.1,"pub":false}},{"type":"Feature","geometry":{"type":"Point","coordinates":[-107.766,37.2491]},"properties":{"s":23.1,"pub":false}},{"type":"Feature","geometry":{"type":"Point","coordinates":[-107.766,37.2549]},"properties":{"s":23.1,"pub":false}},{"type":"Feature","geometry":{"type":"Point","coordinates":[-107.766,37.2607]},"properties":{"s":23.1,"pub":false}},{"type":"Feature","geometry":{"type":"Point","coordinates":[-107.766,37.2665]},"properties":{"s":23.1,"pub":false}},{"type":"Feature","geometry":{"type":"Point","coordinates":[-107.766,37.2723]},"properties":{"s":23.1,"pub":false}},{"type":"Feature","geometry":{"type":"Point","coordinates":[-107.766,37.2781]},"properties":{"s":23.1,"pub":false}},{"type":"Feature","geometry":{"type":"Point","coordinates":[-107.766,37.2839]},"properties":{"s":23.1,"pub":false}},{"type":"Feature","geometry":{"type":"Point","coordinates":[-107.766,37.2897]},"properties":{"s":23.1,"pub":false}},{"type":"Feature","geometry":{"type":"Point","coordinates":[-107.766,37.2955]},"properties":{"s":23.1,"pub":false}},{"type":"Feature","geometry":{"type":"Point","coordinates":[-107.766,37.3013]},"properties":{"s":25.6,"pub":false}},{"type":"Feature","geometry":{"type":"Point","coordinates":[-107.766,37.3071]},"properties":{"s":25.6,"pub":true}},{"type":"Feature","geometry":{"type":"Point","coordinates":[-107.766,37.3129]},"properties":{"s":20.5,"pub":true}},{"type":"Feature","geometry":{"type":"Point","coordinates":[-107.766,37.3187]},"properties":{"s":17.9,"pub":false}},{"type":"Feature","geometry":{"type":"Point","coordinates":[-107.766,37.3245]},"properties":{"s":17.9,"pub":false}},{"type":"Feature","geometry":{"type":"Point","coordinates":[-107.766,37.3303]},"properties":{"s":17.9,"pub":false}},{"type":"Feature","geometry":{"type":"Point","coordinates":[-107.766,37.3361]},"properties":{"s":17.9,"pub":false}},{"type":"Feature","geometry":{"type":"Point","coordinates":[-107.766,37.3419]},"properties":{"s":17.9,"pub":true}},{"type":"Feature","geometry":{"type":"Point","coordinates":[-107.766,37.3477]},"properties":{"s":17.9,"pub":true}},{"type":"Feature","geometry":{"type":"Point","coordinates":[-107.766,37.3535]},"properties":{"s":17.9,"pub":true}},{"type":"Feature","geometry":{"type":"Point","coordinates":[-107.766,37.3593]},"properties":{"s":17.9,"pub":true}},{"type":"Feature","geometry":{"type":"Point","coordinates":[-107.766,37.3651]},"properties":{"s":17.9,"pub":true}},{"type":"Feature","geometry":{"type":"Point","coordinates":[-107.766,37.3709]},"properties":{"s":17.9,"pub":true}},{"type":"Feature","geometry":{"type":"Point","coordinates":[-107.766,37.3767]},"properties":{"s":17.9,"pub":true}},{"type":"Feature","geometry":{"type":"Point","coordinates":[-107.766,37.3825]},"properties":{"s":17.9,"pub":true}},{"type":"Feature","geometry":{"type":"Point","coordinates":[-107.766,37.3883]},"properties":{"s":17.9,"pub":true}},{"type":"Feature","geometry":{"type":"Point","coordinates":[-107.766,37.3941]},"properties":{"s":17.9,"pub":true}},{"type":"Feature","geometry":{"type":"Point","coordinates":[-107.766,37.3999]},"properties":{"s":17.9,"pub":true}},{"type":"Feature","geometry":{"type":"Point","coordinates":[-107.766,37.4057]},"properties":{"s":17.9,"pub":true}},{"type":"Feature","geometry":{"type":"Point","coordinates":[-107.766,37.4115]},"properties":{"s":17.9,"pub":true}},{"type":"Feature","geometry":{"type":"Point","coordinates":[-107.766,37.4173]},"properties":{"s":17.9,"pub":true}},{"type":"Feature","geometry":{"type":"Point","coordinates":[-107.766,37.4231]},"properties":{"s":17.9,"pub":true}},{"type":"Feature","geometry":{"type":"Point","coordinates":[-107.766,37.4289]},"properties":{"s":17.9,"pub":true}},{"type":"Feature","geometry":{"type":"Point","coordinates":[-107.766,37.4347]},"properties":{"s":17.9,"pub":true}},{"type":"Feature","geometry":{"type":"Point","coordinates":[-107.766,37.4405]},"properties":{"s":17.9,"pub":true}},{"type":"Feature","geometry":{"type":"Point","coordinates":[-107.766,37.4463]},"properties":{"s":17.9,"pub":true}},{"type":"Feature","geometry":{"type":"Point","coordinates":[-107.766,37.4521]},"properties":{"s":17.9,"pub":false}},{"type":"Feature","geometry":{"type":"Point","coordinates":[-107.766,37.4579]},"properties":{"s":17.9,"pub":false}},{"type":"Feature","geometry":{"type":"Point","coordinates":[-107.766,37.4637]},"properties":{"s":17.9,"pub":false}},{"type":"Feature","geometry":{"type":"Point","coordinates":[-107.766,37.4695]},"properties":{"s":17.9,"pub":true}},{"type":"Feature","geometry":{"type":"Point","coordinates":[-107.766,37.4753]},"properties":{"s":17.9,"pub":true}},{"type":"Feature","geometry":{"type":"Point","coordinates":[-107.766,37.4811]},"properties":{"s":17.9,"pub":true}},{"type":"Feature","geometry":{"type":"Point","coordinates":[-107.766,37.4869]},"properties":{"s":15.4,"pub":true}},{"type":"Feature","geometry":{"type":"Point","coordinates":[-107.766,37.4927]},"properties":{"s":15.4,"pub":true}},{"type":"Feature","geometry":{"type":"Point","coordinates":[-107.766,37.4985]},"properties":{"s":15.4,"pub":true}},{"type":"Feature","geometry":{"type":"Point","coordinates":[-107.766,37.5043]},"properties":{"s":15.4,"pub":true}},{"type":"Feature","geometry":{"type":"Point","coordinates":[-107.766,37.5101]},"properties":{"s":15.4,"pub":true}},{"type":"Feature","geometry":{"type":"Point","coordinates":[-107.766,37.5159]},"properties":{"s":15.4,"pub":true}},{"type":"Feature","geometry":{"type":"Point","coordinates":[-107.766,37.5217]},"properties":{"s":15.4,"pub":true}},{"type":"Feature","geometry":{"type":"Point","coordinates":[-107.766,37.5275]},"properties":{"s":15.4,"pub":true}},{"type":"Feature","geometry":{"type":"Point","coordinates":[-107.766,37.5333]},"properties":{"s":15.4,"pub":true}},{"type":"Feature","geometry":{"type":"Point","coordinates":[-107.766,37.5391]},"properties":{"s":15.4,"pub":true}},{"type":"Feature","geometry":{"type":"Point","coordinates":[-107.766,37.5449]},"properties":{"s":15.4,"pub":true}},{"type":"Feature","geometry":{"type":"Point","coordinates":[-107.766,37.5507]},"properties":{"s":15.4,"pub":true}},{"type":"Feature","geometry":{"type":"Point","coordinates":[-107.766,37.5565]},"properties":{"s":15.4,"pub":true}},{"type":"Feature","geometry":{"type":"Point","coordinates":[-107.766,37.5623]},"properties":{"s":15.4,"pub":true}},{"type":"Feature","geometry":{"type":"Point","coordinates":[-107.766,37.5681]},"properties":{"s":15.4,"pub":true}},{"type":"Feature","geometry":{"type":"Point","coordinates":[-107.766,37.5739]},"properties":{"s":15.4,"pub":true}},{"type":"Feature","geometry":{"type":"Point","coordinates":[-107.766,37.5797]},"properties":{"s":15.4,"pub":true}},{"type":"Feature","geometry":{"type":"Point","coordinates":[-107.766,37.5855]},"properties":{"s":15.4,"pub":true}},{"type":"Feature","geometry":{"type":"Point","coordinates":[-107.766,37.5913]},"properties":{"s":15.4,"pub":true}},{"type":"Feature","geometry":{"type":"Point","coordinates":[-107.766,37.5971]},"properties":{"s":15.4,"pub":true}},{"type":"Feature","geometry":{"type":"Point","coordinates":[-107.7585,37.2317]},"properties":{"s":23.1,"pub":false}},{"type":"Feature","geometry":{"type":"Point","coordinates":[-107.7585,37.2375]},"properties":{"s":23.1,"pub":false}},{"type":"Feature","geometry":{"type":"Point","coordinates":[-107.7585,37.2433]},"properties":{"s":23.1,"pub":false}},{"type":"Feature","geometry":{"type":"Point","coordinates":[-107.7585,37.2491]},"properties":{"s":23.1,"pub":false}},{"type":"Feature","geometry":{"type":"Point","coordinates":[-107.7585,37.2549]},"properties":{"s":23.1,"pub":false}},{"type":"Feature","geometry":{"type":"Point","coordinates":[-107.7585,37.2607]},"properties":{"s":23.1,"pub":false}},{"type":"Feature","geometry":{"type":"Point","coordinates":[-107.7585,37.2665]},"properties":{"s":23.1,"pub":false}},{"type":"Feature","geometry":{"type":"Point","coordinates":[-107.7585,37.2723]},"properties":{"s":23.1,"pub":false}},{"type":"Feature","geometry":{"type":"Point","coordinates":[-107.7585,37.2781]},"properties":{"s":23.1,"pub":false}},{"type":"Feature","geometry":{"type":"Point","coordinates":[-107.7585,37.2839]},"properties":{"s":23.1,"pub":false}},{"type":"Feature","geometry":{"type":"Point","coordinates":[-107.7585,37.2897]},"properties":{"s":23.1,"pub":false}},{"type":"Feature","geometry":{"type":"Point","coordinates":[-107.7585,37.2955]},"properties":{"s":23.1,"pub":true}},{"type":"Feature","geometry":{"type":"Point","coordinates":[-107.7585,37.3013]},"properties":{"s":23.1,"pub":true}},{"type":"Feature","geometry":{"type":"Point","coordinates":[-107.7585,37.3071]},"properties":{"s":25.6,"pub":true}},{"type":"Feature","geometry":{"type":"Point","coordinates":[-107.7585,37.3129]},"properties":{"s":25.6,"pub":true}},{"type":"Feature","geometry":{"type":"Point","coordinates":[-107.7585,37.3187]},"properties":{"s":17.9,"pub":false}},{"type":"Feature","geometry":{"type":"Point","coordinates":[-107.7585,37.3245]},"properties":{"s":17.9,"pub":false}},{"type":"Feature","geometry":{"type":"Point","coordinates":[-107.7585,37.3303]},"properties":{"s":17.9,"pub":false}},{"type":"Feature","geometry":{"type":"Point","coordinates":[-107.7585,37.3361]},"properties":{"s":17.9,"pub":false}},{"type":"Feature","geometry":{"type":"Point","coordinates":[-107.7585,37.3419]},"properties":{"s":17.9,"pub":true}},{"type":"Feature","geometry":{"type":"Point","coordinates":[-107.7585,37.3477]},"properties":{"s":17.9,"pub":true}},{"type":"Feature","geometry":{"type":"Point","coordinates":[-107.7585,37.3535]},"properties":{"s":17.9,"pub":true}},{"type":"Feature","geometry":{"type":"Point","coordinates":[-107.7585,37.3593]},"properties":{"s":17.9,"pub":true}},{"type":"Feature","geometry":{"type":"Point","coordinates":[-107.7585,37.3651]},"properties":{"s":17.9,"pub":true}},{"type":"Feature","geometry":{"type":"Point","coordinates":[-107.7585,37.3709]},"properties":{"s":17.9,"pub":true}},{"type":"Feature","geometry":{"type":"Point","coordinates":[-107.7585,37.3767]},"properties":{"s":17.9,"pub":true}},{"type":"Feature","geometry":{"type":"Point","coordinates":[-107.7585,37.3825]},"properties":{"s":17.9,"pub":true}},{"type":"Feature","geometry":{"type":"Point","coordinates":[-107.7585,37.3883]},"properties":{"s":17.9,"pub":true}},{"type":"Feature","geometry":{"type":"Point","coordinates":[-107.7585,37.3941]},"properties":{"s":17.9,"pub":true}},{"type":"Feature","geometry":{"type":"Point","coordinates":[-107.7585,37.3999]},"properties":{"s":17.9,"pub":true}},{"type":"Feature","geometry":{"type":"Point","coordinates":[-107.7585,37.4057]},"properties":{"s":17.9,"pub":true}},{"type":"Feature","geometry":{"type":"Point","coordinates":[-107.7585,37.4115]},"properties":{"s":17.9,"pub":true}},{"type":"Feature","geometry":{"type":"Point","coordinates":[-107.7585,37.4173]},"properties":{"s":17.9,"pub":true}},{"type":"Feature","geometry":{"type":"Point","coordinates":[-107.7585,37.4231]},"properties":{"s":17.9,"pub":true}},{"type":"Feature","geometry":{"type":"Point","coordinates":[-107.7585,37.4289]},"properties":{"s":17.9,"pub":true}},{"type":"Feature","geometry":{"type":"Point","coordinates":[-107.7585,37.4347]},"properties":{"s":17.9,"pub":true}},{"type":"Feature","geometry":{"type":"Point","coordinates":[-107.7585,37.4405]},"properties":{"s":17.9,"pub":true}},{"type":"Feature","geometry":{"type":"Point","coordinates":[-107.7585,37.4463]},"properties":{"s":17.9,"pub":true}},{"type":"Feature","geometry":{"type":"Point","coordinates":[-107.7585,37.4521]},"properties":{"s":17.9,"pub":true}},{"type":"Feature","geometry":{"type":"Point","coordinates":[-107.7585,37.4579]},"properties":{"s":17.9,"pub":false}},{"type":"Feature","geometry":{"type":"Point","coordinates":[-107.7585,37.4637]},"properties":{"s":17.9,"pub":false}},{"type":"Feature","geometry":{"type":"Point","coordinates":[-107.7585,37.4695]},"properties":{"s":17.9,"pub":true}},{"type":"Feature","geometry":{"type":"Point","coordinates":[-107.7585,37.4753]},"properties":{"s":17.9,"pub":true}},{"type":"Feature","geometry":{"type":"Point","coordinates":[-107.7585,37.4811]},"properties":{"s":17.9,"pub":true}},{"type":"Feature","geometry":{"type":"Point","coordinates":[-107.7585,37.4869]},"properties":{"s":17.9,"pub":true}},{"type":"Feature","geometry":{"type":"Point","coordinates":[-107.7585,37.4927]},"properties":{"s":15.4,"pub":true}},{"type":"Feature","geometry":{"type":"Point","coordinates":[-107.7585,37.4985]},"properties":{"s":15.4,"pub":true}},{"type":"Feature","geometry":{"type":"Point","coordinates":[-107.7585,37.5043]},"properties":{"s":15.4,"pub":true}},{"type":"Feature","geometry":{"type":"Point","coordinates":[-107.7585,37.5101]},"properties":{"s":15.4,"pub":true}},{"type":"Feature","geometry":{"type":"Point","coordinates":[-107.7585,37.5159]},"properties":{"s":15.4,"pub":true}},{"type":"Feature","geometry":{"type":"Point","coordinates":[-107.7585,37.5217]},"properties":{"s":15.4,"pub":true}},{"type":"Feature","geometry":{"type":"Point","coordinates":[-107.7585,37.5275]},"properties":{"s":15.4,"pub":true}},{"type":"Feature","geometry":{"type":"Point","coordinates":[-107.7585,37.5333]},"properties":{"s":15.4,"pub":true}},{"type":"Feature","geometry":{"type":"Point","coordinates":[-107.7585,37.5391]},"properties":{"s":15.4,"pub":true}},{"type":"Feature","geometry":{"type":"Point","coordinates":[-107.7585,37.5449]},"properties":{"s":15.4,"pub":true}},{"type":"Feature","geometry":{"type":"Point","coordinates":[-107.7585,37.5507]},"properties":{"s":15.4,"pub":true}},{"type":"Feature","geometry":{"type":"Point","coordinates":[-107.7585,37.5565]},"properties":{"s":15.4,"pub":true}},{"type":"Feature","geometry":{"type":"Point","coordinates":[-107.7585,37.5623]},"properties":{"s":15.4,"pub":true}},{"type":"Feature","geometry":{"type":"Point","coordinates":[-107.7585,37.5681]},"properties":{"s":15.4,"pub":true}},{"type":"Feature","geometry":{"type":"Point","coordinates":[-107.7585,37.5739]},"properties":{"s":15.4,"pub":true}},{"type":"Feature","geometry":{"type":"Point","coordinates":[-107.7585,37.5797]},"properties":{"s":15.4,"pub":true}},{"type":"Feature","geometry":{"type":"Point","coordinates":[-107.7585,37.5855]},"properties":{"s":15.4,"pub":true}},{"type":"Feature","geometry":{"type":"Point","coordinates":[-107.7585,37.5913]},"properties":{"s":15.4,"pub":true}},{"type":"Feature","geometry":{"type":"Point","coordinates":[-107.7585,37.5971]},"properties":{"s":15.4,"pub":true}},{"type":"Feature","geometry":{"type":"Point","coordinates":[-107.7585,37.6029]},"properties":{"s":15.4,"pub":true}},{"type":"Feature","geometry":{"type":"Point","coordinates":[-107.751,37.2317]},"properties":{"s":23.1,"pub":false}},{"type":"Feature","geometry":{"type":"Point","coordinates":[-107.751,37.2375]},"properties":{"s":23.1,"pub":false}},{"type":"Feature","geometry":{"type":"Point","coordinates":[-107.751,37.2433]},"properties":{"s":23.1,"pub":false}},{"type":"Feature","geometry":{"type":"Point","coordinates":[-107.751,37.2491]},"properties":{"s":23.1,"pub":false}},{"type":"Feature","geometry":{"type":"Point","coordinates":[-107.751,37.2549]},"properties":{"s":23.1,"pub":false}},{"type":"Feature","geometry":{"type":"Point","coordinates":[-107.751,37.2607]},"properties":{"s":23.1,"pub":false}},{"type":"Feature","geometry":{"type":"Point","coordinates":[-107.751,37.2665]},"properties":{"s":23.1,"pub":false}},{"type":"Feature","geometry":{"type":"Point","coordinates":[-107.751,37.2723]},"properties":{"s":23.1,"pub":false}},{"type":"Feature","geometry":{"type":"Point","coordinates":[-107.751,37.2781]},"properties":{"s":23.1,"pub":false}},{"type":"Feature","geometry":{"type":"Point","coordinates":[-107.751,37.2839]},"properties":{"s":23.1,"pub":false}},{"type":"Feature","geometry":{"type":"Point","coordinates":[-107.751,37.2897]},"properties":{"s":23.1,"pub":true}},{"type":"Feature","geometry":{"type":"Point","coordinates":[-107.751,37.2955]},"properties":{"s":23.1,"pub":true}},{"type":"Feature","geometry":{"type":"Point","coordinates":[-107.751,37.3013]},"properties":{"s":23.1,"pub":true}},{"type":"Feature","geometry":{"type":"Point","coordinates":[-107.751,37.3071]},"properties":{"s":25.6,"pub":true}},{"type":"Feature","geometry":{"type":"Point","coordinates":[-107.751,37.3129]},"properties":{"s":25.6,"pub":true}},{"type":"Feature","geometry":{"type":"Point","coordinates":[-107.751,37.3187]},"properties":{"s":41.0,"pub":true}},{"type":"Feature","geometry":{"type":"Point","coordinates":[-107.751,37.3245]},"properties":{"s":17.9,"pub":false}},{"type":"Feature","geometry":{"type":"Point","coordinates":[-107.751,37.3303]},"properties":{"s":17.9,"pub":false}},{"type":"Feature","geometry":{"type":"Point","coordinates":[-107.751,37.3361]},"properties":{"s":17.9,"pub":false}},{"type":"Feature","geometry":{"type":"Point","coordinates":[-107.751,37.3419]},"properties":{"s":17.9,"pub":true}},{"type":"Feature","geometry":{"type":"Point","coordinates":[-107.751,37.3477]},"properties":{"s":17.9,"pub":true}},{"type":"Feature","geometry":{"type":"Point","coordinates":[-107.751,37.3535]},"properties":{"s":17.9,"pub":true}},{"type":"Feature","geometry":{"type":"Point","coordinates":[-107.751,37.3593]},"properties":{"s":17.9,"pub":true}},{"type":"Feature","geometry":{"type":"Point","coordinates":[-107.751,37.3651]},"properties":{"s":17.9,"pub":true}},{"type":"Feature","geometry":{"type":"Point","coordinates":[-107.751,37.3709]},"properties":{"s":17.9,"pub":true}},{"type":"Feature","geometry":{"type":"Point","coordinates":[-107.751,37.3767]},"properties":{"s":17.9,"pub":true}},{"type":"Feature","geometry":{"type":"Point","coordinates":[-107.751,37.3825]},"properties":{"s":17.9,"pub":true}},{"type":"Feature","geometry":{"type":"Point","coordinates":[-107.751,37.3883]},"properties":{"s":17.9,"pub":true}},{"type":"Feature","geometry":{"type":"Point","coordinates":[-107.751,37.3941]},"properties":{"s":17.9,"pub":true}},{"type":"Feature","geometry":{"type":"Point","coordinates":[-107.751,37.3999]},"properties":{"s":17.9,"pub":true}},{"type":"Feature","geometry":{"type":"Point","coordinates":[-107.751,37.4057]},"properties":{"s":17.9,"pub":true}},{"type":"Feature","geometry":{"type":"Point","coordinates":[-107.751,37.4115]},"properties":{"s":17.9,"pub":true}},{"type":"Feature","geometry":{"type":"Point","coordinates":[-107.751,37.4173]},"properties":{"s":17.9,"pub":true}},{"type":"Feature","geometry":{"type":"Point","coordinates":[-107.751,37.4231]},"properties":{"s":17.9,"pub":true}},{"type":"Feature","geometry":{"type":"Point","coordinates":[-107.751,37.4289]},"properties":{"s":17.9,"pub":true}},{"type":"Feature","geometry":{"type":"Point","coordinates":[-107.751,37.4347]},"properties":{"s":17.9,"pub":true}},{"type":"Feature","geometry":{"type":"Point","coordinates":[-107.751,37.4405]},"properties":{"s":17.9,"pub":true}},{"type":"Feature","geometry":{"type":"Point","coordinates":[-107.751,37.4463]},"properties":{"s":17.9,"pub":true}},{"type":"Feature","geometry":{"type":"Point","coordinates":[-107.751,37.4521]},"properties":{"s":17.9,"pub":true}},{"type":"Feature","geometry":{"type":"Point","coordinates":[-107.751,37.4579]},"properties":{"s":17.9,"pub":true}},{"type":"Feature","geometry":{"type":"Point","coordinates":[-107.751,37.4637]},"properties":{"s":17.9,"pub":true}},{"type":"Feature","geometry":{"type":"Point","coordinates":[-107.751,37.4695]},"properties":{"s":17.9,"pub":true}},{"type":"Feature","geometry":{"type":"Point","coordinates":[-107.751,37.4753]},"properties":{"s":17.9,"pub":true}},{"type":"Feature","geometry":{"type":"Point","coordinates":[-107.751,37.4811]},"properties":{"s":17.9,"pub":true}},{"type":"Feature","geometry":{"type":"Point","coordinates":[-107.751,37.4869]},"properties":{"s":17.9,"pub":true}},{"type":"Feature","geometry":{"type":"Point","coordinates":[-107.751,37.4927]},"properties":{"s":17.9,"pub":true}},{"type":"Feature","geometry":{"type":"Point","coordinates":[-107.751,37.4985]},"properties":{"s":15.4,"pub":true}},{"type":"Feature","geometry":{"type":"Point","coordinates":[-107.751,37.5043]},"properties":{"s":15.4,"pub":true}},{"type":"Feature","geometry":{"type":"Point","coordinates":[-107.751,37.5101]},"properties":{"s":15.4,"pub":true}},{"type":"Feature","geometry":{"type":"Point","coordinates":[-107.751,37.5159]},"properties":{"s":15.4,"pub":true}},{"type":"Feature","geometry":{"type":"Point","coordinates":[-107.751,37.5217]},"properties":{"s":15.4,"pub":true}},{"type":"Feature","geometry":{"type":"Point","coordinates":[-107.751,37.5275]},"properties":{"s":17.9,"pub":true}},{"type":"Feature","geometry":{"type":"Point","coordinates":[-107.751,37.5333]},"properties":{"s":15.4,"pub":true}},{"type":"Feature","geometry":{"type":"Point","coordinates":[-107.751,37.5391]},"properties":{"s":15.4,"pub":true}},{"type":"Feature","geometry":{"type":"Point","coordinates":[-107.751,37.5449]},"properties":{"s":15.4,"pub":true}},{"type":"Feature","geometry":{"type":"Point","coordinates":[-107.751,37.5507]},"properties":{"s":15.4,"pub":true}},{"type":"Feature","geometry":{"type":"Point","coordinates":[-107.751,37.5565]},"properties":{"s":15.4,"pub":true}},{"type":"Feature","geometry":{"type":"Point","coordinates":[-107.751,37.5623]},"properties":{"s":15.4,"pub":true}},{"type":"Feature","geometry":{"type":"Point","coordinates":[-107.751,37.5681]},"properties":{"s":15.4,"pub":true}},{"type":"Feature","geometry":{"type":"Point","coordinates":[-107.751,37.5739]},"properties":{"s":15.4,"pub":true}},{"type":"Feature","geometry":{"type":"Point","coordinates":[-107.751,37.5797]},"properties":{"s":15.4,"pub":true}},{"type":"Feature","geometry":{"type":"Point","coordinates":[-107.751,37.5855]},"properties":{"s":15.4,"pub":true}},{"type":"Feature","geometry":{"type":"Point","coordinates":[-107.751,37.5913]},"properties":{"s":15.4,"pub":true}},{"type":"Feature","geometry":{"type":"Point","coordinates":[-107.751,37.5971]},"properties":{"s":15.4,"pub":true}},{"type":"Feature","geometry":{"type":"Point","coordinates":[-107.751,37.6029]},"properties":{"s":15.4,"pub":true}},{"type":"Feature","geometry":{"type":"Point","coordinates":[-107.7435,37.2317]},"properties":{"s":23.1,"pub":false}},{"type":"Feature","geometry":{"type":"Point","coordinates":[-107.7435,37.2375]},"properties":{"s":23.1,"pub":false}},{"type":"Feature","geometry":{"type":"Point","coordinates":[-107.7435,37.2433]},"properties":{"s":23.1,"pub":false}},{"type":"Feature","geometry":{"type":"Point","coordinates":[-107.7435,37.2491]},"properties":{"s":23.1,"pub":false}},{"type":"Feature","geometry":{"type":"Point","coordinates":[-107.7435,37.2549]},"properties":{"s":23.1,"pub":false}},{"type":"Feature","geometry":{"type":"Point","coordinates":[-107.7435,37.2607]},"properties":{"s":23.1,"pub":false}},{"type":"Feature","geometry":{"type":"Point","coordinates":[-107.7435,37.2665]},"properties":{"s":23.1,"pub":false}},{"type":"Feature","geometry":{"type":"Point","coordinates":[-107.7435,37.2723]},"properties":{"s":23.1,"pub":false}},{"type":"Feature","geometry":{"type":"Point","coordinates":[-107.7435,37.2781]},"properties":{"s":23.1,"pub":false}},{"type":"Feature","geometry":{"type":"Point","coordinates":[-107.7435,37.2839]},"properties":{"s":23.1,"pub":false}},{"type":"Feature","geometry":{"type":"Point","coordinates":[-107.7435,37.2897]},"properties":{"s":23.1,"pub":false}},{"type":"Feature","geometry":{"type":"Point","coordinates":[-107.7435,37.2955]},"properties":{"s":23.1,"pub":true}},{"type":"Feature","geometry":{"type":"Point","coordinates":[-107.7435,37.3013]},"properties":{"s":23.1,"pub":true}},{"type":"Feature","geometry":{"type":"Point","coordinates":[-107.7435,37.3071]},"properties":{"s":23.1,"pub":true}},{"type":"Feature","geometry":{"type":"Point","coordinates":[-107.7435,37.3129]},"properties":{"s":25.6,"pub":true}},{"type":"Feature","geometry":{"type":"Point","coordinates":[-107.7435,37.3187]},"properties":{"s":46.2,"pub":false}},{"type":"Feature","geometry":{"type":"Point","coordinates":[-107.7435,37.3245]},"properties":{"s":17.9,"pub":false}},{"type":"Feature","geometry":{"type":"Point","coordinates":[-107.7435,37.3303]},"properties":{"s":17.9,"pub":false}},{"type":"Feature","geometry":{"type":"Point","coordinates":[-107.7435,37.3361]},"properties":{"s":17.9,"pub":false}},{"type":"Feature","geometry":{"type":"Point","coordinates":[-107.7435,37.3419]},"properties":{"s":17.9,"pub":true}},{"type":"Feature","geometry":{"type":"Point","coordinates":[-107.7435,37.3477]},"properties":{"s":17.9,"pub":true}},{"type":"Feature","geometry":{"type":"Point","coordinates":[-107.7435,37.3535]},"properties":{"s":20.5,"pub":true}},{"type":"Feature","geometry":{"type":"Point","coordinates":[-107.7435,37.3593]},"properties":{"s":20.5,"pub":true}},{"type":"Feature","geometry":{"type":"Point","coordinates":[-107.7435,37.3651]},"properties":{"s":20.5,"pub":true}},{"type":"Feature","geometry":{"type":"Point","coordinates":[-107.7435,37.3709]},"properties":{"s":17.9,"pub":true}},{"type":"Feature","geometry":{"type":"Point","coordinates":[-107.7435,37.3767]},"properties":{"s":17.9,"pub":true}},{"type":"Feature","geometry":{"type":"Point","coordinates":[-107.7435,37.3825]},"properties":{"s":17.9,"pub":true}},{"type":"Feature","geometry":{"type":"Point","coordinates":[-107.7435,37.3883]},"properties":{"s":17.9,"pub":true}},{"type":"Feature","geometry":{"type":"Point","coordinates":[-107.7435,37.3941]},"properties":{"s":17.9,"pub":true}},{"type":"Feature","geometry":{"type":"Point","coordinates":[-107.7435,37.3999]},"properties":{"s":17.9,"pub":true}},{"type":"Feature","geometry":{"type":"Point","coordinates":[-107.7435,37.4057]},"properties":{"s":17.9,"pub":true}},{"type":"Feature","geometry":{"type":"Point","coordinates":[-107.7435,37.4115]},"properties":{"s":17.9,"pub":true}},{"type":"Feature","geometry":{"type":"Point","coordinates":[-107.7435,37.4173]},"properties":{"s":17.9,"pub":true}},{"type":"Feature","geometry":{"type":"Point","coordinates":[-107.7435,37.4231]},"properties":{"s":17.9,"pub":true}},{"type":"Feature","geometry":{"type":"Point","coordinates":[-107.7435,37.4289]},"properties":{"s":17.9,"pub":true}},{"type":"Feature","geometry":{"type":"Point","coordinates":[-107.7435,37.4347]},"properties":{"s":17.9,"pub":true}},{"type":"Feature","geometry":{"type":"Point","coordinates":[-107.7435,37.4405]},"properties":{"s":17.9,"pub":true}},{"type":"Feature","geometry":{"type":"Point","coordinates":[-107.7435,37.4463]},"properties":{"s":17.9,"pub":true}},{"type":"Feature","geometry":{"type":"Point","coordinates":[-107.7435,37.4521]},"properties":{"s":17.9,"pub":true}},{"type":"Feature","geometry":{"type":"Point","coordinates":[-107.7435,37.4579]},"properties":{"s":17.9,"pub":true}},{"type":"Feature","geometry":{"type":"Point","coordinates":[-107.7435,37.4637]},"properties":{"s":17.9,"pub":true}},{"type":"Feature","geometry":{"type":"Point","coordinates":[-107.7435,37.4695]},"properties":{"s":17.9,"pub":true}},{"type":"Feature","geometry":{"type":"Point","coordinates":[-107.7435,37.4753]},"properties":{"s":17.9,"pub":true}},{"type":"Feature","geometry":{"type":"Point","coordinates":[-107.7435,37.4811]},"properties":{"s":17.9,"pub":true}},{"type":"Feature","geometry":{"type":"Point","coordinates":[-107.7435,37.4869]},"properties":{"s":17.9,"pub":true}},{"type":"Feature","geometry":{"type":"Point","coordinates":[-107.7435,37.4927]},"properties":{"s":17.9,"pub":true}},{"type":"Feature","geometry":{"type":"Point","coordinates":[-107.7435,37.4985]},"properties":{"s":17.9,"pub":true}},{"type":"Feature","geometry":{"type":"Point","coordinates":[-107.7435,37.5043]},"properties":{"s":15.4,"pub":true}},{"type":"Feature","geometry":{"type":"Point","coordinates":[-107.7435,37.5101]},"properties":{"s":15.4,"pub":true}},{"type":"Feature","geometry":{"type":"Point","coordinates":[-107.7435,37.5159]},"properties":{"s":15.4,"pub":true}},{"type":"Feature","geometry":{"type":"Point","coordinates":[-107.7435,37.5217]},"properties":{"s":15.4,"pub":true}},{"type":"Feature","geometry":{"type":"Point","coordinates":[-107.7435,37.5275]},"properties":{"s":17.9,"pub":true}},{"type":"Feature","geometry":{"type":"Point","coordinates":[-107.7435,37.5333]},"properties":{"s":15.4,"pub":true}},{"type":"Feature","geometry":{"type":"Point","coordinates":[-107.7435,37.5391]},"properties":{"s":15.4,"pub":true}},{"type":"Feature","geometry":{"type":"Point","coordinates":[-107.7435,37.5449]},"properties":{"s":15.4,"pub":true}},{"type":"Feature","geometry":{"type":"Point","coordinates":[-107.7435,37.5507]},"properties":{"s":15.4,"pub":true}},{"type":"Feature","geometry":{"type":"Point","coordinates":[-107.7435,37.5565]},"properties":{"s":15.4,"pub":true}},{"type":"Feature","geometry":{"type":"Point","coordinates":[-107.7435,37.5623]},"properties":{"s":15.4,"pub":true}},{"type":"Feature","geometry":{"type":"Point","coordinates":[-107.7435,37.5681]},"properties":{"s":15.4,"pub":true}},{"type":"Feature","geometry":{"type":"Point","coordinates":[-107.7435,37.5739]},"properties":{"s":15.4,"pub":true}},{"type":"Feature","geometry":{"type":"Point","coordinates":[-107.7435,37.5797]},"properties":{"s":15.4,"pub":true}},{"type":"Feature","geometry":{"type":"Point","coordinates":[-107.7435,37.5855]},"properties":{"s":15.4,"pub":true}},{"type":"Feature","geometry":{"type":"Point","coordinates":[-107.7435,37.5913]},"properties":{"s":15.4,"pub":true}},{"type":"Feature","geometry":{"type":"Point","coordinates":[-107.7435,37.5971]},"properties":{"s":15.4,"pub":true}},{"type":"Feature","geometry":{"type":"Point","coordinates":[-107.7435,37.6029]},"properties":{"s":15.4,"pub":true}},{"type":"Feature","geometry":{"type":"Point","coordinates":[-107.7435,37.6087]},"properties":{"s":15.4,"pub":true}},{"type":"Feature","geometry":{"type":"Point","coordinates":[-107.736,37.2317]},"properties":{"s":23.1,"pub":false}},{"type":"Feature","geometry":{"type":"Point","coordinates":[-107.736,37.2375]},"properties":{"s":23.1,"pub":false}},{"type":"Feature","geometry":{"type":"Point","coordinates":[-107.736,37.2433]},"properties":{"s":23.1,"pub":false}},{"type":"Feature","geometry":{"type":"Point","coordinates":[-107.736,37.2491]},"properties":{"s":23.1,"pub":false}},{"type":"Feature","geometry":{"type":"Point","coordinates":[-107.736,37.2549]},"properties":{"s":23.1,"pub":false}},{"type":"Feature","geometry":{"type":"Point","coordinates":[-107.736,37.2607]},"properties":{"s":23.1,"pub":false}},{"type":"Feature","geometry":{"type":"Point","coordinates":[-107.736,37.2665]},"properties":{"s":23.1,"pub":false}},{"type":"Feature","geometry":{"type":"Point","coordinates":[-107.736,37.2723]},"properties":{"s":23.1,"pub":false}},{"type":"Feature","geometry":{"type":"Point","coordinates":[-107.736,37.2781]},"properties":{"s":23.1,"pub":false}},{"type":"Feature","geometry":{"type":"Point","coordinates":[-107.736,37.2839]},"properties":{"s":23.1,"pub":false}},{"type":"Feature","geometry":{"type":"Point","coordinates":[-107.736,37.2897]},"properties":{"s":23.1,"pub":true}},{"type":"Feature","geometry":{"type":"Point","coordinates":[-107.736,37.2955]},"properties":{"s":23.1,"pub":false}},{"type":"Feature","geometry":{"type":"Point","coordinates":[-107.736,37.3013]},"properties":{"s":23.1,"pub":false}},{"type":"Feature","geometry":{"type":"Point","coordinates":[-107.736,37.3071]},"properties":{"s":23.1,"pub":false}},{"type":"Feature","geometry":{"type":"Point","coordinates":[-107.736,37.3129]},"properties":{"s":25.6,"pub":true}},{"type":"Feature","geometry":{"type":"Point","coordinates":[-107.736,37.3187]},"properties":{"s":46.2,"pub":false}},{"type":"Feature","geometry":{"type":"Point","coordinates":[-107.736,37.3245]},"properties":{"s":71.8,"pub":false}},{"type":"Feature","geometry":{"type":"Point","coordinates":[-107.736,37.3303]},"properties":{"s":17.9,"pub":false}},{"type":"Feature","geometry":{"type":"Point","coordinates":[-107.736,37.3361]},"properties":{"s":20.5,"pub":false}},{"type":"Feature","geometry":{"type":"Point","coordinates":[-107.736,37.3419]},"properties":{"s":20.5,"pub":false}},{"type":"Feature","geometry":{"type":"Point","coordinates":[-107.736,37.3477]},"properties":{"s":20.5,"pub":false}},{"type":"Feature","geometry":{"type":"Point","coordinates":[-107.736,37.3535]},"properties":{"s":20.5,"pub":true}},{"type":"Feature","geometry":{"type":"Point","coordinates":[-107.736,37.3593]},"properties":{"s":20.5,"pub":true}},{"type":"Feature","geometry":{"type":"Point","coordinates":[-107.736,37.3651]},"properties":{"s":20.5,"pub":true}},{"type":"Feature","geometry":{"type":"Point","coordinates":[-107.736,37.3709]},"properties":{"s":20.5,"pub":true}},{"type":"Feature","geometry":{"type":"Point","coordinates":[-107.736,37.3767]},"properties":{"s":20.5,"pub":true}},{"type":"Feature","geometry":{"type":"Point","coordinates":[-107.736,37.3825]},"properties":{"s":17.9,"pub":true}},{"type":"Feature","geometry":{"type":"Point","coordinates":[-107.736,37.3883]},"properties":{"s":17.9,"pub":true}},{"type":"Feature","geometry":{"type":"Point","coordinates":[-107.736,37.3941]},"properties":{"s":17.9,"pub":true}},{"type":"Feature","geometry":{"type":"Point","coordinates":[-107.736,37.3999]},"properties":{"s":17.9,"pub":true}},{"type":"Feature","geometry":{"type":"Point","coordinates":[-107.736,37.4057]},"properties":{"s":17.9,"pub":true}},{"type":"Feature","geometry":{"type":"Point","coordinates":[-107.736,37.4115]},"properties":{"s":17.9,"pub":true}},{"type":"Feature","geometry":{"type":"Point","coordinates":[-107.736,37.4173]},"properties":{"s":17.9,"pub":true}},{"type":"Feature","geometry":{"type":"Point","coordinates":[-107.736,37.4231]},"properties":{"s":17.9,"pub":true}},{"type":"Feature","geometry":{"type":"Point","coordinates":[-107.736,37.4289]},"properties":{"s":17.9,"pub":true}},{"type":"Feature","geometry":{"type":"Point","coordinates":[-107.736,37.4347]},"properties":{"s":17.9,"pub":true}},{"type":"Feature","geometry":{"type":"Point","coordinates":[-107.736,37.4405]},"properties":{"s":17.9,"pub":true}},{"type":"Feature","geometry":{"type":"Point","coordinates":[-107.736,37.4463]},"properties":{"s":17.9,"pub":true}},{"type":"Feature","geometry":{"type":"Point","coordinates":[-107.736,37.4521]},"properties":{"s":17.9,"pub":true}},{"type":"Feature","geometry":{"type":"Point","coordinates":[-107.736,37.4579]},"properties":{"s":17.9,"pub":true}},{"type":"Feature","geometry":{"type":"Point","coordinates":[-107.736,37.4637]},"properties":{"s":17.9,"pub":true}},{"type":"Feature","geometry":{"type":"Point","coordinates":[-107.736,37.4695]},"properties":{"s":17.9,"pub":true}},{"type":"Feature","geometry":{"type":"Point","coordinates":[-107.736,37.4753]},"properties":{"s":17.9,"pub":true}},{"type":"Feature","geometry":{"type":"Point","coordinates":[-107.736,37.4811]},"properties":{"s":17.9,"pub":true}},{"type":"Feature","geometry":{"type":"Point","coordinates":[-107.736,37.4869]},"properties":{"s":17.9,"pub":true}},{"type":"Feature","geometry":{"type":"Point","coordinates":[-107.736,37.4927]},"properties":{"s":17.9,"pub":true}},{"type":"Feature","geometry":{"type":"Point","coordinates":[-107.736,37.4985]},"properties":{"s":17.9,"pub":true}},{"type":"Feature","geometry":{"type":"Point","coordinates":[-107.736,37.5043]},"properties":{"s":17.9,"pub":true}},{"type":"Feature","geometry":{"type":"Point","coordinates":[-107.736,37.5101]},"properties":{"s":15.4,"pub":true}},{"type":"Feature","geometry":{"type":"Point","coordinates":[-107.736,37.5159]},"properties":{"s":15.4,"pub":true}},{"type":"Feature","geometry":{"type":"Point","coordinates":[-107.736,37.5217]},"properties":{"s":17.9,"pub":true}},{"type":"Feature","geometry":{"type":"Point","coordinates":[-107.736,37.5275]},"properties":{"s":17.9,"pub":true}},{"type":"Feature","geometry":{"type":"Point","coordinates":[-107.736,37.5333]},"properties":{"s":17.9,"pub":true}},{"type":"Feature","geometry":{"type":"Point","coordinates":[-107.736,37.5391]},"properties":{"s":15.4,"pub":true}},{"type":"Feature","geometry":{"type":"Point","coordinates":[-107.736,37.5449]},"properties":{"s":15.4,"pub":true}},{"type":"Feature","geometry":{"type":"Point","coordinates":[-107.736,37.5507]},"properties":{"s":15.4,"pub":true}},{"type":"Feature","geometry":{"type":"Point","coordinates":[-107.736,37.5565]},"properties":{"s":15.4,"pub":true}},{"type":"Feature","geometry":{"type":"Point","coordinates":[-107.736,37.5623]},"properties":{"s":15.4,"pub":true}},{"type":"Feature","geometry":{"type":"Point","coordinates":[-107.736,37.5681]},"properties":{"s":15.4,"pub":true}},{"type":"Feature","geometry":{"type":"Point","coordinates":[-107.736,37.5739]},"properties":{"s":15.4,"pub":true}},{"type":"Feature","geometry":{"type":"Point","coordinates":[-107.736,37.5797]},"properties":{"s":15.4,"pub":true}},{"type":"Feature","geometry":{"type":"Point","coordinates":[-107.736,37.5855]},"properties":{"s":15.4,"pub":true}},{"type":"Feature","geometry":{"type":"Point","coordinates":[-107.736,37.5913]},"properties":{"s":15.4,"pub":true}},{"type":"Feature","geometry":{"type":"Point","coordinates":[-107.736,37.5971]},"properties":{"s":15.4,"pub":true}},{"type":"Feature","geometry":{"type":"Point","coordinates":[-107.736,37.6029]},"properties":{"s":15.4,"pub":true}},{"type":"Feature","geometry":{"type":"Point","coordinates":[-107.736,37.6087]},"properties":{"s":15.4,"pub":true}},{"type":"Feature","geometry":{"type":"Point","coordinates":[-107.7285,37.2317]},"properties":{"s":23.1,"pub":false}},{"type":"Feature","geometry":{"type":"Point","coordinates":[-107.7285,37.2375]},"properties":{"s":23.1,"pub":false}},{"type":"Feature","geometry":{"type":"Point","coordinates":[-107.7285,37.2433]},"properties":{"s":23.1,"pub":false}},{"type":"Feature","geometry":{"type":"Point","coordinates":[-107.7285,37.2491]},"properties":{"s":23.1,"pub":false}},{"type":"Feature","geometry":{"type":"Point","coordinates":[-107.7285,37.2549]},"properties":{"s":23.1,"pub":false}},{"type":"Feature","geometry":{"type":"Point","coordinates":[-107.7285,37.2607]},"properties":{"s":23.1,"pub":false}},{"type":"Feature","geometry":{"type":"Point","coordinates":[-107.7285,37.2665]},"properties":{"s":23.1,"pub":false}},{"type":"Feature","geometry":{"type":"Point","coordinates":[-107.7285,37.2723]},"properties":{"s":23.1,"pub":false}},{"type":"Feature","geometry":{"type":"Point","coordinates":[-107.7285,37.2781]},"properties":{"s":23.1,"pub":false}},{"type":"Feature","geometry":{"type":"Point","coordinates":[-107.7285,37.2839]},"properties":{"s":23.1,"pub":false}},{"type":"Feature","geometry":{"type":"Point","coordinates":[-107.7285,37.2897]},"properties":{"s":23.1,"pub":true}},{"type":"Feature","geometry":{"type":"Point","coordinates":[-107.7285,37.2955]},"properties":{"s":23.1,"pub":false}},{"type":"Feature","geometry":{"type":"Point","coordinates":[-107.7285,37.3013]},"properties":{"s":23.1,"pub":false}},{"type":"Feature","geometry":{"type":"Point","coordinates":[-107.7285,37.3071]},"properties":{"s":23.1,"pub":false}},{"type":"Feature","geometry":{"type":"Point","coordinates":[-107.7285,37.3129]},"properties":{"s":25.6,"pub":true}},{"type":"Feature","geometry":{"type":"Point","coordinates":[-107.7285,37.3187]},"properties":{"s":25.6,"pub":false}},{"type":"Feature","geometry":{"type":"Point","coordinates":[-107.7285,37.3245]},"properties":{"s":71.8,"pub":false}},{"type":"Feature","geometry":{"type":"Point","coordinates":[-107.7285,37.3303]},"properties":{"s":51.3,"pub":false}},{"type":"Feature","geometry":{"type":"Point","coordinates":[-107.7285,37.3361]},"properties":{"s":20.5,"pub":false}},{"type":"Feature","geometry":{"type":"Point","coordinates":[-107.7285,37.3419]},"properties":{"s":20.5,"pub":false}},{"type":"Feature","geometry":{"type":"Point","coordinates":[-107.7285,37.3477]},"properties":{"s":20.5,"pub":true}},{"type":"Feature","geometry":{"type":"Point","coordinates":[-107.7285,37.3535]},"properties":{"s":20.5,"pub":true}},{"type":"Feature","geometry":{"type":"Point","coordinates":[-107.7285,37.3593]},"properties":{"s":20.5,"pub":true}},{"type":"Feature","geometry":{"type":"Point","coordinates":[-107.7285,37.3651]},"properties":{"s":20.5,"pub":true}},{"type":"Feature","geometry":{"type":"Point","coordinates":[-107.7285,37.3709]},"properties":{"s":20.5,"pub":true}},{"type":"Feature","geometry":{"type":"Point","coordinates":[-107.7285,37.3767]},"properties":{"s":20.5,"pub":true}},{"type":"Feature","geometry":{"type":"Point","coordinates":[-107.7285,37.3825]},"properties":{"s":20.5,"pub":true}},{"type":"Feature","geometry":{"type":"Point","coordinates":[-107.7285,37.3883]},"properties":{"s":20.5,"pub":true}},{"type":"Feature","geometry":{"type":"Point","coordinates":[-107.7285,37.3941]},"properties":{"s":17.9,"pub":true}},{"type":"Feature","geometry":{"type":"Point","coordinates":[-107.7285,37.3999]},"properties":{"s":17.9,"pub":true}},{"type":"Feature","geometry":{"type":"Point","coordinates":[-107.7285,37.4057]},"properties":{"s":17.9,"pub":true}},{"type":"Feature","geometry":{"type":"Point","coordinates":[-107.7285,37.4115]},"properties":{"s":17.9,"pub":true}},{"type":"Feature","geometry":{"type":"Point","coordinates":[-107.7285,37.4173]},"properties":{"s":17.9,"pub":true}},{"type":"Feature","geometry":{"type":"Point","coordinates":[-107.7285,37.4231]},"properties":{"s":17.9,"pub":true}},{"type":"Feature","geometry":{"type":"Point","coordinates":[-107.7285,37.4289]},"properties":{"s":17.9,"pub":true}},{"type":"Feature","geometry":{"type":"Point","coordinates":[-107.7285,37.4347]},"properties":{"s":17.9,"pub":true}},{"type":"Feature","geometry":{"type":"Point","coordinates":[-107.7285,37.4405]},"properties":{"s":17.9,"pub":true}},{"type":"Feature","geometry":{"type":"Point","coordinates":[-107.7285,37.4463]},"properties":{"s":17.9,"pub":true}},{"type":"Feature","geometry":{"type":"Point","coordinates":[-107.7285,37.4521]},"properties":{"s":20.5,"pub":true}},{"type":"Feature","geometry":{"type":"Point","coordinates":[-107.7285,37.4579]},"properties":{"s":20.5,"pub":true}},{"type":"Feature","geometry":{"type":"Point","coordinates":[-107.7285,37.4637]},"properties":{"s":20.5,"pub":true}},{"type":"Feature","geometry":{"type":"Point","coordinates":[-107.7285,37.4695]},"properties":{"s":20.5,"pub":true}},{"type":"Feature","geometry":{"type":"Point","coordinates":[-107.7285,37.4753]},"properties":{"s":17.9,"pub":true}},{"type":"Feature","geometry":{"type":"Point","coordinates":[-107.7285,37.4811]},"properties":{"s":17.9,"pub":true}},{"type":"Feature","geometry":{"type":"Point","coordinates":[-107.7285,37.4869]},"properties":{"s":17.9,"pub":true}},{"type":"Feature","geometry":{"type":"Point","coordinates":[-107.7285,37.4927]},"properties":{"s":17.9,"pub":true}},{"type":"Feature","geometry":{"type":"Point","coordinates":[-107.7285,37.4985]},"properties":{"s":17.9,"pub":true}},{"type":"Feature","geometry":{"type":"Point","coordinates":[-107.7285,37.5043]},"properties":{"s":17.9,"pub":true}},{"type":"Feature","geometry":{"type":"Point","coordinates":[-107.7285,37.5101]},"properties":{"s":15.4,"pub":true}},{"type":"Feature","geometry":{"type":"Point","coordinates":[-107.7285,37.5159]},"properties":{"s":15.4,"pub":true}},{"type":"Feature","geometry":{"type":"Point","coordinates":[-107.7285,37.5217]},"properties":{"s":15.4,"pub":true}},{"type":"Feature","geometry":{"type":"Point","coordinates":[-107.7285,37.5275]},"properties":{"s":17.9,"pub":true}},{"type":"Feature","geometry":{"type":"Point","coordinates":[-107.7285,37.5333]},"properties":{"s":17.9,"pub":true}},{"type":"Feature","geometry":{"type":"Point","coordinates":[-107.7285,37.5391]},"properties":{"s":15.4,"pub":true}}]}