{"type":"FeatureCollection","features":[{"type":"Feature","geometry":{"type":"Point","coordinates":[-107.6573,37.3595]},"properties":{"s":55.2,"pub":false}},{"type":"Feature","geometry":{"type":"Point","coordinates":[-107.6573,37.3653]},"properties":{"s":51.7,"pub":true}},{"type":"Feature","geometry":{"type":"Point","coordinates":[-107.6498,37.3537]},"properties":{"s":55.2,"pub":true}},{"type":"Feature","geometry":{"type":"Point","coordinates":[-107.6498,37.3595]},"properties":{"s":55.2,"pub":false}},{"type":"Feature","geometry":{"type":"Point","coordinates":[-107.6498,37.3653]},"properties":{"s":55.2,"pub":false}},{"type":"Feature","geometry":{"type":"Point","coordinates":[-107.6498,37.3711]},"properties":{"s":51.7,"pub":true}},{"type":"Feature","geometry":{"type":"Point","coordinates":[-107.6423,37.3537]},"properties":{"s":55.2,"pub":false}},{"type":"Feature","geometry":{"type":"Point","coordinates":[-107.6423,37.3595]},"properties":{"s":55.2,"pub":false}},{"type":"Feature","geometry":{"type":"Point","coordinates":[-107.6423,37.3653]},"properties":{"s":55.2,"pub":false}},{"type":"Feature","geometry":{"type":"Point","coordinates":[-107.6423,37.3711]},"properties":{"s":55.2,"pub":true}},{"type":"Feature","geometry":{"type":"Point","coordinates":[-107.6348,37.3479]},"properties":{"s":55.2,"pub":false}},{"type":"Feature","geometry":{"type":"Point","coordinates":[-107.6348,37.3537]},"properties":{"s":55.2,"pub":false}},{"type":"Feature","geometry":{"type":"Point","coordinates":[-107.6348,37.3595]},"properties":{"s":55.2,"pub":false}},{"type":"Feature","geometry":{"type":"Point","coordinates":[-107.6348,37.3653]},"properties":{"s":55.2,"pub":true}},{"type":"Feature","geometry":{"type":"Point","coordinates":[-107.6348,37.4117]},"properties":{"s":51.7,"pub":true}},{"type":"Feature","geometry":{"type":"Point","coordinates":[-107.6348,37.4175]},"properties":{"s":55.2,"pub":true}},{"type":"Feature","geometry":{"type":"Point","coordinates":[-107.6273,37.3537]},"properties":{"s":55.2,"pub":false}},{"type":"Feature","geometry":{"type":"Point","coordinates":[-107.6273,37.3595]},"properties":{"s":55.2,"pub":true}},{"type":"Feature","geometry":{"type":"Point","coordinates":[-107.6273,37.3653]},"properties":{"s":55.2,"pub":true}},{"type":"Feature","geometry":{"type":"Point","coordinates":[-107.6273,37.3769]},"properties":{"s":69.0,"pub":true}},{"type":"Feature","geometry":{"type":"Point","coordinates":[-107.6273,37.3827]},"properties":{"s":69.0,"pub":true}},{"type":"Feature","geometry":{"type":"Point","coordinates":[-107.6273,37.3885]},"properties":{"s":69.0,"pub":true}},{"type":"Feature","geometry":{"type":"Point","coordinates":[-107.6273,37.3943]},"properties":{"s":69.0,"pub":true}},{"type":"Feature","geometry":{"type":"Point","coordinates":[-107.6273,37.4001]},"properties":{"s":69.0,"pub":true}},{"type":"Feature","geometry":{"type":"Point","coordinates":[-107.6273,37.4059]},"properties":{"s":69.0,"pub":true}},{"type":"Feature","geometry":{"type":"Point","coordinates":[-107.6273,37.4117]},"properties":{"s":96.6,"pub":true}},{"type":"Feature","geometry":{"type":"Point","coordinates":[-107.6273,37.4175]},"properties":{"s":96.6,"pub":true}},{"type":"Feature","geometry":{"type":"Point","coordinates":[-107.6273,37.4233]},"properties":{"s":96.6,"pub":true}},{"type":"Feature","geometry":{"type":"Point","coordinates":[-107.6198,37.1333]},"properties":{"s":44.8,"pub":false}},{"type":"Feature","geometry":{"type":"Point","coordinates":[-107.6198,37.1391]},"properties":{"s":72.4,"pub":false}},{"type":"Feature","geometry":{"type":"Point","coordinates":[-107.6198,37.3595]},"properties":{"s":55.2,"pub":false}},{"type":"Feature","geometry":{"type":"Point","coordinates":[-107.6198,37.3653]},"properties":{"s":55.2,"pub":false}},{"type":"Feature","geometry":{"type":"Point","coordinates":[-107.6198,37.3711]},"properties":{"s":96.6,"pub":true}},{"type":"Feature","geometry":{"type":"Point","coordinates":[-107.6198,37.3769]},"properties":{"s":69.0,"pub":true}},{"type":"Feature","geometry":{"type":"Point","coordinates":[-107.6198,37.3827]},"properties":{"s":69.0,"pub":true}},{"type":"Feature","geometry":{"type":"Point","coordinates":[-107.6198,37.3885]},"properties":{"s":69.0,"pub":true}},{"type":"Feature","geometry":{"type":"Point","coordinates":[-107.6198,37.3943]},"properties":{"s":69.0,"pub":true}},{"type":"Feature","geometry":{"type":"Point","coordinates":[-107.6198,37.4001]},"properties":{"s":69.0,"pub":true}},{"type":"Feature","geometry":{"type":"Point","coordinates":[-107.6198,37.4059]},"properties":{"s":69.0,"pub":true}},{"type":"Feature","geometry":{"type":"Point","coordinates":[-107.6198,37.4117]},"properties":{"s":69.0,"pub":true}},{"type":"Feature","geometry":{"type":"Point","coordinates":[-107.6198,37.4175]},"properties":{"s":96.6,"pub":true}},{"type":"Feature","geometry":{"type":"Point","coordinates":[-107.6198,37.4233]},"properties":{"s":96.6,"pub":true}},{"type":"Feature","geometry":{"type":"Point","coordinates":[-107.6198,37.4291]},"properties":{"s":96.6,"pub":true}},{"type":"Feature","geometry":{"type":"Point","coordinates":[-107.6198,37.4349]},"properties":{"s":93.1,"pub":true}},{"type":"Feature","geometry":{"type":"Point","coordinates":[-107.6198,37.4407]},"properties":{"s":93.1,"pub":true}},{"type":"Feature","geometry":{"type":"Point","coordinates":[-107.6198,37.4639]},"properties":{"s":65.5,"pub":true}},{"type":"Feature","geometry":{"type":"Point","coordinates":[-107.6198,37.4697]},"properties":{"s":65.5,"pub":true}},{"type":"Feature","geometry":{"type":"Point","coordinates":[-107.6198,37.4755]},"properties":{"s":62.1,"pub":true}},{"type":"Feature","geometry":{"type":"Point","coordinates":[-107.6123,37.0463]},"properties":{"s":51.7,"pub":false}},{"type":"Feature","geometry":{"type":"Point","coordinates":[-107.6123,37.0521]},"properties":{"s":51.7,"pub":false}},{"type":"Feature","geometry":{"type":"Point","coordinates":[-107.6123,37.0579]},"properties":{"s":51.7,"pub":false}},{"type":"Feature","geometry":{"type":"Point","coordinates":[-107.6123,37.0695]},"properties":{"s":51.7,"pub":false}},{"type":"Feature","geometry":{"type":"Point","coordinates":[-107.6123,37.0753]},"properties":{"s":44.8,"pub":false}},{"type":"Feature","geometry":{"type":"Point","coordinates":[-107.6123,37.0811]},"properties":{"s":44.8,"pub":false}},{"type":"Feature","geometry":{"type":"Point","coordinates":[-107.6123,37.1333]},"properties":{"s":44.8,"pub":false}},{"type":"Feature","geometry":{"type":"Point","coordinates":[-107.6123,37.1391]},"properties":{"s":72.4,"pub":false}},{"type":"Feature","geometry":{"type":"Point","coordinates":[-107.6123,37.1449]},"properties":{"s":51.7,"pub":false}},{"type":"Feature","geometry":{"type":"Point","coordinates":[-107.6123,37.3653]},"properties":{"s":55.2,"pub":false}},{"type":"Feature","geometry":{"type":"Point","coordinates":[-107.6123,37.3711]},"properties":{"s":96.6,"pub":false}},{"type":"Feature","geometry":{"type":"Point","coordinates":[-107.6123,37.3769]},"properties":{"s":96.6,"pub":true}},{"type":"Feature","geometry":{"type":"Point","coordinates":[-107.6123,37.3827]},"properties":{"s":96.6,"pub":true}},{"type":"Feature","geometry":{"type":"Point","coordinates":[-107.6123,37.3885]},"properties":{"s":69.0,"pub":true}},{"type":"Feature","geometry":{"type":"Point","coordinates":[-107.6123,37.3943]},"properties":{"s":69.0,"pub":true}},{"type":"Feature","geometry":{"type":"Point","coordinates":[-107.6123,37.4001]},"properties":{"s":69.0,"pub":true}},{"type":"Feature","geometry":{"type":"Point","coordinates":[-107.6123,37.4059]},"properties":{"s":69.0,"pub":true}},{"type":"Feature","geometry":{"type":"Point","coordinates":[-107.6123,37.4117]},"properties":{"s":65.5,"pub":true}},{"type":"Feature","geometry":{"type":"Point","coordinates":[-107.6123,37.4175]},"properties":{"s":65.5,"pub":true}},{"type":"Feature","geometry":{"type":"Point","coordinates":[-107.6123,37.4233]},"properties":{"s":65.5,"pub":true}},{"type":"Feature","geometry":{"type":"Point","coordinates":[-107.6123,37.4291]},"properties":{"s":65.5,"pub":true}},{"type":"Feature","geometry":{"type":"Point","coordinates":[-107.6123,37.4349]},"properties":{"s":93.1,"pub":true}},{"type":"Feature","geometry":{"type":"Point","coordinates":[-107.6123,37.4407]},"properties":{"s":93.1,"pub":true}},{"type":"Feature","geometry":{"type":"Point","coordinates":[-107.6123,37.4465]},"properties":{"s":93.1,"pub":true}},{"type":"Feature","geometry":{"type":"Point","coordinates":[-107.6123,37.4581]},"properties":{"s":65.5,"pub":true}},{"type":"Feature","geometry":{"type":"Point","coordinates":[-107.6123,37.4639]},"properties":{"s":65.5,"pub":true}},{"type":"Feature","geometry":{"type":"Point","coordinates":[-107.6123,37.4697]},"properties":{"s":62.1,"pub":true}},{"type":"Feature","geometry":{"type":"Point","coordinates":[-107.6123,37.4755]},"properties":{"s":62.1,"pub":true}},{"type":"Feature","geometry":{"type":"Point","coordinates":[-107.6123,37.4813]},"properties":{"s":62.1,"pub":true}},{"type":"Feature","geometry":{"type":"Point","coordinates":[-107.6123,37.4871]},"properties":{"s":62.1,"pub":true}},{"type":"Feature","geometry":{"type":"Point","coordinates":[-107.6048,37.0347]},"properties":{"s":51.7,"pub":false}},{"type":"Feature","geometry":{"type":"Point","coordinates":[-107.6048,37.0405]},"properties":{"s":51.7,"pub":false}},{"type":"Feature","geometry":{"type":"Point","coordinates":[-107.6048,37.0463]},"properties":{"s":51.7,"pub":false}},{"type":"Feature","geometry":{"type":"Point","coordinates":[-107.6048,37.0521]},"properties":{"s":51.7,"pub":false}},{"type":"Feature","geometry":{"type":"Point","coordinates":[-107.6048,37.0579]},"properties":{"s":51.7,"pub":false}},{"type":"Feature","geometry":{"type":"Point","coordinates":[-107.6048,37.0637]},"properties":{"s":51.7,"pub":false}},{"type":"Feature","geometry":{"type":"Point","coordinates":[-107.6048,37.0695]},"properties":{"s":51.7,"pub":false}},{"type":"Feature","geometry":{"type":"Point","coordinates":[-107.6048,37.1333]},"properties":{"s":51.7,"pub":false}},{"type":"Feature","geometry":{"type":"Point","coordinates":[-107.6048,37.1391]},"properties":{"s":79.3,"pub":false}},{"type":"Feature","geometry":{"type":"Point","coordinates":[-107.6048,37.1449]},"properties":{"s":79.3,"pub":false}},{"type":"Feature","geometry":{"type":"Point","coordinates":[-107.6048,37.2319]},"properties":{"s":31.0,"pub":false}},{"type":"Feature","geometry":{"type":"Point","coordinates":[-107.6048,37.2377]},"properties":{"s":72.4,"pub":false}},{"type":"Feature","geometry":{"type":"Point","coordinates":[-107.6048,37.2435]},"properties":{"s":100.0,"pub":false}},{"type":"Feature","geometry":{"type":"Point","coordinates":[-107.6048,37.2493]},"properties":{"s":100.0,"pub":false}},{"type":"Feature","geometry":{"type":"Point","coordinates":[-107.6048,37.2551]},"properties":{"s":100.0,"pub":false}},{"type":"Feature","geometry":{"type":"Point","coordinates":[-107.6048,37.2841]},"properties":{"s":100.0,"pub":false}},{"type":"Feature","geometry":{"type":"Point","coordinates":[-107.6048,37.2899]},"properties":{"s":100.0,"pub":false}},{"type":"Feature","geometry":{"type":"Point","coordinates":[-107.6048,37.2957]},"properties":{"s":100.0,"pub":false}},{"type":"Feature","geometry":{"type":"Point","coordinates":[-107.6048,37.3015]},"properties":{"s":58.6,"pub":false}},{"type":"Feature","geometry":{"type":"Point","coordinates":[-107.6048,37.3711]},"properties":{"s":51.7,"pub":false}},{"type":"Feature","geometry":{"type":"Point","coordinates":[-107.6048,37.3769]},"properties":{"s":93.1,"pub":false}},{"type":"Feature","geometry":{"type":"Point","coordinates":[-107.6048,37.3827]},"properties":{"s":96.6,"pub":false}},{"type":"Feature","geometry":{"type":"Point","coordinates":[-107.6048,37.3885]},"properties":{"s":93.1,"pub":false}},{"type":"Feature","geometry":{"type":"Point","coordinates":[-107.6048,37.3943]},"properties":{"s":65.5,"pub":true}},{"type":"Feature","geometry":{"type":"Point","coordinates":[-107.6048,37.4001]},"properties":{"s":65.5,"pub":false}},{"type":"Feature","geometry":{"type":"Point","coordinates":[-107.6048,37.4059]},"properties":{"s":65.5,"pub":true}},{"type":"Feature","geometry":{"type":"Point","coordinates":[-107.6048,37.4117]},"properties":{"s":62.1,"pub":true}},{"type":"Feature","geometry":{"type":"Point","coordinates":[-107.6048,37.4175]},"properties":{"s":62.1,"pub":true}},{"type":"Feature","geometry":{"type":"Point","coordinates":[-107.6048,37.4233]},"properties":{"s":62.1,"pub":true}},{"type":"Feature","geometry":{"type":"Point","coordinates":[-107.6048,37.4291]},"properties":{"s":65.5,"pub":true}},{"type":"Feature","geometry":{"type":"Point","coordinates":[-107.6048,37.4349]},"properties":{"s":65.5,"pub":true}},{"type":"Feature","geometry":{"type":"Point","coordinates":[-107.6048,37.4407]},"properties":{"s":65.5,"pub":true}},{"type":"Feature","geometry":{"type":"Point","coordinates":[-107.6048,37.4465]},"properties":{"s":65.5,"pub":true}},{"type":"Feature","geometry":{"type":"Point","coordinates":[-107.6048,37.4523]},"properties":{"s":65.5,"pub":true}},{"type":"Feature","geometry":{"type":"Point","coordinates":[-107.6048,37.4581]},"properties":{"s":65.5,"pub":true}},{"type":"Feature","geometry":{"type":"Point","coordinates":[-107.6048,37.4639]},"properties":{"s":62.1,"pub":true}},{"type":"Feature","geometry":{"type":"Point","coordinates":[-107.6048,37.4697]},"properties":{"s":62.1,"pub":true}},{"type":"Feature","geometry":{"type":"Point","coordinates":[-107.6048,37.4755]},"properties":{"s":62.1,"pub":true}},{"type":"Feature","geometry":{"type":"Point","coordinates":[-107.6048,37.4813]},"properties":{"s":62.1,"pub":true}},{"type":"Feature","geometry":{"type":"Point","coordinates":[-107.6048,37.4871]},"properties":{"s":62.1,"pub":true}},{"type":"Feature","geometry":{"type":"Point","coordinates":[-107.6048,37.5915]},"properties":{"s":62.1,"pub":true}},{"type":"Feature","geometry":{"type":"Point","coordinates":[-107.5973,37.0057]},"properties":{"s":51.7,"pub":false}},{"type":"Feature","geometry":{"type":"Point","coordinates":[-107.5973,37.0231]},"properties":{"s":51.7,"pub":false}},{"type":"Feature","geometry":{"type":"Point","coordinates":[-107.5973,37.0289]},"properties":{"s":51.7,"pub":false}},{"type":"Feature","geometry":{"type":"Point","coordinates":[-107.5973,37.0347]},"properties":{"s":51.7,"pub":false}},{"type":"Feature","geometry":{"type":"Point","coordinates":[-107.5973,37.0405]},"properties":{"s":51.7,"pub":false}},{"type":"Feature","geometry":{"type":"Point","coordinates":[-107.5973,37.0463]},"properties":{"s":51.7,"pub":false}},{"type":"Feature","geometry":{"type":"Point","coordinates":[-107.5973,37.1391]},"properties":{"s":51.7,"pub":false}},{"type":"Feature","geometry":{"type":"Point","coordinates":[-107.5973,37.1449]},"properties":{"s":79.3,"pub":false}},{"type":"Feature","geometry":{"type":"Point","coordinates":[-107.5973,37.1507]},"properties":{"s":79.3,"pub":false}},{"type":"Feature","geometry":{"type":"Point","coordinates":[-107.5973,37.2319]},"properties":{"s":31.0,"pub":false}},{"type":"Feature","geometry":{"type":"Point","coordinates":[-107.5973,37.2377]},"properties":{"s":31.0,"pub":false}},{"type":"Feature","geometry":{"type":"Point","coordinates":[-107.5973,37.2435]},"properties":{"s":31.0,"pub":false}},{"type":"Feature","geometry":{"type":"Point","coordinates":[-107.5973,37.2493]},"properties":{"s":31.0,"pub":false}},{"type":"Feature","geometry":{"type":"Point","coordinates":[-107.5973,37.2551]},"properties":{"s":31.0,"pub":false}},{"type":"Feature","geometry":{"type":"Point","coordinates":[-107.5973,37.2609]},"properties":{"s":31.0,"pub":false}},{"type":"Feature","geometry":{"type":"Point","coordinates":[-107.5973,37.2667]},"properties":{"s":31.0,"pub":false}},{"type":"Feature","geometry":{"type":"Point","coordinates":[-107.5973,37.2725]},"properties":{"s":31.0,"pub":false}},{"type":"Feature","geometry":{"type":"Point","coordinates":[-107.5973,37.2783]},"properties":{"s":31.0,"pub":false}},{"type":"Feature","geometry":{"type":"Point","coordinates":[-107.5973,37.2841]},"properties":{"s":72.4,"pub":false}},{"type":"Feature","geometry":{"type":"Point","coordinates":[-107.5973,37.2899]},"properties":{"s":72.4,"pub":false}},{"type":"Feature","geometry":{"type":"Point","coordinates":[-107.5973,37.2957]},"properties":{"s":31.0,"pub":false}},{"type":"Feature","geometry":{"type":"Point","coordinates":[-107.5973,37.3711]},"properties":{"s":51.7,"pub":false}},{"type":"Feature","geometry":{"type":"Point","coordinates":[-107.5973,37.3769]},"properties":{"s":51.7,"pub":false}},{"type":"Feature","geometry":{"type":"Point","coordinates":[-107.5973,37.3827]},"properties":{"s":51.7,"pub":false}},{"type":"Feature","geometry":{"type":"Point","coordinates":[-107.5973,37.3885]},"properties":{"s":51.7,"pub":false}},{"type":"Feature","geometry":{"type":"Point","coordinates":[-107.5973,37.4117]},"properties":{"s":62.1,"pub":true}},{"type":"Feature","geometry":{"type":"Point","coordinates":[-107.5973,37.4175]},"properties":{"s":62.1,"pub":true}},{"type":"Feature","geometry":{"type":"Point","coordinates":[-107.5973,37.4233]},"properties":{"s":62.1,"pub":true}},{"type":"Feature","geometry":{"type":"Point","coordinates":[-107.5973,37.4291]},"properties":{"s":62.1,"pub":true}},{"type":"Feature","geometry":{"type":"Point","coordinates":[-107.5973,37.4349]},"properties":{"s":62.1,"pub":true}},{"type":"Feature","geometry":{"type":"Point","coordinates":[-107.5973,37.4407]},"properties":{"s":62.1,"pub":true}},{"type":"Feature","geometry":{"type":"Point","coordinates":[-107.5973,37.4465]},"properties":{"s":62.1,"pub":true}},{"type":"Feature","geometry":{"type":"Point","coordinates":[-107.5973,37.4523]},"properties":{"s":62.1,"pub":true}},{"type":"Feature","geometry":{"type":"Point","coordinates":[-107.5973,37.4581]},"properties":{"s":62.1,"pub":true}},{"type":"Feature","geometry":{"type":"Point","coordinates":[-107.5973,37.4639]},"properties":{"s":62.1,"pub":true}},{"type":"Feature","geometry":{"type":"Point","coordinates":[-107.5973,37.4697]},"properties":{"s":62.1,"pub":true}},{"type":"Feature","geometry":{"type":"Point","coordinates":[-107.5973,37.4755]},"properties":{"s":62.1,"pub":true}},{"type":"Feature","geometry":{"type":"Point","coordinates":[-107.5973,37.4813]},"properties":{"s":62.1,"pub":true}},{"type":"Feature","geometry":{"type":"Point","coordinates":[-107.5973,37.4871]},"properties":{"s":62.1,"pub":true}},{"type":"Feature","geometry":{"type":"Point","coordinates":[-107.5973,37.4929]},"properties":{"s":62.1,"pub":true}},{"type":"Feature","geometry":{"type":"Point","coordinates":[-107.5973,37.4987]},"properties":{"s":62.1,"pub":true}},{"type":"Feature","geometry":{"type":"Point","coordinates":[-107.5973,37.5045]},"properties":{"s":62.1,"pub":true}},{"type":"Feature","geometry":{"type":"Point","coordinates":[-107.5973,37.5103]},"properties":{"s":62.1,"pub":true}},{"type":"Feature","geometry":{"type":"Point","coordinates":[-107.5973,37.5161]},"properties":{"s":89.7,"pub":true}},{"type":"Feature","geometry":{"type":"Point","coordinates":[-107.5973,37.5857]},"properties":{"s":62.1,"pub":true}},{"type":"Feature","geometry":{"type":"Point","coordinates":[-107.5973,37.5915]},"properties":{"s":62.1,"pub":true}},{"type":"Feature","geometry":{"type":"Point","coordinates":[-107.5973,37.5973]},"properties":{"s":62.1,"pub":true}},{"type":"Feature","geometry":{"type":"Point","coordinates":[-107.5973,37.6031]},"properties":{"s":62.1,"pub":true}},{"type":"Feature","geometry":{"type":"Point","coordinates":[-107.5898,37.1449]},"properties":{"s":51.7,"pub":false}},{"type":"Feature","geometry":{"type":"Point","coordinates":[-107.5898,37.1507]},"properties":{"s":79.3,"pub":false}},{"type":"Feature","geometry":{"type":"Point","coordinates":[-107.5898,37.2087]},"properties":{"s":79.3,"pub":false}},{"type":"Feature","geometry":{"type":"Point","coordinates":[-107.5898,37.2145]},"properties":{"s":79.3,"pub":false}},{"type":"Feature","geometry":{"type":"Point","coordinates":[-107.5898,37.2203]},"properties":{"s":51.7,"pub":false}},{"type":"Feature","geometry":{"type":"Point","coordinates":[-107.5898,37.2377]},"properties":{"s":31.0,"pub":false}},{"type":"Feature","geometry":{"type":"Point","coordinates":[-107.5898,37.2435]},"properties":{"s":31.0,"pub":false}},{"type":"Feature","geometry":{"type":"Point","coordinates":[-107.5898,37.2493]},"properties":{"s":31.0,"pub":false}},{"type":"Feature","geometry":{"type":"Point","coordinates":[-107.5898,37.2551]},"properties":{"s":31.0,"pub":true}},{"type":"Feature","geometry":{"type":"Point","coordinates":[-107.5898,37.2609]},"properties":{"s":31.0,"pub":true}},{"type":"Feature","geometry":{"type":"Point","coordinates":[-107.5898,37.2667]},"properties":{"s":31.0,"pub":false}},{"type":"Feature","geometry":{"type":"Point","coordinates":[-107.5898,37.2725]},"properties":{"s":31.0,"pub":false}},{"type":"Feature","geometry":{"type":"Point","coordinates":[-107.5898,37.2783]},"properties":{"s":31.0,"pub":false}},{"type":"Feature","geometry":{"type":"Point","coordinates":[-107.5898,37.2841]},"properties":{"s":31.0,"pub":false}},{"type":"Feature","geometry":{"type":"Point","coordinates":[-107.5898,37.2899]},"properties":{"s":31.0,"pub":false}},{"type":"Feature","geometry":{"type":"Point","coordinates":[-107.5898,37.2957]},"properties":{"s":31.0,"pub":false}},{"type":"Feature","geometry":{"type":"Point","coordinates":[-107.5898,37.3827]},"properties":{"s":51.7,"pub":false}},{"type":"Feature","geometry":{"type":"Point","coordinates":[-107.5898,37.3885]},"properties":{"s":51.7,"pub":true}},{"type":"Feature","geometry":{"type":"Point","coordinates":[-107.5898,37.3943]},"properties":{"s":51.7,"pub":false}},{"type":"Feature","geometry":{"type":"Point","coordinates":[-107.5898,37.4407]},"properties":{"s":62.1,"pub":true}},{"type":"Feature","geometry":{"type":"Point","coordinates":[-107.5898,37.4465]},"properties":{"s":62.1,"pub":true}},{"type":"Feature","geometry":{"type":"Point","coordinates":[-107.5898,37.4523]},"properties":{"s":62.1,"pub":true}},{"type":"Feature","geometry":{"type":"Point","coordinates":[-107.5898,37.4581]},"properties":{"s":62.1,"pub":true}},{"type":"Feature","geometry":{"type":"Point","coordinates":[-107.5898,37.4639]},"properties":{"s":62.1,"pub":true}},{"type":"Feature","geometry":{"type":"Point","coordinates":[-107.5898,37.4697]},"properties":{"s":62.1,"pub":true}},{"type":"Feature","geometry":{"type":"Point","coordinates":[-107.5898,37.4755]},"properties":{"s":62.1,"pub":true}},{"type":"Feature","geometry":{"type":"Point","coordinates":[-107.5898,37.4813]},"properties":{"s":62.1,"pub":true}},{"type":"Feature","geometry":{"type":"Point","coordinates":[-107.5898,37.4871]},"properties":{"s":62.1,"pub":true}},{"type":"Feature","geometry":{"type":"Point","coordinates":[-107.5898,37.4929]},"properties":{"s":62.1,"pub":true}},{"type":"Feature","geometry":{"type":"Point","coordinates":[-107.5898,37.4987]},"properties":{"s":62.1,"pub":true}},{"type":"Feature","geometry":{"type":"Point","coordinates":[-107.5898,37.5045]},"properties":{"s":62.1,"pub":true}},{"type":"Feature","geometry":{"type":"Point","coordinates":[-107.5898,37.5103]},"properties":{"s":89.7,"pub":true}},{"type":"Feature","geometry":{"type":"Point","coordinates":[-107.5898,37.5161]},"properties":{"s":89.7,"pub":true}},{"type":"Feature","geometry":{"type":"Point","coordinates":[-107.5898,37.5219]},"properties":{"s":89.7,"pub":true}},{"type":"Feature","geometry":{"type":"Point","coordinates":[-107.5898,37.5277]},"properties":{"s":89.7,"pub":true}},{"type":"Feature","geometry":{"type":"Point","coordinates":[-107.5898,37.5857]},"properties":{"s":62.1,"pub":true}},{"type":"Feature","geometry":{"type":"Point","coordinates":[-107.5898,37.5915]},"properties":{"s":62.1,"pub":true}},{"type":"Feature","geometry":{"type":"Point","coordinates":[-107.5898,37.5973]},"properties":{"s":62.1,"pub":true}},{"type":"Feature","geometry":{"type":"Point","coordinates":[-107.5898,37.6031]},"properties":{"s":62.1,"pub":true}},{"type":"Feature","geometry":{"type":"Point","coordinates":[-107.5898,37.6089]},"properties":{"s":62.1,"pub":true}},{"type":"Feature","geometry":{"type":"Point","coordinates":[-107.5898,37.6147]},"properties":{"s":62.1,"pub":true}},{"type":"Feature","geometry":{"type":"Point","coordinates":[-107.5898,37.6205]},"properties":{"s":62.1,"pub":true}},{"type":"Feature","geometry":{"type":"Point","coordinates":[-107.5823,37.1449]},"properties":{"s":51.7,"pub":false}},{"type":"Feature","geometry":{"type":"Point","coordinates":[-107.5823,37.1507]},"properties":{"s":79.3,"pub":false}},{"type":"Feature","geometry":{"type":"Point","coordinates":[-107.5823,37.1565]},"properties":{"s":79.3,"pub":false}},{"type":"Feature","geometry":{"type":"Point","coordinates":[-107.5823,37.1623]},"properties":{"s":51.7,"pub":false}},{"type":"Feature","geometry":{"type":"Point","coordinates":[-107.5823,37.1681]},"properties":{"s":51.7,"pub":false}},{"type":"Feature","geometry":{"type":"Point","coordinates":[-107.5823,37.1739]},"properties":{"s":51.7,"pub":false}},{"type":"Feature","geometry":{"type":"Point","coordinates":[-107.5823,37.1797]},"properties":{"s":79.3,"pub":false}},{"type":"Feature","geometry":{"type":"Point","coordinates":[-107.5823,37.1855]},"properties":{"s":79.3,"pub":false}},{"type":"Feature","geometry":{"type":"Point","coordinates":[-107.5823,37.1913]},"properties":{"s":79.3,"pub":false}},{"type":"Feature","geometry":{"type":"Point","coordinates":[-107.5823,37.1971]},"properties":{"s":79.3,"pub":false}},{"type":"Feature","geometry":{"type":"Point","coordinates":[-107.5823,37.2029]},"properties":{"s":79.3,"pub":false}},{"type":"Feature","geometry":{"type":"Point","coordinates":[-107.5823,37.2087]},"properties":{"s":79.3,"pub":false}},{"type":"Feature","geometry":{"type":"Point","coordinates":[-107.5823,37.2145]},"properties":{"s":79.3,"pub":false}},{"type":"Feature","geometry":{"type":"Point","coordinates":[-107.5823,37.2203]},"properties":{"s":51.7,"pub":false}},{"type":"Feature","geometry":{"type":"Point","coordinates":[-107.5823,37.2377]},"properties":{"s":31.0,"pub":false}},{"type":"Feature","geometry":{"type":"Point","coordinates":[-107.5823,37.2435]},"properties":{"s":31.0,"pub":false}},{"type":"Feature","geometry":{"type":"Point","coordinates":[-107.5823,37.2493]},"properties":{"s":31.0,"pub":false}},{"type":"Feature","geometry":{"type":"Point","coordinates":[-107.5823,37.2551]},"properties":{"s":31.0,"pub":true}},{"type":"Feature","geometry":{"type":"Point","coordinates":[-107.5823,37.2609]},"properties":{"s":31.0,"pub":true}},{"type":"Feature","geometry":{"type":"Point","coordinates":[-107.5823,37.2667]},"properties":{"s":31.0,"pub":false}},{"type":"Feature","geometry":{"type":"Point","coordinates":[-107.5823,37.2725]},"properties":{"s":31.0,"pub":false}},{"type":"Feature","geometry":{"type":"Point","coordinates":[-107.5823,37.2783]},"properties":{"s":31.0,"pub":false}},{"type":"Feature","geometry":{"type":"Point","coordinates":[-107.5823,37.2841]},"properties":{"s":31.0,"pub":false}},{"type":"Feature","geometry":{"type":"Point","coordinates":[-107.5823,37.2899]},"properties":{"s":34.5,"pub":false}},{"type":"Feature","geometry":{"type":"Point","coordinates":[-107.5823,37.3885]},"properties":{"s":51.7,"pub":false}},{"type":"Feature","geometry":{"type":"Point","coordinates":[-107.5823,37.3943]},"properties":{"s":51.7,"pub":true}},{"type":"Feature","geometry":{"type":"Point","coordinates":[-107.5823,37.4001]},"properties":{"s":51.7,"pub":true}},{"type":"Feature","geometry":{"type":"Point","coordinates":[-107.5823,37.4523]},"properties":{"s":62.1,"pub":true}},{"type":"Feature","geometry":{"type":"Point","coordinates":[-107.5823,37.4581]},"properties":{"s":62.1,"pub":true}},{"type":"Feature","geometry":{"type":"Point","coordinates":[-107.5823,37.4639]},"properties":{"s":62.1,"pub":true}},{"type":"Feature","geometry":{"type":"Point","coordinates":[-107.5823,37.4697]},"properties":{"s":62.1,"pub":true}},{"type":"Feature","geometry":{"type":"Point","coordinates":[-107.5823,37.4755]},"properties":{"s":62.1,"pub":true}},{"type":"Feature","geometry":{"type":"Point","coordinates":[-107.5823,37.4813]},"properties":{"s":62.1,"pub":true}},{"type":"Feature","geometry":{"type":"Point","coordinates":[-107.5823,37.4871]},"properties":{"s":62.1,"pub":true}},{"type":"Feature","geometry":{"type":"Point","coordinates":[-107.5823,37.4929]},"properties":{"s":62.1,"pub":true}},{"type":"Feature","geometry":{"type":"Point","coordinates":[-107.5823,37.4987]},"properties":{"s":62.1,"pub":true}},{"type":"Feature","geometry":{"type":"Point","coordinates":[-107.5823,37.5045]},"properties":{"s":62.1,"pub":true}},{"type":"Feature","geometry":{"type":"Point","coordinates":[-107.5823,37.5103]},"properties":{"s":62.1,"pub":true}},{"type":"Feature","geometry":{"type":"Point","coordinates":[-107.5823,37.5161]},"properties":{"s":89.7,"pub":true}},{"type":"Feature","geometry":{"type":"Point","coordinates":[-107.5823,37.5219]},"properties":{"s":89.7,"pub":true}},{"type":"Feature","geometry":{"type":"Point","coordinates":[-107.5823,37.5277]},"properties":{"s":89.7,"pub":true}},{"type":"Feature","geometry":{"type":"Point","coordinates":[-107.5823,37.5335]},"properties":{"s":89.7,"pub":true}},{"type":"Feature","geometry":{"type":"Point","coordinates":[-107.5823,37.5741]},"properties":{"s":62.1,"pub":true}},{"type":"Feature","geometry":{"type":"Point","coordinates":[-107.5823,37.5799]},"properties":{"s":62.1,"pub":true}},{"type":"Feature","geometry":{"type":"Point","coordinates":[-107.5823,37.5857]},"properties":{"s":62.1,"pub":true}},{"type":"Feature","geometry":{"type":"Point","coordinates":[-107.5823,37.5915]},"properties":{"s":62.1,"pub":true}},{"type":"Feature","geometry":{"type":"Point","coordinates":[-107.5823,37.5973]},"properties":{"s":62.1,"pub":true}},{"type":"Feature","geometry":{"type":"Point","coordinates":[-107.5823,37.6031]},"properties":{"s":62.1,"pub":true}},{"type":"Feature","geometry":{"type":"Point","coordinates":[-107.5823,37.6089]},"properties":{"s":62.1,"pub":true}},{"type":"Feature","geometry":{"type":"Point","coordinates":[-107.5823,37.6147]},"properties":{"s":62.1,"pub":true}},{"type":"Feature","geometry":{"type":"Point","coordinates":[-107.5823,37.6205]},"properties":{"s":62.1,"pub":true}},{"type":"Feature","geometry":{"type":"Point","coordinates":[-107.5748,37.1449]},"properties":{"s":31.0,"pub":false}},{"type":"Feature","geometry":{"type":"Point","coordinates":[-107.5748,37.1507]},"properties":{"s":72.4,"pub":false}},{"type":"Feature","geometry":{"type":"Point","coordinates":[-107.5748,37.1565]},"properties":{"s":100.0,"pub":false}},{"type":"Feature","geometry":{"type":"Point","coordinates":[-107.5748,37.1623]},"properties":{"s":79.3,"pub":false}},{"type":"Feature","geometry":{"type":"Point","coordinates":[-107.5748,37.1681]},"properties":{"s":79.3,"pub":false}},{"type":"Feature","geometry":{"type":"Point","coordinates":[-107.5748,37.1739]},"properties":{"s":79.3,"pub":false}},{"type":"Feature","geometry":{"type":"Point","coordinates":[-107.5748,37.1797]},"properties":{"s":79.3,"pub":false}},{"type":"Feature","geometry":{"type":"Point","coordinates":[-107.5748,37.1855]},"properties":{"s":79.3,"pub":false}},{"type":"Feature","geometry":{"type":"Point","coordinates":[-107.5748,37.1913]},"properties":{"s":79.3,"pub":false}},{"type":"Feature","geometry":{"type":"Point","coordinates":[-107.5748,37.1971]},"properties":{"s":79.3,"pub":false}},{"type":"Feature","geometry":{"type":"Point","coordinates":[-107.5748,37.2029]},"properties":{"s":79.3,"pub":false}},{"type":"Feature","geometry":{"type":"Point","coordinates":[-107.5748,37.2087]},"properties":{"s":37.9,"pub":false}},{"type":"Feature","geometry":{"type":"Point","coordinates":[-107.5748,37.2319]},"properties":{"s":31.0,"pub":false}},{"type":"Feature","geometry":{"type":"Point","coordinates":[-107.5748,37.2377]},"properties":{"s":31.0,"pub":false}},{"type":"Feature","geometry":{"type":"Point","coordinates":[-107.5748,37.2435]},"properties":{"s":31.0,"pub":false}},{"type":"Feature","geometry":{"type":"Point","coordinates":[-107.5748,37.2493]},"properties":{"s":31.0,"pub":false}},{"type":"Feature","geometry":{"type":"Point","coordinates":[-107.5748,37.2551]},"properties":{"s":31.0,"pub":false}},{"type":"Feature","geometry":{"type":"Point","coordinates":[-107.5748,37.2609]},"properties":{"s":31.0,"pub":false}},{"type":"Feature","geometry":{"type":"Point","coordinates":[-107.5748,37.2667]},"properties":{"s":34.5,"pub":false}},{"type":"Feature","geometry":{"type":"Point","coordinates":[-107.5748,37.2725]},"properties":{"s":34.5,"pub":false}},{"type":"Feature","geometry":{"type":"Point","coordinates":[-107.5748,37.2783]},"properties":{"s":34.5,"pub":true}},{"type":"Feature","geometry":{"type":"Point","coordinates":[-107.5748,37.2841]},"properties":{"s":34.5,"pub":false}},{"type":"Feature","geometry":{"type":"Point","coordinates":[-107.5748,37.2899]},"properties":{"s":34.5,"pub":false}},{"type":"Feature","geometry":{"type":"Point","coordinates":[-107.5748,37.4755]},"properties":{"s":62.1,"pub":true}},{"type":"Feature","geometry":{"type":"Point","coordinates":[-107.5748,37.4813]},"properties":{"s":62.1,"pub":true}},{"type":"Feature","geometry":{"type":"Point","coordinates":[-107.5748,37.4871]},"properties":{"s":62.1,"pub":true}},{"type":"Feature","geometry":{"type":"Point","coordinates":[-107.5748,37.4929]},"properties":{"s":62.1,"pub":true}},{"type":"Feature","geometry":{"type":"Point","coordinates":[-107.5748,37.4987]},"properties":{"s":62.1,"pub":true}},{"type":"Feature","geometry":{"type":"Point","coordinates":[-107.5748,37.5045]},"properties":{"s":62.1,"pub":true}},{"type":"Feature","geometry":{"type":"Point","coordinates":[-107.5748,37.5103]},"properties":{"s":62.1,"pub":true}},{"type":"Feature","geometry":{"type":"Point","coordinates":[-107.5748,37.5161]},"properties":{"s":62.1,"pub":true}},{"type":"Feature","geometry":{"type":"Point","coordinates":[-107.5748,37.5219]},"properties":{"s":89.7,"pub":true}},{"type":"Feature","geometry":{"type":"Point","coordinates":[-107.5748,37.5277]},"properties":{"s":89.7,"pub":true}},{"type":"Feature","geometry":{"type":"Point","coordinates":[-107.5748,37.5335]},"properties":{"s":89.7,"pub":true}},{"type":"Feature","geometry":{"type":"Point","coordinates":[-107.5748,37.5393]},"properties":{"s":89.7,"pub":true}},{"type":"Feature","geometry":{"type":"Point","coordinates":[-107.5748,37.5625]},"properties":{"s":62.1,"pub":true}},{"type":"Feature","geometry":{"type":"Point","coordinates":[-107.5748,37.5683]},"properties":{"s":62.1,"pub":true}},{"type":"Feature","geometry":{"type":"Point","coordinates":[-107.5748,37.5741]},"properties":{"s":62.1,"pub":true}},{"type":"Feature","geometry":{"type":"Point","coordinates":[-107.5748,37.5799]},"properties":{"s":62.1,"pub":true}},{"type":"Feature","geometry":{"type":"Point","coordinates":[-107.5748,37.5857]},"properties":{"s":62.1,"pub":true}},{"type":"Feature","geometry":{"type":"Point","coordinates":[-107.5748,37.5915]},"properties":{"s":62.1,"pub":true}},{"type":"Feature","geometry":{"type":"Point","coordinates":[-107.5748,37.5973]},"properties":{"s":62.1,"pub":true}},{"type":"Feature","geometry":{"type":"Point","coordinates":[-107.5748,37.6031]},"properties":{"s":62.1,"pub":true}},{"type":"Feature","geometry":{"type":"Point","coordinates":[-107.5748,37.6089]},"properties":{"s":62.1,"pub":true}},{"type":"Feature","geometry":{"type":"Point","coordinates":[-107.5748,37.6147]},"properties":{"s":62.1,"pub":true}},{"type":"Feature","geometry":{"type":"Point","coordinates":[-107.5748,37.6205]},"properties":{"s":62.1,"pub":true}},{"type":"Feature","geometry":{"type":"Point","coordinates":[-107.5748,37.6263]},"properties":{"s":62.1,"pub":true}},{"type":"Feature","geometry":{"type":"Point","coordinates":[-107.5673,37.1275]},"properties":{"s":31.0,"pub":false}},{"type":"Feature","geometry":{"type":"Point","coordinates":[-107.5673,37.1333]},"properties":{"s":31.0,"pub":false}},{"type":"Feature","geometry":{"type":"Point","coordinates":[-107.5673,37.1391]},"properties":{"s":31.0,"pub":false}},{"type":"Feature","geometry":{"type":"Point","coordinates":[-107.5673,37.1449]},"properties":{"s":31.0,"pub":false}},{"type":"Feature","geometry":{"type":"Point","coordinates":[-107.5673,37.1507]},"properties":{"s":31.0,"pub":false}},{"type":"Feature","geometry":{"type":"Point","coordinates":[-107.5673,37.1565]},"properties":{"s":31.0,"pub":false}},{"type":"Feature","geometry":{"type":"Point","coordinates":[-107.5673,37.1623]},"properties":{"s":72.4,"pub":false}},{"type":"Feature","geometry":{"type":"Point","coordinates":[-107.5673,37.1681]},"properties":{"s":100.0,"pub":false}},{"type":"Feature","geometry":{"type":"Point","coordinates":[-107.5673,37.1739]},"properties":{"s":100.0,"pub":false}},{"type":"Feature","geometry":{"type":"Point","coordinates":[-107.5673,37.1797]},"properties":{"s":100.0,"pub":false}},{"type":"Feature","geometry":{"type":"Point","coordinates":[-107.5673,37.1855]},"properties":{"s":58.6,"pub":false}},{"type":"Feature","geometry":{"type":"Point","coordinates":[-107.5673,37.1913]},"properties":{"s":31.0,"pub":false}},{"type":"Feature","geometry":{"type":"Point","coordinates":[-107.5673,37.1971]},"properties":{"s":31.0,"pub":false}},{"type":"Feature","geometry":{"type":"Point","coordinates":[-107.5673,37.2029]},"properties":{"s":31.0,"pub":false}},{"type":"Feature","geometry":{"type":"Point","coordinates":[-107.5673,37.2087]},"properties":{"s":31.0,"pub":false}},{"type":"Feature","geometry":{"type":"Point","coordinates":[-107.5673,37.2145]},"properties":{"s":31.0,"pub":false}},{"type":"Feature","geometry":{"type":"Point","coordinates":[-107.5673,37.2203]},"properties":{"s":31.0,"pub":false}},{"type":"Feature","geometry":{"type":"Point","coordinates":[-107.5673,37.2261]},"properties":{"s":31.0,"pub":false}},{"type":"Feature","geometry":{"type":"Point","coordinates":[-107.5673,37.2319]},"properties":{"s":31.0,"pub":false}},{"type":"Feature","geometry":{"type":"Point","coordinates":[-107.5673,37.2377]},"properties":{"s":31.0,"pub":true}},{"type":"Feature","geometry":{"type":"Point","coordinates":[-107.5673,37.2435]},"properties":{"s":31.0,"pub":false}},{"type":"Feature","geometry":{"type":"Point","coordinates":[-107.5673,37.2493]},"properties":{"s":31.0,"pub":false}},{"type":"Feature","geometry":{"type":"Point","coordinates":[-107.5673,37.2551]},"properties":{"s":34.5,"pub":false}},{"type":"Feature","geometry":{"type":"Point","coordinates":[-107.5673,37.2609]},"properties":{"s":34.5,"pub":false}},{"type":"Feature","geometry":{"type":"Point","coordinates":[-107.5673,37.2667]},"properties":{"s":34.5,"pub":false}},{"type":"Feature","geometry":{"type":"Point","coordinates":[-107.5673,37.2725]},"properties":{"s":34.5,"pub":false}},{"type":"Feature","geometry":{"type":"Point","coordinates":[-107.5673,37.2783]},"properties":{"s":34.5,"pub":false}},{"type":"Feature","geometry":{"type":"Point","coordinates":[-107.5673,37.2841]},"properties":{"s":34.5,"pub":false}},{"type":"Feature","geometry":{"type":"Point","coordinates":[-107.5673,37.4755]},"properties":{"s":62.1,"pub":true}},{"type":"Feature","geometry":{"type":"Point","coordinates":[-107.5673,37.4813]},"properties":{"s":62.1,"pub":true}},{"type":"Feature","geometry":{"type":"Point","coordinates":[-107.5673,37.4871]},"properties":{"s":62.1,"pub":true}},{"type":"Feature","geometry":{"type":"Point","coordinates":[-107.5673,37.4929]},"properties":{"s":62.1,"pub":true}},{"type":"Feature","geometry":{"type":"Point","coordinates":[-107.5673,37.4987]},"properties":{"s":62.1,"pub":true}},{"type":"Feature","geometry":{"type":"Point","coordinates":[-107.5673,37.5045]},"properties":{"s":62.1,"pub":true}},{"type":"Feature","geometry":{"type":"Point","coordinates":[-107.5673,37.5103]},"properties":{"s":62.1,"pub":true}},{"type":"Feature","geometry":{"type":"Point","coordinates":[-107.5673,37.5161]},"properties":{"s":62.1,"pub":true}},{"type":"Feature","geometry":{"type":"Point","coordinates":[-107.5673,37.5219]},"properties":{"s":89.7,"pub":true}},{"type":"Feature","geometry":{"type":"Point","coordinates":[-107.5673,37.5277]},"properties":{"s":89.7,"pub":true}},{"type":"Feature","geometry":{"type":"Point","coordinates":[-107.5673,37.5335]},"properties":{"s":89.7,"pub":true}},{"type":"Feature","geometry":{"type":"Point","coordinates":[-107.5673,37.5393]},"properties":{"s":89.7,"pub":true}},{"type":"Feature","geometry":{"type":"Point","coordinates":[-107.5673,37.5567]},"properties":{"s":62.1,"pub":true}},{"type":"Feature","geometry":{"type":"Point","coordinates":[-107.5673,37.5625]},"properties":{"s":62.1,"pub":true}},{"type":"Feature","geometry":{"type":"Point","coordinates":[-107.5673,37.5683]},"properties":{"s":62.1,"pub":true}},{"type":"Feature","geometry":{"type":"Point","coordinates":[-107.5673,37.5741]},"properties":{"s":62.1,"pub":true}},{"type":"Feature","geometry":{"type":"Point","coordinates":[-107.5673,37.5799]},"properties":{"s":62.1,"pub":true}},{"type":"Feature","geometry":{"type":"Point","coordinates":[-107.5673,37.5857]},"properties":{"s":62.1,"pub":true}},{"type":"Feature","geometry":{"type":"Point","coordinates":[-107.5673,37.5915]},"properties":{"s":62.1,"pub":true}},{"type":"Feature","geometry":{"type":"Point","coordinates":[-107.5673,37.5973]},"properties":{"s":62.1,"pub":true}},{"type":"Feature","geometry":{"type":"Point","coordinates":[-107.5673,37.6031]},"properties":{"s":62.1,"pub":true}},{"type":"Feature","geometry":{"type":"Point","coordinates":[-107.5673,37.6089]},"properties":{"s":62.1,"pub":true}},{"type":"Feature","geometry":{"type":"Point","coordinates":[-107.5673,37.6147]},"properties":{"s":62.1,"pub":true}},{"type":"Feature","geometry":{"type":"Point","coordinates":[-107.5673,37.6205]},"properties":{"s":62.1,"pub":true}},{"type":"Feature","geometry":{"type":"Point","coordinates":[-107.5673,37.6263]},"properties":{"s":62.1,"pub":true}},{"type":"Feature","geometry":{"type":"Point","coordinates":[-107.5673,37.6321]},"properties":{"s":62.1,"pub":true}},{"type":"Feature","geometry":{"type":"Point","coordinates":[-107.5598,37.1217]},"properties":{"s":31.0,"pub":false}},{"type":"Feature","geometry":{"type":"Point","coordinates":[-107.5598,37.1275]},"properties":{"s":31.0,"pub":false}},{"type":"Feature","geometry":{"type":"Point","coordinates":[-107.5598,37.1333]},"properties":{"s":31.0,"pub":false}},{"type":"Feature","geometry":{"type":"Point","coordinates":[-107.5598,37.1391]},"properties":{"s":31.0,"pub":false}},{"type":"Feature","geometry":{"type":"Point","coordinates":[-107.5598,37.1449]},"properties":{"s":31.0,"pub":false}},{"type":"Feature","geometry":{"type":"Point","coordinates":[-107.5598,37.1507]},"properties":{"s":31.0,"pub":false}},{"type":"Feature","geometry":{"type":"Point","coordinates":[-107.5598,37.1565]},"properties":{"s":31.0,"pub":false}},{"type":"Feature","geometry":{"type":"Point","coordinates":[-107.5598,37.1623]},"properties":{"s":31.0,"pub":false}},{"type":"Feature","geometry":{"type":"Point","coordinates":[-107.5598,37.1681]},"properties":{"s":31.0,"pub":false}},{"type":"Feature","geometry":{"type":"Point","coordinates":[-107.5598,37.1739]},"properties":{"s":31.0,"pub":false}},{"type":"Feature","geometry":{"type":"Point","coordinates":[-107.5598,37.1797]},"properties":{"s":31.0,"pub":false}},{"type":"Feature","geometry":{"type":"Point","coordinates":[-107.5598,37.1855]},"properties":{"s":31.0,"pub":false}},{"type":"Feature","geometry":{"type":"Point","coordinates":[-107.5598,37.1913]},"properties":{"s":31.0,"pub":false}},{"type":"Feature","geometry":{"type":"Point","coordinates":[-107.5598,37.1971]},"properties":{"s":31.0,"pub":false}},{"type":"Feature","geometry":{"type":"Point","coordinates":[-107.5598,37.2029]},"properties":{"s":31.0,"pub":false}},{"type":"Feature","geometry":{"type":"Point","coordinates":[-107.5598,37.2087]},"properties":{"s":31.0,"pub":false}},{"type":"Feature","geometry":{"type":"Point","coordinates":[-107.5598,37.2145]},"properties":{"s":31.0,"pub":false}},{"type":"Feature","geometry":{"type":"Point","coordinates":[-107.5598,37.2203]},"properties":{"s":31.0,"pub":false}},{"type":"Feature","geometry":{"type":"Point","coordinates":[-107.5598,37.2261]},"properties":{"s":31.0,"pub":false}},{"type":"Feature","geometry":{"type":"Point","coordinates":[-107.5598,37.2319]},"properties":{"s":31.0,"pub":true}},{"type":"Feature","geometry":{"type":"Point","coordinates":[-107.5598,37.2377]},"properties":{"s":34.5,"pub":true}},{"type":"Feature","geometry":{"type":"Point","coordinates":[-107.5598,37.2435]},"properties":{"s":34.5,"pub":false}},{"type":"Feature","geometry":{"type":"Point","coordinates":[-107.5598,37.2493]},"properties":{"s":34.5,"pub":false}},{"type":"Feature","geometry":{"type":"Point","coordinates":[-107.5598,37.2551]},"properties":{"s":34.5,"pub":false}},{"type":"Feature","geometry":{"type":"Point","coordinates":[-107.5598,37.2609]},"properties":{"s":34.5,"pub":false}},{"type":"Feature","geometry":{"type":"Point","coordinates":[-107.5598,37.2667]},"properties":{"s":34.5,"pub":false}},{"type":"Feature","geometry":{"type":"Point","coordinates":[-107.5598,37.2725]},"properties":{"s":34.5,"pub":false}},{"type":"Feature","geometry":{"type":"Point","coordinates":[-107.5598,37.2783]},"properties":{"s":34.5,"pub":false}},{"type":"Feature","geometry":{"type":"Point","coordinates":[-107.5598,37.2841]},"properties":{"s":34.5,"pub":false}},{"type":"Feature","geometry":{"type":"Point","coordinates":[-107.5598,37.4755]},"properties":{"s":62.1,"pub":true}},{"type":"Feature","geometry":{"type":"Point","coordinates":[-107.5598,37.4813]},"properties":{"s":62.1,"pub":true}},{"type":"Feature","geometry":{"type":"Point","coordinates":[-107.5598,37.4871]},"properties":{"s":62.1,"pub":true}},{"type":"Feature","geometry":{"type":"Point","coordinates":[-107.5598,37.4929]},"properties":{"s":62.1,"pub":true}},{"type":"Feature","geometry":{"type":"Point","coordinates":[-107.5598,37.4987]},"properties":{"s":62.1,"pub":true}},{"type":"Feature","geometry":{"type":"Point","coordinates":[-107.5598,37.5045]},"properties":{"s":62.1,"pub":true}},{"type":"Feature","geometry":{"type":"Point","coordinates":[-107.5598,37.5103]},"properties":{"s":62.1,"pub":true}},{"type":"Feature","geometry":{"type":"Point","coordinates":[-107.5598,37.5161]},"properties":{"s":62.1,"pub":true}},{"type":"Feature","geometry":{"type":"Point","coordinates":[-107.5598,37.5219]},"properties":{"s":62.1,"pub":true}},{"type":"Feature","geometry":{"type":"Point","coordinates":[-107.5598,37.5277]},"properties":{"s":62.1,"pub":true}},{"type":"Feature","geometry":{"type":"Point","coordinates":[-107.5598,37.5335]},"properties":{"s":62.1,"pub":true}},{"type":"Feature","geometry":{"type":"Point","coordinates":[-107.5598,37.5393]},"properties":{"s":62.1,"pub":true}},{"type":"Feature","geometry":{"type":"Point","coordinates":[-107.5598,37.5567]},"properties":{"s":62.1,"pub":true}},{"type":"Feature","geometry":{"type":"Point","coordinates":[-107.5598,37.5625]},"properties":{"s":62.1,"pub":true}},{"type":"Feature","geometry":{"type":"Point","coordinates":[-107.5598,37.5683]},"properties":{"s":62.1,"pub":true}},{"type":"Feature","geometry":{"type":"Point","coordinates":[-107.5598,37.5741]},"properties":{"s":62.1,"pub":true}},{"type":"Feature","geometry":{"type":"Point","coordinates":[-107.5598,37.5799]},"properties":{"s":62.1,"pub":true}},{"type":"Feature","geometry":{"type":"Point","coordinates":[-107.5598,37.5857]},"properties":{"s":62.1,"pub":true}},{"type":"Feature","geometry":{"type":"Point","coordinates":[-107.5598,37.5915]},"properties":{"s":62.1,"pub":true}},{"type":"Feature","geometry":{"type":"Point","coordinates":[-107.5598,37.5973]},"properties":{"s":62.1,"pub":true}},{"type":"Feature","geometry":{"type":"Point","coordinates":[-107.5598,37.6031]},"properties":{"s":62.1,"pub":true}},{"type":"Feature","geometry":{"type":"Point","coordinates":[-107.5598,37.6089]},"properties":{"s":62.1,"pub":true}},{"type":"Feature","geometry":{"type":"Point","coordinates":[-107.5598,37.6147]},"properties":{"s":62.1,"pub":true}},{"type":"Feature","geometry":{"type":"Point","coordinates":[-107.5598,37.6205]},"properties":{"s":62.1,"pub":true}},{"type":"Feature","geometry":{"type":"Point","coordinates":[-107.5523,37.1159]},"properties":{"s":31.0,"pub":false}},{"type":"Feature","geometry":{"type":"Point","coordinates":[-107.5523,37.1217]},"properties":{"s":31.0,"pub":false}},{"type":"Feature","geometry":{"type":"Point","coordinates":[-107.5523,37.1275]},"properties":{"s":31.0,"pub":false}},{"type":"Feature","geometry":{"type":"Point","coordinates":[-107.5523,37.1333]},"properties":{"s":31.0,"pub":false}},{"type":"Feature","geometry":{"type":"Point","coordinates":[-107.5523,37.1391]},"properties":{"s":31.0,"pub":false}},{"type":"Feature","geometry":{"type":"Point","coordinates":[-107.5523,37.1449]},"properties":{"s":31.0,"pub":false}},{"type":"Feature","geometry":{"type":"Point","coordinates":[-107.5523,37.1507]},"properties":{"s":31.0,"pub":false}},{"type":"Feature","geometry":{"type":"Point","coordinates":[-107.5523,37.1565]},"properties":{"s":31.0,"pub":false}},{"type":"Feature","geometry":{"type":"Point","coordinates":[-107.5523,37.1623]},"properties":{"s":31.0,"pub":false}},{"type":"Feature","geometry":{"type":"Point","coordinates":[-107.5523,37.1681]},"properties":{"s":31.0,"pub":false}},{"type":"Feature","geometry":{"type":"Point","coordinates":[-107.5523,37.1739]},"properties":{"s":31.0,"pub":false}},{"type":"Feature","geometry":{"type":"Point","coordinates":[-107.5523,37.1797]},"properties":{"s":31.0,"pub":false}},{"type":"Feature","geometry":{"type":"Point","coordinates":[-107.5523,37.1855]},"properties":{"s":31.0,"pub":false}},{"type":"Feature","geometry":{"type":"Point","coordinates":[-107.5523,37.1913]},"properties":{"s":31.0,"pub":false}},{"type":"Feature","geometry":{"type":"Point","coordinates":[-107.5523,37.1971]},"properties":{"s":31.0,"pub":false}},{"type":"Feature","geometry":{"type":"Point","coordinates":[-107.5523,37.2029]},"properties":{"s":31.0,"pub":false}},{"type":"Feature","geometry":{"type":"Point","coordinates":[-107.5523,37.2087]},"properties":{"s":31.0,"pub":false}},{"type":"Feature","geometry":{"type":"Point","coordinates":[-107.5523,37.2145]},"properties":{"s":31.0,"pub":false}},{"type":"Feature","geometry":{"type":"Point","coordinates":[-107.5523,37.2203]},"properties":{"s":72.4,"pub":false}},{"type":"Feature","geometry":{"type":"Point","coordinates":[-107.5523,37.2261]},"properties":{"s":72.4,"pub":true}},{"type":"Feature","geometry":{"type":"Point","coordinates":[-107.5523,37.2319]},"properties":{"s":34.5,"pub":true}},{"type":"Feature","geometry":{"type":"Point","coordinates":[-107.5523,37.2377]},"properties":{"s":34.5,"pub":true}},{"type":"Feature","geometry":{"type":"Point","coordinates":[-107.5523,37.2435]},"properties":{"s":34.5,"pub":false}},{"type":"Feature","geometry":{"type":"Point","coordinates":[-107.5523,37.2493]},"properties":{"s":34.5,"pub":false}},{"type":"Feature","geometry":{"type":"Point","coordinates":[-107.5523,37.2551]},"properties":{"s":34.5,"pub":false}},{"type":"Feature","geometry":{"type":"Point","coordinates":[-107.5523,37.2609]},"properties":{"s":34.5,"pub":false}},{"type":"Feature","geometry":{"type":"Point","coordinates":[-107.5523,37.2667]},"properties":{"s":34.5,"pub":false}},{"type":"Feature","geometry":{"type":"Point","coordinates":[-107.5523,37.2725]},"properties":{"s":34.5,"pub":false}},{"type":"Feature","geometry":{"type":"Point","coordinates":[-107.5523,37.2783]},"properties":{"s":34.5,"pub":false}},{"type":"Feature","geometry":{"type":"Point","coordinates":[-107.5523,37.4755]},"properties":{"s":62.1,"pub":true}},{"type":"Feature","geometry":{"type":"Point","coordinates":[-107.5523,37.4813]},"properties":{"s":62.1,"pub":true}},{"type":"Feature","geometry":{"type":"Point","coordinates":[-107.5523,37.4871]},"properties":{"s":62.1,"pub":true}},{"type":"Feature","geometry":{"type":"Point","coordinates":[-107.5523,37.4929]},"properties":{"s":62.1,"pub":true}},{"type":"Feature","geometry":{"type":"Point","coordinates":[-107.5523,37.4987]},"properties":{"s":62.1,"pub":true}},{"type":"Feature","geometry":{"type":"Point","coordinates":[-107.5523,37.5045]},"properties":{"s":62.1,"pub":true}},{"type":"Feature","geometry":{"type":"Point","coordinates":[-107.5523,37.5103]},"properties":{"s":62.1,"pub":true}},{"type":"Feature","geometry":{"type":"Point","coordinates":[-107.5523,37.5161]},"properties":{"s":62.1,"pub":true}},{"type":"Feature","geometry":{"type":"Point","coordinates":[-107.5523,37.5219]},"properties":{"s":62.1,"pub":true}},{"type":"Feature","geometry":{"type":"Point","coordinates":[-107.5523,37.5277]},"properties":{"s":62.1,"pub":true}},{"type":"Feature","geometry":{"type":"Point","coordinates":[-107.5523,37.5335]},"properties":{"s":62.1,"pub":true}},{"type":"Feature","geometry":{"type":"Point","coordinates":[-107.5523,37.5393]},"properties":{"s":62.1,"pub":true}},{"type":"Feature","geometry":{"type":"Point","coordinates":[-107.5523,37.5451]},"properties":{"s":62.1,"pub":true}},{"type":"Feature","geometry":{"type":"Point","coordinates":[-107.5523,37.5509]},"properties":{"s":62.1,"pub":true}},{"type":"Feature","geometry":{"type":"Point","coordinates":[-107.5523,37.5567]},"properties":{"s":62.1,"pub":true}},{"type":"Feature","geometry":{"type":"Point","coordinates":[-107.5523,37.5625]},"properties":{"s":62.1,"pub":true}},{"type":"Feature","geometry":{"type":"Point","coordinates":[-107.5523,37.5683]},"properties":{"s":62.1,"pub":true}},{"type":"Feature","geometry":{"type":"Point","coordinates":[-107.5523,37.5741]},"properties":{"s":62.1,"pub":true}},{"type":"Feature","geometry":{"type":"Point","coordinates":[-107.5523,37.5799]},"properties":{"s":62.1,"pub":true}},{"type":"Feature","geometry":{"type":"Point","coordinates":[-107.5523,37.5857]},"properties":{"s":62.1,"pub":true}},{"type":"Feature","geometry":{"type":"Point","coordinates":[-107.5523,37.5915]},"properties":{"s":62.1,"pub":true}},{"type":"Feature","geometry":{"type":"Point","coordinates":[-107.5523,37.5973]},"properties":{"s":62.1,"pub":true}},{"type":"Feature","geometry":{"type":"Point","coordinates":[-107.5523,37.6031]},"properties":{"s":62.1,"pub":true}},{"type":"Feature","geometry":{"type":"Point","coordinates":[-107.5523,37.6089]},"properties":{"s":62.1,"pub":true}},{"type":"Feature","geometry":{"type":"Point","coordinates":[-107.5523,37.6147]},"properties":{"s":62.1,"pub":true}},{"type":"Feature","geometry":{"type":"Point","coordinates":[-107.5523,37.6205]},"properties":{"s":62.1,"pub":true}},{"type":"Feature","geometry":{"type":"Point","coordinates":[-107.5448,37.1101]},"properties":{"s":31.0,"pub":false}},{"type":"Feature","geometry":{"type":"Point","coordinates":[-107.5448,37.1159]},"properties":{"s":31.0,"pub":false}},{"type":"Feature","geometry":{"type":"Point","coordinates":[-107.5448,37.1217]},"properties":{"s":31.0,"pub":false}},{"type":"Feature","geometry":{"type":"Point","coordinates":[-107.5448,37.1275]},"properties":{"s":31.0,"pub":false}},{"type":"Feature","geometry":{"type":"Point","coordinates":[-107.5448,37.1333]},"properties":{"s":31.0,"pub":false}},{"type":"Feature","geometry":{"type":"Point","coordinates":[-107.5448,37.1391]},"properties":{"s":31.0,"pub":false}},{"type":"Feature","geometry":{"type":"Point","coordinates":[-107.5448,37.1449]},"properties":{"s":31.0,"pub":true}},{"type":"Feature","geometry":{"type":"Point","coordinates":[-107.5448,37.1507]},"properties":{"s":31.0,"pub":true}},{"type":"Feature","geometry":{"type":"Point","coordinates":[-107.5448,37.1565]},"properties":{"s":34.5,"pub":true}},{"type":"Feature","geometry":{"type":"Point","coordinates":[-107.5448,37.1623]},"properties":{"s":34.5,"pub":true}},{"type":"Feature","geometry":{"type":"Point","coordinates":[-107.5448,37.1681]},"properties":{"s":34.5,"pub":true}},{"type":"Feature","geometry":{"type":"Point","coordinates":[-107.5448,37.1739]},"properties":{"s":34.5,"pub":false}},{"type":"Feature","geometry":{"type":"Point","coordinates":[-107.5448,37.1797]},"properties":{"s":31.0,"pub":false}},{"type":"Feature","geometry":{"type":"Point","coordinates":[-107.5448,37.1855]},"properties":{"s":34.5,"pub":false}},{"type":"Feature","geometry":{"type":"Point","coordinates":[-107.5448,37.1913]},"properties":{"s":34.5,"pub":false}},{"type":"Feature","geometry":{"type":"Point","coordinates":[-107.5448,37.1971]},"properties":{"s":34.5,"pub":false}},{"type":"Feature","geometry":{"type":"Point","coordinates":[-107.5448,37.2029]},"properties":{"s":34.5,"pub":false}},{"type":"Feature","geometry":{"type":"Point","coordinates":[-107.5448,37.2087]},"properties":{"s":34.5,"pub":false}},{"type":"Feature","geometry":{"type":"Point","coordinates":[-107.5448,37.2145]},"properties":{"s":31.0,"pub":false}},{"type":"Feature","geometry":{"type":"Point","coordinates":[-107.5448,37.2203]},"properties":{"s":72.4,"pub":false}},{"type":"Feature","geometry":{"type":"Point","coordinates":[-107.5448,37.2261]},"properties":{"s":75.9,"pub":true}},{"type":"Feature","geometry":{"type":"Point","coordinates":[-107.5448,37.2319]},"properties":{"s":34.5,"pub":true}},{"type":"Feature","geometry":{"type":"Point","coordinates":[-107.5448,37.2377]},"properties":{"s":34.5,"pub":true}},{"type":"Feature","geometry":{"type":"Point","coordinates":[-107.5448,37.2435]},"properties":{"s":34.5,"pub":true}},{"type":"Feature","geometry":{"type":"Point","coordinates":[-107.5448,37.2493]},"properties":{"s":34.5,"pub":false}},{"type":"Feature","geometry":{"type":"Point","coordinates":[-107.5448,37.2551]},"properties":{"s":34.5,"pub":false}},{"type":"Feature","geometry":{"type":"Point","coordinates":[-107.5448,37.2609]},"properties":{"s":34.5,"pub":false}},{"type":"Feature","geometry":{"type":"Point","coordinates":[-107.5448,37.2667]},"properties":{"s":34.5,"pub":false}},{"type":"Feature","geometry":{"type":"Point","coordinates":[-107.5448,37.2725]},"properties":{"s":34.5,"pub":false}},{"type":"Feature","geometry":{"type":"Point","coordinates":[-107.5448,37.4755]},"properties":{"s":62.1,"pub":true}},{"type":"Feature","geometry":{"type":"Point","coordinates":[-107.5448,37.4813]},"properties":{"s":62.1,"pub":true}},{"type":"Feature","geometry":{"type":"Point","coordinates":[-107.5448,37.4871]},"properties":{"s":62.1,"pub":true}},{"type":"Feature","geometry":{"type":"Point","coordinates":[-107.5448,37.4929]},"properties":{"s":62.1,"pub":true}},{"type":"Feature","geometry":{"type":"Point","coordinates":[-107.5448,37.4987]},"properties":{"s":62.1,"pub":true}},{"type":"Feature","geometry":{"type":"Point","coordinates":[-107.5448,37.5045]},"properties":{"s":62.1,"pub":true}},{"type":"Feature","geometry":{"type":"Point","coordinates":[-107.5448,37.5103]},"properties":{"s":62.1,"pub":true}},{"type":"Feature","geometry":{"type":"Point","coordinates":[-107.5448,37.5161]},"properties":{"s":62.1,"pub":true}},{"type":"Feature","geometry":{"type":"Point","coordinates":[-107.5448,37.5219]},"properties":{"s":62.1,"pub":true}},{"type":"Feature","geometry":{"type":"Point","coordinates":[-107.5448,37.5277]},"properties":{"s":62.1,"pub":true}},{"type":"Feature","geometry":{"type":"Point","coordinates":[-107.5448,37.5335]},"properties":{"s":62.1,"pub":true}},{"type":"Feature","geometry":{"type":"Point","coordinates":[-107.5448,37.5393]},"properties":{"s":62.1,"pub":true}},{"type":"Feature","geometry":{"type":"Point","coordinates":[-107.5448,37.5451]},"properties":{"s":62.1,"pub":true}},{"type":"Feature","geometry":{"type":"Point","coordinates":[-107.5448,37.5509]},"properties":{"s":62.1,"pub":true}},{"type":"Feature","geometry":{"type":"Point","coordinates":[-107.5448,37.5567]},"properties":{"s":62.1,"pub":true}},{"type":"Feature","geometry":{"type":"Point","coordinates":[-107.5448,37.5625]},"properties":{"s":62.1,"pub":true}},{"type":"Feature","geometry":{"type":"Point","coordinates":[-107.5448,37.5683]},"properties":{"s":62.1,"pub":true}},{"type":"Feature","geometry":{"type":"Point","coordinates":[-107.5448,37.5741]},"properties":{"s":62.1,"pub":true}},{"type":"Feature","geometry":{"type":"Point","coordinates":[-107.5448,37.5799]},"properties":{"s":62.1,"pub":true}},{"type":"Feature","geometry":{"type":"Point","coordinates":[-107.5448,37.5857]},"properties":{"s":62.1,"pub":true}},{"type":"Feature","geometry":{"type":"Point","coordinates":[-107.5448,37.5915]},"properties":{"s":62.1,"pub":true}},{"type":"Feature","geometry":{"type":"Point","coordinates":[-107.5448,37.5973]},"properties":{"s":62.1,"pub":true}},{"type":"Feature","geometry":{"type":"Point","coordinates":[-107.5448,37.6031]},"properties":{"s":62.1,"pub":true}},{"type":"Feature","geometry":{"type":"Point","coordinates":[-107.5448,37.6089]},"properties":{"s":62.1,"pub":true}},{"type":"Feature","geometry":{"type":"Point","coordinates":[-107.5448,37.6147]},"properties":{"s":62.1,"pub":true}},{"type":"Feature","geometry":{"type":"Point","coordinates":[-107.5448,37.6205]},"properties":{"s":62.1,"pub":true}},{"type":"Feature","geometry":{"type":"Point","coordinates":[-107.5373,37.1101]},"properties":{"s":34.5,"pub":false}},{"type":"Feature","geometry":{"type":"Point","coordinates":[-107.5373,37.1159]},"properties":{"s":34.5,"pub":false}},{"type":"Feature","geometry":{"type":"Point","coordinates":[-107.5373,37.1217]},"properties":{"s":31.0,"pub":false}},{"type":"Feature","geometry":{"type":"Point","coordinates":[-107.5373,37.1275]},"properties":{"s":34.5,"pub":false}},{"type":"Feature","geometry":{"type":"Point","coordinates":[-107.5373,37.1333]},"properties":{"s":34.5,"pub":false}},{"type":"Feature","geometry":{"type":"Point","coordinates":[-107.5373,37.1391]},"properties":{"s":34.5,"pub":false}},{"type":"Feature","geometry":{"type":"Point","coordinates":[-107.5373,37.1449]},"properties":{"s":34.5,"pub":true}},{"type":"Feature","geometry":{"type":"Point","coordinates":[-107.5373,37.1507]},"properties":{"s":34.5,"pub":true}},{"type":"Feature","geometry":{"type":"Point","coordinates":[-107.5373,37.1565]},"properties":{"s":34.5,"pub":true}},{"type":"Feature","geometry":{"type":"Point","coordinates":[-107.5373,37.1623]},"properties":{"s":34.5,"pub":true}},{"type":"Feature","geometry":{"type":"Point","coordinates":[-107.5373,37.1681]},"properties":{"s":34.5,"pub":true}},{"type":"Feature","geometry":{"type":"Point","coordinates":[-107.5373,37.1739]},"properties":{"s":34.5,"pub":false}},{"type":"Feature","geometry":{"type":"Point","coordinates":[-107.5373,37.1797]},"properties":{"s":34.5,"pub":false}},{"type":"Feature","geometry":{"type":"Point","coordinates":[-107.5373,37.1855]},"properties":{"s":34.5,"pub":false}},{"type":"Feature","geometry":{"type":"Point","coordinates":[-107.5373,37.1913]},"properties":{"s":34.5,"pub":true}},{"type":"Feature","geometry":{"type":"Point","coordinates":[-107.5373,37.1971]},"properties":{"s":34.5,"pub":true}},{"type":"Feature","geometry":{"type":"Point","coordinates":[-107.5373,37.2029]},"properties":{"s":34.5,"pub":false}},{"type":"Feature","geometry":{"type":"Point","coordinates":[-107.5373,37.2087]},"properties":{"s":34.5,"pub":false}},{"type":"Feature","geometry":{"type":"Point","coordinates":[-107.5373,37.2145]},"properties":{"s":34.5,"pub":false}},{"type":"Feature","geometry":{"type":"Point","coordinates":[-107.5373,37.2203]},"properties":{"s":75.9,"pub":true}},{"type":"Feature","geometry":{"type":"Point","coordinates":[-107.5373,37.2261]},"properties":{"s":75.9,"pub":true}},{"type":"Feature","geometry":{"type":"Point","coordinates":[-107.5373,37.2319]},"properties":{"s":34.5,"pub":true}},{"type":"Feature","geometry":{"type":"Point","coordinates":[-107.5373,37.2377]},"properties":{"s":34.5,"pub":true}},{"type":"Feature","geometry":{"type":"Point","coordinates":[-107.5373,37.2435]},"properties":{"s":34.5,"pub":true}},{"type":"Feature","geometry":{"type":"Point","coordinates":[-107.5373,37.2493]},"properties":{"s":34.5,"pub":true}},{"type":"Feature","geometry":{"type":"Point","coordinates":[-107.5373,37.2551]},"properties":{"s":34.5,"pub":false}},{"type":"Feature","geometry":{"type":"Point","coordinates":[-107.5373,37.2609]},"properties":{"s":34.5,"pub":false}},{"type":"Feature","geometry":{"type":"Point","coordinates":[-107.5373,37.2667]},"properties":{"s":34.5,"pub":false}},{"type":"Feature","geometry":{"type":"Point","coordinates":[-107.5373,37.2725]},"properties":{"s":34.5,"pub":false}},{"type":"Feature","geometry":{"type":"Point","coordinates":[-107.5373,37.4755]},"properties":{"s":62.1,"pub":true}},{"type":"Feature","geometry":{"type":"Point","coordinates":[-107.5373,37.4813]},"properties":{"s":62.1,"pub":true}},{"type":"Feature","geometry":{"type":"Point","coordinates":[-107.5373,37.4871]},"properties":{"s":62.1,"pub":true}},{"type":"Feature","geometry":{"type":"Point","coordinates":[-107.5373,37.4929]},"properties":{"s":62.1,"pub":true}},{"type":"Feature","geometry":{"type":"Point","coordinates":[-107.5373,37.4987]},"properties":{"s":62.1,"pub":true}},{"type":"Feature","geometry":{"type":"Point","coordinates":[-107.5373,37.5045]},"properties":{"s":62.1,"pub":true}},{"type":"Feature","geometry":{"type":"Point","coordinates":[-107.5373,37.5103]},"properties":{"s":62.1,"pub":true}},{"type":"Feature","geometry":{"type":"Point","coordinates":[-107.5373,37.5161]},"properties":{"s":62.1,"pub":true}},{"type":"Feature","geometry":{"type":"Point","coordinates":[-107.5373,37.5219]},"properties":{"s":62.1,"pub":true}},{"type":"Feature","geometry":{"type":"Point","coordinates":[-107.5373,37.5277]},"properties":{"s":62.1,"pub":true}},{"type":"Feature","geometry":{"type":"Point","coordinates":[-107.5373,37.5335]},"properties":{"s":62.1,"pub":true}},{"type":"Feature","geometry":{"type":"Point","coordinates":[-107.5373,37.5393]},"properties":{"s":62.1,"pub":true}},{"type":"Feature","geometry":{"type":"Point","coordinates":[-107.5373,37.5451]},"properties":{"s":62.1,"pub":true}},{"type":"Feature","geometry":{"type":"Point","coordinates":[-107.5373,37.5509]},"properties":{"s":62.1,"pub":true}},{"type":"Feature","geometry":{"type":"Point","coordinates":[-107.5373,37.5567]},"properties":{"s":62.1,"pub":true}},{"type":"Feature","geometry":{"type":"Point","coordinates":[-107.5373,37.5625]},"properties":{"s":62.1,"pub":true}},{"type":"Feature","geometry":{"type":"Point","coordinates":[-107.5373,37.5683]},"properties":{"s":62.1,"pub":true}},{"type":"Feature","geometry":{"type":"Point","coordinates":[-107.5373,37.5741]},"properties":{"s":62.1,"pub":true}},{"type":"Feature","geometry":{"type":"Point","coordinates":[-107.5373,37.5799]},"properties":{"s":62.1,"pub":true}},{"type":"Feature","geometry":{"type":"Point","coordinates":[-107.5373,37.5857]},"properties":{"s":62.1,"pub":true}},{"type":"Feature","geometry":{"type":"Point","coordinates":[-107.5373,37.5915]},"properties":{"s":62.1,"pub":true}},{"type":"Feature","geometry":{"type":"Point","coordinates":[-107.5373,37.5973]},"properties":{"s":62.1,"pub":true}},{"type":"Feature","geometry":{"type":"Point","coordinates":[-107.5373,37.6031]},"properties":{"s":62.1,"pub":true}},{"type":"Feature","geometry":{"type":"Point","coordinates":[-107.5373,37.6089]},"properties":{"s":62.1,"pub":true}},{"type":"Feature","geometry":{"type":"Point","coordinates":[-107.5373,37.6147]},"properties":{"s":62.1,"pub":true}},{"type":"Feature","geometry":{"type":"Point","coordinates":[-107.5373,37.6205]},"properties":{"s":62.1,"pub":true}},{"type":"Feature","geometry":{"type":"Point","coordinates":[-107.5298,37.1101]},"properties":{"s":34.5,"pub":false}},{"type":"Feature","geometry":{"type":"Point","coordinates":[-107.5298,37.1159]},"properties":{"s":34.5,"pub":false}},{"type":"Feature","geometry":{"type":"Point","coordinates":[-107.5298,37.1217]},"properties":{"s":34.5,"pub":false}},{"type":"Feature","geometry":{"type":"Point","coordinates":[-107.5298,37.1275]},"properties":{"s":34.5,"pub":false}},{"type":"Feature","geometry":{"type":"Point","coordinates":[-107.5298,37.1333]},"properties":{"s":34.5,"pub":false}},{"type":"Feature","geometry":{"type":"Point","coordinates":[-107.5298,37.1391]},"properties":{"s":34.5,"pub":false}},{"type":"Feature","geometry":{"type":"Point","coordinates":[-107.5298,37.1449]},"properties":{"s":34.5,"pub":true}},{"type":"Feature","geometry":{"type":"Point","coordinates":[-107.5298,37.1507]},"properties":{"s":34.5,"pub":true}},{"type":"Feature","geometry":{"type":"Point","coordinates":[-107.5298,37.1565]},"properties":{"s":34.5,"pub":true}},{"type":"Feature","geometry":{"type":"Point","coordinates":[-107.5298,37.1623]},"properties":{"s":34.5,"pub":true}},{"type":"Feature","geometry":{"type":"Point","coordinates":[-107.5298,37.1681]},"properties":{"s":34.5,"pub":true}},{"type":"Feature","geometry":{"type":"Point","coordinates":[-107.5298,37.1739]},"properties":{"s":34.5,"pub":false}},{"type":"Feature","geometry":{"type":"Point","coordinates":[-107.5298,37.1797]},"properties":{"s":34.5,"pub":false}},{"type":"Feature","geometry":{"type":"Point","coordinates":[-107.5298,37.1855]},"properties":{"s":34.5,"pub":true}},{"type":"Feature","geometry":{"type":"Point","coordinates":[-107.5298,37.1913]},"properties":{"s":34.5,"pub":true}},{"type":"Feature","geometry":{"type":"Point","coordinates":[-107.5298,37.1971]},"properties":{"s":34.5,"pub":true}},{"type":"Feature","geometry":{"type":"Point","coordinates":[-107.5298,37.2029]},"properties":{"s":34.5,"pub":true}},{"type":"Feature","geometry":{"type":"Point","coordinates":[-107.5298,37.2087]},"properties":{"s":34.5,"pub":true}},{"type":"Feature","geometry":{"type":"Point","coordinates":[-107.5298,37.2145]},"properties":{"s":34.5,"pub":false}},{"type":"Feature","geometry":{"type":"Point","coordinates":[-107.5298,37.2203]},"properties":{"s":34.5,"pub":false}},{"type":"Feature","geometry":{"type":"Point","coordinates":[-107.5298,37.2261]},"properties":{"s":34.5,"pub":false}},{"type":"Feature","geometry":{"type":"Point","coordinates":[-107.5298,37.2319]},"properties":{"s":34.5,"pub":false}},{"type":"Feature","geometry":{"type":"Point","coordinates":[-107.5298,37.2377]},"properties":{"s":34.5,"pub":true}},{"type":"Feature","geometry":{"type":"Point","coordinates":[-107.5298,37.2435]},"properties":{"s":34.5,"pub":true}},{"type":"Feature","geometry":{"type":"Point","coordinates":[-107.5298,37.2493]},"properties":{"s":34.5,"pub":true}},{"type":"Feature","geometry":{"type":"Point","coordinates":[-107.5298,37.2551]},"properties":{"s":34.5,"pub":false}},{"type":"Feature","geometry":{"type":"Point","coordinates":[-107.5298,37.2609]},"properties":{"s":34.5,"pub":false}},{"type":"Feature","geometry":{"type":"Point","coordinates":[-107.5298,37.2667]},"properties":{"s":31.0,"pub":true}},{"type":"Feature","geometry":{"type":"Point","coordinates":[-107.5298,37.2725]},"properties":{"s":31.0,"pub":true}},{"type":"Feature","geometry":{"type":"Point","coordinates":[-107.5298,37.3479]},"properties":{"s":51.7,"pub":true}},{"type":"Feature","geometry":{"type":"Point","coordinates":[-107.5298,37.3537]},"properties":{"s":51.7,"pub":true}},{"type":"Feature","geometry":{"type":"Point","coordinates":[-107.5298,37.3595]},"properties":{"s":51.7,"pub":true}},{"type":"Feature","geometry":{"type":"Point","coordinates":[-107.5298,37.4755]},"properties":{"s":62.1,"pub":true}},{"type":"Feature","geometry":{"type":"Point","coordinates":[-107.5298,37.4813]},"properties":{"s":62.1,"pub":true}},{"type":"Feature","geometry":{"type":"Point","coordinates":[-107.5298,37.4871]},"properties":{"s":62.1,"pub":true}},{"type":"Feature","geometry":{"type":"Point","coordinates":[-107.5298,37.4929]},"properties":{"s":62.1,"pub":true}},{"type":"Feature","geometry":{"type":"Point","coordinates":[-107.5298,37.4987]},"properties":{"s":62.1,"pub":true}},{"type":"Feature","geometry":{"type":"Point","coordinates":[-107.5298,37.5045]},"properties":{"s":62.1,"pub":true}},{"type":"Feature","geometry":{"type":"Point","coordinates":[-107.5298,37.5103]},"properties":{"s":62.1,"pub":true}},{"type":"Feature","geometry":{"type":"Point","coordinates":[-107.5298,37.5161]},"properties":{"s":62.1,"pub":true}},{"type":"Feature","geometry":{"type":"Point","coordinates":[-107.5298,37.5219]},"properties":{"s":62.1,"pub":true}},{"type":"Feature","geometry":{"type":"Point","coordinates":[-107.5298,37.5277]},"properties":{"s":62.1,"pub":true}},{"type":"Feature","geometry":{"type":"Point","coordinates":[-107.5298,37.5335]},"properties":{"s":62.1,"pub":true}},{"type":"Feature","geometry":{"type":"Point","coordinates":[-107.5298,37.5393]},"properties":{"s":62.1,"pub":true}},{"type":"Feature","geometry":{"type":"Point","coordinates":[-107.5298,37.5451]},"properties":{"s":62.1,"pub":true}},{"type":"Feature","geometry":{"type":"Point","coordinates":[-107.5298,37.5509]},"properties":{"s":62.1,"pub":true}},{"type":"Feature","geometry":{"type":"Point","coordinates":[-107.5298,37.5567]},"properties":{"s":62.1,"pub":true}},{"type":"Feature","geometry":{"type":"Point","coordinates":[-107.5298,37.5625]},"properties":{"s":62.1,"pub":true}},{"type":"Feature","geometry":{"type":"Point","coordinates":[-107.5298,37.5683]},"properties":{"s":62.1,"pub":true}},{"type":"Feature","geometry":{"type":"Point","coordinates":[-107.5298,37.5741]},"properties":{"s":62.1,"pub":true}},{"type":"Feature","geometry":{"type":"Point","coordinates":[-107.5298,37.5799]},"properties":{"s":62.1,"pub":true}},{"type":"Feature","geometry":{"type":"Point","coordinates":[-107.5298,37.5857]},"properties":{"s":62.1,"pub":true}},{"type":"Feature","geometry":{"type":"Point","coordinates":[-107.5298,37.5915]},"properties":{"s":62.1,"pub":true}},{"type":"Feature","geometry":{"type":"Point","coordinates":[-107.5298,37.5973]},"properties":{"s":62.1,"pub":true}},{"type":"Feature","geometry":{"type":"Point","coordinates":[-107.5298,37.6031]},"properties":{"s":62.1,"pub":true}},{"type":"Feature","geometry":{"type":"Point","coordinates":[-107.5298,37.6089]},"properties":{"s":62.1,"pub":true}},{"type":"Feature","geometry":{"type":"Point","coordinates":[-107.5298,37.6147]},"properties":{"s":62.1,"pub":true}},{"type":"Feature","geometry":{"type":"Point","coordinates":[-107.5298,37.6205]},"properties":{"s":62.1,"pub":true}},{"type":"Feature","geometry":{"type":"Point","coordinates":[-107.5223,37.0579]},"properties":{"s":31.0,"pub":false}},{"type":"Feature","geometry":{"type":"Point","coordinates":[-107.5223,37.0637]},"properties":{"s":31.0,"pub":false}},{"type":"Feature","geometry":{"type":"Point","coordinates":[-107.5223,37.0695]},"properties":{"s":31.0,"pub":false}},{"type":"Feature","geometry":{"type":"Point","coordinates":[-107.5223,37.0869]},"properties":{"s":34.5,"pub":false}},{"type":"Feature","geometry":{"type":"Point","coordinates":[-107.5223,37.0927]},"properties":{"s":34.5,"pub":false}},{"type":"Feature","geometry":{"type":"Point","coordinates":[-107.5223,37.0985]},"properties":{"s":34.5,"pub":false}},{"type":"Feature","geometry":{"type":"Point","coordinates":[-107.5223,37.1043]},"properties":{"s":34.5,"pub":false}},{"type":"Feature","geometry":{"type":"Point","coordinates":[-107.5223,37.1101]},"properties":{"s":31.0,"pub":false}},{"type":"Feature","geometry":{"type":"Point","coordinates":[-107.5223,37.1159]},"properties":{"s":31.0,"pub":false}},{"type":"Feature","geometry":{"type":"Point","coordinates":[-107.5223,37.1217]},"properties":{"s":34.5,"pub":false}},{"type":"Feature","geometry":{"type":"Point","coordinates":[-107.5223,37.1275]},"properties":{"s":34.5,"pub":false}},{"type":"Feature","geometry":{"type":"Point","coordinates":[-107.5223,37.1333]},"properties":{"s":34.5,"pub":false}},{"type":"Feature","geometry":{"type":"Point","coordinates":[-107.5223,37.1391]},"properties":{"s":34.5,"pub":false}},{"type":"Feature","geometry":{"type":"Point","coordinates":[-107.5223,37.1449]},"properties":{"s":34.5,"pub":true}},{"type":"Feature","geometry":{"type":"Point","coordinates":[-107.5223,37.1507]},"properties":{"s":34.5,"pub":true}},{"type":"Feature","geometry":{"type":"Point","coordinates":[-107.5223,37.1565]},"properties":{"s":34.5,"pub":true}},{"type":"Feature","geometry":{"type":"Point","coordinates":[-107.5223,37.1623]},"properties":{"s":34.5,"pub":true}},{"type":"Feature","geometry":{"type":"Point","coordinates":[-107.5223,37.1681]},"properties":{"s":34.5,"pub":true}},{"type":"Feature","geometry":{"type":"Point","coordinates":[-107.5223,37.1739]},"properties":{"s":34.5,"pub":true}},{"type":"Feature","geometry":{"type":"Point","coordinates":[-107.5223,37.1797]},"properties":{"s":34.5,"pub":true}},{"type":"Feature","geometry":{"type":"Point","coordinates":[-107.5223,37.1855]},"properties":{"s":34.5,"pub":true}},{"type":"Feature","geometry":{"type":"Point","coordinates":[-107.5223,37.1913]},"properties":{"s":34.5,"pub":true}},{"type":"Feature","geometry":{"type":"Point","coordinates":[-107.5223,37.1971]},"properties":{"s":34.5,"pub":true}},{"type":"Feature","geometry":{"type":"Point","coordinates":[-107.5223,37.2029]},"properties":{"s":34.5,"pub":true}},{"type":"Feature","geometry":{"type":"Point","coordinates":[-107.5223,37.2087]},"properties":{"s":34.5,"pub":true}},{"type":"Feature","geometry":{"type":"Point","coordinates":[-107.5223,37.2145]},"properties":{"s":34.5,"pub":false}},{"type":"Feature","geometry":{"type":"Point","coordinates":[-107.5223,37.2203]},"properties":{"s":34.5,"pub":false}},{"type":"Feature","geometry":{"type":"Point","coordinates":[-107.5223,37.2261]},"properties":{"s":34.5,"pub":true}},{"type":"Feature","geometry":{"type":"Point","coordinates":[-107.5223,37.2319]},"properties":{"s":34.5,"pub":false}},{"type":"Feature","geometry":{"type":"Point","coordinates":[-107.5223,37.2377]},"properties":{"s":34.5,"pub":false}},{"type":"Feature","geometry":{"type":"Point","coordinates":[-107.5223,37.2435]},"properties":{"s":34.5,"pub":true}},{"type":"Feature","geometry":{"type":"Point","coordinates":[-107.5223,37.2493]},"properties":{"s":34.5,"pub":true}},{"type":"Feature","geometry":{"type":"Point","coordinates":[-107.5223,37.2551]},"properties":{"s":34.5,"pub":true}},{"type":"Feature","geometry":{"type":"Point","coordinates":[-107.5223,37.2609]},"properties":{"s":31.0,"pub":true}},{"type":"Feature","geometry":{"type":"Point","coordinates":[-107.5223,37.2667]},"properties":{"s":31.0,"pub":true}},{"type":"Feature","geometry":{"type":"Point","coordinates":[-107.5223,37.3421]},"properties":{"s":48.3,"pub":true}},{"type":"Feature","geometry":{"type":"Point","coordinates":[-107.5223,37.3479]},"properties":{"s":48.3,"pub":true}},{"type":"Feature","geometry":{"type":"Point","coordinates":[-107.5223,37.3537]},"properties":{"s":51.7,"pub":true}},{"type":"Feature","geometry":{"type":"Point","coordinates":[-107.5223,37.3595]},"properties":{"s":51.7,"pub":true}},{"type":"Feature","geometry":{"type":"Point","coordinates":[-107.5223,37.3653]},"properties":{"s":55.2,"pub":true}},{"type":"Feature","geometry":{"type":"Point","coordinates":[-107.5223,37.4755]},"properties":{"s":62.1,"pub":true}},{"type":"Feature","geometry":{"type":"Point","coordinates":[-107.5223,37.4813]},"properties":{"s":62.1,"pub":true}},{"type":"Feature","geometry":{"type":"Point","coordinates":[-107.5223,37.4871]},"properties":{"s":62.1,"pub":true}},{"type":"Feature","geometry":{"type":"Point","coordinates":[-107.5223,37.4929]},"properties":{"s":62.1,"pub":true}},{"type":"Feature","geometry":{"type":"Point","coordinates":[-107.5223,37.4987]},"properties":{"s":62.1,"pub":true}},{"type":"Feature","geometry":{"type":"Point","coordinates":[-107.5223,37.5045]},"properties":{"s":62.1,"pub":true}},{"type":"Feature","geometry":{"type":"Point","coordinates":[-107.5223,37.5103]},"properties":{"s":62.1,"pub":true}},{"type":"Feature","geometry":{"type":"Point","coordinates":[-107.5223,37.5161]},"properties":{"s":62.1,"pub":true}},{"type":"Feature","geometry":{"type":"Point","coordinates":[-107.5223,37.5219]},"properties":{"s":62.1,"pub":true}},{"type":"Feature","geometry":{"type":"Point","coordinates":[-107.5223,37.5277]},"properties":{"s":62.1,"pub":true}},{"type":"Feature","geometry":{"type":"Point","coordinates":[-107.5223,37.5335]},"properties":{"s":62.1,"pub":true}},{"type":"Feature","geometry":{"type":"Point","coordinates":[-107.5223,37.5393]},"properties":{"s":62.1,"pub":true}},{"type":"Feature","geometry":{"type":"Point","coordinates":[-107.5223,37.5451]},"properties":{"s":62.1,"pub":true}},{"type":"Feature","geometry":{"type":"Point","coordinates":[-107.5223,37.5509]},"properties":{"s":62.1,"pub":true}},{"type":"Feature","geometry":{"type":"Point","coordinates":[-107.5223,37.5567]},"properties":{"s":62.1,"pub":true}},{"type":"Feature","geometry":{"type":"Point","coordinates":[-107.5223,37.5625]},"properties":{"s":62.1,"pub":true}},{"type":"Feature","geometry":{"type":"Point","coordinates":[-107.5223,37.5683]},"properties":{"s":62.1,"pub":true}},{"type":"Feature","geometry":{"type":"Point","coordinates":[-107.5223,37.5741]},"properties":{"s":62.1,"pub":true}},{"type":"Feature","geometry":{"type":"Point","coordinates":[-107.5223,37.5799]},"properties":{"s":62.1,"pub":true}},{"type":"Feature","geometry":{"type":"Point","coordinates":[-107.5223,37.5857]},"properties":{"s":62.1,"pub":true}},{"type":"Feature","geometry":{"type":"Point","coordinates":[-107.5223,37.5915]},"properties":{"s":62.1,"pub":true}},{"type":"Feature","geometry":{"type":"Point","coordinates":[-107.5223,37.5973]},"properties":{"s":62.1,"pub":true}},{"type":"Feature","geometry":{"type":"Point","coordinates":[-107.5223,37.6031]},"properties":{"s":62.1,"pub":true}},{"type":"Feature","geometry":{"type":"Point","coordinates":[-107.5223,37.6089]},"properties":{"s":62.1,"pub":true}},{"type":"Feature","geometry":{"type":"Point","coordinates":[-107.5223,37.6147]},"properties":{"s":62.1,"pub":true}},{"type":"Feature","geometry":{"type":"Point","coordinates":[-107.5223,37.6205]},"properties":{"s":62.1,"pub":true}},{"type":"Feature","geometry":{"type":"Point","coordinates":[-107.5148,37.0579]},"properties":{"s":31.0,"pub":false}},{"type":"Feature","geometry":{"type":"Point","coordinates":[-107.5148,37.0637]},"properties":{"s":31.0,"pub":false}},{"type":"Feature","geometry":{"type":"Point","coordinates":[-107.5148,37.0695]},"properties":{"s":31.0,"pub":false}},{"type":"Feature","geometry":{"type":"Point","coordinates":[-107.5148,37.0753]},"properties":{"s":34.5,"pub":false}},{"type":"Feature","geometry":{"type":"Point","coordinates":[-107.5148,37.0811]},"properties":{"s":34.5,"pub":false}},{"type":"Feature","geometry":{"type":"Point","coordinates":[-107.5148,37.0869]},"properties":{"s":34.5,"pub":false}},{"type":"Feature","geometry":{"type":"Point","coordinates":[-107.5148,37.0927]},"properties":{"s":34.5,"pub":false}},{"type":"Feature","geometry":{"type":"Point","coordinates":[-107.5148,37.1043]},"properties":{"s":31.0,"pub":false}},{"type":"Feature","geometry":{"type":"Point","coordinates":[-107.5148,37.1101]},"properties":{"s":31.0,"pub":false}},{"type":"Feature","geometry":{"type":"Point","coordinates":[-107.5148,37.1159]},"properties":{"s":31.0,"pub":false}},{"type":"Feature","geometry":{"type":"Point","coordinates":[-107.5148,37.1217]},"properties":{"s":31.0,"pub":false}},{"type":"Feature","geometry":{"type":"Point","coordinates":[-107.5148,37.1275]},"properties":{"s":34.5,"pub":false}},{"type":"Feature","geometry":{"type":"Point","coordinates":[-107.5148,37.1333]},"properties":{"s":34.5,"pub":false}},{"type":"Feature","geometry":{"type":"Point","coordinates":[-107.5148,37.1391]},"properties":{"s":34.5,"pub":false}},{"type":"Feature","geometry":{"type":"Point","coordinates":[-107.5148,37.1449]},"properties":{"s":34.5,"pub":true}},{"type":"Feature","geometry":{"type":"Point","coordinates":[-107.5148,37.1507]},"properties":{"s":34.5,"pub":true}},{"type":"Feature","geometry":{"type":"Point","coordinates":[-107.5148,37.1565]},"properties":{"s":34.5,"pub":true}},{"type":"Feature","geometry":{"type":"Point","coordinates":[-107.5148,37.1623]},"properties":{"s":34.5,"pub":true}},{"type":"Feature","geometry":{"type":"Point","coordinates":[-107.5148,37.1681]},"properties":{"s":34.5,"pub":true}},{"type":"Feature","geometry":{"type":"Point","coordinates":[-107.5148,37.1739]},"properties":{"s":34.5,"pub":true}},{"type":"Feature","geometry":{"type":"Point","coordinates":[-107.5148,37.1797]},"properties":{"s":34.5,"pub":true}},{"type":"Feature","geometry":{"type":"Point","coordinates":[-107.5148,37.1855]},"properties":{"s":34.5,"pub":true}},{"type":"Feature","geometry":{"type":"Point","coordinates":[-107.5148,37.1913]},"properties":{"s":34.5,"pub":true}},{"type":"Feature","geometry":{"type":"Point","coordinates":[-107.5148,37.1971]},"properties":{"s":34.5,"pub":true}},{"type":"Feature","geometry":{"type":"Point","coordinates":[-107.5148,37.2029]},"properties":{"s":34.5,"pub":true}},{"type":"Feature","geometry":{"type":"Point","coordinates":[-107.5148,37.2087]},"properties":{"s":34.5,"pub":true}},{"type":"Feature","geometry":{"type":"Point","coordinates":[-107.5148,37.2145]},"properties":{"s":34.5,"pub":true}},{"type":"Feature","geometry":{"type":"Point","coordinates":[-107.5148,37.2203]},"properties":{"s":34.5,"pub":false}},{"type":"Feature","geometry":{"type":"Point","coordinates":[-107.5148,37.2261]},"properties":{"s":34.5,"pub":true}},{"type":"Feature","geometry":{"type":"Point","coordinates":[-107.5148,37.2319]},"properties":{"s":34.5,"pub":false}},{"type":"Feature","geometry":{"type":"Point","coordinates":[-107.5148,37.2377]},"properties":{"s":34.5,"pub":false}},{"type":"Feature","geometry":{"type":"Point","coordinates":[-107.5148,37.2435]},"properties":{"s":34.5,"pub":true}},{"type":"Feature","geometry":{"type":"Point","coordinates":[-107.5148,37.2493]},"properties":{"s":34.5,"pub":true}},{"type":"Feature","geometry":{"type":"Point","coordinates":[-107.5148,37.2551]},"properties":{"s":34.5,"pub":true}},{"type":"Feature","geometry":{"type":"Point","coordinates":[-107.5148,37.2609]},"properties":{"s":34.5,"pub":true}},{"type":"Feature","geometry":{"type":"Point","coordinates":[-107.5148,37.2667]},"properties":{"s":34.5,"pub":true}},{"type":"Feature","geometry":{"type":"Point","coordinates":[-107.5148,37.3421]},"properties":{"s":48.3,"pub":true}},{"type":"Feature","geometry":{"type":"Point","coordinates":[-107.5148,37.3479]},"properties":{"s":48.3,"pub":true}},{"type":"Feature","geometry":{"type":"Point","coordinates":[-107.5148,37.3537]},"properties":{"s":48.3,"pub":true}},{"type":"Feature","geometry":{"type":"Point","coordinates":[-107.5148,37.3595]},"properties":{"s":48.3,"pub":true}},{"type":"Feature","geometry":{"type":"Point","coordinates":[-107.5148,37.3653]},"properties":{"s":48.3,"pub":true}},{"type":"Feature","geometry":{"type":"Point","coordinates":[-107.5148,37.4755]},"properties":{"s":62.1,"pub":true}},{"type":"Feature","geometry":{"type":"Point","coordinates":[-107.5148,37.4813]},"properties":{"s":62.1,"pub":true}},{"type":"Feature","geometry":{"type":"Point","coordinates":[-107.5148,37.4871]},"properties":{"s":62.1,"pub":true}},{"type":"Feature","geometry":{"type":"Point","coordinates":[-107.5148,37.4929]},"properties":{"s":62.1,"pub":true}},{"type":"Feature","geometry":{"type":"Point","coordinates":[-107.5148,37.4987]},"properties":{"s":62.1,"pub":true}},{"type":"Feature","geometry":{"type":"Point","coordinates":[-107.5148,37.5045]},"properties":{"s":62.1,"pub":true}},{"type":"Feature","geometry":{"type":"Point","coordinates":[-107.5148,37.5103]},"properties":{"s":62.1,"pub":true}},{"type":"Feature","geometry":{"type":"Point","coordinates":[-107.5148,37.5161]},"properties":{"s":62.1,"pub":true}},{"type":"Feature","geometry":{"type":"Point","coordinates":[-107.5148,37.5219]},"properties":{"s":62.1,"pub":true}},{"type":"Feature","geometry":{"type":"Point","coordinates":[-107.5148,37.5277]},"properties":{"s":62.1,"pub":true}},{"type":"Feature","geometry":{"type":"Point","coordinates":[-107.5148,37.5335]},"properties":{"s":62.1,"pub":true}},{"type":"Feature","geometry":{"type":"Point","coordinates":[-107.5148,37.5393]},"properties":{"s":62.1,"pub":true}},{"type":"Feature","geometry":{"type":"Point","coordinates":[-107.5148,37.5451]},"properties":{"s":62.1,"pub":true}},{"type":"Feature","geometry":{"type":"Point","coordinates":[-107.5148,37.5509]},"properties":{"s":62.1,"pub":true}},{"type":"Feature","geometry":{"type":"Point","coordinates":[-107.5148,37.5567]},"properties":{"s":62.1,"pub":true}},{"type":"Feature","geometry":{"type":"Point","coordinates":[-107.5148,37.5625]},"properties":{"s":62.1,"pub":true}},{"type":"Feature","geometry":{"type":"Point","coordinates":[-107.5148,37.5683]},"properties":{"s":62.1,"pub":true}},{"type":"Feature","geometry":{"type":"Point","coordinates":[-107.5148,37.5741]},"properties":{"s":62.1,"pub":true}},{"type":"Feature","geometry":{"type":"Point","coordinates":[-107.5148,37.5799]},"properties":{"s":62.1,"pub":true}},{"type":"Feature","geometry":{"type":"Point","coordinates":[-107.5148,37.5857]},"properties":{"s":62.1,"pub":true}},{"type":"Feature","geometry":{"type":"Point","coordinates":[-107.5148,37.5915]},"properties":{"s":62.1,"pub":true}},{"type":"Feature","geometry":{"type":"Point","coordinates":[-107.5148,37.5973]},"properties":{"s":62.1,"pub":true}},{"type":"Feature","geometry":{"type":"Point","coordinates":[-107.5148,37.6031]},"properties":{"s":62.1,"pub":true}},{"type":"Feature","geometry":{"type":"Point","coordinates":[-107.5148,37.6089]},"properties":{"s":62.1,"pub":true}},{"type":"Feature","geometry":{"type":"Point","coordinates":[-107.5148,37.6147]},"properties":{"s":62.1,"pub":true}},{"type":"Feature","geometry":{"type":"Point","coordinates":[-107.5148,37.6205]},"properties":{"s":62.1,"pub":true}},{"type":"Feature","geometry":{"type":"Point","coordinates":[-107.5148,37.6263]},"properties":{"s":62.1,"pub":true}},{"type":"Feature","geometry":{"type":"Point","coordinates":[-107.5073,37.0753]},"properties":{"s":34.5,"pub":false}},{"type":"Feature","geometry":{"type":"Point","coordinates":[-107.5073,37.0811]},"properties":{"s":34.5,"pub":false}},{"type":"Feature","geometry":{"type":"Point","coordinates":[-107.5073,37.0869]},"properties":{"s":34.5,"pub":false}},{"type":"Feature","geometry":{"type":"Point","coordinates":[-107.5073,37.1101]},"properties":{"s":31.0,"pub":false}},{"type":"Feature","geometry":{"type":"Point","coordinates":[-107.5073,37.1159]},"properties":{"s":31.0,"pub":false}},{"type":"Feature","geometry":{"type":"Point","coordinates":[-107.5073,37.1217]},"properties":{"s":31.0,"pub":false}},{"type":"Feature","geometry":{"type":"Point","coordinates":[-107.5073,37.1275]},"properties":{"s":34.5,"pub":false}},{"type":"Feature","geometry":{"type":"Point","coordinates":[-107.5073,37.1333]},"properties":{"s":34.5,"pub":false}},{"type":"Feature","geometry":{"type":"Point","coordinates":[-107.5073,37.1391]},"properties":{"s":34.5,"pub":false}},{"type":"Feature","geometry":{"type":"Point","coordinates":[-107.5073,37.1449]},"properties":{"s":34.5,"pub":true}},{"type":"Feature","geometry":{"type":"Point","coordinates":[-107.5073,37.1507]},"properties":{"s":34.5,"pub":true}},{"type":"Feature","geometry":{"type":"Point","coordinates":[-107.5073,37.1565]},"properties":{"s":34.5,"pub":true}},{"type":"Feature","geometry":{"type":"Point","coordinates":[-107.5073,37.1623]},"properties":{"s":34.5,"pub":true}},{"type":"Feature","geometry":{"type":"Point","coordinates":[-107.5073,37.1681]},"properties":{"s":34.5,"pub":true}},{"type":"Feature","geometry":{"type":"Point","coordinates":[-107.5073,37.1739]},"properties":{"s":34.5,"pub":true}},{"type":"Feature","geometry":{"type":"Point","coordinates":[-107.5073,37.1797]},"properties":{"s":34.5,"pub":true}},{"type":"Feature","geometry":{"type":"Point","coordinates":[-107.5073,37.1855]},"properties":{"s":34.5,"pub":true}},{"type":"Feature","geometry":{"type":"Point","coordinates":[-107.5073,37.1913]},"properties":{"s":34.5,"pub":true}},{"type":"Feature","geometry":{"type":"Point","coordinates":[-107.5073,37.1971]},"properties":{"s":34.5,"pub":true}},{"type":"Feature","geometry":{"type":"Point","coordinates":[-107.5073,37.2029]},"properties":{"s":34.5,"pub":true}},{"type":"Feature","geometry":{"type":"Point","coordinates":[-107.5073,37.2087]},"properties":{"s":34.5,"pub":true}},{"type":"Feature","geometry":{"type":"Point","coordinates":[-107.5073,37.2145]},"properties":{"s":34.5,"pub":true}},{"type":"Feature","geometry":{"type":"Point","coordinates":[-107.5073,37.2203]},"properties":{"s":34.5,"pub":false}},{"type":"Feature","geometry":{"type":"Point","coordinates":[-107.5073,37.2261]},"properties":{"s":34.5,"pub":true}},{"type":"Feature","geometry":{"type":"Point","coordinates":[-107.5073,37.2319]},"properties":{"s":34.5,"pub":true}},{"type":"Feature","geometry":{"type":"Point","coordinates":[-107.5073,37.2377]},"properties":{"s":34.5,"pub":true}},{"type":"Feature","geometry":{"type":"Point","coordinates":[-107.5073,37.2435]},"properties":{"s":34.5,"pub":true}},{"type":"Feature","geometry":{"type":"Point","coordinates":[-107.5073,37.2493]},"properties":{"s":34.5,"pub":true}},{"type":"Feature","geometry":{"type":"Point","coordinates":[-107.5073,37.2551]},"properties":{"s":34.5,"pub":true}},{"type":"Feature","geometry":{"type":"Point","coordinates":[-107.5073,37.2609]},"properties":{"s":34.5,"pub":true}},{"type":"Feature","geometry":{"type":"Point","coordinates":[-107.5073,37.2667]},"properties":{"s":34.5,"pub":true}},{"type":"Feature","geometry":{"type":"Point","coordinates":[-107.5073,37.3421]},"properties":{"s":48.3,"pub":true}},{"type":"Feature","geometry":{"type":"Point","coordinates":[-107.5073,37.3479]},"properties":{"s":48.3,"pub":true}},{"type":"Feature","geometry":{"type":"Point","coordinates":[-107.5073,37.3537]},"properties":{"s":48.3,"pub":true}},{"type":"Feature","geometry":{"type":"Point","coordinates":[-107.5073,37.3595]},"properties":{"s":48.3,"pub":true}},{"type":"Feature","geometry":{"type":"Point","coordinates":[-107.5073,37.3653]},"properties":{"s":48.3,"pub":true}},{"type":"Feature","geometry":{"type":"Point","coordinates":[-107.5073,37.3711]},"properties":{"s":51.7,"pub":true}},{"type":"Feature","geometry":{"type":"Point","coordinates":[-107.5073,37.4001]},"properties":{"s":55.2,"pub":true}},{"type":"Feature","geometry":{"type":"Point","coordinates":[-107.5073,37.4755]},"properties":{"s":62.1,"pub":true}},{"type":"Feature","geometry":{"type":"Point","coordinates":[-107.5073,37.4813]},"properties":{"s":62.1,"pub":true}},{"type":"Feature","geometry":{"type":"Point","coordinates":[-107.5073,37.4871]},"properties":{"s":62.1,"pub":true}},{"type":"Feature","geometry":{"type":"Point","coordinates":[-107.5073,37.4929]},"properties":{"s":62.1,"pub":true}},{"type":"Feature","geometry":{"type":"Point","coordinates":[-107.5073,37.4987]},"properties":{"s":62.1,"pub":true}},{"type":"Feature","geometry":{"type":"Point","coordinates":[-107.5073,37.5045]},"properties":{"s":62.1,"pub":true}},{"type":"Feature","geometry":{"type":"Point","coordinates":[-107.5073,37.5103]},"properties":{"s":62.1,"pub":true}},{"type":"Feature","geometry":{"type":"Point","coordinates":[-107.5073,37.5161]},"properties":{"s":62.1,"pub":true}},{"type":"Feature","geometry":{"type":"Point","coordinates":[-107.5073,37.5219]},"properties":{"s":62.1,"pub":true}},{"type":"Feature","geometry":{"type":"Point","coordinates":[-107.5073,37.5277]},"properties":{"s":62.1,"pub":true}},{"type":"Feature","geometry":{"type":"Point","coordinates":[-107.5073,37.5335]},"properties":{"s":62.1,"pub":true}},{"type":"Feature","geometry":{"type":"Point","coordinates":[-107.5073,37.5393]},"properties":{"s":62.1,"pub":true}},{"type":"Feature","geometry":{"type":"Point","coordinates":[-107.5073,37.5451]},"properties":{"s":62.1,"pub":true}},{"type":"Feature","geometry":{"type":"Point","coordinates":[-107.5073,37.5509]},"properties":{"s":62.1,"pub":true}},{"type":"Feature","geometry":{"type":"Point","coordinates":[-107.5073,37.5567]},"properties":{"s":62.1,"pub":true}},{"type":"Feature","geometry":{"type":"Point","coordinates":[-107.5073,37.5625]},"properties":{"s":62.1,"pub":true}},{"type":"Feature","geometry":{"type":"Point","coordinates":[-107.5073,37.5683]},"properties":{"s":62.1,"pub":true}},{"type":"Feature","geometry":{"type":"Point","coordinates":[-107.5073,37.5741]},"properties":{"s":62.1,"pub":true}},{"type":"Feature","geometry":{"type":"Point","coordinates":[-107.5073,37.5799]},"properties":{"s":62.1,"pub":true}},{"type":"Feature","geometry":{"type":"Point","coordinates":[-107.5073,37.5857]},"properties":{"s":62.1,"pub":true}},{"type":"Feature","geometry":{"type":"Point","coordinates":[-107.5073,37.5915]},"properties":{"s":62.1,"pub":true}},{"type":"Feature","geometry":{"type":"Point","coordinates":[-107.5073,37.5973]},"properties":{"s":62.1,"pub":true}},{"type":"Feature","geometry":{"type":"Point","coordinates":[-107.5073,37.6031]},"properties":{"s":62.1,"pub":true}},{"type":"Feature","geometry":{"type":"Point","coordinates":[-107.5073,37.6089]},"properties":{"s":62.1,"pub":true}},{"type":"Feature","geometry":{"type":"Point","coordinates":[-107.5073,37.6147]},"properties":{"s":62.1,"pub":true}},{"type":"Feature","geometry":{"type":"Point","coordinates":[-107.5073,37.6205]},"properties":{"s":62.1,"pub":true}},{"type":"Feature","geometry":{"type":"Point","coordinates":[-107.5073,37.6263]},"properties":{"s":62.1,"pub":true}},{"type":"Feature","geometry":{"type":"Point","coordinates":[-107.4998,37.1159]},"properties":{"s":31.0,"pub":false}},{"type":"Feature","geometry":{"type":"Point","coordinates":[-107.4998,37.1217]},"properties":{"s":31.0,"pub":false}},{"type":"Feature","geometry":{"type":"Point","coordinates":[-107.4998,37.1275]},"properties":{"s":31.0,"pub":false}},{"type":"Feature","geometry":{"type":"Point","coordinates":[-107.4998,37.1333]},"properties":{"s":34.5,"pub":false}},{"type":"Feature","geometry":{"type":"Point","coordinates":[-107.4998,37.1391]},"properties":{"s":34.5,"pub":false}},{"type":"Feature","geometry":{"type":"Point","coordinates":[-107.4998,37.1449]},"properties":{"s":34.5,"pub":true}},{"type":"Feature","geometry":{"type":"Point","coordinates":[-107.4998,37.1507]},"properties":{"s":34.5,"pub":true}},{"type":"Feature","geometry":{"type":"Point","coordinates":[-107.4998,37.1565]},"properties":{"s":34.5,"pub":true}},{"type":"Feature","geometry":{"type":"Point","coordinates":[-107.4998,37.1623]},"properties":{"s":34.5,"pub":true}},{"type":"Feature","geometry":{"type":"Point","coordinates":[-107.4998,37.1681]},"properties":{"s":34.5,"pub":true}},{"type":"Feature","geometry":{"type":"Point","coordinates":[-107.4998,37.1739]},"properties":{"s":34.5,"pub":true}},{"type":"Feature","geometry":{"type":"Point","coordinates":[-107.4998,37.1797]},"properties":{"s":34.5,"pub":true}},{"type":"Feature","geometry":{"type":"Point","coordinates":[-107.4998,37.1855]},"properties":{"s":34.5,"pub":true}},{"type":"Feature","geometry":{"type":"Point","coordinates":[-107.4998,37.1913]},"properties":{"s":34.5,"pub":true}},{"type":"Feature","geometry":{"type":"Point","coordinates":[-107.4998,37.1971]},"properties":{"s":34.5,"pub":true}},{"type":"Feature","geometry":{"type":"Point","coordinates":[-107.4998,37.2029]},"properties":{"s":34.5,"pub":true}},{"type":"Feature","geometry":{"type":"Point","coordinates":[-107.4998,37.2087]},"properties":{"s":34.5,"pub":true}},{"type":"Feature","geometry":{"type":"Point","coordinates":[-107.4998,37.2145]},"properties":{"s":34.5,"pub":true}},{"type":"Feature","geometry":{"type":"Point","coordinates":[-107.4998,37.2203]},"properties":{"s":34.5,"pub":true}},{"type":"Feature","geometry":{"type":"Point","coordinates":[-107.4998,37.2261]},"properties":{"s":34.5,"pub":true}},{"type":"Feature","geometry":{"type":"Point","coordinates":[-107.4998,37.2319]},"properties":{"s":34.5,"pub":true}},{"type":"Feature","geometry":{"type":"Point","coordinates":[-107.4998,37.2377]},"properties":{"s":34.5,"pub":true}},{"type":"Feature","geometry":{"type":"Point","coordinates":[-107.4998,37.2435]},"properties":{"s":34.5,"pub":true}},{"type":"Feature","geometry":{"type":"Point","coordinates":[-107.4998,37.2493]},"properties":{"s":34.5,"pub":true}},{"type":"Feature","geometry":{"type":"Point","coordinates":[-107.4998,37.2551]},"properties":{"s":34.5,"pub":true}},{"type":"Feature","geometry":{"type":"Point","coordinates":[-107.4998,37.2609]},"properties":{"s":34.5,"pub":true}},{"type":"Feature","geometry":{"type":"Point","coordinates":[-107.4998,37.2667]},"properties":{"s":34.5,"pub":true}},{"type":"Feature","geometry":{"type":"Point","coordinates":[-107.4998,37.3421]},"properties":{"s":48.3,"pub":true}},{"type":"Feature","geometry":{"type":"Point","coordinates":[-107.4998,37.3479]},"properties":{"s":48.3,"pub":true}},{"type":"Feature","geometry":{"type":"Point","coordinates":[-107.4998,37.3537]},"properties":{"s":48.3,"pub":true}},{"type":"Feature","geometry":{"type":"Point","coordinates":[-107.4998,37.3595]},"properties":{"s":48.3,"pub":true}},{"type":"Feature","geometry":{"type":"Point","coordinates":[-107.4998,37.3653]},"properties":{"s":48.3,"pub":true}},{"type":"Feature","geometry":{"type":"Point","coordinates":[-107.4998,37.3711]},"properties":{"s":51.7,"pub":true}},{"type":"Feature","geometry":{"type":"Point","coordinates":[-107.4998,37.3769]},"properties":{"s":55.2,"pub":true}},{"type":"Feature","geometry":{"type":"Point","coordinates":[-107.4998,37.3827]},"properties":{"s":55.2,"pub":true}},{"type":"Feature","geometry":{"type":"Point","coordinates":[-107.4998,37.3885]},"properties":{"s":55.2,"pub":true}},{"type":"Feature","geometry":{"type":"Point","coordinates":[-107.4998,37.3943]},"properties":{"s":55.2,"pub":true}},{"type":"Feature","geometry":{"type":"Point","coordinates":[-107.4998,37.4001]},"properties":{"s":55.2,"pub":true}},{"type":"Feature","geometry":{"type":"Point","coordinates":[-107.4998,37.4059]},"properties":{"s":55.2,"pub":true}},{"type":"Feature","geometry":{"type":"Point","coordinates":[-107.4998,37.4117]},"properties":{"s":55.2,"pub":true}},{"type":"Feature","geometry":{"type":"Point","coordinates":[-107.4998,37.4175]},"properties":{"s":51.7,"pub":false}},{"type":"Feature","geometry":{"type":"Point","coordinates":[-107.4998,37.4755]},"properties":{"s":62.1,"pub":true}},{"type":"Feature","geometry":{"type":"Point","coordinates":[-107.4998,37.4813]},"properties":{"s":62.1,"pub":true}},{"type":"Feature","geometry":{"type":"Point","coordinates":[-107.4998,37.4871]},"properties":{"s":62.1,"pub":true}},{"type":"Feature","geometry":{"type":"Point","coordinates":[-107.4998,37.4929]},"properties":{"s":62.1,"pub":true}},{"type":"Feature","geometry":{"type":"Point","coordinates":[-107.4998,37.4987]},"properties":{"s":62.1,"pub":true}},{"type":"Feature","geometry":{"type":"Point","coordinates":[-107.4998,37.5045]},"properties":{"s":62.1,"pub":true}},{"type":"Feature","geometry":{"type":"Point","coordinates":[-107.4998,37.5103]},"properties":{"s":62.1,"pub":true}},{"type":"Feature","geometry":{"type":"Point","coordinates":[-107.4998,37.5161]},"properties":{"s":62.1,"pub":true}},{"type":"Feature","geometry":{"type":"Point","coordinates":[-107.4998,37.5219]},"properties":{"s":62.1,"pub":true}},{"type":"Feature","geometry":{"type":"Point","coordinates":[-107.4998,37.5277]},"properties":{"s":62.1,"pub":true}},{"type":"Feature","geometry":{"type":"Point","coordinates":[-107.4998,37.5335]},"properties":{"s":62.1,"pub":true}},{"type":"Feature","geometry":{"type":"Point","coordinates":[-107.4998,37.5393]},"properties":{"s":62.1,"pub":true}},{"type":"Feature","geometry":{"type":"Point","coordinates":[-107.4998,37.5451]},"properties":{"s":62.1,"pub":true}},{"type":"Feature","geometry":{"type":"Point","coordinates":[-107.4998,37.5509]},"properties":{"s":62.1,"pub":true}},{"type":"Feature","geometry":{"type":"Point","coordinates":[-107.4998,37.5567]},"properties":{"s":62.1,"pub":true}},{"type":"Feature","geometry":{"type":"Point","coordinates":[-107.4998,37.5625]},"properties":{"s":62.1,"pub":true}},{"type":"Feature","geometry":{"type":"Point","coordinates":[-107.4998,37.5683]},"properties":{"s":62.1,"pub":true}},{"type":"Feature","geometry":{"type":"Point","coordinates":[-107.4998,37.5741]},"properties":{"s":62.1,"pub":true}},{"type":"Feature","geometry":{"type":"Point","coordinates":[-107.4998,37.5799]},"properties":{"s":62.1,"pub":true}},{"type":"Feature","geometry":{"type":"Point","coordinates":[-107.4998,37.5857]},"properties":{"s":62.1,"pub":true}},{"type":"Feature","geometry":{"type":"Point","coordinates":[-107.4998,37.5915]},"properties":{"s":62.1,"pub":true}},{"type":"Feature","geometry":{"type":"Point","coordinates":[-107.4998,37.5973]},"properties":{"s":62.1,"pub":true}},{"type":"Feature","geometry":{"type":"Point","coordinates":[-107.4998,37.6031]},"properties":{"s":62.1,"pub":true}}]}