{"type":"FeatureCollection","features":[{"type":"Feature","geometry":{"type":"Point","coordinates":[-105.3889,38.0824]},"properties":{"s":31.0,"pub":false}},{"type":"Feature","geometry":{"type":"Point","coordinates":[-105.3889,38.0882]},"properties":{"s":31.0,"pub":true}},{"type":"Feature","geometry":{"type":"Point","coordinates":[-105.3889,38.094]},"properties":{"s":31.0,"pub":true}},{"type":"Feature","geometry":{"type":"Point","coordinates":[-105.3814,38.0766]},"properties":{"s":31.0,"pub":false}},{"type":"Feature","geometry":{"type":"Point","coordinates":[-105.3814,38.0824]},"properties":{"s":31.0,"pub":false}},{"type":"Feature","geometry":{"type":"Point","coordinates":[-105.3814,38.0882]},"properties":{"s":31.0,"pub":true}},{"type":"Feature","geometry":{"type":"Point","coordinates":[-105.3814,38.094]},"properties":{"s":31.0,"pub":true}},{"type":"Feature","geometry":{"type":"Point","coordinates":[-105.3814,38.0998]},"properties":{"s":31.0,"pub":false}},{"type":"Feature","geometry":{"type":"Point","coordinates":[-105.3814,38.1056]},"properties":{"s":31.0,"pub":false}},{"type":"Feature","geometry":{"type":"Point","coordinates":[-105.3814,38.1114]},"properties":{"s":31.0,"pub":false}},{"type":"Feature","geometry":{"type":"Point","coordinates":[-105.3739,38.0708]},"properties":{"s":31.0,"pub":false}},{"type":"Feature","geometry":{"type":"Point","coordinates":[-105.3739,38.0766]},"properties":{"s":31.0,"pub":false}},{"type":"Feature","geometry":{"type":"Point","coordinates":[-105.3739,38.0824]},"properties":{"s":31.0,"pub":false}},{"type":"Feature","geometry":{"type":"Point","coordinates":[-105.3739,38.0882]},"properties":{"s":31.0,"pub":false}},{"type":"Feature","geometry":{"type":"Point","coordinates":[-105.3739,38.094]},"properties":{"s":31.0,"pub":false}},{"type":"Feature","geometry":{"type":"Point","coordinates":[-105.3739,38.0998]},"properties":{"s":31.0,"pub":false}},{"type":"Feature","geometry":{"type":"Point","coordinates":[-105.3739,38.1056]},"properties":{"s":31.0,"pub":false}},{"type":"Feature","geometry":{"type":"Point","coordinates":[-105.3739,38.1114]},"properties":{"s":31.0,"pub":false}},{"type":"Feature","geometry":{"type":"Point","coordinates":[-105.3739,38.1172]},"properties":{"s":31.0,"pub":false}},{"type":"Feature","geometry":{"type":"Point","coordinates":[-105.3664,38.065]},"properties":{"s":31.0,"pub":false}},{"type":"Feature","geometry":{"type":"Point","coordinates":[-105.3664,38.0708]},"properties":{"s":31.0,"pub":false}},{"type":"Feature","geometry":{"type":"Point","coordinates":[-105.3664,38.0766]},"properties":{"s":31.0,"pub":false}},{"type":"Feature","geometry":{"type":"Point","coordinates":[-105.3664,38.0824]},"properties":{"s":31.0,"pub":false}},{"type":"Feature","geometry":{"type":"Point","coordinates":[-105.3664,38.0882]},"properties":{"s":31.0,"pub":false}},{"type":"Feature","geometry":{"type":"Point","coordinates":[-105.3664,38.094]},"properties":{"s":31.0,"pub":false}},{"type":"Feature","geometry":{"type":"Point","coordinates":[-105.3664,38.0998]},"properties":{"s":31.0,"pub":false}},{"type":"Feature","geometry":{"type":"Point","coordinates":[-105.3664,38.1056]},"properties":{"s":31.0,"pub":false}},{"type":"Feature","geometry":{"type":"Point","coordinates":[-105.3664,38.1114]},"properties":{"s":31.0,"pub":false}},{"type":"Feature","geometry":{"type":"Point","coordinates":[-105.3664,38.1172]},"properties":{"s":31.0,"pub":false}},{"type":"Feature","geometry":{"type":"Point","coordinates":[-105.3664,38.123]},"properties":{"s":31.0,"pub":true}},{"type":"Feature","geometry":{"type":"Point","coordinates":[-105.3664,38.1288]},"properties":{"s":31.0,"pub":true}},{"type":"Feature","geometry":{"type":"Point","coordinates":[-105.3589,38.0592]},"properties":{"s":31.0,"pub":false}},{"type":"Feature","geometry":{"type":"Point","coordinates":[-105.3589,38.065]},"properties":{"s":31.0,"pub":false}},{"type":"Feature","geometry":{"type":"Point","coordinates":[-105.3589,38.0708]},"properties":{"s":31.0,"pub":false}},{"type":"Feature","geometry":{"type":"Point","coordinates":[-105.3589,38.0766]},"properties":{"s":31.0,"pub":false}},{"type":"Feature","geometry":{"type":"Point","coordinates":[-105.3589,38.0824]},"properties":{"s":31.0,"pub":false}},{"type":"Feature","geometry":{"type":"Point","coordinates":[-105.3589,38.0882]},"properties":{"s":31.0,"pub":false}},{"type":"Feature","geometry":{"type":"Point","coordinates":[-105.3589,38.094]},"properties":{"s":31.0,"pub":false}},{"type":"Feature","geometry":{"type":"Point","coordinates":[-105.3589,38.0998]},"properties":{"s":31.0,"pub":false}},{"type":"Feature","geometry":{"type":"Point","coordinates":[-105.3589,38.1056]},"properties":{"s":31.0,"pub":false}},{"type":"Feature","geometry":{"type":"Point","coordinates":[-105.3589,38.1114]},"properties":{"s":31.0,"pub":false}},{"type":"Feature","geometry":{"type":"Point","coordinates":[-105.3589,38.1172]},"properties":{"s":31.0,"pub":true}},{"type":"Feature","geometry":{"type":"Point","coordinates":[-105.3589,38.123]},"properties":{"s":31.0,"pub":true}},{"type":"Feature","geometry":{"type":"Point","coordinates":[-105.3589,38.1288]},"properties":{"s":31.0,"pub":true}},{"type":"Feature","geometry":{"type":"Point","coordinates":[-105.3589,38.1346]},"properties":{"s":31.0,"pub":false}},{"type":"Feature","geometry":{"type":"Point","coordinates":[-105.3514,38.0592]},"properties":{"s":31.0,"pub":false}},{"type":"Feature","geometry":{"type":"Point","coordinates":[-105.3514,38.065]},"properties":{"s":31.0,"pub":false}},{"type":"Feature","geometry":{"type":"Point","coordinates":[-105.3514,38.0708]},"properties":{"s":31.0,"pub":false}},{"type":"Feature","geometry":{"type":"Point","coordinates":[-105.3514,38.0766]},"properties":{"s":31.0,"pub":false}},{"type":"Feature","geometry":{"type":"Point","coordinates":[-105.3514,38.0824]},"properties":{"s":31.0,"pub":false}},{"type":"Feature","geometry":{"type":"Point","coordinates":[-105.3514,38.0882]},"properties":{"s":31.0,"pub":false}},{"type":"Feature","geometry":{"type":"Point","coordinates":[-105.3514,38.094]},"properties":{"s":31.0,"pub":false}},{"type":"Feature","geometry":{"type":"Point","coordinates":[-105.3514,38.0998]},"properties":{"s":31.0,"pub":false}},{"type":"Feature","geometry":{"type":"Point","coordinates":[-105.3514,38.1056]},"properties":{"s":31.0,"pub":false}},{"type":"Feature","geometry":{"type":"Point","coordinates":[-105.3514,38.1114]},"properties":{"s":31.0,"pub":false}},{"type":"Feature","geometry":{"type":"Point","coordinates":[-105.3514,38.1172]},"properties":{"s":31.0,"pub":false}},{"type":"Feature","geometry":{"type":"Point","coordinates":[-105.3514,38.123]},"properties":{"s":31.0,"pub":false}},{"type":"Feature","geometry":{"type":"Point","coordinates":[-105.3514,38.1288]},"properties":{"s":31.0,"pub":false}},{"type":"Feature","geometry":{"type":"Point","coordinates":[-105.3514,38.1346]},"properties":{"s":31.0,"pub":false}},{"type":"Feature","geometry":{"type":"Point","coordinates":[-105.3514,38.1404]},"properties":{"s":31.0,"pub":false}},{"type":"Feature","geometry":{"type":"Point","coordinates":[-105.3439,38.0534]},"properties":{"s":31.0,"pub":false}},{"type":"Feature","geometry":{"type":"Point","coordinates":[-105.3439,38.0592]},"properties":{"s":31.0,"pub":false}},{"type":"Feature","geometry":{"type":"Point","coordinates":[-105.3439,38.065]},"properties":{"s":31.0,"pub":false}},{"type":"Feature","geometry":{"type":"Point","coordinates":[-105.3439,38.0708]},"properties":{"s":31.0,"pub":false}},{"type":"Feature","geometry":{"type":"Point","coordinates":[-105.3439,38.0766]},"properties":{"s":31.0,"pub":false}},{"type":"Feature","geometry":{"type":"Point","coordinates":[-105.3439,38.0824]},"properties":{"s":31.0,"pub":false}},{"type":"Feature","geometry":{"type":"Point","coordinates":[-105.3439,38.0882]},"properties":{"s":31.0,"pub":false}},{"type":"Feature","geometry":{"type":"Point","coordinates":[-105.3439,38.094]},"properties":{"s":31.0,"pub":false}},{"type":"Feature","geometry":{"type":"Point","coordinates":[-105.3439,38.0998]},"properties":{"s":31.0,"pub":true}},{"type":"Feature","geometry":{"type":"Point","coordinates":[-105.3439,38.1056]},"properties":{"s":31.0,"pub":true}},{"type":"Feature","geometry":{"type":"Point","coordinates":[-105.3439,38.1114]},"properties":{"s":31.0,"pub":false}},{"type":"Feature","geometry":{"type":"Point","coordinates":[-105.3439,38.1172]},"properties":{"s":31.0,"pub":false}},{"type":"Feature","geometry":{"type":"Point","coordinates":[-105.3439,38.123]},"properties":{"s":31.0,"pub":false}},{"type":"Feature","geometry":{"type":"Point","coordinates":[-105.3439,38.1288]},"properties":{"s":31.0,"pub":false}},{"type":"Feature","geometry":{"type":"Point","coordinates":[-105.3439,38.1346]},"properties":{"s":31.0,"pub":false}},{"type":"Feature","geometry":{"type":"Point","coordinates":[-105.3364,38.0534]},"properties":{"s":31.0,"pub":true}},{"type":"Feature","geometry":{"type":"Point","coordinates":[-105.3364,38.0592]},"properties":{"s":31.0,"pub":false}},{"type":"Feature","geometry":{"type":"Point","coordinates":[-105.3364,38.065]},"properties":{"s":31.0,"pub":false}},{"type":"Feature","geometry":{"type":"Point","coordinates":[-105.3364,38.0708]},"properties":{"s":31.0,"pub":false}},{"type":"Feature","geometry":{"type":"Point","coordinates":[-105.3364,38.0766]},"properties":{"s":31.0,"pub":false}},{"type":"Feature","geometry":{"type":"Point","coordinates":[-105.3364,38.0824]},"properties":{"s":31.0,"pub":false}},{"type":"Feature","geometry":{"type":"Point","coordinates":[-105.3364,38.0882]},"properties":{"s":31.0,"pub":false}},{"type":"Feature","geometry":{"type":"Point","coordinates":[-105.3364,38.094]},"properties":{"s":31.0,"pub":false}},{"type":"Feature","geometry":{"type":"Point","coordinates":[-105.3364,38.0998]},"properties":{"s":31.0,"pub":false}},{"type":"Feature","geometry":{"type":"Point","coordinates":[-105.3364,38.1056]},"properties":{"s":31.0,"pub":false}},{"type":"Feature","geometry":{"type":"Point","coordinates":[-105.3364,38.1114]},"properties":{"s":31.0,"pub":true}},{"type":"Feature","geometry":{"type":"Point","coordinates":[-105.3364,38.1172]},"properties":{"s":31.0,"pub":false}},{"type":"Feature","geometry":{"type":"Point","coordinates":[-105.3364,38.123]},"properties":{"s":31.0,"pub":false}},{"type":"Feature","geometry":{"type":"Point","coordinates":[-105.3364,38.1288]},"properties":{"s":31.0,"pub":false}},{"type":"Feature","geometry":{"type":"Point","coordinates":[-105.3364,38.1346]},"properties":{"s":31.0,"pub":true}},{"type":"Feature","geometry":{"type":"Point","coordinates":[-105.3289,37.9258]},"properties":{"s":31.0,"pub":false}},{"type":"Feature","geometry":{"type":"Point","coordinates":[-105.3289,37.9316]},"properties":{"s":31.0,"pub":false}},{"type":"Feature","geometry":{"type":"Point","coordinates":[-105.3289,38.0476]},"properties":{"s":31.0,"pub":true}},{"type":"Feature","geometry":{"type":"Point","coordinates":[-105.3289,38.0534]},"properties":{"s":31.0,"pub":true}},{"type":"Feature","geometry":{"type":"Point","coordinates":[-105.3289,38.0592]},"properties":{"s":31.0,"pub":false}},{"type":"Feature","geometry":{"type":"Point","coordinates":[-105.3289,38.065]},"properties":{"s":31.0,"pub":false}},{"type":"Feature","geometry":{"type":"Point","coordinates":[-105.3289,38.0708]},"properties":{"s":58.6,"pub":false}},{"type":"Feature","geometry":{"type":"Point","coordinates":[-105.3289,38.0766]},"properties":{"s":58.6,"pub":false}},{"type":"Feature","geometry":{"type":"Point","coordinates":[-105.3289,38.0824]},"properties":{"s":58.6,"pub":false}},{"type":"Feature","geometry":{"type":"Point","coordinates":[-105.3289,38.0882]},"properties":{"s":31.0,"pub":false}},{"type":"Feature","geometry":{"type":"Point","coordinates":[-105.3289,38.094]},"properties":{"s":31.0,"pub":false}},{"type":"Feature","geometry":{"type":"Point","coordinates":[-105.3289,38.0998]},"properties":{"s":31.0,"pub":false}},{"type":"Feature","geometry":{"type":"Point","coordinates":[-105.3289,38.1056]},"properties":{"s":31.0,"pub":false}},{"type":"Feature","geometry":{"type":"Point","coordinates":[-105.3289,38.1114]},"properties":{"s":31.0,"pub":false}},{"type":"Feature","geometry":{"type":"Point","coordinates":[-105.3289,38.1172]},"properties":{"s":31.0,"pub":false}},{"type":"Feature","geometry":{"type":"Point","coordinates":[-105.3289,38.123]},"properties":{"s":31.0,"pub":false}},{"type":"Feature","geometry":{"type":"Point","coordinates":[-105.3289,38.1288]},"properties":{"s":31.0,"pub":false}},{"type":"Feature","geometry":{"type":"Point","coordinates":[-105.3289,38.1346]},"properties":{"s":31.0,"pub":false}},{"type":"Feature","geometry":{"type":"Point","coordinates":[-105.3289,38.1404]},"properties":{"s":31.0,"pub":false}},{"type":"Feature","geometry":{"type":"Point","coordinates":[-105.3214,37.8678]},"properties":{"s":31.0,"pub":false}},{"type":"Feature","geometry":{"type":"Point","coordinates":[-105.3214,37.8736]},"properties":{"s":31.0,"pub":false}},{"type":"Feature","geometry":{"type":"Point","coordinates":[-105.3214,37.9142]},"properties":{"s":31.0,"pub":false}},{"type":"Feature","geometry":{"type":"Point","coordinates":[-105.3214,37.92]},"properties":{"s":31.0,"pub":false}},{"type":"Feature","geometry":{"type":"Point","coordinates":[-105.3214,37.9258]},"properties":{"s":31.0,"pub":false}},{"type":"Feature","geometry":{"type":"Point","coordinates":[-105.3214,37.9316]},"properties":{"s":31.0,"pub":false}},{"type":"Feature","geometry":{"type":"Point","coordinates":[-105.3214,37.9374]},"properties":{"s":31.0,"pub":false}},{"type":"Feature","geometry":{"type":"Point","coordinates":[-105.3214,38.0418]},"properties":{"s":31.0,"pub":false}},{"type":"Feature","geometry":{"type":"Point","coordinates":[-105.3214,38.0476]},"properties":{"s":31.0,"pub":false}},{"type":"Feature","geometry":{"type":"Point","coordinates":[-105.3214,38.0534]},"properties":{"s":31.0,"pub":false}},{"type":"Feature","geometry":{"type":"Point","coordinates":[-105.3214,38.0592]},"properties":{"s":31.0,"pub":false}},{"type":"Feature","geometry":{"type":"Point","coordinates":[-105.3214,38.065]},"properties":{"s":58.6,"pub":false}},{"type":"Feature","geometry":{"type":"Point","coordinates":[-105.3214,38.0708]},"properties":{"s":58.6,"pub":false}},{"type":"Feature","geometry":{"type":"Point","coordinates":[-105.3214,38.0766]},"properties":{"s":58.6,"pub":false}},{"type":"Feature","geometry":{"type":"Point","coordinates":[-105.3214,38.0824]},"properties":{"s":58.6,"pub":false}},{"type":"Feature","geometry":{"type":"Point","coordinates":[-105.3214,38.0882]},"properties":{"s":58.6,"pub":false}},{"type":"Feature","geometry":{"type":"Point","coordinates":[-105.3214,38.094]},"properties":{"s":31.0,"pub":false}},{"type":"Feature","geometry":{"type":"Point","coordinates":[-105.3214,38.0998]},"properties":{"s":31.0,"pub":false}},{"type":"Feature","geometry":{"type":"Point","coordinates":[-105.3214,38.1056]},"properties":{"s":31.0,"pub":false}},{"type":"Feature","geometry":{"type":"Point","coordinates":[-105.3214,38.1114]},"properties":{"s":31.0,"pub":true}},{"type":"Feature","geometry":{"type":"Point","coordinates":[-105.3214,38.1172]},"properties":{"s":31.0,"pub":false}},{"type":"Feature","geometry":{"type":"Point","coordinates":[-105.3214,38.123]},"properties":{"s":31.0,"pub":false}},{"type":"Feature","geometry":{"type":"Point","coordinates":[-105.3214,38.1288]},"properties":{"s":31.0,"pub":false}},{"type":"Feature","geometry":{"type":"Point","coordinates":[-105.3214,38.1346]},"properties":{"s":31.0,"pub":true}},{"type":"Feature","geometry":{"type":"Point","coordinates":[-105.3214,38.1404]},"properties":{"s":31.0,"pub":true}},{"type":"Feature","geometry":{"type":"Point","coordinates":[-105.3139,37.8562]},"properties":{"s":31.0,"pub":false}},{"type":"Feature","geometry":{"type":"Point","coordinates":[-105.3139,37.862]},"properties":{"s":31.0,"pub":false}},{"type":"Feature","geometry":{"type":"Point","coordinates":[-105.3139,37.8678]},"properties":{"s":31.0,"pub":false}},{"type":"Feature","geometry":{"type":"Point","coordinates":[-105.3139,37.8736]},"properties":{"s":31.0,"pub":false}},{"type":"Feature","geometry":{"type":"Point","coordinates":[-105.3139,37.8794]},"properties":{"s":31.0,"pub":false}},{"type":"Feature","geometry":{"type":"Point","coordinates":[-105.3139,37.891]},"properties":{"s":31.0,"pub":false}},{"type":"Feature","geometry":{"type":"Point","coordinates":[-105.3139,37.8968]},"properties":{"s":31.0,"pub":false}},{"type":"Feature","geometry":{"type":"Point","coordinates":[-105.3139,37.9142]},"properties":{"s":31.0,"pub":false}},{"type":"Feature","geometry":{"type":"Point","coordinates":[-105.3139,37.92]},"properties":{"s":31.0,"pub":false}},{"type":"Feature","geometry":{"type":"Point","coordinates":[-105.3139,37.9258]},"properties":{"s":31.0,"pub":false}},{"type":"Feature","geometry":{"type":"Point","coordinates":[-105.3139,37.9316]},"properties":{"s":31.0,"pub":false}},{"type":"Feature","geometry":{"type":"Point","coordinates":[-105.3139,37.9374]},"properties":{"s":31.0,"pub":false}},{"type":"Feature","geometry":{"type":"Point","coordinates":[-105.3139,38.036]},"properties":{"s":31.0,"pub":false}},{"type":"Feature","geometry":{"type":"Point","coordinates":[-105.3139,38.0418]},"properties":{"s":31.0,"pub":false}},{"type":"Feature","geometry":{"type":"Point","coordinates":[-105.3139,38.0476]},"properties":{"s":31.0,"pub":false}},{"type":"Feature","geometry":{"type":"Point","coordinates":[-105.3139,38.0534]},"properties":{"s":31.0,"pub":false}},{"type":"Feature","geometry":{"type":"Point","coordinates":[-105.3139,38.0592]},"properties":{"s":58.6,"pub":false}},{"type":"Feature","geometry":{"type":"Point","coordinates":[-105.3139,38.065]},"properties":{"s":58.6,"pub":false}},{"type":"Feature","geometry":{"type":"Point","coordinates":[-105.3139,38.0708]},"properties":{"s":58.6,"pub":false}},{"type":"Feature","geometry":{"type":"Point","coordinates":[-105.3139,38.0766]},"properties":{"s":58.6,"pub":false}},{"type":"Feature","geometry":{"type":"Point","coordinates":[-105.3139,38.0824]},"properties":{"s":58.6,"pub":false}},{"type":"Feature","geometry":{"type":"Point","coordinates":[-105.3139,38.0882]},"properties":{"s":58.6,"pub":false}},{"type":"Feature","geometry":{"type":"Point","coordinates":[-105.3139,38.094]},"properties":{"s":58.6,"pub":false}},{"type":"Feature","geometry":{"type":"Point","coordinates":[-105.3139,38.0998]},"properties":{"s":58.6,"pub":false}},{"type":"Feature","geometry":{"type":"Point","coordinates":[-105.3139,38.1056]},"properties":{"s":31.0,"pub":false}},{"type":"Feature","geometry":{"type":"Point","coordinates":[-105.3139,38.1114]},"properties":{"s":31.0,"pub":false}},{"type":"Feature","geometry":{"type":"Point","coordinates":[-105.3139,38.1172]},"properties":{"s":31.0,"pub":false}},{"type":"Feature","geometry":{"type":"Point","coordinates":[-105.3139,38.123]},"properties":{"s":31.0,"pub":false}},{"type":"Feature","geometry":{"type":"Point","coordinates":[-105.3139,38.1288]},"properties":{"s":31.0,"pub":false}},{"type":"Feature","geometry":{"type":"Point","coordinates":[-105.3139,38.1346]},"properties":{"s":31.0,"pub":false}},{"type":"Feature","geometry":{"type":"Point","coordinates":[-105.3064,37.8388]},"properties":{"s":31.0,"pub":false}},{"type":"Feature","geometry":{"type":"Point","coordinates":[-105.3064,37.8446]},"properties":{"s":31.0,"pub":false}},{"type":"Feature","geometry":{"type":"Point","coordinates":[-105.3064,37.8504]},"properties":{"s":31.0,"pub":false}},{"type":"Feature","geometry":{"type":"Point","coordinates":[-105.3064,37.8562]},"properties":{"s":31.0,"pub":false}},{"type":"Feature","geometry":{"type":"Point","coordinates":[-105.3064,37.862]},"properties":{"s":31.0,"pub":false}},{"type":"Feature","geometry":{"type":"Point","coordinates":[-105.3064,37.8678]},"properties":{"s":31.0,"pub":false}},{"type":"Feature","geometry":{"type":"Point","coordinates":[-105.3064,37.8736]},"properties":{"s":31.0,"pub":false}},{"type":"Feature","geometry":{"type":"Point","coordinates":[-105.3064,37.8794]},"properties":{"s":31.0,"pub":false}},{"type":"Feature","geometry":{"type":"Point","coordinates":[-105.3064,37.8852]},"properties":{"s":31.0,"pub":false}},{"type":"Feature","geometry":{"type":"Point","coordinates":[-105.3064,37.891]},"properties":{"s":31.0,"pub":false}},{"type":"Feature","geometry":{"type":"Point","coordinates":[-105.3064,37.8968]},"properties":{"s":31.0,"pub":false}},{"type":"Feature","geometry":{"type":"Point","coordinates":[-105.3064,37.9026]},"properties":{"s":31.0,"pub":false}},{"type":"Feature","geometry":{"type":"Point","coordinates":[-105.3064,37.9084]},"properties":{"s":31.0,"pub":false}},{"type":"Feature","geometry":{"type":"Point","coordinates":[-105.3064,37.9142]},"properties":{"s":31.0,"pub":true}},{"type":"Feature","geometry":{"type":"Point","coordinates":[-105.3064,37.92]},"properties":{"s":31.0,"pub":true}},{"type":"Feature","geometry":{"type":"Point","coordinates":[-105.3064,37.9258]},"properties":{"s":31.0,"pub":false}},{"type":"Feature","geometry":{"type":"Point","coordinates":[-105.3064,38.036]},"properties":{"s":31.0,"pub":false}},{"type":"Feature","geometry":{"type":"Point","coordinates":[-105.3064,38.0418]},"properties":{"s":31.0,"pub":false}},{"type":"Feature","geometry":{"type":"Point","coordinates":[-105.3064,38.0476]},"properties":{"s":31.0,"pub":false}},{"type":"Feature","geometry":{"type":"Point","coordinates":[-105.3064,38.0534]},"properties":{"s":58.6,"pub":false}},{"type":"Feature","geometry":{"type":"Point","coordinates":[-105.3064,38.0592]},"properties":{"s":58.6,"pub":false}},{"type":"Feature","geometry":{"type":"Point","coordinates":[-105.3064,38.065]},"properties":{"s":58.6,"pub":false}},{"type":"Feature","geometry":{"type":"Point","coordinates":[-105.3064,38.0708]},"properties":{"s":58.6,"pub":false}},{"type":"Feature","geometry":{"type":"Point","coordinates":[-105.3064,38.0766]},"properties":{"s":100.0,"pub":false}},{"type":"Feature","geometry":{"type":"Point","coordinates":[-105.3064,38.0824]},"properties":{"s":100.0,"pub":false}},{"type":"Feature","geometry":{"type":"Point","coordinates":[-105.3064,38.0882]},"properties":{"s":100.0,"pub":false}},{"type":"Feature","geometry":{"type":"Point","coordinates":[-105.3064,38.094]},"properties":{"s":100.0,"pub":false}},{"type":"Feature","geometry":{"type":"Point","coordinates":[-105.3064,38.0998]},"properties":{"s":100.0,"pub":false}},{"type":"Feature","geometry":{"type":"Point","coordinates":[-105.3064,38.1056]},"properties":{"s":100.0,"pub":false}},{"type":"Feature","geometry":{"type":"Point","coordinates":[-105.3064,38.1114]},"properties":{"s":72.4,"pub":false}},{"type":"Feature","geometry":{"type":"Point","coordinates":[-105.3064,38.1172]},"properties":{"s":72.4,"pub":false}},{"type":"Feature","geometry":{"type":"Point","coordinates":[-105.3064,38.123]},"properties":{"s":72.4,"pub":false}},{"type":"Feature","geometry":{"type":"Point","coordinates":[-105.3064,38.1288]},"properties":{"s":72.4,"pub":false}},{"type":"Feature","geometry":{"type":"Point","coordinates":[-105.3064,38.1346]},"properties":{"s":65.5,"pub":false}},{"type":"Feature","geometry":{"type":"Point","coordinates":[-105.2989,37.833]},"properties":{"s":31.0,"pub":false}},{"type":"Feature","geometry":{"type":"Point","coordinates":[-105.2989,37.8388]},"properties":{"s":31.0,"pub":false}},{"type":"Feature","geometry":{"type":"Point","coordinates":[-105.2989,37.8446]},"properties":{"s":31.0,"pub":false}},{"type":"Feature","geometry":{"type":"Point","coordinates":[-105.2989,37.8504]},"properties":{"s":31.0,"pub":false}},{"type":"Feature","geometry":{"type":"Point","coordinates":[-105.2989,37.8562]},"properties":{"s":31.0,"pub":false}},{"type":"Feature","geometry":{"type":"Point","coordinates":[-105.2989,37.862]},"properties":{"s":31.0,"pub":false}},{"type":"Feature","geometry":{"type":"Point","coordinates":[-105.2989,37.8678]},"properties":{"s":31.0,"pub":false}},{"type":"Feature","geometry":{"type":"Point","coordinates":[-105.2989,37.8736]},"properties":{"s":31.0,"pub":false}},{"type":"Feature","geometry":{"type":"Point","coordinates":[-105.2989,37.8794]},"properties":{"s":31.0,"pub":false}},{"type":"Feature","geometry":{"type":"Point","coordinates":[-105.2989,37.8852]},"properties":{"s":31.0,"pub":false}},{"type":"Feature","geometry":{"type":"Point","coordinates":[-105.2989,37.891]},"properties":{"s":31.0,"pub":false}},{"type":"Feature","geometry":{"type":"Point","coordinates":[-105.2989,37.8968]},"properties":{"s":31.0,"pub":false}},{"type":"Feature","geometry":{"type":"Point","coordinates":[-105.2989,37.9026]},"properties":{"s":31.0,"pub":false}},{"type":"Feature","geometry":{"type":"Point","coordinates":[-105.2989,37.9084]},"properties":{"s":31.0,"pub":false}},{"type":"Feature","geometry":{"type":"Point","coordinates":[-105.2989,38.0244]},"properties":{"s":31.0,"pub":false}},{"type":"Feature","geometry":{"type":"Point","coordinates":[-105.2989,38.0302]},"properties":{"s":31.0,"pub":false}},{"type":"Feature","geometry":{"type":"Point","coordinates":[-105.2989,38.036]},"properties":{"s":31.0,"pub":false}},{"type":"Feature","geometry":{"type":"Point","coordinates":[-105.2989,38.0418]},"properties":{"s":31.0,"pub":false}},{"type":"Feature","geometry":{"type":"Point","coordinates":[-105.2989,38.0476]},"properties":{"s":31.0,"pub":false}},{"type":"Feature","geometry":{"type":"Point","coordinates":[-105.2989,38.0534]},"properties":{"s":58.6,"pub":false}},{"type":"Feature","geometry":{"type":"Point","coordinates":[-105.2989,38.0592]},"properties":{"s":58.6,"pub":false}},{"type":"Feature","geometry":{"type":"Point","coordinates":[-105.2989,38.065]},"properties":{"s":58.6,"pub":false}},{"type":"Feature","geometry":{"type":"Point","coordinates":[-105.2989,38.0708]},"properties":{"s":58.6,"pub":false}},{"type":"Feature","geometry":{"type":"Point","coordinates":[-105.2989,38.0766]},"properties":{"s":100.0,"pub":false}},{"type":"Feature","geometry":{"type":"Point","coordinates":[-105.2989,38.0824]},"properties":{"s":100.0,"pub":false}},{"type":"Feature","geometry":{"type":"Point","coordinates":[-105.2989,38.0882]},"properties":{"s":100.0,"pub":false}},{"type":"Feature","geometry":{"type":"Point","coordinates":[-105.2989,38.094]},"properties":{"s":100.0,"pub":false}},{"type":"Feature","geometry":{"type":"Point","coordinates":[-105.2989,38.0998]},"properties":{"s":100.0,"pub":false}},{"type":"Feature","geometry":{"type":"Point","coordinates":[-105.2989,38.1056]},"properties":{"s":100.0,"pub":false}},{"type":"Feature","geometry":{"type":"Point","coordinates":[-105.2989,38.1114]},"properties":{"s":72.4,"pub":false}},{"type":"Feature","geometry":{"type":"Point","coordinates":[-105.2989,38.1172]},"properties":{"s":72.4,"pub":false}},{"type":"Feature","geometry":{"type":"Point","coordinates":[-105.2989,38.123]},"properties":{"s":72.4,"pub":false}},{"type":"Feature","geometry":{"type":"Point","coordinates":[-105.2989,38.1288]},"properties":{"s":65.5,"pub":false}},{"type":"Feature","geometry":{"type":"Point","coordinates":[-105.2989,38.1346]},"properties":{"s":65.5,"pub":false}},{"type":"Feature","geometry":{"type":"Point","coordinates":[-105.2989,38.1404]},"properties":{"s":65.5,"pub":false}},{"type":"Feature","geometry":{"type":"Point","coordinates":[-105.2989,38.1462]},"properties":{"s":65.5,"pub":false}},{"type":"Feature","geometry":{"type":"Point","coordinates":[-105.2914,37.8272]},"properties":{"s":31.0,"pub":false}},{"type":"Feature","geometry":{"type":"Point","coordinates":[-105.2914,37.833]},"properties":{"s":31.0,"pub":false}},{"type":"Feature","geometry":{"type":"Point","coordinates":[-105.2914,37.8388]},"properties":{"s":31.0,"pub":false}},{"type":"Feature","geometry":{"type":"Point","coordinates":[-105.2914,37.8446]},"properties":{"s":31.0,"pub":false}},{"type":"Feature","geometry":{"type":"Point","coordinates":[-105.2914,37.8504]},"properties":{"s":31.0,"pub":false}},{"type":"Feature","geometry":{"type":"Point","coordinates":[-105.2914,37.8562]},"properties":{"s":31.0,"pub":false}},{"type":"Feature","geometry":{"type":"Point","coordinates":[-105.2914,37.862]},"properties":{"s":31.0,"pub":false}},{"type":"Feature","geometry":{"type":"Point","coordinates":[-105.2914,37.8678]},"properties":{"s":31.0,"pub":false}},{"type":"Feature","geometry":{"type":"Point","coordinates":[-105.2914,37.8736]},"properties":{"s":31.0,"pub":false}},{"type":"Feature","geometry":{"type":"Point","coordinates":[-105.2914,37.8794]},"properties":{"s":31.0,"pub":false}},{"type":"Feature","geometry":{"type":"Point","coordinates":[-105.2914,37.8852]},"properties":{"s":31.0,"pub":false}},{"type":"Feature","geometry":{"type":"Point","coordinates":[-105.2914,37.891]},"properties":{"s":31.0,"pub":false}},{"type":"Feature","geometry":{"type":"Point","coordinates":[-105.2914,37.8968]},"properties":{"s":31.0,"pub":false}},{"type":"Feature","geometry":{"type":"Point","coordinates":[-105.2914,37.9026]},"properties":{"s":31.0,"pub":false}},{"type":"Feature","geometry":{"type":"Point","coordinates":[-105.2914,38.0012]},"properties":{"s":31.0,"pub":false}},{"type":"Feature","geometry":{"type":"Point","coordinates":[-105.2914,38.007]},"properties":{"s":31.0,"pub":false}},{"type":"Feature","geometry":{"type":"Point","coordinates":[-105.2914,38.0186]},"properties":{"s":31.0,"pub":false}},{"type":"Feature","geometry":{"type":"Point","coordinates":[-105.2914,38.0244]},"properties":{"s":31.0,"pub":false}},{"type":"Feature","geometry":{"type":"Point","coordinates":[-105.2914,38.0302]},"properties":{"s":31.0,"pub":false}},{"type":"Feature","geometry":{"type":"Point","coordinates":[-105.2914,38.036]},"properties":{"s":31.0,"pub":false}},{"type":"Feature","geometry":{"type":"Point","coordinates":[-105.2914,38.0418]},"properties":{"s":31.0,"pub":false}},{"type":"Feature","geometry":{"type":"Point","coordinates":[-105.2914,38.0476]},"properties":{"s":31.0,"pub":false}},{"type":"Feature","geometry":{"type":"Point","coordinates":[-105.2914,38.0534]},"properties":{"s":58.6,"pub":false}},{"type":"Feature","geometry":{"type":"Point","coordinates":[-105.2914,38.0592]},"properties":{"s":58.6,"pub":false}},{"type":"Feature","geometry":{"type":"Point","coordinates":[-105.2914,38.065]},"properties":{"s":58.6,"pub":false}},{"type":"Feature","geometry":{"type":"Point","coordinates":[-105.2914,38.0708]},"properties":{"s":58.6,"pub":false}},{"type":"Feature","geometry":{"type":"Point","coordinates":[-105.2914,38.0766]},"properties":{"s":100.0,"pub":false}},{"type":"Feature","geometry":{"type":"Point","coordinates":[-105.2914,38.0824]},"properties":{"s":100.0,"pub":false}},{"type":"Feature","geometry":{"type":"Point","coordinates":[-105.2914,38.0882]},"properties":{"s":100.0,"pub":false}},{"type":"Feature","geometry":{"type":"Point","coordinates":[-105.2914,38.094]},"properties":{"s":100.0,"pub":false}},{"type":"Feature","geometry":{"type":"Point","coordinates":[-105.2914,38.0998]},"properties":{"s":100.0,"pub":false}},{"type":"Feature","geometry":{"type":"Point","coordinates":[-105.2914,38.1056]},"properties":{"s":100.0,"pub":false}},{"type":"Feature","geometry":{"type":"Point","coordinates":[-105.2914,38.1114]},"properties":{"s":72.4,"pub":false}},{"type":"Feature","geometry":{"type":"Point","coordinates":[-105.2914,38.1172]},"properties":{"s":72.4,"pub":false}},{"type":"Feature","geometry":{"type":"Point","coordinates":[-105.2914,38.123]},"properties":{"s":72.4,"pub":false}},{"type":"Feature","geometry":{"type":"Point","coordinates":[-105.2914,38.1288]},"properties":{"s":65.5,"pub":false}},{"type":"Feature","geometry":{"type":"Point","coordinates":[-105.2914,38.1346]},"properties":{"s":65.5,"pub":false}},{"type":"Feature","geometry":{"type":"Point","coordinates":[-105.2914,38.1404]},"properties":{"s":65.5,"pub":false}},{"type":"Feature","geometry":{"type":"Point","coordinates":[-105.2914,38.1462]},"properties":{"s":65.5,"pub":false}},{"type":"Feature","geometry":{"type":"Point","coordinates":[-105.2914,38.152]},"properties":{"s":65.5,"pub":false}},{"type":"Feature","geometry":{"type":"Point","coordinates":[-105.2839,37.8272]},"properties":{"s":31.0,"pub":false}},{"type":"Feature","geometry":{"type":"Point","coordinates":[-105.2839,37.833]},"properties":{"s":31.0,"pub":false}},{"type":"Feature","geometry":{"type":"Point","coordinates":[-105.2839,37.8388]},"properties":{"s":31.0,"pub":true}},{"type":"Feature","geometry":{"type":"Point","coordinates":[-105.2839,37.8446]},"properties":{"s":31.0,"pub":true}},{"type":"Feature","geometry":{"type":"Point","coordinates":[-105.2839,37.8504]},"properties":{"s":31.0,"pub":true}},{"type":"Feature","geometry":{"type":"Point","coordinates":[-105.2839,37.8562]},"properties":{"s":31.0,"pub":true}},{"type":"Feature","geometry":{"type":"Point","coordinates":[-105.2839,37.862]},"properties":{"s":31.0,"pub":true}},{"type":"Feature","geometry":{"type":"Point","coordinates":[-105.2839,37.8678]},"properties":{"s":31.0,"pub":true}},{"type":"Feature","geometry":{"type":"Point","coordinates":[-105.2839,37.8794]},"properties":{"s":31.0,"pub":true}},{"type":"Feature","geometry":{"type":"Point","coordinates":[-105.2839,37.8852]},"properties":{"s":31.0,"pub":true}},{"type":"Feature","geometry":{"type":"Point","coordinates":[-105.2839,37.891]},"properties":{"s":31.0,"pub":true}},{"type":"Feature","geometry":{"type":"Point","coordinates":[-105.2839,37.8968]},"properties":{"s":31.0,"pub":false}},{"type":"Feature","geometry":{"type":"Point","coordinates":[-105.2839,37.9954]},"properties":{"s":31.0,"pub":false}},{"type":"Feature","geometry":{"type":"Point","coordinates":[-105.2839,38.0012]},"properties":{"s":31.0,"pub":true}},{"type":"Feature","geometry":{"type":"Point","coordinates":[-105.2839,38.007]},"properties":{"s":31.0,"pub":true}},{"type":"Feature","geometry":{"type":"Point","coordinates":[-105.2839,38.0128]},"properties":{"s":31.0,"pub":true}},{"type":"Feature","geometry":{"type":"Point","coordinates":[-105.2839,38.0186]},"properties":{"s":31.0,"pub":false}},{"type":"Feature","geometry":{"type":"Point","coordinates":[-105.2839,38.0244]},"properties":{"s":31.0,"pub":false}},{"type":"Feature","geometry":{"type":"Point","coordinates":[-105.2839,38.0302]},"properties":{"s":31.0,"pub":false}},{"type":"Feature","geometry":{"type":"Point","coordinates":[-105.2839,38.036]},"properties":{"s":31.0,"pub":false}},{"type":"Feature","geometry":{"type":"Point","coordinates":[-105.2839,38.0418]},"properties":{"s":31.0,"pub":false}},{"type":"Feature","geometry":{"type":"Point","coordinates":[-105.2839,38.0476]},"properties":{"s":58.6,"pub":false}},{"type":"Feature","geometry":{"type":"Point","coordinates":[-105.2839,38.0534]},"properties":{"s":58.6,"pub":false}},{"type":"Feature","geometry":{"type":"Point","coordinates":[-105.2839,38.0592]},"properties":{"s":58.6,"pub":false}},{"type":"Feature","geometry":{"type":"Point","coordinates":[-105.2839,38.065]},"properties":{"s":58.6,"pub":false}},{"type":"Feature","geometry":{"type":"Point","coordinates":[-105.2839,38.0708]},"properties":{"s":58.6,"pub":false}},{"type":"Feature","geometry":{"type":"Point","coordinates":[-105.2839,38.0766]},"properties":{"s":100.0,"pub":false}},{"type":"Feature","geometry":{"type":"Point","coordinates":[-105.2839,38.0824]},"properties":{"s":100.0,"pub":false}},{"type":"Feature","geometry":{"type":"Point","coordinates":[-105.2839,38.0882]},"properties":{"s":100.0,"pub":true}},{"type":"Feature","geometry":{"type":"Point","coordinates":[-105.2839,38.094]},"properties":{"s":100.0,"pub":true}},{"type":"Feature","geometry":{"type":"Point","coordinates":[-105.2839,38.0998]},"properties":{"s":100.0,"pub":false}},{"type":"Feature","geometry":{"type":"Point","coordinates":[-105.2839,38.1056]},"properties":{"s":100.0,"pub":false}},{"type":"Feature","geometry":{"type":"Point","coordinates":[-105.2839,38.1114]},"properties":{"s":72.4,"pub":false}},{"type":"Feature","geometry":{"type":"Point","coordinates":[-105.2839,38.1172]},"properties":{"s":72.4,"pub":false}},{"type":"Feature","geometry":{"type":"Point","coordinates":[-105.2839,38.123]},"properties":{"s":72.4,"pub":false}},{"type":"Feature","geometry":{"type":"Point","coordinates":[-105.2839,38.1288]},"properties":{"s":65.5,"pub":false}},{"type":"Feature","geometry":{"type":"Point","coordinates":[-105.2839,38.1346]},"properties":{"s":65.5,"pub":false}},{"type":"Feature","geometry":{"type":"Point","coordinates":[-105.2839,38.1404]},"properties":{"s":65.5,"pub":false}},{"type":"Feature","geometry":{"type":"Point","coordinates":[-105.2839,38.1462]},"properties":{"s":65.5,"pub":false}},{"type":"Feature","geometry":{"type":"Point","coordinates":[-105.2839,38.152]},"properties":{"s":65.5,"pub":false}},{"type":"Feature","geometry":{"type":"Point","coordinates":[-105.2839,38.1578]},"properties":{"s":65.5,"pub":false}},{"type":"Feature","geometry":{"type":"Point","coordinates":[-105.2764,37.8214]},"properties":{"s":31.0,"pub":true}},{"type":"Feature","geometry":{"type":"Point","coordinates":[-105.2764,37.8272]},"properties":{"s":31.0,"pub":false}},{"type":"Feature","geometry":{"type":"Point","coordinates":[-105.2764,37.833]},"properties":{"s":31.0,"pub":false}},{"type":"Feature","geometry":{"type":"Point","coordinates":[-105.2764,37.8388]},"properties":{"s":31.0,"pub":true}},{"type":"Feature","geometry":{"type":"Point","coordinates":[-105.2764,37.8446]},"properties":{"s":31.0,"pub":true}},{"type":"Feature","geometry":{"type":"Point","coordinates":[-105.2764,37.8504]},"properties":{"s":31.0,"pub":true}},{"type":"Feature","geometry":{"type":"Point","coordinates":[-105.2764,37.8562]},"properties":{"s":31.0,"pub":true}},{"type":"Feature","geometry":{"type":"Point","coordinates":[-105.2764,37.862]},"properties":{"s":31.0,"pub":true}},{"type":"Feature","geometry":{"type":"Point","coordinates":[-105.2764,37.8794]},"properties":{"s":31.0,"pub":true}},{"type":"Feature","geometry":{"type":"Point","coordinates":[-105.2764,37.8852]},"properties":{"s":31.0,"pub":true}},{"type":"Feature","geometry":{"type":"Point","coordinates":[-105.2764,37.891]},"properties":{"s":31.0,"pub":true}},{"type":"Feature","geometry":{"type":"Point","coordinates":[-105.2764,37.8968]},"properties":{"s":31.0,"pub":false}},{"type":"Feature","geometry":{"type":"Point","coordinates":[-105.2764,37.9026]},"properties":{"s":31.0,"pub":false}},{"type":"Feature","geometry":{"type":"Point","coordinates":[-105.2764,37.9954]},"properties":{"s":31.0,"pub":false}},{"type":"Feature","geometry":{"type":"Point","coordinates":[-105.2764,38.0012]},"properties":{"s":31.0,"pub":true}},{"type":"Feature","geometry":{"type":"Point","coordinates":[-105.2764,38.007]},"properties":{"s":31.0,"pub":true}},{"type":"Feature","geometry":{"type":"Point","coordinates":[-105.2764,38.0128]},"properties":{"s":31.0,"pub":true}},{"type":"Feature","geometry":{"type":"Point","coordinates":[-105.2764,38.0186]},"properties":{"s":31.0,"pub":false}},{"type":"Feature","geometry":{"type":"Point","coordinates":[-105.2764,38.0244]},"properties":{"s":31.0,"pub":false}},{"type":"Feature","geometry":{"type":"Point","coordinates":[-105.2764,38.0302]},"properties":{"s":31.0,"pub":false}},{"type":"Feature","geometry":{"type":"Point","coordinates":[-105.2764,38.036]},"properties":{"s":31.0,"pub":false}},{"type":"Feature","geometry":{"type":"Point","coordinates":[-105.2764,38.0418]},"properties":{"s":31.0,"pub":false}},{"type":"Feature","geometry":{"type":"Point","coordinates":[-105.2764,38.0476]},"properties":{"s":58.6,"pub":false}},{"type":"Feature","geometry":{"type":"Point","coordinates":[-105.2764,38.0534]},"properties":{"s":58.6,"pub":false}},{"type":"Feature","geometry":{"type":"Point","coordinates":[-105.2764,38.0592]},"properties":{"s":58.6,"pub":false}},{"type":"Feature","geometry":{"type":"Point","coordinates":[-105.2764,38.065]},"properties":{"s":58.6,"pub":false}},{"type":"Feature","geometry":{"type":"Point","coordinates":[-105.2764,38.0708]},"properties":{"s":100.0,"pub":false}},{"type":"Feature","geometry":{"type":"Point","coordinates":[-105.2764,38.0766]},"properties":{"s":100.0,"pub":false}},{"type":"Feature","geometry":{"type":"Point","coordinates":[-105.2764,38.0824]},"properties":{"s":100.0,"pub":false}},{"type":"Feature","geometry":{"type":"Point","coordinates":[-105.2764,38.0882]},"properties":{"s":100.0,"pub":true}},{"type":"Feature","geometry":{"type":"Point","coordinates":[-105.2764,38.094]},"properties":{"s":100.0,"pub":true}},{"type":"Feature","geometry":{"type":"Point","coordinates":[-105.2764,38.0998]},"properties":{"s":100.0,"pub":false}},{"type":"Feature","geometry":{"type":"Point","coordinates":[-105.2764,38.1056]},"properties":{"s":100.0,"pub":false}},{"type":"Feature","geometry":{"type":"Point","coordinates":[-105.2764,38.1114]},"properties":{"s":72.4,"pub":false}},{"type":"Feature","geometry":{"type":"Point","coordinates":[-105.2764,38.1172]},"properties":{"s":72.4,"pub":false}},{"type":"Feature","geometry":{"type":"Point","coordinates":[-105.2764,38.123]},"properties":{"s":72.4,"pub":false}},{"type":"Feature","geometry":{"type":"Point","coordinates":[-105.2764,38.1288]},"properties":{"s":65.5,"pub":false}},{"type":"Feature","geometry":{"type":"Point","coordinates":[-105.2764,38.1346]},"properties":{"s":65.5,"pub":false}},{"type":"Feature","geometry":{"type":"Point","coordinates":[-105.2764,38.1404]},"properties":{"s":65.5,"pub":false}},{"type":"Feature","geometry":{"type":"Point","coordinates":[-105.2764,38.1462]},"properties":{"s":65.5,"pub":false}},{"type":"Feature","geometry":{"type":"Point","coordinates":[-105.2764,38.152]},"properties":{"s":65.5,"pub":false}},{"type":"Feature","geometry":{"type":"Point","coordinates":[-105.2764,38.1578]},"properties":{"s":65.5,"pub":false}},{"type":"Feature","geometry":{"type":"Point","coordinates":[-105.2689,37.8156]},"properties":{"s":31.0,"pub":true}},{"type":"Feature","geometry":{"type":"Point","coordinates":[-105.2689,37.8214]},"properties":{"s":31.0,"pub":true}},{"type":"Feature","geometry":{"type":"Point","coordinates":[-105.2689,37.8272]},"properties":{"s":31.0,"pub":true}},{"type":"Feature","geometry":{"type":"Point","coordinates":[-105.2689,37.833]},"properties":{"s":31.0,"pub":true}},{"type":"Feature","geometry":{"type":"Point","coordinates":[-105.2689,37.8388]},"properties":{"s":31.0,"pub":true}},{"type":"Feature","geometry":{"type":"Point","coordinates":[-105.2689,37.8446]},"properties":{"s":31.0,"pub":true}},{"type":"Feature","geometry":{"type":"Point","coordinates":[-105.2689,37.8504]},"properties":{"s":31.0,"pub":true}},{"type":"Feature","geometry":{"type":"Point","coordinates":[-105.2689,37.8562]},"properties":{"s":31.0,"pub":true}},{"type":"Feature","geometry":{"type":"Point","coordinates":[-105.2689,37.8736]},"properties":{"s":31.0,"pub":true}},{"type":"Feature","geometry":{"type":"Point","coordinates":[-105.2689,37.8794]},"properties":{"s":31.0,"pub":true}},{"type":"Feature","geometry":{"type":"Point","coordinates":[-105.2689,37.8852]},"properties":{"s":31.0,"pub":true}},{"type":"Feature","geometry":{"type":"Point","coordinates":[-105.2689,37.8968]},"properties":{"s":31.0,"pub":true}},{"type":"Feature","geometry":{"type":"Point","coordinates":[-105.2689,37.9026]},"properties":{"s":31.0,"pub":true}},{"type":"Feature","geometry":{"type":"Point","coordinates":[-105.2689,37.9084]},"properties":{"s":31.0,"pub":true}},{"type":"Feature","geometry":{"type":"Point","coordinates":[-105.2689,37.9142]},"properties":{"s":31.0,"pub":false}},{"type":"Feature","geometry":{"type":"Point","coordinates":[-105.2689,37.9896]},"properties":{"s":31.0,"pub":false}},{"type":"Feature","geometry":{"type":"Point","coordinates":[-105.2689,37.9954]},"properties":{"s":31.0,"pub":false}},{"type":"Feature","geometry":{"type":"Point","coordinates":[-105.2689,38.0012]},"properties":{"s":31.0,"pub":false}},{"type":"Feature","geometry":{"type":"Point","coordinates":[-105.2689,38.007]},"properties":{"s":31.0,"pub":false}},{"type":"Feature","geometry":{"type":"Point","coordinates":[-105.2689,38.0128]},"properties":{"s":31.0,"pub":true}},{"type":"Feature","geometry":{"type":"Point","coordinates":[-105.2689,38.0186]},"properties":{"s":31.0,"pub":false}},{"type":"Feature","geometry":{"type":"Point","coordinates":[-105.2689,38.0244]},"properties":{"s":31.0,"pub":false}},{"type":"Feature","geometry":{"type":"Point","coordinates":[-105.2689,38.0302]},"properties":{"s":31.0,"pub":false}},{"type":"Feature","geometry":{"type":"Point","coordinates":[-105.2689,38.036]},"properties":{"s":31.0,"pub":false}},{"type":"Feature","geometry":{"type":"Point","coordinates":[-105.2689,38.0418]},"properties":{"s":31.0,"pub":false}},{"type":"Feature","geometry":{"type":"Point","coordinates":[-105.2689,38.0476]},"properties":{"s":58.6,"pub":false}},{"type":"Feature","geometry":{"type":"Point","coordinates":[-105.2689,38.0534]},"properties":{"s":58.6,"pub":false}},{"type":"Feature","geometry":{"type":"Point","coordinates":[-105.2689,38.0592]},"properties":{"s":58.6,"pub":false}},{"type":"Feature","geometry":{"type":"Point","coordinates":[-105.2689,38.065]},"properties":{"s":58.6,"pub":false}},{"type":"Feature","geometry":{"type":"Point","coordinates":[-105.2689,38.0708]},"properties":{"s":100.0,"pub":false}},{"type":"Feature","geometry":{"type":"Point","coordinates":[-105.2689,38.0766]},"properties":{"s":93.1,"pub":false}},{"type":"Feature","geometry":{"type":"Point","coordinates":[-105.2689,38.0824]},"properties":{"s":93.1,"pub":false}},{"type":"Feature","geometry":{"type":"Point","coordinates":[-105.2689,38.0882]},"properties":{"s":93.1,"pub":true}},{"type":"Feature","geometry":{"type":"Point","coordinates":[-105.2689,38.094]},"properties":{"s":93.1,"pub":true}},{"type":"Feature","geometry":{"type":"Point","coordinates":[-105.2689,38.0998]},"properties":{"s":100.0,"pub":false}},{"type":"Feature","geometry":{"type":"Point","coordinates":[-105.2689,38.1056]},"properties":{"s":100.0,"pub":false}},{"type":"Feature","geometry":{"type":"Point","coordinates":[-105.2689,38.1114]},"properties":{"s":72.4,"pub":false}},{"type":"Feature","geometry":{"type":"Point","coordinates":[-105.2689,38.1172]},"properties":{"s":72.4,"pub":false}},{"type":"Feature","geometry":{"type":"Point","coordinates":[-105.2689,38.123]},"properties":{"s":72.4,"pub":false}},{"type":"Feature","geometry":{"type":"Point","coordinates":[-105.2689,38.1288]},"properties":{"s":72.4,"pub":false}},{"type":"Feature","geometry":{"type":"Point","coordinates":[-105.2689,38.1346]},"properties":{"s":65.5,"pub":false}},{"type":"Feature","geometry":{"type":"Point","coordinates":[-105.2689,38.1404]},"properties":{"s":65.5,"pub":false}},{"type":"Feature","geometry":{"type":"Point","coordinates":[-105.2689,38.1462]},"properties":{"s":65.5,"pub":false}},{"type":"Feature","geometry":{"type":"Point","coordinates":[-105.2689,38.152]},"properties":{"s":65.5,"pub":false}},{"type":"Feature","geometry":{"type":"Point","coordinates":[-105.2689,38.1578]},"properties":{"s":65.5,"pub":false}},{"type":"Feature","geometry":{"type":"Point","coordinates":[-105.2614,37.8156]},"properties":{"s":31.0,"pub":false}},{"type":"Feature","geometry":{"type":"Point","coordinates":[-105.2614,37.8214]},"properties":{"s":31.0,"pub":false}},{"type":"Feature","geometry":{"type":"Point","coordinates":[-105.2614,37.8272]},"properties":{"s":31.0,"pub":false}},{"type":"Feature","geometry":{"type":"Point","coordinates":[-105.2614,37.833]},"properties":{"s":31.0,"pub":true}},{"type":"Feature","geometry":{"type":"Point","coordinates":[-105.2614,37.8388]},"properties":{"s":31.0,"pub":true}},{"type":"Feature","geometry":{"type":"Point","coordinates":[-105.2614,37.8446]},"properties":{"s":31.0,"pub":true}},{"type":"Feature","geometry":{"type":"Point","coordinates":[-105.2614,37.8504]},"properties":{"s":31.0,"pub":true}},{"type":"Feature","geometry":{"type":"Point","coordinates":[-105.2614,37.8562]},"properties":{"s":31.0,"pub":true}},{"type":"Feature","geometry":{"type":"Point","coordinates":[-105.2614,37.862]},"properties":{"s":31.0,"pub":true}},{"type":"Feature","geometry":{"type":"Point","coordinates":[-105.2614,37.8736]},"properties":{"s":31.0,"pub":true}},{"type":"Feature","geometry":{"type":"Point","coordinates":[-105.2614,37.8794]},"properties":{"s":31.0,"pub":true}},{"type":"Feature","geometry":{"type":"Point","coordinates":[-105.2614,37.8852]},"properties":{"s":31.0,"pub":true}},{"type":"Feature","geometry":{"type":"Point","coordinates":[-105.2614,37.8968]},"properties":{"s":31.0,"pub":true}},{"type":"Feature","geometry":{"type":"Point","coordinates":[-105.2614,37.9026]},"properties":{"s":31.0,"pub":true}},{"type":"Feature","geometry":{"type":"Point","coordinates":[-105.2614,37.9084]},"properties":{"s":31.0,"pub":true}},{"type":"Feature","geometry":{"type":"Point","coordinates":[-105.2614,37.9142]},"properties":{"s":31.0,"pub":false}},{"type":"Feature","geometry":{"type":"Point","coordinates":[-105.2614,37.92]},"properties":{"s":31.0,"pub":false}},{"type":"Feature","geometry":{"type":"Point","coordinates":[-105.2614,37.9258]},"properties":{"s":31.0,"pub":false}},{"type":"Feature","geometry":{"type":"Point","coordinates":[-105.2614,37.9316]},"properties":{"s":31.0,"pub":false}},{"type":"Feature","geometry":{"type":"Point","coordinates":[-105.2614,37.9896]},"properties":{"s":31.0,"pub":false}},{"type":"Feature","geometry":{"type":"Point","coordinates":[-105.2614,37.9954]},"properties":{"s":31.0,"pub":false}},{"type":"Feature","geometry":{"type":"Point","coordinates":[-105.2614,38.0012]},"properties":{"s":31.0,"pub":false}},{"type":"Feature","geometry":{"type":"Point","coordinates":[-105.2614,38.007]},"properties":{"s":31.0,"pub":false}},{"type":"Feature","geometry":{"type":"Point","coordinates":[-105.2614,38.0128]},"properties":{"s":31.0,"pub":false}},{"type":"Feature","geometry":{"type":"Point","coordinates":[-105.2614,38.0186]},"properties":{"s":31.0,"pub":false}},{"type":"Feature","geometry":{"type":"Point","coordinates":[-105.2614,38.0244]},"properties":{"s":31.0,"pub":false}},{"type":"Feature","geometry":{"type":"Point","coordinates":[-105.2614,38.0302]},"properties":{"s":31.0,"pub":true}},{"type":"Feature","geometry":{"type":"Point","coordinates":[-105.2614,38.0476]},"properties":{"s":51.7,"pub":true}},{"type":"Feature","geometry":{"type":"Point","coordinates":[-105.2614,38.0534]},"properties":{"s":51.7,"pub":true}},{"type":"Feature","geometry":{"type":"Point","coordinates":[-105.2614,38.0592]},"properties":{"s":51.7,"pub":false}},{"type":"Feature","geometry":{"type":"Point","coordinates":[-105.2614,38.065]},"properties":{"s":51.7,"pub":true}},{"type":"Feature","geometry":{"type":"Point","coordinates":[-105.2614,38.0708]},"properties":{"s":51.7,"pub":true}},{"type":"Feature","geometry":{"type":"Point","coordinates":[-105.2614,38.0766]},"properties":{"s":93.1,"pub":true}},{"type":"Feature","geometry":{"type":"Point","coordinates":[-105.2614,38.0824]},"properties":{"s":93.1,"pub":true}},{"type":"Feature","geometry":{"type":"Point","coordinates":[-105.2614,38.0882]},"properties":{"s":93.1,"pub":false}},{"type":"Feature","geometry":{"type":"Point","coordinates":[-105.2614,38.094]},"properties":{"s":93.1,"pub":false}},{"type":"Feature","geometry":{"type":"Point","coordinates":[-105.2614,38.0998]},"properties":{"s":93.1,"pub":false}},{"type":"Feature","geometry":{"type":"Point","coordinates":[-105.2614,38.1056]},"properties":{"s":100.0,"pub":false}},{"type":"Feature","geometry":{"type":"Point","coordinates":[-105.2614,38.1114]},"properties":{"s":72.4,"pub":false}},{"type":"Feature","geometry":{"type":"Point","coordinates":[-105.2614,38.1172]},"properties":{"s":72.4,"pub":false}},{"type":"Feature","geometry":{"type":"Point","coordinates":[-105.2614,38.123]},"properties":{"s":72.4,"pub":false}},{"type":"Feature","geometry":{"type":"Point","coordinates":[-105.2614,38.1288]},"properties":{"s":72.4,"pub":false}},{"type":"Feature","geometry":{"type":"Point","coordinates":[-105.2614,38.1346]},"properties":{"s":65.5,"pub":false}},{"type":"Feature","geometry":{"type":"Point","coordinates":[-105.2614,38.1404]},"properties":{"s":65.5,"pub":false}},{"type":"Feature","geometry":{"type":"Point","coordinates":[-105.2614,38.1462]},"properties":{"s":65.5,"pub":false}},{"type":"Feature","geometry":{"type":"Point","coordinates":[-105.2614,38.152]},"properties":{"s":65.5,"pub":false}},{"type":"Feature","geometry":{"type":"Point","coordinates":[-105.2539,37.8098]},"properties":{"s":31.0,"pub":true}},{"type":"Feature","geometry":{"type":"Point","coordinates":[-105.2539,37.8156]},"properties":{"s":31.0,"pub":true}},{"type":"Feature","geometry":{"type":"Point","coordinates":[-105.2539,37.8214]},"properties":{"s":31.0,"pub":true}},{"type":"Feature","geometry":{"type":"Point","coordinates":[-105.2539,37.8272]},"properties":{"s":31.0,"pub":true}},{"type":"Feature","geometry":{"type":"Point","coordinates":[-105.2539,37.833]},"properties":{"s":31.0,"pub":true}},{"type":"Feature","geometry":{"type":"Point","coordinates":[-105.2539,37.8388]},"properties":{"s":31.0,"pub":true}},{"type":"Feature","geometry":{"type":"Point","coordinates":[-105.2539,37.8446]},"properties":{"s":31.0,"pub":true}},{"type":"Feature","geometry":{"type":"Point","coordinates":[-105.2539,37.8504]},"properties":{"s":31.0,"pub":true}},{"type":"Feature","geometry":{"type":"Point","coordinates":[-105.2539,37.8562]},"properties":{"s":31.0,"pub":true}},{"type":"Feature","geometry":{"type":"Point","coordinates":[-105.2539,37.862]},"properties":{"s":31.0,"pub":true}},{"type":"Feature","geometry":{"type":"Point","coordinates":[-105.2539,37.8678]},"properties":{"s":31.0,"pub":true}},{"type":"Feature","geometry":{"type":"Point","coordinates":[-105.2539,37.8736]},"properties":{"s":31.0,"pub":true}},{"type":"Feature","geometry":{"type":"Point","coordinates":[-105.2539,37.8794]},"properties":{"s":31.0,"pub":true}},{"type":"Feature","geometry":{"type":"Point","coordinates":[-105.2539,37.8968]},"properties":{"s":31.0,"pub":true}},{"type":"Feature","geometry":{"type":"Point","coordinates":[-105.2539,37.9026]},"properties":{"s":31.0,"pub":true}},{"type":"Feature","geometry":{"type":"Point","coordinates":[-105.2539,37.9084]},"properties":{"s":31.0,"pub":true}},{"type":"Feature","geometry":{"type":"Point","coordinates":[-105.2539,37.9142]},"properties":{"s":31.0,"pub":true}},{"type":"Feature","geometry":{"type":"Point","coordinates":[-105.2539,37.92]},"properties":{"s":31.0,"pub":true}},{"type":"Feature","geometry":{"type":"Point","coordinates":[-105.2539,37.9258]},"properties":{"s":31.0,"pub":true}},{"type":"Feature","geometry":{"type":"Point","coordinates":[-105.2539,37.9316]},"properties":{"s":31.0,"pub":true}},{"type":"Feature","geometry":{"type":"Point","coordinates":[-105.2539,37.9374]},"properties":{"s":31.0,"pub":true}},{"type":"Feature","geometry":{"type":"Point","coordinates":[-105.2539,37.9432]},"properties":{"s":31.0,"pub":false}},{"type":"Feature","geometry":{"type":"Point","coordinates":[-105.2539,37.9838]},"properties":{"s":31.0,"pub":false}},{"type":"Feature","geometry":{"type":"Point","coordinates":[-105.2539,37.9896]},"properties":{"s":31.0,"pub":false}},{"type":"Feature","geometry":{"type":"Point","coordinates":[-105.2539,37.9954]},"properties":{"s":31.0,"pub":false}},{"type":"Feature","geometry":{"type":"Point","coordinates":[-105.2539,38.0012]},"properties":{"s":31.0,"pub":false}},{"type":"Feature","geometry":{"type":"Point","coordinates":[-105.2539,38.007]},"properties":{"s":31.0,"pub":false}},{"type":"Feature","geometry":{"type":"Point","coordinates":[-105.2539,38.0128]},"properties":{"s":31.0,"pub":false}},{"type":"Feature","geometry":{"type":"Point","coordinates":[-105.2539,38.0186]},"properties":{"s":31.0,"pub":false}},{"type":"Feature","geometry":{"type":"Point","coordinates":[-105.2539,38.0244]},"properties":{"s":31.0,"pub":false}},{"type":"Feature","geometry":{"type":"Point","coordinates":[-105.2539,38.0302]},"properties":{"s":31.0,"pub":true}},{"type":"Feature","geometry":{"type":"Point","coordinates":[-105.2539,38.0418]},"properties":{"s":51.7,"pub":true}},{"type":"Feature","geometry":{"type":"Point","coordinates":[-105.2539,38.0476]},"properties":{"s":51.7,"pub":true}},{"type":"Feature","geometry":{"type":"Point","coordinates":[-105.2539,38.0534]},"properties":{"s":51.7,"pub":true}},{"type":"Feature","geometry":{"type":"Point","coordinates":[-105.2539,38.0592]},"properties":{"s":51.7,"pub":true}},{"type":"Feature","geometry":{"type":"Point","coordinates":[-105.2539,38.065]},"properties":{"s":51.7,"pub":true}},{"type":"Feature","geometry":{"type":"Point","coordinates":[-105.2539,38.0708]},"properties":{"s":51.7,"pub":true}},{"type":"Feature","geometry":{"type":"Point","coordinates":[-105.2539,38.0766]},"properties":{"s":93.1,"pub":true}},{"type":"Feature","geometry":{"type":"Point","coordinates":[-105.2539,38.0824]},"properties":{"s":93.1,"pub":true}},{"type":"Feature","geometry":{"type":"Point","coordinates":[-105.2539,38.0882]},"properties":{"s":93.1,"pub":false}},{"type":"Feature","geometry":{"type":"Point","coordinates":[-105.2539,38.094]},"properties":{"s":93.1,"pub":false}},{"type":"Feature","geometry":{"type":"Point","coordinates":[-105.2539,38.0998]},"properties":{"s":93.1,"pub":false}},{"type":"Feature","geometry":{"type":"Point","coordinates":[-105.2539,38.1056]},"properties":{"s":72.4,"pub":false}},{"type":"Feature","geometry":{"type":"Point","coordinates":[-105.2539,38.1114]},"properties":{"s":72.4,"pub":false}},{"type":"Feature","geometry":{"type":"Point","coordinates":[-105.2539,38.1172]},"properties":{"s":72.4,"pub":false}},{"type":"Feature","geometry":{"type":"Point","coordinates":[-105.2539,38.123]},"properties":{"s":72.4,"pub":false}},{"type":"Feature","geometry":{"type":"Point","coordinates":[-105.2539,38.1288]},"properties":{"s":65.5,"pub":true}},{"type":"Feature","geometry":{"type":"Point","coordinates":[-105.2539,38.1346]},"properties":{"s":65.5,"pub":true}},{"type":"Feature","geometry":{"type":"Point","coordinates":[-105.2539,38.1404]},"properties":{"s":65.5,"pub":false}},{"type":"Feature","geometry":{"type":"Point","coordinates":[-105.2539,38.1462]},"properties":{"s":65.5,"pub":false}},{"type":"Feature","geometry":{"type":"Point","coordinates":[-105.2539,38.152]},"properties":{"s":65.5,"pub":false}},{"type":"Feature","geometry":{"type":"Point","coordinates":[-105.2539,38.1578]},"properties":{"s":31.0,"pub":false}},{"type":"Feature","geometry":{"type":"Point","coordinates":[-105.2464,37.8098]},"properties":{"s":31.0,"pub":true}},{"type":"Feature","geometry":{"type":"Point","coordinates":[-105.2464,37.8156]},"properties":{"s":31.0,"pub":true}},{"type":"Feature","geometry":{"type":"Point","coordinates":[-105.2464,37.8214]},"properties":{"s":31.0,"pub":true}},{"type":"Feature","geometry":{"type":"Point","coordinates":[-105.2464,37.8272]},"properties":{"s":31.0,"pub":true}},{"type":"Feature","geometry":{"type":"Point","coordinates":[-105.2464,37.833]},"properties":{"s":31.0,"pub":true}},{"type":"Feature","geometry":{"type":"Point","coordinates":[-105.2464,37.8388]},"properties":{"s":31.0,"pub":true}},{"type":"Feature","geometry":{"type":"Point","coordinates":[-105.2464,37.8446]},"properties":{"s":31.0,"pub":true}},{"type":"Feature","geometry":{"type":"Point","coordinates":[-105.2464,37.8504]},"properties":{"s":31.0,"pub":true}},{"type":"Feature","geometry":{"type":"Point","coordinates":[-105.2464,37.8562]},"properties":{"s":31.0,"pub":false}},{"type":"Feature","geometry":{"type":"Point","coordinates":[-105.2464,37.862]},"properties":{"s":31.0,"pub":false}},{"type":"Feature","geometry":{"type":"Point","coordinates":[-105.2464,37.8678]},"properties":{"s":31.0,"pub":false}},{"type":"Feature","geometry":{"type":"Point","coordinates":[-105.2464,37.8736]},"properties":{"s":31.0,"pub":false}},{"type":"Feature","geometry":{"type":"Point","coordinates":[-105.2464,37.8794]},"properties":{"s":31.0,"pub":false}},{"type":"Feature","geometry":{"type":"Point","coordinates":[-105.2464,37.891]},"properties":{"s":31.0,"pub":true}},{"type":"Feature","geometry":{"type":"Point","coordinates":[-105.2464,37.8968]},"properties":{"s":31.0,"pub":true}},{"type":"Feature","geometry":{"type":"Point","coordinates":[-105.2464,37.9026]},"properties":{"s":31.0,"pub":true}},{"type":"Feature","geometry":{"type":"Point","coordinates":[-105.2464,37.9084]},"properties":{"s":31.0,"pub":true}},{"type":"Feature","geometry":{"type":"Point","coordinates":[-105.2464,37.9142]},"properties":{"s":31.0,"pub":true}},{"type":"Feature","geometry":{"type":"Point","coordinates":[-105.2464,37.92]},"properties":{"s":31.0,"pub":true}},{"type":"Feature","geometry":{"type":"Point","coordinates":[-105.2464,37.9258]},"properties":{"s":31.0,"pub":true}},{"type":"Feature","geometry":{"type":"Point","coordinates":[-105.2464,37.9316]},"properties":{"s":31.0,"pub":true}},{"type":"Feature","geometry":{"type":"Point","coordinates":[-105.2464,37.9374]},"properties":{"s":31.0,"pub":true}},{"type":"Feature","geometry":{"type":"Point","coordinates":[-105.2464,37.9432]},"properties":{"s":31.0,"pub":false}},{"type":"Feature","geometry":{"type":"Point","coordinates":[-105.2464,37.949]},"properties":{"s":31.0,"pub":false}},{"type":"Feature","geometry":{"type":"Point","coordinates":[-105.2464,37.9606]},"properties":{"s":31.0,"pub":false}},{"type":"Feature","geometry":{"type":"Point","coordinates":[-105.2464,37.9664]},"properties":{"s":31.0,"pub":false}},{"type":"Feature","geometry":{"type":"Point","coordinates":[-105.2464,37.9722]},"properties":{"s":31.0,"pub":false}},{"type":"Feature","geometry":{"type":"Point","coordinates":[-105.2464,37.978]},"properties":{"s":31.0,"pub":false}},{"type":"Feature","geometry":{"type":"Point","coordinates":[-105.2464,37.9838]},"properties":{"s":31.0,"pub":false}},{"type":"Feature","geometry":{"type":"Point","coordinates":[-105.2464,37.9896]},"properties":{"s":31.0,"pub":false}},{"type":"Feature","geometry":{"type":"Point","coordinates":[-105.2464,37.9954]},"properties":{"s":31.0,"pub":false}},{"type":"Feature","geometry":{"type":"Point","coordinates":[-105.2464,38.0012]},"properties":{"s":31.0,"pub":false}},{"type":"Feature","geometry":{"type":"Point","coordinates":[-105.2464,38.007]},"properties":{"s":31.0,"pub":false}},{"type":"Feature","geometry":{"type":"Point","coordinates":[-105.2464,38.0128]},"properties":{"s":31.0,"pub":false}},{"type":"Feature","geometry":{"type":"Point","coordinates":[-105.2464,38.0186]},"properties":{"s":31.0,"pub":false}},{"type":"Feature","geometry":{"type":"Point","coordinates":[-105.2464,38.0244]},"properties":{"s":31.0,"pub":false}},{"type":"Feature","geometry":{"type":"Point","coordinates":[-105.2464,38.0302]},"properties":{"s":31.0,"pub":true}},{"type":"Feature","geometry":{"type":"Point","coordinates":[-105.2464,38.0418]},"properties":{"s":51.7,"pub":true}},{"type":"Feature","geometry":{"type":"Point","coordinates":[-105.2464,38.0476]},"properties":{"s":51.7,"pub":true}},{"type":"Feature","geometry":{"type":"Point","coordinates":[-105.2464,38.0534]},"properties":{"s":51.7,"pub":true}},{"type":"Feature","geometry":{"type":"Point","coordinates":[-105.2464,38.0592]},"properties":{"s":51.7,"pub":true}},{"type":"Feature","geometry":{"type":"Point","coordinates":[-105.2464,38.065]},"properties":{"s":93.1,"pub":true}},{"type":"Feature","geometry":{"type":"Point","coordinates":[-105.2464,38.0708]},"properties":{"s":93.1,"pub":true}},{"type":"Feature","geometry":{"type":"Point","coordinates":[-105.2464,38.0766]},"properties":{"s":93.1,"pub":true}},{"type":"Feature","geometry":{"type":"Point","coordinates":[-105.2464,38.0824]},"properties":{"s":93.1,"pub":true}},{"type":"Feature","geometry":{"type":"Point","coordinates":[-105.2464,38.0882]},"properties":{"s":93.1,"pub":false}},{"type":"Feature","geometry":{"type":"Point","coordinates":[-105.2464,38.094]},"properties":{"s":93.1,"pub":false}},{"type":"Feature","geometry":{"type":"Point","coordinates":[-105.2464,38.0998]},"properties":{"s":93.1,"pub":false}},{"type":"Feature","geometry":{"type":"Point","coordinates":[-105.2464,38.1056]},"properties":{"s":65.5,"pub":false}},{"type":"Feature","geometry":{"type":"Point","coordinates":[-105.2464,38.1114]},"properties":{"s":72.4,"pub":false}},{"type":"Feature","geometry":{"type":"Point","coordinates":[-105.2464,38.1172]},"properties":{"s":72.4,"pub":false}},{"type":"Feature","geometry":{"type":"Point","coordinates":[-105.2464,38.123]},"properties":{"s":72.4,"pub":false}},{"type":"Feature","geometry":{"type":"Point","coordinates":[-105.2464,38.1288]},"properties":{"s":65.5,"pub":true}},{"type":"Feature","geometry":{"type":"Point","coordinates":[-105.2464,38.1346]},"properties":{"s":65.5,"pub":false}},{"type":"Feature","geometry":{"type":"Point","coordinates":[-105.2464,38.1404]},"properties":{"s":65.5,"pub":false}},{"type":"Feature","geometry":{"type":"Point","coordinates":[-105.2464,38.1462]},"properties":{"s":65.5,"pub":false}},{"type":"Feature","geometry":{"type":"Point","coordinates":[-105.2464,38.152]},"properties":{"s":65.5,"pub":false}},{"type":"Feature","geometry":{"type":"Point","coordinates":[-105.2464,38.1578]},"properties":{"s":31.0,"pub":false}},{"type":"Feature","geometry":{"type":"Point","coordinates":[-105.2389,37.8098]},"properties":{"s":31.0,"pub":true}},{"type":"Feature","geometry":{"type":"Point","coordinates":[-105.2389,37.8156]},"properties":{"s":31.0,"pub":true}},{"type":"Feature","geometry":{"type":"Point","coordinates":[-105.2389,37.8214]},"properties":{"s":31.0,"pub":true}},{"type":"Feature","geometry":{"type":"Point","coordinates":[-105.2389,37.8272]},"properties":{"s":31.0,"pub":true}},{"type":"Feature","geometry":{"type":"Point","coordinates":[-105.2389,37.833]},"properties":{"s":31.0,"pub":false}},{"type":"Feature","geometry":{"type":"Point","coordinates":[-105.2389,37.8388]},"properties":{"s":31.0,"pub":true}},{"type":"Feature","geometry":{"type":"Point","coordinates":[-105.2389,37.8446]},"properties":{"s":31.0,"pub":false}},{"type":"Feature","geometry":{"type":"Point","coordinates":[-105.2389,37.8504]},"properties":{"s":31.0,"pub":true}},{"type":"Feature","geometry":{"type":"Point","coordinates":[-105.2389,37.8562]},"properties":{"s":31.0,"pub":false}},{"type":"Feature","geometry":{"type":"Point","coordinates":[-105.2389,37.862]},"properties":{"s":31.0,"pub":false}},{"type":"Feature","geometry":{"type":"Point","coordinates":[-105.2389,37.8678]},"properties":{"s":31.0,"pub":false}},{"type":"Feature","geometry":{"type":"Point","coordinates":[-105.2389,37.8736]},"properties":{"s":31.0,"pub":false}},{"type":"Feature","geometry":{"type":"Point","coordinates":[-105.2389,37.8794]},"properties":{"s":31.0,"pub":false}},{"type":"Feature","geometry":{"type":"Point","coordinates":[-105.2389,37.8852]},"properties":{"s":31.0,"pub":true}},{"type":"Feature","geometry":{"type":"Point","coordinates":[-105.2389,37.891]},"properties":{"s":31.0,"pub":true}},{"type":"Feature","geometry":{"type":"Point","coordinates":[-105.2389,37.8968]},"properties":{"s":31.0,"pub":true}},{"type":"Feature","geometry":{"type":"Point","coordinates":[-105.2389,37.9026]},"properties":{"s":31.0,"pub":true}},{"type":"Feature","geometry":{"type":"Point","coordinates":[-105.2389,37.9084]},"properties":{"s":31.0,"pub":true}},{"type":"Feature","geometry":{"type":"Point","coordinates":[-105.2389,37.9142]},"properties":{"s":31.0,"pub":true}},{"type":"Feature","geometry":{"type":"Point","coordinates":[-105.2389,37.92]},"properties":{"s":31.0,"pub":true}},{"type":"Feature","geometry":{"type":"Point","coordinates":[-105.2389,37.9258]},"properties":{"s":31.0,"pub":true}},{"type":"Feature","geometry":{"type":"Point","coordinates":[-105.2389,37.9316]},"properties":{"s":31.0,"pub":true}},{"type":"Feature","geometry":{"type":"Point","coordinates":[-105.2389,37.9374]},"properties":{"s":31.0,"pub":true}},{"type":"Feature","geometry":{"type":"Point","coordinates":[-105.2389,37.9432]},"properties":{"s":31.0,"pub":false}},{"type":"Feature","geometry":{"type":"Point","coordinates":[-105.2389,37.949]},"properties":{"s":31.0,"pub":false}},{"type":"Feature","geometry":{"type":"Point","coordinates":[-105.2389,37.9548]},"properties":{"s":31.0,"pub":false}},{"type":"Feature","geometry":{"type":"Point","coordinates":[-105.2389,37.9606]},"properties":{"s":31.0,"pub":false}},{"type":"Feature","geometry":{"type":"Point","coordinates":[-105.2389,37.9664]},"properties":{"s":31.0,"pub":false}},{"type":"Feature","geometry":{"type":"Point","coordinates":[-105.2389,37.9722]},"properties":{"s":31.0,"pub":false}},{"type":"Feature","geometry":{"type":"Point","coordinates":[-105.2389,37.978]},"properties":{"s":31.0,"pub":false}},{"type":"Feature","geometry":{"type":"Point","coordinates":[-105.2389,37.9838]},"properties":{"s":31.0,"pub":false}},{"type":"Feature","geometry":{"type":"Point","coordinates":[-105.2389,37.9896]},"properties":{"s":31.0,"pub":false}},{"type":"Feature","geometry":{"type":"Point","coordinates":[-105.2389,37.9954]},"properties":{"s":31.0,"pub":false}},{"type":"Feature","geometry":{"type":"Point","coordinates":[-105.2389,38.0012]},"properties":{"s":31.0,"pub":false}},{"type":"Feature","geometry":{"type":"Point","coordinates":[-105.2389,38.007]},"properties":{"s":31.0,"pub":false}},{"type":"Feature","geometry":{"type":"Point","coordinates":[-105.2389,38.0128]},"properties":{"s":31.0,"pub":false}},{"type":"Feature","geometry":{"type":"Point","coordinates":[-105.2389,38.0186]},"properties":{"s":31.0,"pub":false}},{"type":"Feature","geometry":{"type":"Point","coordinates":[-105.2389,38.0244]},"properties":{"s":31.0,"pub":false}},{"type":"Feature","geometry":{"type":"Point","coordinates":[-105.2389,38.0302]},"properties":{"s":31.0,"pub":true}},{"type":"Feature","geometry":{"type":"Point","coordinates":[-105.2389,38.0418]},"properties":{"s":51.7,"pub":true}},{"type":"Feature","geometry":{"type":"Point","coordinates":[-105.2389,38.0476]},"properties":{"s":51.7,"pub":true}},{"type":"Feature","geometry":{"type":"Point","coordinates":[-105.2389,38.0534]},"properties":{"s":51.7,"pub":true}},{"type":"Feature","geometry":{"type":"Point","coordinates":[-105.2389,38.0592]},"properties":{"s":93.1,"pub":true}},{"type":"Feature","geometry":{"type":"Point","coordinates":[-105.2389,38.065]},"properties":{"s":93.1,"pub":true}},{"type":"Feature","geometry":{"type":"Point","coordinates":[-105.2389,38.0708]},"properties":{"s":93.1,"pub":true}},{"type":"Feature","geometry":{"type":"Point","coordinates":[-105.2389,38.0766]},"properties":{"s":93.1,"pub":true}},{"type":"Feature","geometry":{"type":"Point","coordinates":[-105.2389,38.0824]},"properties":{"s":93.1,"pub":true}},{"type":"Feature","geometry":{"type":"Point","coordinates":[-105.2389,38.0882]},"properties":{"s":93.1,"pub":false}},{"type":"Feature","geometry":{"type":"Point","coordinates":[-105.2389,38.094]},"properties":{"s":93.1,"pub":false}},{"type":"Feature","geometry":{"type":"Point","coordinates":[-105.2389,38.0998]},"properties":{"s":65.5,"pub":false}},{"type":"Feature","geometry":{"type":"Point","coordinates":[-105.2389,38.1056]},"properties":{"s":65.5,"pub":false}},{"type":"Feature","geometry":{"type":"Point","coordinates":[-105.2389,38.1114]},"properties":{"s":72.4,"pub":false}},{"type":"Feature","geometry":{"type":"Point","coordinates":[-105.2389,38.1172]},"properties":{"s":72.4,"pub":false}},{"type":"Feature","geometry":{"type":"Point","coordinates":[-105.2389,38.123]},"properties":{"s":72.4,"pub":false}},{"type":"Feature","geometry":{"type":"Point","coordinates":[-105.2389,38.1288]},"properties":{"s":72.4,"pub":false}},{"type":"Feature","geometry":{"type":"Point","coordinates":[-105.2389,38.1346]},"properties":{"s":65.5,"pub":false}},{"type":"Feature","geometry":{"type":"Point","coordinates":[-105.2389,38.1404]},"properties":{"s":65.5,"pub":false}},{"type":"Feature","geometry":{"type":"Point","coordinates":[-105.2389,38.1462]},"properties":{"s":65.5,"pub":false}},{"type":"Feature","geometry":{"type":"Point","coordinates":[-105.2389,38.152]},"properties":{"s":72.4,"pub":false}},{"type":"Feature","geometry":{"type":"Point","coordinates":[-105.2389,38.1578]},"properties":{"s":31.0,"pub":false}},{"type":"Feature","geometry":{"type":"Point","coordinates":[-105.2314,37.8098]},"properties":{"s":31.0,"pub":true}},{"type":"Feature","geometry":{"type":"Point","coordinates":[-105.2314,37.8156]},"properties":{"s":31.0,"pub":true}},{"type":"Feature","geometry":{"type":"Point","coordinates":[-105.2314,37.8214]},"properties":{"s":31.0,"pub":true}},{"type":"Feature","geometry":{"type":"Point","coordinates":[-105.2314,37.8272]},"properties":{"s":31.0,"pub":true}},{"type":"Feature","geometry":{"type":"Point","coordinates":[-105.2314,37.833]},"properties":{"s":31.0,"pub":false}},{"type":"Feature","geometry":{"type":"Point","coordinates":[-105.2314,37.8388]},"properties":{"s":31.0,"pub":false}},{"type":"Feature","geometry":{"type":"Point","coordinates":[-105.2314,37.8446]},"properties":{"s":31.0,"pub":false}},{"type":"Feature","geometry":{"type":"Point","coordinates":[-105.2314,37.8504]},"properties":{"s":31.0,"pub":false}},{"type":"Feature","geometry":{"type":"Point","coordinates":[-105.2314,37.8562]},"properties":{"s":31.0,"pub":false}},{"type":"Feature","geometry":{"type":"Point","coordinates":[-105.2314,37.862]},"properties":{"s":31.0,"pub":false}},{"type":"Feature","geometry":{"type":"Point","coordinates":[-105.2314,37.8678]},"properties":{"s":31.0,"pub":true}},{"type":"Feature","geometry":{"type":"Point","coordinates":[-105.2314,37.8736]},"properties":{"s":31.0,"pub":true}},{"type":"Feature","geometry":{"type":"Point","coordinates":[-105.2314,37.8794]},"properties":{"s":31.0,"pub":true}},{"type":"Feature","geometry":{"type":"Point","coordinates":[-105.2314,37.8852]},"properties":{"s":31.0,"pub":true}},{"type":"Feature","geometry":{"type":"Point","coordinates":[-105.2314,37.891]},"properties":{"s":31.0,"pub":true}},{"type":"Feature","geometry":{"type":"Point","coordinates":[-105.2314,37.8968]},"properties":{"s":31.0,"pub":true}},{"type":"Feature","geometry":{"type":"Point","coordinates":[-105.2314,37.9026]},"properties":{"s":31.0,"pub":true}},{"type":"Feature","geometry":{"type":"Point","coordinates":[-105.2314,37.9084]},"properties":{"s":31.0,"pub":true}},{"type":"Feature","geometry":{"type":"Point","coordinates":[-105.2314,37.9142]},"properties":{"s":31.0,"pub":true}},{"type":"Feature","geometry":{"type":"Point","coordinates":[-105.2314,37.92]},"properties":{"s":31.0,"pub":true}},{"type":"Feature","geometry":{"type":"Point","coordinates":[-105.2314,37.9258]},"properties":{"s":31.0,"pub":true}},{"type":"Feature","geometry":{"type":"Point","coordinates":[-105.2314,37.9316]},"properties":{"s":31.0,"pub":true}},{"type":"Feature","geometry":{"type":"Point","coordinates":[-105.2314,37.9374]},"properties":{"s":31.0,"pub":true}},{"type":"Feature","geometry":{"type":"Point","coordinates":[-105.2314,37.9432]},"properties":{"s":31.0,"pub":true}},{"type":"Feature","geometry":{"type":"Point","coordinates":[-105.2314,37.949]},"properties":{"s":31.0,"pub":true}},{"type":"Feature","geometry":{"type":"Point","coordinates":[-105.2314,37.9548]},"properties":{"s":31.0,"pub":true}},{"type":"Feature","geometry":{"type":"Point","coordinates":[-105.2314,37.9606]},"properties":{"s":31.0,"pub":true}},{"type":"Feature","geometry":{"type":"Point","coordinates":[-105.2314,37.9664]},"properties":{"s":31.0,"pub":true}},{"type":"Feature","geometry":{"type":"Point","coordinates":[-105.2314,37.9722]},"properties":{"s":31.0,"pub":false}},{"type":"Feature","geometry":{"type":"Point","coordinates":[-105.2314,37.978]},"properties":{"s":31.0,"pub":false}},{"type":"Feature","geometry":{"type":"Point","coordinates":[-105.2314,37.9838]},"properties":{"s":31.0,"pub":false}},{"type":"Feature","geometry":{"type":"Point","coordinates":[-105.2314,37.9896]},"properties":{"s":31.0,"pub":false}},{"type":"Feature","geometry":{"type":"Point","coordinates":[-105.2314,37.9954]},"properties":{"s":31.0,"pub":false}},{"type":"Feature","geometry":{"type":"Point","coordinates":[-105.2314,38.0012]},"properties":{"s":31.0,"pub":false}},{"type":"Feature","geometry":{"type":"Point","coordinates":[-105.2314,38.007]},"properties":{"s":31.0,"pub":false}},{"type":"Feature","geometry":{"type":"Point","coordinates":[-105.2314,38.0128]},"properties":{"s":31.0,"pub":false}},{"type":"Feature","geometry":{"type":"Point","coordinates":[-105.2314,38.0186]},"properties":{"s":31.0,"pub":false}},{"type":"Feature","geometry":{"type":"Point","coordinates":[-105.2314,38.0244]},"properties":{"s":31.0,"pub":false}},{"type":"Feature","geometry":{"type":"Point","coordinates":[-105.2314,38.0302]},"properties":{"s":31.0,"pub":true}},{"type":"Feature","geometry":{"type":"Point","coordinates":[-105.2314,38.036]},"properties":{"s":51.7,"pub":true}},{"type":"Feature","geometry":{"type":"Point","coordinates":[-105.2314,38.0418]},"properties":{"s":51.7,"pub":true}},{"type":"Feature","geometry":{"type":"Point","coordinates":[-105.2314,38.0476]},"properties":{"s":93.1,"pub":true}},{"type":"Feature","geometry":{"type":"Point","coordinates":[-105.2314,38.0534]},"properties":{"s":93.1,"pub":true}},{"type":"Feature","geometry":{"type":"Point","coordinates":[-105.2314,38.0592]},"properties":{"s":93.1,"pub":true}},{"type":"Feature","geometry":{"type":"Point","coordinates":[-105.2314,38.065]},"properties":{"s":93.1,"pub":true}},{"type":"Feature","geometry":{"type":"Point","coordinates":[-105.2314,38.0708]},"properties":{"s":93.1,"pub":true}},{"type":"Feature","geometry":{"type":"Point","coordinates":[-105.2314,38.0766]},"properties":{"s":93.1,"pub":true}},{"type":"Feature","geometry":{"type":"Point","coordinates":[-105.2314,38.0824]},"properties":{"s":93.1,"pub":true}},{"type":"Feature","geometry":{"type":"Point","coordinates":[-105.2314,38.0882]},"properties":{"s":93.1,"pub":false}},{"type":"Feature","geometry":{"type":"Point","coordinates":[-105.2314,38.094]},"properties":{"s":93.1,"pub":false}},{"type":"Feature","geometry":{"type":"Point","coordinates":[-105.2314,38.0998]},"properties":{"s":65.5,"pub":false}},{"type":"Feature","geometry":{"type":"Point","coordinates":[-105.2314,38.1056]},"properties":{"s":65.5,"pub":false}},{"type":"Feature","geometry":{"type":"Point","coordinates":[-105.2314,38.1114]},"properties":{"s":72.4,"pub":false}},{"type":"Feature","geometry":{"type":"Point","coordinates":[-105.2314,38.1172]},"properties":{"s":72.4,"pub":false}},{"type":"Feature","geometry":{"type":"Point","coordinates":[-105.2314,38.123]},"properties":{"s":72.4,"pub":false}},{"type":"Feature","geometry":{"type":"Point","coordinates":[-105.2314,38.1288]},"properties":{"s":72.4,"pub":false}},{"type":"Feature","geometry":{"type":"Point","coordinates":[-105.2314,38.1346]},"properties":{"s":65.5,"pub":false}},{"type":"Feature","geometry":{"type":"Point","coordinates":[-105.2314,38.1404]},"properties":{"s":65.5,"pub":false}},{"type":"Feature","geometry":{"type":"Point","coordinates":[-105.2314,38.1462]},"properties":{"s":65.5,"pub":false}},{"type":"Feature","geometry":{"type":"Point","coordinates":[-105.2314,38.152]},"properties":{"s":72.4,"pub":false}},{"type":"Feature","geometry":{"type":"Point","coordinates":[-105.2314,38.1578]},"properties":{"s":72.4,"pub":false}},{"type":"Feature","geometry":{"type":"Point","coordinates":[-105.2314,38.1636]},"properties":{"s":31.0,"pub":false}},{"type":"Feature","geometry":{"type":"Point","coordinates":[-105.2239,37.8098]},"properties":{"s":31.0,"pub":false}},{"type":"Feature","geometry":{"type":"Point","coordinates":[-105.2239,37.8156]},"properties":{"s":31.0,"pub":true}},{"type":"Feature","geometry":{"type":"Point","coordinates":[-105.2239,37.8214]},"properties":{"s":31.0,"pub":true}},{"type":"Feature","geometry":{"type":"Point","coordinates":[-105.2239,37.8272]},"properties":{"s":31.0,"pub":false}},{"type":"Feature","geometry":{"type":"Point","coordinates":[-105.2239,37.833]},"properties":{"s":31.0,"pub":false}},{"type":"Feature","geometry":{"type":"Point","coordinates":[-105.2239,37.8388]},"properties":{"s":31.0,"pub":false}},{"type":"Feature","geometry":{"type":"Point","coordinates":[-105.2239,37.8446]},"properties":{"s":31.0,"pub":false}},{"type":"Feature","geometry":{"type":"Point","coordinates":[-105.2239,37.8504]},"properties":{"s":31.0,"pub":false}},{"type":"Feature","geometry":{"type":"Point","coordinates":[-105.2239,37.8562]},"properties":{"s":31.0,"pub":false}},{"type":"Feature","geometry":{"type":"Point","coordinates":[-105.2239,37.862]},"properties":{"s":31.0,"pub":false}},{"type":"Feature","geometry":{"type":"Point","coordinates":[-105.2239,37.8678]},"properties":{"s":31.0,"pub":true}},{"type":"Feature","geometry":{"type":"Point","coordinates":[-105.2239,37.8736]},"properties":{"s":31.0,"pub":true}},{"type":"Feature","geometry":{"type":"Point","coordinates":[-105.2239,37.8794]},"properties":{"s":31.0,"pub":true}},{"type":"Feature","geometry":{"type":"Point","coordinates":[-105.2239,37.8852]},"properties":{"s":31.0,"pub":true}},{"type":"Feature","geometry":{"type":"Point","coordinates":[-105.2239,37.891]},"properties":{"s":31.0,"pub":true}},{"type":"Feature","geometry":{"type":"Point","coordinates":[-105.2239,37.8968]},"properties":{"s":31.0,"pub":true}},{"type":"Feature","geometry":{"type":"Point","coordinates":[-105.2239,37.9142]},"properties":{"s":31.0,"pub":true}},{"type":"Feature","geometry":{"type":"Point","coordinates":[-105.2239,37.92]},"properties":{"s":31.0,"pub":true}},{"type":"Feature","geometry":{"type":"Point","coordinates":[-105.2239,37.9258]},"properties":{"s":31.0,"pub":true}},{"type":"Feature","geometry":{"type":"Point","coordinates":[-105.2239,37.9316]},"properties":{"s":31.0,"pub":true}},{"type":"Feature","geometry":{"type":"Point","coordinates":[-105.2239,37.9374]},"properties":{"s":31.0,"pub":true}},{"type":"Feature","geometry":{"type":"Point","coordinates":[-105.2239,37.9432]},"properties":{"s":31.0,"pub":true}},{"type":"Feature","geometry":{"type":"Point","coordinates":[-105.2239,37.949]},"properties":{"s":31.0,"pub":true}},{"type":"Feature","geometry":{"type":"Point","coordinates":[-105.2239,37.9548]},"properties":{"s":31.0,"pub":true}},{"type":"Feature","geometry":{"type":"Point","coordinates":[-105.2239,37.9606]},"properties":{"s":31.0,"pub":true}},{"type":"Feature","geometry":{"type":"Point","coordinates":[-105.2239,37.9664]},"properties":{"s":31.0,"pub":true}},{"type":"Feature","geometry":{"type":"Point","coordinates":[-105.2239,37.9722]},"properties":{"s":31.0,"pub":false}},{"type":"Feature","geometry":{"type":"Point","coordinates":[-105.2239,37.978]},"properties":{"s":31.0,"pub":false}},{"type":"Feature","geometry":{"type":"Point","coordinates":[-105.2239,37.9838]},"properties":{"s":31.0,"pub":false}},{"type":"Feature","geometry":{"type":"Point","coordinates":[-105.2239,37.9896]},"properties":{"s":31.0,"pub":false}},{"type":"Feature","geometry":{"type":"Point","coordinates":[-105.2239,37.9954]},"properties":{"s":31.0,"pub":false}},{"type":"Feature","geometry":{"type":"Point","coordinates":[-105.2239,38.0012]},"properties":{"s":31.0,"pub":false}},{"type":"Feature","geometry":{"type":"Point","coordinates":[-105.2239,38.007]},"properties":{"s":31.0,"pub":false}},{"type":"Feature","geometry":{"type":"Point","coordinates":[-105.2239,38.0128]},"properties":{"s":31.0,"pub":false}},{"type":"Feature","geometry":{"type":"Point","coordinates":[-105.2239,38.0186]},"properties":{"s":31.0,"pub":false}},{"type":"Feature","geometry":{"type":"Point","coordinates":[-105.2239,38.0244]},"properties":{"s":31.0,"pub":false}},{"type":"Feature","geometry":{"type":"Point","coordinates":[-105.2239,38.0302]},"properties":{"s":31.0,"pub":true}},{"type":"Feature","geometry":{"type":"Point","coordinates":[-105.2239,38.036]},"properties":{"s":51.7,"pub":true}},{"type":"Feature","geometry":{"type":"Point","coordinates":[-105.2239,38.0418]},"properties":{"s":93.1,"pub":true}},{"type":"Feature","geometry":{"type":"Point","coordinates":[-105.2239,38.0476]},"properties":{"s":93.1,"pub":true}},{"type":"Feature","geometry":{"type":"Point","coordinates":[-105.2239,38.0534]},"properties":{"s":93.1,"pub":true}},{"type":"Feature","geometry":{"type":"Point","coordinates":[-105.2239,38.0592]},"properties":{"s":93.1,"pub":false}},{"type":"Feature","geometry":{"type":"Point","coordinates":[-105.2239,38.065]},"properties":{"s":93.1,"pub":false}},{"type":"Feature","geometry":{"type":"Point","coordinates":[-105.2239,38.0708]},"properties":{"s":93.1,"pub":false}},{"type":"Feature","geometry":{"type":"Point","coordinates":[-105.2239,38.0766]},"properties":{"s":93.1,"pub":false}},{"type":"Feature","geometry":{"type":"Point","coordinates":[-105.2239,38.0824]},"properties":{"s":93.1,"pub":false}},{"type":"Feature","geometry":{"type":"Point","coordinates":[-105.2239,38.0882]},"properties":{"s":93.1,"pub":false}},{"type":"Feature","geometry":{"type":"Point","coordinates":[-105.2239,38.094]},"properties":{"s":65.5,"pub":false}},{"type":"Feature","geometry":{"type":"Point","coordinates":[-105.2239,38.0998]},"properties":{"s":65.5,"pub":false}},{"type":"Feature","geometry":{"type":"Point","coordinates":[-105.2239,38.1056]},"properties":{"s":65.5,"pub":false}},{"type":"Feature","geometry":{"type":"Point","coordinates":[-105.2239,38.1114]},"properties":{"s":65.5,"pub":false}},{"type":"Feature","geometry":{"type":"Point","coordinates":[-105.2239,38.1172]},"properties":{"s":72.4,"pub":false}},{"type":"Feature","geometry":{"type":"Point","coordinates":[-105.2239,38.123]},"properties":{"s":72.4,"pub":false}},{"type":"Feature","geometry":{"type":"Point","coordinates":[-105.2239,38.1288]},"properties":{"s":72.4,"pub":true}},{"type":"Feature","geometry":{"type":"Point","coordinates":[-105.2239,38.1346]},"properties":{"s":65.5,"pub":true}},{"type":"Feature","geometry":{"type":"Point","coordinates":[-105.2239,38.1404]},"properties":{"s":65.5,"pub":true}},{"type":"Feature","geometry":{"type":"Point","coordinates":[-105.2239,38.1462]},"properties":{"s":65.5,"pub":false}},{"type":"Feature","geometry":{"type":"Point","coordinates":[-105.2239,38.152]},"properties":{"s":72.4,"pub":false}},{"type":"Feature","geometry":{"type":"Point","coordinates":[-105.2239,38.1578]},"properties":{"s":72.4,"pub":false}},{"type":"Feature","geometry":{"type":"Point","coordinates":[-105.2239,38.1636]},"properties":{"s":31.0,"pub":false}},{"type":"Feature","geometry":{"type":"Point","coordinates":[-105.2164,37.804]},"properties":{"s":31.0,"pub":false}},{"type":"Feature","geometry":{"type":"Point","coordinates":[-105.2164,37.8098]},"properties":{"s":31.0,"pub":false}},{"type":"Feature","geometry":{"type":"Point","coordinates":[-105.2164,37.8156]},"properties":{"s":31.0,"pub":false}},{"type":"Feature","geometry":{"type":"Point","coordinates":[-105.2164,37.8214]},"properties":{"s":31.0,"pub":false}},{"type":"Feature","geometry":{"type":"Point","coordinates":[-105.2164,37.8272]},"properties":{"s":31.0,"pub":false}},{"type":"Feature","geometry":{"type":"Point","coordinates":[-105.2164,37.833]},"properties":{"s":31.0,"pub":true}},{"type":"Feature","geometry":{"type":"Point","coordinates":[-105.2164,37.8388]},"properties":{"s":31.0,"pub":false}},{"type":"Feature","geometry":{"type":"Point","coordinates":[-105.2164,37.8446]},"properties":{"s":31.0,"pub":false}},{"type":"Feature","geometry":{"type":"Point","coordinates":[-105.2164,37.8504]},"properties":{"s":31.0,"pub":false}},{"type":"Feature","geometry":{"type":"Point","coordinates":[-105.2164,37.8562]},"properties":{"s":31.0,"pub":false}},{"type":"Feature","geometry":{"type":"Point","coordinates":[-105.2164,37.862]},"properties":{"s":31.0,"pub":false}},{"type":"Feature","geometry":{"type":"Point","coordinates":[-105.2164,37.8678]},"properties":{"s":31.0,"pub":false}},{"type":"Feature","geometry":{"type":"Point","coordinates":[-105.2164,37.8736]},"properties":{"s":31.0,"pub":false}},{"type":"Feature","geometry":{"type":"Point","coordinates":[-105.2164,37.8794]},"properties":{"s":31.0,"pub":true}},{"type":"Feature","geometry":{"type":"Point","coordinates":[-105.2164,37.8852]},"properties":{"s":31.0,"pub":true}},{"type":"Feature","geometry":{"type":"Point","coordinates":[-105.2164,37.891]},"properties":{"s":31.0,"pub":true}},{"type":"Feature","geometry":{"type":"Point","coordinates":[-105.2164,37.9258]},"properties":{"s":31.0,"pub":true}},{"type":"Feature","geometry":{"type":"Point","coordinates":[-105.2164,37.9316]},"properties":{"s":31.0,"pub":true}},{"type":"Feature","geometry":{"type":"Point","coordinates":[-105.2164,37.9374]},"properties":{"s":31.0,"pub":true}},{"type":"Feature","geometry":{"type":"Point","coordinates":[-105.2164,37.9432]},"properties":{"s":31.0,"pub":true}},{"type":"Feature","geometry":{"type":"Point","coordinates":[-105.2164,37.949]},"properties":{"s":31.0,"pub":true}},{"type":"Feature","geometry":{"type":"Point","coordinates":[-105.2164,37.9548]},"properties":{"s":31.0,"pub":true}},{"type":"Feature","geometry":{"type":"Point","coordinates":[-105.2164,37.9606]},"properties":{"s":72.4,"pub":true}},{"type":"Feature","geometry":{"type":"Point","coordinates":[-105.2164,37.9664]},"properties":{"s":31.0,"pub":true}},{"type":"Feature","geometry":{"type":"Point","coordinates":[-105.2164,37.9722]},"properties":{"s":31.0,"pub":false}},{"type":"Feature","geometry":{"type":"Point","coordinates":[-105.2164,37.978]},"properties":{"s":31.0,"pub":false}},{"type":"Feature","geometry":{"type":"Point","coordinates":[-105.2164,37.9838]},"properties":{"s":31.0,"pub":false}},{"type":"Feature","geometry":{"type":"Point","coordinates":[-105.2164,37.9896]},"properties":{"s":31.0,"pub":false}},{"type":"Feature","geometry":{"type":"Point","coordinates":[-105.2164,37.9954]},"properties":{"s":31.0,"pub":false}},{"type":"Feature","geometry":{"type":"Point","coordinates":[-105.2164,38.0012]},"properties":{"s":31.0,"pub":false}},{"type":"Feature","geometry":{"type":"Point","coordinates":[-105.2164,38.007]},"properties":{"s":31.0,"pub":false}},{"type":"Feature","geometry":{"type":"Point","coordinates":[-105.2164,38.0128]},"properties":{"s":31.0,"pub":false}},{"type":"Feature","geometry":{"type":"Point","coordinates":[-105.2164,38.0186]},"properties":{"s":31.0,"pub":false}},{"type":"Feature","geometry":{"type":"Point","coordinates":[-105.2164,38.0244]},"properties":{"s":31.0,"pub":false}},{"type":"Feature","geometry":{"type":"Point","coordinates":[-105.2164,38.0302]},"properties":{"s":58.6,"pub":true}},{"type":"Feature","geometry":{"type":"Point","coordinates":[-105.2164,38.036]},"properties":{"s":93.1,"pub":true}},{"type":"Feature","geometry":{"type":"Point","coordinates":[-105.2164,38.0418]},"properties":{"s":93.1,"pub":true}},{"type":"Feature","geometry":{"type":"Point","coordinates":[-105.2164,38.0476]},"properties":{"s":93.1,"pub":true}},{"type":"Feature","geometry":{"type":"Point","coordinates":[-105.2164,38.0534]},"properties":{"s":93.1,"pub":true}},{"type":"Feature","geometry":{"type":"Point","coordinates":[-105.2164,38.0592]},"properties":{"s":93.1,"pub":false}},{"type":"Feature","geometry":{"type":"Point","coordinates":[-105.2164,38.065]},"properties":{"s":93.1,"pub":false}},{"type":"Feature","geometry":{"type":"Point","coordinates":[-105.2164,38.0708]},"properties":{"s":93.1,"pub":false}},{"type":"Feature","geometry":{"type":"Point","coordinates":[-105.2164,38.0766]},"properties":{"s":93.1,"pub":false}},{"type":"Feature","geometry":{"type":"Point","coordinates":[-105.2164,38.0824]},"properties":{"s":93.1,"pub":false}},{"type":"Feature","geometry":{"type":"Point","coordinates":[-105.2164,38.0882]},"properties":{"s":93.1,"pub":false}},{"type":"Feature","geometry":{"type":"Point","coordinates":[-105.2164,38.094]},"properties":{"s":65.5,"pub":false}},{"type":"Feature","geometry":{"type":"Point","coordinates":[-105.2164,38.0998]},"properties":{"s":65.5,"pub":false}},{"type":"Feature","geometry":{"type":"Point","coordinates":[-105.2164,38.1056]},"properties":{"s":65.5,"pub":false}},{"type":"Feature","geometry":{"type":"Point","coordinates":[-105.2164,38.1114]},"properties":{"s":65.5,"pub":true}},{"type":"Feature","geometry":{"type":"Point","coordinates":[-105.2164,38.1172]},"properties":{"s":65.5,"pub":false}},{"type":"Feature","geometry":{"type":"Point","coordinates":[-105.2164,38.123]},"properties":{"s":72.4,"pub":false}},{"type":"Feature","geometry":{"type":"Point","coordinates":[-105.2164,38.1288]},"properties":{"s":72.4,"pub":true}},{"type":"Feature","geometry":{"type":"Point","coordinates":[-105.2164,38.1346]},"properties":{"s":72.4,"pub":true}},{"type":"Feature","geometry":{"type":"Point","coordinates":[-105.2164,38.1404]},"properties":{"s":65.5,"pub":true}},{"type":"Feature","geometry":{"type":"Point","coordinates":[-105.2164,38.1462]},"properties":{"s":65.5,"pub":false}},{"type":"Feature","geometry":{"type":"Point","coordinates":[-105.2164,38.152]},"properties":{"s":72.4,"pub":false}},{"type":"Feature","geometry":{"type":"Point","coordinates":[-105.2164,38.1578]},"properties":{"s":72.4,"pub":false}},{"type":"Feature","geometry":{"type":"Point","coordinates":[-105.2164,38.1636]},"properties":{"s":31.0,"pub":false}},{"type":"Feature","geometry":{"type":"Point","coordinates":[-105.2089,37.804]},"properties":{"s":31.0,"pub":false}},{"type":"Feature","geometry":{"type":"Point","coordinates":[-105.2089,37.8098]},"properties":{"s":31.0,"pub":false}},{"type":"Feature","geometry":{"type":"Point","coordinates":[-105.2089,37.8156]},"properties":{"s":31.0,"pub":false}},{"type":"Feature","geometry":{"type":"Point","coordinates":[-105.2089,37.8214]},"properties":{"s":31.0,"pub":true}},{"type":"Feature","geometry":{"type":"Point","coordinates":[-105.2089,37.8272]},"properties":{"s":31.0,"pub":false}},{"type":"Feature","geometry":{"type":"Point","coordinates":[-105.2089,37.833]},"properties":{"s":31.0,"pub":false}},{"type":"Feature","geometry":{"type":"Point","coordinates":[-105.2089,37.8388]},"properties":{"s":31.0,"pub":false}},{"type":"Feature","geometry":{"type":"Point","coordinates":[-105.2089,37.8446]},"properties":{"s":31.0,"pub":false}},{"type":"Feature","geometry":{"type":"Point","coordinates":[-105.2089,37.8504]},"properties":{"s":31.0,"pub":false}},{"type":"Feature","geometry":{"type":"Point","coordinates":[-105.2089,37.8562]},"properties":{"s":31.0,"pub":false}},{"type":"Feature","geometry":{"type":"Point","coordinates":[-105.2089,37.862]},"properties":{"s":31.0,"pub":false}},{"type":"Feature","geometry":{"type":"Point","coordinates":[-105.2089,37.8678]},"properties":{"s":31.0,"pub":false}},{"type":"Feature","geometry":{"type":"Point","coordinates":[-105.2089,37.8736]},"properties":{"s":31.0,"pub":false}},{"type":"Feature","geometry":{"type":"Point","coordinates":[-105.2089,37.8794]},"properties":{"s":31.0,"pub":false}},{"type":"Feature","geometry":{"type":"Point","coordinates":[-105.2089,37.8852]},"properties":{"s":31.0,"pub":true}},{"type":"Feature","geometry":{"type":"Point","coordinates":[-105.2089,37.9258]},"properties":{"s":31.0,"pub":true}},{"type":"Feature","geometry":{"type":"Point","coordinates":[-105.2089,37.9316]},"properties":{"s":72.4,"pub":true}},{"type":"Feature","geometry":{"type":"Point","coordinates":[-105.2089,37.9374]},"properties":{"s":72.4,"pub":true}},{"type":"Feature","geometry":{"type":"Point","coordinates":[-105.2089,37.9432]},"properties":{"s":72.4,"pub":true}},{"type":"Feature","geometry":{"type":"Point","coordinates":[-105.2089,37.949]},"properties":{"s":72.4,"pub":true}},{"type":"Feature","geometry":{"type":"Point","coordinates":[-105.2089,37.9548]},"properties":{"s":72.4,"pub":false}},{"type":"Feature","geometry":{"type":"Point","coordinates":[-105.2089,37.9606]},"properties":{"s":72.4,"pub":false}},{"type":"Feature","geometry":{"type":"Point","coordinates":[-105.2089,37.9664]},"properties":{"s":72.4,"pub":false}},{"type":"Feature","geometry":{"type":"Point","coordinates":[-105.2089,37.9722]},"properties":{"s":31.0,"pub":false}},{"type":"Feature","geometry":{"type":"Point","coordinates":[-105.2089,37.978]},"properties":{"s":31.0,"pub":false}},{"type":"Feature","geometry":{"type":"Point","coordinates":[-105.2089,37.9838]},"properties":{"s":31.0,"pub":false}},{"type":"Feature","geometry":{"type":"Point","coordinates":[-105.2089,37.9896]},"properties":{"s":31.0,"pub":false}},{"type":"Feature","geometry":{"type":"Point","coordinates":[-105.2089,37.9954]},"properties":{"s":31.0,"pub":false}},{"type":"Feature","geometry":{"type":"Point","coordinates":[-105.2089,38.0012]},"properties":{"s":31.0,"pub":false}},{"type":"Feature","geometry":{"type":"Point","coordinates":[-105.2089,38.007]},"properties":{"s":31.0,"pub":false}},{"type":"Feature","geometry":{"type":"Point","coordinates":[-105.2089,38.0128]},"properties":{"s":31.0,"pub":false}},{"type":"Feature","geometry":{"type":"Point","coordinates":[-105.2089,38.0186]},"properties":{"s":31.0,"pub":false}},{"type":"Feature","geometry":{"type":"Point","coordinates":[-105.2089,38.0244]},"properties":{"s":58.6,"pub":false}},{"type":"Feature","geometry":{"type":"Point","coordinates":[-105.2089,38.0302]},"properties":{"s":58.6,"pub":true}},{"type":"Feature","geometry":{"type":"Point","coordinates":[-105.2089,38.036]},"properties":{"s":93.1,"pub":true}},{"type":"Feature","geometry":{"type":"Point","coordinates":[-105.2089,38.0418]},"properties":{"s":93.1,"pub":true}},{"type":"Feature","geometry":{"type":"Point","coordinates":[-105.2089,38.0476]},"properties":{"s":93.1,"pub":true}},{"type":"Feature","geometry":{"type":"Point","coordinates":[-105.2089,38.0534]},"properties":{"s":93.1,"pub":true}},{"type":"Feature","geometry":{"type":"Point","coordinates":[-105.2089,38.0592]},"properties":{"s":65.5,"pub":false}},{"type":"Feature","geometry":{"type":"Point","coordinates":[-105.2089,38.065]},"properties":{"s":93.1,"pub":false}},{"type":"Feature","geometry":{"type":"Point","coordinates":[-105.2089,38.0708]},"properties":{"s":93.1,"pub":false}},{"type":"Feature","geometry":{"type":"Point","coordinates":[-105.2089,38.0766]},"properties":{"s":93.1,"pub":false}},{"type":"Feature","geometry":{"type":"Point","coordinates":[-105.2089,38.0824]},"properties":{"s":93.1,"pub":false}},{"type":"Feature","geometry":{"type":"Point","coordinates":[-105.2089,38.0882]},"properties":{"s":93.1,"pub":false}},{"type":"Feature","geometry":{"type":"Point","coordinates":[-105.2089,38.094]},"properties":{"s":65.5,"pub":false}},{"type":"Feature","geometry":{"type":"Point","coordinates":[-105.2089,38.0998]},"properties":{"s":65.5,"pub":false}},{"type":"Feature","geometry":{"type":"Point","coordinates":[-105.2089,38.1056]},"properties":{"s":65.5,"pub":false}},{"type":"Feature","geometry":{"type":"Point","coordinates":[-105.2089,38.1114]},"properties":{"s":65.5,"pub":false}},{"type":"Feature","geometry":{"type":"Point","coordinates":[-105.2089,38.1172]},"properties":{"s":65.5,"pub":false}},{"type":"Feature","geometry":{"type":"Point","coordinates":[-105.2089,38.123]},"properties":{"s":65.5,"pub":false}},{"type":"Feature","geometry":{"type":"Point","coordinates":[-105.2089,38.1288]},"properties":{"s":72.4,"pub":true}},{"type":"Feature","geometry":{"type":"Point","coordinates":[-105.2089,38.1346]},"properties":{"s":65.5,"pub":true}},{"type":"Feature","geometry":{"type":"Point","coordinates":[-105.2089,38.1404]},"properties":{"s":65.5,"pub":true}},{"type":"Feature","geometry":{"type":"Point","coordinates":[-105.2089,38.1462]},"properties":{"s":65.5,"pub":false}},{"type":"Feature","geometry":{"type":"Point","coordinates":[-105.2089,38.152]},"properties":{"s":72.4,"pub":false}},{"type":"Feature","geometry":{"type":"Point","coordinates":[-105.2089,38.1578]},"properties":{"s":72.4,"pub":false}},{"type":"Feature","geometry":{"type":"Point","coordinates":[-105.2089,38.1636]},"properties":{"s":31.0,"pub":false}},{"type":"Feature","geometry":{"type":"Point","coordinates":[-105.2014,37.7982]},"properties":{"s":31.0,"pub":false}},{"type":"Feature","geometry":{"type":"Point","coordinates":[-105.2014,37.804]},"properties":{"s":31.0,"pub":false}},{"type":"Feature","geometry":{"type":"Point","coordinates":[-105.2014,37.8098]},"properties":{"s":31.0,"pub":false}},{"type":"Feature","geometry":{"type":"Point","coordinates":[-105.2014,37.8156]},"properties":{"s":31.0,"pub":false}},{"type":"Feature","geometry":{"type":"Point","coordinates":[-105.2014,37.8214]},"properties":{"s":31.0,"pub":false}},{"type":"Feature","geometry":{"type":"Point","coordinates":[-105.2014,37.8272]},"properties":{"s":31.0,"pub":true}},{"type":"Feature","geometry":{"type":"Point","coordinates":[-105.2014,37.833]},"properties":{"s":31.0,"pub":true}},{"type":"Feature","geometry":{"type":"Point","coordinates":[-105.2014,37.8388]},"properties":{"s":31.0,"pub":true}},{"type":"Feature","geometry":{"type":"Point","coordinates":[-105.2014,37.8446]},"properties":{"s":31.0,"pub":true}},{"type":"Feature","geometry":{"type":"Point","coordinates":[-105.2014,37.8504]},"properties":{"s":31.0,"pub":true}},{"type":"Feature","geometry":{"type":"Point","coordinates":[-105.2014,37.8562]},"properties":{"s":31.0,"pub":false}},{"type":"Feature","geometry":{"type":"Point","coordinates":[-105.2014,37.862]},"properties":{"s":31.0,"pub":false}},{"type":"Feature","geometry":{"type":"Point","coordinates":[-105.2014,37.8678]},"properties":{"s":31.0,"pub":true}},{"type":"Feature","geometry":{"type":"Point","coordinates":[-105.2014,37.8736]},"properties":{"s":31.0,"pub":true}},{"type":"Feature","geometry":{"type":"Point","coordinates":[-105.2014,37.92]},"properties":{"s":72.4,"pub":true}},{"type":"Feature","geometry":{"type":"Point","coordinates":[-105.2014,37.9258]},"properties":{"s":72.4,"pub":true}},{"type":"Feature","geometry":{"type":"Point","coordinates":[-105.2014,37.9316]},"properties":{"s":72.4,"pub":true}},{"type":"Feature","geometry":{"type":"Point","coordinates":[-105.2014,37.9374]},"properties":{"s":72.4,"pub":true}},{"type":"Feature","geometry":{"type":"Point","coordinates":[-105.2014,37.9432]},"properties":{"s":72.4,"pub":true}},{"type":"Feature","geometry":{"type":"Point","coordinates":[-105.2014,37.949]},"properties":{"s":72.4,"pub":true}},{"type":"Feature","geometry":{"type":"Point","coordinates":[-105.2014,37.9548]},"properties":{"s":72.4,"pub":false}},{"type":"Feature","geometry":{"type":"Point","coordinates":[-105.2014,37.9606]},"properties":{"s":72.4,"pub":false}},{"type":"Feature","geometry":{"type":"Point","coordinates":[-105.2014,37.9664]},"properties":{"s":72.4,"pub":false}},{"type":"Feature","geometry":{"type":"Point","coordinates":[-105.2014,37.9722]},"properties":{"s":72.4,"pub":false}},{"type":"Feature","geometry":{"type":"Point","coordinates":[-105.2014,37.978]},"properties":{"s":72.4,"pub":false}},{"type":"Feature","geometry":{"type":"Point","coordinates":[-105.2014,37.9838]},"properties":{"s":72.4,"pub":false}},{"type":"Feature","geometry":{"type":"Point","coordinates":[-105.2014,37.9896]},"properties":{"s":72.4,"pub":false}},{"type":"Feature","geometry":{"type":"Point","coordinates":[-105.2014,37.9954]},"properties":{"s":31.0,"pub":false}},{"type":"Feature","geometry":{"type":"Point","coordinates":[-105.2014,38.0012]},"properties":{"s":31.0,"pub":false}},{"type":"Feature","geometry":{"type":"Point","coordinates":[-105.2014,38.007]},"properties":{"s":31.0,"pub":false}},{"type":"Feature","geometry":{"type":"Point","coordinates":[-105.2014,38.0128]},"properties":{"s":31.0,"pub":false}},{"type":"Feature","geometry":{"type":"Point","coordinates":[-105.2014,38.0186]},"properties":{"s":58.6,"pub":false}},{"type":"Feature","geometry":{"type":"Point","coordinates":[-105.2014,38.0244]},"properties":{"s":58.6,"pub":false}},{"type":"Feature","geometry":{"type":"Point","coordinates":[-105.2014,38.0302]},"properties":{"s":100.0,"pub":true}},{"type":"Feature","geometry":{"type":"Point","coordinates":[-105.2014,38.036]},"properties":{"s":93.1,"pub":true}},{"type":"Feature","geometry":{"type":"Point","coordinates":[-105.2014,38.0418]},"properties":{"s":93.1,"pub":true}},{"type":"Feature","geometry":{"type":"Point","coordinates":[-105.2014,38.0476]},"properties":{"s":93.1,"pub":true}},{"type":"Feature","geometry":{"type":"Point","coordinates":[-105.2014,38.0534]},"properties":{"s":93.1,"pub":true}},{"type":"Feature","geometry":{"type":"Point","coordinates":[-105.2014,38.0592]},"properties":{"s":65.5,"pub":false}},{"type":"Feature","geometry":{"type":"Point","coordinates":[-105.2014,38.065]},"properties":{"s":65.5,"pub":false}},{"type":"Feature","geometry":{"type":"Point","coordinates":[-105.2014,38.0708]},"properties":{"s":65.5,"pub":false}},{"type":"Feature","geometry":{"type":"Point","coordinates":[-105.2014,38.0766]},"properties":{"s":93.1,"pub":false}},{"type":"Feature","geometry":{"type":"Point","coordinates":[-105.2014,38.0824]},"properties":{"s":93.1,"pub":false}},{"type":"Feature","geometry":{"type":"Point","coordinates":[-105.2014,38.0882]},"properties":{"s":65.5,"pub":false}},{"type":"Feature","geometry":{"type":"Point","coordinates":[-105.2014,38.094]},"properties":{"s":65.5,"pub":false}}]}