{"type":"FeatureCollection","features":[{"type":"Feature","geometry":{"type":"Point","coordinates":[-105.2543,37.7533]},"properties":{"s":30.0,"pub":false}},{"type":"Feature","geometry":{"type":"Point","coordinates":[-105.2468,37.7069]},"properties":{"s":30.0,"pub":false}},{"type":"Feature","geometry":{"type":"Point","coordinates":[-105.2468,37.7127]},"properties":{"s":30.0,"pub":false}},{"type":"Feature","geometry":{"type":"Point","coordinates":[-105.2468,37.7185]},"properties":{"s":30.0,"pub":false}},{"type":"Feature","geometry":{"type":"Point","coordinates":[-105.2468,37.7243]},"properties":{"s":30.0,"pub":false}},{"type":"Feature","geometry":{"type":"Point","coordinates":[-105.2468,37.7301]},"properties":{"s":30.0,"pub":false}},{"type":"Feature","geometry":{"type":"Point","coordinates":[-105.2468,37.7359]},"properties":{"s":30.0,"pub":false}},{"type":"Feature","geometry":{"type":"Point","coordinates":[-105.2468,37.7417]},"properties":{"s":30.0,"pub":false}},{"type":"Feature","geometry":{"type":"Point","coordinates":[-105.2468,37.7475]},"properties":{"s":30.0,"pub":false}},{"type":"Feature","geometry":{"type":"Point","coordinates":[-105.2468,37.7533]},"properties":{"s":30.0,"pub":false}},{"type":"Feature","geometry":{"type":"Point","coordinates":[-105.2468,37.7591]},"properties":{"s":30.0,"pub":false}},{"type":"Feature","geometry":{"type":"Point","coordinates":[-105.2393,37.7011]},"properties":{"s":30.0,"pub":false}},{"type":"Feature","geometry":{"type":"Point","coordinates":[-105.2393,37.7069]},"properties":{"s":30.0,"pub":false}},{"type":"Feature","geometry":{"type":"Point","coordinates":[-105.2393,37.7127]},"properties":{"s":30.0,"pub":false}},{"type":"Feature","geometry":{"type":"Point","coordinates":[-105.2393,37.7185]},"properties":{"s":30.0,"pub":false}},{"type":"Feature","geometry":{"type":"Point","coordinates":[-105.2393,37.7243]},"properties":{"s":30.0,"pub":false}},{"type":"Feature","geometry":{"type":"Point","coordinates":[-105.2393,37.7301]},"properties":{"s":30.0,"pub":false}},{"type":"Feature","geometry":{"type":"Point","coordinates":[-105.2393,37.7359]},"properties":{"s":30.0,"pub":false}},{"type":"Feature","geometry":{"type":"Point","coordinates":[-105.2393,37.7417]},"properties":{"s":30.0,"pub":false}},{"type":"Feature","geometry":{"type":"Point","coordinates":[-105.2393,37.7475]},"properties":{"s":30.0,"pub":false}},{"type":"Feature","geometry":{"type":"Point","coordinates":[-105.2393,37.7533]},"properties":{"s":30.0,"pub":false}},{"type":"Feature","geometry":{"type":"Point","coordinates":[-105.2393,37.7591]},"properties":{"s":30.0,"pub":false}},{"type":"Feature","geometry":{"type":"Point","coordinates":[-105.2318,37.7011]},"properties":{"s":30.0,"pub":true}},{"type":"Feature","geometry":{"type":"Point","coordinates":[-105.2318,37.7069]},"properties":{"s":30.0,"pub":true}},{"type":"Feature","geometry":{"type":"Point","coordinates":[-105.2318,37.7127]},"properties":{"s":30.0,"pub":false}},{"type":"Feature","geometry":{"type":"Point","coordinates":[-105.2318,37.7185]},"properties":{"s":30.0,"pub":false}},{"type":"Feature","geometry":{"type":"Point","coordinates":[-105.2318,37.7243]},"properties":{"s":30.0,"pub":true}},{"type":"Feature","geometry":{"type":"Point","coordinates":[-105.2318,37.7301]},"properties":{"s":30.0,"pub":false}},{"type":"Feature","geometry":{"type":"Point","coordinates":[-105.2318,37.7359]},"properties":{"s":30.0,"pub":false}},{"type":"Feature","geometry":{"type":"Point","coordinates":[-105.2318,37.7417]},"properties":{"s":30.0,"pub":false}},{"type":"Feature","geometry":{"type":"Point","coordinates":[-105.2318,37.7475]},"properties":{"s":30.0,"pub":false}},{"type":"Feature","geometry":{"type":"Point","coordinates":[-105.2318,37.7533]},"properties":{"s":30.0,"pub":false}},{"type":"Feature","geometry":{"type":"Point","coordinates":[-105.2318,37.7591]},"properties":{"s":30.0,"pub":false}},{"type":"Feature","geometry":{"type":"Point","coordinates":[-105.2318,37.7649]},"properties":{"s":30.0,"pub":false}},{"type":"Feature","geometry":{"type":"Point","coordinates":[-105.2243,37.6257]},"properties":{"s":60.0,"pub":false}},{"type":"Feature","geometry":{"type":"Point","coordinates":[-105.2243,37.7011]},"properties":{"s":30.0,"pub":true}},{"type":"Feature","geometry":{"type":"Point","coordinates":[-105.2243,37.7069]},"properties":{"s":30.0,"pub":true}},{"type":"Feature","geometry":{"type":"Point","coordinates":[-105.2243,37.7127]},"properties":{"s":30.0,"pub":false}},{"type":"Feature","geometry":{"type":"Point","coordinates":[-105.2243,37.7185]},"properties":{"s":30.0,"pub":false}},{"type":"Feature","geometry":{"type":"Point","coordinates":[-105.2243,37.7243]},"properties":{"s":30.0,"pub":true}},{"type":"Feature","geometry":{"type":"Point","coordinates":[-105.2243,37.7301]},"properties":{"s":30.0,"pub":false}},{"type":"Feature","geometry":{"type":"Point","coordinates":[-105.2243,37.7359]},"properties":{"s":30.0,"pub":true}},{"type":"Feature","geometry":{"type":"Point","coordinates":[-105.2243,37.7417]},"properties":{"s":30.0,"pub":true}},{"type":"Feature","geometry":{"type":"Point","coordinates":[-105.2243,37.7475]},"properties":{"s":30.0,"pub":false}},{"type":"Feature","geometry":{"type":"Point","coordinates":[-105.2243,37.7533]},"properties":{"s":30.0,"pub":false}},{"type":"Feature","geometry":{"type":"Point","coordinates":[-105.2243,37.7591]},"properties":{"s":30.0,"pub":false}},{"type":"Feature","geometry":{"type":"Point","coordinates":[-105.2243,37.7649]},"properties":{"s":30.0,"pub":false}},{"type":"Feature","geometry":{"type":"Point","coordinates":[-105.2243,37.7707]},"properties":{"s":30.0,"pub":false}},{"type":"Feature","geometry":{"type":"Point","coordinates":[-105.2168,37.6315]},"properties":{"s":60.0,"pub":false}},{"type":"Feature","geometry":{"type":"Point","coordinates":[-105.2168,37.6721]},"properties":{"s":50.0,"pub":false}},{"type":"Feature","geometry":{"type":"Point","coordinates":[-105.2168,37.6779]},"properties":{"s":50.0,"pub":false}},{"type":"Feature","geometry":{"type":"Point","coordinates":[-105.2168,37.6837]},"properties":{"s":50.0,"pub":false}},{"type":"Feature","geometry":{"type":"Point","coordinates":[-105.2168,37.6895]},"properties":{"s":50.0,"pub":false}},{"type":"Feature","geometry":{"type":"Point","coordinates":[-105.2168,37.6953]},"properties":{"s":56.7,"pub":true}},{"type":"Feature","geometry":{"type":"Point","coordinates":[-105.2168,37.7011]},"properties":{"s":56.7,"pub":true}},{"type":"Feature","geometry":{"type":"Point","coordinates":[-105.2168,37.7069]},"properties":{"s":56.7,"pub":true}},{"type":"Feature","geometry":{"type":"Point","coordinates":[-105.2168,37.7127]},"properties":{"s":30.0,"pub":false}},{"type":"Feature","geometry":{"type":"Point","coordinates":[-105.2168,37.7185]},"properties":{"s":30.0,"pub":false}},{"type":"Feature","geometry":{"type":"Point","coordinates":[-105.2168,37.7243]},"properties":{"s":30.0,"pub":true}},{"type":"Feature","geometry":{"type":"Point","coordinates":[-105.2168,37.7301]},"properties":{"s":30.0,"pub":false}},{"type":"Feature","geometry":{"type":"Point","coordinates":[-105.2168,37.7359]},"properties":{"s":30.0,"pub":true}},{"type":"Feature","geometry":{"type":"Point","coordinates":[-105.2168,37.7417]},"properties":{"s":30.0,"pub":false}},{"type":"Feature","geometry":{"type":"Point","coordinates":[-105.2168,37.7475]},"properties":{"s":30.0,"pub":false}},{"type":"Feature","geometry":{"type":"Point","coordinates":[-105.2168,37.7533]},"properties":{"s":30.0,"pub":false}},{"type":"Feature","geometry":{"type":"Point","coordinates":[-105.2168,37.7591]},"properties":{"s":30.0,"pub":false}},{"type":"Feature","geometry":{"type":"Point","coordinates":[-105.2168,37.7649]},"properties":{"s":30.0,"pub":false}},{"type":"Feature","geometry":{"type":"Point","coordinates":[-105.2168,37.7707]},"properties":{"s":30.0,"pub":false}},{"type":"Feature","geometry":{"type":"Point","coordinates":[-105.2168,37.7997]},"properties":{"s":30.0,"pub":false}},{"type":"Feature","geometry":{"type":"Point","coordinates":[-105.2093,37.5793]},"properties":{"s":60.0,"pub":false}},{"type":"Feature","geometry":{"type":"Point","coordinates":[-105.2093,37.5851]},"properties":{"s":60.0,"pub":false}},{"type":"Feature","geometry":{"type":"Point","coordinates":[-105.2093,37.6257]},"properties":{"s":60.0,"pub":false}},{"type":"Feature","geometry":{"type":"Point","coordinates":[-105.2093,37.6315]},"properties":{"s":60.0,"pub":false}},{"type":"Feature","geometry":{"type":"Point","coordinates":[-105.2093,37.6373]},"properties":{"s":60.0,"pub":false}},{"type":"Feature","geometry":{"type":"Point","coordinates":[-105.2093,37.6547]},"properties":{"s":46.7,"pub":false}},{"type":"Feature","geometry":{"type":"Point","coordinates":[-105.2093,37.6605]},"properties":{"s":46.7,"pub":false}},{"type":"Feature","geometry":{"type":"Point","coordinates":[-105.2093,37.6663]},"properties":{"s":50.0,"pub":false}},{"type":"Feature","geometry":{"type":"Point","coordinates":[-105.2093,37.6721]},"properties":{"s":50.0,"pub":false}},{"type":"Feature","geometry":{"type":"Point","coordinates":[-105.2093,37.6779]},"properties":{"s":50.0,"pub":true}},{"type":"Feature","geometry":{"type":"Point","coordinates":[-105.2093,37.6837]},"properties":{"s":50.0,"pub":false}},{"type":"Feature","geometry":{"type":"Point","coordinates":[-105.2093,37.6895]},"properties":{"s":50.0,"pub":true}},{"type":"Feature","geometry":{"type":"Point","coordinates":[-105.2093,37.6953]},"properties":{"s":56.7,"pub":false}},{"type":"Feature","geometry":{"type":"Point","coordinates":[-105.2093,37.7011]},"properties":{"s":56.7,"pub":false}},{"type":"Feature","geometry":{"type":"Point","coordinates":[-105.2093,37.7069]},"properties":{"s":30.0,"pub":false}},{"type":"Feature","geometry":{"type":"Point","coordinates":[-105.2093,37.7127]},"properties":{"s":30.0,"pub":true}},{"type":"Feature","geometry":{"type":"Point","coordinates":[-105.2093,37.7185]},"properties":{"s":30.0,"pub":true}},{"type":"Feature","geometry":{"type":"Point","coordinates":[-105.2093,37.7243]},"properties":{"s":30.0,"pub":true}},{"type":"Feature","geometry":{"type":"Point","coordinates":[-105.2093,37.7301]},"properties":{"s":30.0,"pub":false}},{"type":"Feature","geometry":{"type":"Point","coordinates":[-105.2093,37.7359]},"properties":{"s":30.0,"pub":false}},{"type":"Feature","geometry":{"type":"Point","coordinates":[-105.2093,37.7417]},"properties":{"s":30.0,"pub":true}},{"type":"Feature","geometry":{"type":"Point","coordinates":[-105.2093,37.7475]},"properties":{"s":30.0,"pub":true}},{"type":"Feature","geometry":{"type":"Point","coordinates":[-105.2093,37.7533]},"properties":{"s":30.0,"pub":false}},{"type":"Feature","geometry":{"type":"Point","coordinates":[-105.2093,37.7591]},"properties":{"s":30.0,"pub":false}},{"type":"Feature","geometry":{"type":"Point","coordinates":[-105.2093,37.7649]},"properties":{"s":30.0,"pub":false}},{"type":"Feature","geometry":{"type":"Point","coordinates":[-105.2093,37.7707]},"properties":{"s":30.0,"pub":false}},{"type":"Feature","geometry":{"type":"Point","coordinates":[-105.2093,37.7765]},"properties":{"s":30.0,"pub":false}},{"type":"Feature","geometry":{"type":"Point","coordinates":[-105.2093,37.7997]},"properties":{"s":30.0,"pub":false}},{"type":"Feature","geometry":{"type":"Point","coordinates":[-105.2018,37.5793]},"properties":{"s":60.0,"pub":false}},{"type":"Feature","geometry":{"type":"Point","coordinates":[-105.2018,37.5851]},"properties":{"s":60.0,"pub":false}},{"type":"Feature","geometry":{"type":"Point","coordinates":[-105.2018,37.5909]},"properties":{"s":60.0,"pub":false}},{"type":"Feature","geometry":{"type":"Point","coordinates":[-105.2018,37.6199]},"properties":{"s":60.0,"pub":false}},{"type":"Feature","geometry":{"type":"Point","coordinates":[-105.2018,37.6257]},"properties":{"s":60.0,"pub":false}},{"type":"Feature","geometry":{"type":"Point","coordinates":[-105.2018,37.6315]},"properties":{"s":86.7,"pub":false}},{"type":"Feature","geometry":{"type":"Point","coordinates":[-105.2018,37.6431]},"properties":{"s":50.0,"pub":false}},{"type":"Feature","geometry":{"type":"Point","coordinates":[-105.2018,37.6489]},"properties":{"s":46.7,"pub":false}},{"type":"Feature","geometry":{"type":"Point","coordinates":[-105.2018,37.6547]},"properties":{"s":46.7,"pub":false}},{"type":"Feature","geometry":{"type":"Point","coordinates":[-105.2018,37.6605]},"properties":{"s":46.7,"pub":false}},{"type":"Feature","geometry":{"type":"Point","coordinates":[-105.2018,37.6663]},"properties":{"s":50.0,"pub":false}},{"type":"Feature","geometry":{"type":"Point","coordinates":[-105.2018,37.6721]},"properties":{"s":50.0,"pub":false}},{"type":"Feature","geometry":{"type":"Point","coordinates":[-105.2018,37.6779]},"properties":{"s":50.0,"pub":true}},{"type":"Feature","geometry":{"type":"Point","coordinates":[-105.2018,37.6837]},"properties":{"s":50.0,"pub":false}},{"type":"Feature","geometry":{"type":"Point","coordinates":[-105.2018,37.6895]},"properties":{"s":50.0,"pub":false}},{"type":"Feature","geometry":{"type":"Point","coordinates":[-105.2018,37.6953]},"properties":{"s":56.7,"pub":false}},{"type":"Feature","geometry":{"type":"Point","coordinates":[-105.2018,37.7011]},"properties":{"s":56.7,"pub":false}},{"type":"Feature","geometry":{"type":"Point","coordinates":[-105.2018,37.7069]},"properties":{"s":30.0,"pub":false}},{"type":"Feature","geometry":{"type":"Point","coordinates":[-105.2018,37.7127]},"properties":{"s":30.0,"pub":false}},{"type":"Feature","geometry":{"type":"Point","coordinates":[-105.2018,37.7185]},"properties":{"s":30.0,"pub":true}},{"type":"Feature","geometry":{"type":"Point","coordinates":[-105.2018,37.7243]},"properties":{"s":30.0,"pub":true}},{"type":"Feature","geometry":{"type":"Point","coordinates":[-105.2018,37.7301]},"properties":{"s":30.0,"pub":true}},{"type":"Feature","geometry":{"type":"Point","coordinates":[-105.2018,37.7359]},"properties":{"s":30.0,"pub":true}},{"type":"Feature","geometry":{"type":"Point","coordinates":[-105.2018,37.7417]},"properties":{"s":30.0,"pub":false}},{"type":"Feature","geometry":{"type":"Point","coordinates":[-105.2018,37.7475]},"properties":{"s":30.0,"pub":true}},{"type":"Feature","geometry":{"type":"Point","coordinates":[-105.2018,37.7533]},"properties":{"s":30.0,"pub":true}},{"type":"Feature","geometry":{"type":"Point","coordinates":[-105.2018,37.7591]},"properties":{"s":30.0,"pub":false}},{"type":"Feature","geometry":{"type":"Point","coordinates":[-105.2018,37.7649]},"properties":{"s":30.0,"pub":false}},{"type":"Feature","geometry":{"type":"Point","coordinates":[-105.2018,37.7707]},"properties":{"s":30.0,"pub":false}},{"type":"Feature","geometry":{"type":"Point","coordinates":[-105.2018,37.7765]},"properties":{"s":30.0,"pub":false}},{"type":"Feature","geometry":{"type":"Point","coordinates":[-105.1943,37.5735]},"properties":{"s":60.0,"pub":false}},{"type":"Feature","geometry":{"type":"Point","coordinates":[-105.1943,37.5793]},"properties":{"s":60.0,"pub":false}},{"type":"Feature","geometry":{"type":"Point","coordinates":[-105.1943,37.5851]},"properties":{"s":63.3,"pub":false}},{"type":"Feature","geometry":{"type":"Point","coordinates":[-105.1943,37.5909]},"properties":{"s":60.0,"pub":false}},{"type":"Feature","geometry":{"type":"Point","coordinates":[-105.1943,37.6199]},"properties":{"s":60.0,"pub":false}},{"type":"Feature","geometry":{"type":"Point","coordinates":[-105.1943,37.6257]},"properties":{"s":86.7,"pub":false}},{"type":"Feature","geometry":{"type":"Point","coordinates":[-105.1943,37.6315]},"properties":{"s":50.0,"pub":false}},{"type":"Feature","geometry":{"type":"Point","coordinates":[-105.1943,37.6373]},"properties":{"s":50.0,"pub":false}},{"type":"Feature","geometry":{"type":"Point","coordinates":[-105.1943,37.6431]},"properties":{"s":50.0,"pub":false}},{"type":"Feature","geometry":{"type":"Point","coordinates":[-105.1943,37.6489]},"properties":{"s":50.0,"pub":false}},{"type":"Feature","geometry":{"type":"Point","coordinates":[-105.1943,37.6547]},"properties":{"s":50.0,"pub":true}},{"type":"Feature","geometry":{"type":"Point","coordinates":[-105.1943,37.6605]},"properties":{"s":50.0,"pub":true}},{"type":"Feature","geometry":{"type":"Point","coordinates":[-105.1943,37.6663]},"properties":{"s":50.0,"pub":true}},{"type":"Feature","geometry":{"type":"Point","coordinates":[-105.1943,37.6721]},"properties":{"s":50.0,"pub":true}},{"type":"Feature","geometry":{"type":"Point","coordinates":[-105.1943,37.6953]},"properties":{"s":56.7,"pub":false}},{"type":"Feature","geometry":{"type":"Point","coordinates":[-105.1943,37.7011]},"properties":{"s":56.7,"pub":false}},{"type":"Feature","geometry":{"type":"Point","coordinates":[-105.1943,37.7069]},"properties":{"s":56.7,"pub":false}},{"type":"Feature","geometry":{"type":"Point","coordinates":[-105.1943,37.7127]},"properties":{"s":56.7,"pub":false}},{"type":"Feature","geometry":{"type":"Point","coordinates":[-105.1943,37.7185]},"properties":{"s":30.0,"pub":false}},{"type":"Feature","geometry":{"type":"Point","coordinates":[-105.1943,37.7243]},"properties":{"s":30.0,"pub":true}},{"type":"Feature","geometry":{"type":"Point","coordinates":[-105.1943,37.7301]},"properties":{"s":30.0,"pub":true}},{"type":"Feature","geometry":{"type":"Point","coordinates":[-105.1943,37.7359]},"properties":{"s":30.0,"pub":true}},{"type":"Feature","geometry":{"type":"Point","coordinates":[-105.1943,37.7417]},"properties":{"s":30.0,"pub":false}},{"type":"Feature","geometry":{"type":"Point","coordinates":[-105.1943,37.7475]},"properties":{"s":30.0,"pub":true}},{"type":"Feature","geometry":{"type":"Point","coordinates":[-105.1943,37.7533]},"properties":{"s":30.0,"pub":true}},{"type":"Feature","geometry":{"type":"Point","coordinates":[-105.1943,37.7591]},"properties":{"s":30.0,"pub":true}},{"type":"Feature","geometry":{"type":"Point","coordinates":[-105.1943,37.7649]},"properties":{"s":30.0,"pub":false}},{"type":"Feature","geometry":{"type":"Point","coordinates":[-105.1943,37.7707]},"properties":{"s":30.0,"pub":false}},{"type":"Feature","geometry":{"type":"Point","coordinates":[-105.1943,37.7765]},"properties":{"s":30.0,"pub":false}},{"type":"Feature","geometry":{"type":"Point","coordinates":[-105.1868,37.5619]},"properties":{"s":60.0,"pub":false}},{"type":"Feature","geometry":{"type":"Point","coordinates":[-105.1868,37.5677]},"properties":{"s":60.0,"pub":false}},{"type":"Feature","geometry":{"type":"Point","coordinates":[-105.1868,37.5851]},"properties":{"s":63.3,"pub":false}},{"type":"Feature","geometry":{"type":"Point","coordinates":[-105.1868,37.5909]},"properties":{"s":63.3,"pub":false}},{"type":"Feature","geometry":{"type":"Point","coordinates":[-105.1868,37.5967]},"properties":{"s":63.3,"pub":false}},{"type":"Feature","geometry":{"type":"Point","coordinates":[-105.1868,37.6199]},"properties":{"s":46.7,"pub":false}},{"type":"Feature","geometry":{"type":"Point","coordinates":[-105.1868,37.6257]},"properties":{"s":50.0,"pub":false}},{"type":"Feature","geometry":{"type":"Point","coordinates":[-105.1868,37.6315]},"properties":{"s":50.0,"pub":false}},{"type":"Feature","geometry":{"type":"Point","coordinates":[-105.1868,37.6373]},"properties":{"s":50.0,"pub":false}},{"type":"Feature","geometry":{"type":"Point","coordinates":[-105.1868,37.6431]},"properties":{"s":50.0,"pub":false}},{"type":"Feature","geometry":{"type":"Point","coordinates":[-105.1868,37.6489]},"properties":{"s":50.0,"pub":false}},{"type":"Feature","geometry":{"type":"Point","coordinates":[-105.1868,37.6547]},"properties":{"s":50.0,"pub":false}},{"type":"Feature","geometry":{"type":"Point","coordinates":[-105.1868,37.6605]},"properties":{"s":50.0,"pub":true}},{"type":"Feature","geometry":{"type":"Point","coordinates":[-105.1868,37.6895]},"properties":{"s":50.0,"pub":true}},{"type":"Feature","geometry":{"type":"Point","coordinates":[-105.1868,37.6953]},"properties":{"s":56.7,"pub":true}},{"type":"Feature","geometry":{"type":"Point","coordinates":[-105.1868,37.7011]},"properties":{"s":56.7,"pub":false}},{"type":"Feature","geometry":{"type":"Point","coordinates":[-105.1868,37.7069]},"properties":{"s":56.7,"pub":false}},{"type":"Feature","geometry":{"type":"Point","coordinates":[-105.1868,37.7127]},"properties":{"s":56.7,"pub":false}},{"type":"Feature","geometry":{"type":"Point","coordinates":[-105.1868,37.7185]},"properties":{"s":30.0,"pub":false}},{"type":"Feature","geometry":{"type":"Point","coordinates":[-105.1868,37.7243]},"properties":{"s":30.0,"pub":false}},{"type":"Feature","geometry":{"type":"Point","coordinates":[-105.1868,37.7301]},"properties":{"s":30.0,"pub":true}},{"type":"Feature","geometry":{"type":"Point","coordinates":[-105.1868,37.7359]},"properties":{"s":30.0,"pub":false}},{"type":"Feature","geometry":{"type":"Point","coordinates":[-105.1868,37.7417]},"properties":{"s":30.0,"pub":false}},{"type":"Feature","geometry":{"type":"Point","coordinates":[-105.1868,37.7475]},"properties":{"s":30.0,"pub":true}},{"type":"Feature","geometry":{"type":"Point","coordinates":[-105.1868,37.7533]},"properties":{"s":30.0,"pub":true}},{"type":"Feature","geometry":{"type":"Point","coordinates":[-105.1868,37.7591]},"properties":{"s":30.0,"pub":true}},{"type":"Feature","geometry":{"type":"Point","coordinates":[-105.1868,37.7649]},"properties":{"s":30.0,"pub":false}},{"type":"Feature","geometry":{"type":"Point","coordinates":[-105.1868,37.7707]},"properties":{"s":30.0,"pub":false}},{"type":"Feature","geometry":{"type":"Point","coordinates":[-105.1868,37.7765]},"properties":{"s":30.0,"pub":false}},{"type":"Feature","geometry":{"type":"Point","coordinates":[-105.1868,37.7823]},"properties":{"s":30.0,"pub":false}},{"type":"Feature","geometry":{"type":"Point","coordinates":[-105.1793,37.4807]},"properties":{"s":63.3,"pub":true}},{"type":"Feature","geometry":{"type":"Point","coordinates":[-105.1793,37.5387]},"properties":{"s":60.0,"pub":false}},{"type":"Feature","geometry":{"type":"Point","coordinates":[-105.1793,37.5445]},"properties":{"s":60.0,"pub":false}},{"type":"Feature","geometry":{"type":"Point","coordinates":[-105.1793,37.5503]},"properties":{"s":60.0,"pub":false}},{"type":"Feature","geometry":{"type":"Point","coordinates":[-105.1793,37.5561]},"properties":{"s":60.0,"pub":false}},{"type":"Feature","geometry":{"type":"Point","coordinates":[-105.1793,37.5619]},"properties":{"s":60.0,"pub":false}},{"type":"Feature","geometry":{"type":"Point","coordinates":[-105.1793,37.6141]},"properties":{"s":46.7,"pub":false}},{"type":"Feature","geometry":{"type":"Point","coordinates":[-105.1793,37.6199]},"properties":{"s":46.7,"pub":false}},{"type":"Feature","geometry":{"type":"Point","coordinates":[-105.1793,37.6257]},"properties":{"s":50.0,"pub":false}},{"type":"Feature","geometry":{"type":"Point","coordinates":[-105.1793,37.6315]},"properties":{"s":50.0,"pub":false}},{"type":"Feature","geometry":{"type":"Point","coordinates":[-105.1793,37.6373]},"properties":{"s":50.0,"pub":false}},{"type":"Feature","geometry":{"type":"Point","coordinates":[-105.1793,37.6431]},"properties":{"s":56.7,"pub":true}},{"type":"Feature","geometry":{"type":"Point","coordinates":[-105.1793,37.6489]},"properties":{"s":56.7,"pub":false}},{"type":"Feature","geometry":{"type":"Point","coordinates":[-105.1793,37.6547]},"properties":{"s":56.7,"pub":false}},{"type":"Feature","geometry":{"type":"Point","coordinates":[-105.1793,37.6605]},"properties":{"s":56.7,"pub":true}},{"type":"Feature","geometry":{"type":"Point","coordinates":[-105.1793,37.6663]},"properties":{"s":56.7,"pub":true}},{"type":"Feature","geometry":{"type":"Point","coordinates":[-105.1793,37.6721]},"properties":{"s":56.7,"pub":true}},{"type":"Feature","geometry":{"type":"Point","coordinates":[-105.1793,37.6779]},"properties":{"s":56.7,"pub":true}},{"type":"Feature","geometry":{"type":"Point","coordinates":[-105.1793,37.6837]},"properties":{"s":56.7,"pub":true}},{"type":"Feature","geometry":{"type":"Point","coordinates":[-105.1793,37.6895]},"properties":{"s":56.7,"pub":true}},{"type":"Feature","geometry":{"type":"Point","coordinates":[-105.1793,37.6953]},"properties":{"s":56.7,"pub":false}},{"type":"Feature","geometry":{"type":"Point","coordinates":[-105.1793,37.7011]},"properties":{"s":56.7,"pub":false}},{"type":"Feature","geometry":{"type":"Point","coordinates":[-105.1793,37.7069]},"properties":{"s":56.7,"pub":false}},{"type":"Feature","geometry":{"type":"Point","coordinates":[-105.1793,37.7127]},"properties":{"s":30.0,"pub":false}},{"type":"Feature","geometry":{"type":"Point","coordinates":[-105.1793,37.7185]},"properties":{"s":30.0,"pub":false}},{"type":"Feature","geometry":{"type":"Point","coordinates":[-105.1793,37.7243]},"properties":{"s":30.0,"pub":false}},{"type":"Feature","geometry":{"type":"Point","coordinates":[-105.1793,37.7301]},"properties":{"s":30.0,"pub":false}},{"type":"Feature","geometry":{"type":"Point","coordinates":[-105.1793,37.7359]},"properties":{"s":30.0,"pub":false}},{"type":"Feature","geometry":{"type":"Point","coordinates":[-105.1793,37.7417]},"properties":{"s":30.0,"pub":false}},{"type":"Feature","geometry":{"type":"Point","coordinates":[-105.1793,37.7475]},"properties":{"s":30.0,"pub":true}},{"type":"Feature","geometry":{"type":"Point","coordinates":[-105.1793,37.7533]},"properties":{"s":30.0,"pub":true}},{"type":"Feature","geometry":{"type":"Point","coordinates":[-105.1793,37.7591]},"properties":{"s":30.0,"pub":true}},{"type":"Feature","geometry":{"type":"Point","coordinates":[-105.1793,37.7649]},"properties":{"s":30.0,"pub":false}},{"type":"Feature","geometry":{"type":"Point","coordinates":[-105.1793,37.7707]},"properties":{"s":30.0,"pub":false}},{"type":"Feature","geometry":{"type":"Point","coordinates":[-105.1793,37.7765]},"properties":{"s":30.0,"pub":false}},{"type":"Feature","geometry":{"type":"Point","coordinates":[-105.1793,37.7823]},"properties":{"s":30.0,"pub":false}},{"type":"Feature","geometry":{"type":"Point","coordinates":[-105.1718,37.4575]},"properties":{"s":63.3,"pub":true}},{"type":"Feature","geometry":{"type":"Point","coordinates":[-105.1718,37.4633]},"properties":{"s":63.3,"pub":false}},{"type":"Feature","geometry":{"type":"Point","coordinates":[-105.1718,37.4691]},"properties":{"s":63.3,"pub":true}},{"type":"Feature","geometry":{"type":"Point","coordinates":[-105.1718,37.4749]},"properties":{"s":63.3,"pub":true}},{"type":"Feature","geometry":{"type":"Point","coordinates":[-105.1718,37.4807]},"properties":{"s":63.3,"pub":true}},{"type":"Feature","geometry":{"type":"Point","coordinates":[-105.1718,37.4865]},"properties":{"s":63.3,"pub":true}},{"type":"Feature","geometry":{"type":"Point","coordinates":[-105.1718,37.4923]},"properties":{"s":63.3,"pub":true}},{"type":"Feature","geometry":{"type":"Point","coordinates":[-105.1718,37.4981]},"properties":{"s":63.3,"pub":true}},{"type":"Feature","geometry":{"type":"Point","coordinates":[-105.1718,37.5039]},"properties":{"s":63.3,"pub":true}},{"type":"Feature","geometry":{"type":"Point","coordinates":[-105.1718,37.5097]},"properties":{"s":63.3,"pub":true}},{"type":"Feature","geometry":{"type":"Point","coordinates":[-105.1718,37.5155]},"properties":{"s":63.3,"pub":false}},{"type":"Feature","geometry":{"type":"Point","coordinates":[-105.1718,37.5213]},"properties":{"s":63.3,"pub":true}},{"type":"Feature","geometry":{"type":"Point","coordinates":[-105.1718,37.5271]},"properties":{"s":60.0,"pub":false}},{"type":"Feature","geometry":{"type":"Point","coordinates":[-105.1718,37.5329]},"properties":{"s":60.0,"pub":false}},{"type":"Feature","geometry":{"type":"Point","coordinates":[-105.1718,37.5387]},"properties":{"s":60.0,"pub":false}},{"type":"Feature","geometry":{"type":"Point","coordinates":[-105.1718,37.5445]},"properties":{"s":60.0,"pub":false}},{"type":"Feature","geometry":{"type":"Point","coordinates":[-105.1718,37.5503]},"properties":{"s":60.0,"pub":false}},{"type":"Feature","geometry":{"type":"Point","coordinates":[-105.1718,37.5561]},"properties":{"s":60.0,"pub":false}},{"type":"Feature","geometry":{"type":"Point","coordinates":[-105.1718,37.6141]},"properties":{"s":46.7,"pub":false}},{"type":"Feature","geometry":{"type":"Point","coordinates":[-105.1718,37.6199]},"properties":{"s":46.7,"pub":false}},{"type":"Feature","geometry":{"type":"Point","coordinates":[-105.1718,37.6257]},"properties":{"s":50.0,"pub":true}},{"type":"Feature","geometry":{"type":"Point","coordinates":[-105.1718,37.6315]},"properties":{"s":50.0,"pub":false}},{"type":"Feature","geometry":{"type":"Point","coordinates":[-105.1718,37.6373]},"properties":{"s":50.0,"pub":false}},{"type":"Feature","geometry":{"type":"Point","coordinates":[-105.1718,37.6431]},"properties":{"s":56.7,"pub":false}},{"type":"Feature","geometry":{"type":"Point","coordinates":[-105.1718,37.6489]},"properties":{"s":56.7,"pub":false}},{"type":"Feature","geometry":{"type":"Point","coordinates":[-105.1718,37.6547]},"properties":{"s":56.7,"pub":false}},{"type":"Feature","geometry":{"type":"Point","coordinates":[-105.1718,37.6605]},"properties":{"s":56.7,"pub":false}},{"type":"Feature","geometry":{"type":"Point","coordinates":[-105.1718,37.6663]},"properties":{"s":56.7,"pub":false}},{"type":"Feature","geometry":{"type":"Point","coordinates":[-105.1718,37.6721]},"properties":{"s":56.7,"pub":false}},{"type":"Feature","geometry":{"type":"Point","coordinates":[-105.1718,37.6779]},"properties":{"s":56.7,"pub":false}},{"type":"Feature","geometry":{"type":"Point","coordinates":[-105.1718,37.6837]},"properties":{"s":56.7,"pub":false}},{"type":"Feature","geometry":{"type":"Point","coordinates":[-105.1718,37.6895]},"properties":{"s":56.7,"pub":false}},{"type":"Feature","geometry":{"type":"Point","coordinates":[-105.1718,37.6953]},"properties":{"s":56.7,"pub":false}},{"type":"Feature","geometry":{"type":"Point","coordinates":[-105.1718,37.7011]},"properties":{"s":56.7,"pub":false}},{"type":"Feature","geometry":{"type":"Point","coordinates":[-105.1718,37.7069]},"properties":{"s":56.7,"pub":true}},{"type":"Feature","geometry":{"type":"Point","coordinates":[-105.1718,37.7127]},"properties":{"s":30.0,"pub":true}},{"type":"Feature","geometry":{"type":"Point","coordinates":[-105.1718,37.7185]},"properties":{"s":30.0,"pub":false}},{"type":"Feature","geometry":{"type":"Point","coordinates":[-105.1718,37.7243]},"properties":{"s":30.0,"pub":false}},{"type":"Feature","geometry":{"type":"Point","coordinates":[-105.1718,37.7301]},"properties":{"s":30.0,"pub":false}},{"type":"Feature","geometry":{"type":"Point","coordinates":[-105.1718,37.7359]},"properties":{"s":30.0,"pub":false}},{"type":"Feature","geometry":{"type":"Point","coordinates":[-105.1718,37.7417]},"properties":{"s":30.0,"pub":true}},{"type":"Feature","geometry":{"type":"Point","coordinates":[-105.1718,37.7475]},"properties":{"s":30.0,"pub":true}},{"type":"Feature","geometry":{"type":"Point","coordinates":[-105.1718,37.7533]},"properties":{"s":30.0,"pub":false}},{"type":"Feature","geometry":{"type":"Point","coordinates":[-105.1718,37.7591]},"properties":{"s":30.0,"pub":false}},{"type":"Feature","geometry":{"type":"Point","coordinates":[-105.1718,37.7649]},"properties":{"s":30.0,"pub":false}},{"type":"Feature","geometry":{"type":"Point","coordinates":[-105.1718,37.7707]},"properties":{"s":30.0,"pub":false}},{"type":"Feature","geometry":{"type":"Point","coordinates":[-105.1718,37.7765]},"properties":{"s":30.0,"pub":false}},{"type":"Feature","geometry":{"type":"Point","coordinates":[-105.1643,37.2893]},"properties":{"s":60.0,"pub":true}},{"type":"Feature","geometry":{"type":"Point","coordinates":[-105.1643,37.2951]},"properties":{"s":60.0,"pub":true}},{"type":"Feature","geometry":{"type":"Point","coordinates":[-105.1643,37.3067]},"properties":{"s":60.0,"pub":false}},{"type":"Feature","geometry":{"type":"Point","coordinates":[-105.1643,37.3125]},"properties":{"s":60.0,"pub":false}},{"type":"Feature","geometry":{"type":"Point","coordinates":[-105.1643,37.3183]},"properties":{"s":60.0,"pub":true}},{"type":"Feature","geometry":{"type":"Point","coordinates":[-105.1643,37.3241]},"properties":{"s":60.0,"pub":true}},{"type":"Feature","geometry":{"type":"Point","coordinates":[-105.1643,37.3357]},"properties":{"s":60.0,"pub":true}},{"type":"Feature","geometry":{"type":"Point","coordinates":[-105.1643,37.3415]},"properties":{"s":60.0,"pub":true}},{"type":"Feature","geometry":{"type":"Point","coordinates":[-105.1643,37.3473]},"properties":{"s":60.0,"pub":true}},{"type":"Feature","geometry":{"type":"Point","coordinates":[-105.1643,37.3531]},"properties":{"s":60.0,"pub":true}},{"type":"Feature","geometry":{"type":"Point","coordinates":[-105.1643,37.3589]},"properties":{"s":60.0,"pub":true}},{"type":"Feature","geometry":{"type":"Point","coordinates":[-105.1643,37.3647]},"properties":{"s":60.0,"pub":true}},{"type":"Feature","geometry":{"type":"Point","coordinates":[-105.1643,37.3705]},"properties":{"s":60.0,"pub":true}},{"type":"Feature","geometry":{"type":"Point","coordinates":[-105.1643,37.3763]},"properties":{"s":60.0,"pub":true}},{"type":"Feature","geometry":{"type":"Point","coordinates":[-105.1643,37.3821]},"properties":{"s":60.0,"pub":true}},{"type":"Feature","geometry":{"type":"Point","coordinates":[-105.1643,37.3879]},"properties":{"s":60.0,"pub":true}},{"type":"Feature","geometry":{"type":"Point","coordinates":[-105.1643,37.4575]},"properties":{"s":63.3,"pub":true}},{"type":"Feature","geometry":{"type":"Point","coordinates":[-105.1643,37.4633]},"properties":{"s":63.3,"pub":true}},{"type":"Feature","geometry":{"type":"Point","coordinates":[-105.1643,37.4691]},"properties":{"s":63.3,"pub":true}},{"type":"Feature","geometry":{"type":"Point","coordinates":[-105.1643,37.4749]},"properties":{"s":63.3,"pub":true}},{"type":"Feature","geometry":{"type":"Point","coordinates":[-105.1643,37.4807]},"properties":{"s":63.3,"pub":true}},{"type":"Feature","geometry":{"type":"Point","coordinates":[-105.1643,37.4865]},"properties":{"s":63.3,"pub":true}},{"type":"Feature","geometry":{"type":"Point","coordinates":[-105.1643,37.4923]},"properties":{"s":63.3,"pub":true}},{"type":"Feature","geometry":{"type":"Point","coordinates":[-105.1643,37.4981]},"properties":{"s":63.3,"pub":true}},{"type":"Feature","geometry":{"type":"Point","coordinates":[-105.1643,37.5039]},"properties":{"s":63.3,"pub":true}},{"type":"Feature","geometry":{"type":"Point","coordinates":[-105.1643,37.5097]},"properties":{"s":63.3,"pub":true}},{"type":"Feature","geometry":{"type":"Point","coordinates":[-105.1643,37.5155]},"properties":{"s":63.3,"pub":true}},{"type":"Feature","geometry":{"type":"Point","coordinates":[-105.1643,37.5213]},"properties":{"s":63.3,"pub":true}},{"type":"Feature","geometry":{"type":"Point","coordinates":[-105.1643,37.5271]},"properties":{"s":60.0,"pub":false}},{"type":"Feature","geometry":{"type":"Point","coordinates":[-105.1643,37.5329]},"properties":{"s":60.0,"pub":false}},{"type":"Feature","geometry":{"type":"Point","coordinates":[-105.1643,37.5387]},"properties":{"s":60.0,"pub":false}},{"type":"Feature","geometry":{"type":"Point","coordinates":[-105.1643,37.5445]},"properties":{"s":60.0,"pub":false}},{"type":"Feature","geometry":{"type":"Point","coordinates":[-105.1643,37.5503]},"properties":{"s":60.0,"pub":false}},{"type":"Feature","geometry":{"type":"Point","coordinates":[-105.1643,37.5561]},"properties":{"s":63.3,"pub":true}},{"type":"Feature","geometry":{"type":"Point","coordinates":[-105.1643,37.6141]},"properties":{"s":46.7,"pub":false}},{"type":"Feature","geometry":{"type":"Point","coordinates":[-105.1643,37.6199]},"properties":{"s":46.7,"pub":false}},{"type":"Feature","geometry":{"type":"Point","coordinates":[-105.1643,37.6257]},"properties":{"s":46.7,"pub":true}},{"type":"Feature","geometry":{"type":"Point","coordinates":[-105.1643,37.6315]},"properties":{"s":50.0,"pub":false}},{"type":"Feature","geometry":{"type":"Point","coordinates":[-105.1643,37.6373]},"properties":{"s":50.0,"pub":false}},{"type":"Feature","geometry":{"type":"Point","coordinates":[-105.1643,37.6431]},"properties":{"s":56.7,"pub":false}},{"type":"Feature","geometry":{"type":"Point","coordinates":[-105.1643,37.6489]},"properties":{"s":56.7,"pub":false}},{"type":"Feature","geometry":{"type":"Point","coordinates":[-105.1643,37.6547]},"properties":{"s":56.7,"pub":false}},{"type":"Feature","geometry":{"type":"Point","coordinates":[-105.1643,37.6605]},"properties":{"s":56.7,"pub":false}},{"type":"Feature","geometry":{"type":"Point","coordinates":[-105.1643,37.6663]},"properties":{"s":56.7,"pub":false}},{"type":"Feature","geometry":{"type":"Point","coordinates":[-105.1643,37.6721]},"properties":{"s":56.7,"pub":false}},{"type":"Feature","geometry":{"type":"Point","coordinates":[-105.1643,37.6779]},"properties":{"s":56.7,"pub":false}},{"type":"Feature","geometry":{"type":"Point","coordinates":[-105.1643,37.6837]},"properties":{"s":56.7,"pub":false}},{"type":"Feature","geometry":{"type":"Point","coordinates":[-105.1643,37.6895]},"properties":{"s":56.7,"pub":false}},{"type":"Feature","geometry":{"type":"Point","coordinates":[-105.1643,37.6953]},"properties":{"s":56.7,"pub":true}},{"type":"Feature","geometry":{"type":"Point","coordinates":[-105.1643,37.7011]},"properties":{"s":30.0,"pub":true}},{"type":"Feature","geometry":{"type":"Point","coordinates":[-105.1643,37.7069]},"properties":{"s":30.0,"pub":true}},{"type":"Feature","geometry":{"type":"Point","coordinates":[-105.1643,37.7127]},"properties":{"s":30.0,"pub":true}},{"type":"Feature","geometry":{"type":"Point","coordinates":[-105.1643,37.7185]},"properties":{"s":30.0,"pub":true}},{"type":"Feature","geometry":{"type":"Point","coordinates":[-105.1643,37.7243]},"properties":{"s":30.0,"pub":true}},{"type":"Feature","geometry":{"type":"Point","coordinates":[-105.1643,37.7301]},"properties":{"s":30.0,"pub":true}},{"type":"Feature","geometry":{"type":"Point","coordinates":[-105.1643,37.7359]},"properties":{"s":30.0,"pub":false}},{"type":"Feature","geometry":{"type":"Point","coordinates":[-105.1643,37.7417]},"properties":{"s":30.0,"pub":true}},{"type":"Feature","geometry":{"type":"Point","coordinates":[-105.1643,37.7475]},"properties":{"s":30.0,"pub":true}},{"type":"Feature","geometry":{"type":"Point","coordinates":[-105.1643,37.7533]},"properties":{"s":30.0,"pub":true}},{"type":"Feature","geometry":{"type":"Point","coordinates":[-105.1643,37.7591]},"properties":{"s":30.0,"pub":false}},{"type":"Feature","geometry":{"type":"Point","coordinates":[-105.1643,37.7649]},"properties":{"s":30.0,"pub":false}},{"type":"Feature","geometry":{"type":"Point","coordinates":[-105.1643,37.7707]},"properties":{"s":30.0,"pub":false}},{"type":"Feature","geometry":{"type":"Point","coordinates":[-105.1643,37.7765]},"properties":{"s":30.0,"pub":false}},{"type":"Feature","geometry":{"type":"Point","coordinates":[-105.1643,37.7823]},"properties":{"s":30.0,"pub":false}},{"type":"Feature","geometry":{"type":"Point","coordinates":[-105.1568,37.2719]},"properties":{"s":60.0,"pub":true}},{"type":"Feature","geometry":{"type":"Point","coordinates":[-105.1568,37.2777]},"properties":{"s":60.0,"pub":true}},{"type":"Feature","geometry":{"type":"Point","coordinates":[-105.1568,37.2835]},"properties":{"s":60.0,"pub":true}},{"type":"Feature","geometry":{"type":"Point","coordinates":[-105.1568,37.2893]},"properties":{"s":60.0,"pub":true}},{"type":"Feature","geometry":{"type":"Point","coordinates":[-105.1568,37.2951]},"properties":{"s":86.7,"pub":true}},{"type":"Feature","geometry":{"type":"Point","coordinates":[-105.1568,37.3009]},"properties":{"s":86.7,"pub":true}},{"type":"Feature","geometry":{"type":"Point","coordinates":[-105.1568,37.3067]},"properties":{"s":86.7,"pub":true}},{"type":"Feature","geometry":{"type":"Point","coordinates":[-105.1568,37.3125]},"properties":{"s":60.0,"pub":true}},{"type":"Feature","geometry":{"type":"Point","coordinates":[-105.1568,37.3183]},"properties":{"s":60.0,"pub":true}},{"type":"Feature","geometry":{"type":"Point","coordinates":[-105.1568,37.3241]},"properties":{"s":60.0,"pub":true}},{"type":"Feature","geometry":{"type":"Point","coordinates":[-105.1568,37.3299]},"properties":{"s":60.0,"pub":true}},{"type":"Feature","geometry":{"type":"Point","coordinates":[-105.1568,37.3357]},"properties":{"s":86.7,"pub":true}},{"type":"Feature","geometry":{"type":"Point","coordinates":[-105.1568,37.3415]},"properties":{"s":60.0,"pub":true}},{"type":"Feature","geometry":{"type":"Point","coordinates":[-105.1568,37.3473]},"properties":{"s":86.7,"pub":true}},{"type":"Feature","geometry":{"type":"Point","coordinates":[-105.1568,37.3531]},"properties":{"s":86.7,"pub":true}},{"type":"Feature","geometry":{"type":"Point","coordinates":[-105.1568,37.3589]},"properties":{"s":86.7,"pub":true}},{"type":"Feature","geometry":{"type":"Point","coordinates":[-105.1568,37.3647]},"properties":{"s":86.7,"pub":true}},{"type":"Feature","geometry":{"type":"Point","coordinates":[-105.1568,37.3705]},"properties":{"s":86.7,"pub":true}},{"type":"Feature","geometry":{"type":"Point","coordinates":[-105.1568,37.3763]},"properties":{"s":86.7,"pub":true}},{"type":"Feature","geometry":{"type":"Point","coordinates":[-105.1568,37.3821]},"properties":{"s":60.0,"pub":true}},{"type":"Feature","geometry":{"type":"Point","coordinates":[-105.1568,37.3879]},"properties":{"s":60.0,"pub":true}},{"type":"Feature","geometry":{"type":"Point","coordinates":[-105.1568,37.3937]},"properties":{"s":60.0,"pub":true}},{"type":"Feature","geometry":{"type":"Point","coordinates":[-105.1568,37.4575]},"properties":{"s":60.0,"pub":true}},{"type":"Feature","geometry":{"type":"Point","coordinates":[-105.1568,37.4633]},"properties":{"s":63.3,"pub":true}},{"type":"Feature","geometry":{"type":"Point","coordinates":[-105.1568,37.4691]},"properties":{"s":63.3,"pub":true}},{"type":"Feature","geometry":{"type":"Point","coordinates":[-105.1568,37.4749]},"properties":{"s":63.3,"pub":true}},{"type":"Feature","geometry":{"type":"Point","coordinates":[-105.1568,37.4807]},"properties":{"s":63.3,"pub":true}},{"type":"Feature","geometry":{"type":"Point","coordinates":[-105.1568,37.4865]},"properties":{"s":63.3,"pub":false}},{"type":"Feature","geometry":{"type":"Point","coordinates":[-105.1568,37.4923]},"properties":{"s":63.3,"pub":false}},{"type":"Feature","geometry":{"type":"Point","coordinates":[-105.1568,37.4981]},"properties":{"s":63.3,"pub":true}},{"type":"Feature","geometry":{"type":"Point","coordinates":[-105.1568,37.5039]},"properties":{"s":63.3,"pub":true}},{"type":"Feature","geometry":{"type":"Point","coordinates":[-105.1568,37.5097]},"properties":{"s":63.3,"pub":true}},{"type":"Feature","geometry":{"type":"Point","coordinates":[-105.1568,37.5155]},"properties":{"s":63.3,"pub":false}},{"type":"Feature","geometry":{"type":"Point","coordinates":[-105.1568,37.5213]},"properties":{"s":63.3,"pub":false}},{"type":"Feature","geometry":{"type":"Point","coordinates":[-105.1568,37.5271]},"properties":{"s":60.0,"pub":false}},{"type":"Feature","geometry":{"type":"Point","coordinates":[-105.1568,37.5329]},"properties":{"s":60.0,"pub":false}},{"type":"Feature","geometry":{"type":"Point","coordinates":[-105.1568,37.5387]},"properties":{"s":60.0,"pub":false}},{"type":"Feature","geometry":{"type":"Point","coordinates":[-105.1568,37.5445]},"properties":{"s":63.3,"pub":false}},{"type":"Feature","geometry":{"type":"Point","coordinates":[-105.1568,37.5503]},"properties":{"s":63.3,"pub":false}},{"type":"Feature","geometry":{"type":"Point","coordinates":[-105.1568,37.6141]},"properties":{"s":50.0,"pub":true}},{"type":"Feature","geometry":{"type":"Point","coordinates":[-105.1568,37.6199]},"properties":{"s":50.0,"pub":false}},{"type":"Feature","geometry":{"type":"Point","coordinates":[-105.1568,37.6257]},"properties":{"s":50.0,"pub":true}},{"type":"Feature","geometry":{"type":"Point","coordinates":[-105.1568,37.6315]},"properties":{"s":50.0,"pub":true}},{"type":"Feature","geometry":{"type":"Point","coordinates":[-105.1568,37.6373]},"properties":{"s":56.7,"pub":false}},{"type":"Feature","geometry":{"type":"Point","coordinates":[-105.1568,37.6431]},"properties":{"s":56.7,"pub":false}},{"type":"Feature","geometry":{"type":"Point","coordinates":[-105.1568,37.6489]},"properties":{"s":56.7,"pub":false}},{"type":"Feature","geometry":{"type":"Point","coordinates":[-105.1568,37.6547]},"properties":{"s":56.7,"pub":false}},{"type":"Feature","geometry":{"type":"Point","coordinates":[-105.1568,37.6605]},"properties":{"s":56.7,"pub":false}},{"type":"Feature","geometry":{"type":"Point","coordinates":[-105.1568,37.6663]},"properties":{"s":56.7,"pub":false}},{"type":"Feature","geometry":{"type":"Point","coordinates":[-105.1568,37.6721]},"properties":{"s":56.7,"pub":false}},{"type":"Feature","geometry":{"type":"Point","coordinates":[-105.1568,37.6779]},"properties":{"s":56.7,"pub":true}},{"type":"Feature","geometry":{"type":"Point","coordinates":[-105.1568,37.6837]},"properties":{"s":56.7,"pub":false}},{"type":"Feature","geometry":{"type":"Point","coordinates":[-105.1568,37.6895]},"properties":{"s":56.7,"pub":false}},{"type":"Feature","geometry":{"type":"Point","coordinates":[-105.1568,37.6953]},"properties":{"s":30.0,"pub":false}},{"type":"Feature","geometry":{"type":"Point","coordinates":[-105.1568,37.7011]},"properties":{"s":30.0,"pub":false}},{"type":"Feature","geometry":{"type":"Point","coordinates":[-105.1568,37.7069]},"properties":{"s":30.0,"pub":false}},{"type":"Feature","geometry":{"type":"Point","coordinates":[-105.1568,37.7127]},"properties":{"s":30.0,"pub":false}},{"type":"Feature","geometry":{"type":"Point","coordinates":[-105.1568,37.7185]},"properties":{"s":30.0,"pub":true}},{"type":"Feature","geometry":{"type":"Point","coordinates":[-105.1568,37.7243]},"properties":{"s":30.0,"pub":true}},{"type":"Feature","geometry":{"type":"Point","coordinates":[-105.1568,37.7301]},"properties":{"s":30.0,"pub":true}},{"type":"Feature","geometry":{"type":"Point","coordinates":[-105.1568,37.7359]},"properties":{"s":30.0,"pub":false}},{"type":"Feature","geometry":{"type":"Point","coordinates":[-105.1568,37.7417]},"properties":{"s":30.0,"pub":false}},{"type":"Feature","geometry":{"type":"Point","coordinates":[-105.1568,37.7475]},"properties":{"s":30.0,"pub":false}},{"type":"Feature","geometry":{"type":"Point","coordinates":[-105.1568,37.7533]},"properties":{"s":30.0,"pub":false}},{"type":"Feature","geometry":{"type":"Point","coordinates":[-105.1568,37.7591]},"properties":{"s":30.0,"pub":false}},{"type":"Feature","geometry":{"type":"Point","coordinates":[-105.1568,37.7649]},"properties":{"s":30.0,"pub":false}},{"type":"Feature","geometry":{"type":"Point","coordinates":[-105.1568,37.7707]},"properties":{"s":30.0,"pub":false}},{"type":"Feature","geometry":{"type":"Point","coordinates":[-105.1568,37.7765]},"properties":{"s":30.0,"pub":false}},{"type":"Feature","geometry":{"type":"Point","coordinates":[-105.1568,37.7823]},"properties":{"s":30.0,"pub":false}},{"type":"Feature","geometry":{"type":"Point","coordinates":[-105.1493,37.2487]},"properties":{"s":60.0,"pub":true}},{"type":"Feature","geometry":{"type":"Point","coordinates":[-105.1493,37.2545]},"properties":{"s":60.0,"pub":true}},{"type":"Feature","geometry":{"type":"Point","coordinates":[-105.1493,37.2603]},"properties":{"s":60.0,"pub":true}},{"type":"Feature","geometry":{"type":"Point","coordinates":[-105.1493,37.2661]},"properties":{"s":60.0,"pub":true}},{"type":"Feature","geometry":{"type":"Point","coordinates":[-105.1493,37.2719]},"properties":{"s":60.0,"pub":true}},{"type":"Feature","geometry":{"type":"Point","coordinates":[-105.1493,37.2777]},"properties":{"s":60.0,"pub":true}},{"type":"Feature","geometry":{"type":"Point","coordinates":[-105.1493,37.2835]},"properties":{"s":60.0,"pub":true}},{"type":"Feature","geometry":{"type":"Point","coordinates":[-105.1493,37.2893]},"properties":{"s":60.0,"pub":true}},{"type":"Feature","geometry":{"type":"Point","coordinates":[-105.1493,37.2951]},"properties":{"s":86.7,"pub":true}},{"type":"Feature","geometry":{"type":"Point","coordinates":[-105.1493,37.3009]},"properties":{"s":86.7,"pub":true}},{"type":"Feature","geometry":{"type":"Point","coordinates":[-105.1493,37.3067]},"properties":{"s":86.7,"pub":true}},{"type":"Feature","geometry":{"type":"Point","coordinates":[-105.1493,37.3125]},"properties":{"s":86.7,"pub":true}},{"type":"Feature","geometry":{"type":"Point","coordinates":[-105.1493,37.3183]},"properties":{"s":86.7,"pub":true}},{"type":"Feature","geometry":{"type":"Point","coordinates":[-105.1493,37.3241]},"properties":{"s":86.7,"pub":true}},{"type":"Feature","geometry":{"type":"Point","coordinates":[-105.1493,37.3299]},"properties":{"s":86.7,"pub":true}},{"type":"Feature","geometry":{"type":"Point","coordinates":[-105.1493,37.3357]},"properties":{"s":86.7,"pub":true}},{"type":"Feature","geometry":{"type":"Point","coordinates":[-105.1493,37.3415]},"properties":{"s":86.7,"pub":true}},{"type":"Feature","geometry":{"type":"Point","coordinates":[-105.1493,37.3473]},"properties":{"s":86.7,"pub":true}},{"type":"Feature","geometry":{"type":"Point","coordinates":[-105.1493,37.3531]},"properties":{"s":86.7,"pub":true}},{"type":"Feature","geometry":{"type":"Point","coordinates":[-105.1493,37.3589]},"properties":{"s":86.7,"pub":true}},{"type":"Feature","geometry":{"type":"Point","coordinates":[-105.1493,37.3647]},"properties":{"s":86.7,"pub":true}},{"type":"Feature","geometry":{"type":"Point","coordinates":[-105.1493,37.3705]},"properties":{"s":86.7,"pub":true}},{"type":"Feature","geometry":{"type":"Point","coordinates":[-105.1493,37.3763]},"properties":{"s":86.7,"pub":true}},{"type":"Feature","geometry":{"type":"Point","coordinates":[-105.1493,37.3821]},"properties":{"s":60.0,"pub":true}},{"type":"Feature","geometry":{"type":"Point","coordinates":[-105.1493,37.3879]},"properties":{"s":60.0,"pub":true}},{"type":"Feature","geometry":{"type":"Point","coordinates":[-105.1493,37.3937]},"properties":{"s":60.0,"pub":true}},{"type":"Feature","geometry":{"type":"Point","coordinates":[-105.1493,37.3995]},"properties":{"s":60.0,"pub":true}},{"type":"Feature","geometry":{"type":"Point","coordinates":[-105.1493,37.4459]},"properties":{"s":60.0,"pub":true}},{"type":"Feature","geometry":{"type":"Point","coordinates":[-105.1493,37.4517]},"properties":{"s":60.0,"pub":true}},{"type":"Feature","geometry":{"type":"Point","coordinates":[-105.1493,37.4575]},"properties":{"s":60.0,"pub":true}},{"type":"Feature","geometry":{"type":"Point","coordinates":[-105.1493,37.4633]},"properties":{"s":63.3,"pub":true}},{"type":"Feature","geometry":{"type":"Point","coordinates":[-105.1493,37.4691]},"properties":{"s":63.3,"pub":true}},{"type":"Feature","geometry":{"type":"Point","coordinates":[-105.1493,37.4749]},"properties":{"s":63.3,"pub":true}},{"type":"Feature","geometry":{"type":"Point","coordinates":[-105.1493,37.4807]},"properties":{"s":63.3,"pub":true}},{"type":"Feature","geometry":{"type":"Point","coordinates":[-105.1493,37.4865]},"properties":{"s":63.3,"pub":false}},{"type":"Feature","geometry":{"type":"Point","coordinates":[-105.1493,37.4923]},"properties":{"s":63.3,"pub":false}},{"type":"Feature","geometry":{"type":"Point","coordinates":[-105.1493,37.4981]},"properties":{"s":63.3,"pub":false}},{"type":"Feature","geometry":{"type":"Point","coordinates":[-105.1493,37.5039]},"properties":{"s":63.3,"pub":false}},{"type":"Feature","geometry":{"type":"Point","coordinates":[-105.1493,37.5097]},"properties":{"s":63.3,"pub":false}},{"type":"Feature","geometry":{"type":"Point","coordinates":[-105.1493,37.5155]},"properties":{"s":63.3,"pub":false}},{"type":"Feature","geometry":{"type":"Point","coordinates":[-105.1493,37.5213]},"properties":{"s":63.3,"pub":false}},{"type":"Feature","geometry":{"type":"Point","coordinates":[-105.1493,37.5271]},"properties":{"s":60.0,"pub":false}},{"type":"Feature","geometry":{"type":"Point","coordinates":[-105.1493,37.5329]},"properties":{"s":63.3,"pub":false}},{"type":"Feature","geometry":{"type":"Point","coordinates":[-105.1493,37.5387]},"properties":{"s":63.3,"pub":false}},{"type":"Feature","geometry":{"type":"Point","coordinates":[-105.1493,37.5445]},"properties":{"s":63.3,"pub":false}},{"type":"Feature","geometry":{"type":"Point","coordinates":[-105.1493,37.5503]},"properties":{"s":63.3,"pub":false}},{"type":"Feature","geometry":{"type":"Point","coordinates":[-105.1493,37.5619]},"properties":{"s":30.0,"pub":false}},{"type":"Feature","geometry":{"type":"Point","coordinates":[-105.1493,37.5677]},"properties":{"s":30.0,"pub":false}},{"type":"Feature","geometry":{"type":"Point","coordinates":[-105.1493,37.6083]},"properties":{"s":63.3,"pub":true}},{"type":"Feature","geometry":{"type":"Point","coordinates":[-105.1493,37.6141]},"properties":{"s":50.0,"pub":true}},{"type":"Feature","geometry":{"type":"Point","coordinates":[-105.1493,37.6199]},"properties":{"s":50.0,"pub":false}},{"type":"Feature","geometry":{"type":"Point","coordinates":[-105.1493,37.6257]},"properties":{"s":50.0,"pub":true}},{"type":"Feature","geometry":{"type":"Point","coordinates":[-105.1493,37.6315]},"properties":{"s":56.7,"pub":true}},{"type":"Feature","geometry":{"type":"Point","coordinates":[-105.1493,37.6373]},"properties":{"s":56.7,"pub":true}},{"type":"Feature","geometry":{"type":"Point","coordinates":[-105.1493,37.6431]},"properties":{"s":56.7,"pub":false}},{"type":"Feature","geometry":{"type":"Point","coordinates":[-105.1493,37.6489]},"properties":{"s":56.7,"pub":false}},{"type":"Feature","geometry":{"type":"Point","coordinates":[-105.1493,37.6547]},"properties":{"s":56.7,"pub":false}},{"type":"Feature","geometry":{"type":"Point","coordinates":[-105.1493,37.6605]},"properties":{"s":56.7,"pub":false}},{"type":"Feature","geometry":{"type":"Point","coordinates":[-105.1493,37.6663]},"properties":{"s":56.7,"pub":false}},{"type":"Feature","geometry":{"type":"Point","coordinates":[-105.1493,37.6721]},"properties":{"s":56.7,"pub":false}},{"type":"Feature","geometry":{"type":"Point","coordinates":[-105.1493,37.6779]},"properties":{"s":56.7,"pub":false}},{"type":"Feature","geometry":{"type":"Point","coordinates":[-105.1493,37.6837]},"properties":{"s":30.0,"pub":false}},{"type":"Feature","geometry":{"type":"Point","coordinates":[-105.1493,37.6895]},"properties":{"s":30.0,"pub":false}},{"type":"Feature","geometry":{"type":"Point","coordinates":[-105.1493,37.6953]},"properties":{"s":30.0,"pub":true}},{"type":"Feature","geometry":{"type":"Point","coordinates":[-105.1493,37.7011]},"properties":{"s":30.0,"pub":false}},{"type":"Feature","geometry":{"type":"Point","coordinates":[-105.1493,37.7069]},"properties":{"s":30.0,"pub":false}},{"type":"Feature","geometry":{"type":"Point","coordinates":[-105.1493,37.7127]},"properties":{"s":30.0,"pub":false}},{"type":"Feature","geometry":{"type":"Point","coordinates":[-105.1493,37.7185]},"properties":{"s":30.0,"pub":true}},{"type":"Feature","geometry":{"type":"Point","coordinates":[-105.1493,37.7243]},"properties":{"s":30.0,"pub":true}},{"type":"Feature","geometry":{"type":"Point","coordinates":[-105.1493,37.7301]},"properties":{"s":30.0,"pub":true}},{"type":"Feature","geometry":{"type":"Point","coordinates":[-105.1493,37.7359]},"properties":{"s":30.0,"pub":true}},{"type":"Feature","geometry":{"type":"Point","coordinates":[-105.1493,37.7417]},"properties":{"s":30.0,"pub":true}},{"type":"Feature","geometry":{"type":"Point","coordinates":[-105.1493,37.7475]},"properties":{"s":30.0,"pub":false}},{"type":"Feature","geometry":{"type":"Point","coordinates":[-105.1493,37.7533]},"properties":{"s":30.0,"pub":false}},{"type":"Feature","geometry":{"type":"Point","coordinates":[-105.1493,37.7591]},"properties":{"s":30.0,"pub":false}},{"type":"Feature","geometry":{"type":"Point","coordinates":[-105.1493,37.7649]},"properties":{"s":30.0,"pub":false}},{"type":"Feature","geometry":{"type":"Point","coordinates":[-105.1493,37.7707]},"properties":{"s":30.0,"pub":false}},{"type":"Feature","geometry":{"type":"Point","coordinates":[-105.1493,37.7765]},"properties":{"s":30.0,"pub":false}},{"type":"Feature","geometry":{"type":"Point","coordinates":[-105.1418,37.2487]},"properties":{"s":60.0,"pub":true}},{"type":"Feature","geometry":{"type":"Point","coordinates":[-105.1418,37.2545]},"properties":{"s":60.0,"pub":true}},{"type":"Feature","geometry":{"type":"Point","coordinates":[-105.1418,37.2603]},"properties":{"s":60.0,"pub":true}},{"type":"Feature","geometry":{"type":"Point","coordinates":[-105.1418,37.2661]},"properties":{"s":60.0,"pub":true}},{"type":"Feature","geometry":{"type":"Point","coordinates":[-105.1418,37.2719]},"properties":{"s":60.0,"pub":true}},{"type":"Feature","geometry":{"type":"Point","coordinates":[-105.1418,37.2777]},"properties":{"s":60.0,"pub":true}},{"type":"Feature","geometry":{"type":"Point","coordinates":[-105.1418,37.2835]},"properties":{"s":60.0,"pub":true}},{"type":"Feature","geometry":{"type":"Point","coordinates":[-105.1418,37.2893]},"properties":{"s":60.0,"pub":true}},{"type":"Feature","geometry":{"type":"Point","coordinates":[-105.1418,37.2951]},"properties":{"s":86.7,"pub":true}},{"type":"Feature","geometry":{"type":"Point","coordinates":[-105.1418,37.3009]},"properties":{"s":86.7,"pub":true}},{"type":"Feature","geometry":{"type":"Point","coordinates":[-105.1418,37.3067]},"properties":{"s":86.7,"pub":true}},{"type":"Feature","geometry":{"type":"Point","coordinates":[-105.1418,37.3125]},"properties":{"s":86.7,"pub":true}},{"type":"Feature","geometry":{"type":"Point","coordinates":[-105.1418,37.3183]},"properties":{"s":60.0,"pub":true}},{"type":"Feature","geometry":{"type":"Point","coordinates":[-105.1418,37.3241]},"properties":{"s":60.0,"pub":true}},{"type":"Feature","geometry":{"type":"Point","coordinates":[-105.1418,37.3299]},"properties":{"s":60.0,"pub":true}},{"type":"Feature","geometry":{"type":"Point","coordinates":[-105.1418,37.3357]},"properties":{"s":60.0,"pub":true}},{"type":"Feature","geometry":{"type":"Point","coordinates":[-105.1418,37.3415]},"properties":{"s":60.0,"pub":true}},{"type":"Feature","geometry":{"type":"Point","coordinates":[-105.1418,37.3473]},"properties":{"s":60.0,"pub":true}},{"type":"Feature","geometry":{"type":"Point","coordinates":[-105.1418,37.3531]},"properties":{"s":60.0,"pub":true}},{"type":"Feature","geometry":{"type":"Point","coordinates":[-105.1418,37.3589]},"properties":{"s":60.0,"pub":true}},{"type":"Feature","geometry":{"type":"Point","coordinates":[-105.1418,37.3647]},"properties":{"s":60.0,"pub":true}},{"type":"Feature","geometry":{"type":"Point","coordinates":[-105.1418,37.3705]},"properties":{"s":60.0,"pub":true}},{"type":"Feature","geometry":{"type":"Point","coordinates":[-105.1418,37.3763]},"properties":{"s":60.0,"pub":true}},{"type":"Feature","geometry":{"type":"Point","coordinates":[-105.1418,37.3821]},"properties":{"s":60.0,"pub":true}},{"type":"Feature","geometry":{"type":"Point","coordinates":[-105.1418,37.3879]},"properties":{"s":60.0,"pub":true}},{"type":"Feature","geometry":{"type":"Point","coordinates":[-105.1418,37.3937]},"properties":{"s":60.0,"pub":true}},{"type":"Feature","geometry":{"type":"Point","coordinates":[-105.1418,37.3995]},"properties":{"s":60.0,"pub":true}},{"type":"Feature","geometry":{"type":"Point","coordinates":[-105.1418,37.4343]},"properties":{"s":60.0,"pub":true}},{"type":"Feature","geometry":{"type":"Point","coordinates":[-105.1418,37.4401]},"properties":{"s":60.0,"pub":true}},{"type":"Feature","geometry":{"type":"Point","coordinates":[-105.1418,37.4459]},"properties":{"s":60.0,"pub":true}},{"type":"Feature","geometry":{"type":"Point","coordinates":[-105.1418,37.4517]},"properties":{"s":60.0,"pub":true}},{"type":"Feature","geometry":{"type":"Point","coordinates":[-105.1418,37.4575]},"properties":{"s":60.0,"pub":true}},{"type":"Feature","geometry":{"type":"Point","coordinates":[-105.1418,37.4633]},"properties":{"s":60.0,"pub":true}},{"type":"Feature","geometry":{"type":"Point","coordinates":[-105.1418,37.4691]},"properties":{"s":63.3,"pub":true}},{"type":"Feature","geometry":{"type":"Point","coordinates":[-105.1418,37.4749]},"properties":{"s":63.3,"pub":true}},{"type":"Feature","geometry":{"type":"Point","coordinates":[-105.1418,37.4807]},"properties":{"s":63.3,"pub":true}},{"type":"Feature","geometry":{"type":"Point","coordinates":[-105.1418,37.4865]},"properties":{"s":63.3,"pub":false}},{"type":"Feature","geometry":{"type":"Point","coordinates":[-105.1418,37.4923]},"properties":{"s":63.3,"pub":false}},{"type":"Feature","geometry":{"type":"Point","coordinates":[-105.1418,37.4981]},"properties":{"s":63.3,"pub":false}},{"type":"Feature","geometry":{"type":"Point","coordinates":[-105.1418,37.5039]},"properties":{"s":63.3,"pub":false}},{"type":"Feature","geometry":{"type":"Point","coordinates":[-105.1418,37.5097]},"properties":{"s":63.3,"pub":false}},{"type":"Feature","geometry":{"type":"Point","coordinates":[-105.1418,37.5155]},"properties":{"s":63.3,"pub":false}},{"type":"Feature","geometry":{"type":"Point","coordinates":[-105.1418,37.5213]},"properties":{"s":66.7,"pub":false}},{"type":"Feature","geometry":{"type":"Point","coordinates":[-105.1418,37.5271]},"properties":{"s":63.3,"pub":false}},{"type":"Feature","geometry":{"type":"Point","coordinates":[-105.1418,37.5329]},"properties":{"s":63.3,"pub":false}},{"type":"Feature","geometry":{"type":"Point","coordinates":[-105.1418,37.5387]},"properties":{"s":63.3,"pub":false}},{"type":"Feature","geometry":{"type":"Point","coordinates":[-105.1418,37.5445]},"properties":{"s":90.0,"pub":false}},{"type":"Feature","geometry":{"type":"Point","coordinates":[-105.1418,37.5561]},"properties":{"s":30.0,"pub":false}},{"type":"Feature","geometry":{"type":"Point","coordinates":[-105.1418,37.5619]},"properties":{"s":30.0,"pub":false}},{"type":"Feature","geometry":{"type":"Point","coordinates":[-105.1418,37.5677]},"properties":{"s":30.0,"pub":true}},{"type":"Feature","geometry":{"type":"Point","coordinates":[-105.1418,37.6025]},"properties":{"s":90.0,"pub":false}},{"type":"Feature","geometry":{"type":"Point","coordinates":[-105.1418,37.6083]},"properties":{"s":90.0,"pub":false}},{"type":"Feature","geometry":{"type":"Point","coordinates":[-105.1418,37.6141]},"properties":{"s":90.0,"pub":true}},{"type":"Feature","geometry":{"type":"Point","coordinates":[-105.1418,37.6199]},"properties":{"s":50.0,"pub":false}},{"type":"Feature","geometry":{"type":"Point","coordinates":[-105.1418,37.6257]},"properties":{"s":56.7,"pub":false}},{"type":"Feature","geometry":{"type":"Point","coordinates":[-105.1418,37.6315]},"properties":{"s":56.7,"pub":false}},{"type":"Feature","geometry":{"type":"Point","coordinates":[-105.1418,37.6373]},"properties":{"s":56.7,"pub":false}},{"type":"Feature","geometry":{"type":"Point","coordinates":[-105.1418,37.6431]},"properties":{"s":56.7,"pub":false}},{"type":"Feature","geometry":{"type":"Point","coordinates":[-105.1418,37.6489]},"properties":{"s":56.7,"pub":false}},{"type":"Feature","geometry":{"type":"Point","coordinates":[-105.1418,37.6547]},"properties":{"s":56.7,"pub":false}},{"type":"Feature","geometry":{"type":"Point","coordinates":[-105.1418,37.6605]},"properties":{"s":56.7,"pub":false}},{"type":"Feature","geometry":{"type":"Point","coordinates":[-105.1418,37.6663]},"properties":{"s":56.7,"pub":false}},{"type":"Feature","geometry":{"type":"Point","coordinates":[-105.1418,37.6721]},"properties":{"s":56.7,"pub":false}},{"type":"Feature","geometry":{"type":"Point","coordinates":[-105.1418,37.6779]},"properties":{"s":30.0,"pub":false}},{"type":"Feature","geometry":{"type":"Point","coordinates":[-105.1418,37.6837]},"properties":{"s":30.0,"pub":false}},{"type":"Feature","geometry":{"type":"Point","coordinates":[-105.1418,37.6895]},"properties":{"s":30.0,"pub":false}},{"type":"Feature","geometry":{"type":"Point","coordinates":[-105.1418,37.6953]},"properties":{"s":30.0,"pub":false}},{"type":"Feature","geometry":{"type":"Point","coordinates":[-105.1418,37.7011]},"properties":{"s":30.0,"pub":false}},{"type":"Feature","geometry":{"type":"Point","coordinates":[-105.1418,37.7069]},"properties":{"s":30.0,"pub":true}},{"type":"Feature","geometry":{"type":"Point","coordinates":[-105.1418,37.7127]},"properties":{"s":30.0,"pub":false}},{"type":"Feature","geometry":{"type":"Point","coordinates":[-105.1418,37.7185]},"properties":{"s":30.0,"pub":false}},{"type":"Feature","geometry":{"type":"Point","coordinates":[-105.1418,37.7243]},"properties":{"s":30.0,"pub":true}},{"type":"Feature","geometry":{"type":"Point","coordinates":[-105.1418,37.7301]},"properties":{"s":30.0,"pub":true}},{"type":"Feature","geometry":{"type":"Point","coordinates":[-105.1418,37.7359]},"properties":{"s":30.0,"pub":true}},{"type":"Feature","geometry":{"type":"Point","coordinates":[-105.1418,37.7417]},"properties":{"s":30.0,"pub":true}},{"type":"Feature","geometry":{"type":"Point","coordinates":[-105.1418,37.7475]},"properties":{"s":30.0,"pub":true}},{"type":"Feature","geometry":{"type":"Point","coordinates":[-105.1418,37.7533]},"properties":{"s":30.0,"pub":true}},{"type":"Feature","geometry":{"type":"Point","coordinates":[-105.1418,37.7591]},"properties":{"s":30.0,"pub":false}},{"type":"Feature","geometry":{"type":"Point","coordinates":[-105.1418,37.7649]},"properties":{"s":30.0,"pub":false}},{"type":"Feature","geometry":{"type":"Point","coordinates":[-105.1418,37.7707]},"properties":{"s":30.0,"pub":false}},{"type":"Feature","geometry":{"type":"Point","coordinates":[-105.1343,37.2487]},"properties":{"s":60.0,"pub":true}},{"type":"Feature","geometry":{"type":"Point","coordinates":[-105.1343,37.2545]},"properties":{"s":60.0,"pub":true}},{"type":"Feature","geometry":{"type":"Point","coordinates":[-105.1343,37.2603]},"properties":{"s":60.0,"pub":true}},{"type":"Feature","geometry":{"type":"Point","coordinates":[-105.1343,37.2661]},"properties":{"s":60.0,"pub":true}},{"type":"Feature","geometry":{"type":"Point","coordinates":[-105.1343,37.2719]},"properties":{"s":60.0,"pub":true}},{"type":"Feature","geometry":{"type":"Point","coordinates":[-105.1343,37.2777]},"properties":{"s":60.0,"pub":true}},{"type":"Feature","geometry":{"type":"Point","coordinates":[-105.1343,37.2835]},"properties":{"s":60.0,"pub":true}},{"type":"Feature","geometry":{"type":"Point","coordinates":[-105.1343,37.2893]},"properties":{"s":60.0,"pub":true}},{"type":"Feature","geometry":{"type":"Point","coordinates":[-105.1343,37.2951]},"properties":{"s":86.7,"pub":true}},{"type":"Feature","geometry":{"type":"Point","coordinates":[-105.1343,37.3009]},"properties":{"s":86.7,"pub":true}},{"type":"Feature","geometry":{"type":"Point","coordinates":[-105.1343,37.3067]},"properties":{"s":86.7,"pub":true}},{"type":"Feature","geometry":{"type":"Point","coordinates":[-105.1343,37.3125]},"properties":{"s":60.0,"pub":true}},{"type":"Feature","geometry":{"type":"Point","coordinates":[-105.1343,37.3183]},"properties":{"s":60.0,"pub":true}},{"type":"Feature","geometry":{"type":"Point","coordinates":[-105.1343,37.3241]},"properties":{"s":60.0,"pub":true}},{"type":"Feature","geometry":{"type":"Point","coordinates":[-105.1343,37.3299]},"properties":{"s":60.0,"pub":true}},{"type":"Feature","geometry":{"type":"Point","coordinates":[-105.1343,37.3357]},"properties":{"s":60.0,"pub":true}},{"type":"Feature","geometry":{"type":"Point","coordinates":[-105.1343,37.3415]},"properties":{"s":60.0,"pub":true}},{"type":"Feature","geometry":{"type":"Point","coordinates":[-105.1343,37.3473]},"properties":{"s":60.0,"pub":true}},{"type":"Feature","geometry":{"type":"Point","coordinates":[-105.1343,37.3531]},"properties":{"s":60.0,"pub":true}},{"type":"Feature","geometry":{"type":"Point","coordinates":[-105.1343,37.3589]},"properties":{"s":60.0,"pub":true}},{"type":"Feature","geometry":{"type":"Point","coordinates":[-105.1343,37.3647]},"properties":{"s":60.0,"pub":true}},{"type":"Feature","geometry":{"type":"Point","coordinates":[-105.1343,37.3705]},"properties":{"s":60.0,"pub":true}},{"type":"Feature","geometry":{"type":"Point","coordinates":[-105.1343,37.3763]},"properties":{"s":60.0,"pub":true}},{"type":"Feature","geometry":{"type":"Point","coordinates":[-105.1343,37.3821]},"properties":{"s":60.0,"pub":true}},{"type":"Feature","geometry":{"type":"Point","coordinates":[-105.1343,37.3879]},"properties":{"s":60.0,"pub":true}},{"type":"Feature","geometry":{"type":"Point","coordinates":[-105.1343,37.3937]},"properties":{"s":60.0,"pub":true}},{"type":"Feature","geometry":{"type":"Point","coordinates":[-105.1343,37.3995]},"properties":{"s":60.0,"pub":true}},{"type":"Feature","geometry":{"type":"Point","coordinates":[-105.1343,37.4169]},"properties":{"s":60.0,"pub":true}},{"type":"Feature","geometry":{"type":"Point","coordinates":[-105.1343,37.4227]},"properties":{"s":60.0,"pub":true}},{"type":"Feature","geometry":{"type":"Point","coordinates":[-105.1343,37.4285]},"properties":{"s":60.0,"pub":true}},{"type":"Feature","geometry":{"type":"Point","coordinates":[-105.1343,37.4343]},"properties":{"s":60.0,"pub":true}},{"type":"Feature","geometry":{"type":"Point","coordinates":[-105.1343,37.4401]},"properties":{"s":60.0,"pub":true}},{"type":"Feature","geometry":{"type":"Point","coordinates":[-105.1343,37.4459]},"properties":{"s":60.0,"pub":true}},{"type":"Feature","geometry":{"type":"Point","coordinates":[-105.1343,37.4517]},"properties":{"s":60.0,"pub":true}},{"type":"Feature","geometry":{"type":"Point","coordinates":[-105.1343,37.4575]},"properties":{"s":60.0,"pub":true}},{"type":"Feature","geometry":{"type":"Point","coordinates":[-105.1343,37.4633]},"properties":{"s":60.0,"pub":true}},{"type":"Feature","geometry":{"type":"Point","coordinates":[-105.1343,37.4691]},"properties":{"s":63.3,"pub":true}},{"type":"Feature","geometry":{"type":"Point","coordinates":[-105.1343,37.4749]},"properties":{"s":66.7,"pub":true}},{"type":"Feature","geometry":{"type":"Point","coordinates":[-105.1343,37.4807]},"properties":{"s":66.7,"pub":false}},{"type":"Feature","geometry":{"type":"Point","coordinates":[-105.1343,37.4865]},"properties":{"s":66.7,"pub":false}},{"type":"Feature","geometry":{"type":"Point","coordinates":[-105.1343,37.5039]},"properties":{"s":93.3,"pub":false}},{"type":"Feature","geometry":{"type":"Point","coordinates":[-105.1343,37.5097]},"properties":{"s":93.3,"pub":false}},{"type":"Feature","geometry":{"type":"Point","coordinates":[-105.1343,37.5155]},"properties":{"s":93.3,"pub":false}},{"type":"Feature","geometry":{"type":"Point","coordinates":[-105.1343,37.5213]},"properties":{"s":93.3,"pub":false}},{"type":"Feature","geometry":{"type":"Point","coordinates":[-105.1343,37.5271]},"properties":{"s":90.0,"pub":false}},{"type":"Feature","geometry":{"type":"Point","coordinates":[-105.1343,37.5329]},"properties":{"s":90.0,"pub":false}},{"type":"Feature","geometry":{"type":"Point","coordinates":[-105.1343,37.5387]},"properties":{"s":90.0,"pub":false}},{"type":"Feature","geometry":{"type":"Point","coordinates":[-105.1343,37.5445]},"properties":{"s":90.0,"pub":false}},{"type":"Feature","geometry":{"type":"Point","coordinates":[-105.1343,37.5503]},"properties":{"s":30.0,"pub":false}},{"type":"Feature","geometry":{"type":"Point","coordinates":[-105.1343,37.5561]},"properties":{"s":30.0,"pub":false}},{"type":"Feature","geometry":{"type":"Point","coordinates":[-105.1343,37.5619]},"properties":{"s":30.0,"pub":false}},{"type":"Feature","geometry":{"type":"Point","coordinates":[-105.1343,37.5677]},"properties":{"s":30.0,"pub":true}},{"type":"Feature","geometry":{"type":"Point","coordinates":[-105.1343,37.5967]},"properties":{"s":50.0,"pub":false}},{"type":"Feature","geometry":{"type":"Point","coordinates":[-105.1343,37.6025]},"properties":{"s":90.0,"pub":false}},{"type":"Feature","geometry":{"type":"Point","coordinates":[-105.1343,37.6083]},"properties":{"s":90.0,"pub":false}},{"type":"Feature","geometry":{"type":"Point","coordinates":[-105.1343,37.6141]},"properties":{"s":90.0,"pub":true}},{"type":"Feature","geometry":{"type":"Point","coordinates":[-105.1343,37.6199]},"properties":{"s":50.0,"pub":false}},{"type":"Feature","geometry":{"type":"Point","coordinates":[-105.1343,37.6257]},"properties":{"s":56.7,"pub":false}},{"type":"Feature","geometry":{"type":"Point","coordinates":[-105.1343,37.6315]},"properties":{"s":56.7,"pub":false}},{"type":"Feature","geometry":{"type":"Point","coordinates":[-105.1343,37.6373]},"properties":{"s":56.7,"pub":false}},{"type":"Feature","geometry":{"type":"Point","coordinates":[-105.1343,37.6431]},"properties":{"s":30.0,"pub":false}},{"type":"Feature","geometry":{"type":"Point","coordinates":[-105.1343,37.6489]},"properties":{"s":30.0,"pub":false}},{"type":"Feature","geometry":{"type":"Point","coordinates":[-105.1343,37.6547]},"properties":{"s":56.7,"pub":false}},{"type":"Feature","geometry":{"type":"Point","coordinates":[-105.1343,37.6605]},"properties":{"s":56.7,"pub":false}},{"type":"Feature","geometry":{"type":"Point","coordinates":[-105.1343,37.6663]},"properties":{"s":56.7,"pub":false}},{"type":"Feature","geometry":{"type":"Point","coordinates":[-105.1343,37.6721]},"properties":{"s":56.7,"pub":false}},{"type":"Feature","geometry":{"type":"Point","coordinates":[-105.1343,37.6779]},"properties":{"s":30.0,"pub":false}},{"type":"Feature","geometry":{"type":"Point","coordinates":[-105.1343,37.6837]},"properties":{"s":30.0,"pub":false}},{"type":"Feature","geometry":{"type":"Point","coordinates":[-105.1343,37.6895]},"properties":{"s":30.0,"pub":false}},{"type":"Feature","geometry":{"type":"Point","coordinates":[-105.1343,37.6953]},"properties":{"s":30.0,"pub":true}},{"type":"Feature","geometry":{"type":"Point","coordinates":[-105.1343,37.7011]},"properties":{"s":30.0,"pub":false}},{"type":"Feature","geometry":{"type":"Point","coordinates":[-105.1343,37.7069]},"properties":{"s":30.0,"pub":false}},{"type":"Feature","geometry":{"type":"Point","coordinates":[-105.1343,37.7127]},"properties":{"s":30.0,"pub":false}},{"type":"Feature","geometry":{"type":"Point","coordinates":[-105.1343,37.7185]},"properties":{"s":30.0,"pub":false}},{"type":"Feature","geometry":{"type":"Point","coordinates":[-105.1343,37.7243]},"properties":{"s":30.0,"pub":true}},{"type":"Feature","geometry":{"type":"Point","coordinates":[-105.1343,37.7301]},"properties":{"s":30.0,"pub":true}},{"type":"Feature","geometry":{"type":"Point","coordinates":[-105.1343,37.7359]},"properties":{"s":30.0,"pub":true}},{"type":"Feature","geometry":{"type":"Point","coordinates":[-105.1343,37.7417]},"properties":{"s":30.0,"pub":true}},{"type":"Feature","geometry":{"type":"Point","coordinates":[-105.1343,37.7475]},"properties":{"s":30.0,"pub":true}},{"type":"Feature","geometry":{"type":"Point","coordinates":[-105.1343,37.7533]},"properties":{"s":30.0,"pub":true}},{"type":"Feature","geometry":{"type":"Point","coordinates":[-105.1343,37.7591]},"properties":{"s":30.0,"pub":false}},{"type":"Feature","geometry":{"type":"Point","coordinates":[-105.1343,37.7649]},"properties":{"s":30.0,"pub":false}},{"type":"Feature","geometry":{"type":"Point","coordinates":[-105.1343,37.7707]},"properties":{"s":30.0,"pub":false}},{"type":"Feature","geometry":{"type":"Point","coordinates":[-105.1268,37.2487]},"properties":{"s":86.7,"pub":true}},{"type":"Feature","geometry":{"type":"Point","coordinates":[-105.1268,37.2545]},"properties":{"s":86.7,"pub":true}},{"type":"Feature","geometry":{"type":"Point","coordinates":[-105.1268,37.2603]},"properties":{"s":86.7,"pub":true}},{"type":"Feature","geometry":{"type":"Point","coordinates":[-105.1268,37.2661]},"properties":{"s":60.0,"pub":true}},{"type":"Feature","geometry":{"type":"Point","coordinates":[-105.1268,37.2719]},"properties":{"s":60.0,"pub":true}},{"type":"Feature","geometry":{"type":"Point","coordinates":[-105.1268,37.2777]},"properties":{"s":60.0,"pub":true}},{"type":"Feature","geometry":{"type":"Point","coordinates":[-105.1268,37.2835]},"properties":{"s":60.0,"pub":true}},{"type":"Feature","geometry":{"type":"Point","coordinates":[-105.1268,37.2893]},"properties":{"s":60.0,"pub":true}},{"type":"Feature","geometry":{"type":"Point","coordinates":[-105.1268,37.2951]},"properties":{"s":90.0,"pub":true}},{"type":"Feature","geometry":{"type":"Point","coordinates":[-105.1268,37.3009]},"properties":{"s":86.7,"pub":true}},{"type":"Feature","geometry":{"type":"Point","coordinates":[-105.1268,37.3067]},"properties":{"s":86.7,"pub":true}},{"type":"Feature","geometry":{"type":"Point","coordinates":[-105.1268,37.3125]},"properties":{"s":60.0,"pub":true}},{"type":"Feature","geometry":{"type":"Point","coordinates":[-105.1268,37.3183]},"properties":{"s":60.0,"pub":true}},{"type":"Feature","geometry":{"type":"Point","coordinates":[-105.1268,37.3241]},"properties":{"s":60.0,"pub":true}},{"type":"Feature","geometry":{"type":"Point","coordinates":[-105.1268,37.3531]},"properties":{"s":60.0,"pub":true}},{"type":"Feature","geometry":{"type":"Point","coordinates":[-105.1268,37.3589]},"properties":{"s":60.0,"pub":true}},{"type":"Feature","geometry":{"type":"Point","coordinates":[-105.1268,37.3647]},"properties":{"s":60.0,"pub":true}},{"type":"Feature","geometry":{"type":"Point","coordinates":[-105.1268,37.3705]},"properties":{"s":60.0,"pub":true}},{"type":"Feature","geometry":{"type":"Point","coordinates":[-105.1268,37.3763]},"properties":{"s":60.0,"pub":true}},{"type":"Feature","geometry":{"type":"Point","coordinates":[-105.1268,37.3821]},"properties":{"s":60.0,"pub":true}},{"type":"Feature","geometry":{"type":"Point","coordinates":[-105.1268,37.3879]},"properties":{"s":60.0,"pub":true}},{"type":"Feature","geometry":{"type":"Point","coordinates":[-105.1268,37.3937]},"properties":{"s":60.0,"pub":true}},{"type":"Feature","geometry":{"type":"Point","coordinates":[-105.1268,37.3995]},"properties":{"s":60.0,"pub":true}},{"type":"Feature","geometry":{"type":"Point","coordinates":[-105.1268,37.4053]},"properties":{"s":60.0,"pub":true}},{"type":"Feature","geometry":{"type":"Point","coordinates":[-105.1268,37.4111]},"properties":{"s":60.0,"pub":true}},{"type":"Feature","geometry":{"type":"Point","coordinates":[-105.1268,37.4169]},"properties":{"s":60.0,"pub":true}},{"type":"Feature","geometry":{"type":"Point","coordinates":[-105.1268,37.4227]},"properties":{"s":60.0,"pub":true}},{"type":"Feature","geometry":{"type":"Point","coordinates":[-105.1268,37.4285]},"properties":{"s":60.0,"pub":true}},{"type":"Feature","geometry":{"type":"Point","coordinates":[-105.1268,37.4343]},"properties":{"s":60.0,"pub":true}},{"type":"Feature","geometry":{"type":"Point","coordinates":[-105.1268,37.4401]},"properties":{"s":60.0,"pub":true}},{"type":"Feature","geometry":{"type":"Point","coordinates":[-105.1268,37.4459]},"properties":{"s":60.0,"pub":true}},{"type":"Feature","geometry":{"type":"Point","coordinates":[-105.1268,37.4517]},"properties":{"s":60.0,"pub":true}},{"type":"Feature","geometry":{"type":"Point","coordinates":[-105.1268,37.4575]},"properties":{"s":60.0,"pub":true}},{"type":"Feature","geometry":{"type":"Point","coordinates":[-105.1268,37.4633]},"properties":{"s":60.0,"pub":true}},{"type":"Feature","geometry":{"type":"Point","coordinates":[-105.1268,37.4691]},"properties":{"s":66.7,"pub":true}},{"type":"Feature","geometry":{"type":"Point","coordinates":[-105.1268,37.4749]},"properties":{"s":66.7,"pub":true}},{"type":"Feature","geometry":{"type":"Point","coordinates":[-105.1268,37.5039]},"properties":{"s":93.3,"pub":false}},{"type":"Feature","geometry":{"type":"Point","coordinates":[-105.1268,37.5097]},"properties":{"s":93.3,"pub":false}},{"type":"Feature","geometry":{"type":"Point","coordinates":[-105.1268,37.5155]},"properties":{"s":93.3,"pub":false}},{"type":"Feature","geometry":{"type":"Point","coordinates":[-105.1268,37.5213]},"properties":{"s":93.3,"pub":false}},{"type":"Feature","geometry":{"type":"Point","coordinates":[-105.1268,37.5271]},"properties":{"s":90.0,"pub":false}},{"type":"Feature","geometry":{"type":"Point","coordinates":[-105.1268,37.5329]},"properties":{"s":90.0,"pub":false}},{"type":"Feature","geometry":{"type":"Point","coordinates":[-105.1268,37.5387]},"properties":{"s":96.7,"pub":false}},{"type":"Feature","geometry":{"type":"Point","coordinates":[-105.1268,37.5445]},"properties":{"s":96.7,"pub":true}},{"type":"Feature","geometry":{"type":"Point","coordinates":[-105.1268,37.5503]},"properties":{"s":30.0,"pub":false}},{"type":"Feature","geometry":{"type":"Point","coordinates":[-105.1268,37.5561]},"properties":{"s":30.0,"pub":false}},{"type":"Feature","geometry":{"type":"Point","coordinates":[-105.1268,37.5619]},"properties":{"s":30.0,"pub":false}},{"type":"Feature","geometry":{"type":"Point","coordinates":[-105.1268,37.5677]},"properties":{"s":30.0,"pub":false}},{"type":"Feature","geometry":{"type":"Point","coordinates":[-105.1268,37.5735]},"properties":{"s":30.0,"pub":true}},{"type":"Feature","geometry":{"type":"Point","coordinates":[-105.1268,37.6025]},"properties":{"s":90.0,"pub":true}},{"type":"Feature","geometry":{"type":"Point","coordinates":[-105.1268,37.6083]},"properties":{"s":90.0,"pub":true}},{"type":"Feature","geometry":{"type":"Point","coordinates":[-105.1268,37.6141]},"properties":{"s":90.0,"pub":false}},{"type":"Feature","geometry":{"type":"Point","coordinates":[-105.1268,37.6199]},"properties":{"s":63.3,"pub":false}},{"type":"Feature","geometry":{"type":"Point","coordinates":[-105.1268,37.6257]},"properties":{"s":50.0,"pub":false}},{"type":"Feature","geometry":{"type":"Point","coordinates":[-105.1268,37.6315]},"properties":{"s":50.0,"pub":false}},{"type":"Feature","geometry":{"type":"Point","coordinates":[-105.1268,37.6373]},"properties":{"s":56.7,"pub":false}},{"type":"Feature","geometry":{"type":"Point","coordinates":[-105.1268,37.6431]},"properties":{"s":30.0,"pub":false}},{"type":"Feature","geometry":{"type":"Point","coordinates":[-105.1268,37.6489]},"properties":{"s":30.0,"pub":false}},{"type":"Feature","geometry":{"type":"Point","coordinates":[-105.1268,37.6547]},"properties":{"s":30.0,"pub":false}},{"type":"Feature","geometry":{"type":"Point","coordinates":[-105.1268,37.6605]},"properties":{"s":30.0,"pub":false}},{"type":"Feature","geometry":{"type":"Point","coordinates":[-105.1268,37.6663]},"properties":{"s":30.0,"pub":false}},{"type":"Feature","geometry":{"type":"Point","coordinates":[-105.1268,37.6721]},"properties":{"s":30.0,"pub":false}},{"type":"Feature","geometry":{"type":"Point","coordinates":[-105.1268,37.6779]},"properties":{"s":30.0,"pub":false}},{"type":"Feature","geometry":{"type":"Point","coordinates":[-105.1268,37.6837]},"properties":{"s":30.0,"pub":false}},{"type":"Feature","geometry":{"type":"Point","coordinates":[-105.1268,37.6895]},"properties":{"s":30.0,"pub":false}},{"type":"Feature","geometry":{"type":"Point","coordinates":[-105.1268,37.6953]},"properties":{"s":30.0,"pub":false}},{"type":"Feature","geometry":{"type":"Point","coordinates":[-105.1268,37.7011]},"properties":{"s":30.0,"pub":true}},{"type":"Feature","geometry":{"type":"Point","coordinates":[-105.1268,37.7069]},"properties":{"s":30.0,"pub":false}},{"type":"Feature","geometry":{"type":"Point","coordinates":[-105.1268,37.7127]},"properties":{"s":30.0,"pub":false}},{"type":"Feature","geometry":{"type":"Point","coordinates":[-105.1268,37.7185]},"properties":{"s":30.0,"pub":false}},{"type":"Feature","geometry":{"type":"Point","coordinates":[-105.1268,37.7243]},"properties":{"s":30.0,"pub":true}},{"type":"Feature","geometry":{"type":"Point","coordinates":[-105.1268,37.7301]},"properties":{"s":30.0,"pub":false}},{"type":"Feature","geometry":{"type":"Point","coordinates":[-105.1268,37.7359]},"properties":{"s":30.0,"pub":false}},{"type":"Feature","geometry":{"type":"Point","coordinates":[-105.1268,37.7417]},"properties":{"s":30.0,"pub":true}},{"type":"Feature","geometry":{"type":"Point","coordinates":[-105.1268,37.7475]},"properties":{"s":30.0,"pub":true}},{"type":"Feature","geometry":{"type":"Point","coordinates":[-105.1268,37.7533]},"properties":{"s":30.0,"pub":false}},{"type":"Feature","geometry":{"type":"Point","coordinates":[-105.1268,37.7591]},"properties":{"s":30.0,"pub":false}},{"type":"Feature","geometry":{"type":"Point","coordinates":[-105.1268,37.7649]},"properties":{"s":30.0,"pub":false}},{"type":"Feature","geometry":{"type":"Point","coordinates":[-105.1193,37.2487]},"properties":{"s":86.7,"pub":true}},{"type":"Feature","geometry":{"type":"Point","coordinates":[-105.1193,37.2545]},"properties":{"s":86.7,"pub":true}},{"type":"Feature","geometry":{"type":"Point","coordinates":[-105.1193,37.2603]},"properties":{"s":86.7,"pub":true}},{"type":"Feature","geometry":{"type":"Point","coordinates":[-105.1193,37.2661]},"properties":{"s":86.7,"pub":true}},{"type":"Feature","geometry":{"type":"Point","coordinates":[-105.1193,37.2719]},"properties":{"s":60.0,"pub":true}},{"type":"Feature","geometry":{"type":"Point","coordinates":[-105.1193,37.2777]},"properties":{"s":60.0,"pub":true}},{"type":"Feature","geometry":{"type":"Point","coordinates":[-105.1193,37.2835]},"properties":{"s":60.0,"pub":true}},{"type":"Feature","geometry":{"type":"Point","coordinates":[-105.1193,37.2893]},"properties":{"s":63.3,"pub":true}},{"type":"Feature","geometry":{"type":"Point","coordinates":[-105.1193,37.2951]},"properties":{"s":90.0,"pub":true}},{"type":"Feature","geometry":{"type":"Point","coordinates":[-105.1193,37.3009]},"properties":{"s":86.7,"pub":true}},{"type":"Feature","geometry":{"type":"Point","coordinates":[-105.1193,37.3067]},"properties":{"s":86.7,"pub":true}},{"type":"Feature","geometry":{"type":"Point","coordinates":[-105.1193,37.3125]},"properties":{"s":60.0,"pub":true}},{"type":"Feature","geometry":{"type":"Point","coordinates":[-105.1193,37.3183]},"properties":{"s":60.0,"pub":true}},{"type":"Feature","geometry":{"type":"Point","coordinates":[-105.1193,37.3821]},"properties":{"s":60.0,"pub":true}},{"type":"Feature","geometry":{"type":"Point","coordinates":[-105.1193,37.3879]},"properties":{"s":60.0,"pub":true}},{"type":"Feature","geometry":{"type":"Point","coordinates":[-105.1193,37.3937]},"properties":{"s":60.0,"pub":true}},{"type":"Feature","geometry":{"type":"Point","coordinates":[-105.1193,37.3995]},"properties":{"s":60.0,"pub":true}},{"type":"Feature","geometry":{"type":"Point","coordinates":[-105.1193,37.4053]},"properties":{"s":60.0,"pub":true}},{"type":"Feature","geometry":{"type":"Point","coordinates":[-105.1193,37.4111]},"properties":{"s":60.0,"pub":true}},{"type":"Feature","geometry":{"type":"Point","coordinates":[-105.1193,37.4169]},"properties":{"s":60.0,"pub":true}},{"type":"Feature","geometry":{"type":"Point","coordinates":[-105.1193,37.4227]},"properties":{"s":60.0,"pub":true}},{"type":"Feature","geometry":{"type":"Point","coordinates":[-105.1193,37.4285]},"properties":{"s":60.0,"pub":true}},{"type":"Feature","geometry":{"type":"Point","coordinates":[-105.1193,37.4343]},"properties":{"s":60.0,"pub":true}},{"type":"Feature","geometry":{"type":"Point","coordinates":[-105.1193,37.4401]},"properties":{"s":60.0,"pub":true}},{"type":"Feature","geometry":{"type":"Point","coordinates":[-105.1193,37.4459]},"properties":{"s":60.0,"pub":true}},{"type":"Feature","geometry":{"type":"Point","coordinates":[-105.1193,37.4517]},"properties":{"s":60.0,"pub":true}},{"type":"Feature","geometry":{"type":"Point","coordinates":[-105.1193,37.4575]},"properties":{"s":60.0,"pub":true}},{"type":"Feature","geometry":{"type":"Point","coordinates":[-105.1193,37.5039]},"properties":{"s":100.0,"pub":false}},{"type":"Feature","geometry":{"type":"Point","coordinates":[-105.1193,37.5097]},"properties":{"s":100.0,"pub":false}},{"type":"Feature","geometry":{"type":"Point","coordinates":[-105.1193,37.5155]},"properties":{"s":100.0,"pub":false}},{"type":"Feature","geometry":{"type":"Point","coordinates":[-105.1193,37.5213]},"properties":{"s":96.7,"pub":true}},{"type":"Feature","geometry":{"type":"Point","coordinates":[-105.1193,37.5271]},"properties":{"s":96.7,"pub":true}},{"type":"Feature","geometry":{"type":"Point","coordinates":[-105.1193,37.5329]},"properties":{"s":96.7,"pub":true}},{"type":"Feature","geometry":{"type":"Point","coordinates":[-105.1193,37.5387]},"properties":{"s":96.7,"pub":false}},{"type":"Feature","geometry":{"type":"Point","coordinates":[-105.1193,37.5445]},"properties":{"s":96.7,"pub":false}},{"type":"Feature","geometry":{"type":"Point","coordinates":[-105.1193,37.5503]},"properties":{"s":30.0,"pub":false}},{"type":"Feature","geometry":{"type":"Point","coordinates":[-105.1193,37.5561]},"properties":{"s":30.0,"pub":false}},{"type":"Feature","geometry":{"type":"Point","coordinates":[-105.1193,37.5619]},"properties":{"s":30.0,"pub":false}},{"type":"Feature","geometry":{"type":"Point","coordinates":[-105.1193,37.5677]},"properties":{"s":30.0,"pub":false}},{"type":"Feature","geometry":{"type":"Point","coordinates":[-105.1193,37.5735]},"properties":{"s":30.0,"pub":false}},{"type":"Feature","geometry":{"type":"Point","coordinates":[-105.1193,37.6083]},"properties":{"s":63.3,"pub":true}},{"type":"Feature","geometry":{"type":"Point","coordinates":[-105.1193,37.6141]},"properties":{"s":63.3,"pub":true}},{"type":"Feature","geometry":{"type":"Point","coordinates":[-105.1193,37.6199]},"properties":{"s":63.3,"pub":true}},{"type":"Feature","geometry":{"type":"Point","coordinates":[-105.1193,37.6373]},"properties":{"s":30.0,"pub":false}},{"type":"Feature","geometry":{"type":"Point","coordinates":[-105.1193,37.6431]},"properties":{"s":30.0,"pub":false}},{"type":"Feature","geometry":{"type":"Point","coordinates":[-105.1193,37.6489]},"properties":{"s":30.0,"pub":false}},{"type":"Feature","geometry":{"type":"Point","coordinates":[-105.1193,37.6547]},"properties":{"s":30.0,"pub":false}},{"type":"Feature","geometry":{"type":"Point","coordinates":[-105.1193,37.6605]},"properties":{"s":30.0,"pub":false}},{"type":"Feature","geometry":{"type":"Point","coordinates":[-105.1193,37.6663]},"properties":{"s":30.0,"pub":false}},{"type":"Feature","geometry":{"type":"Point","coordinates":[-105.1193,37.6721]},"properties":{"s":30.0,"pub":false}},{"type":"Feature","geometry":{"type":"Point","coordinates":[-105.1193,37.6779]},"properties":{"s":30.0,"pub":false}},{"type":"Feature","geometry":{"type":"Point","coordinates":[-105.1193,37.6837]},"properties":{"s":30.0,"pub":false}},{"type":"Feature","geometry":{"type":"Point","coordinates":[-105.1193,37.6895]},"properties":{"s":30.0,"pub":false}},{"type":"Feature","geometry":{"type":"Point","coordinates":[-105.1193,37.6953]},"properties":{"s":30.0,"pub":true}},{"type":"Feature","geometry":{"type":"Point","coordinates":[-105.1193,37.7011]},"properties":{"s":30.0,"pub":true}},{"type":"Feature","geometry":{"type":"Point","coordinates":[-105.1193,37.7069]},"properties":{"s":30.0,"pub":true}},{"type":"Feature","geometry":{"type":"Point","coordinates":[-105.1193,37.7127]},"properties":{"s":30.0,"pub":false}},{"type":"Feature","geometry":{"type":"Point","coordinates":[-105.1193,37.7185]},"properties":{"s":30.0,"pub":false}},{"type":"Feature","geometry":{"type":"Point","coordinates":[-105.1193,37.7243]},"properties":{"s":30.0,"pub":false}},{"type":"Feature","geometry":{"type":"Point","coordinates":[-105.1193,37.7301]},"properties":{"s":30.0,"pub":true}},{"type":"Feature","geometry":{"type":"Point","coordinates":[-105.1193,37.7359]},"properties":{"s":30.0,"pub":false}},{"type":"Feature","geometry":{"type":"Point","coordinates":[-105.1193,37.7417]},"properties":{"s":30.0,"pub":false}},{"type":"Feature","geometry":{"type":"Point","coordinates":[-105.1193,37.7475]},"properties":{"s":30.0,"pub":false}},{"type":"Feature","geometry":{"type":"Point","coordinates":[-105.1193,37.7533]},"properties":{"s":30.0,"pub":false}},{"type":"Feature","geometry":{"type":"Point","coordinates":[-105.1193,37.7591]},"properties":{"s":30.0,"pub":false}},{"type":"Feature","geometry":{"type":"Point","coordinates":[-105.1118,37.2545]},"properties":{"s":86.7,"pub":true}},{"type":"Feature","geometry":{"type":"Point","coordinates":[-105.1118,37.2603]},"properties":{"s":86.7,"pub":true}},{"type":"Feature","geometry":{"type":"Point","coordinates":[-105.1118,37.2661]},"properties":{"s":86.7,"pub":true}},{"type":"Feature","geometry":{"type":"Point","coordinates":[-105.1118,37.2719]},"properties":{"s":50.0,"pub":true}},{"type":"Feature","geometry":{"type":"Point","coordinates":[-105.1118,37.2777]},"properties":{"s":50.0,"pub":true}},{"type":"Feature","geometry":{"type":"Point","coordinates":[-105.1118,37.2835]},"properties":{"s":90.0,"pub":true}},{"type":"Feature","geometry":{"type":"Point","coordinates":[-105.1118,37.2893]},"properties":{"s":63.3,"pub":true}},{"type":"Feature","geometry":{"type":"Point","coordinates":[-105.1118,37.2951]},"properties":{"s":50.0,"pub":true}},{"type":"Feature","geometry":{"type":"Point","coordinates":[-105.1118,37.3009]},"properties":{"s":86.7,"pub":true}},{"type":"Feature","geometry":{"type":"Point","coordinates":[-105.1118,37.3067]},"properties":{"s":60.0,"pub":true}},{"type":"Feature","geometry":{"type":"Point","coordinates":[-105.1118,37.3125]},"properties":{"s":60.0,"pub":true}},{"type":"Feature","geometry":{"type":"Point","coordinates":[-105.1118,37.3183]},"properties":{"s":60.0,"pub":true}},{"type":"Feature","geometry":{"type":"Point","coordinates":[-105.1118,37.3937]},"properties":{"s":60.0,"pub":true}},{"type":"Feature","geometry":{"type":"Point","coordinates":[-105.1118,37.3995]},"properties":{"s":60.0,"pub":true}},{"type":"Feature","geometry":{"type":"Point","coordinates":[-105.1118,37.4053]},"properties":{"s":60.0,"pub":true}},{"type":"Feature","geometry":{"type":"Point","coordinates":[-105.1118,37.4111]},"properties":{"s":60.0,"pub":true}},{"type":"Feature","geometry":{"type":"Point","coordinates":[-105.1118,37.4169]},"properties":{"s":60.0,"pub":true}},{"type":"Feature","geometry":{"type":"Point","coordinates":[-105.1118,37.4227]},"properties":{"s":60.0,"pub":true}},{"type":"Feature","geometry":{"type":"Point","coordinates":[-105.1118,37.4285]},"properties":{"s":60.0,"pub":true}},{"type":"Feature","geometry":{"type":"Point","coordinates":[-105.1118,37.4343]},"properties":{"s":60.0,"pub":true}},{"type":"Feature","geometry":{"type":"Point","coordinates":[-105.1118,37.4401]},"properties":{"s":60.0,"pub":true}},{"type":"Feature","geometry":{"type":"Point","coordinates":[-105.1118,37.4459]},"properties":{"s":60.0,"pub":true}},{"type":"Feature","geometry":{"type":"Point","coordinates":[-105.1118,37.4517]},"properties":{"s":60.0,"pub":true}},{"type":"Feature","geometry":{"type":"Point","coordinates":[-105.1118,37.4981]},"properties":{"s":33.3,"pub":false}},{"type":"Feature","geometry":{"type":"Point","coordinates":[-105.1118,37.5039]},"properties":{"s":100.0,"pub":false}},{"type":"Feature","geometry":{"type":"Point","coordinates":[-105.1118,37.5097]},"properties":{"s":100.0,"pub":false}},{"type":"Feature","geometry":{"type":"Point","coordinates":[-105.1118,37.5155]},"properties":{"s":96.7,"pub":false}},{"type":"Feature","geometry":{"type":"Point","coordinates":[-105.1118,37.5213]},"properties":{"s":96.7,"pub":false}},{"type":"Feature","geometry":{"type":"Point","coordinates":[-105.1118,37.5271]},"properties":{"s":96.7,"pub":false}},{"type":"Feature","geometry":{"type":"Point","coordinates":[-105.1118,37.5329]},"properties":{"s":96.7,"pub":true}},{"type":"Feature","geometry":{"type":"Point","coordinates":[-105.1118,37.5387]},"properties":{"s":30.0,"pub":false}},{"type":"Feature","geometry":{"type":"Point","coordinates":[-105.1118,37.5445]},"properties":{"s":30.0,"pub":false}},{"type":"Feature","geometry":{"type":"Point","coordinates":[-105.1118,37.5503]},"properties":{"s":30.0,"pub":false}},{"type":"Feature","geometry":{"type":"Point","coordinates":[-105.1118,37.5561]},"properties":{"s":30.0,"pub":false}},{"type":"Feature","geometry":{"type":"Point","coordinates":[-105.1118,37.5619]},"properties":{"s":30.0,"pub":false}},{"type":"Feature","geometry":{"type":"Point","coordinates":[-105.1118,37.5677]},"properties":{"s":30.0,"pub":false}},{"type":"Feature","geometry":{"type":"Point","coordinates":[-105.1118,37.5735]},"properties":{"s":30.0,"pub":false}},{"type":"Feature","geometry":{"type":"Point","coordinates":[-105.1118,37.5793]},"properties":{"s":30.0,"pub":false}},{"type":"Feature","geometry":{"type":"Point","coordinates":[-105.1118,37.5851]},"properties":{"s":30.0,"pub":false}},{"type":"Feature","geometry":{"type":"Point","coordinates":[-105.1118,37.5909]},"properties":{"s":30.0,"pub":true}},{"type":"Feature","geometry":{"type":"Point","coordinates":[-105.1118,37.5967]},"properties":{"s":30.0,"pub":false}},{"type":"Feature","geometry":{"type":"Point","coordinates":[-105.1118,37.6025]},"properties":{"s":30.0,"pub":true}},{"type":"Feature","geometry":{"type":"Point","coordinates":[-105.1118,37.6083]},"properties":{"s":63.3,"pub":true}},{"type":"Feature","geometry":{"type":"Point","coordinates":[-105.1118,37.6141]},"properties":{"s":63.3,"pub":true}},{"type":"Feature","geometry":{"type":"Point","coordinates":[-105.1118,37.6199]},"properties":{"s":63.3,"pub":true}},{"type":"Feature","geometry":{"type":"Point","coordinates":[-105.1118,37.6257]},"properties":{"s":63.3,"pub":false}},{"type":"Feature","geometry":{"type":"Point","coordinates":[-105.1118,37.6373]},"properties":{"s":30.0,"pub":false}},{"type":"Feature","geometry":{"type":"Point","coordinates":[-105.1118,37.6431]},"properties":{"s":30.0,"pub":false}},{"type":"Feature","geometry":{"type":"Point","coordinates":[-105.1118,37.6489]},"properties":{"s":30.0,"pub":false}},{"type":"Feature","geometry":{"type":"Point","coordinates":[-105.1118,37.6547]},"properties":{"s":30.0,"pub":false}},{"type":"Feature","geometry":{"type":"Point","coordinates":[-105.1118,37.6605]},"properties":{"s":30.0,"pub":false}},{"type":"Feature","geometry":{"type":"Point","coordinates":[-105.1118,37.6663]},"properties":{"s":30.0,"pub":false}},{"type":"Feature","geometry":{"type":"Point","coordinates":[-105.1118,37.6721]},"properties":{"s":30.0,"pub":false}},{"type":"Feature","geometry":{"type":"Point","coordinates":[-105.1118,37.6779]},"properties":{"s":30.0,"pub":false}},{"type":"Feature","geometry":{"type":"Point","coordinates":[-105.1118,37.6837]},"properties":{"s":30.0,"pub":false}},{"type":"Feature","geometry":{"type":"Point","coordinates":[-105.1118,37.6895]},"properties":{"s":30.0,"pub":false}},{"type":"Feature","geometry":{"type":"Point","coordinates":[-105.1118,37.6953]},"properties":{"s":30.0,"pub":true}},{"type":"Feature","geometry":{"type":"Point","coordinates":[-105.1118,37.7011]},"properties":{"s":30.0,"pub":true}},{"type":"Feature","geometry":{"type":"Point","coordinates":[-105.1118,37.7069]},"properties":{"s":30.0,"pub":true}},{"type":"Feature","geometry":{"type":"Point","coordinates":[-105.1118,37.7127]},"properties":{"s":30.0,"pub":false}},{"type":"Feature","geometry":{"type":"Point","coordinates":[-105.1118,37.7185]},"properties":{"s":30.0,"pub":false}},{"type":"Feature","geometry":{"type":"Point","coordinates":[-105.1118,37.7243]},"properties":{"s":30.0,"pub":false}},{"type":"Feature","geometry":{"type":"Point","coordinates":[-105.1118,37.7301]},"properties":{"s":30.0,"pub":false}},{"type":"Feature","geometry":{"type":"Point","coordinates":[-105.1118,37.7359]},"properties":{"s":30.0,"pub":false}},{"type":"Feature","geometry":{"type":"Point","coordinates":[-105.1118,37.7417]},"properties":{"s":70.0,"pub":false}},{"type":"Feature","geometry":{"type":"Point","coordinates":[-105.1118,37.7475]},"properties":{"s":70.0,"pub":false}},{"type":"Feature","geometry":{"type":"Point","coordinates":[-105.1118,37.7533]},"properties":{"s":70.0,"pub":false}},{"type":"Feature","geometry":{"type":"Point","coordinates":[-105.1118,37.7591]},"properties":{"s":70.0,"pub":false}},{"type":"Feature","geometry":{"type":"Point","coordinates":[-105.1043,37.2487]},"properties":{"s":90.0,"pub":true}},{"type":"Feature","geometry":{"type":"Point","coordinates":[-105.1043,37.2545]},"properties":{"s":86.7,"pub":true}},{"type":"Feature","geometry":{"type":"Point","coordinates":[-105.1043,37.2603]},"properties":{"s":90.0,"pub":true}},{"type":"Feature","geometry":{"type":"Point","coordinates":[-105.1043,37.2661]},"properties":{"s":90.0,"pub":true}},{"type":"Feature","geometry":{"type":"Point","coordinates":[-105.1043,37.2719]},"properties":{"s":50.0,"pub":true}},{"type":"Feature","geometry":{"type":"Point","coordinates":[-105.1043,37.2777]},"properties":{"s":50.0,"pub":true}},{"type":"Feature","geometry":{"type":"Point","coordinates":[-105.1043,37.2835]},"properties":{"s":90.0,"pub":true}},{"type":"Feature","geometry":{"type":"Point","coordinates":[-105.1043,37.2893]},"properties":{"s":90.0,"pub":true}},{"type":"Feature","geometry":{"type":"Point","coordinates":[-105.1043,37.2951]},"properties":{"s":50.0,"pub":true}},{"type":"Feature","geometry":{"type":"Point","coordinates":[-105.1043,37.3009]},"properties":{"s":46.7,"pub":true}},{"type":"Feature","geometry":{"type":"Point","coordinates":[-105.1043,37.3067]},"properties":{"s":60.0,"pub":true}},{"type":"Feature","geometry":{"type":"Point","coordinates":[-105.1043,37.3125]},"properties":{"s":60.0,"pub":true}},{"type":"Feature","geometry":{"type":"Point","coordinates":[-105.1043,37.4053]},"properties":{"s":60.0,"pub":true}},{"type":"Feature","geometry":{"type":"Point","coordinates":[-105.1043,37.4111]},"properties":{"s":60.0,"pub":true}},{"type":"Feature","geometry":{"type":"Point","coordinates":[-105.1043,37.4169]},"properties":{"s":60.0,"pub":true}},{"type":"Feature","geometry":{"type":"Point","coordinates":[-105.1043,37.4227]},"properties":{"s":60.0,"pub":true}},{"type":"Feature","geometry":{"type":"Point","coordinates":[-105.1043,37.4285]},"properties":{"s":60.0,"pub":true}},{"type":"Feature","geometry":{"type":"Point","coordinates":[-105.1043,37.4343]},"properties":{"s":60.0,"pub":true}},{"type":"Feature","geometry":{"type":"Point","coordinates":[-105.1043,37.4401]},"properties":{"s":60.0,"pub":true}},{"type":"Feature","geometry":{"type":"Point","coordinates":[-105.1043,37.4459]},"properties":{"s":60.0,"pub":true}},{"type":"Feature","geometry":{"type":"Point","coordinates":[-105.1043,37.4807]},"properties":{"s":30.0,"pub":false}},{"type":"Feature","geometry":{"type":"Point","coordinates":[-105.1043,37.4865]},"properties":{"s":30.0,"pub":false}},{"type":"Feature","geometry":{"type":"Point","coordinates":[-105.1043,37.4923]},"properties":{"s":30.0,"pub":false}},{"type":"Feature","geometry":{"type":"Point","coordinates":[-105.1043,37.4981]},"properties":{"s":30.0,"pub":false}},{"type":"Feature","geometry":{"type":"Point","coordinates":[-105.1043,37.5039]},"properties":{"s":30.0,"pub":false}},{"type":"Feature","geometry":{"type":"Point","coordinates":[-105.1043,37.5097]},"properties":{"s":96.7,"pub":false}},{"type":"Feature","geometry":{"type":"Point","coordinates":[-105.1043,37.5155]},"properties":{"s":96.7,"pub":false}},{"type":"Feature","geometry":{"type":"Point","coordinates":[-105.1043,37.5213]},"properties":{"s":96.7,"pub":false}},{"type":"Feature","geometry":{"type":"Point","coordinates":[-105.1043,37.5271]},"properties":{"s":96.7,"pub":false}},{"type":"Feature","geometry":{"type":"Point","coordinates":[-105.1043,37.5329]},"properties":{"s":30.0,"pub":false}},{"type":"Feature","geometry":{"type":"Point","coordinates":[-105.1043,37.5387]},"properties":{"s":30.0,"pub":false}},{"type":"Feature","geometry":{"type":"Point","coordinates":[-105.1043,37.5445]},"properties":{"s":30.0,"pub":false}},{"type":"Feature","geometry":{"type":"Point","coordinates":[-105.1043,37.5503]},"properties":{"s":30.0,"pub":false}},{"type":"Feature","geometry":{"type":"Point","coordinates":[-105.1043,37.5561]},"properties":{"s":30.0,"pub":false}},{"type":"Feature","geometry":{"type":"Point","coordinates":[-105.1043,37.5619]},"properties":{"s":30.0,"pub":false}},{"type":"Feature","geometry":{"type":"Point","coordinates":[-105.1043,37.5677]},"properties":{"s":30.0,"pub":false}},{"type":"Feature","geometry":{"type":"Point","coordinates":[-105.1043,37.5735]},"properties":{"s":30.0,"pub":false}},{"type":"Feature","geometry":{"type":"Point","coordinates":[-105.1043,37.5793]},"properties":{"s":30.0,"pub":false}},{"type":"Feature","geometry":{"type":"Point","coordinates":[-105.1043,37.5851]},"properties":{"s":30.0,"pub":false}},{"type":"Feature","geometry":{"type":"Point","coordinates":[-105.1043,37.5909]},"properties":{"s":30.0,"pub":false}},{"type":"Feature","geometry":{"type":"Point","coordinates":[-105.1043,37.5967]},"properties":{"s":30.0,"pub":true}},{"type":"Feature","geometry":{"type":"Point","coordinates":[-105.1043,37.6025]},"properties":{"s":30.0,"pub":false}},{"type":"Feature","geometry":{"type":"Point","coordinates":[-105.1043,37.6083]},"properties":{"s":70.0,"pub":true}},{"type":"Feature","geometry":{"type":"Point","coordinates":[-105.1043,37.6141]},"properties":{"s":63.3,"pub":true}},{"type":"Feature","geometry":{"type":"Point","coordinates":[-105.1043,37.6199]},"properties":{"s":63.3,"pub":true}},{"type":"Feature","geometry":{"type":"Point","coordinates":[-105.1043,37.6257]},"properties":{"s":63.3,"pub":true}},{"type":"Feature","geometry":{"type":"Point","coordinates":[-105.1043,37.6315]},"properties":{"s":63.3,"pub":true}}]}