{"type":"FeatureCollection","features":[{"type":"Feature","geometry":{"type":"Point","coordinates":[-105.2141,36.9985]},"properties":{"s":90.0,"pub":false}},{"type":"Feature","geometry":{"type":"Point","coordinates":[-105.2141,37.0043]},"properties":{"s":90.0,"pub":false}},{"type":"Feature","geometry":{"type":"Point","coordinates":[-105.2141,37.0101]},"properties":{"s":90.0,"pub":false}},{"type":"Feature","geometry":{"type":"Point","coordinates":[-105.2141,37.0159]},"properties":{"s":90.0,"pub":false}},{"type":"Feature","geometry":{"type":"Point","coordinates":[-105.2066,36.9985]},"properties":{"s":90.0,"pub":false}},{"type":"Feature","geometry":{"type":"Point","coordinates":[-105.2066,37.0043]},"properties":{"s":90.0,"pub":false}},{"type":"Feature","geometry":{"type":"Point","coordinates":[-105.2066,37.0101]},"properties":{"s":90.0,"pub":false}},{"type":"Feature","geometry":{"type":"Point","coordinates":[-105.2066,37.0159]},"properties":{"s":90.0,"pub":false}},{"type":"Feature","geometry":{"type":"Point","coordinates":[-105.1991,36.9985]},"properties":{"s":90.0,"pub":false}},{"type":"Feature","geometry":{"type":"Point","coordinates":[-105.1991,37.0043]},"properties":{"s":90.0,"pub":false}},{"type":"Feature","geometry":{"type":"Point","coordinates":[-105.1991,37.0101]},"properties":{"s":90.0,"pub":false}},{"type":"Feature","geometry":{"type":"Point","coordinates":[-105.1991,37.0159]},"properties":{"s":90.0,"pub":false}},{"type":"Feature","geometry":{"type":"Point","coordinates":[-105.1991,37.0217]},"properties":{"s":90.0,"pub":false}},{"type":"Feature","geometry":{"type":"Point","coordinates":[-105.1916,36.9985]},"properties":{"s":90.0,"pub":false}},{"type":"Feature","geometry":{"type":"Point","coordinates":[-105.1916,37.0043]},"properties":{"s":90.0,"pub":false}},{"type":"Feature","geometry":{"type":"Point","coordinates":[-105.1916,37.0101]},"properties":{"s":90.0,"pub":false}},{"type":"Feature","geometry":{"type":"Point","coordinates":[-105.1916,37.0159]},"properties":{"s":90.0,"pub":false}},{"type":"Feature","geometry":{"type":"Point","coordinates":[-105.1916,37.0217]},"properties":{"s":90.0,"pub":false}},{"type":"Feature","geometry":{"type":"Point","coordinates":[-105.1841,36.9985]},"properties":{"s":90.0,"pub":false}},{"type":"Feature","geometry":{"type":"Point","coordinates":[-105.1841,37.0043]},"properties":{"s":90.0,"pub":false}},{"type":"Feature","geometry":{"type":"Point","coordinates":[-105.1841,37.0101]},"properties":{"s":90.0,"pub":false}},{"type":"Feature","geometry":{"type":"Point","coordinates":[-105.1841,37.0159]},"properties":{"s":90.0,"pub":false}},{"type":"Feature","geometry":{"type":"Point","coordinates":[-105.1841,37.0217]},"properties":{"s":90.0,"pub":false}},{"type":"Feature","geometry":{"type":"Point","coordinates":[-105.1766,36.9985]},"properties":{"s":90.0,"pub":false}},{"type":"Feature","geometry":{"type":"Point","coordinates":[-105.1766,37.0043]},"properties":{"s":90.0,"pub":false}},{"type":"Feature","geometry":{"type":"Point","coordinates":[-105.1766,37.0101]},"properties":{"s":90.0,"pub":false}},{"type":"Feature","geometry":{"type":"Point","coordinates":[-105.1766,37.0159]},"properties":{"s":90.0,"pub":false}},{"type":"Feature","geometry":{"type":"Point","coordinates":[-105.1766,37.0217]},"properties":{"s":90.0,"pub":false}},{"type":"Feature","geometry":{"type":"Point","coordinates":[-105.1766,37.0275]},"properties":{"s":90.0,"pub":false}},{"type":"Feature","geometry":{"type":"Point","coordinates":[-105.1691,37.0043]},"properties":{"s":90.0,"pub":false}},{"type":"Feature","geometry":{"type":"Point","coordinates":[-105.1691,37.0101]},"properties":{"s":90.0,"pub":false}},{"type":"Feature","geometry":{"type":"Point","coordinates":[-105.1691,37.0159]},"properties":{"s":90.0,"pub":false}},{"type":"Feature","geometry":{"type":"Point","coordinates":[-105.1691,37.0217]},"properties":{"s":90.0,"pub":false}},{"type":"Feature","geometry":{"type":"Point","coordinates":[-105.1691,37.0275]},"properties":{"s":90.0,"pub":false}},{"type":"Feature","geometry":{"type":"Point","coordinates":[-105.1691,37.0333]},"properties":{"s":90.0,"pub":false}},{"type":"Feature","geometry":{"type":"Point","coordinates":[-105.1691,37.0391]},"properties":{"s":90.0,"pub":false}},{"type":"Feature","geometry":{"type":"Point","coordinates":[-105.1616,37.0043]},"properties":{"s":90.0,"pub":false}},{"type":"Feature","geometry":{"type":"Point","coordinates":[-105.1616,37.0101]},"properties":{"s":90.0,"pub":false}},{"type":"Feature","geometry":{"type":"Point","coordinates":[-105.1616,37.0159]},"properties":{"s":90.0,"pub":false}},{"type":"Feature","geometry":{"type":"Point","coordinates":[-105.1616,37.0217]},"properties":{"s":90.0,"pub":false}},{"type":"Feature","geometry":{"type":"Point","coordinates":[-105.1616,37.0275]},"properties":{"s":90.0,"pub":false}},{"type":"Feature","geometry":{"type":"Point","coordinates":[-105.1616,37.0333]},"properties":{"s":90.0,"pub":false}},{"type":"Feature","geometry":{"type":"Point","coordinates":[-105.1616,37.0391]},"properties":{"s":90.0,"pub":false}},{"type":"Feature","geometry":{"type":"Point","coordinates":[-105.1616,37.0449]},"properties":{"s":90.0,"pub":false}},{"type":"Feature","geometry":{"type":"Point","coordinates":[-105.1541,37.0043]},"properties":{"s":90.0,"pub":false}},{"type":"Feature","geometry":{"type":"Point","coordinates":[-105.1541,37.0101]},"properties":{"s":90.0,"pub":false}},{"type":"Feature","geometry":{"type":"Point","coordinates":[-105.1541,37.0159]},"properties":{"s":90.0,"pub":false}},{"type":"Feature","geometry":{"type":"Point","coordinates":[-105.1541,37.0217]},"properties":{"s":90.0,"pub":false}},{"type":"Feature","geometry":{"type":"Point","coordinates":[-105.1541,37.0275]},"properties":{"s":90.0,"pub":false}},{"type":"Feature","geometry":{"type":"Point","coordinates":[-105.1541,37.0333]},"properties":{"s":90.0,"pub":false}},{"type":"Feature","geometry":{"type":"Point","coordinates":[-105.1541,37.0391]},"properties":{"s":90.0,"pub":false}},{"type":"Feature","geometry":{"type":"Point","coordinates":[-105.1541,37.0449]},"properties":{"s":90.0,"pub":false}},{"type":"Feature","geometry":{"type":"Point","coordinates":[-105.1541,37.0507]},"properties":{"s":90.0,"pub":false}},{"type":"Feature","geometry":{"type":"Point","coordinates":[-105.1541,37.0739]},"properties":{"s":90.0,"pub":false}},{"type":"Feature","geometry":{"type":"Point","coordinates":[-105.1541,37.0797]},"properties":{"s":90.0,"pub":false}},{"type":"Feature","geometry":{"type":"Point","coordinates":[-105.1541,37.0855]},"properties":{"s":90.0,"pub":false}},{"type":"Feature","geometry":{"type":"Point","coordinates":[-105.1466,37.0043]},"properties":{"s":90.0,"pub":false}},{"type":"Feature","geometry":{"type":"Point","coordinates":[-105.1466,37.0101]},"properties":{"s":90.0,"pub":false}},{"type":"Feature","geometry":{"type":"Point","coordinates":[-105.1466,37.0159]},"properties":{"s":90.0,"pub":false}},{"type":"Feature","geometry":{"type":"Point","coordinates":[-105.1466,37.0217]},"properties":{"s":90.0,"pub":false}},{"type":"Feature","geometry":{"type":"Point","coordinates":[-105.1466,37.0275]},"properties":{"s":90.0,"pub":false}},{"type":"Feature","geometry":{"type":"Point","coordinates":[-105.1466,37.0333]},"properties":{"s":90.0,"pub":false}},{"type":"Feature","geometry":{"type":"Point","coordinates":[-105.1466,37.0391]},"properties":{"s":90.0,"pub":false}},{"type":"Feature","geometry":{"type":"Point","coordinates":[-105.1466,37.0449]},"properties":{"s":90.0,"pub":false}},{"type":"Feature","geometry":{"type":"Point","coordinates":[-105.1466,37.0507]},"properties":{"s":90.0,"pub":false}},{"type":"Feature","geometry":{"type":"Point","coordinates":[-105.1466,37.0565]},"properties":{"s":90.0,"pub":false}},{"type":"Feature","geometry":{"type":"Point","coordinates":[-105.1466,37.0623]},"properties":{"s":90.0,"pub":false}},{"type":"Feature","geometry":{"type":"Point","coordinates":[-105.1466,37.0681]},"properties":{"s":90.0,"pub":false}},{"type":"Feature","geometry":{"type":"Point","coordinates":[-105.1466,37.0739]},"properties":{"s":90.0,"pub":false}},{"type":"Feature","geometry":{"type":"Point","coordinates":[-105.1466,37.0797]},"properties":{"s":90.0,"pub":false}},{"type":"Feature","geometry":{"type":"Point","coordinates":[-105.1466,37.0855]},"properties":{"s":90.0,"pub":false}},{"type":"Feature","geometry":{"type":"Point","coordinates":[-105.1391,37.0043]},"properties":{"s":96.7,"pub":false}},{"type":"Feature","geometry":{"type":"Point","coordinates":[-105.1391,37.0101]},"properties":{"s":96.7,"pub":false}},{"type":"Feature","geometry":{"type":"Point","coordinates":[-105.1391,37.0159]},"properties":{"s":90.0,"pub":false}},{"type":"Feature","geometry":{"type":"Point","coordinates":[-105.1391,37.0217]},"properties":{"s":90.0,"pub":false}},{"type":"Feature","geometry":{"type":"Point","coordinates":[-105.1391,37.0275]},"properties":{"s":90.0,"pub":false}},{"type":"Feature","geometry":{"type":"Point","coordinates":[-105.1391,37.0333]},"properties":{"s":90.0,"pub":false}},{"type":"Feature","geometry":{"type":"Point","coordinates":[-105.1391,37.0391]},"properties":{"s":90.0,"pub":false}},{"type":"Feature","geometry":{"type":"Point","coordinates":[-105.1391,37.0449]},"properties":{"s":90.0,"pub":false}},{"type":"Feature","geometry":{"type":"Point","coordinates":[-105.1391,37.0507]},"properties":{"s":90.0,"pub":false}},{"type":"Feature","geometry":{"type":"Point","coordinates":[-105.1391,37.0565]},"properties":{"s":90.0,"pub":false}},{"type":"Feature","geometry":{"type":"Point","coordinates":[-105.1391,37.0623]},"properties":{"s":90.0,"pub":false}},{"type":"Feature","geometry":{"type":"Point","coordinates":[-105.1391,37.0681]},"properties":{"s":90.0,"pub":false}},{"type":"Feature","geometry":{"type":"Point","coordinates":[-105.1391,37.0739]},"properties":{"s":90.0,"pub":false}},{"type":"Feature","geometry":{"type":"Point","coordinates":[-105.1391,37.0797]},"properties":{"s":90.0,"pub":false}},{"type":"Feature","geometry":{"type":"Point","coordinates":[-105.1391,37.0855]},"properties":{"s":90.0,"pub":false}},{"type":"Feature","geometry":{"type":"Point","coordinates":[-105.1391,37.0913]},"properties":{"s":90.0,"pub":false}},{"type":"Feature","geometry":{"type":"Point","coordinates":[-105.1391,37.1087]},"properties":{"s":90.0,"pub":false}},{"type":"Feature","geometry":{"type":"Point","coordinates":[-105.1316,37.0043]},"properties":{"s":96.7,"pub":false}},{"type":"Feature","geometry":{"type":"Point","coordinates":[-105.1316,37.0101]},"properties":{"s":96.7,"pub":false}},{"type":"Feature","geometry":{"type":"Point","coordinates":[-105.1316,37.0159]},"properties":{"s":96.7,"pub":false}},{"type":"Feature","geometry":{"type":"Point","coordinates":[-105.1316,37.0217]},"properties":{"s":96.7,"pub":false}},{"type":"Feature","geometry":{"type":"Point","coordinates":[-105.1316,37.0275]},"properties":{"s":90.0,"pub":false}},{"type":"Feature","geometry":{"type":"Point","coordinates":[-105.1316,37.0333]},"properties":{"s":90.0,"pub":false}},{"type":"Feature","geometry":{"type":"Point","coordinates":[-105.1316,37.0391]},"properties":{"s":90.0,"pub":false}},{"type":"Feature","geometry":{"type":"Point","coordinates":[-105.1316,37.0449]},"properties":{"s":90.0,"pub":false}},{"type":"Feature","geometry":{"type":"Point","coordinates":[-105.1316,37.0507]},"properties":{"s":90.0,"pub":false}},{"type":"Feature","geometry":{"type":"Point","coordinates":[-105.1316,37.0565]},"properties":{"s":90.0,"pub":false}},{"type":"Feature","geometry":{"type":"Point","coordinates":[-105.1316,37.0623]},"properties":{"s":90.0,"pub":false}},{"type":"Feature","geometry":{"type":"Point","coordinates":[-105.1316,37.0681]},"properties":{"s":90.0,"pub":false}},{"type":"Feature","geometry":{"type":"Point","coordinates":[-105.1316,37.0739]},"properties":{"s":90.0,"pub":false}},{"type":"Feature","geometry":{"type":"Point","coordinates":[-105.1316,37.0797]},"properties":{"s":90.0,"pub":false}},{"type":"Feature","geometry":{"type":"Point","coordinates":[-105.1316,37.0855]},"properties":{"s":90.0,"pub":false}},{"type":"Feature","geometry":{"type":"Point","coordinates":[-105.1316,37.0913]},"properties":{"s":90.0,"pub":false}},{"type":"Feature","geometry":{"type":"Point","coordinates":[-105.1316,37.0971]},"properties":{"s":90.0,"pub":false}},{"type":"Feature","geometry":{"type":"Point","coordinates":[-105.1316,37.1029]},"properties":{"s":90.0,"pub":false}},{"type":"Feature","geometry":{"type":"Point","coordinates":[-105.1316,37.1087]},"properties":{"s":90.0,"pub":false}},{"type":"Feature","geometry":{"type":"Point","coordinates":[-105.1316,37.1145]},"properties":{"s":90.0,"pub":false}},{"type":"Feature","geometry":{"type":"Point","coordinates":[-105.1241,37.0043]},"properties":{"s":96.7,"pub":false}},{"type":"Feature","geometry":{"type":"Point","coordinates":[-105.1241,37.0101]},"properties":{"s":96.7,"pub":false}},{"type":"Feature","geometry":{"type":"Point","coordinates":[-105.1241,37.0159]},"properties":{"s":96.7,"pub":false}},{"type":"Feature","geometry":{"type":"Point","coordinates":[-105.1241,37.0217]},"properties":{"s":96.7,"pub":false}},{"type":"Feature","geometry":{"type":"Point","coordinates":[-105.1241,37.0275]},"properties":{"s":96.7,"pub":false}},{"type":"Feature","geometry":{"type":"Point","coordinates":[-105.1241,37.0333]},"properties":{"s":96.7,"pub":false}},{"type":"Feature","geometry":{"type":"Point","coordinates":[-105.1241,37.0391]},"properties":{"s":90.0,"pub":false}},{"type":"Feature","geometry":{"type":"Point","coordinates":[-105.1241,37.0449]},"properties":{"s":90.0,"pub":false}},{"type":"Feature","geometry":{"type":"Point","coordinates":[-105.1241,37.0507]},"properties":{"s":90.0,"pub":false}},{"type":"Feature","geometry":{"type":"Point","coordinates":[-105.1241,37.0565]},"properties":{"s":90.0,"pub":false}},{"type":"Feature","geometry":{"type":"Point","coordinates":[-105.1241,37.0623]},"properties":{"s":90.0,"pub":false}},{"type":"Feature","geometry":{"type":"Point","coordinates":[-105.1241,37.0681]},"properties":{"s":90.0,"pub":false}},{"type":"Feature","geometry":{"type":"Point","coordinates":[-105.1241,37.0739]},"properties":{"s":90.0,"pub":false}},{"type":"Feature","geometry":{"type":"Point","coordinates":[-105.1241,37.0797]},"properties":{"s":90.0,"pub":false}},{"type":"Feature","geometry":{"type":"Point","coordinates":[-105.1241,37.0855]},"properties":{"s":90.0,"pub":false}},{"type":"Feature","geometry":{"type":"Point","coordinates":[-105.1241,37.0913]},"properties":{"s":90.0,"pub":false}},{"type":"Feature","geometry":{"type":"Point","coordinates":[-105.1241,37.0971]},"properties":{"s":90.0,"pub":false}},{"type":"Feature","geometry":{"type":"Point","coordinates":[-105.1241,37.1029]},"properties":{"s":90.0,"pub":false}},{"type":"Feature","geometry":{"type":"Point","coordinates":[-105.1241,37.1087]},"properties":{"s":90.0,"pub":false}},{"type":"Feature","geometry":{"type":"Point","coordinates":[-105.1241,37.1145]},"properties":{"s":90.0,"pub":false}},{"type":"Feature","geometry":{"type":"Point","coordinates":[-105.1241,37.1667]},"properties":{"s":90.0,"pub":false}},{"type":"Feature","geometry":{"type":"Point","coordinates":[-105.1241,37.1725]},"properties":{"s":90.0,"pub":false}},{"type":"Feature","geometry":{"type":"Point","coordinates":[-105.1166,37.0043]},"properties":{"s":96.7,"pub":false}},{"type":"Feature","geometry":{"type":"Point","coordinates":[-105.1166,37.0101]},"properties":{"s":96.7,"pub":false}},{"type":"Feature","geometry":{"type":"Point","coordinates":[-105.1166,37.0159]},"properties":{"s":96.7,"pub":false}},{"type":"Feature","geometry":{"type":"Point","coordinates":[-105.1166,37.0217]},"properties":{"s":96.7,"pub":false}},{"type":"Feature","geometry":{"type":"Point","coordinates":[-105.1166,37.0275]},"properties":{"s":96.7,"pub":false}},{"type":"Feature","geometry":{"type":"Point","coordinates":[-105.1166,37.0333]},"properties":{"s":96.7,"pub":false}},{"type":"Feature","geometry":{"type":"Point","coordinates":[-105.1166,37.0391]},"properties":{"s":96.7,"pub":false}},{"type":"Feature","geometry":{"type":"Point","coordinates":[-105.1166,37.0449]},"properties":{"s":96.7,"pub":false}},{"type":"Feature","geometry":{"type":"Point","coordinates":[-105.1166,37.0507]},"properties":{"s":96.7,"pub":false}},{"type":"Feature","geometry":{"type":"Point","coordinates":[-105.1166,37.0565]},"properties":{"s":90.0,"pub":false}},{"type":"Feature","geometry":{"type":"Point","coordinates":[-105.1166,37.0623]},"properties":{"s":90.0,"pub":false}},{"type":"Feature","geometry":{"type":"Point","coordinates":[-105.1166,37.0681]},"properties":{"s":90.0,"pub":false}},{"type":"Feature","geometry":{"type":"Point","coordinates":[-105.1166,37.0739]},"properties":{"s":90.0,"pub":false}},{"type":"Feature","geometry":{"type":"Point","coordinates":[-105.1166,37.0797]},"properties":{"s":90.0,"pub":false}},{"type":"Feature","geometry":{"type":"Point","coordinates":[-105.1166,37.0855]},"properties":{"s":90.0,"pub":false}},{"type":"Feature","geometry":{"type":"Point","coordinates":[-105.1166,37.0913]},"properties":{"s":90.0,"pub":false}},{"type":"Feature","geometry":{"type":"Point","coordinates":[-105.1166,37.0971]},"properties":{"s":90.0,"pub":false}},{"type":"Feature","geometry":{"type":"Point","coordinates":[-105.1166,37.1029]},"properties":{"s":90.0,"pub":false}},{"type":"Feature","geometry":{"type":"Point","coordinates":[-105.1166,37.1087]},"properties":{"s":90.0,"pub":false}},{"type":"Feature","geometry":{"type":"Point","coordinates":[-105.1166,37.1145]},"properties":{"s":90.0,"pub":false}},{"type":"Feature","geometry":{"type":"Point","coordinates":[-105.1166,37.1493]},"properties":{"s":90.0,"pub":false}},{"type":"Feature","geometry":{"type":"Point","coordinates":[-105.1166,37.1551]},"properties":{"s":90.0,"pub":false}},{"type":"Feature","geometry":{"type":"Point","coordinates":[-105.1166,37.1609]},"properties":{"s":90.0,"pub":false}},{"type":"Feature","geometry":{"type":"Point","coordinates":[-105.1166,37.1667]},"properties":{"s":90.0,"pub":false}},{"type":"Feature","geometry":{"type":"Point","coordinates":[-105.1166,37.1725]},"properties":{"s":90.0,"pub":false}},{"type":"Feature","geometry":{"type":"Point","coordinates":[-105.1166,37.1783]},"properties":{"s":90.0,"pub":false}},{"type":"Feature","geometry":{"type":"Point","coordinates":[-105.1166,37.2247]},"properties":{"s":90.0,"pub":false}},{"type":"Feature","geometry":{"type":"Point","coordinates":[-105.1166,37.2305]},"properties":{"s":90.0,"pub":false}},{"type":"Feature","geometry":{"type":"Point","coordinates":[-105.1166,37.2363]},"properties":{"s":90.0,"pub":false}},{"type":"Feature","geometry":{"type":"Point","coordinates":[-105.1091,36.9985]},"properties":{"s":96.7,"pub":false}},{"type":"Feature","geometry":{"type":"Point","coordinates":[-105.1091,37.0043]},"properties":{"s":96.7,"pub":false}},{"type":"Feature","geometry":{"type":"Point","coordinates":[-105.1091,37.0101]},"properties":{"s":96.7,"pub":false}},{"type":"Feature","geometry":{"type":"Point","coordinates":[-105.1091,37.0159]},"properties":{"s":96.7,"pub":false}},{"type":"Feature","geometry":{"type":"Point","coordinates":[-105.1091,37.0217]},"properties":{"s":96.7,"pub":false}},{"type":"Feature","geometry":{"type":"Point","coordinates":[-105.1091,37.0275]},"properties":{"s":96.7,"pub":false}},{"type":"Feature","geometry":{"type":"Point","coordinates":[-105.1091,37.0333]},"properties":{"s":96.7,"pub":false}},{"type":"Feature","geometry":{"type":"Point","coordinates":[-105.1091,37.0391]},"properties":{"s":96.7,"pub":false}},{"type":"Feature","geometry":{"type":"Point","coordinates":[-105.1091,37.0449]},"properties":{"s":96.7,"pub":false}},{"type":"Feature","geometry":{"type":"Point","coordinates":[-105.1091,37.0507]},"properties":{"s":96.7,"pub":false}},{"type":"Feature","geometry":{"type":"Point","coordinates":[-105.1091,37.0565]},"properties":{"s":96.7,"pub":false}},{"type":"Feature","geometry":{"type":"Point","coordinates":[-105.1091,37.0623]},"properties":{"s":96.7,"pub":false}},{"type":"Feature","geometry":{"type":"Point","coordinates":[-105.1091,37.0681]},"properties":{"s":96.7,"pub":false}},{"type":"Feature","geometry":{"type":"Point","coordinates":[-105.1091,37.0739]},"properties":{"s":96.7,"pub":false}},{"type":"Feature","geometry":{"type":"Point","coordinates":[-105.1091,37.0797]},"properties":{"s":96.7,"pub":false}},{"type":"Feature","geometry":{"type":"Point","coordinates":[-105.1091,37.0855]},"properties":{"s":96.7,"pub":false}},{"type":"Feature","geometry":{"type":"Point","coordinates":[-105.1091,37.0913]},"properties":{"s":96.7,"pub":false}},{"type":"Feature","geometry":{"type":"Point","coordinates":[-105.1091,37.0971]},"properties":{"s":96.7,"pub":false}},{"type":"Feature","geometry":{"type":"Point","coordinates":[-105.1091,37.1029]},"properties":{"s":96.7,"pub":false}},{"type":"Feature","geometry":{"type":"Point","coordinates":[-105.1091,37.1087]},"properties":{"s":90.0,"pub":false}},{"type":"Feature","geometry":{"type":"Point","coordinates":[-105.1091,37.1145]},"properties":{"s":90.0,"pub":false}},{"type":"Feature","geometry":{"type":"Point","coordinates":[-105.1091,37.1203]},"properties":{"s":90.0,"pub":false}},{"type":"Feature","geometry":{"type":"Point","coordinates":[-105.1091,37.1261]},"properties":{"s":90.0,"pub":false}},{"type":"Feature","geometry":{"type":"Point","coordinates":[-105.1091,37.1319]},"properties":{"s":90.0,"pub":false}},{"type":"Feature","geometry":{"type":"Point","coordinates":[-105.1091,37.1377]},"properties":{"s":90.0,"pub":false}},{"type":"Feature","geometry":{"type":"Point","coordinates":[-105.1091,37.1435]},"properties":{"s":90.0,"pub":false}},{"type":"Feature","geometry":{"type":"Point","coordinates":[-105.1091,37.1493]},"properties":{"s":90.0,"pub":false}},{"type":"Feature","geometry":{"type":"Point","coordinates":[-105.1091,37.1551]},"properties":{"s":90.0,"pub":false}},{"type":"Feature","geometry":{"type":"Point","coordinates":[-105.1091,37.1609]},"properties":{"s":90.0,"pub":false}},{"type":"Feature","geometry":{"type":"Point","coordinates":[-105.1091,37.1667]},"properties":{"s":90.0,"pub":false}},{"type":"Feature","geometry":{"type":"Point","coordinates":[-105.1091,37.1725]},"properties":{"s":90.0,"pub":false}},{"type":"Feature","geometry":{"type":"Point","coordinates":[-105.1091,37.1783]},"properties":{"s":90.0,"pub":false}},{"type":"Feature","geometry":{"type":"Point","coordinates":[-105.1091,37.2131]},"properties":{"s":90.0,"pub":false}},{"type":"Feature","geometry":{"type":"Point","coordinates":[-105.1091,37.2189]},"properties":{"s":90.0,"pub":false}},{"type":"Feature","geometry":{"type":"Point","coordinates":[-105.1091,37.2247]},"properties":{"s":90.0,"pub":false}},{"type":"Feature","geometry":{"type":"Point","coordinates":[-105.1091,37.2305]},"properties":{"s":90.0,"pub":false}},{"type":"Feature","geometry":{"type":"Point","coordinates":[-105.1091,37.2363]},"properties":{"s":90.0,"pub":true}},{"type":"Feature","geometry":{"type":"Point","coordinates":[-105.1091,37.2421]},"properties":{"s":90.0,"pub":true}},{"type":"Feature","geometry":{"type":"Point","coordinates":[-105.1016,36.9985]},"properties":{"s":90.0,"pub":false}},{"type":"Feature","geometry":{"type":"Point","coordinates":[-105.1016,37.0043]},"properties":{"s":90.0,"pub":false}},{"type":"Feature","geometry":{"type":"Point","coordinates":[-105.1016,37.0101]},"properties":{"s":96.7,"pub":false}},{"type":"Feature","geometry":{"type":"Point","coordinates":[-105.1016,37.0159]},"properties":{"s":96.7,"pub":false}},{"type":"Feature","geometry":{"type":"Point","coordinates":[-105.1016,37.0217]},"properties":{"s":96.7,"pub":false}},{"type":"Feature","geometry":{"type":"Point","coordinates":[-105.1016,37.0275]},"properties":{"s":96.7,"pub":false}},{"type":"Feature","geometry":{"type":"Point","coordinates":[-105.1016,37.0333]},"properties":{"s":96.7,"pub":false}},{"type":"Feature","geometry":{"type":"Point","coordinates":[-105.1016,37.0391]},"properties":{"s":96.7,"pub":false}},{"type":"Feature","geometry":{"type":"Point","coordinates":[-105.1016,37.0449]},"properties":{"s":96.7,"pub":false}},{"type":"Feature","geometry":{"type":"Point","coordinates":[-105.1016,37.0507]},"properties":{"s":96.7,"pub":false}},{"type":"Feature","geometry":{"type":"Point","coordinates":[-105.1016,37.0565]},"properties":{"s":96.7,"pub":false}},{"type":"Feature","geometry":{"type":"Point","coordinates":[-105.1016,37.0623]},"properties":{"s":96.7,"pub":false}},{"type":"Feature","geometry":{"type":"Point","coordinates":[-105.1016,37.0681]},"properties":{"s":96.7,"pub":false}},{"type":"Feature","geometry":{"type":"Point","coordinates":[-105.1016,37.0739]},"properties":{"s":96.7,"pub":false}},{"type":"Feature","geometry":{"type":"Point","coordinates":[-105.1016,37.0797]},"properties":{"s":96.7,"pub":false}},{"type":"Feature","geometry":{"type":"Point","coordinates":[-105.1016,37.0855]},"properties":{"s":96.7,"pub":false}},{"type":"Feature","geometry":{"type":"Point","coordinates":[-105.1016,37.0913]},"properties":{"s":96.7,"pub":false}},{"type":"Feature","geometry":{"type":"Point","coordinates":[-105.1016,37.0971]},"properties":{"s":96.7,"pub":false}},{"type":"Feature","geometry":{"type":"Point","coordinates":[-105.1016,37.1029]},"properties":{"s":96.7,"pub":false}},{"type":"Feature","geometry":{"type":"Point","coordinates":[-105.1016,37.1087]},"properties":{"s":90.0,"pub":false}},{"type":"Feature","geometry":{"type":"Point","coordinates":[-105.1016,37.1145]},"properties":{"s":90.0,"pub":false}},{"type":"Feature","geometry":{"type":"Point","coordinates":[-105.1016,37.1203]},"properties":{"s":90.0,"pub":false}},{"type":"Feature","geometry":{"type":"Point","coordinates":[-105.1016,37.1261]},"properties":{"s":90.0,"pub":false}},{"type":"Feature","geometry":{"type":"Point","coordinates":[-105.1016,37.1319]},"properties":{"s":90.0,"pub":false}},{"type":"Feature","geometry":{"type":"Point","coordinates":[-105.1016,37.1377]},"properties":{"s":90.0,"pub":false}},{"type":"Feature","geometry":{"type":"Point","coordinates":[-105.1016,37.1435]},"properties":{"s":90.0,"pub":false}},{"type":"Feature","geometry":{"type":"Point","coordinates":[-105.1016,37.1493]},"properties":{"s":90.0,"pub":false}},{"type":"Feature","geometry":{"type":"Point","coordinates":[-105.1016,37.1551]},"properties":{"s":90.0,"pub":false}},{"type":"Feature","geometry":{"type":"Point","coordinates":[-105.1016,37.1609]},"properties":{"s":90.0,"pub":false}},{"type":"Feature","geometry":{"type":"Point","coordinates":[-105.1016,37.1667]},"properties":{"s":90.0,"pub":false}},{"type":"Feature","geometry":{"type":"Point","coordinates":[-105.1016,37.1783]},"properties":{"s":90.0,"pub":false}},{"type":"Feature","geometry":{"type":"Point","coordinates":[-105.1016,37.2131]},"properties":{"s":90.0,"pub":false}},{"type":"Feature","geometry":{"type":"Point","coordinates":[-105.1016,37.2189]},"properties":{"s":90.0,"pub":false}},{"type":"Feature","geometry":{"type":"Point","coordinates":[-105.1016,37.2247]},"properties":{"s":90.0,"pub":false}},{"type":"Feature","geometry":{"type":"Point","coordinates":[-105.1016,37.2305]},"properties":{"s":90.0,"pub":false}},{"type":"Feature","geometry":{"type":"Point","coordinates":[-105.1016,37.2363]},"properties":{"s":90.0,"pub":true}},{"type":"Feature","geometry":{"type":"Point","coordinates":[-105.1016,37.2421]},"properties":{"s":90.0,"pub":true}},{"type":"Feature","geometry":{"type":"Point","coordinates":[-105.0941,36.9985]},"properties":{"s":90.0,"pub":false}},{"type":"Feature","geometry":{"type":"Point","coordinates":[-105.0941,37.0043]},"properties":{"s":90.0,"pub":false}},{"type":"Feature","geometry":{"type":"Point","coordinates":[-105.0941,37.0101]},"properties":{"s":90.0,"pub":false}},{"type":"Feature","geometry":{"type":"Point","coordinates":[-105.0941,37.0159]},"properties":{"s":90.0,"pub":false}},{"type":"Feature","geometry":{"type":"Point","coordinates":[-105.0941,37.0217]},"properties":{"s":90.0,"pub":false}},{"type":"Feature","geometry":{"type":"Point","coordinates":[-105.0941,37.0275]},"properties":{"s":90.0,"pub":false}},{"type":"Feature","geometry":{"type":"Point","coordinates":[-105.0941,37.0333]},"properties":{"s":90.0,"pub":false}},{"type":"Feature","geometry":{"type":"Point","coordinates":[-105.0941,37.0391]},"properties":{"s":96.7,"pub":false}},{"type":"Feature","geometry":{"type":"Point","coordinates":[-105.0941,37.0449]},"properties":{"s":96.7,"pub":false}},{"type":"Feature","geometry":{"type":"Point","coordinates":[-105.0941,37.0507]},"properties":{"s":96.7,"pub":false}},{"type":"Feature","geometry":{"type":"Point","coordinates":[-105.0941,37.0565]},"properties":{"s":96.7,"pub":false}},{"type":"Feature","geometry":{"type":"Point","coordinates":[-105.0941,37.0623]},"properties":{"s":96.7,"pub":false}},{"type":"Feature","geometry":{"type":"Point","coordinates":[-105.0941,37.0681]},"properties":{"s":96.7,"pub":false}},{"type":"Feature","geometry":{"type":"Point","coordinates":[-105.0941,37.0739]},"properties":{"s":96.7,"pub":false}},{"type":"Feature","geometry":{"type":"Point","coordinates":[-105.0941,37.0797]},"properties":{"s":96.7,"pub":false}},{"type":"Feature","geometry":{"type":"Point","coordinates":[-105.0941,37.0855]},"properties":{"s":96.7,"pub":false}},{"type":"Feature","geometry":{"type":"Point","coordinates":[-105.0941,37.0913]},"properties":{"s":96.7,"pub":false}},{"type":"Feature","geometry":{"type":"Point","coordinates":[-105.0941,37.0971]},"properties":{"s":96.7,"pub":false}},{"type":"Feature","geometry":{"type":"Point","coordinates":[-105.0941,37.1029]},"properties":{"s":96.7,"pub":false}},{"type":"Feature","geometry":{"type":"Point","coordinates":[-105.0941,37.1087]},"properties":{"s":90.0,"pub":false}},{"type":"Feature","geometry":{"type":"Point","coordinates":[-105.0941,37.1145]},"properties":{"s":90.0,"pub":false}},{"type":"Feature","geometry":{"type":"Point","coordinates":[-105.0941,37.1203]},"properties":{"s":90.0,"pub":false}},{"type":"Feature","geometry":{"type":"Point","coordinates":[-105.0941,37.1261]},"properties":{"s":90.0,"pub":false}},{"type":"Feature","geometry":{"type":"Point","coordinates":[-105.0941,37.1319]},"properties":{"s":90.0,"pub":false}},{"type":"Feature","geometry":{"type":"Point","coordinates":[-105.0941,37.1377]},"properties":{"s":90.0,"pub":false}},{"type":"Feature","geometry":{"type":"Point","coordinates":[-105.0941,37.1435]},"properties":{"s":90.0,"pub":false}},{"type":"Feature","geometry":{"type":"Point","coordinates":[-105.0941,37.1493]},"properties":{"s":90.0,"pub":false}},{"type":"Feature","geometry":{"type":"Point","coordinates":[-105.0941,37.1551]},"properties":{"s":90.0,"pub":false}},{"type":"Feature","geometry":{"type":"Point","coordinates":[-105.0941,37.1609]},"properties":{"s":90.0,"pub":false}},{"type":"Feature","geometry":{"type":"Point","coordinates":[-105.0941,37.1667]},"properties":{"s":90.0,"pub":false}},{"type":"Feature","geometry":{"type":"Point","coordinates":[-105.0941,37.2131]},"properties":{"s":90.0,"pub":false}},{"type":"Feature","geometry":{"type":"Point","coordinates":[-105.0941,37.2189]},"properties":{"s":90.0,"pub":false}},{"type":"Feature","geometry":{"type":"Point","coordinates":[-105.0941,37.2247]},"properties":{"s":90.0,"pub":false}},{"type":"Feature","geometry":{"type":"Point","coordinates":[-105.0941,37.2305]},"properties":{"s":90.0,"pub":true}},{"type":"Feature","geometry":{"type":"Point","coordinates":[-105.0941,37.2363]},"properties":{"s":90.0,"pub":true}},{"type":"Feature","geometry":{"type":"Point","coordinates":[-105.0941,37.2421]},"properties":{"s":90.0,"pub":true}},{"type":"Feature","geometry":{"type":"Point","coordinates":[-105.0866,36.9985]},"properties":{"s":90.0,"pub":false}},{"type":"Feature","geometry":{"type":"Point","coordinates":[-105.0866,37.0043]},"properties":{"s":90.0,"pub":false}},{"type":"Feature","geometry":{"type":"Point","coordinates":[-105.0866,37.0101]},"properties":{"s":90.0,"pub":false}},{"type":"Feature","geometry":{"type":"Point","coordinates":[-105.0866,37.0159]},"properties":{"s":90.0,"pub":false}},{"type":"Feature","geometry":{"type":"Point","coordinates":[-105.0866,37.0217]},"properties":{"s":90.0,"pub":false}},{"type":"Feature","geometry":{"type":"Point","coordinates":[-105.0866,37.0275]},"properties":{"s":90.0,"pub":false}},{"type":"Feature","geometry":{"type":"Point","coordinates":[-105.0866,37.0333]},"properties":{"s":90.0,"pub":false}},{"type":"Feature","geometry":{"type":"Point","coordinates":[-105.0866,37.0391]},"properties":{"s":90.0,"pub":false}},{"type":"Feature","geometry":{"type":"Point","coordinates":[-105.0866,37.0449]},"properties":{"s":90.0,"pub":false}},{"type":"Feature","geometry":{"type":"Point","coordinates":[-105.0866,37.0507]},"properties":{"s":96.7,"pub":false}},{"type":"Feature","geometry":{"type":"Point","coordinates":[-105.0866,37.0565]},"properties":{"s":96.7,"pub":false}},{"type":"Feature","geometry":{"type":"Point","coordinates":[-105.0866,37.0623]},"properties":{"s":96.7,"pub":false}},{"type":"Feature","geometry":{"type":"Point","coordinates":[-105.0866,37.0681]},"properties":{"s":96.7,"pub":false}},{"type":"Feature","geometry":{"type":"Point","coordinates":[-105.0866,37.0739]},"properties":{"s":96.7,"pub":false}},{"type":"Feature","geometry":{"type":"Point","coordinates":[-105.0866,37.0797]},"properties":{"s":96.7,"pub":false}},{"type":"Feature","geometry":{"type":"Point","coordinates":[-105.0866,37.0855]},"properties":{"s":96.7,"pub":false}},{"type":"Feature","geometry":{"type":"Point","coordinates":[-105.0866,37.0913]},"properties":{"s":96.7,"pub":false}},{"type":"Feature","geometry":{"type":"Point","coordinates":[-105.0866,37.0971]},"properties":{"s":96.7,"pub":false}},{"type":"Feature","geometry":{"type":"Point","coordinates":[-105.0866,37.1029]},"properties":{"s":90.0,"pub":false}},{"type":"Feature","geometry":{"type":"Point","coordinates":[-105.0866,37.1087]},"properties":{"s":90.0,"pub":false}},{"type":"Feature","geometry":{"type":"Point","coordinates":[-105.0866,37.1145]},"properties":{"s":90.0,"pub":false}},{"type":"Feature","geometry":{"type":"Point","coordinates":[-105.0866,37.1203]},"properties":{"s":90.0,"pub":false}},{"type":"Feature","geometry":{"type":"Point","coordinates":[-105.0866,37.1261]},"properties":{"s":90.0,"pub":false}},{"type":"Feature","geometry":{"type":"Point","coordinates":[-105.0866,37.1319]},"properties":{"s":90.0,"pub":false}},{"type":"Feature","geometry":{"type":"Point","coordinates":[-105.0866,37.1377]},"properties":{"s":90.0,"pub":false}},{"type":"Feature","geometry":{"type":"Point","coordinates":[-105.0866,37.1435]},"properties":{"s":90.0,"pub":false}},{"type":"Feature","geometry":{"type":"Point","coordinates":[-105.0866,37.1493]},"properties":{"s":90.0,"pub":false}},{"type":"Feature","geometry":{"type":"Point","coordinates":[-105.0866,37.1551]},"properties":{"s":90.0,"pub":false}},{"type":"Feature","geometry":{"type":"Point","coordinates":[-105.0866,37.1609]},"properties":{"s":93.3,"pub":false}},{"type":"Feature","geometry":{"type":"Point","coordinates":[-105.0866,37.1667]},"properties":{"s":90.0,"pub":false}},{"type":"Feature","geometry":{"type":"Point","coordinates":[-105.0866,37.1725]},"properties":{"s":90.0,"pub":false}},{"type":"Feature","geometry":{"type":"Point","coordinates":[-105.0866,37.2131]},"properties":{"s":90.0,"pub":false}},{"type":"Feature","geometry":{"type":"Point","coordinates":[-105.0866,37.2189]},"properties":{"s":90.0,"pub":false}},{"type":"Feature","geometry":{"type":"Point","coordinates":[-105.0866,37.2247]},"properties":{"s":90.0,"pub":false}},{"type":"Feature","geometry":{"type":"Point","coordinates":[-105.0866,37.2305]},"properties":{"s":90.0,"pub":true}},{"type":"Feature","geometry":{"type":"Point","coordinates":[-105.0866,37.2363]},"properties":{"s":90.0,"pub":true}},{"type":"Feature","geometry":{"type":"Point","coordinates":[-105.0791,36.9985]},"properties":{"s":96.7,"pub":false}},{"type":"Feature","geometry":{"type":"Point","coordinates":[-105.0791,37.0043]},"properties":{"s":96.7,"pub":false}},{"type":"Feature","geometry":{"type":"Point","coordinates":[-105.0791,37.0101]},"properties":{"s":90.0,"pub":false}},{"type":"Feature","geometry":{"type":"Point","coordinates":[-105.0791,37.0159]},"properties":{"s":90.0,"pub":false}},{"type":"Feature","geometry":{"type":"Point","coordinates":[-105.0791,37.0217]},"properties":{"s":90.0,"pub":false}},{"type":"Feature","geometry":{"type":"Point","coordinates":[-105.0791,37.0275]},"properties":{"s":90.0,"pub":false}},{"type":"Feature","geometry":{"type":"Point","coordinates":[-105.0791,37.0333]},"properties":{"s":90.0,"pub":false}},{"type":"Feature","geometry":{"type":"Point","coordinates":[-105.0791,37.0391]},"properties":{"s":90.0,"pub":false}},{"type":"Feature","geometry":{"type":"Point","coordinates":[-105.0791,37.0449]},"properties":{"s":90.0,"pub":false}},{"type":"Feature","geometry":{"type":"Point","coordinates":[-105.0791,37.0507]},"properties":{"s":90.0,"pub":false}},{"type":"Feature","geometry":{"type":"Point","coordinates":[-105.0791,37.0565]},"properties":{"s":96.7,"pub":false}},{"type":"Feature","geometry":{"type":"Point","coordinates":[-105.0791,37.0623]},"properties":{"s":96.7,"pub":false}},{"type":"Feature","geometry":{"type":"Point","coordinates":[-105.0791,37.0681]},"properties":{"s":96.7,"pub":false}},{"type":"Feature","geometry":{"type":"Point","coordinates":[-105.0791,37.0739]},"properties":{"s":96.7,"pub":false}},{"type":"Feature","geometry":{"type":"Point","coordinates":[-105.0791,37.0797]},"properties":{"s":96.7,"pub":false}},{"type":"Feature","geometry":{"type":"Point","coordinates":[-105.0791,37.0855]},"properties":{"s":96.7,"pub":false}},{"type":"Feature","geometry":{"type":"Point","coordinates":[-105.0791,37.0913]},"properties":{"s":96.7,"pub":false}},{"type":"Feature","geometry":{"type":"Point","coordinates":[-105.0791,37.0971]},"properties":{"s":96.7,"pub":false}},{"type":"Feature","geometry":{"type":"Point","coordinates":[-105.0791,37.1029]},"properties":{"s":96.7,"pub":false}},{"type":"Feature","geometry":{"type":"Point","coordinates":[-105.0791,37.1087]},"properties":{"s":90.0,"pub":false}},{"type":"Feature","geometry":{"type":"Point","coordinates":[-105.0791,37.1145]},"properties":{"s":90.0,"pub":false}},{"type":"Feature","geometry":{"type":"Point","coordinates":[-105.0791,37.1203]},"properties":{"s":90.0,"pub":false}},{"type":"Feature","geometry":{"type":"Point","coordinates":[-105.0791,37.1261]},"properties":{"s":90.0,"pub":false}},{"type":"Feature","geometry":{"type":"Point","coordinates":[-105.0791,37.1319]},"properties":{"s":90.0,"pub":false}},{"type":"Feature","geometry":{"type":"Point","coordinates":[-105.0791,37.1377]},"properties":{"s":90.0,"pub":false}},{"type":"Feature","geometry":{"type":"Point","coordinates":[-105.0791,37.1435]},"properties":{"s":90.0,"pub":false}},{"type":"Feature","geometry":{"type":"Point","coordinates":[-105.0791,37.1493]},"properties":{"s":90.0,"pub":false}},{"type":"Feature","geometry":{"type":"Point","coordinates":[-105.0791,37.1551]},"properties":{"s":90.0,"pub":false}},{"type":"Feature","geometry":{"type":"Point","coordinates":[-105.0791,37.1609]},"properties":{"s":93.3,"pub":false}},{"type":"Feature","geometry":{"type":"Point","coordinates":[-105.0791,37.1667]},"properties":{"s":90.0,"pub":false}},{"type":"Feature","geometry":{"type":"Point","coordinates":[-105.0791,37.1725]},"properties":{"s":90.0,"pub":false}},{"type":"Feature","geometry":{"type":"Point","coordinates":[-105.0791,37.2189]},"properties":{"s":90.0,"pub":false}},{"type":"Feature","geometry":{"type":"Point","coordinates":[-105.0791,37.2247]},"properties":{"s":90.0,"pub":true}},{"type":"Feature","geometry":{"type":"Point","coordinates":[-105.0791,37.2305]},"properties":{"s":90.0,"pub":true}},{"type":"Feature","geometry":{"type":"Point","coordinates":[-105.0791,37.2363]},"properties":{"s":90.0,"pub":true}},{"type":"Feature","geometry":{"type":"Point","coordinates":[-105.0716,36.9985]},"properties":{"s":96.7,"pub":false}},{"type":"Feature","geometry":{"type":"Point","coordinates":[-105.0716,37.0043]},"properties":{"s":96.7,"pub":false}},{"type":"Feature","geometry":{"type":"Point","coordinates":[-105.0716,37.0101]},"properties":{"s":96.7,"pub":false}},{"type":"Feature","geometry":{"type":"Point","coordinates":[-105.0716,37.0159]},"properties":{"s":90.0,"pub":false}},{"type":"Feature","geometry":{"type":"Point","coordinates":[-105.0716,37.0217]},"properties":{"s":90.0,"pub":false}},{"type":"Feature","geometry":{"type":"Point","coordinates":[-105.0716,37.0275]},"properties":{"s":90.0,"pub":false}},{"type":"Feature","geometry":{"type":"Point","coordinates":[-105.0716,37.0333]},"properties":{"s":90.0,"pub":false}},{"type":"Feature","geometry":{"type":"Point","coordinates":[-105.0716,37.0391]},"properties":{"s":90.0,"pub":false}},{"type":"Feature","geometry":{"type":"Point","coordinates":[-105.0716,37.0449]},"properties":{"s":90.0,"pub":false}},{"type":"Feature","geometry":{"type":"Point","coordinates":[-105.0716,37.0507]},"properties":{"s":90.0,"pub":false}},{"type":"Feature","geometry":{"type":"Point","coordinates":[-105.0716,37.0565]},"properties":{"s":90.0,"pub":false}},{"type":"Feature","geometry":{"type":"Point","coordinates":[-105.0716,37.0623]},"properties":{"s":96.7,"pub":false}},{"type":"Feature","geometry":{"type":"Point","coordinates":[-105.0716,37.0681]},"properties":{"s":96.7,"pub":false}},{"type":"Feature","geometry":{"type":"Point","coordinates":[-105.0716,37.0739]},"properties":{"s":96.7,"pub":false}},{"type":"Feature","geometry":{"type":"Point","coordinates":[-105.0716,37.0797]},"properties":{"s":96.7,"pub":false}},{"type":"Feature","geometry":{"type":"Point","coordinates":[-105.0716,37.0855]},"properties":{"s":96.7,"pub":false}},{"type":"Feature","geometry":{"type":"Point","coordinates":[-105.0716,37.0913]},"properties":{"s":96.7,"pub":false}},{"type":"Feature","geometry":{"type":"Point","coordinates":[-105.0716,37.0971]},"properties":{"s":96.7,"pub":false}},{"type":"Feature","geometry":{"type":"Point","coordinates":[-105.0716,37.1029]},"properties":{"s":96.7,"pub":false}},{"type":"Feature","geometry":{"type":"Point","coordinates":[-105.0716,37.1087]},"properties":{"s":90.0,"pub":false}},{"type":"Feature","geometry":{"type":"Point","coordinates":[-105.0716,37.1145]},"properties":{"s":90.0,"pub":false}},{"type":"Feature","geometry":{"type":"Point","coordinates":[-105.0716,37.1203]},"properties":{"s":90.0,"pub":false}},{"type":"Feature","geometry":{"type":"Point","coordinates":[-105.0716,37.1261]},"properties":{"s":90.0,"pub":false}},{"type":"Feature","geometry":{"type":"Point","coordinates":[-105.0716,37.1319]},"properties":{"s":90.0,"pub":false}},{"type":"Feature","geometry":{"type":"Point","coordinates":[-105.0716,37.1377]},"properties":{"s":90.0,"pub":false}},{"type":"Feature","geometry":{"type":"Point","coordinates":[-105.0716,37.1435]},"properties":{"s":90.0,"pub":false}},{"type":"Feature","geometry":{"type":"Point","coordinates":[-105.0716,37.1493]},"properties":{"s":90.0,"pub":false}},{"type":"Feature","geometry":{"type":"Point","coordinates":[-105.0716,37.1551]},"properties":{"s":90.0,"pub":false}},{"type":"Feature","geometry":{"type":"Point","coordinates":[-105.0716,37.1609]},"properties":{"s":90.0,"pub":false}},{"type":"Feature","geometry":{"type":"Point","coordinates":[-105.0716,37.1667]},"properties":{"s":93.3,"pub":false}},{"type":"Feature","geometry":{"type":"Point","coordinates":[-105.0716,37.1725]},"properties":{"s":90.0,"pub":false}},{"type":"Feature","geometry":{"type":"Point","coordinates":[-105.0716,37.2247]},"properties":{"s":90.0,"pub":true}},{"type":"Feature","geometry":{"type":"Point","coordinates":[-105.0716,37.2305]},"properties":{"s":90.0,"pub":true}},{"type":"Feature","geometry":{"type":"Point","coordinates":[-105.0716,37.2363]},"properties":{"s":90.0,"pub":true}},{"type":"Feature","geometry":{"type":"Point","coordinates":[-105.0641,36.9985]},"properties":{"s":96.7,"pub":false}},{"type":"Feature","geometry":{"type":"Point","coordinates":[-105.0641,37.0043]},"properties":{"s":96.7,"pub":false}},{"type":"Feature","geometry":{"type":"Point","coordinates":[-105.0641,37.0101]},"properties":{"s":96.7,"pub":false}},{"type":"Feature","geometry":{"type":"Point","coordinates":[-105.0641,37.0159]},"properties":{"s":96.7,"pub":false}},{"type":"Feature","geometry":{"type":"Point","coordinates":[-105.0641,37.0217]},"properties":{"s":90.0,"pub":false}},{"type":"Feature","geometry":{"type":"Point","coordinates":[-105.0641,37.0275]},"properties":{"s":90.0,"pub":false}},{"type":"Feature","geometry":{"type":"Point","coordinates":[-105.0641,37.0333]},"properties":{"s":90.0,"pub":false}},{"type":"Feature","geometry":{"type":"Point","coordinates":[-105.0641,37.0391]},"properties":{"s":90.0,"pub":false}},{"type":"Feature","geometry":{"type":"Point","coordinates":[-105.0641,37.0449]},"properties":{"s":90.0,"pub":false}},{"type":"Feature","geometry":{"type":"Point","coordinates":[-105.0641,37.0507]},"properties":{"s":90.0,"pub":false}},{"type":"Feature","geometry":{"type":"Point","coordinates":[-105.0641,37.0565]},"properties":{"s":90.0,"pub":false}},{"type":"Feature","geometry":{"type":"Point","coordinates":[-105.0641,37.0623]},"properties":{"s":96.7,"pub":false}},{"type":"Feature","geometry":{"type":"Point","coordinates":[-105.0641,37.0681]},"properties":{"s":96.7,"pub":false}},{"type":"Feature","geometry":{"type":"Point","coordinates":[-105.0641,37.0739]},"properties":{"s":96.7,"pub":false}},{"type":"Feature","geometry":{"type":"Point","coordinates":[-105.0641,37.0797]},"properties":{"s":96.7,"pub":false}},{"type":"Feature","geometry":{"type":"Point","coordinates":[-105.0641,37.0855]},"properties":{"s":96.7,"pub":false}},{"type":"Feature","geometry":{"type":"Point","coordinates":[-105.0641,37.0913]},"properties":{"s":96.7,"pub":false}},{"type":"Feature","geometry":{"type":"Point","coordinates":[-105.0641,37.0971]},"properties":{"s":96.7,"pub":false}},{"type":"Feature","geometry":{"type":"Point","coordinates":[-105.0641,37.1029]},"properties":{"s":96.7,"pub":false}},{"type":"Feature","geometry":{"type":"Point","coordinates":[-105.0641,37.1087]},"properties":{"s":96.7,"pub":false}},{"type":"Feature","geometry":{"type":"Point","coordinates":[-105.0641,37.1145]},"properties":{"s":96.7,"pub":false}},{"type":"Feature","geometry":{"type":"Point","coordinates":[-105.0641,37.1203]},"properties":{"s":90.0,"pub":false}},{"type":"Feature","geometry":{"type":"Point","coordinates":[-105.0641,37.1261]},"properties":{"s":90.0,"pub":false}},{"type":"Feature","geometry":{"type":"Point","coordinates":[-105.0641,37.1319]},"properties":{"s":90.0,"pub":false}},{"type":"Feature","geometry":{"type":"Point","coordinates":[-105.0641,37.1377]},"properties":{"s":90.0,"pub":false}},{"type":"Feature","geometry":{"type":"Point","coordinates":[-105.0641,37.1435]},"properties":{"s":90.0,"pub":false}},{"type":"Feature","geometry":{"type":"Point","coordinates":[-105.0641,37.1493]},"properties":{"s":90.0,"pub":false}},{"type":"Feature","geometry":{"type":"Point","coordinates":[-105.0641,37.1551]},"properties":{"s":90.0,"pub":false}},{"type":"Feature","geometry":{"type":"Point","coordinates":[-105.0641,37.1609]},"properties":{"s":90.0,"pub":false}},{"type":"Feature","geometry":{"type":"Point","coordinates":[-105.0641,37.1667]},"properties":{"s":93.3,"pub":false}},{"type":"Feature","geometry":{"type":"Point","coordinates":[-105.0641,37.1725]},"properties":{"s":90.0,"pub":false}},{"type":"Feature","geometry":{"type":"Point","coordinates":[-105.0641,37.2247]},"properties":{"s":90.0,"pub":false}},{"type":"Feature","geometry":{"type":"Point","coordinates":[-105.0641,37.2305]},"properties":{"s":90.0,"pub":false}},{"type":"Feature","geometry":{"type":"Point","coordinates":[-105.0641,37.2363]},"properties":{"s":90.0,"pub":true}},{"type":"Feature","geometry":{"type":"Point","coordinates":[-105.0566,36.9985]},"properties":{"s":96.7,"pub":false}},{"type":"Feature","geometry":{"type":"Point","coordinates":[-105.0566,37.0043]},"properties":{"s":96.7,"pub":false}},{"type":"Feature","geometry":{"type":"Point","coordinates":[-105.0566,37.0101]},"properties":{"s":96.7,"pub":false}},{"type":"Feature","geometry":{"type":"Point","coordinates":[-105.0566,37.0159]},"properties":{"s":96.7,"pub":false}},{"type":"Feature","geometry":{"type":"Point","coordinates":[-105.0566,37.0217]},"properties":{"s":90.0,"pub":false}},{"type":"Feature","geometry":{"type":"Point","coordinates":[-105.0566,37.0275]},"properties":{"s":90.0,"pub":false}},{"type":"Feature","geometry":{"type":"Point","coordinates":[-105.0566,37.0333]},"properties":{"s":90.0,"pub":false}},{"type":"Feature","geometry":{"type":"Point","coordinates":[-105.0566,37.0391]},"properties":{"s":90.0,"pub":false}},{"type":"Feature","geometry":{"type":"Point","coordinates":[-105.0566,37.0449]},"properties":{"s":90.0,"pub":false}},{"type":"Feature","geometry":{"type":"Point","coordinates":[-105.0566,37.0507]},"properties":{"s":90.0,"pub":false}},{"type":"Feature","geometry":{"type":"Point","coordinates":[-105.0566,37.0565]},"properties":{"s":90.0,"pub":false}},{"type":"Feature","geometry":{"type":"Point","coordinates":[-105.0566,37.0623]},"properties":{"s":96.7,"pub":false}},{"type":"Feature","geometry":{"type":"Point","coordinates":[-105.0566,37.0681]},"properties":{"s":96.7,"pub":false}},{"type":"Feature","geometry":{"type":"Point","coordinates":[-105.0566,37.0739]},"properties":{"s":96.7,"pub":false}},{"type":"Feature","geometry":{"type":"Point","coordinates":[-105.0566,37.0797]},"properties":{"s":96.7,"pub":false}},{"type":"Feature","geometry":{"type":"Point","coordinates":[-105.0566,37.0855]},"properties":{"s":96.7,"pub":false}},{"type":"Feature","geometry":{"type":"Point","coordinates":[-105.0566,37.0913]},"properties":{"s":96.7,"pub":false}},{"type":"Feature","geometry":{"type":"Point","coordinates":[-105.0566,37.0971]},"properties":{"s":96.7,"pub":false}},{"type":"Feature","geometry":{"type":"Point","coordinates":[-105.0566,37.1029]},"properties":{"s":96.7,"pub":false}},{"type":"Feature","geometry":{"type":"Point","coordinates":[-105.0566,37.1087]},"properties":{"s":96.7,"pub":false}},{"type":"Feature","geometry":{"type":"Point","coordinates":[-105.0566,37.1145]},"properties":{"s":96.7,"pub":false}},{"type":"Feature","geometry":{"type":"Point","coordinates":[-105.0566,37.1203]},"properties":{"s":96.7,"pub":false}},{"type":"Feature","geometry":{"type":"Point","coordinates":[-105.0566,37.1261]},"properties":{"s":96.7,"pub":false}},{"type":"Feature","geometry":{"type":"Point","coordinates":[-105.0566,37.1319]},"properties":{"s":90.0,"pub":false}},{"type":"Feature","geometry":{"type":"Point","coordinates":[-105.0566,37.1377]},"properties":{"s":90.0,"pub":false}},{"type":"Feature","geometry":{"type":"Point","coordinates":[-105.0566,37.1435]},"properties":{"s":90.0,"pub":false}},{"type":"Feature","geometry":{"type":"Point","coordinates":[-105.0566,37.1493]},"properties":{"s":90.0,"pub":false}},{"type":"Feature","geometry":{"type":"Point","coordinates":[-105.0566,37.1551]},"properties":{"s":90.0,"pub":false}},{"type":"Feature","geometry":{"type":"Point","coordinates":[-105.0566,37.1609]},"properties":{"s":90.0,"pub":false}},{"type":"Feature","geometry":{"type":"Point","coordinates":[-105.0566,37.1667]},"properties":{"s":93.3,"pub":false}},{"type":"Feature","geometry":{"type":"Point","coordinates":[-105.0566,37.1725]},"properties":{"s":90.0,"pub":false}},{"type":"Feature","geometry":{"type":"Point","coordinates":[-105.0566,37.1783]},"properties":{"s":90.0,"pub":false}},{"type":"Feature","geometry":{"type":"Point","coordinates":[-105.0566,37.2189]},"properties":{"s":90.0,"pub":false}},{"type":"Feature","geometry":{"type":"Point","coordinates":[-105.0566,37.2247]},"properties":{"s":90.0,"pub":false}},{"type":"Feature","geometry":{"type":"Point","coordinates":[-105.0566,37.2305]},"properties":{"s":90.0,"pub":false}},{"type":"Feature","geometry":{"type":"Point","coordinates":[-105.0566,37.2363]},"properties":{"s":90.0,"pub":true}},{"type":"Feature","geometry":{"type":"Point","coordinates":[-105.0491,36.9985]},"properties":{"s":96.7,"pub":false}},{"type":"Feature","geometry":{"type":"Point","coordinates":[-105.0491,37.0043]},"properties":{"s":96.7,"pub":false}},{"type":"Feature","geometry":{"type":"Point","coordinates":[-105.0491,37.0101]},"properties":{"s":96.7,"pub":false}},{"type":"Feature","geometry":{"type":"Point","coordinates":[-105.0491,37.0159]},"properties":{"s":96.7,"pub":false}},{"type":"Feature","geometry":{"type":"Point","coordinates":[-105.0491,37.0217]},"properties":{"s":90.0,"pub":false}},{"type":"Feature","geometry":{"type":"Point","coordinates":[-105.0491,37.0275]},"properties":{"s":90.0,"pub":false}},{"type":"Feature","geometry":{"type":"Point","coordinates":[-105.0491,37.0333]},"properties":{"s":90.0,"pub":false}},{"type":"Feature","geometry":{"type":"Point","coordinates":[-105.0491,37.0391]},"properties":{"s":90.0,"pub":false}},{"type":"Feature","geometry":{"type":"Point","coordinates":[-105.0491,37.0449]},"properties":{"s":90.0,"pub":false}},{"type":"Feature","geometry":{"type":"Point","coordinates":[-105.0491,37.0507]},"properties":{"s":90.0,"pub":false}},{"type":"Feature","geometry":{"type":"Point","coordinates":[-105.0491,37.0565]},"properties":{"s":96.7,"pub":false}},{"type":"Feature","geometry":{"type":"Point","coordinates":[-105.0491,37.0623]},"properties":{"s":96.7,"pub":false}},{"type":"Feature","geometry":{"type":"Point","coordinates":[-105.0491,37.0681]},"properties":{"s":96.7,"pub":false}},{"type":"Feature","geometry":{"type":"Point","coordinates":[-105.0491,37.0739]},"properties":{"s":96.7,"pub":false}},{"type":"Feature","geometry":{"type":"Point","coordinates":[-105.0491,37.0797]},"properties":{"s":96.7,"pub":false}},{"type":"Feature","geometry":{"type":"Point","coordinates":[-105.0491,37.0855]},"properties":{"s":96.7,"pub":false}},{"type":"Feature","geometry":{"type":"Point","coordinates":[-105.0491,37.0913]},"properties":{"s":96.7,"pub":false}},{"type":"Feature","geometry":{"type":"Point","coordinates":[-105.0491,37.0971]},"properties":{"s":96.7,"pub":false}},{"type":"Feature","geometry":{"type":"Point","coordinates":[-105.0491,37.1029]},"properties":{"s":96.7,"pub":false}},{"type":"Feature","geometry":{"type":"Point","coordinates":[-105.0491,37.1087]},"properties":{"s":96.7,"pub":false}},{"type":"Feature","geometry":{"type":"Point","coordinates":[-105.0491,37.1145]},"properties":{"s":96.7,"pub":false}},{"type":"Feature","geometry":{"type":"Point","coordinates":[-105.0491,37.1203]},"properties":{"s":96.7,"pub":false}},{"type":"Feature","geometry":{"type":"Point","coordinates":[-105.0491,37.1261]},"properties":{"s":96.7,"pub":false}},{"type":"Feature","geometry":{"type":"Point","coordinates":[-105.0491,37.1319]},"properties":{"s":96.7,"pub":false}},{"type":"Feature","geometry":{"type":"Point","coordinates":[-105.0491,37.1377]},"properties":{"s":96.7,"pub":false}},{"type":"Feature","geometry":{"type":"Point","coordinates":[-105.0491,37.1435]},"properties":{"s":96.7,"pub":false}},{"type":"Feature","geometry":{"type":"Point","coordinates":[-105.0491,37.1493]},"properties":{"s":96.7,"pub":false}},{"type":"Feature","geometry":{"type":"Point","coordinates":[-105.0491,37.1551]},"properties":{"s":90.0,"pub":false}},{"type":"Feature","geometry":{"type":"Point","coordinates":[-105.0491,37.1609]},"properties":{"s":96.7,"pub":false}},{"type":"Feature","geometry":{"type":"Point","coordinates":[-105.0491,37.1667]},"properties":{"s":100.0,"pub":false}},{"type":"Feature","geometry":{"type":"Point","coordinates":[-105.0491,37.1725]},"properties":{"s":96.7,"pub":false}},{"type":"Feature","geometry":{"type":"Point","coordinates":[-105.0491,37.1783]},"properties":{"s":96.7,"pub":false}},{"type":"Feature","geometry":{"type":"Point","coordinates":[-105.0491,37.1841]},"properties":{"s":96.7,"pub":false}},{"type":"Feature","geometry":{"type":"Point","coordinates":[-105.0491,37.1899]},"properties":{"s":96.7,"pub":false}},{"type":"Feature","geometry":{"type":"Point","coordinates":[-105.0491,37.1957]},"properties":{"s":96.7,"pub":false}},{"type":"Feature","geometry":{"type":"Point","coordinates":[-105.0491,37.2247]},"properties":{"s":96.7,"pub":false}},{"type":"Feature","geometry":{"type":"Point","coordinates":[-105.0491,37.2305]},"properties":{"s":96.7,"pub":true}},{"type":"Feature","geometry":{"type":"Point","coordinates":[-105.0491,37.2363]},"properties":{"s":96.7,"pub":true}},{"type":"Feature","geometry":{"type":"Point","coordinates":[-105.0416,36.9985]},"properties":{"s":96.7,"pub":false}},{"type":"Feature","geometry":{"type":"Point","coordinates":[-105.0416,37.0043]},"properties":{"s":96.7,"pub":false}},{"type":"Feature","geometry":{"type":"Point","coordinates":[-105.0416,37.0101]},"properties":{"s":96.7,"pub":false}},{"type":"Feature","geometry":{"type":"Point","coordinates":[-105.0416,37.0159]},"properties":{"s":96.7,"pub":false}},{"type":"Feature","geometry":{"type":"Point","coordinates":[-105.0416,37.0217]},"properties":{"s":90.0,"pub":false}},{"type":"Feature","geometry":{"type":"Point","coordinates":[-105.0416,37.0275]},"properties":{"s":90.0,"pub":false}},{"type":"Feature","geometry":{"type":"Point","coordinates":[-105.0416,37.0333]},"properties":{"s":90.0,"pub":false}},{"type":"Feature","geometry":{"type":"Point","coordinates":[-105.0416,37.0391]},"properties":{"s":90.0,"pub":false}},{"type":"Feature","geometry":{"type":"Point","coordinates":[-105.0416,37.0449]},"properties":{"s":96.7,"pub":false}},{"type":"Feature","geometry":{"type":"Point","coordinates":[-105.0416,37.0507]},"properties":{"s":96.7,"pub":false}},{"type":"Feature","geometry":{"type":"Point","coordinates":[-105.0416,37.0565]},"properties":{"s":96.7,"pub":false}},{"type":"Feature","geometry":{"type":"Point","coordinates":[-105.0416,37.0623]},"properties":{"s":96.7,"pub":false}},{"type":"Feature","geometry":{"type":"Point","coordinates":[-105.0416,37.0681]},"properties":{"s":96.7,"pub":false}},{"type":"Feature","geometry":{"type":"Point","coordinates":[-105.0416,37.0739]},"properties":{"s":96.7,"pub":false}},{"type":"Feature","geometry":{"type":"Point","coordinates":[-105.0416,37.0797]},"properties":{"s":96.7,"pub":false}},{"type":"Feature","geometry":{"type":"Point","coordinates":[-105.0416,37.0855]},"properties":{"s":96.7,"pub":false}},{"type":"Feature","geometry":{"type":"Point","coordinates":[-105.0416,37.0913]},"properties":{"s":96.7,"pub":false}},{"type":"Feature","geometry":{"type":"Point","coordinates":[-105.0416,37.0971]},"properties":{"s":96.7,"pub":false}},{"type":"Feature","geometry":{"type":"Point","coordinates":[-105.0416,37.1029]},"properties":{"s":96.7,"pub":false}},{"type":"Feature","geometry":{"type":"Point","coordinates":[-105.0416,37.1087]},"properties":{"s":96.7,"pub":false}},{"type":"Feature","geometry":{"type":"Point","coordinates":[-105.0416,37.1145]},"properties":{"s":96.7,"pub":false}},{"type":"Feature","geometry":{"type":"Point","coordinates":[-105.0416,37.1203]},"properties":{"s":96.7,"pub":false}},{"type":"Feature","geometry":{"type":"Point","coordinates":[-105.0416,37.1261]},"properties":{"s":96.7,"pub":false}},{"type":"Feature","geometry":{"type":"Point","coordinates":[-105.0416,37.1319]},"properties":{"s":96.7,"pub":false}},{"type":"Feature","geometry":{"type":"Point","coordinates":[-105.0416,37.1377]},"properties":{"s":96.7,"pub":false}},{"type":"Feature","geometry":{"type":"Point","coordinates":[-105.0416,37.1435]},"properties":{"s":96.7,"pub":false}},{"type":"Feature","geometry":{"type":"Point","coordinates":[-105.0416,37.1493]},"properties":{"s":96.7,"pub":false}},{"type":"Feature","geometry":{"type":"Point","coordinates":[-105.0341,36.9985]},"properties":{"s":96.7,"pub":false}},{"type":"Feature","geometry":{"type":"Point","coordinates":[-105.0341,37.0043]},"properties":{"s":96.7,"pub":false}},{"type":"Feature","geometry":{"type":"Point","coordinates":[-105.0341,37.0101]},"properties":{"s":96.7,"pub":false}},{"type":"Feature","geometry":{"type":"Point","coordinates":[-105.0341,37.0159]},"properties":{"s":96.7,"pub":false}},{"type":"Feature","geometry":{"type":"Point","coordinates":[-105.0341,37.0217]},"properties":{"s":96.7,"pub":false}},{"type":"Feature","geometry":{"type":"Point","coordinates":[-105.0341,37.0275]},"properties":{"s":90.0,"pub":false}},{"type":"Feature","geometry":{"type":"Point","coordinates":[-105.0341,37.0333]},"properties":{"s":90.0,"pub":false}},{"type":"Feature","geometry":{"type":"Point","coordinates":[-105.0341,37.0391]},"properties":{"s":96.7,"pub":false}},{"type":"Feature","geometry":{"type":"Point","coordinates":[-105.0341,37.0449]},"properties":{"s":96.7,"pub":false}},{"type":"Feature","geometry":{"type":"Point","coordinates":[-105.0341,37.0507]},"properties":{"s":96.7,"pub":false}},{"type":"Feature","geometry":{"type":"Point","coordinates":[-105.0341,37.0565]},"properties":{"s":96.7,"pub":false}},{"type":"Feature","geometry":{"type":"Point","coordinates":[-105.0341,37.0623]},"properties":{"s":96.7,"pub":false}},{"type":"Feature","geometry":{"type":"Point","coordinates":[-105.0341,37.0681]},"properties":{"s":96.7,"pub":false}},{"type":"Feature","geometry":{"type":"Point","coordinates":[-105.0341,37.0739]},"properties":{"s":96.7,"pub":false}},{"type":"Feature","geometry":{"type":"Point","coordinates":[-105.0341,37.0797]},"properties":{"s":96.7,"pub":false}},{"type":"Feature","geometry":{"type":"Point","coordinates":[-105.0341,37.0855]},"properties":{"s":96.7,"pub":false}},{"type":"Feature","geometry":{"type":"Point","coordinates":[-105.0341,37.0913]},"properties":{"s":96.7,"pub":false}},{"type":"Feature","geometry":{"type":"Point","coordinates":[-105.0341,37.0971]},"properties":{"s":96.7,"pub":false}},{"type":"Feature","geometry":{"type":"Point","coordinates":[-105.0341,37.1029]},"properties":{"s":96.7,"pub":false}},{"type":"Feature","geometry":{"type":"Point","coordinates":[-105.0341,37.1087]},"properties":{"s":96.7,"pub":false}},{"type":"Feature","geometry":{"type":"Point","coordinates":[-105.0341,37.1145]},"properties":{"s":96.7,"pub":false}},{"type":"Feature","geometry":{"type":"Point","coordinates":[-105.0341,37.1203]},"properties":{"s":96.7,"pub":false}},{"type":"Feature","geometry":{"type":"Point","coordinates":[-105.0341,37.1261]},"properties":{"s":96.7,"pub":false}},{"type":"Feature","geometry":{"type":"Point","coordinates":[-105.0341,37.1319]},"properties":{"s":96.7,"pub":false}},{"type":"Feature","geometry":{"type":"Point","coordinates":[-105.0341,37.1377]},"properties":{"s":96.7,"pub":false}},{"type":"Feature","geometry":{"type":"Point","coordinates":[-105.0341,37.1435]},"properties":{"s":96.7,"pub":false}},{"type":"Feature","geometry":{"type":"Point","coordinates":[-105.0266,36.9985]},"properties":{"s":96.7,"pub":false}},{"type":"Feature","geometry":{"type":"Point","coordinates":[-105.0266,37.0043]},"properties":{"s":96.7,"pub":false}},{"type":"Feature","geometry":{"type":"Point","coordinates":[-105.0266,37.0101]},"properties":{"s":96.7,"pub":false}},{"type":"Feature","geometry":{"type":"Point","coordinates":[-105.0266,37.0159]},"properties":{"s":96.7,"pub":false}},{"type":"Feature","geometry":{"type":"Point","coordinates":[-105.0266,37.0217]},"properties":{"s":96.7,"pub":false}},{"type":"Feature","geometry":{"type":"Point","coordinates":[-105.0266,37.0275]},"properties":{"s":96.7,"pub":false}},{"type":"Feature","geometry":{"type":"Point","coordinates":[-105.0266,37.0333]},"properties":{"s":96.7,"pub":false}},{"type":"Feature","geometry":{"type":"Point","coordinates":[-105.0266,37.0391]},"properties":{"s":96.7,"pub":false}},{"type":"Feature","geometry":{"type":"Point","coordinates":[-105.0266,37.0449]},"properties":{"s":96.7,"pub":false}},{"type":"Feature","geometry":{"type":"Point","coordinates":[-105.0266,37.0507]},"properties":{"s":96.7,"pub":false}},{"type":"Feature","geometry":{"type":"Point","coordinates":[-105.0266,37.0565]},"properties":{"s":96.7,"pub":false}},{"type":"Feature","geometry":{"type":"Point","coordinates":[-105.0266,37.0623]},"properties":{"s":96.7,"pub":false}},{"type":"Feature","geometry":{"type":"Point","coordinates":[-105.0266,37.0681]},"properties":{"s":96.7,"pub":false}},{"type":"Feature","geometry":{"type":"Point","coordinates":[-105.0266,37.0739]},"properties":{"s":96.7,"pub":false}},{"type":"Feature","geometry":{"type":"Point","coordinates":[-105.0266,37.0797]},"properties":{"s":96.7,"pub":false}},{"type":"Feature","geometry":{"type":"Point","coordinates":[-105.0266,37.0855]},"properties":{"s":96.7,"pub":false}},{"type":"Feature","geometry":{"type":"Point","coordinates":[-105.0266,37.0913]},"properties":{"s":96.7,"pub":false}},{"type":"Feature","geometry":{"type":"Point","coordinates":[-105.0266,37.0971]},"properties":{"s":96.7,"pub":false}},{"type":"Feature","geometry":{"type":"Point","coordinates":[-105.0266,37.1029]},"properties":{"s":96.7,"pub":false}},{"type":"Feature","geometry":{"type":"Point","coordinates":[-105.0266,37.1087]},"properties":{"s":96.7,"pub":false}},{"type":"Feature","geometry":{"type":"Point","coordinates":[-105.0266,37.1145]},"properties":{"s":96.7,"pub":false}},{"type":"Feature","geometry":{"type":"Point","coordinates":[-105.0266,37.1203]},"properties":{"s":96.7,"pub":false}},{"type":"Feature","geometry":{"type":"Point","coordinates":[-105.0266,37.1261]},"properties":{"s":96.7,"pub":false}},{"type":"Feature","geometry":{"type":"Point","coordinates":[-105.0266,37.1319]},"properties":{"s":96.7,"pub":false}},{"type":"Feature","geometry":{"type":"Point","coordinates":[-105.0266,37.1377]},"properties":{"s":96.7,"pub":false}},{"type":"Feature","geometry":{"type":"Point","coordinates":[-105.0266,37.1435]},"properties":{"s":96.7,"pub":false}},{"type":"Feature","geometry":{"type":"Point","coordinates":[-105.0191,36.9985]},"properties":{"s":96.7,"pub":false}},{"type":"Feature","geometry":{"type":"Point","coordinates":[-105.0191,37.0043]},"properties":{"s":96.7,"pub":false}},{"type":"Feature","geometry":{"type":"Point","coordinates":[-105.0191,37.0101]},"properties":{"s":96.7,"pub":false}},{"type":"Feature","geometry":{"type":"Point","coordinates":[-105.0191,37.0159]},"properties":{"s":96.7,"pub":false}},{"type":"Feature","geometry":{"type":"Point","coordinates":[-105.0191,37.0217]},"properties":{"s":96.7,"pub":false}},{"type":"Feature","geometry":{"type":"Point","coordinates":[-105.0191,37.0275]},"properties":{"s":96.7,"pub":false}},{"type":"Feature","geometry":{"type":"Point","coordinates":[-105.0191,37.0333]},"properties":{"s":96.7,"pub":false}},{"type":"Feature","geometry":{"type":"Point","coordinates":[-105.0191,37.0391]},"properties":{"s":96.7,"pub":false}},{"type":"Feature","geometry":{"type":"Point","coordinates":[-105.0191,37.0449]},"properties":{"s":96.7,"pub":false}},{"type":"Feature","geometry":{"type":"Point","coordinates":[-105.0191,37.0507]},"properties":{"s":96.7,"pub":false}},{"type":"Feature","geometry":{"type":"Point","coordinates":[-105.0191,37.0565]},"properties":{"s":96.7,"pub":false}},{"type":"Feature","geometry":{"type":"Point","coordinates":[-105.0191,37.0623]},"properties":{"s":96.7,"pub":false}},{"type":"Feature","geometry":{"type":"Point","coordinates":[-105.0191,37.0681]},"properties":{"s":96.7,"pub":false}},{"type":"Feature","geometry":{"type":"Point","coordinates":[-105.0191,37.0739]},"properties":{"s":96.7,"pub":false}},{"type":"Feature","geometry":{"type":"Point","coordinates":[-105.0191,37.0797]},"properties":{"s":96.7,"pub":false}},{"type":"Feature","geometry":{"type":"Point","coordinates":[-105.0191,37.0855]},"properties":{"s":96.7,"pub":false}},{"type":"Feature","geometry":{"type":"Point","coordinates":[-105.0191,37.0913]},"properties":{"s":96.7,"pub":false}},{"type":"Feature","geometry":{"type":"Point","coordinates":[-105.0191,37.0971]},"properties":{"s":96.7,"pub":false}},{"type":"Feature","geometry":{"type":"Point","coordinates":[-105.0191,37.1029]},"properties":{"s":96.7,"pub":false}},{"type":"Feature","geometry":{"type":"Point","coordinates":[-105.0191,37.1087]},"properties":{"s":96.7,"pub":false}},{"type":"Feature","geometry":{"type":"Point","coordinates":[-105.0191,37.1145]},"properties":{"s":96.7,"pub":false}},{"type":"Feature","geometry":{"type":"Point","coordinates":[-105.0191,37.1203]},"properties":{"s":96.7,"pub":false}},{"type":"Feature","geometry":{"type":"Point","coordinates":[-105.0191,37.1261]},"properties":{"s":96.7,"pub":false}},{"type":"Feature","geometry":{"type":"Point","coordinates":[-105.0191,37.1319]},"properties":{"s":96.7,"pub":false}},{"type":"Feature","geometry":{"type":"Point","coordinates":[-105.0191,37.1377]},"properties":{"s":96.7,"pub":false}},{"type":"Feature","geometry":{"type":"Point","coordinates":[-105.0191,37.1435]},"properties":{"s":100.0,"pub":false}},{"type":"Feature","geometry":{"type":"Point","coordinates":[-105.0191,37.1493]},"properties":{"s":96.7,"pub":false}},{"type":"Feature","geometry":{"type":"Point","coordinates":[-105.0116,36.9985]},"properties":{"s":96.7,"pub":false}},{"type":"Feature","geometry":{"type":"Point","coordinates":[-105.0116,37.0043]},"properties":{"s":96.7,"pub":false}},{"type":"Feature","geometry":{"type":"Point","coordinates":[-105.0116,37.0101]},"properties":{"s":96.7,"pub":false}},{"type":"Feature","geometry":{"type":"Point","coordinates":[-105.0116,37.0159]},"properties":{"s":96.7,"pub":false}},{"type":"Feature","geometry":{"type":"Point","coordinates":[-105.0116,37.0217]},"properties":{"s":96.7,"pub":false}},{"type":"Feature","geometry":{"type":"Point","coordinates":[-105.0116,37.0275]},"properties":{"s":96.7,"pub":false}},{"type":"Feature","geometry":{"type":"Point","coordinates":[-105.0116,37.0333]},"properties":{"s":96.7,"pub":false}},{"type":"Feature","geometry":{"type":"Point","coordinates":[-105.0116,37.0391]},"properties":{"s":96.7,"pub":false}},{"type":"Feature","geometry":{"type":"Point","coordinates":[-105.0116,37.0449]},"properties":{"s":96.7,"pub":false}},{"type":"Feature","geometry":{"type":"Point","coordinates":[-105.0116,37.0507]},"properties":{"s":96.7,"pub":false}},{"type":"Feature","geometry":{"type":"Point","coordinates":[-105.0116,37.0565]},"properties":{"s":96.7,"pub":false}},{"type":"Feature","geometry":{"type":"Point","coordinates":[-105.0116,37.0623]},"properties":{"s":96.7,"pub":false}},{"type":"Feature","geometry":{"type":"Point","coordinates":[-105.0116,37.0681]},"properties":{"s":96.7,"pub":false}},{"type":"Feature","geometry":{"type":"Point","coordinates":[-105.0116,37.0739]},"properties":{"s":96.7,"pub":false}},{"type":"Feature","geometry":{"type":"Point","coordinates":[-105.0116,37.0797]},"properties":{"s":96.7,"pub":false}},{"type":"Feature","geometry":{"type":"Point","coordinates":[-105.0116,37.0855]},"properties":{"s":96.7,"pub":false}},{"type":"Feature","geometry":{"type":"Point","coordinates":[-105.0116,37.0913]},"properties":{"s":96.7,"pub":false}},{"type":"Feature","geometry":{"type":"Point","coordinates":[-105.0116,37.0971]},"properties":{"s":96.7,"pub":false}},{"type":"Feature","geometry":{"type":"Point","coordinates":[-105.0116,37.1029]},"properties":{"s":96.7,"pub":false}},{"type":"Feature","geometry":{"type":"Point","coordinates":[-105.0116,37.1087]},"properties":{"s":96.7,"pub":false}},{"type":"Feature","geometry":{"type":"Point","coordinates":[-105.0116,37.1145]},"properties":{"s":96.7,"pub":false}},{"type":"Feature","geometry":{"type":"Point","coordinates":[-105.0116,37.1203]},"properties":{"s":96.7,"pub":false}},{"type":"Feature","geometry":{"type":"Point","coordinates":[-105.0116,37.1261]},"properties":{"s":96.7,"pub":false}},{"type":"Feature","geometry":{"type":"Point","coordinates":[-105.0116,37.1319]},"properties":{"s":96.7,"pub":false}},{"type":"Feature","geometry":{"type":"Point","coordinates":[-105.0116,37.1377]},"properties":{"s":96.7,"pub":false}},{"type":"Feature","geometry":{"type":"Point","coordinates":[-105.0116,37.1435]},"properties":{"s":96.7,"pub":false}},{"type":"Feature","geometry":{"type":"Point","coordinates":[-105.0116,37.1493]},"properties":{"s":96.7,"pub":false}},{"type":"Feature","geometry":{"type":"Point","coordinates":[-105.0041,36.9985]},"properties":{"s":100.0,"pub":false}},{"type":"Feature","geometry":{"type":"Point","coordinates":[-105.0041,37.0043]},"properties":{"s":100.0,"pub":false}},{"type":"Feature","geometry":{"type":"Point","coordinates":[-105.0041,37.0101]},"properties":{"s":96.7,"pub":false}},{"type":"Feature","geometry":{"type":"Point","coordinates":[-105.0041,37.0159]},"properties":{"s":96.7,"pub":false}},{"type":"Feature","geometry":{"type":"Point","coordinates":[-105.0041,37.0217]},"properties":{"s":96.7,"pub":false}},{"type":"Feature","geometry":{"type":"Point","coordinates":[-105.0041,37.0275]},"properties":{"s":96.7,"pub":false}},{"type":"Feature","geometry":{"type":"Point","coordinates":[-105.0041,37.0333]},"properties":{"s":96.7,"pub":false}},{"type":"Feature","geometry":{"type":"Point","coordinates":[-105.0041,37.0391]},"properties":{"s":96.7,"pub":false}},{"type":"Feature","geometry":{"type":"Point","coordinates":[-105.0041,37.0449]},"properties":{"s":96.7,"pub":false}},{"type":"Feature","geometry":{"type":"Point","coordinates":[-105.0041,37.0507]},"properties":{"s":96.7,"pub":false}},{"type":"Feature","geometry":{"type":"Point","coordinates":[-105.0041,37.0565]},"properties":{"s":96.7,"pub":false}},{"type":"Feature","geometry":{"type":"Point","coordinates":[-105.0041,37.0623]},"properties":{"s":96.7,"pub":false}},{"type":"Feature","geometry":{"type":"Point","coordinates":[-105.0041,37.0681]},"properties":{"s":96.7,"pub":false}},{"type":"Feature","geometry":{"type":"Point","coordinates":[-105.0041,37.0739]},"properties":{"s":96.7,"pub":false}},{"type":"Feature","geometry":{"type":"Point","coordinates":[-105.0041,37.0797]},"properties":{"s":96.7,"pub":false}},{"type":"Feature","geometry":{"type":"Point","coordinates":[-105.0041,37.0855]},"properties":{"s":96.7,"pub":true}},{"type":"Feature","geometry":{"type":"Point","coordinates":[-105.0041,37.0913]},"properties":{"s":96.7,"pub":true}},{"type":"Feature","geometry":{"type":"Point","coordinates":[-105.0041,37.0971]},"properties":{"s":96.7,"pub":true}},{"type":"Feature","geometry":{"type":"Point","coordinates":[-105.0041,37.1029]},"properties":{"s":96.7,"pub":true}},{"type":"Feature","geometry":{"type":"Point","coordinates":[-105.0041,37.1087]},"properties":{"s":96.7,"pub":true}},{"type":"Feature","geometry":{"type":"Point","coordinates":[-105.0041,37.1145]},"properties":{"s":96.7,"pub":true}},{"type":"Feature","geometry":{"type":"Point","coordinates":[-105.0041,37.1203]},"properties":{"s":96.7,"pub":true}},{"type":"Feature","geometry":{"type":"Point","coordinates":[-105.0041,37.1261]},"properties":{"s":96.7,"pub":true}},{"type":"Feature","geometry":{"type":"Point","coordinates":[-105.0041,37.1319]},"properties":{"s":96.7,"pub":false}},{"type":"Feature","geometry":{"type":"Point","coordinates":[-105.0041,37.1377]},"properties":{"s":96.7,"pub":false}},{"type":"Feature","geometry":{"type":"Point","coordinates":[-105.0041,37.1435]},"properties":{"s":96.7,"pub":true}},{"type":"Feature","geometry":{"type":"Point","coordinates":[-105.0041,37.1493]},"properties":{"s":96.7,"pub":false}},{"type":"Feature","geometry":{"type":"Point","coordinates":[-104.9966,36.9985]},"properties":{"s":96.7,"pub":false}},{"type":"Feature","geometry":{"type":"Point","coordinates":[-104.9966,37.0043]},"properties":{"s":96.7,"pub":false}},{"type":"Feature","geometry":{"type":"Point","coordinates":[-104.9966,37.0101]},"properties":{"s":100.0,"pub":false}},{"type":"Feature","geometry":{"type":"Point","coordinates":[-104.9966,37.0159]},"properties":{"s":100.0,"pub":false}},{"type":"Feature","geometry":{"type":"Point","coordinates":[-104.9966,37.0217]},"properties":{"s":100.0,"pub":false}},{"type":"Feature","geometry":{"type":"Point","coordinates":[-104.9966,37.0275]},"properties":{"s":100.0,"pub":false}},{"type":"Feature","geometry":{"type":"Point","coordinates":[-104.9966,37.0333]},"properties":{"s":100.0,"pub":false}},{"type":"Feature","geometry":{"type":"Point","coordinates":[-104.9966,37.0391]},"properties":{"s":100.0,"pub":false}},{"type":"Feature","geometry":{"type":"Point","coordinates":[-104.9966,37.0449]},"properties":{"s":96.7,"pub":false}},{"type":"Feature","geometry":{"type":"Point","coordinates":[-104.9966,37.0507]},"properties":{"s":96.7,"pub":false}},{"type":"Feature","geometry":{"type":"Point","coordinates":[-104.9966,37.0565]},"properties":{"s":96.7,"pub":false}},{"type":"Feature","geometry":{"type":"Point","coordinates":[-104.9966,37.0623]},"properties":{"s":96.7,"pub":false}},{"type":"Feature","geometry":{"type":"Point","coordinates":[-104.9966,37.0681]},"properties":{"s":96.7,"pub":false}},{"type":"Feature","geometry":{"type":"Point","coordinates":[-104.9966,37.0739]},"properties":{"s":96.7,"pub":true}},{"type":"Feature","geometry":{"type":"Point","coordinates":[-104.9966,37.0797]},"properties":{"s":96.7,"pub":true}},{"type":"Feature","geometry":{"type":"Point","coordinates":[-104.9966,37.0855]},"properties":{"s":96.7,"pub":true}},{"type":"Feature","geometry":{"type":"Point","coordinates":[-104.9966,37.0913]},"properties":{"s":96.7,"pub":true}},{"type":"Feature","geometry":{"type":"Point","coordinates":[-104.9966,37.0971]},"properties":{"s":96.7,"pub":true}},{"type":"Feature","geometry":{"type":"Point","coordinates":[-104.9966,37.1029]},"properties":{"s":96.7,"pub":true}},{"type":"Feature","geometry":{"type":"Point","coordinates":[-104.9966,37.1087]},"properties":{"s":96.7,"pub":true}},{"type":"Feature","geometry":{"type":"Point","coordinates":[-104.9966,37.1145]},"properties":{"s":96.7,"pub":true}},{"type":"Feature","geometry":{"type":"Point","coordinates":[-104.9966,37.1203]},"properties":{"s":96.7,"pub":true}},{"type":"Feature","geometry":{"type":"Point","coordinates":[-104.9966,37.1261]},"properties":{"s":96.7,"pub":true}},{"type":"Feature","geometry":{"type":"Point","coordinates":[-104.9966,37.1319]},"properties":{"s":96.7,"pub":true}},{"type":"Feature","geometry":{"type":"Point","coordinates":[-104.9966,37.1377]},"properties":{"s":96.7,"pub":true}},{"type":"Feature","geometry":{"type":"Point","coordinates":[-104.9966,37.1435]},"properties":{"s":96.7,"pub":true}},{"type":"Feature","geometry":{"type":"Point","coordinates":[-104.9966,37.1493]},"properties":{"s":96.7,"pub":true}},{"type":"Feature","geometry":{"type":"Point","coordinates":[-104.9891,36.9985]},"properties":{"s":96.7,"pub":false}},{"type":"Feature","geometry":{"type":"Point","coordinates":[-104.9891,37.0043]},"properties":{"s":96.7,"pub":false}},{"type":"Feature","geometry":{"type":"Point","coordinates":[-104.9891,37.0101]},"properties":{"s":96.7,"pub":false}},{"type":"Feature","geometry":{"type":"Point","coordinates":[-104.9891,37.0159]},"properties":{"s":96.7,"pub":false}},{"type":"Feature","geometry":{"type":"Point","coordinates":[-104.9891,37.0217]},"properties":{"s":96.7,"pub":false}},{"type":"Feature","geometry":{"type":"Point","coordinates":[-104.9891,37.0275]},"properties":{"s":96.7,"pub":false}},{"type":"Feature","geometry":{"type":"Point","coordinates":[-104.9891,37.0333]},"properties":{"s":96.7,"pub":false}},{"type":"Feature","geometry":{"type":"Point","coordinates":[-104.9891,37.0391]},"properties":{"s":96.7,"pub":false}},{"type":"Feature","geometry":{"type":"Point","coordinates":[-104.9891,37.0449]},"properties":{"s":96.7,"pub":false}},{"type":"Feature","geometry":{"type":"Point","coordinates":[-104.9891,37.0507]},"properties":{"s":96.7,"pub":false}},{"type":"Feature","geometry":{"type":"Point","coordinates":[-104.9891,37.0565]},"properties":{"s":96.7,"pub":false}},{"type":"Feature","geometry":{"type":"Point","coordinates":[-104.9891,37.0623]},"properties":{"s":96.7,"pub":false}},{"type":"Feature","geometry":{"type":"Point","coordinates":[-104.9891,37.0681]},"properties":{"s":96.7,"pub":true}},{"type":"Feature","geometry":{"type":"Point","coordinates":[-104.9891,37.0739]},"properties":{"s":96.7,"pub":true}},{"type":"Feature","geometry":{"type":"Point","coordinates":[-104.9891,37.0797]},"properties":{"s":96.7,"pub":true}},{"type":"Feature","geometry":{"type":"Point","coordinates":[-104.9891,37.0855]},"properties":{"s":96.7,"pub":true}},{"type":"Feature","geometry":{"type":"Point","coordinates":[-104.9891,37.0913]},"properties":{"s":96.7,"pub":true}},{"type":"Feature","geometry":{"type":"Point","coordinates":[-104.9891,37.0971]},"properties":{"s":96.7,"pub":true}},{"type":"Feature","geometry":{"type":"Point","coordinates":[-104.9891,37.1029]},"properties":{"s":96.7,"pub":true}},{"type":"Feature","geometry":{"type":"Point","coordinates":[-104.9891,37.1087]},"properties":{"s":96.7,"pub":true}},{"type":"Feature","geometry":{"type":"Point","coordinates":[-104.9891,37.1145]},"properties":{"s":96.7,"pub":true}},{"type":"Feature","geometry":{"type":"Point","coordinates":[-104.9891,37.1203]},"properties":{"s":96.7,"pub":true}},{"type":"Feature","geometry":{"type":"Point","coordinates":[-104.9891,37.1261]},"properties":{"s":96.7,"pub":true}},{"type":"Feature","geometry":{"type":"Point","coordinates":[-104.9891,37.1319]},"properties":{"s":96.7,"pub":true}},{"type":"Feature","geometry":{"type":"Point","coordinates":[-104.9891,37.1377]},"properties":{"s":96.7,"pub":true}},{"type":"Feature","geometry":{"type":"Point","coordinates":[-104.9891,37.1435]},"properties":{"s":96.7,"pub":true}},{"type":"Feature","geometry":{"type":"Point","coordinates":[-104.9816,36.9985]},"properties":{"s":96.7,"pub":false}},{"type":"Feature","geometry":{"type":"Point","coordinates":[-104.9816,37.0043]},"properties":{"s":96.7,"pub":false}},{"type":"Feature","geometry":{"type":"Point","coordinates":[-104.9816,37.0101]},"properties":{"s":96.7,"pub":false}},{"type":"Feature","geometry":{"type":"Point","coordinates":[-104.9816,37.0159]},"properties":{"s":100.0,"pub":false}},{"type":"Feature","geometry":{"type":"Point","coordinates":[-104.9816,37.0217]},"properties":{"s":96.7,"pub":false}},{"type":"Feature","geometry":{"type":"Point","coordinates":[-104.9816,37.0275]},"properties":{"s":96.7,"pub":false}},{"type":"Feature","geometry":{"type":"Point","coordinates":[-104.9816,37.0333]},"properties":{"s":96.7,"pub":false}},{"type":"Feature","geometry":{"type":"Point","coordinates":[-104.9816,37.0391]},"properties":{"s":96.7,"pub":false}},{"type":"Feature","geometry":{"type":"Point","coordinates":[-104.9816,37.0449]},"properties":{"s":96.7,"pub":false}},{"type":"Feature","geometry":{"type":"Point","coordinates":[-104.9816,37.0507]},"properties":{"s":96.7,"pub":false}},{"type":"Feature","geometry":{"type":"Point","coordinates":[-104.9816,37.0565]},"properties":{"s":96.7,"pub":false}},{"type":"Feature","geometry":{"type":"Point","coordinates":[-104.9816,37.0623]},"properties":{"s":96.7,"pub":false}},{"type":"Feature","geometry":{"type":"Point","coordinates":[-104.9816,37.0681]},"properties":{"s":96.7,"pub":true}},{"type":"Feature","geometry":{"type":"Point","coordinates":[-104.9816,37.0739]},"properties":{"s":96.7,"pub":true}},{"type":"Feature","geometry":{"type":"Point","coordinates":[-104.9816,37.0797]},"properties":{"s":96.7,"pub":true}},{"type":"Feature","geometry":{"type":"Point","coordinates":[-104.9816,37.0855]},"properties":{"s":96.7,"pub":true}},{"type":"Feature","geometry":{"type":"Point","coordinates":[-104.9816,37.0913]},"properties":{"s":96.7,"pub":true}},{"type":"Feature","geometry":{"type":"Point","coordinates":[-104.9816,37.0971]},"properties":{"s":96.7,"pub":true}},{"type":"Feature","geometry":{"type":"Point","coordinates":[-104.9816,37.1029]},"properties":{"s":96.7,"pub":true}},{"type":"Feature","geometry":{"type":"Point","coordinates":[-104.9816,37.1087]},"properties":{"s":96.7,"pub":true}},{"type":"Feature","geometry":{"type":"Point","coordinates":[-104.9816,37.1145]},"properties":{"s":96.7,"pub":true}},{"type":"Feature","geometry":{"type":"Point","coordinates":[-104.9816,37.1203]},"properties":{"s":96.7,"pub":true}},{"type":"Feature","geometry":{"type":"Point","coordinates":[-104.9816,37.1261]},"properties":{"s":96.7,"pub":true}},{"type":"Feature","geometry":{"type":"Point","coordinates":[-104.9816,37.1319]},"properties":{"s":96.7,"pub":true}},{"type":"Feature","geometry":{"type":"Point","coordinates":[-104.9816,37.1377]},"properties":{"s":96.7,"pub":true}},{"type":"Feature","geometry":{"type":"Point","coordinates":[-104.9816,37.1435]},"properties":{"s":96.7,"pub":true}},{"type":"Feature","geometry":{"type":"Point","coordinates":[-104.9741,36.9985]},"properties":{"s":96.7,"pub":false}},{"type":"Feature","geometry":{"type":"Point","coordinates":[-104.9741,37.0043]},"properties":{"s":96.7,"pub":false}},{"type":"Feature","geometry":{"type":"Point","coordinates":[-104.9741,37.0101]},"properties":{"s":96.7,"pub":false}},{"type":"Feature","geometry":{"type":"Point","coordinates":[-104.9741,37.0159]},"properties":{"s":100.0,"pub":false}},{"type":"Feature","geometry":{"type":"Point","coordinates":[-104.9741,37.0217]},"properties":{"s":96.7,"pub":false}},{"type":"Feature","geometry":{"type":"Point","coordinates":[-104.9741,37.0275]},"properties":{"s":96.7,"pub":false}},{"type":"Feature","geometry":{"type":"Point","coordinates":[-104.9741,37.0333]},"properties":{"s":96.7,"pub":false}},{"type":"Feature","geometry":{"type":"Point","coordinates":[-104.9741,37.0391]},"properties":{"s":96.7,"pub":false}},{"type":"Feature","geometry":{"type":"Point","coordinates":[-104.9741,37.0449]},"properties":{"s":96.7,"pub":false}},{"type":"Feature","geometry":{"type":"Point","coordinates":[-104.9741,37.0507]},"properties":{"s":96.7,"pub":false}},{"type":"Feature","geometry":{"type":"Point","coordinates":[-104.9741,37.0565]},"properties":{"s":96.7,"pub":false}},{"type":"Feature","geometry":{"type":"Point","coordinates":[-104.9741,37.0623]},"properties":{"s":96.7,"pub":true}},{"type":"Feature","geometry":{"type":"Point","coordinates":[-104.9741,37.0681]},"properties":{"s":96.7,"pub":true}},{"type":"Feature","geometry":{"type":"Point","coordinates":[-104.9741,37.0739]},"properties":{"s":96.7,"pub":true}},{"type":"Feature","geometry":{"type":"Point","coordinates":[-104.9741,37.0797]},"properties":{"s":96.7,"pub":true}},{"type":"Feature","geometry":{"type":"Point","coordinates":[-104.9741,37.0855]},"properties":{"s":96.7,"pub":true}},{"type":"Feature","geometry":{"type":"Point","coordinates":[-104.9741,37.0913]},"properties":{"s":96.7,"pub":true}},{"type":"Feature","geometry":{"type":"Point","coordinates":[-104.9741,37.0971]},"properties":{"s":96.7,"pub":true}},{"type":"Feature","geometry":{"type":"Point","coordinates":[-104.9741,37.1029]},"properties":{"s":96.7,"pub":true}},{"type":"Feature","geometry":{"type":"Point","coordinates":[-104.9741,37.1087]},"properties":{"s":96.7,"pub":true}},{"type":"Feature","geometry":{"type":"Point","coordinates":[-104.9741,37.1145]},"properties":{"s":96.7,"pub":true}},{"type":"Feature","geometry":{"type":"Point","coordinates":[-104.9741,37.1203]},"properties":{"s":96.7,"pub":true}},{"type":"Feature","geometry":{"type":"Point","coordinates":[-104.9741,37.1261]},"properties":{"s":96.7,"pub":true}},{"type":"Feature","geometry":{"type":"Point","coordinates":[-104.9741,37.1319]},"properties":{"s":96.7,"pub":true}},{"type":"Feature","geometry":{"type":"Point","coordinates":[-104.9741,37.1377]},"properties":{"s":96.7,"pub":true}},{"type":"Feature","geometry":{"type":"Point","coordinates":[-104.9741,37.1435]},"properties":{"s":96.7,"pub":true}},{"type":"Feature","geometry":{"type":"Point","coordinates":[-104.9666,36.9985]},"properties":{"s":96.7,"pub":false}},{"type":"Feature","geometry":{"type":"Point","coordinates":[-104.9666,37.0043]},"properties":{"s":96.7,"pub":false}},{"type":"Feature","geometry":{"type":"Point","coordinates":[-104.9666,37.0101]},"properties":{"s":96.7,"pub":false}},{"type":"Feature","geometry":{"type":"Point","coordinates":[-104.9666,37.0159]},"properties":{"s":96.7,"pub":false}},{"type":"Feature","geometry":{"type":"Point","coordinates":[-104.9666,37.0217]},"properties":{"s":96.7,"pub":false}},{"type":"Feature","geometry":{"type":"Point","coordinates":[-104.9666,37.0275]},"properties":{"s":96.7,"pub":false}},{"type":"Feature","geometry":{"type":"Point","coordinates":[-104.9666,37.0333]},"properties":{"s":96.7,"pub":false}},{"type":"Feature","geometry":{"type":"Point","coordinates":[-104.9666,37.0391]},"properties":{"s":96.7,"pub":false}},{"type":"Feature","geometry":{"type":"Point","coordinates":[-104.9666,37.0449]},"properties":{"s":96.7,"pub":true}},{"type":"Feature","geometry":{"type":"Point","coordinates":[-104.9666,37.0507]},"properties":{"s":96.7,"pub":true}},{"type":"Feature","geometry":{"type":"Point","coordinates":[-104.9666,37.0565]},"properties":{"s":96.7,"pub":true}},{"type":"Feature","geometry":{"type":"Point","coordinates":[-104.9666,37.0623]},"properties":{"s":96.7,"pub":true}},{"type":"Feature","geometry":{"type":"Point","coordinates":[-104.9666,37.0681]},"properties":{"s":96.7,"pub":true}},{"type":"Feature","geometry":{"type":"Point","coordinates":[-104.9666,37.0739]},"properties":{"s":96.7,"pub":true}},{"type":"Feature","geometry":{"type":"Point","coordinates":[-104.9666,37.0797]},"properties":{"s":96.7,"pub":true}},{"type":"Feature","geometry":{"type":"Point","coordinates":[-104.9666,37.0855]},"properties":{"s":96.7,"pub":true}},{"type":"Feature","geometry":{"type":"Point","coordinates":[-104.9666,37.0913]},"properties":{"s":96.7,"pub":true}},{"type":"Feature","geometry":{"type":"Point","coordinates":[-104.9666,37.0971]},"properties":{"s":96.7,"pub":true}},{"type":"Feature","geometry":{"type":"Point","coordinates":[-104.9666,37.1029]},"properties":{"s":96.7,"pub":true}},{"type":"Feature","geometry":{"type":"Point","coordinates":[-104.9666,37.1087]},"properties":{"s":96.7,"pub":true}},{"type":"Feature","geometry":{"type":"Point","coordinates":[-104.9666,37.1145]},"properties":{"s":96.7,"pub":true}},{"type":"Feature","geometry":{"type":"Point","coordinates":[-104.9666,37.1203]},"properties":{"s":96.7,"pub":true}},{"type":"Feature","geometry":{"type":"Point","coordinates":[-104.9666,37.1261]},"properties":{"s":96.7,"pub":true}},{"type":"Feature","geometry":{"type":"Point","coordinates":[-104.9666,37.1319]},"properties":{"s":96.7,"pub":true}},{"type":"Feature","geometry":{"type":"Point","coordinates":[-104.9666,37.1377]},"properties":{"s":96.7,"pub":true}},{"type":"Feature","geometry":{"type":"Point","coordinates":[-104.9666,37.1435]},"properties":{"s":96.7,"pub":true}},{"type":"Feature","geometry":{"type":"Point","coordinates":[-104.9666,37.1493]},"properties":{"s":96.7,"pub":true}},{"type":"Feature","geometry":{"type":"Point","coordinates":[-104.9591,36.9985]},"properties":{"s":96.7,"pub":false}},{"type":"Feature","geometry":{"type":"Point","coordinates":[-104.9591,37.0043]},"properties":{"s":96.7,"pub":false}},{"type":"Feature","geometry":{"type":"Point","coordinates":[-104.9591,37.0101]},"properties":{"s":96.7,"pub":false}},{"type":"Feature","geometry":{"type":"Point","coordinates":[-104.9591,37.0159]},"properties":{"s":96.7,"pub":false}},{"type":"Feature","geometry":{"type":"Point","coordinates":[-104.9591,37.0217]},"properties":{"s":96.7,"pub":false}},{"type":"Feature","geometry":{"type":"Point","coordinates":[-104.9591,37.0275]},"properties":{"s":96.7,"pub":false}},{"type":"Feature","geometry":{"type":"Point","coordinates":[-104.9591,37.0333]},"properties":{"s":96.7,"pub":false}},{"type":"Feature","geometry":{"type":"Point","coordinates":[-104.9591,37.0391]},"properties":{"s":96.7,"pub":false}},{"type":"Feature","geometry":{"type":"Point","coordinates":[-104.9591,37.0449]},"properties":{"s":96.7,"pub":true}},{"type":"Feature","geometry":{"type":"Point","coordinates":[-104.9591,37.0507]},"properties":{"s":96.7,"pub":true}},{"type":"Feature","geometry":{"type":"Point","coordinates":[-104.9591,37.0565]},"properties":{"s":96.7,"pub":true}},{"type":"Feature","geometry":{"type":"Point","coordinates":[-104.9591,37.0623]},"properties":{"s":96.7,"pub":true}},{"type":"Feature","geometry":{"type":"Point","coordinates":[-104.9591,37.0681]},"properties":{"s":96.7,"pub":true}},{"type":"Feature","geometry":{"type":"Point","coordinates":[-104.9591,37.0739]},"properties":{"s":96.7,"pub":true}},{"type":"Feature","geometry":{"type":"Point","coordinates":[-104.9591,37.0797]},"properties":{"s":96.7,"pub":true}},{"type":"Feature","geometry":{"type":"Point","coordinates":[-104.9591,37.0855]},"properties":{"s":96.7,"pub":true}},{"type":"Feature","geometry":{"type":"Point","coordinates":[-104.9591,37.0913]},"properties":{"s":96.7,"pub":true}},{"type":"Feature","geometry":{"type":"Point","coordinates":[-104.9591,37.0971]},"properties":{"s":96.7,"pub":true}},{"type":"Feature","geometry":{"type":"Point","coordinates":[-104.9591,37.1029]},"properties":{"s":96.7,"pub":true}},{"type":"Feature","geometry":{"type":"Point","coordinates":[-104.9591,37.1087]},"properties":{"s":96.7,"pub":true}},{"type":"Feature","geometry":{"type":"Point","coordinates":[-104.9591,37.1145]},"properties":{"s":96.7,"pub":true}},{"type":"Feature","geometry":{"type":"Point","coordinates":[-104.9591,37.1203]},"properties":{"s":96.7,"pub":true}},{"type":"Feature","geometry":{"type":"Point","coordinates":[-104.9591,37.1261]},"properties":{"s":96.7,"pub":true}},{"type":"Feature","geometry":{"type":"Point","coordinates":[-104.9591,37.1319]},"properties":{"s":96.7,"pub":true}},{"type":"Feature","geometry":{"type":"Point","coordinates":[-104.9591,37.1377]},"properties":{"s":96.7,"pub":true}},{"type":"Feature","geometry":{"type":"Point","coordinates":[-104.9591,37.1435]},"properties":{"s":96.7,"pub":true}},{"type":"Feature","geometry":{"type":"Point","coordinates":[-104.9516,36.9985]},"properties":{"s":96.7,"pub":false}},{"type":"Feature","geometry":{"type":"Point","coordinates":[-104.9516,37.0043]},"properties":{"s":96.7,"pub":false}},{"type":"Feature","geometry":{"type":"Point","coordinates":[-104.9516,37.0101]},"properties":{"s":96.7,"pub":false}},{"type":"Feature","geometry":{"type":"Point","coordinates":[-104.9516,37.0159]},"properties":{"s":96.7,"pub":false}},{"type":"Feature","geometry":{"type":"Point","coordinates":[-104.9516,37.0217]},"properties":{"s":96.7,"pub":false}},{"type":"Feature","geometry":{"type":"Point","coordinates":[-104.9516,37.0275]},"properties":{"s":96.7,"pub":false}},{"type":"Feature","geometry":{"type":"Point","coordinates":[-104.9516,37.0333]},"properties":{"s":96.7,"pub":false}},{"type":"Feature","geometry":{"type":"Point","coordinates":[-104.9516,37.0391]},"properties":{"s":96.7,"pub":false}},{"type":"Feature","geometry":{"type":"Point","coordinates":[-104.9516,37.0449]},"properties":{"s":96.7,"pub":true}},{"type":"Feature","geometry":{"type":"Point","coordinates":[-104.9516,37.0507]},"properties":{"s":96.7,"pub":true}},{"type":"Feature","geometry":{"type":"Point","coordinates":[-104.9516,37.0565]},"properties":{"s":96.7,"pub":true}},{"type":"Feature","geometry":{"type":"Point","coordinates":[-104.9516,37.0623]},"properties":{"s":96.7,"pub":true}},{"type":"Feature","geometry":{"type":"Point","coordinates":[-104.9516,37.0681]},"properties":{"s":96.7,"pub":true}},{"type":"Feature","geometry":{"type":"Point","coordinates":[-104.9516,37.0739]},"properties":{"s":96.7,"pub":true}},{"type":"Feature","geometry":{"type":"Point","coordinates":[-104.9516,37.0797]},"properties":{"s":96.7,"pub":true}},{"type":"Feature","geometry":{"type":"Point","coordinates":[-104.9516,37.0855]},"properties":{"s":96.7,"pub":true}},{"type":"Feature","geometry":{"type":"Point","coordinates":[-104.9516,37.0913]},"properties":{"s":96.7,"pub":true}},{"type":"Feature","geometry":{"type":"Point","coordinates":[-104.9516,37.0971]},"properties":{"s":96.7,"pub":true}},{"type":"Feature","geometry":{"type":"Point","coordinates":[-104.9516,37.1029]},"properties":{"s":96.7,"pub":true}},{"type":"Feature","geometry":{"type":"Point","coordinates":[-104.9516,37.1087]},"properties":{"s":96.7,"pub":true}},{"type":"Feature","geometry":{"type":"Point","coordinates":[-104.9516,37.1145]},"properties":{"s":96.7,"pub":true}},{"type":"Feature","geometry":{"type":"Point","coordinates":[-104.9516,37.1203]},"properties":{"s":96.7,"pub":true}},{"type":"Feature","geometry":{"type":"Point","coordinates":[-104.9516,37.1261]},"properties":{"s":96.7,"pub":true}},{"type":"Feature","geometry":{"type":"Point","coordinates":[-104.9516,37.1319]},"properties":{"s":96.7,"pub":true}},{"type":"Feature","geometry":{"type":"Point","coordinates":[-104.9516,37.1377]},"properties":{"s":96.7,"pub":true}},{"type":"Feature","geometry":{"type":"Point","coordinates":[-104.9441,36.9985]},"properties":{"s":96.7,"pub":false}},{"type":"Feature","geometry":{"type":"Point","coordinates":[-104.9441,37.0043]},"properties":{"s":96.7,"pub":false}},{"type":"Feature","geometry":{"type":"Point","coordinates":[-104.9441,37.0101]},"properties":{"s":96.7,"pub":false}},{"type":"Feature","geometry":{"type":"Point","coordinates":[-104.9441,37.0159]},"properties":{"s":96.7,"pub":false}},{"type":"Feature","geometry":{"type":"Point","coordinates":[-104.9441,37.0217]},"properties":{"s":96.7,"pub":false}},{"type":"Feature","geometry":{"type":"Point","coordinates":[-104.9441,37.0275]},"properties":{"s":96.7,"pub":false}},{"type":"Feature","geometry":{"type":"Point","coordinates":[-104.9441,37.0333]},"properties":{"s":96.7,"pub":false}},{"type":"Feature","geometry":{"type":"Point","coordinates":[-104.9441,37.0391]},"properties":{"s":96.7,"pub":false}},{"type":"Feature","geometry":{"type":"Point","coordinates":[-104.9441,37.0449]},"properties":{"s":96.7,"pub":false}},{"type":"Feature","geometry":{"type":"Point","coordinates":[-104.9441,37.0507]},"properties":{"s":96.7,"pub":true}},{"type":"Feature","geometry":{"type":"Point","coordinates":[-104.9441,37.0565]},"properties":{"s":96.7,"pub":true}},{"type":"Feature","geometry":{"type":"Point","coordinates":[-104.9441,37.0623]},"properties":{"s":96.7,"pub":true}},{"type":"Feature","geometry":{"type":"Point","coordinates":[-104.9441,37.0681]},"properties":{"s":96.7,"pub":true}},{"type":"Feature","geometry":{"type":"Point","coordinates":[-104.9441,37.0739]},"properties":{"s":96.7,"pub":true}},{"type":"Feature","geometry":{"type":"Point","coordinates":[-104.9441,37.0797]},"properties":{"s":96.7,"pub":true}},{"type":"Feature","geometry":{"type":"Point","coordinates":[-104.9441,37.0855]},"properties":{"s":96.7,"pub":true}},{"type":"Feature","geometry":{"type":"Point","coordinates":[-104.9441,37.0913]},"properties":{"s":96.7,"pub":true}},{"type":"Feature","geometry":{"type":"Point","coordinates":[-104.9441,37.0971]},"properties":{"s":96.7,"pub":true}},{"type":"Feature","geometry":{"type":"Point","coordinates":[-104.9441,37.1029]},"properties":{"s":96.7,"pub":true}},{"type":"Feature","geometry":{"type":"Point","coordinates":[-104.9441,37.1087]},"properties":{"s":96.7,"pub":true}},{"type":"Feature","geometry":{"type":"Point","coordinates":[-104.9441,37.1145]},"properties":{"s":96.7,"pub":true}},{"type":"Feature","geometry":{"type":"Point","coordinates":[-104.9441,37.1203]},"properties":{"s":96.7,"pub":true}},{"type":"Feature","geometry":{"type":"Point","coordinates":[-104.9441,37.1261]},"properties":{"s":96.7,"pub":true}},{"type":"Feature","geometry":{"type":"Point","coordinates":[-104.9441,37.1319]},"properties":{"s":96.7,"pub":true}},{"type":"Feature","geometry":{"type":"Point","coordinates":[-104.9366,36.9985]},"properties":{"s":96.7,"pub":false}},{"type":"Feature","geometry":{"type":"Point","coordinates":[-104.9366,37.0043]},"properties":{"s":96.7,"pub":false}},{"type":"Feature","geometry":{"type":"Point","coordinates":[-104.9366,37.0101]},"properties":{"s":96.7,"pub":false}},{"type":"Feature","geometry":{"type":"Point","coordinates":[-104.9366,37.0159]},"properties":{"s":96.7,"pub":false}},{"type":"Feature","geometry":{"type":"Point","coordinates":[-104.9366,37.0217]},"properties":{"s":96.7,"pub":false}},{"type":"Feature","geometry":{"type":"Point","coordinates":[-104.9366,37.0275]},"properties":{"s":96.7,"pub":false}},{"type":"Feature","geometry":{"type":"Point","coordinates":[-104.9366,37.0333]},"properties":{"s":96.7,"pub":false}},{"type":"Feature","geometry":{"type":"Point","coordinates":[-104.9366,37.0391]},"properties":{"s":96.7,"pub":false}},{"type":"Feature","geometry":{"type":"Point","coordinates":[-104.9366,37.0449]},"properties":{"s":96.7,"pub":false}},{"type":"Feature","geometry":{"type":"Point","coordinates":[-104.9366,37.0507]},"properties":{"s":96.7,"pub":false}},{"type":"Feature","geometry":{"type":"Point","coordinates":[-104.9366,37.0565]},"properties":{"s":96.7,"pub":true}},{"type":"Feature","geometry":{"type":"Point","coordinates":[-104.9366,37.0623]},"properties":{"s":96.7,"pub":true}},{"type":"Feature","geometry":{"type":"Point","coordinates":[-104.9366,37.0681]},"properties":{"s":96.7,"pub":true}},{"type":"Feature","geometry":{"type":"Point","coordinates":[-104.9366,37.0739]},"properties":{"s":96.7,"pub":true}},{"type":"Feature","geometry":{"type":"Point","coordinates":[-104.9366,37.0797]},"properties":{"s":96.7,"pub":true}},{"type":"Feature","geometry":{"type":"Point","coordinates":[-104.9366,37.0855]},"properties":{"s":96.7,"pub":true}},{"type":"Feature","geometry":{"type":"Point","coordinates":[-104.9366,37.0913]},"properties":{"s":96.7,"pub":true}},{"type":"Feature","geometry":{"type":"Point","coordinates":[-104.9366,37.0971]},"properties":{"s":96.7,"pub":true}},{"type":"Feature","geometry":{"type":"Point","coordinates":[-104.9366,37.1029]},"properties":{"s":96.7,"pub":true}},{"type":"Feature","geometry":{"type":"Point","coordinates":[-104.9366,37.1087]},"properties":{"s":96.7,"pub":true}},{"type":"Feature","geometry":{"type":"Point","coordinates":[-104.9366,37.1145]},"properties":{"s":96.7,"pub":true}},{"type":"Feature","geometry":{"type":"Point","coordinates":[-104.9366,37.1203]},"properties":{"s":96.7,"pub":true}},{"type":"Feature","geometry":{"type":"Point","coordinates":[-104.9366,37.1261]},"properties":{"s":96.7,"pub":true}},{"type":"Feature","geometry":{"type":"Point","coordinates":[-104.9366,37.1319]},"properties":{"s":96.7,"pub":true}},{"type":"Feature","geometry":{"type":"Point","coordinates":[-104.9291,36.9985]},"properties":{"s":96.7,"pub":false}},{"type":"Feature","geometry":{"type":"Point","coordinates":[-104.9291,37.0043]},"properties":{"s":96.7,"pub":false}},{"type":"Feature","geometry":{"type":"Point","coordinates":[-104.9291,37.0101]},"properties":{"s":96.7,"pub":false}},{"type":"Feature","geometry":{"type":"Point","coordinates":[-104.9291,37.0159]},"properties":{"s":96.7,"pub":false}},{"type":"Feature","geometry":{"type":"Point","coordinates":[-104.9291,37.0217]},"properties":{"s":96.7,"pub":false}},{"type":"Feature","geometry":{"type":"Point","coordinates":[-104.9291,37.0275]},"properties":{"s":96.7,"pub":false}},{"type":"Feature","geometry":{"type":"Point","coordinates":[-104.9291,37.0333]},"properties":{"s":96.7,"pub":false}},{"type":"Feature","geometry":{"type":"Point","coordinates":[-104.9291,37.0391]},"properties":{"s":96.7,"pub":false}},{"type":"Feature","geometry":{"type":"Point","coordinates":[-104.9291,37.0449]},"properties":{"s":96.7,"pub":false}},{"type":"Feature","geometry":{"type":"Point","coordinates":[-104.9291,37.0507]},"properties":{"s":96.7,"pub":false}},{"type":"Feature","geometry":{"type":"Point","coordinates":[-104.9291,37.0565]},"properties":{"s":96.7,"pub":true}},{"type":"Feature","geometry":{"type":"Point","coordinates":[-104.9291,37.0623]},"properties":{"s":96.7,"pub":true}},{"type":"Feature","geometry":{"type":"Point","coordinates":[-104.9291,37.0681]},"properties":{"s":96.7,"pub":true}},{"type":"Feature","geometry":{"type":"Point","coordinates":[-104.9291,37.0739]},"properties":{"s":96.7,"pub":true}},{"type":"Feature","geometry":{"type":"Point","coordinates":[-104.9291,37.0797]},"properties":{"s":96.7,"pub":true}},{"type":"Feature","geometry":{"type":"Point","coordinates":[-104.9291,37.0855]},"properties":{"s":96.7,"pub":true}},{"type":"Feature","geometry":{"type":"Point","coordinates":[-104.9291,37.0913]},"properties":{"s":96.7,"pub":true}},{"type":"Feature","geometry":{"type":"Point","coordinates":[-104.9291,37.0971]},"properties":{"s":96.7,"pub":true}},{"type":"Feature","geometry":{"type":"Point","coordinates":[-104.9291,37.1029]},"properties":{"s":96.7,"pub":true}},{"type":"Feature","geometry":{"type":"Point","coordinates":[-104.9291,37.1087]},"properties":{"s":96.7,"pub":true}},{"type":"Feature","geometry":{"type":"Point","coordinates":[-104.9291,37.1145]},"properties":{"s":96.7,"pub":true}},{"type":"Feature","geometry":{"type":"Point","coordinates":[-104.9291,37.1203]},"properties":{"s":96.7,"pub":true}},{"type":"Feature","geometry":{"type":"Point","coordinates":[-104.9291,37.1261]},"properties":{"s":96.7,"pub":true}},{"type":"Feature","geometry":{"type":"Point","coordinates":[-104.9216,36.9985]},"properties":{"s":96.7,"pub":false}},{"type":"Feature","geometry":{"type":"Point","coordinates":[-104.9216,37.0043]},"properties":{"s":96.7,"pub":false}},{"type":"Feature","geometry":{"type":"Point","coordinates":[-104.9216,37.0101]},"properties":{"s":96.7,"pub":false}}]}